39 42 82 117 3 -0.00722239073 -1.87331676
95 97 109 113 2 -0.013848138 -4.35148954
47 51 67 75 1 -0.0319381766 -3.05274153
85 91 53 65 1 -0.00169164361 -4.08408022
119 123 71 106 0 -0.0133634303 -4.33921385
97 100 0 48 2 -1.13281679 0.137987554
48 48 54 61 3 -0.122113198 0.678211391
76 80 89 96 1 -0.00322865066 -1.75332046
49 54 69 104 1 -0.000898691069 -4.87578392
42 47 65 80 2 -0.00205038278 -4.81423378
70 76 28 32 1 -0.000177973474 -3.25668073
121 123 49 51 2 -0.00434575696 -3.10502338
197 198 49 55 2 -0.287674487 -0.227515057
131 133 101 103 2 -0.00138566759 -3.17336583
12 12 17 25 4 -0.00446439534 -1.59604955
12 17 21 28 0 -0.271429718 -1.25117493
133 137 37 68 4 -0.00100736483 -3.47000456
73 76 52 61 3 -0.000226133081 -2.5774579
68 68 81 116 3 -0.00501045585 -5.69490194
73 73 38 61 4 -0.00448620226 -3.10780215
37 37 109 120 2 -0.0640983731 -3.53154421
35 40 51 82 4 -0.00085855904 -1.1292702
143 143 166 168 3 -0.00443039741 -4.76819277
93 94 57 60 2 -0.00300619309 -3.31615925
155 162 50 81 2 -0.000730438624 -3.0282712
69 73 48 55 1 -0.0027176505 -0.760114551
121 121 56 60 4 -0.00484159635 -2.59293747
43 47 67 98 3 -0.00111596927 -3.49413013
55 59 69 100 3 -0.00308154104 -2.12198901
51 54 63 70 2 -0.00466060918 -3.8543613
47 49 53 60 1 -0.0704398602 -1.91870594
40 43 75 83 1 -0.187302515 -4.2174902
40 44 48 55 2 -0.0951865166 -0.32089895
97 97 34 69 2 -0.0105206389 -4.50037146
36 45 86 121 0 -0.0010472599 -5.71596146
99 100 108 113 2 -0.00128448731 -3.67121887
61 65 73 108 3 -0.000499688438 -4.68348169
95 99 56 63 0 -0.000451497617 -3.3725462
68 68 82 89 3 -0.00122750504 -2.76133585
37 37 55 62 3 -0.0135069275 -4.07899904
56 56 73 108 3 -0.0108882543 -4.20912647
45 45 57 65 2 -0.00261366204 -2.50332499
159 162 60 95 2 -0.00163575052 -3.25054765
52 55 73 96 2 -0.000456529786 -3.4943099
94 94 37 72 3 -0.00121307105 -4.66464281
97 101 80 87 0 -0.000457244343 -3.61169052
98 98 43 47 3 -0.00104760635 -3.40698147
97 97 127 135 3 -0.000481616094 -4.20639753
151 151 94 117 3 -0.00500633894 -2.13874269
32 32 45 76 3 -0.000909723691 -3.44784951
5 5 8 43 3 -0.0123928105 -1.25730765
151 152 60 91 3 -0.00277307583 -4.77077436
83 84 55 56 2 -0.000400975812 -3.9844718
126 127 60 75 3 -0.00539925974 -1.70268631
30 30 34 41 2 -0.201412752 1.27968407
94 94 105 128 3 -0.00221376331 -2.4896102
127 130 86 101 2 -0.000636102108 -4.57192516
70 72 109 113 2 -0.00055654021 -2.85664487
35 39 92 127 2 -0.537019372 0.325239778
150 152 92 107 2 -0.0257459097 -0.563159108
114 117 62 68 2 -0.000660309161 -4.38862085
70 74 86 121 1 -6.3776446e-05 -4.87592411
54 54 74 109 3 -0.0263615716 -5.86833048
189 189 107 142 3 -0.0616927184 -3.60677624
76 80 21 36 1 -0.000529166136 -3.04969597
113 114 86 94 2 -0.00175808265 -3.24360061
154 154 60 95 3 -0.000132315792 -4.49065065
64 64 77 88 3 -0.0063043423 -2.36049008
75 79 45 60 1 -0.0665921941 -2.88459182
99 152 57 92 2 -1.19126642 -5.25492764
55 57 72 79 2 -0.000332456839 -4.08733225
17 21 42 45 2 -0.035369996 -3.11198092
15 17 71 82 1 -0.00418287842 -1.93609571
25 27 39 43 2 -0.00630646199 -4.00597525
99 103 118 120 2 -0.00080821861 -2.00102305
120 123 89 104 2 -0.000425319711 -4.74543095
0 0 0 0 3 -0.166341215 5.48439026
0 0 0 0 3 -0.0111696925 5.54562044
0 0 0 0 3 -0.10136959 3.80417275
0 0 0 0 3 -0.000184287943 5.2744379
0 0 0 0 2 -0.661848962 3.56637979
0 0 0 0 3 -0.00408423739 4.0274334
0 0 0 0 2 -0.00955128111 5.9056325
0 0 0 0 4 -0.479959816 7.10541391
0 0 0 0 3 -0.140759647 4.23260498
0 0 0 0 1 -1.00466573 8.04230404
0 0 0 0 1 -0.337064028 2.69611549
0 0 0 0 1 -0.600259781 3.81631017
0 0 0 0 2 -0.109613866 5.33834696
0 0 0 0 0 -0.306879014 6.52999878
0 0 0 0 3 -0.455840468 6.69566917
0 0 0 0 3 -0.0172970202 2.25600266
0 0 0 0 2 -0.0376309715 5.98553801
0 0 0 0 2 -0.0388898551 3.16861367
110 115 128 131 2 -0.0109641179 -0.398919225
61 64 148 154 1 -0.000356297533 -3.44941425
53 59 81 86 0 -0.0276202802 -2.16484308
0 0 0 0 1 -0.951452136 5.5502491
111 116 131 166 1 -0.000652323593 -1.82978249
49 53 108 143 3 -0.00175340183 -3.31181884
51 58 66 68 1 -0.00330552948 -2.26806211
146 150 96 131 1 -0.000911958225 -0.335681319
71 74 90 113 2 -0.181188554 -4.35611248
87 89 59 68 3 -0.000568704971 -3.42646003
122 125 136 141 0 -0.0174337216 -2.66391277
0 0 0 0 3 -0.63965708 3.46598673
51 55 89 124 2 -0.000342463376 -4.28205585
35 42 52 54 0 -0.0152703971 -1.8725183
81 86 148 163 0 -0.000134464892 -5.59085178
47 51 65 96 3 -0.232475132 -3.08245373
123 123 52 63 3 -0.687915266 -2.52911735
164 169 27 50 1 -0.0242944881 -1.77460194
118 119 61 76 3 -0.00240572612 -2.82156444
79 87 223 226 0 -0.513624609 -2.29455709
56 63 71 74 1 -0.000169866733 -4.37143421
48 51 90 101 3 -0.00308657135 -2.15710306
46 50 60 63 4 -0.101592533 -3.84207368
55 60 82 117 1 -0.0150293 -3.66234279
59 63 135 170 1 -0.0214145035 -0.0356636941
64 68 122 157 4 -0.0107876062 -2.75117493
36 40 91 97 4 -0.678795457 -1.78025317
47 47 59 66 4 -0.0150676165 -3.0785079
106 109 46 53 4 -0.00111355097 -6.88828993
0 0 0 0 1 -0.132639155 3.25446081
0 118 156 191 1 -0.780082166 2.9217155
13 19 62 97 1 -0.0450860448 -2.7151947
129 137 64 99 0 -0.0379050933 -1.86323309
0 0 0 0 1 -1.03007388 7.50488853
0 0 0 0 3 -0.308859766 7.0170083
195 199 63 94 2 -0.00493007293 -2.51013017
103 107 46 53 1 -0.00384563208 -0.929085255
144 146 53 88 1 -0.00209304877 -1.70056772
30 34 88 89 0 -0.0101629552 -2.56434393
143 151 126 129 0 -0.00048931106 -1.37811995
44 47 0 56 2 -1.21093047 4.42221832
102 102 58 66 2 -0.459166914 -0.427108169
154 159 175 178 2 -0.0321006775 -1.278844
88 95 30 32 0 -0.0388612673 -0.23145923
152 156 102 137 3 -0.00274727563 -2.83776236
0 0 0 0 3 -0.0136667816 3.1025672
75 76 94 99 2 -0.00193091703 -2.00715613
91 97 82 85 1 -0.00204571104 -3.34487033
0 130 74 81 1 -1.83807766 1.70640206
10 11 21 24 2 -0.0752827078 0.0769534707
82 83 97 102 2 -0.00167765573 -3.38471842
43 53 72 78 1 -0.002235675 -1.67358136
39 41 81 83 1 -0.0068317554 -3.3656311
135 135 114 116 2 -0.000821844791 -4.8654623
54 57 100 104 2 -0.00210973946 -2.34191108
0 0 0 0 3 -0.00727441395 4.29437113
38 45 67 76 3 -0.00280314847 -2.89202261
142 146 27 62 3 -6.38956917e-05 -5.97034931
81 90 39 74 1 -0.00219393126 -3.73660374
122 126 144 179 2 -1.79205096 1.40388227
36 38 91 98 2 -0.0691367686 -1.59685946
53 61 71 73 0 -0.00159534451 -2.19482136
42 42 55 62 3 -0.00194979459 -4.48506212
147 151 43 78 3 -0.00592972431 -2.52869797
45 49 66 101 3 -0.000284654787 -4.0868125
108 108 30 38 2 -0.000366307882 -4.88917112
153 153 48 83 2 -0.00365507253 -1.07016969
0 64 0 0 4 -1.73026371 0.99314636
95 99 71 82 3 -0.0886809155 -0.868783534
48 56 77 80 3 -0.217259556 -0.814123273
94 98 111 134 4 -0.00141974306 -1.89480209
125 128 80 91 1 -0.42885986 -1.40489912
57 57 105 140 4 -0.000263549096 -4.98787928
0 0 0 0 2 -0.530126095 2.97686958
72 72 51 57 4 -0.0132672368 -0.189519987
86 86 107 109 4 -0.0109772068 0.18801254
116 118 66 101 3 -0.00373654044 -4.13008118
49 51 111 117 2 -0.0354656726 -1.04697466
71 74 35 43 2 -0.0102773365 -3.55701447
40 40 57 64 3 -0.00696789753 -3.8131988
118 118 171 182 0 -0.694993258 0.0921258926
71 79 45 49 0 -0.00173666142 -4.8982749
95 95 0 108 3 -0.260997891 -0.290323675
117 121 39 74 3 -0.000300501473 -2.8191731
123 128 56 59 1 -0.00161230832 -1.8551383
27 30 44 55 1 -0.0166410394 -1.70139241
191 199 168 173 0 -0.0141456183 -6.95703554
225 225 89 98 0 -0.949638247 -1.7525053
118 119 98 100 2 -0.00119485019 -4.28873253
76 80 26 57 4 -0.627103567 -0.690054834
41 47 54 89 1 -0.0239050575 -2.65563893
0 0 0 0 2 -0.766820014 7.5468812
0 0 0 0 3 -0.988364339 6.70318842
48 52 63 98 2 -0.000157471557 -4.21335268
41 45 75 80 3 -0.000875182217 -3.8055222
50 55 61 68 3 -0.0629481077 -1.40922427
0 0 0 0 2 -0.475718737 4.10088587
55 62 97 120 0 -0.121356457 -1.39586878
30 138 81 116 3 -0.890720487 -3.19046187
115 120 83 89 4 -0.000642215484 -2.94945645
0 0 0 0 2 -0.00672140997 4.27775335
0 0 0 0 1 -0.555117786 3.22349524
120 125 142 146 2 -0.06574855 -0.191716805
133 133 198 203 2 -0.000198478112 -2.45733929
51 53 77 85 2 -0.0241749622 -1.66562605
152 156 65 100 3 -0.00362877781 -2.84712863
107 107 57 64 3 -0.00023733433 -5.97510195
158 160 176 211 2 -0.716317356 -0.852484822
0 0 0 0 2 -0.37530899 4.20041466
73 73 88 91 4 -0.129077703 -0.329660803
102 107 53 88 1 -0.0907050446 -0.0916821659
65 65 53 56 3 -0.00345223304 -2.22661901
33 36 41 47 4 -0.063558504 -0.553348601
111 115 128 159 3 -0.0050935545 -2.6705277
29 35 65 88 2 -0.00866702944 -2.77738404
46 51 22 29 1 -0.000155564994 -3.55757189
0 0 0 0 3 -0.409122169 6.70446157
117 120 129 135 4 -0.00198825309 -2.65985084
107 108 67 102 0 -0.651007175 -3.45789647
130 135 68 103 3 -0.0124662062 -1.52513504
0 0 0 0 0 -0.0428018197 5.42725658
101 107 65 69 2 -0.00047461869 -3.53565359
0 0 0 0 1 -0.0784005374 5.14910507
103 105 38 69 3 -0.00360357645 -4.19978666
28 32 37 49 2 -0.039714016 -4.0144453
67 68 145 180 2 -0.088807866 -2.36362886
0 0 0 0 2 -0.0919643715 6.50872087
69 73 88 111 3 -0.000404316466 -4.89740944
118 123 155 190 1 -0.910116434 -0.669041872
129 135 112 117 1 -0.00165002444 -2.28658247
82 84 42 44 4 -0.00398254022 -1.77933097
48 52 74 109 2 -0.000525867683 -3.59686947
41 48 59 65 2 -1.02364516 0.194733381
161 163 181 216 2 -0.019485591 -2.73273253
0 0 0 0 2 -0.417684853 5.7723484
89 95 52 55 0 -1.00585699 -0.105493695
92 94 43 78 2 -0.000328135793 -5.80449486
0 0 0 0 3 -0.0217108242 5.1910367
63 66 80 111 1 -0.194275558 -0.302429259
61 64 84 119 4 -0.00265506539 -1.50679016
70 75 43 51 1 -0.00103942002 -4.8017354
63 69 109 144 4 -0.00426559011 -1.12296677
79 81 48 55 1 -0.0456303619 -3.473176
47 49 121 125 2 -5.50742188e-05 -3.67056918
102 103 112 118 4 -0.00231812056 -1.09688473
100 102 121 125 2 -0.291723251 -0.278241098
47 53 100 102 0 -0.00945531297 -2.85832405
130 132 67 90 2 -0.00247467519 -2.72342443
108 111 129 160 2 -0.0133889029 -3.8219378
81 88 97 132 2 -0.0515393615 -0.171356618
110 116 93 98 3 -0.189035311 -2.73056507
177 179 38 46 2 -0.00685569784 -1.77071953
95 98 71 76 0 -0.0262979083 1.7859683
21 26 52 59 4 -0.768482208 -0.778937817
100 102 117 148 2 -0.80123502 1.43830872
0 0 0 0 2 -0.712745249 6.15133667
51 52 68 70 4 -0.00372492848 -0.928617895
0 0 0 0 3 -0.000755464949 5.59520102
50 51 70 78 2 -0.00507062394 -5.30275249
0 0 0 0 2 -0.0221945569 6.43564224
0 0 0 0 2 -0.00941860769 3.06310749
0 0 0 0 3 -0.636973441 6.44139242
82 84 52 61 2 -0.00238822959 -3.23225904
50 54 109 144 3 -0.060616184 -5.70456362
123 126 143 149 2 -0.394378811 0.947857797
0 0 0 0 4 -1.04203022 7.82882071
98 104 66 72 0 -0.00142902788 -2.08261466
50 53 63 70 1 -0.265344381 -3.63144803
147 151 164 167 4 -0.0524530485 1.23624086
62 62 135 166 2 -0.297462791 0.541160941
42 46 50 57 2 -0.0575347655 -2.33641195
59 66 44 49 0 -0.00617199764 -3.31713605
161 164 56 64 2 -0.00461789919 -1.22642517
73 81 21 56 2 -0.00443860609 -4.38337374
131 137 106 117 2 -0.00299991854 -4.27572107
59 62 82 86 0 -0.0531690866 -2.49739027
57 58 45 51 2 -0.00102756463 -5.78390408
8 12 18 53 4 -0.0501490161 -0.361702114
41 41 50 85 3 -0.486230433 -0.474238545
100 102 163 198 2 -0.00801481213 -1.02119505
0 0 0 0 2 -0.039311219 3.30606651
68 72 181 185 2 -0.00485036522 -3.59521103
68 72 87 91 1 -0.0445164107 -3.01123118
55 55 106 110 3 -0.106675677 -1.7112844
90 91 0 0 2 -0.321066946 0.369095981
134 138 76 111 2 -0.00844748877 -3.74308753
200 201 167 175 2 -0.0348624364 -4.72900963
29 34 42 77 2 -0.00137753133 -3.02687621
0 0 0 0 2 -0.469895244 4.34118986
69 73 45 49 4 -0.0195485819 -1.05785215
104 105 116 151 2 -0.00187044952 -2.93161869
90 97 114 163 3 -0.0141188893 -0.492724031
0 0 0 0 1 -0.0044027986 4.54075575
53 53 116 127 3 -0.00388274342 -2.13989449
12 18 30 33 2 -0.58308506 1.90817547
56 61 95 96 2 -0.0144056315 -2.3293395
11 15 28 33 3 -0.21938166 1.28344035
155 163 107 112 3 -0.000555770879 -5.59489679
95 98 0 98 3 -1.28028393 1.68221402
232 234 203 210 2 -0.286620498 -2.44402862
65 66 135 136 3 -0.026241377 -3.80089974
106 113 95 101 0 -0.000255693652 -3.98931241
0 0 0 0 4 -0.201406553 4.49246025
75 75 49 64 3 -0.00147149339 -3.74932122
59 63 80 85 3 -0.0285578854 -1.63756299
146 150 208 215 3 -0.0392215103 -4.52703333
42 46 64 99 1 -0.00894271582 -2.18525767
0 0 0 0 1 -0.0286005065 5.7673564
166 166 84 99 3 -0.0097784847 0.31272912
56 61 74 109 0 -0.0267952215 -3.7738905
52 52 144 152 4 -0.00244973809 -3.17329168
130 135 107 115 2 -0.00456079561 -0.901137531
108 113 133 168 1 -0.000507304328 -1.96861291
107 111 127 130 4 -0.0690369084 -1.66692877
45 49 61 65 4 -0.000793590385 -1.08010614
0 0 0 0 2 -0.0891335756 7.3100276
0 0 0 0 3 -0.347070336 2.58513927
0 0 0 0 4 -0.919656277 7.40957832
141 34 54 89 1 -0.603769064 -2.29004049
89 91 34 57 2 -0.109847002 -2.34034801
58 60 72 77 2 -0.000112412083 -3.77562904
117 118 98 100 2 -0.00036343484 -4.18236828
15 18 34 42 2 -0.00949973427 -2.73193669
51 51 86 121 2 -0.139808282 -4.55611658
0 0 0 0 1 -0.370221883 2.87903905
112 118 48 55 1 -0.0020555621 -3.92191076
127 130 138 141 2 -0.00128882634 -4.91967297
143 147 74 97 2 -0.000306110218 -2.77459145
71 71 110 145 3 -0.000150796492 -4.39500999
73 77 84 88 0 -0.00155359926 -1.41577578
156 158 60 65 2 -0.00348732946 -4.81955385
0 0 0 0 3 -0.934323132 7.83491659
133 141 54 60 1 -0.0191224813 -4.40331078
130 130 47 55 4 -9.42922852e-05 -4.60916805
129 132 108 111 2 -0.00019263626 -4.20073223
86 93 108 114 2 -0.0141453464 -1.33330715
0 0 0 0 3 -1.11726773 7.41440964
0 0 0 0 2 -0.939157546 -1.23126411
52 54 112 116 2 -0.16987662 -0.946899176
89 90 13 48 2 -0.00127426814 -2.36907148
122 124 74 105 1 -0.703105688 -1.11064982
0 0 0 0 2 -0.861381352 7.27973127
50 53 59 94 4 -0.000484536286 -2.09474325
0 0 0 0 1 -1.02247322 6.95839119
53 107 53 58 2 -0.517854214 -5.7741704
0 0 0 0 0 -0.024053039 4.33977461
0 0 0 0 1 -0.836675823 7.75153971
139 144 162 197 1 -0.256117195 -1.50155902
142 148 56 67 2 -0.00314040529 -4.27266788
117 119 72 76 2 -0.000466980331 -3.11832833
29 33 159 164 2 -0.0245741718 1.43168998
107 110 50 58 2 -0.0625838488 -0.761874616
0 0 0 0 2 -0.133562505 6.15090132
88 93 56 61 0 -0.00112397573 -3.23335385
0 35 60 63 4 -0.926061273 1.34445786
226 227 45 68 2 -0.0961070657 -4.41396236
30 30 43 78 2 -0.000134345741 -4.51822233
54 54 159 163 2 -0.0231303237 0.10018146
0 0 0 0 2 -0.631214976 7.39505148
93 96 33 68 0 -0.000378449156 -3.92777753
119 122 79 87 3 -0.000136371717 -5.2156477
41 41 53 58 3 -0.00139327557 -1.82831836
193 194 139 146 2 -0.012629644 -2.50467992
129 133 38 46 3 -0.00131051033 -3.15548229
174 177 95 101 2 -0.000403019978 -3.83538461
106 110 47 53 1 -0.00219339179 -2.84040451
108 112 84 86 3 -0.00638432708 -0.925746977
55 58 71 74 2 -0.460165113 -1.0817287
95 95 52 58 2 -0.276775628 -1.62897301
104 108 125 132 2 -0.0899859071 -3.04054356
67 67 86 93 4 -0.000122781465 -1.26558173
98 98 109 111 3 -0.717402339 2.46106195
56 61 112 147 0 -0.0113304416 -2.72712541
150 154 47 82 1 -0.0231684428 -4.02675676
197 199 172 175 2 -0.0252135508 -4.89273691
0 0 0 0 2 -0.0524965897 2.7939496
39 42 98 133 2 -0.61948663 -4.79733992
109 112 66 97 1 -0.0762211308 0.505637646
172 177 50 85 4 -0.189746425 -1.80836082
130 131 54 89 2 -0.00782412663 0.161588907
0 0 0 0 3 -0.400425106 6.42726612
124 125 96 104 2 -0.127496198 -0.332682312
23 24 83 86 3 -0.0123377116 -4.72577286
67 70 44 51 1 -0.00259718765 -2.2210393
74 77 59 61 0 -0.00133133924 -4.27033138
85 87 177 181 2 -0.00606702315 -4.73354673
103 107 70 81 3 -0.0258081798 -4.28563833
64 70 50 54 0 -0.00148117193 -2.41621518
0 0 0 0 2 -0.207365498 4.24103212
75 82 90 92 0 -0.00357121835 -0.876782954
113 118 196 199 0 -0.0208230112 -4.62773848
0 0 0 0 2 -0.0107365828 5.30208635
118 118 0 0 2 -0.283783525 1.83762956
102 103 110 117 3 -0.0202404037 -0.949326336
93 93 107 113 3 -0.0504827909 -0.140838712
45 51 66 70 1 -0.00356257684 -2.90532851
155 156 56 63 3 -0.0190538559 -4.35409641
52 59 78 85 0 -0.0358892977 -2.65972805
0 0 0 0 3 -0.00262018899 4.38984013
0 0 0 0 2 -0.34637177 3.18763351
0 0 0 0 2 -0.0146412402 5.71080589
117 118 44 79 3 -0.414040476 -3.9514184
68 73 149 158 1 -0.0133917145 -3.92939639
59 63 127 132 2 -0.00958019402 -0.864432216
43 45 102 108 2 -0.0017885688 -1.6555953
78 81 46 53 2 -0.00156415184 -2.49684978
208 183 68 91 2 -0.340599626 -1.01301003
105 109 40 63 3 -0.000126001847 -4.00017977
81 87 100 104 0 -0.351405382 -2.9104805
110 118 127 138 0 -0.0124339024 -0.615339279
0 0 0 0 2 -0.0504890941 4.03283644
52 55 64 95 1 -0.00207321765 -2.13442659
52 57 90 95 0 -0.0130795306 -4.39020443
92 93 107 112 2 -0.0215727948 -2.79541969
75 75 87 122 2 -0.0215159208 -2.5495584
31 39 55 59 0 -0.00125362049 -3.2500515
165 168 72 107 2 -0.000196807319 -6.24077559
162 162 99 122 3 -0.060629949 -2.22792053
97 102 51 86 2 -0.0090588741 -0.576274216
34 34 63 74 3 -0.01435355 -4.41005898
101 105 166 171 2 -0.00400592713 -0.638808727
18 18 28 32 3 -0.0114954691 -2.20110011
121 121 105 109 2 -0.000678503595 -3.30963945
159 167 182 217 3 -0.0013116441 -3.72285104
132 136 71 94 3 -0.000188577993 -2.95095134
84 91 62 67 1 -0.0521131046 -1.63303185
58 61 138 173 2 -0.054471612 -4.01378012
83 87 35 70 4 -0.000707006198 -1.39369798
41 47 57 80 2 -0.00585474633 -2.15619254
0 0 0 0 3 -0.0185799431 7.51544905
177 183 134 157 3 -1.02010226 0.393710077
115 122 30 65 1 -0.00191065832 -4.87256956
0 0 0 0 2 -0.532887816 0.729025781
76 80 99 114 3 -9.48893139e-05 -4.12201071
110 110 0 90 3 -0.475872457 -0.087033838
138 142 39 43 2 -0.000201096162 -3.05284786
154 157 129 144 1 -0.0136511056 0.115065336
207 210 157 161 2 -0.0371545367 -1.80885625
97 99 107 130 1 -0.0392981246 -1.82586336
0 0 0 0 4 -0.00334547739 6.69151545
81 89 51 57 0 -0.00145721517 -2.62208462
86 93 110 116 1 -0.0115815392 0.118684351
155 160 81 116 3 -0.0157226454 -0.658533812
114 116 133 142 2 -0.924955249 -1.81278467
128 137 54 89 0 -0.105025053 -1.92474937
146 150 0 0 2 -1.65486252 2.82051897
0 0 0 0 2 -0.425116301 4.8905797
51 51 126 133 3 -0.0402401388 -3.39935613
41 41 66 68 4 -0.00531730801 -0.34902522
84 90 100 111 1 -0.943823814 -3.3342495
97 0 47 54 2 -0.976798713 -2.27185869
0 0 0 0 2 -0.0783039555 1.69058228
90 90 106 141 2 -0.00327982008 -2.2547524
50 59 88 119 0 -0.00276346272 -2.02318931
93 97 123 131 2 -0.0681401119 -1.98995471
0 0 0 0 2 -0.00344828377 4.68160582
68 71 131 139 3 -0.000467478589 -2.54189253
0 0 41 44 3 -0.127439618 0.173375547
120 121 54 63 3 -0.624652207 -5.67685318
120 120 136 85 3 -0.714033306 -5.51876688
48 140 78 113 3 -0.264101833 0.445850372
0 0 0 0 2 -0.537187696 3.78151202
25 25 36 41 4 -0.0857190043 -1.35253727
63 65 96 102 1 -0.188223094 1.39054418
66 0 83 92 1 -0.324591577 -0.0485582352
136 148 77 112 0 -0.00111524784 -4.03323889
93 93 105 110 3 -0.608450532 -4.25220966
131 131 96 111 2 -0.000770098297 -2.49890685
86 92 105 110 1 -0.00047714496 -4.7879138
61 69 46 50 0 -0.0276713166 -4.47076178
79 84 100 103 0 -0.00647595339 -3.30212045
116 116 85 94 2 -0.000864076137 -4.59101534
0 0 0 0 2 -0.00118845061 6.00127363
52 70 84 95 3 -0.99910152 -1.5890255
15 18 112 135 1 -0.0769448951 -5.25014114
105 111 121 136 2 -0.000416964409 -3.1060164
50 54 60 64 3 -0.00575971091 -1.84148693
128 133 146 157 0 -0.403583705 -0.878791571
0 0 0 0 3 -0.00401922548 4.81302261
143 146 159 164 2 -0.144897178 -1.9729116
182 182 193 228 3 -0.0105188955 -0.111562937
92 97 112 120 4 -0.000749103609 -2.1554358
54 60 73 108 1 -0.00098296022 -1.79874301
67 72 39 54 2 -0.00697126379 -1.87571549
65 71 89 124 2 -0.00641180761 -2.98191953
116 120 138 142 1 -0.00222388445 -0.886317849
106 110 80 83 1 -0.285315722 -0.585184872
51 54 158 162 2 -0.00105010043 -1.53323793
69 72 108 112 3 -0.492287189 1.45200086
151 151 85 92 2 -0.0138536636 -1.18677616
83 89 45 50 1 -0.0331610218 -0.0805578232
74 77 97 132 2 -0.000435787748 -4.55772638
48 49 104 139 3 -0.00662567606 -4.22203732
0 0 0 0 2 -0.374530256 5.57753897
132 132 147 182 4 -0.158619061 1.07600617
73 73 91 106 3 -0.00934514962 -3.30316234
165 169 59 94 3 -0.000759129412 -3.65591836
0 0 0 0 2 -0.926019907 1.9930017
78 81 153 160 4 -0.234384552 -2.86089039
122 126 79 110 2 -0.00180347776 -2.96230865
71 75 95 0 4 -1.73831558 1.27115083
106 110 23 58 3 -0.00260629714 -2.48766541
148 157 60 95 0 -0.00829429273 -5.26680183
108 112 139 174 3 -0.00462631555 -4.5708909
136 142 46 81 3 -0.54723525 -0.429957569
104 105 66 97 2 -0.00585686835 -5.69511414
18 21 26 61 4 -0.0234324783 -3.65667939
127 129 40 48 2 -0.0056305672 -2.86854625
86 90 134 169 4 -0.0200742111 -2.39570832
45 46 103 138 3 -0.906317949 -3.03609347
46 46 56 79 4 -0.197885513 -2.77414131
0 0 0 0 2 -0.119278267 5.70406246
52 55 71 77 2 -0.00240948424 -4.62917852
0 89 99 101 2 -0.840434074 -0.838046789
71 75 116 127 2 -0.000436740025 -4.70496178
113 115 44 79 2 -0.00134756661 -2.92649889
64 67 18 0 2 -0.663354576 -0.201040491
18 22 46 81 1 -0.14368175 -2.01862311
70 74 100 131 1 -0.0355504677 0.662521899
65 65 74 89 3 -0.0012994064 -2.52985191
86 91 138 143 0 -0.00158832839 -4.23572683
60 64 139 142 0 -0.011515337 -3.03494835
114 115 36 43 2 -0.0100245047 -2.73161316
56 66 111 114 0 -0.00340793608 -4.91272306
49 50 60 95 3 -0.00348165492 -3.80318189
72 72 85 120 4 -0.00441352138 -4.60580349
0 0 0 0 3 -0.169720799 6.5027957
40 44 68 83 4 -1.10198975 -0.614768505
114 118 91 96 4 -0.179579154 -3.365628
89 89 119 127 3 -0.00723524392 -1.11825693
40 41 95 130 4 -0.132282734 -4.31781769
107 111 70 76 4 -0.000490486505 -1.65082288
61 64 98 105 1 -0.0101158693 -3.25404024
0 0 0 0 2 -0.00795469526 6.60110855
0 0 0 0 3 -0.237614945 6.21675348
103 108 44 53 2 -0.0161007382 -4.83047152
105 106 63 68 1 -0.00194657943 -4.31354666
79 86 132 140 3 -0.0009358073 -3.26075721
96 96 113 117 2 -0.00252963253 0.491827011
55 62 111 146 0 -0.0621364638 -3.43772912
0 0 0 0 3 -0.0987761021 2.56514597
0 0 0 0 3 -0.00853579491 7.27304411
88 88 50 54 3 -0.00660044979 -3.17366934
56 60 106 112 4 -0.0036165996 -2.28981662
0 0 0 0 2 -0.0207558908 5.38296795
18 25 29 44 2 -0.0403417982 -0.581471503
0 0 0 0 2 -0.0112881903 4.98526382
59 59 115 150 3 -0.00412193732 -3.43030524
47 51 65 100 4 -0.00442793267 -2.34329057
26 27 64 69 3 -0.00760341808 -0.609938979
38 45 57 92 1 -0.000325655885 -3.69221973
186 186 114 149 3 -0.0546524115 -2.09391332
0 0 0 0 2 -0.333628893 6.78820372
74 78 91 126 3 -0.000567001698 -3.748559
115 118 136 142 0 -0.00122613157 -4.05427361
0 0 0 0 2 -0.0138276052 2.88804197
214 214 116 151 3 -1.40152001 3.54092336
0 0 0 0 3 -0.00172620686 6.06687832
0 0 0 0 2 -0.0251940321 6.35457182
19 23 32 39 1 -0.0854393244 -2.38619065
49 50 110 219 2 -0.957851291 -1.2906096
0 0 0 0 3 -0.168829694 3.88526607
96 100 113 148 4 -0.0618675053 -5.45694542
48 52 123 146 1 -0.000484907185 -2.71439576
39 44 60 61 2 -0.00755686313 -3.87378907
47 51 82 117 3 -0.0220271777 -2.52652168
104 107 120 124 0 -0.296676159 -1.92918515
174 179 131 139 3 -0.00676613906 -5.75340176
84 87 96 111 2 -0.00660125632 -1.42823648
107 112 121 127 3 -0.225696266 -1.47715116
40 44 63 98 4 -0.00279476703 -3.80588913
119 119 48 52 3 -0.0012470762 -2.31718254
161 162 112 147 3 -0.453413427 -1.41470349
47 49 37 41 2 -0.000160213996 -2.95077372
138 145 86 101 0 -0.00232650735 -1.52868319
32 36 111 141 2 -0.475826293 -3.04979348
129 130 91 97 3 -0.00608960446 -3.84019375
0 0 0 0 1 -0.0150732789 3.56816506
43 43 53 88 3 -0.00286087836 -5.27101564
0 0 0 0 2 -1.02543056 7.76352453
71 74 111 142 2 -0.0840658173 -2.78669906
125 130 102 111 1 -0.000117179108 -4.15561008
53 54 67 90 3 -0.0100888619 -3.35896468
34 37 45 49 1 -0.00601159036 -3.16950989
148 152 76 107 2 -0.15049994 -2.00301766
164 166 76 87 3 -0.00436664047 -3.38061738
0 0 0 0 1 -0.0512973294 2.02935958
111 111 91 95 3 -0.0498642251 -2.06700349
0 0 0 0 1 -0.625374436 7.50845909
98 102 115 150 3 -0.036476016 -0.237064689
81 83 123 130 2 -0.000286801805 -4.83748436
35 40 53 60 0 -0.00220201747 -1.4623127
119 125 190 194 1 -0.0614737086 0.671123683
0 0 0 0 1 -0.0942784622 3.56698585
128 131 145 148 3 -0.120683528 2.42730212
18 21 67 102 3 -0.0230032168 -2.33622026
72 76 96 135 3 -1.31868267 0.143061399
45 49 98 105 2 -0.00326719251 -2.93352437
0 0 0 0 2 -0.683838308 7.345016
85 91 36 51 1 -1.00120783 -0.0791432559
140 142 82 84 2 -0.0606465973 -2.88470483
106 106 137 145 2 -0.101700455 1.9032228
77 82 94 129 0 -0.392807364 -3.81803823
122 123 58 65 2 -0.310443074 0.731915176
57 60 200 235 2 -0.03367351 0.789041579
60 64 80 95 4 -0.0160774868 -2.7215476
0 0 0 0 2 -0.325303435 5.6557622
64 71 84 87 2 -0.00317853456 -0.971969366
87 91 101 136 3 -0.0672501922 -2.70046473
114 115 44 79 3 -0.0601382256 -4.19371557
0 0 0 0 3 -0.160581052 6.16856861
78 78 95 98 2 -0.00658046594 -3.69254494
0 0 0 0 1 -0.0125880735 3.61172462
50 56 71 78 1 -0.0145032108 -0.574453533
41 44 56 64 2 -0.000150437409 -3.40344667
22 24 31 66 2 -0.150791496 -4.14319181
78 79 87 93 2 -0.00376765779 -5.15240145
0 0 0 0 1 -0.0608379021 3.92907405
137 141 85 120 2 -0.00112231332 -3.6919024
55 56 115 150 4 -0.263440549 2.01180053
0 0 0 0 2 -0.151679859 2.49323297
80 82 93 99 1 -0.217254758 -1.59790015
0 0 0 0 3 -0.0264404994 4.86317682
68 69 84 85 3 -0.00823624991 -3.36635065
82 86 49 56 3 -0.00395975122 -1.67553234
97 99 84 89 1 -0.00217172736 -3.89799738
110 119 139 148 1 -0.000312407501 -2.43121362
43 49 21 25 1 -0.00833561644 -3.99940538
0 0 0 0 3 -0.0189865362 4.41507387
0 0 0 0 2 -0.822066903 2.51664424
180 184 59 94 3 -0.00733184163 -0.605277598
39 43 48 63 3 -0.181515962 -0.765326142
107 110 121 128 3 -0.016062906 -3.60989857
125 131 26 34 3 -0.159029514 -0.288022518
0 0 0 0 2 -0.209176391 1.86827612
48 52 127 162 3 -0.00204520253 -5.41105604
0 0 0 0 2 -0.0484915748 3.21353722
0 0 0 0 3 -0.218349591 2.0880363
133 138 16 51 3 -0.0133970529 -3.15633965
134 0 0 0 1 -1.61260879 4.00580597
0 0 0 0 2 -0.0131108975 4.89855576
47 51 130 138 3 -0.00624762801 -4.9572897
164 165 115 153 2 -0.0485045612 -2.90631819
73 73 55 58 3 -0.730869412 1.43329501
0 0 0 0 2 -0.704146147 1.16613245
56 64 75 82 2 -0.0186562799 -1.08708394
41 48 52 60 0 -0.0626418442 -4.99227381
46 50 59 66 3 -0.0213420894 -2.98087955
131 191 167 173 1 -0.625792027 -1.17900324
0 0 0 0 2 -0.592246413 4.49770451
41 44 58 69 3 -0.000440569653 -3.0488677
56 57 67 90 1 -0.0032023557 -1.32302737
135 138 69 104 2 -0.211018518 -2.34233427
74 83 55 60 1 -0.00175828289 -4.29271746
33 39 75 82 0 -0.0009147214 -4.97562981
61 65 78 84 2 -0.00398001075 -2.69988227
42 48 0 0 3 -0.142588034 1.07670045
49 53 93 100 3 -0.000535145344 -5.10158682
49 49 77 92 2 -0.0468089767 -1.01594627
86 90 103 111 3 -0.0390671976 1.31749153
140 144 95 118 2 -0.445422411 -4.58025789
105 110 128 163 1 -0.00123282941 -1.83074903
54 60 140 146 0 -0.0308601912 -0.994150996
189 197 101 109 0 -0.00624171458 -2.1487267
127 131 88 99 3 -0.388921797 -0.994419336
56 58 128 151 3 -0.00191902881 -4.16420698
0 0 0 0 2 -0.272133261 7.7098155
98 101 113 119 1 -0.000492342748 -3.86067653
0 0 0 0 0 -0.654674411 4.33466339
0 0 0 0 2 -0.0767687559 4.34127712
117 121 136 144 1 -0.00271060481 -2.17575216
212 213 166 201 0 -0.517689705 -2.91062427
146 147 93 245 1 -1.12225997 0.88641125
0 0 0 0 3 -0.396343768 6.97355747
110 113 47 82 1 -0.00586091354 -1.27200508
85 89 56 61 0 -0.00774482824 -4.91182041
0 0 0 0 2 -0.0328747556 3.81494069
41 47 58 69 2 -0.264624804 -0.495680392
87 90 45 52 1 -0.000117776333 -2.19404626
0 0 0 0 1 -0.158088058 5.42425203
52 56 86 109 1 -0.143475413 -1.81214213
0 0 0 0 3 -0.00324170687 4.20654011
44 50 64 73 0 -1.48295152 0.826004803
0 0 0 0 3 -0.353189766 6.75119162
132 136 61 96 3 -0.00359001756 -6.72205925
125 128 145 180 2 -0.00383117283 -2.58482265
24 30 109 116 1 -0.0180793069 -2.83614755
38 42 102 137 4 -0.428334981 -3.22816634
53 57 110 145 4 -0.00550830085 -1.48773217
0 0 0 0 2 -0.00380930374 4.62429714
0 0 0 0 3 -0.467465848 5.52699566
154 156 46 51 1 -0.00473871268 -1.70502543
0 66 48 55 2 -0.269289672 -2.83343339
46 49 105 111 2 -0.242086336 -4.49733925
17 23 28 31 1 -0.60651648 -0.413119465
0 0 0 0 2 -0.00450076675 6.48275948
53 53 64 71 2 -0.0086046122 -3.91003776
113 115 90 95 2 -0.00433608191 -2.59783959
120 126 78 83 2 -0.000260103232 -3.86129189
54 61 110 117 0 -0.191490501 -3.39117455
0 0 0 0 3 -0.504924059 3.73659635
166 173 81 89 2 -1.16213536 1.16345382
231 234 136 144 2 -1.15303159 0.32348913
77 81 92 127 4 -0.100891754 -3.8882587
101 103 120 126 2 -0.0142742498 -1.68884563
135 135 47 82 2 -6.7591056e-05 -2.83392
94 96 108 114 1 -0.00940007716 -0.66771239
84 84 19 22 3 -0.010113663 -3.19470716
0 0 0 0 1 -0.111676477 6.21339703
136 137 40 75 1 -0.00907195918 -4.39389801
0 0 0 0 2 -0.0186477825 3.29588366
53 59 75 79 3 -0.447697371 -5.11148977
130 134 144 149 0 -0.0748966485 -3.05888391
116 120 138 142 3 -0.000791516446 -5.17408466
79 83 40 46 4 -0.711410046 -1.21515441
42 43 69 73 2 -0.000418147276 -3.30885482
39 39 128 135 2 -0.0800212324 0.220472157
86 89 33 68 3 -0.00404031761 -3.09092402
75 82 150 156 0 -0.0134380376 -3.04179406
0 0 0 0 2 -0.0343810581 2.88324881
30 38 46 81 2 -0.0540844947 -3.97077632
96 100 116 121 4 -0.000392288552 -0.650485992
32 35 105 140 2 -0.000185723271 -3.44795918
0 0 0 0 2 -0.00888598897 6.24143505
0 0 0 0 3 -1.62544215 1.35365844
115 115 45 47 3 -0.0570365749 -5.73645782
30 35 100 135 1 -0.0549464077 -4.07503986
111 112 126 133 2 -0.00135983084 -3.72601652
189 193 97 112 4 -0.285263538 -2.32412362
100 105 122 157 4 -0.0589208789 -2.60791802
35 36 106 110 2 -0.00537744211 -3.70692348
0 0 0 0 3 -0.79837501 3.50595641
104 107 86 92 3 -0.00877960958 -2.52810979
81 85 102 133 2 -0.487979054 -5.38829899
101 104 51 86 4 -0.000913483673 -2.15837574
0 0 0 0 3 -0.675460875 4.15710449
43 48 63 69 0 -0.0950366855 0.561223865
85 89 34 49 2 -0.000113244831 -5.16723967
75 78 15 17 2 -0.00481924694 -2.13646507
41 45 59 70 1 -0.0843011439 -2.50503397
30 36 97 104 1 -0.000267728203 -3.7200284
162 163 195 200 3 -0.00291470578 -4.09053135
81 83 101 136 2 -0.000588962808 -3.0104022
86 90 158 169 2 -0.000865597627 -2.34537292
116 121 42 48 0 -0.000827652751 -1.7635293
52 56 85 93 1 -0.00239072531 -1.68719101
98 101 78 87 1 -0.0327819735 -2.47444606
0 0 0 0 2 -0.00031158817 6.03877926
62 65 49 52 1 -0.0017553115 -2.45526934
124 124 75 110 3 -0.157659173 -0.922374964
104 105 116 125 2 -0.00374020194 -5.79999113
0 0 0 0 1 -0.00175069668 6.24972391
44 47 108 143 3 -0.239353776 1.27249241
119 121 43 58 3 -0.000726025377 -2.5009861
138 142 51 56 3 -0.00188987423 -2.06805873
63 67 151 166 3 -0.330891341 -2.73395753
0 0 0 0 4 -0.864757538 7.52300406
88 91 101 136 2 -0.0182973463 -2.31095529
37 42 48 83 1 -0.146256745 -3.5332942
0 0 116 151 2 -1.2676965 2.48412561
153 158 105 116 2 -0.000379057077 -3.68018603
71 77 136 142 0 -0.000672477123 -6.4535861
91 91 112 116 4 -0.0992690176 -0.901849627
93 97 47 58 1 -9.11923562e-05 -4.38907528
138 140 97 100 2 -0.0394413322 -0.898352027
37 45 49 93 3 -1.19200802 0.108614266
78 78 88 94 2 -0.000169035397 -5.18359709
130 133 64 99 1 -0.00103013369 -3.54646635
47 51 81 88 4 -0.00440911157 -2.1641531
47 48 128 134 2 -0.00411902182 -4.2738533
139 144 109 118 2 -0.000232927559 -3.12308121
33 37 108 111 2 -0.00352323614 -2.3578887
0 0 0 0 0 -0.0598702207 4.05681229
32 34 46 81 1 -0.000667006709 -3.55966163
0 0 0 0 4 -0.0463823378 3.63941789
0 0 0 0 2 -0.0122340247 4.14695787
55 58 121 144 2 -0.0531843752 -2.31014752
98 101 142 145 4 -0.00932174455 -0.99972266
58 64 104 139 0 -0.000249375036 -5.44706297
65 70 45 52 0 -0.0121725835 -4.41123343
149 152 100 107 3 -0.0072280569 -3.7058351
42 47 59 74 0 -0.0116121043 -0.749097943
100 103 89 94 1 -0.190380946 -0.424065739
166 172 141 147 2 -0.000626399007 -3.09609127
0 0 0 0 1 -0.0744636133 4.30848074
125 127 77 112 1 -0.00118273776 -5.32290649
98 101 116 123 4 -0.00253142137 -3.09644341
59 63 159 166 0 -0.185595036 -3.41118217
0 0 0 0 3 -0.303861946 3.83591437
142 144 96 127 3 -0.00278488733 -3.73690796
108 112 130 165 1 -0.00256553479 -1.62275124
71 71 27 38 3 -0.0575429685 -1.25675774
73 73 26 57 3 -0.0243796222 -2.5496738
178 180 154 159 1 -0.171782151 -1.2556138
108 112 132 140 3 -0.0014738068 -3.3635869
97 105 116 123 3 -0.294166028 0.75593847
81 85 119 125 2 -0.000179402166 -2.87316275
146 147 45 48 1 -0.0250315517 -2.08175015
121 125 137 172 3 -0.00307723135 -3.84638858
0 0 0 0 2 -0.0317144766 4.51602316
72 76 88 123 2 -0.00584154436 -2.40127325
76 77 94 109 2 -0.000412532972 -5.06772995
0 0 0 0 3 -0.807476282 6.73689508
0 0 0 0 1 -0.853149831 7.8840251
46 49 86 121 2 -0.0446825139 -3.19381332
103 111 141 148 1 -0.00659099687 -0.264882028
55 55 69 76 2 -0.000144715683 -3.75917959
0 0 0 0 2 -0.0075146826 6.04159307
181 185 39 74 2 -0.00333147659 -2.47062135
116 117 128 136 2 -0.0221098252 0.0681581497
0 0 0 0 2 -0.000343420135 5.54485893
44 47 70 76 2 -0.000427088642 -4.7817049
103 103 58 93 2 -0.0728946403 -1.80613136
83 87 52 59 2 -0.000250923244 -3.86447597
103 107 44 79 4 -0.000209433652 -5.48482943
121 124 63 78 0 -0.0483259223 -3.29153776
83 87 67 72 2 -0.000921519357 -4.27083921
90 90 44 55 3 -0.0197951104 -2.65755153
131 135 51 74 1 -0.00102764519 -4.14984083
122 124 64 71 2 -0.239049032 -1.22926116
60 63 40 45 1 -0.000310389558 -5.23051643
111 115 137 142 4 -0.000339961553 -2.73192883
38 42 75 106 2 -0.945677578 0.904222906
0 0 0 0 2 -0.160166219 3.90236306
55 59 88 119 1 -0.00613678154 -2.13934517
0 0 0 0 2 -0.00124468026 4.19619513
29 30 37 42 3 -0.0124910744 -3.09874654
110 114 126 134 2 -0.000554995204 -2.10245347
140 145 72 107 0 -0.00119195611 -2.76513696
129 136 177 212 2 -0.00194869447 -1.8839376
104 92 123 128 2 -0.95886749 -1.97414541
49 52 60 65 2 -0.000511726597 -3.27243257
63 63 100 107 3 -0.00401270343 -0.863235056
161 161 102 137 3 -7.45043944e-05 -2.9871335
0 0 0 0 3 -0.170410112 4.86073399
71 77 107 142 2 -0.126873091 -4.28366852
133 133 183 218 3 -0.0543799922 -3.37633538
125 126 48 55 3 -0.00169168715 -5.43463135
0 0 0 0 2 -0.104060099 4.2946353
124 127 36 71 2 -0.185352117 0.395472825
40 45 49 56 3 -0.23248896 -2.3448441
56 56 28 35 2 -0.0491796657 -2.32658291
47 52 66 70 2 -0.0195104238 -0.346761912
142 146 164 167 1 -0.00257592788 -2.54988289
108 110 58 93 4 -0.0293425303 -2.53039122
0 0 0 0 2 -0.130384848 6.10760736
71 76 40 44 4 -0.0710383728 -0.548001945
112 114 44 79 3 -0.0806168616 -2.46286321
101 101 79 86 3 -0.0215204116 0.0801032186
0 0 0 0 0 -0.0158187877 3.91538072
47 54 59 63 1 -0.0162355043 -1.67088342
91 92 58 61 2 -0.00363213988 -3.21635962
46 48 65 76 1 -0.000299203384 -3.84947658
146 151 117 128 0 -0.00088297599 -1.11297464
0 0 0 0 0 -0.052175153 6.60698891
93 97 23 26 0 -0.00457962882 -1.9622283
51 0 120 0 1 -1.21470535 1.41806722
112 115 129 134 3 -0.0191298928 -1.99992919
112 112 127 131 3 -0.00217090454 -4.15406132
91 95 46 81 4 -0.00471431017 -0.859782279
69 73 87 122 1 -0.000122783531 -4.67075014
84 84 99 134 3 -0.00314643444 -4.49403477
108 114 128 135 1 -0.000621827669 -2.68360353
105 105 90 98 3 -0.0128658023 -2.74547839
0 0 0 0 1 -0.045219969 2.91080117
100 107 45 52 1 -0.663455486 -4.11376476
0 0 0 0 2 -0.0517241545 4.71411324
139 143 52 58 1 -0.00889752991 -1.00937462
79 79 89 120 3 -0.00555546349 -1.15460324
59 59 73 78 4 -0.005316047 -0.791981936
136 138 161 196 2 -0.137383848 -2.7110014
116 117 97 106 3 -0.00414948678 -2.99749589
0 0 0 0 1 -0.60238564 6.30734777
57 61 130 141 2 -0.0132472478 -1.06607759
87 91 45 76 0 -0.00436855992 -2.13224053
148 149 101 136 3 -0.0934125632 -2.66880178
36 38 74 85 2 -0.0871260837 -3.17548585
47 53 62 66 0 -0.000295981386 -3.00459385
0 0 0 0 2 -0.101702057 2.72100401
16 18 112 154 2 -0.106239304 -0.572124541
126 130 169 177 1 -0.0568127297 -0.840077758
0 0 0 0 3 -0.00687948707 4.24561644
42 46 77 112 4 -0.000955705822 -3.89963508
100 104 34 41 0 -0.000989688677 -3.31787443
0 0 0 0 3 -0.149045631 3.62096238
0 0 0 118 2 -1.77146482 -0.295881987
110 113 135 158 1 -0.00983165391 -1.38163531
34 34 42 57 3 -0.0120952809 -2.7098999
99 99 113 121 3 -0.000713661837 -3.6493082
0 0 0 0 4 -0.215636924 4.84640741
109 116 133 168 0 -0.0111570172 -4.780159
0 0 0 0 2 -0.0650402755 4.28094578
0 0 0 0 2 -0.567345858 7.56807661
78 84 39 44 1 -0.00181837985 -3.03725672
52 58 94 117 2 -0.001272375 -4.45140839
131 135 95 101 4 -0.000610234041 -4.28270245
44 50 75 86 4 -0.00985610951 -3.44777966
40 43 123 126 2 -0.00012850549 -3.87090635
47 51 22 28 3 -0.0021371711 -3.81150031
100 107 131 138 1 -5.78160179e-05 -6.5546217
0 0 0 0 2 -1.12810051 7.59430265
30 39 109 144 1 -0.0029939604 -1.09359455
0 0 0 0 4 -1.206985 7.52371883
132 138 152 187 2 -0.00146410754 -3.22672653
38 40 54 62 2 -0.000323401182 -2.76833272
82 86 101 109 2 -0.000619424216 -2.55385256
182 184 37 68 2 -0.0515400581 -3.48387265
116 119 128 0 2 -0.869713128 -1.05626869
0 92 98 104 3 -1.05251408 0.179108679
36 39 88 93 1 -0.0540989824 -2.29967618
90 95 125 130 0 -0.451554716 0.479671896
58 66 40 47 0 -0.0895575285 -3.30084634
68 72 42 51 3 -0.00241421023 -4.47560596
126 132 48 83 2 -0.000444493373 -3.39783907
108 115 128 133 2 -0.0474036708 -0.199666232
0 0 0 0 0 -0.0931213424 3.35732651
51 55 131 138 2 -0.000403845101 -4.84671831
0 0 0 0 2 -0.233743176 1.98559904
49 52 79 102 0 -0.0447717793 -5.64057255
132 132 105 110 3 -0.000588230148 -2.60396051
214 215 159 194 2 -0.0174806677 -3.70981956
187 191 62 71 3 -0.0186585505 -4.54500294
39 40 20 27 2 -0.197059795 -3.90785146
0 0 0 0 2 -1.21475697 3.73293233
120 120 95 106 3 -0.00904577412 -2.02437425
39 42 115 117 4 -0.00527558383 -1.3400085
154 159 126 135 2 -0.0213323832 -1.8114152
103 106 36 59 3 -0.19930318 -0.0640594661
64 65 76 111 2 -0.00125174422 -3.94950223
112 114 40 42 2 -0.00188885699 -3.14142466
57 63 123 129 2 -0.000262722926 -1.53700089
133 133 47 82 3 -0.000158542287 -2.95687246
0 0 0 0 2 -0.299209565 7.33322382
0 0 0 0 4 -0.89750874 7.21609068
63 64 110 145 1 -0.0177849289 -3.44896817
114 114 55 90 3 -0.0554878488 -0.387772143
62 66 102 108 2 -0.672521353 -1.52996135
112 119 63 98 2 -0.00299139135 -2.57048202
98 100 205 133 2 -0.706927001 0.00847119093
109 109 131 138 4 -0.00371596776 -1.47612
0 0 0 0 2 -0.0343810581 2.88324881
123 126 139 145 3 -0.00730108842 -2.81904411
161 164 34 37 0 -0.279841125 -2.79212475
52 57 75 78 4 -0.00129243208 -2.22550893
17 24 28 32 0 -0.047663413 0.21739471
52 59 82 88 3 -0.000723588921 -3.12472796
37 43 23 32 1 -0.00288143195 -2.4998939
59 64 130 135 4 -0.0996563509 -2.58583951
0 0 0 0 1 -0.106371999 3.2640152
97 97 157 180 2 -0.0894281715 -2.82560873
127 128 82 117 2 -0.000338636048 -4.73927641
50 53 0 0 2 -0.170367613 -1.81311941
0 0 0 0 1 -0.0241167508 3.52576351
0 0 0 0 2 -0.47728312 5.47259998
47 50 62 64 4 -0.034565784 -2.75281143
0 0 0 0 1 -0.00382621726 4.87931633
119 122 137 141 3 -0.00232947967 -2.23844719
41 45 48 79 3 -0.489765137 -1.15637636
93 94 44 75 2 -0.0430168472 -4.02009058
109 112 74 81 2 -5.43589595e-05 -4.51946115
49 49 90 105 3 -0.000952645845 -4.99743748
75 80 94 129 0 -0.000313247932 -4.67918062
0 0 0 0 4 -0.00131575949 5.83359289
0 0 0 0 3 -0.00339729618 4.96954298
58 63 76 81 0 -0.34801358 0.457756937
0 0 0 0 2 -0.0023572892 5.43039846
0 0 0 0 2 -1.7495482 1.95234656
46 53 105 111 0 -0.00206245971 -3.68976378
0 27 95 101 2 -0.849691689 2.2230022
67 74 50 55 3 -0.00103340065 -4.68693304
0 0 0 0 2 -0.384247303 6.40768242
0 0 0 0 0 -0.023670977 5.13519669
0 0 0 0 3 -0.0195889883 4.76471329
125 126 141 147 2 -0.0917679071 0.457251072
25 29 35 58 3 -0.50813216 0.000520318747
0 0 0 0 1 -0.651984215 4.95697212
98 99 43 66 2 -0.00797196198 -2.80322671
30 34 44 52 2 -0.0174894072 -1.73108816
0 0 0 0 1 -0.867999315 7.56687021
210 211 151 186 3 -0.132587969 -0.22921364
21 21 32 67 2 -0.0468390919 -4.83564472
93 94 102 113 2 -0.0309933349 -3.30147243
0 0 0 0 2 -0.313152611 5.9038744
57 62 71 86 1 -0.0708883628 -4.54073429
0 0 0 0 3 -0.0118171964 6.48598242
240 241 58 89 2 -0.824447155 0.347088873
72 75 85 92 3 -0.0199368373 -3.8453126
63 66 82 93 2 -0.00108335039 -2.94620848
56 61 72 107 3 -0.000187860045 -3.82381964
103 104 111 115 3 -0.128050774 -2.27817893
80 86 56 61 2 -0.000195021727 -2.7894485
47 47 122 127 3 -0.00340773282 -2.81092
41 41 76 87 2 -0.403585583 -1.6928575
84 84 90 125 3 -0.181777894 -3.56563854
95 101 81 90 1 -0.0148584489 -1.52182269
0 0 0 0 3 -0.0906904861 4.15673256
62 64 70 85 1 -0.0445317663 -2.50797439
97 99 112 135 2 -0.0010290991 -2.11243105
122 122 59 66 2 -0.000387382403 -3.964293
117 117 98 103 2 -0.0156162549 -4.99303198
81 81 89 91 2 -0.000112648173 -4.43013668
38 40 55 90 2 -0.593574047 -3.85248733
0 0 155 170 3 -1.16678572 -0.0743429065
76 80 96 119 4 -0.00887754839 -2.23186207
153 0 52 83 1 -0.705283523 2.69111967
0 82 94 117 3 -0.706519306 -0.753790975
0 0 0 0 0 -0.0121716866 5.41448641
36 37 113 118 2 -0.00165882334 -1.97330904
107 110 90 97 2 -0.0143596428 -2.57869911
110 112 92 103 2 -0.00162400678 -3.92994905
13 16 20 23 2 -0.742425621 0.401352346
0 0 0 0 3 -0.363016248 6.75145531
58 58 138 173 3 -0.00828569382 -2.71251678
109 120 135 142 0 -0.0180899017 -4.30966282
75 79 34 49 2 -0.000983583624 -3.69654727
165 169 205 236 3 -0.213905707 1.47233057
0 0 0 0 1 -1.18437135 7.32187271
0 0 0 0 2 -0.5113585 6.55400038
118 126 201 207 1 -0.00559671083 -2.03114033
0 0 0 0 3 -0.0997696444 2.4203546
96 98 17 52 2 -0.00965026021 -4.48189116
126 129 32 43 1 -0.0134850396 -4.01053286
206 211 133 140 3 -0.032629557 -1.50910592
42 42 117 152 4 -0.0217547864 -4.38876724
22 28 35 70 0 -0.00753149018 -5.07156372
106 0 82 89 2 -0.614902675 -0.261223644
0 0 0 0 3 -1.14346552 6.19899368
0 0 0 0 2 -0.593932092 5.64883852
157 165 72 107 2 -0.00132252043 -3.52624965
0 0 0 0 1 -0.788797796 7.91067743
164 164 213 220 3 -0.388669968 -4.27732325
109 113 54 89 3 -9.25047061e-05 -5.41547871
87 91 36 77 3 -0.757960916 0.0605584681
60 64 83 90 3 -0.00689403713 -3.92801404
0 0 0 0 3 -0.00975476764 3.94050193
92 97 41 76 0 -0.00608354853 -2.71614861
76 80 128 163 2 -0.00564147113 -2.10249352
113 115 124 147 2 -0.128339455 -0.680269182
0 0 0 0 1 -0.00658226199 3.7884829
83 89 98 133 2 -0.00097300217 -3.60288262
129 131 0 0 2 -1.04006886 2.00547004
103 109 119 125 1 -0.000839349057 -1.02585554
40 44 53 88 2 -0.0184986107 -2.82486081
129 129 100 103 3 -0.020867981 -1.95503187
26 30 98 129 3 -0.026967492 -2.57755327
0 0 0 0 1 -0.0195644516 1.70290661
176 178 145 152 2 -0.399122506 2.16399431
87 87 98 102 3 -0.00627975538 -0.403835088
66 73 156 160 0 -0.433687419 -0.957253039
0 0 0 0 1 -0.494642317 4.38569832
38 44 48 52 2 -0.206575096 0.965128243
74 77 45 50 1 -0.0182205793 -1.71252751
104 108 57 92 3 -0.00769813126 -3.25407863
0 0 0 0 2 -0.402229935 3.95482087
149 153 94 129 3 -0.000935547287 -4.29522324
0 0 0 0 1 -0.00208700239 4.98729181
117 124 56 60 2 -0.00736838859 -1.99380875
91 100 37 68 1 -0.204413533 -1.26530409
123 126 204 239 2 -0.103910029 -1.33712423
92 92 115 150 2 -0.00772587443 -3.52439499
130 134 69 104 1 -0.00249092164 -5.58818674
47 48 53 58 4 -0.625306845 -1.72159529
0 0 0 0 1 -0.0536915921 4.11397648
78 82 58 61 1 -0.0234661717 -2.99184155
153 154 98 133 2 -0.0141075198 -3.87292981
37 41 104 139 2 -0.00379453972 -3.32048678
110 113 125 131 1 -0.000297175342 -1.70384336
138 141 105 113 1 -0.00336131616 -2.88747311
0 0 0 0 1 -0.934788227 6.98951006
40 40 83 86 3 -0.00225524278 0.241594911
92 97 75 78 0 -0.0786943957 -0.93156004
70 74 25 60 4 -0.0336359665 -4.25184011
0 0 0 0 1 -0.69516623 7.20942116
112 116 45 80 2 -0.00745077757 -3.65196967
109 111 123 128 2 -0.00156265346 -1.57166553
90 94 71 75 3 -0.0643661618 1.43898177
35 42 113 128 1 -0.000241386952 -2.87795544
0 0 0 0 3 -0.800394356 6.38631725
80 87 64 67 0 -0.000278811756 -5.10697889
133 133 97 120 2 -0.000955285504 -4.92829418
102 106 116 123 3 -0.270157784 0.877697051
85 86 51 60 2 -0.0122775789 -1.64856482
138 141 23 58 3 -0.0207120329 -4.47999048
136 139 117 120 0 -0.00208119419 -5.91472673
121 124 58 65 2 -0.00213118759 -3.140064
70 73 87 98 3 -0.0258490369 -2.01530266
0 0 0 0 4 -0.7933411 7.26348734
94 97 30 65 4 -0.00109160133 -3.85939741
57 61 170 176 0 -0.0022000852 -0.910638809
0 0 0 0 2 -0.180638328 3.40046072
89 93 31 33 3 -0.011788046 -2.77914953
60 65 86 93 0 -0.0266688447 -1.74570441
142 142 62 66 3 -0.755740643 0.582347929
0 0 50 65 2 -0.649051607 -3.07051826
91 94 127 162 2 -0.025386231 0.298370481
130 131 84 99 2 -0.0621970296 -1.72216153
93 93 39 74 4 -0.00556061324 -0.765508294
41 43 58 65 2 -0.000812505779 -3.26310825
142 147 166 174 2 -0.000156397757 -3.31819963
142 149 162 169 2 -0.40851295 1.33369446
0 0 0 0 2 -0.210027978 2.70984697
30 34 46 81 3 -0.186501727 -2.64815903
129 133 111 114 1 -0.682807744 1.33801961
104 106 114 129 2 -0.0131710935 -2.89710951
138 142 160 168 2 -0.00218807627 -2.0470078
0 0 0 0 2 -0.0194663666 6.0727458
197 197 149 156 4 -0.00108748639 -4.19320583
136 136 71 74 3 -0.00152332091 -2.97603774
0 0 0 0 1 -0.92255795 8.27518082
0 0 0 0 0 -0.0513421707 6.71389914
0 0 0 0 2 -0.00189170218 5.98927641
84 84 96 100 3 -0.380691588 1.10437393
144 145 91 114 3 -0.216397032 -3.32455659
60 60 72 77 3 -0.00904851593 -2.53830314
0 0 0 0 1 -0.020742001 3.71614099
0 0 0 0 0 -0.204008788 2.34558868
40 40 52 87 4 -0.0017732284 -1.67774272
128 132 44 51 2 -0.00101540983 -4.34206057
8 20 25 70 4 -0.544473767 -0.75101006
39 43 149 153 3 -0.0179736447 -1.9901669
103 108 59 63 3 -0.0904452801 -3.80502462
173 174 158 163 2 -0.0104941307 -3.78895545
100 103 52 94 3 -0.0994142145 -1.79731607
63 63 79 110 3 -0.000268087228 -2.02918124
58 64 155 190 0 -0.00238128006 -3.5997262
27 27 44 47 2 -0.00343624945 -2.50287533
21 27 60 95 2 -0.00693002902 -4.20130014
0 0 0 0 1 -0.0414620414 3.08368254
55 56 115 118 2 -0.00676220562 -4.61070442
0 0 0 0 3 -0.515654087 7.45090199
56 59 97 128 1 -0.14399457 1.43590212
54 60 123 130 0 -0.000240199486 -4.37042761
106 106 52 87 2 -0.0108014494 -0.823488832
33 37 76 85 3 -0.0791458413 -2.79944062
93 98 111 113 3 -0.0199835487 -3.31673336
202 205 143 178 4 -0.0018749641 -0.747410774
0 0 0 0 1 -0.0519343354 4.63334751
112 114 128 136 3 -0.000997152063 -0.369920224
136 136 110 125 3 -0.0305831991 -2.64648151
105 110 121 144 2 -0.000120517609 -4.32243919
70 73 80 111 3 -0.00406592619 -1.94687676
98 101 79 87 1 -0.0868440941 -0.50556618
107 108 123 126 2 -0.00115303975 -2.96657419
144 146 169 173 3 -0.00471493974 -3.87555385
65 65 79 85 3 -0.000614854915 -2.75135589
0 0 0 0 2 -0.458364069 2.33262467
73 74 149 160 2 -0.000384071231 -4.7308712
140 146 42 57 2 -0.000247348333 -4.19852304
41 43 58 66 1 -0.000940885628 -2.9815464
46 52 96 105 3 -0.00846371427 -4.27812433
75 75 87 122 3 -0.0011601646 -4.65093231
144 148 115 121 4 -0.00262732967 -1.1201849
109 113 68 75 3 -0.0587323271 -1.04559779
104 104 115 130 3 -0.00495733647 -3.96786761
50 55 76 83 1 -0.515672207 0.543770194
105 110 177 212 2 -0.00172916229 -2.36653495
55 57 64 67 2 -0.00967134535 -2.18605065
111 114 123 154 3 -0.0204675719 -1.17056692
147 151 105 140 3 -0.00116755231 -1.87939167
66 70 87 118 1 -0.00385239744 -1.92474151
142 149 90 125 1 -0.000256881613 -2.1468184
59 63 76 79 2 -0.000978015596 -3.87349176
122 123 51 86 3 -0.0979881883 -2.79227805
142 146 47 54 0 -0.000541966117 -3.56076598
116 116 131 134 3 -0.000338773069 -3.54591012
125 125 134 139 4 -0.56579119 -1.04595852
117 124 147 152 2 -0.000427084451 -4.59017992
102 102 116 123 3 -0.000748842605 -3.94595766
104 106 123 130 2 -0.00118565036 -3.31935716
0 0 0 0 2 -0.00110305718 5.63047934
130 131 51 86 3 -0.102619208 -1.64157867
21 21 51 86 3 -0.492799014 -4.19073391
46 50 161 0 2 -0.638343275 -0.21476844
20 24 95 140 1 -0.0448150001 -0.299881428
115 118 63 98 1 -0.0475066118 -2.86856079
55 62 8 43 0 -0.0509532616 -4.42668104
102 105 150 185 2 -0.236643568 -0.24973321
0 0 0 0 2 -0.279659122 2.63110185
121 125 77 112 3 -0.0311787911 -1.57148647
0 0 27 62 3 -1.22669721 1.41069579
76 59 93 104 1 -0.21823743 -3.0509367
75 75 85 92 3 -1.07243896 0.0166517496
56 58 75 106 2 -0.0128466142 -0.967159688
0 0 0 0 2 -0.0176993534 8.28258228
126 127 81 88 3 -0.0116649382 -3.40154028
88 93 73 78 1 -0.0252707731 -3.45826387
0 0 31 38 3 -0.0610117391 -0.823463023
103 108 47 54 1 -0.00201269286 -3.40042043
0 0 0 0 3 -0.00552789588 4.35168648
19 25 29 64 2 -0.15769802 -0.0807969868
102 106 118 125 3 -0.00194169127 -3.19910502
119 121 135 170 2 -0.00228753802 -1.62304235
68 68 141 146 3 -0.00225902209 -3.25136447
68 73 85 116 1 -0.818757951 1.07960677
95 100 73 80 0 -0.0010048541 -2.93709898
128 138 105 109 0 -0.00715495413 -2.05887222
127 130 35 41 0 -0.013648808 -4.38660383
95 95 49 84 2 -0.00424651708 -3.70113802
19 19 40 44 3 -0.1083147 -0.567444921
46 49 93 128 3 -0.00353842461 -4.23334503
105 109 32 39 2 -0.00153589575 -3.8605926
43 45 61 63 1 -0.00340168597 -1.65547991
109 110 79 89 1 -0.0414052904 -2.72629261
83 87 102 137 0 -0.00401494745 -2.16824269
128 131 96 105 2 -0.00941340905 -1.78712726
81 81 48 53 3 -0.00354001997 -2.10657978
106 108 43 51 1 -0.00924604107 -2.68820691
106 108 28 63 1 -0.0226938818 -4.36913872
42 49 142 173 2 -0.00263999705 -3.69182611
88 92 29 34 1 -0.00439527631 -1.11657476
115 115 96 104 2 -0.00444933306 -1.81945276
178 181 49 55 2 -0.078295432 1.2861867
130 132 103 105 2 -0.00439488981 -2.66468382
12 13 18 26 4 -0.272981822 0.831676304
12 18 54 45 0 -0.362956464 -1.62132025
53 56 89 120 4 -0.000589286152 -4.46356344
93 97 107 113 3 -0.000491922256 -2.15493822
60 60 73 108 3 -0.000741865311 -5.60306597
102 102 38 69 4 -0.00867136288 -2.65339208
132 135 81 112 2 -0.0114145279 -3.30909514
40 45 67 78 4 -0.026910359 -0.0774817765
110 110 159 167 3 -0.0359455124 -3.28524256
83 84 51 56 2 -0.000243415634 -4.6405406
159 163 45 60 2 -0.00301233283 -2.8467977
97 100 116 125 1 -0.00704576354 0.0846183896
47 47 114 116 4 -0.000206936907 -2.73041058
51 55 75 98 3 -0.000904062181 -3.89544559
54 58 68 75 3 -0.000262962421 -2.27232766
50 51 60 65 2 -0.0372991674 -3.73107338
41 46 50 73 1 -0.0119952289 -2.45747685
69 73 41 46 1 -0.0252778102 -4.4544692
37 39 43 45 2 -0.147519708 0.218852639
90 93 31 66 2 -0.00133501238 -4.75089455
128 134 81 116 0 -0.00229515601 -4.9519062
55 56 41 49 2 -0.000120279816 -3.94467711
63 67 75 110 3 -0.00164406793 -5.12083387
89 95 56 62 0 -0.00053353305 -4.54020786
52 53 67 69 3 -0.00997146033 -3.53276086
41 41 59 64 3 -0.0193347726 -5.30922508
67 67 84 119 3 -0.00133794942 -3.9180088
51 54 66 73 2 -0.0164618827 -2.42245269
124 127 65 100 2 -0.00562145328 -4.12982798
111 115 75 82 2 -0.00243347464 -3.90450883
55 55 71 106 3 -0.000870921649 -4.36534834
93 99 76 83 0 -7.89150508e-05 -3.79446673
47 47 86 92 3 -0.0137852486 -1.8011744
131 132 58 64 3 -0.00485684071 -4.71677351
25 26 79 86 3 -0.0464574471 -2.52673244
64 65 31 38 3 -0.00190820592 -4.27227831
5 5 8 43 3 -0.271883607 -1.04414153
123 123 89 96 3 -0.00285974029 -3.01097059
136 136 55 60 2 -6.79492314e-06 -4.47710228
36 36 46 53 3 -0.00246715988 -2.79267597
29 30 34 57 2 -0.0966917574 0.484169126
127 127 52 67 3 -0.00892463513 -4.45976543
86 87 99 130 2 -0.00905289315 -3.41653109
44 45 114 122 2 -0.000988982036 -4.08442259
135 137 89 124 2 -0.00130694115 -2.44195628
89 89 144 159 2 -0.0601997077 -1.77287078
75 76 62 65 2 -0.0009868216 -3.84082317
112 118 40 75 1 -0.00505751744 -2.33764505
57 57 77 112 3 -0.00214332296 -4.71583748
82 83 112 147 3 -0.00285295583 -2.974195
116 119 49 72 1 -0.000226370248 -3.03256989
109 110 57 59 2 -0.00184228795 -3.80227184
118 118 67 102 3 -0.000989348977 -3.32377219
146 146 54 77 3 -0.0109314322 -1.74708796
69 73 82 113 1 -0.0246313177 -1.58719063
91 91 49 84 2 -0.0182014164 -4.8394289
77 79 94 101 2 -0.000550819212 -3.88501024
17 19 40 44 2 -0.101361364 -3.45983505
63 65 10 25 1 -0.0349872895 -1.62728977
98 99 80 83 2 -0.00622733869 -3.97443581
143 143 72 75 2 -0.000484996126 -3.45398688
127 129 32 55 2 -0.00153530389 -4.14674139
0 0 0 0 3 -0.00515618641 4.66772032
0 0 0 0 3 -0.000879101572 5.47696161
0 0 0 0 2 -0.300613672 3.88762355
0 0 0 0 3 -0.0045890836 4.68993664
0 0 0 0 3 -0.168941125 4.1335187
0 0 0 0 3 -0.0209802166 3.6828959
0 0 0 0 2 -0.0147100827 5.18754578
0 0 0 0 4 -0.711175919 7.3528161
0 0 0 0 3 -0.162495404 3.2329762
0 0 0 0 1 -1.07218122 7.6115756
0 0 0 0 1 -0.0566147938 3.53849602
0 0 0 0 1 -0.0507067665 3.52092957
0 0 0 0 2 -0.00516414735 5.29386854
0 0 0 0 0 -0.0878581703 5.57820177
0 0 0 0 3 -0.251764089 5.42867899
0 0 0 0 3 -0.0814139843 2.29946351
0 0 0 0 2 -0.0227961633 5.94010639
0 0 0 0 2 -0.513815403 2.57882595
0 0 0 0 2 -0.0182233639 3.24374628
0 0 0 0 3 -0.347572684 5.28328133
65 73 37 41 0 -0.00734690158 -2.12701988
20 23 27 62 2 -0.420933008 -1.92230797
80 85 100 135 1 -0.00147421053 -2.32818627
118 122 34 69 3 -0.0036912763 -1.53741884
61 69 51 56 1 -0.00457178894 -1.40953946
56 59 98 133 1 -0.00204151962 -2.18033361
18 20 36 67 2 -0.00237210421 -2.35860062
163 163 33 41 3 -0.00182611065 -1.53438997
122 126 137 144 0 -0.00521712331 -3.01033092
0 0 0 0 3 -0.702603817 1.44470978
106 107 55 90 2 -0.0018199099 -4.24658346
35 41 51 55 0 -0.000985207153 -3.8003912
166 169 120 151 0 -0.000648542133 -4.72123671
47 51 65 80 3 -0.00748992106 -4.14805126
64 64 52 59 3 -0.000264512259 -4.36425877
25 27 157 180 1 -0.0492562316 -2.94460535
48 48 100 111 3 -0.019360112 -3.47320032
174 178 127 135 0 -0.0346942171 -1.84450006
78 85 93 97 1 -8.1418948e-05 -3.50502086
48 52 67 82 3 -0.000914548349 -3.39396048
51 54 64 66 4 -0.728316903 -4.30679655
59 62 84 119 1 -0.00414615916 -4.36749887
68 74 135 170 1 -0.50510639 1.36025977
129 132 76 111 4 -0.000655108714 -3.75541997
54 59 73 104 4 -0.000295974052 -4.03051567
43 43 55 66 4 -0.13249363 -2.00013113
50 54 85 92 4 -0.00466811843 -5.92792892
0 0 0 0 1 -0.0559967346 5.07184744
0 0 0 0 1 -0.0349880829 5.10429144
71 72 26 61 1 -0.0304451827 -2.65907502
175 180 128 163 0 -0.0187799707 -2.64896488
0 0 0 0 2 -1.19494653 7.58445311
0 0 0 0 3 -0.0722892061 5.77882767
121 122 58 73 2 -0.265605092 -4.16111565
87 90 71 75 1 -0.000495594402 -3.35346437
0 0 0 0 3 -0.517799258 6.87247944
99 102 34 42 0 -0.00188694848 -3.10781193
177 184 56 64 0 -0.0531277172 -2.95593309
0 0 0 0 2 -0.931067824 5.31897449
45 45 59 67 2 -0.272033542 -0.146513075
61 62 178 182 2 -0.117794871 -1.7687819
173 176 77 83 0 -0.0334840454 -1.34860444
126 131 55 90 3 -0.0016472264 -3.64446259
0 0 0 0 3 -0.0270159096 2.50758767
148 151 126 134 2 -0.000561996421 -4.12541533
72 77 89 91 1 -0.000905432622 -3.02960038
0 0 0 0 1 -0.699634016 2.05515003
10 11 21 28 2 -0.0251705386 -0.169820458
48 49 63 67 2 -0.000750628533 -3.95515633
43 49 92 101 1 -0.000624805281 -1.95010734
39 41 129 134 1 -0.00818841532 -2.78247881
71 74 142 145 2 -0.0198971964 -5.80662727
72 77 120 125 2 -0.00166924309 -2.31628275
0 0 0 0 3 -0.0324004777 4.05687094
38 45 67 76 3 -0.00489938911 -2.7449894
45 49 64 99 3 -0.00158552523 -3.73064065
33 41 66 101 1 -0.00574672781 -3.86095738
0 0 0 0 2 -1.50328851 2.69916248
38 41 102 113 2 -0.306315213 -1.20639849
58 65 75 78 0 -0.00414844789 -2.75228667
132 133 61 68 3 -0.0113410838 -1.57130957
77 81 96 131 3 -0.000131961933 -3.97004151
43 47 64 99 3 -0.010422511 -2.70439386
53 53 61 66 2 -3.4093624e-05 -5.08951473
77 81 116 151 2 -1.0265311 2.05884504
0 0 0 0 4 -0.0123690236 6.91460562
79 83 55 66 3 -0.0702074394 0.0314971507
48 56 35 41 3 -0.0803306475 -2.04165363
89 93 106 129 4 -0.00357959839 -1.44123101
79 84 34 45 1 -0.55834806 -0.554638267
122 122 76 111 4 -0.000347467139 -4.92594957
0 0 0 0 2 -0.0681785867 4.51562691
83 83 95 103 4 -0.000199667629 -2.04824758
90 91 100 106 4 -0.00257986854 -1.89993334
111 112 61 96 3 -0.652402699 -4.16977262
137 138 68 70 2 -0.0600084625 -2.73088789
65 69 29 36 2 -0.195742592 -2.82326341
81 82 99 110 3 -0.00520932255 -3.55862904
124 124 169 176 3 -0.0448660254 -2.34311342
110 114 130 134 0 -0.0295772795 -3.94980526
105 105 41 45 3 -0.346061021 -1.87525797
64 69 103 138 3 -0.000185595927 -3.05716848
41 44 123 126 1 -0.00101069524 -2.24393106
65 71 85 116 1 -0.0494633541 -2.03540492
62 69 143 149 0 -0.00365512585 -5.60956717
225 228 129 133 1 -0.863466144 -1.35020351
129 129 89 96 2 -0.00044556681 -3.18506885
57 61 98 129 2 -0.0573189259 -3.65937614
38 41 48 83 1 -0.000402773498 -3.14200091
0 0 0 0 3 -0.372443795 6.02467918
0 0 0 0 3 -0.183304638 7.05196428
57 61 112 147 2 -0.00767244073 -3.34912395
117 120 97 103 3 -0.000118372984 -3.1768837
73 78 0 44 3 -0.987356186 -0.42280215
0 0 0 0 2 -0.00650668703 3.71074605
91 99 112 127 0 -0.000517907494 -3.48688245
68 74 118 153 3 -0.111984417 -2.16451693
77 81 53 62 4 -0.000939383171 -3.35063744
0 0 0 0 2 -0.00417029392 5.98010921
0 0 0 0 1 -0.0236767139 4.87381792
94 97 70 74 2 -0.00783620123 -2.78798652
96 98 68 76 2 -0.000525898533 -1.88963103
41 44 84 86 2 -0.238456309 -0.771597624
87 91 102 137 3 -0.00179057254 -2.77558732
45 45 104 108 3 -0.0211805012 -5.79180956
197 200 124 159 2 -0.31390053 -1.18428636
0 0 0 0 2 -0.0291900542 4.2869525
37 37 88 93 3 -0.756567597 0.183530211
102 106 53 88 1 -0.023032451 -0.0920978189
67 69 105 112 3 -0.0013787396 -3.34583592
25 29 34 39 4 -0.11414896 1.93088269
111 115 128 139 3 -0.000652949559 -5.32032108
31 36 95 110 2 -0.00490649557 -4.95085382
91 94 69 74 1 -0.00130225171 -5.15741396
0 0 0 0 3 -0.0924225077 6.33372498
110 114 123 130 4 -0.000711488887 -3.13830471
107 110 67 102 3 -0.128011018 -3.6656909
97 102 126 161 3 -0.0626306683 -2.84113312
0 0 0 0 0 -0.0113721834 6.22462845
104 107 82 89 2 -0.000499080284 -4.07426214
0 0 0 0 1 -0.0423150212 5.06314182
0 69 140 147 3 -0.305069119 -0.633908749
37 39 44 51 2 -0.267394423 -3.3190155
143 147 39 74 2 -0.0285453778 -0.573010087
0 0 0 0 2 -0.560836613 6.86718035
50 54 69 84 3 -0.0019358258 -3.06705594
78 81 23 209 1 -0.45664677 0.778126299
128 133 111 116 1 -0.000872484758 -4.3954463
82 84 56 64 4 -0.000475359062 -2.31029868
56 61 83 118 2 -0.00172572467 -3.35274005
75 83 39 62 2 -0.0172042046 -1.56814265
159 161 49 84 2 -0.0300733056 0.099342227
104 112 80 88 0 -0.0170680676 -3.95539856
134 0 106 113 0 -0.624574661 2.33216119
93 100 44 79 2 -0.000724439509 -4.22842455
52 54 64 70 2 -0.0120942276 -1.3296181
69 71 85 92 1 -0.29730168 -2.72328854
50 54 123 158 4 -0.0164191443 -0.450828046
121 123 48 54 1 -0.116991572 -5.05430841
78 84 126 161 4 -0.00536054326 -1.14237356
73 75 87 92 1 -0.0305922981 -4.83799505
88 91 69 73 2 -0.0802988186 -4.36082268
105 106 115 123 4 -0.603926241 1.56793714
106 112 131 136 2 -0.263843089 -1.53949451
136 144 101 106 0 -0.0573784336 -1.65610433
117 117 55 66 2 -0.000233045954 -3.22551656
90 92 46 61 2 -0.00734490342 -4.8114872
82 85 94 129 2 -0.0289244223 -1.50034952
98 104 81 86 0 -0.747359276 -2.14126539
95 96 107 112 2 -0.00300551439 -3.26680827
137 140 71 74 0 -0.0140961166 1.92797804
21 25 51 58 4 -0.307521909 -2.77943468
0 0 0 0 2 -1.09492087 2.50890946
75 79 42 47 2 -0.000690410554 -2.79427028
127 127 41 48 4 -0.0202051364 -0.59648627
23 26 57 97 3 -0.888088703 0.649038374
121 124 143 151 2 -0.000307305716 -3.2328136
0 0 0 0 1 -0.638297558 8.03918171
0 0 0 0 2 -0.010625395 3.10097313
129 129 56 61 3 -0.00382720679 -2.38539696
64 68 79 86 2 -0.0155394524 -4.27042484
127 131 60 95 3 -0.0040743947 -3.71765852
191 195 174 180 2 -0.618882895 -0.583930373
0 0 0 0 3 -0.792570829 7.56420755
79 88 25 32 0 -0.00828012824 -3.96230459
31 35 63 70 0 -0.376371741 -3.10238075
141 145 158 163 4 -0.00443868572 0.539377272
124 125 54 77 1 -0.0677087158 0.831862986
46 50 54 55 2 -0.125268459 -3.02271366
45 49 69 73 0 -0.000196569483 -2.8435657
127 127 52 58 2 -0.000133869951 -1.69801998
26 30 174 209 2 -0.445116937 -3.89212108
125 131 88 111 2 -0.00603832724 -3.54782104
59 66 86 92 0 -0.0390844382 -2.52504611
138 138 57 64 2 -0.00249413331 -4.91435432
8 12 18 53 4 -0.0483975932 -1.42846251
131 131 56 91 3 -0.241517231 -2.45429659
178 178 107 142 2 -0.00108844298 -2.1382587
0 0 0 0 2 -0.119243123 5.565341
136 140 202 211 2 -0.0223759804 -1.98567867
158 164 179 183 1 -0.0127186785 -1.62521243
120 120 96 103 3 -0.00594629254 -2.21853685
0 0 0 0 1 -0.000967382744 4.14634037
122 126 80 115 2 -0.000728146697 -3.97970819
195 197 81 89 2 -0.0122812204 -5.78942442
35 39 47 82 2 -0.0183136612 -1.28915906
0 0 0 0 2 -0.0773025751 4.77601576
95 100 69 75 4 -0.0853344649 -1.54939485
108 112 123 158 2 -0.00305762957 -1.84960294
141 148 41 86 3 -0.499723643 1.65570021
0 0 0 0 1 -0.0104190009 6.008358
133 134 52 59 3 -0.00940066669 -1.814744
10 14 26 33 2 -1.09993601 3.15273523
102 107 33 38 2 -0.00291774375 -3.93122172
13 18 31 37 3 -0.61172533 0.720828712
88 96 58 64 3 -0.00513391057 -6.17698288
95 97 95 97 3 -0.129789621 0.248565674
205 210 130 165 2 -1.15650201 -2.89334083
37 38 56 61 3 -0.042882733 -2.30436826
82 88 101 108 0 -0.000724752434 -3.70350981
0 0 0 0 3 -0.536274195 4.15461254
102 103 116 127 3 -0.000753055443 -3.67878103
49 52 69 77 3 -0.110755585 -5.58890057
222 225 53 68 3 -0.425808489 -3.8231554
131 137 61 96 1 -0.000800822803 -2.20514369
0 0 0 0 1 -0.00159766595 5.91836405
65 65 81 88 3 -0.00140753994 -1.1000967
79 83 32 67 0 -0.00552472379 -5.35773182
50 50 124 132 4 -0.000208962549 -3.0889523
111 118 43 51 2 -0.00269823382 -3.23737407
130 131 53 88 1 -0.00633299118 -2.87458849
98 102 118 120 4 -0.0728407726 -2.48086381
44 49 121 126 4 -0.000137445051 -3.6006372
0 0 0 0 2 -0.0554794334 8.13458157
0 0 0 0 3 -0.00302461302 5.59046841
0 0 0 0 4 -0.858135819 7.50363207
30 35 55 90 1 -0.309219301 -1.62327814
112 112 54 77 2 -0.0613831617 -2.84346151
36 36 48 51 2 -0.000225534488 -4.23734713
66 67 74 75 2 -0.134486526 -0.155724406
19 22 38 40 2 -0.0237058289 -1.28364944
118 122 38 73 2 -0.0154035743 -3.50583529
0 0 0 0 1 -0.252209365 2.32109094
82 87 107 115 1 -0.000821583904 -2.51873159
78 79 87 89 2 -0.00158390054 -3.33128119
60 61 78 93 2 -0.00108868536 -2.97537065
123 123 48 83 3 -0.00018678882 -4.0826292
63 68 47 50 0 -0.0678298622 -2.22570467
60 62 79 86 2 -0.00800672825 -4.46878242
0 0 0 0 3 -0.526863337 7.4624548
73 79 152 160 1 -0.0033484723 -2.32584667
124 124 107 112 4 -0.000318392122 -3.2538712
65 68 129 132 2 -0.00493988115 -4.62335205
111 117 92 97 2 -0.199097827 -0.938319862
0 0 0 0 3 -0.689973891 6.90878248
99 101 171 178 2 -0.00567832962 -5.6126194
83 86 176 183 2 -0.0838007405 -2.24981856
28 29 37 72 2 -0.0073818136 -0.704225361
91 91 23 46 1 -0.00188193691 -2.56247735
0 0 0 0 2 -0.602890968 7.54898262
72 76 27 62 4 -0.000449134939 -3.13846707
0 0 0 0 2 -1.28211606 7.15164948
120 123 60 63 2 -0.233010888 -3.75397491
0 0 0 0 0 -0.0312078353 4.12813568
0 0 0 0 2 -0.00235445518 6.76066351
67 74 182 217 1 -0.0382237248 -4.1386714
186 192 111 142 2 -0.00821841788 -0.995143652
55 56 0 0 2 -0.499381781 2.79667878
111 0 183 185 2 -1.68956232 2.66918731
113 113 30 35 2 -0.0127946604 -2.24624753
0 0 0 0 2 -0.74514854 6.30839109
91 95 85 86 0 -0.0118772378 -3.8343935
67 72 41 49 4 -0.146907136 -0.535349846
151 154 179 194 2 -0.00264766463 -4.18662643
25 28 41 76 2 -0.00186354294 -4.65193272
124 126 103 109 2 -0.0104580717 -1.89303803
0 0 0 0 2 -0.365195662 7.13973856
106 112 44 79 0 -0.000674531097 -3.39247561
114 118 131 135 3 -0.000834670442 -4.96190691
50 52 64 70 3 -0.000528092962 -3.90649962
54 55 124 132 2 -0.00283591612 -1.92600179
136 141 42 50 3 -0.000563388923 -1.8701539
156 159 37 44 2 -0.000949141278 -5.23358059
110 112 45 49 1 -0.0574700795 -4.70291042
60 64 36 40 3 -0.00192141556 -2.61312914
33 35 64 71 2 -0.0313733481 -1.35366464
0 0 69 73 2 -0.997204423 0.254910052
64 65 44 49 2 -0.177132711 -1.33272541
65 65 129 136 4 -0.000183695127 -1.44320107
84 84 124 128 3 -1.14990151 1.05062318
41 48 89 124 0 -0.430923998 -1.55306363
150 151 46 81 1 -0.0344674513 -3.39264488
70 71 45 48 2 -0.0113935955 -5.75941229
0 0 0 0 2 -0.254063308 3.06368852
39 42 94 129 2 -0.121805631 -4.62804985
177 180 25 56 1 -0.432339042 0.00972741842
172 175 84 119 4 -0.00316328905 -3.32239819
222 222 75 110 2 -0.135697544 1.73452878
0 0 0 0 3 -0.835853696 6.59162188
96 96 68 76 2 -0.00104530505 -3.66399407
28 28 39 44 3 -0.00257867016 -4.42132092
26 28 47 55 1 -0.00138003612 -0.221798375
130 136 96 102 0 -0.000381657039 -4.22124577
99 101 117 122 2 -0.00337918592 -5.23493004
92 96 63 70 3 -0.0797132552 -4.25167608
51 57 135 142 0 -0.0140400035 -2.06767583
0 0 0 0 2 -0.589892507 5.06476212
79 84 92 94 0 -0.00330852042 -1.83637595
141 146 54 57 0 -0.358526349 -4.65678883
0 0 0 0 2 -0.377368182 7.47616196
35 39 55 63 2 -0.00201488007 -0.610207498
100 101 108 112 3 -0.0193884969 -0.4902879
47 47 81 87 3 -0.146438912 -2.40615225
45 50 65 67 1 -0.0239821542 -1.37868309
0 0 0 0 3 -0.184051514 6.68432665
50 54 73 79 0 -0.00233583385 -2.22203064
0 0 0 0 3 -0.00137199648 4.95647478
0 0 0 0 2 -0.106546603 5.09605742
0 0 0 0 2 -0.000375365955 5.48494864
169 170 96 131 3 -0.425322264 -4.21093607
98 102 33 39 1 -0.0301691759 -2.67391682
149 150 97 105 2 -0.00185374985 -2.93612933
69 69 95 98 2 -0.0267430656 -1.38737893
63 64 92 99 2 -0.00242356281 -2.25303745
165 166 42 73 2 -0.779910505 1.04267716
40 45 103 126 3 -0.000296681217 -5.35204601
81 88 101 108 0 -0.0653207004 -3.17776799
107 112 121 132 0 -0.00817818101 -1.22693205
0 0 0 0 2 -0.000809165358 4.86039305
52 55 64 79 1 -0.0101976302 -2.62240672
111 114 72 75 0 -0.00866111089 -3.23509431
99 101 115 119 2 -0.00548003428 -3.15196705
39 41 92 127 2 -0.00902614277 -2.44652295
29 34 50 58 0 -0.0236490164 -5.0120182
161 162 44 79 2 -0.00173000013 -5.53485823
168 168 185 196 3 -0.260572433 -1.89086771
136 141 52 87 2 -0.000408266322 -2.04954576
67 67 83 106 3 -0.0028222946 -3.31055546
105 105 84 88 2 -0.0834265128 -0.722408772
18 19 61 66 3 -0.00214527408 -3.32849455
85 87 119 127 2 -0.000648786896 -2.40681553
57 65 111 146 3 -0.0655944198 -2.9073112
51 55 70 81 3 -0.000342225045 -4.02959585
143 152 79 84 1 -0.0114118606 -0.872463465
64 66 131 166 2 -0.0036238695 -3.56573534
107 111 126 161 4 -0.000305146677 -2.02040076
36 43 103 134 2 -0.825615168 0.571112335
0 0 0 0 3 -0.00554078678 7.64534044
165 171 41 48 3 -0.0990080833 -5.08211756
116 123 46 81 1 -0.00608079229 -3.60435724
0 0 0 0 2 -0.52138871 2.85735679
131 135 81 88 3 -0.00212392886 -3.43673134
142 143 66 101 3 -0.521300972 -0.55357635
89 89 67 74 2 -9.94190486e-05 -3.60374999
121 124 133 148 1 -0.00326203601 -2.21621561
180 184 206 212 2 -0.0327773318 -4.07225084
81 87 110 133 1 -0.00071323273 -2.97135282
0 0 0 0 4 -0.469057053 7.91209555
59 71 125 131 0 -0.000259259221 -3.05738425
90 96 113 117 1 -0.00204699603 -0.797864139
157 161 106 141 3 -0.00412009656 -1.85906768
133 136 153 162 2 -0.0109004024 -2.67016888
140 148 169 204 0 -0.978018641 1.35854268
45 52 100 135 2 -0.430164099 1.33433104
0 0 0 0 3 -0.224455893 4.14567041
80 80 191 222 3 -0.264385641 -2.1720407
107 107 88 95 4 -0.000420630939 -3.46339369
100 102 78 89 2 -1.046507 -2.48611045
0 0 0 0 2 -0.306967765 2.37918854
0 0 0 0 2 -0.0674002767 1.84549046
98 102 118 153 2 -0.219911754 -0.70642817
141 150 50 65 0 -0.0640782416 -2.5073154
0 0 101 104 2 -0.469513297 2.06580186
0 0 0 0 2 -0.0177322179 3.12183857
138 142 116 123 3 -0.000188102378 -3.30659676
0 0 41 45 3 -0.330782503 -0.393119872
52 58 161 166 2 -0.116962098 -5.81329727
120 120 136 147 3 -0.0988935083 -5.39318895
186 189 76 111 3 -0.00780434208 -1.82988691
0 0 54 60 4 -1.13782513 0.212325335
29 29 40 44 4 -0.00995976571 -1.83409357
102 0 0 0 1 -1.21392202 2.525069
0 0 0 0 1 -0.335697025 3.97715831
58 66 137 172 0 -0.00760506978 -6.09458685
76 79 57 64 2 -0.0075957994 -2.47596312
92 93 49 72 2 -0.00306920893 -1.66892934
59 62 39 44 1 -0.00055078842 -4.51127434
62 65 77 83 0 -0.0914700553 -4.03500986
98 102 42 50 0 -0.0295869857 -3.63905931
73 73 43 55 2 -0.0154466666 -2.78608084
0 0 0 0 2 -0.00207564468 4.77503872
55 56 70 85 2 -0.131958574 -3.34105635
122 127 11 22 1 -0.0959310755 -4.06325531
94 101 111 122 2 -0.000403360697 -1.09783006
50 53 59 66 3 -0.00173609878 -1.6244278
62 69 167 174 1 -0.228382617 -1.30687404
58 58 69 104 3 -0.00103592046 -2.61239433
61 61 40 48 2 -0.00130537106 -1.25849938
35 35 100 135 3 -0.341549158 0.0214220881
93 98 113 118 4 -0.000325173023 -2.97927475
54 58 71 106 1 -0.0108607225 -0.760763764
76 83 48 63 2 -0.0337039009 -1.46946788
56 58 76 111 2 -0.000605679932 -4.42678022
146 152 109 117 1 -0.0142417233 0.577234566
79 82 52 56 1 -0.749420881 -2.52123666
149 151 43 48 2 -0.000583831919 -2.89056087
92 95 111 117 3 -0.181281388 0.793903887
127 130 46 77 2 -0.00885042734 -0.0496394634
45 48 85 89 1 -0.00226800307 0.853534877
40 41 82 117 2 -0.00308639137 -4.90896845
47 47 66 101 3 -0.00477219606 -4.09750795
148 149 55 90 2 -0.0586268157 -2.64527273
92 92 183 218 4 -0.683694482 0.342553794
40 43 98 129 3 -0.000445437297 -3.15540385
116 119 63 98 3 -0.0046533877 -2.52876616
0 0 0 0 2 -0.00891980249 3.20285082
135 141 110 113 2 -0.0269698873 -3.23103356
55 58 83 106 2 -0.096444957 -4.40105009
85 89 99 107 4 -0.00117280032 -2.10703754
114 117 23 58 3 -0.00100483699 -1.85463452
149 156 40 75 0 -0.0128179472 -5.63850403
122 126 77 112 3 -0.313904643 -4.13302994
52 59 108 143 3 -0.00418614596 -2.01691818
71 71 96 107 2 -0.00818213448 -5.30430174
22 26 31 66 4 -0.33681944 -0.901627421
57 63 43 45 2 -0.00212836545 -2.69924188
59 63 131 166 4 -0.0075826603 -2.92070198
93 94 45 80 3 -0.0285257064 -1.23934686
37 37 47 54 4 -0.185407311 -3.42023277
0 0 0 0 2 -0.448478907 6.2325511
127 130 45 48 2 -0.00687587773 -5.17600918
89 92 102 106 2 -0.000557125139 -3.49879408
168 168 109 120 2 -0.000829775236 -5.18394327
154 154 45 80 2 -9.08359507e-05 -3.67825055
69 72 23 58 2 -0.0161645468 -3.17896056
125 127 79 114 1 -0.0172607265 -2.44333005
84 88 20 31 1 -0.0836068392 -1.37157559
89 89 44 55 3 -0.00370654697 -1.56724095
105 113 129 132 0 -0.0790486187 -1.5970757
60 64 140 145 0 -0.00134999969 -1.95746255
40 44 82 87 2 -0.00447330857 -3.46811748
66 74 35 38 0 -0.00117149507 -4.65196371
51 52 62 97 3 -0.101695985 -1.54535937
40 40 53 88 4 -0.0041103391 -4.57819033
0 0 0 0 3 -0.186474964 5.85775375
40 44 54 85 4 -0.262912691 -1.7177186
96 100 41 50 4 -0.0932493508 -3.94302917
92 92 122 128 3 -0.00161272311 -1.58144665
65 67 81 116 4 -0.000152465334 -2.75904608
100 104 69 73 4 -0.00146846869 -2.65171456
40 48 60 68 1 -0.00212588347 -2.80367994
0 0 0 0 2 -0.000559291395 6.11662674
0 0 0 0 3 -0.548896074 5.9919138
110 116 46 53 2 -0.00128708209 -3.24276614
76 78 62 65 1 -0.00172804063 -3.35753727
105 110 126 131 3 -0.00502079073 -4.063241
73 75 92 95 2 -0.0084786918 0.0823418498
55 61 90 125 0 -0.0150785306 -2.0033443
0 0 0 0 3 -0.412942797 2.90090656
0 0 0 0 3 -0.0532485247 7.2398448
107 107 71 76 3 -0.333015084 -3.08362007
153 157 127 132 4 -0.00323315314 -2.25672245
0 0 0 0 2 -0.0314506255 4.64207983
24 31 35 46 2 -0.0627568811 -1.50891256
0 0 0 0 2 -0.00242025289 5.68500948
100 100 120 155 3 -0.00609249668 -2.87053061
180 184 38 73 4 -0.132132068 -0.364599645
32 32 69 73 3 -0.108223371 -0.738555849
51 58 70 105 1 -0.00098682032 -4.27130365
90 90 103 138 3 -0.000754049746 -2.03051305
0 0 0 0 1 -1.11255443 6.91433048
91 96 121 156 3 -0.000546515337 -2.59423733
41 44 62 69 0 -0.00108367263 -2.47879457
85 87 29 31 2 -0.00352962408 -3.68471909
159 163 109 144 3 -0.802734375 4.49417067
0 0 0 0 3 -0.0416385196 3.81040692
0 0 0 0 2 -0.121298254 3.01326108
105 106 74 85 1 -0.0138931219 -3.22677445
144 147 182 189 2 -0.363247663 -6.02548122
0 0 0 0 2 -0.429929584 -0.589354455
119 123 36 71 4 -0.00139993441 -4.94036198
53 58 127 158 1 -0.000249491073 -2.40210128
72 76 38 41 2 -0.000266893796 -4.06395483
63 66 81 116 3 -0.00462993188 -2.76989269
75 82 95 99 0 -0.0102517353 -1.69083714
201 205 133 138 3 -0.611679256 -5.17952538
88 89 98 105 2 -0.0021974179 -1.95575595
108 111 120 125 3 -0.0279899351 -2.01403189
62 65 84 119 4 -0.138621345 -3.29155016
51 51 87 90 3 -0.000715409406 -2.26345587
172 173 80 115 3 -0.00642026868 -2.54984403
39 45 100 102 2 -0.00883144233 -2.47522926
117 124 132 139 0 -0.00014543139 -2.55739927
27 27 40 71 2 -0.0284499377 -2.26986265
109 109 122 126 3 -0.00498709874 -2.99447465
0 0 0 0 1 -0.0527104884 4.60422897
39 39 49 84 3 -0.000295501755 -5.19883633
0 0 0 0 4 -0.219785854 4.66689777
24 27 40 55 2 -0.00695516448 -1.94918823
58 62 100 108 1 -0.000128145039 -4.23304415
56 57 70 101 3 -0.0042415997 -2.97090435
58 62 41 48 1 -0.000563281938 -3.01082468
122 124 80 103 2 -0.0434329174 -2.56520724
109 109 44 55 3 -0.00431217579 -3.85348058
0 0 0 0 1 -0.680340111 1.97398663
90 90 150 155 3 -0.00183418929 -2.87131643
0 0 0 0 1 -0.694618106 7.66423464
94 98 111 146 3 -0.000643634936 -1.91321468
93 93 70 81 2 -0.00046522342 -4.11435652
110 117 51 58 0 -0.00426849909 -2.13447785
135 137 156 161 1 -0.0528464355 1.02991748
0 167 132 147 1 -2.1796701 2.09499907
86 90 146 152 3 -0.0201286525 1.93698955
78 81 91 126 3 -0.00164925749 -3.25589085
72 75 95 134 3 -0.0939229876 -1.68302751
110 112 62 93 2 -0.00453491043 -5.27335262
0 0 0 0 2 -1.07217658 7.62269354
47 53 83 90 1 -0.486319065 -1.49466896
135 135 115 121 2 -0.0239642281 -3.14051747
120 0 0 155 2 -1.98381317 2.48286676
103 112 36 71 0 -0.0410919823 -4.12327194
0 0 114 122 2 -0.745100737 1.85018039
55 55 111 146 2 -0.00346696214 -1.47532439
84 89 58 73 4 -0.02149483 -3.34094691
78 84 96 101 0 -0.0321833864 -1.57498026
64 70 83 91 2 -0.00190252578 -0.495584488
97 101 35 70 3 -0.00344744511 -1.73612022
81 81 37 72 3 -0.486865342 -3.30694938
46 46 60 95 3 -0.00182023644 -4.15599394
36 39 91 95 2 -0.00152319239 -3.93087125
0 0 0 58 1 -2.42764044 1.09322524
50 54 113 144 1 -0.765582442 0.252812028
118 119 62 65 2 -0.00729032001 -2.98400402
22 27 34 69 2 -0.152049005 -1.71819234
78 78 86 92 2 -0.000126954386 -4.97920132
0 0 0 0 1 -0.333601892 3.08233619
39 42 100 135 2 -0.120904252 -2.71331358
208 209 90 125 4 -0.0506165549 -0.732864082
0 0 0 0 2 -0.860607982 1.29777932
85 86 97 104 2 -0.592841685 -1.69257402
0 0 0 0 3 -0.00595848169 6.28483009
110 110 90 92 3 -0.00129617425 -2.81790161
119 123 86 93 3 -0.00147846516 -2.52919817
135 138 49 57 1 -0.000818860368 -4.99827719
125 130 107 110 1 -0.0126898931 -2.83483481
62 64 36 44 1 -0.0229202155 -4.73238802
100 108 33 68 3 -0.001128142 -3.90930629
0 0 0 0 2 -0.375771582 2.90109158
53 57 100 135 3 -0.24105221 0.305105209
38 41 46 53 3 -0.420588136 -0.793605983
128 130 54 65 3 -0.00353476126 -3.06227398
26 31 47 53 3 -0.37138173 -3.93339229
0 0 0 0 2 -1.38037872 -0.0581921935
46 49 78 113 3 -0.0125281224 -4.59776592
0 0 0 0 2 -0.0163123384 4.5816884
0 101 180 187 3 -0.959367156 1.36186171
80 83 34 69 3 -0.00542886136 -5.33654118
106 0 160 169 1 -0.962008417 3.81304049
0 0 0 0 2 -0.0027985489 6.42522717
125 129 57 63 3 -0.0181721579 -1.43666124
58 60 0 0 2 -1.0934577 0.903844416
107 107 113 119 3 -0.106322065 0.288360894
90 97 74 80 0 -0.000723041012 -2.19073868
54 58 69 76 2 -0.000527203199 -2.63573265
34 39 43 54 0 -0.014145107 -2.93325019
25 28 106 111 3 -0.153875947 -2.45251799
110 115 194 199 1 -0.0676322356 -0.584080994
69 73 126 0 4 -0.382681757 -0.306596845
41 45 59 90 3 -0.0148917586 -2.91821408
126 130 46 69 1 -0.00025998379 -1.08681214
0 0 0 0 3 -0.371082723 4.49988079
96 102 78 82 1 -0.00240854453 -4.05263567
123 129 107 112 0 -0.00490960293 -3.73006463
61 64 77 80 2 -0.0060751331 -2.72018361
0 0 0 0 3 -0.738487899 2.81213999
73 77 48 56 3 -0.000901096559 -5.31695843
37 40 86 93 2 -0.047548227 -1.23303699
76 80 93 100 3 -0.18340674 1.41800308
211 214 182 189 2 -0.0323399231 -3.01789951
146 153 76 111 1 -0.000557366177 -2.95894575
116 119 140 149 0 -0.272409946 -3.2187469
67 70 49 52 0 -0.0447829515 -4.43483067
44 48 0 0 1 -0.473454177 0.46780622
185 185 46 61 3 -0.0201327093 -4.85426283
0 0 0 0 2 -0.127636731 7.37822056
113 115 61 64 1 -0.00518730469 -2.01714492
0 0 0 0 2 -0.538618684 3.43059516
0 0 0 0 2 -0.289298892 4.12441111
89 92 72 75 1 -0.00137977779 -1.79495335
231 231 185 220 0 -0.203373685 -1.85493803
145 147 212 105 1 -0.373766065 0.824834049
0 0 0 0 1 -0.796603501 7.31154823
67 72 101 136 1 -0.000946576416 -2.31607771
60 66 80 87 0 -0.00155384454 -5.8653698
0 0 0 0 2 -0.00725046033 5.23282719
105 113 124 134 2 -0.933219194 0.855763853
87 92 64 72 1 -0.000273812038 -1.38804126
0 0 0 0 1 -0.526792884 4.96479988
0 0 0 0 3 -0.419439524 3.57047915
0 0 0 0 3 -0.184374556 4.00971556
44 49 0 69 0 -1.64845097 1.07431674
0 0 0 0 2 -0.198483959 5.60965109
126 130 60 95 3 -0.0166854933 -6.1253643
130 133 150 185 2 -0.147542149 -0.158963621
26 34 66 74 1 -0.000572508899 -3.44685221
49 51 72 107 2 -0.0116451699 -0.843072176
57 61 76 111 4 -0.0157413688 -3.27745557
0 0 0 0 2 -0.0642823502 4.27381182
114 118 146 155 1 -0.00365261291 -4.07288933
151 157 169 177 1 -0.00383555517 -1.48968935
0 101 62 70 2 -0.849906802 -2.61985517
95 99 70 73 3 -0.0022598207 -2.46040034
17 23 28 33 1 -0.35121119 -0.324043989
0 0 0 0 2 -0.000583975052 4.5189476
32 33 93 102 3 -0.0670639649 -4.596066
72 75 93 102 2 -0.000574264559 -4.7896409
67 71 50 52 2 -0.00222410425 -3.80478621
60 65 98 105 0 -0.0179745741 -4.10493994
0 0 0 0 1 -0.0889088511 4.77384567
69 76 42 49 2 -0.857513309 2.09643888
202 206 176 180 2 -0.00384666864 -0.734950304
78 82 93 128 4 -0.00114420045 -3.92485762
96 96 113 122 2 -0.000798697467 -2.87336469
75 76 92 127 2 -0.00447118934 -2.20160985
63 64 41 48 1 -0.00300855981 -1.01759267
100 100 19 26 3 -0.00138478982 -3.23631954
0 0 0 0 2 -0.661219239 6.28972483
143 148 67 102 1 -0.0803967565 -2.69226909
0 0 0 0 2 -0.00312414486 3.85873389
129 137 50 57 3 -0.0265179537 -4.64012814
133 139 149 154 0 -0.064489536 -2.72353268
115 119 137 145 3 -0.0178403966 -5.70672178
92 94 126 130 4 -0.290457338 0.564445794
129 130 114 122 2 -0.000615387864 -4.76685381
0 0 0 0 2 -0.802027702 2.23729157
28 32 82 117 3 -0.00398680288 -5.63501453
144 148 74 82 0 -0.0202321392 -2.32426953
83 83 39 41 2 -0.000623053929 -2.84903836
27 32 40 75 2 -0.00602465682 -2.50313139
86 91 107 114 4 -0.00865557417 -1.34518719
123 130 43 78 2 -0.000283456116 -3.564183
59 0 0 0 2 -1.33641529 4.45764351
129 129 0 163 3 -1.28082645 1.44023657
63 63 45 48 3 -0.000126355968 -4.2833972
32 34 102 137 1 -0.00572838169 -3.41553736
0 0 0 0 2 -0.141742975 7.51136923
57 61 176 191 4 -0.288232237 -3.39553714
105 109 49 84 4 -0.118196249 -2.3787508
109 115 137 141 2 -0.00588014722 -3.49596548
0 0 0 0 1 -0.882148266 4.8302269
120 124 101 108 3 -0.00130789541 -2.67000389
84 87 63 70 3 -0.534342647 -2.98875856
46 50 77 112 4 -0.000190848339 -1.57341576
0 0 0 0 3 -0.633279264 3.11848927
130 133 83 88 0 -0.00632362487 -0.969376028
75 78 34 65 2 -0.000743505079 -4.15660858
26 30 62 64 2 -0.00330338278 -3.81151867
122 125 60 83 1 -0.155164778 -2.14354801
30 35 91 96 1 -0.00121287699 -2.27927756
55 55 87 94 3 -0.0241819359 -4.27685642
185 186 128 163 2 -0.0201936625 -1.32451749
165 170 126 141 2 -0.0159344543 -0.888686657
92 97 109 112 0 -0.0156726446 -2.52940941
116 118 63 69 1 -0.000770247541 -2.83807302
77 78 100 104 1 -0.0375695266 -2.85567474
0 0 0 0 2 -0.000626645051 5.70483541
25 28 37 45 1 -0.00961630046 -3.91169262
46 46 86 121 3 -0.291644514 -2.36815906
98 98 109 117 2 -0.0128316637 -3.32238412
0 0 0 0 1 -0.00141533918 5.38127661
44 47 108 143 3 -0.148863539 1.46430755
40 41 100 107 3 -0.0223560203 -0.930624306
139 144 114 120 3 -0.000617920421 -2.45168185
109 114 147 178 3 -0.162246063 -2.45049715
0 0 0 0 4 -0.689613342 7.31161976
95 95 105 140 2 -0.0112700146 -2.1081562
34 35 41 76 1 -0.241044328 -3.00968885
91 0 125 160 2 -0.989640832 1.12189007
147 150 105 128 2 -0.000297288818 -3.85558057
101 106 67 68 0 -0.00126170088 -4.44564819
172 172 69 76 4 -0.112804875 -0.637884498
110 115 48 59 1 -0.00028834003 -3.71256924
141 143 46 49 2 -0.00105226086 -1.19289207
44 55 59 0 3 -2.0274477 -0.248227447
122 124 134 140 2 -0.000966886291 -5.44542551
101 104 34 69 1 -0.0192324053 -1.43903279
122 126 91 93 4 -0.000937102421 -0.570501029
66 70 131 134 2 -0.00664873049 -2.77497602
55 62 110 114 2 -0.000430197426 -3.04374385
22 22 93 98 2 -0.039982453 -3.66398215
0 55 0 0 0 -1.81547034 1.65085983
90 93 37 72 1 -0.00379744591 -3.98614264
0 0 0 0 4 -0.442762583 2.52135015
0 0 0 0 2 -0.00145773275 4.3521533
37 38 74 105 2 -0.0116648134 -1.87142158
25 28 118 121 4 -0.0118941478 -1.2531532
160 163 111 146 0 -0.00035903856 -4.61064482
57 64 101 108 0 -0.00200017542 -3.66788697
72 76 110 112 3 -0.0102121141 -3.69117475
50 55 175 206 0 -0.196647882 -0.514580965
42 44 53 55 1 -0.00450111832 -0.551864505
83 87 190 196 2 -0.000451414904 -2.53586507
0 0 0 0 1 -0.0544214286 3.79550529
38 43 96 131 1 -0.000203241798 -3.66809964
52 56 140 151 4 -0.00207421347 -3.39571095
79 84 58 64 0 -0.707504272 -4.24407434
0 0 0 0 3 -0.124873653 1.38277268
140 141 110 125 3 -0.00264717126 -4.44860506
107 113 131 166 1 -0.00908195041 -0.94755578
46 47 127 134 3 -0.0189349875 -0.500618219
0 0 0 0 2 -0.495558143 3.20079827
58 63 144 148 1 -0.188320458 1.77035308
108 112 132 135 3 -0.00237242924 -5.48683643
52 59 104 111 3 -0.0479166359 -0.315901995
123 124 68 71 2 -0.00234545907 -4.05061102
41 46 164 167 1 -0.0055177277 -1.70658064
125 129 141 176 3 -0.00029097122 -4.25303888
0 0 0 0 2 -0.0327582136 3.86155057
75 78 90 125 2 -0.00179687876 -2.23089337
99 103 120 127 2 -0.00018977662 -4.97715712
89 92 100 105 1 -0.000123260674 -3.94092917
0 0 0 0 1 -0.106742777 7.24600029
0 98 48 83 2 -0.43524915 -1.27799821
68 72 44 47 3 -0.598228633 -2.51239109
0 0 0 0 2 -0.517802358 5.50011063
0 0 0 0 2 -0.0122748399 7.00970554
104 105 178 213 2 -0.0182164013 -5.83861208
59 61 123 127 2 -0.000486924633 -1.45825791
0 0 0 0 2 -0.00102048856 4.49119282
91 93 105 107 2 -0.000164981335 -4.58514357
106 107 41 76 2 -0.00429741666 -2.97186995
53 53 67 71 2 -0.000847891613 -4.71224022
108 112 58 93 4 -0.000359855389 -5.03477764
112 116 60 91 0 -0.162124082 -3.71143174
46 48 66 71 2 -0.0341007598 -3.6802423
90 91 106 113 3 -0.0242626518 -3.06941938
75 77 51 58 1 -0.0014145358 -2.08252287
0 0 0 0 3 -0.683520615 5.96453857
89 91 69 74 1 -0.000127192034 -3.46884084
69 73 95 99 4 -0.000265818584 -3.11809945
38 40 90 113 2 -0.805066466 0.694854796
0 0 0 0 2 -0.0115801748 4.00533295
93 98 64 75 1 -0.0642840788 -3.97445154
0 0 0 0 2 -0.00119024678 5.43249798
49 50 68 71 3 -0.00474041514 -3.24030185
52 58 133 139 2 -0.0160517022 -4.12062454
120 127 52 87 0 -5.49549113e-05 -4.2521925
195 201 138 173 2 -0.0157843474 -2.99493289
102 90 118 123 2 -0.641532779 -2.88408613
0 0 0 0 3 -0.0527207144 5.20235109
0 0 0 0 3 -0.00421294058 3.58309436
167 168 56 91 3 -0.00398558099 -2.2794137
138 142 108 116 3 -0.00250364374 -2.94097543
105 109 34 69 2 -0.00321480213 -4.24627161
61 62 98 133 3 -0.687385142 -2.91175151
124 124 47 54 3 -0.00606092345 -3.55992246
0 0 0 0 3 -0.0436298922 4.28510618
82 84 110 145 2 -0.0374297462 -0.844855905
35 39 43 47 3 -0.719732761 -0.904382467
87 89 28 39 2 -0.00545318332 -2.25526857
47 50 64 72 2 -0.00624459749 -0.560664117
45 48 162 168 1 -0.00725271925 -2.88358593
112 112 62 97 4 -0.027304586 -2.75977778
0 0 0 0 2 -0.110355377 4.47716141
52 56 69 75 4 -0.103566214 -0.746270418
85 85 101 136 3 -0.00696236966 -3.73836994
104 104 114 119 3 -0.0401193053 0.368677735
12 18 23 30 0 -1.27374411 -1.75307727
44 54 59 63 1 -0.0244785361 -2.39415264
0 0 0 0 3 -0.568317056 6.53875971
45 47 64 87 1 -0.00388521398 -2.80073547
143 151 110 125 0 -0.00041863037 -2.57010961
0 0 0 0 0 -0.00692542689 5.65043211
62 65 24 32 0 -0.00398341985 -3.72092819
26 34 99 134 1 -0.0671566352 -3.30327821
107 112 126 133 3 -0.00276182545 -1.87297082
126 127 106 113 3 -0.00208102353 -3.03463817
38 43 49 84 4 -0.0217258837 -0.654790282
53 55 81 116 1 -0.000146981809 -3.95353866
47 47 115 150 3 -0.000384381332 -6.9928937
111 116 130 136 1 -0.0277863406 -1.74612594
48 48 58 62 3 -0.00994028896 -2.33045697
0 0 0 0 1 -0.0198746212 3.87830043
52 55 75 106 1 -0.336266339 -2.70963359
88 92 115 126 2 -7.02135294e-05 -4.40778542
147 150 167 173 1 -0.000828276214 -1.10039973
89 89 99 122 3 -0.0180812385 -1.60615993
60 61 75 84 4 -0.00358908065 -2.28255153
176 180 96 131 2 -0.365343601 -2.53495288
117 118 98 107 3 -0.0114824334 -2.59240031
0 0 0 0 1 -0.0346679538 3.86445642
169 174 76 99 2 -0.0310738683 -0.27740252
92 98 124 135 0 -0.00705312472 -3.04583764
137 139 90 125 3 -0.0397023894 -0.811101139
173 174 99 122 2 -0.0910264626 -2.4466629
55 59 68 70 0 -0.00212019077 -2.52339864
0 0 0 0 2 -0.0271404143 3.97904229
16 19 110 149 2 -0.0619469546 -0.920128167
59 61 124 132 1 -0.00354054105 -1.1339159
0 0 0 0 3 -0.0674220622 3.37108397
143 148 34 69 4 -0.00399818365 -4.46330738
44 48 34 37 0 -0.00499804877 -2.96432662
0 0 0 0 3 -0.251113862 3.00031877
81 83 46 53 2 -2.54279423 -0.821372509
125 128 150 157 1 -0.717921436 -1.83972096
34 34 42 53 3 -0.0224615261 -1.6844213
0 0 0 0 3 -0.445435822 0.69687897
0 0 0 0 4 -1.09830713 7.64560175
184 187 54 89 0 -0.067171827 -4.8125701
0 0 0 0 2 -0.0294712 5.17482853
0 0 0 0 2 -0.805160105 7.43041229
28 32 76 82 1 -0.159359127 -1.22125006
72 78 112 143 2 -0.00785975344 -4.15689611
60 64 125 127 4 -0.00167219271 -1.91663074
115 120 54 66 4 -0.0421351418 -2.90160179
52 59 42 46 2 -7.90344639e-05 -4.20335579
87 90 63 68 3 -0.00131710002 -2.87441826
97 103 53 76 1 -0.000201449351 -3.82797456
0 0 0 0 1 -0.57773906 7.2133007
30 37 50 85 1 -0.00721893925 -0.248196259
0 0 0 0 1 -0.123527743 4.04684496
201 206 146 180 2 -0.799665928 -2.66944861
45 46 60 62 2 -0.00279661128 -1.97597814
104 109 43 47 2 -0.000396938412 -3.31830788
194 195 148 159 2 -0.0283956528 -1.76781392
134 135 91 114 2 -0.37414223 0.438932598
84 87 93 99 3 -0.147230282 -0.463201463
56 59 41 43 1 -0.000584443624 -2.20593238
85 92 119 121 0 -0.0037703698 -0.635254502
138 145 42 65 0 -0.0413360596 -4.00375462
92 96 71 75 3 -0.00105920841 -4.60543633
148 155 48 83 2 -0.0013990209 -3.40651417
55 60 91 93 2 -0.0815772116 -1.05256176
0 0 0 0 0 -1.24752867 2.13402748
130 136 61 66 2 -0.00158896227 -4.76805353
0 0 0 0 0 -0.571101308 1.881001
89 92 68 79 0 -0.0125586251 -4.73701572
118 118 90 96 3 -9.76312003e-05 -3.43678689
227 228 97 132 2 -0.100905202 0.125540018
184 188 136 142 3 -0.0240721144 -3.61534715
22 26 59 68 2 -0.105516858 -3.36431646
0 0 0 0 2 -1.54714608 3.63772941
118 118 86 93 3 -0.00345691177 -2.7428112
39 42 113 115 4 -0.0053965468 -1.58462572
201 206 60 64 2 -0.0159071814 -1.62060308
0 0 0 0 3 -0.578832924 7.23575974
62 65 76 111 2 -0.000369649206 -5.70974398
142 144 92 98 2 -0.000882814289 -2.69980168
109 114 90 98 2 -0.0634100586 -1.05729151
74 74 120 155 3 -0.00588629022 -1.56464219
0 0 0 0 2 -0.901091039 7.68548822
0 0 0 0 4 -1.11349487 7.61092901
55 60 106 141 1 -0.66409421 1.80561852
123 124 73 108 3 -0.0104982946 -1.79111576
59 63 99 104 2 -0.026470704 -4.06912994
161 165 93 128 2 -0.00276005128 -3.81696224
119 120 138 145 2 -0.0692674667 -1.41129971
0 0 0 0 3 -0.0668178871 3.36073017
0 0 0 0 2 -0.456518888 4.00110483
124 129 142 149 3 -0.00386113697 -2.53643417
85 218 85 91 0 -1.50041521 -1.54760313
44 48 66 73 4 -0.0457296297 -0.849154949
17 26 30 35 0 -0.208274931 -1.48472762
142 148 159 165 3 -0.725532532 -0.807011724
84 91 25 34 1 -0.00105795916 -3.60049367
108 112 219 227 4 -0.262272418 -1.83602524
0 0 0 0 1 -0.571500897 2.38638043
152 153 130 145 2 -0.00206529163 -2.05200744
141 144 56 91 2 -0.00331804529 -3.48719454
0 0 0 0 2 -1.05449879 4.81928062
0 0 0 0 2 -0.559425831 4.86366224
0 0 0 0 3 -0.442242295 6.9447279
47 50 62 64 4 -0.0410132185 -2.9443891
0 0 0 0 1 -0.00140630524 5.1730485
184 188 159 166 3 -0.0254345443 -2.1524086
45 49 52 75 3 -0.194603413 -3.01726532
118 121 45 0 2 -0.871120274 1.96287251
67 67 47 55 2 -0.000112770205 -4.68165922
61 63 89 120 3 -0.0149828335 -4.94445896
41 46 86 121 0 -0.000586901559 -5.62691402
0 0 0 0 4 -0.00429065805 5.58461237
0 0 0 0 3 -0.00779075781 3.5548861
49 58 71 75 0 -0.0357839614 -0.878238559
0 0 0 0 2 -0.0023565616 5.48077774
36 38 139 146 2 -0.204732701 -0.477148801
84 91 45 50 0 -0.000167483726 -4.10918951
43 46 94 97 2 -0.00696515571 -0.592219234
97 105 48 52 3 -0.00396119431 -6.16971922
0 0 0 0 2 -0.26656431 5.90595675
0 0 0 0 0 -0.0184117611 4.93933868
0 0 0 0 4 -0.113874994 4.00862789
123 127 142 150 2 -0.00820406619 -0.832299709
28 32 38 69 2 -0.374098688 0.629693806
0 0 0 0 1 -0.533203363 6.56836176
160 161 43 50 2 -0.00394988386 -3.33247638
28 28 38 45 2 -0.439517409 -3.65708995
0 0 0 0 2 -0.155039623 6.42707109
94 94 35 70 1 -0.0466264412 -0.691052675
119 111 24 59 2 -0.570223927 -4.54404449
96 99 107 138 2 -0.0499407649 1.04246473
0 0 0 0 0 -0.429676503 6.05308342
47 53 124 131 1 -0.00449433969 -4.4182086
0 0 0 0 3 -0.00307732285 6.48634529
215 219 80 87 2 -0.0670375153 -2.20471621
77 82 92 115 3 -0.00120419951 -4.9043355
93 96 137 148 2 -0.00551108038 -0.661529362
115 123 134 169 3 -0.000228159362 -2.03753757
105 107 114 122 3 -0.560007989 -0.173040628
58 62 83 91 2 -0.00115933595 -2.51310635
57 57 70 77 3 -0.0187600348 -2.9232831
78 79 42 57 2 -0.0216926821 -1.51154995
88 89 95 130 3 -0.0101697696 -2.65574741
93 95 40 48 1 -0.00638388842 -1.20498371
0 0 0 0 3 -0.045008447 5.80303621
63 66 26 49 1 -0.0905061886 -1.1690042
95 99 112 135 2 -0.000998465694 -2.97066164
141 142 56 64 2 -0.0158578344 -2.76849556
93 96 71 79 2 -0.000740938936 -3.8956027
64 68 116 120 2 -0.000600107946 -4.19324541
125 129 55 90 2 -0.177605316 -2.1484313
0 0 0 0 3 -0.0496132001 2.56904078
75 80 96 107 4 -0.0011859762 -2.29021144
140 143 116 131 1 -0.00141744118 -0.283007622
110 116 55 86 3 -0.0271403268 -1.84458303
0 0 0 0 0 -0.00298103038 6.20879316
114 115 33 37 2 -0.000662188046 -2.64514089
55 60 40 45 2 -0.00268645608 -2.95144224
96 97 118 133 2 -0.00357439183 -3.66586876
14 15 19 22 2 -0.782494426 0.259343863
107 107 0 0 3 -0.730053306 0.382778406
163 163 83 118 3 -0.000149604253 -3.55773711
113 120 135 166 0 -0.023883054 -1.79991937
48 52 90 113 2 -0.000576485589 -4.9389472
61 65 124 139 3 -9.83455902e-05 -3.81020403
0 0 0 0 2 -0.516459882 7.02821302
120 128 53 60 3 -0.00959072728 -2.74013662
71 79 111 120 1 -0.0492137894 -0.0945496857
0 0 0 0 2 -0.0386120267 2.4696703
33 37 51 86 2 -0.000183098949 -3.99779201
62 66 21 36 3 -0.405978173 -5.81277609
178 186 82 86 0 -0.0244399924 -1.40141249
46 46 63 98 4 -0.0239163954 -1.97902703
22 29 36 71 0 -0.169464245 -4.4706068
50 58 105 128 2 -0.0220309254 -1.28433371
0 0 0 0 0 -0.810368598 5.9545083
114 118 38 45 2 -0.000685186824 -3.34743237
127 133 54 89 2 -0.000367973815 -4.43267107
0 0 0 0 2 -1.00052798 7.57955313
64 65 213 220 3 -0.194617212 -3.36722803
134 137 37 72 3 -6.4610751e-05 -6.55254078
88 92 34 78 3 -0.229065135 -0.863446236
110 113 72 80 3 -0.00700798724 -2.5027976
0 0 0 0 3 -0.00459457422 4.24160624
165 173 114 149 0 -0.000159019924 -3.54051232
126 127 210 245 2 -0.480133653 1.0706389
105 106 115 126 2 -0.338581949 -1.22064567
0 0 0 0 1 -0.0533423126 3.75002933
85 87 96 131 2 -0.00111254922 -3.72799969
48 68 85 120 2 -0.760417759 0.578241169
108 115 125 131 1 -0.000348297559 -1.95340061
40 45 54 89 2 -0.0097952038 -4.62135792
140 140 72 78 3 -0.0056043691 -2.19647527
119 123 80 95 3 -0.000147696497 -5.31548548
36 40 68 75 2 -0.00821416732 -4.21044254
152 154 119 128 1 -0.0262213238 1.68804407
87 87 98 102 3 -0.0142550934 0.80205816
101 106 152 156 0 -0.0314066634 -0.273926318
0 0 0 0 1 -0.415515512 5.55848265
47 53 57 64 2 -0.193234608 1.54976964
89 93 127 132 1 -0.00993707683 -1.92973638
107 111 60 95 3 -0.0101606864 -2.30141902
0 0 0 0 2 -0.0363119841 7.55674458
108 113 53 88 3 -0.00773636159 -4.6518054
0 0 0 0 1 -0.134008229 2.99903202
146 149 125 131 2 -0.0022516842 -1.83776903
112 118 53 76 1 -0.0424563102 -1.88090968
70 75 144 179 2 -0.0180942118 -2.89420867
56 59 83 118 2 -0.0061394535 -4.00324011
132 137 69 104 1 -0.00290209264 -5.42450762
42 42 47 54 4 -0.104948334 -0.817848086
0 0 0 0 1 -0.0891712308 5.19931507
25 29 46 52 1 -0.0207754429 -3.0361619
147 148 92 127 2 -0.00375593873 -3.54134274
129 133 29 64 2 -0.00116900285 -2.54092669
114 116 128 134 1 -0.00758877909 -2.92540193
50 53 134 137 1 -0.00231774501 -3.54431033
0 0 0 0 2 -0.483772516 6.88553333
114 114 173 177 3 -0.00582180731 -1.64846158
111 117 44 51 0 -0.00222679507 -3.77400374
69 72 24 59 4 -0.134696022 -1.03373086
0 0 0 0 1 -0.970694005 7.0560565
48 51 76 111 2 -0.0476600826 -3.13368368
132 133 70 78 2 -0.0647510812 -3.64006948
70 73 153 159 3 -0.445490837 -0.618999779
153 161 49 80 1 -0.0166075677 -1.94886041
74 78 91 126 1 -0.000943533611 -4.97195816
84 89 63 71 0 -0.000674642622 -5.01003218
105 107 51 74 2 -0.0011967707 -5.09622812
94 99 109 115 3 -0.274276346 -1.64306307
166 167 50 58 2 -0.600124419 -1.52679062
25 28 140 175 3 -0.00861742534 -3.61718512
0 0 0 0 2 -0.34078756 4.55310822
109 110 129 136 2 -0.054466404 -1.45095444
71 75 89 100 3 -0.138922289 -1.73841166
0 0 0 0 3 -0.692745328 7.20178413
72 75 85 120 4 -0.0041653337 -3.10382605
119 123 101 108 0 -0.0266648252 -0.744213164
0 0 0 0 2 -0.00320851104 4.83090973
35 39 121 124 3 -0.111820072 -2.11184001
116 124 130 138 0 -0.0140450373 -0.599213123
71 71 47 55 3 -0.159337968 -0.485926181
37 37 68 75 2 -0.00199240167 -4.25060415
94 97 131 166 2 -0.00341090444 -3.23487759
140 140 103 126 2 -0.00146725983 -1.84616542
44 44 54 89 4 -0.00956465863 -1.13200116
41 44 59 66 2 -0.00144705898 -2.68884802
44 48 183 185 2 -0.00664079143 -2.48302054
159 164 63 68 2 -0.00849165488 -1.64843607
0 0 0 0 2 -0.0223038122 2.4823041
36 41 95 130 3 -0.00808077492 -2.76296902
87 93 139 147 1 -1.17856359 1.3000989
97 101 109 116 2 -0.0161185395 -3.24359918
64 64 82 87 2 -0.061426457 -5.10462713
0 0 0 0 2 -0.0180463362 3.15920973
192 192 147 151 4 -0.00151992729 -4.10715151
69 69 49 57 3 -0.000280484062 -4.34107924
0 0 0 0 2 -0.977507234 4.41436863
0 0 0 0 3 -0.697353482 6.67161322
0 0 0 0 2 -0.00807096157 3.37917423
0 135 0 0 3 -1.27053738 1.69741559
101 103 116 123 3 -0.0904398561 -3.08121872
66 66 78 82 3 -0.00346720661 -1.9931035
0 0 0 0 1 -0.015046061 4.29698277
0 0 0 0 3 -0.195448667 2.35468578
117 117 33 68 4 -0.0046682395 -4.00812483
89 93 55 61 2 -0.000382627884 -4.04989004
14 9 23 31 4 -0.89119494 -2.02966118
154 158 128 135 3 -0.00309034809 -1.98453307
44 48 79 83 3 -0.0190895479 -1.29252887
119 120 63 65 2 -0.00912821013 -2.92500186
87 92 105 111 3 -0.0979545638 -1.90242124
0 0 0 0 3 -0.0361299179 3.64639926
94 99 149 184 0 -0.00401328458 -2.02884817
28 30 47 51 2 -0.351867735 -4.54389763
102 105 24 59 2 -0.00973128993 -3.36053753
0 0 0 0 1 -0.0108056292 3.72539926
54 61 120 122 2 -0.0288122222 -2.89517426
0 0 0 0 3 -0.163134769 6.23834562
57 61 70 93 1 -0.0466031879 2.67248487
81 84 50 61 0 -0.0708040521 -3.75557518
182 182 128 163 2 -0.00830206648 0.92169553
98 103 50 58 3 -0.00381601439 -1.95803857
101 104 20 27 3 -0.0796195418 -2.53011417
153 157 77 112 4 -0.110640734 -0.580791235
52 58 135 170 1 -0.270256668 -1.61850858
112 114 128 130 3 -0.00274942815 0.245840371
95 96 120 135 3 -0.00124202715 -3.78814983
107 113 124 131 2 -0.000602160289 -3.74887109
73 73 80 95 3 -0.00233878987 -4.28895473
83 87 106 113 1 -0.000365587155 -1.37113833
105 109 124 128 2 -0.000486086443 -3.05381179
78 78 101 106 3 -0.0200523194 -1.88611317
70 70 48 56 3 -0.000238405628 -2.63121724
101 101 0 0 3 -1.15997469 0.731610358
62 62 72 83 2 -0.000697481562 -4.22066784
43 49 85 100 2 -0.000904947403 -3.71228385
92 97 112 114 1 -0.00258738198 -2.89445662
99 107 54 62 3 -0.00312478445 -3.92820692
129 129 61 96 3 -0.00273414515 -3.9058063
102 106 154 163 4 -0.0117874304 -2.61639547
68 71 107 118 3 -0.0057905647 -0.313322604
96 97 108 123 3 -0.00190099434 -4.15493822
50 58 79 86 1 -0.438723296 0.567110121
103 110 46 81 2 -0.00160127494 -1.69124579
55 58 83 90 2 -0.000417311763 -2.45929098
65 69 78 85 3 -0.00111541164 -2.45132518
164 168 99 134 3 -0.00300649228 -2.7769289
107 114 71 94 1 -0.00827359594 -1.69626832
138 145 47 82 1 -0.000470581203 -4.42693853
67 71 99 104 2 -0.0202819724 -3.35016274
183 183 112 147 3 -0.111350492 -3.06607985
57 64 104 108 0 -0.0637497678 -3.96274686
114 114 129 136 3 -0.00450197561 -1.4527514
116 116 125 132 4 -0.10148412 0.18218869
67 71 94 100 2 -0.0072275647 -5.48533583
108 110 124 139 3 -0.00172896404 -3.64971137
155 159 75 82 2 -0.000323158631 -1.70223165
0 0 0 0 2 -0.00185827655 4.71626568
106 107 51 86 3 -0.212311774 -2.86307335
79 80 23 58 3 -0.0107490905 -4.58399582
48 53 79 114 2 -0.651258826 -0.340230018
72 77 126 173 1 -0.38785252 0.0320805311
136 140 73 108 2 -0.00771428458 -3.86227822
33 41 134 169 0 -0.0276334509 -2.93175673
77 163 102 0 2 -2.36536241 2.08198667
0 0 0 0 2 -0.579163015 1.69859338
0 0 0 0 3 -0.00971473753 2.13854837
51 56 90 125 1 -0.229754448 -0.156513005
78 81 48 63 1 -0.056950666 -0.917083859
70 71 81 92 3 -0.0951814353 -1.38139343
67 70 87 102 2 -0.00138156815 -4.02142859
0 0 0 0 2 -0.00386440731 8.21870232
152 152 73 96 3 -0.000594295096 -4.34469271
48 51 36 38 1 -0.0472482964 -4.26742792
0 0 30 0 3 -0.721315622 1.37145329
64 65 81 112 1 -0.0028909815 -3.65253806
0 0 0 0 3 -0.00958443154 4.49723434
19 21 25 60 2 -0.0299244504 -2.65338874
101 104 116 139 3 -0.0191833638 -3.59253764
63 67 81 116 2 -0.000640198297 -0.793210745
130 130 170 178 3 -0.301940858 -3.36017156
56 59 21 44 1 -0.315729558 0.317050159
66 74 98 102 0 -0.0580107495 -1.19562578
104 110 58 61 0 -0.00184079912 -2.54118705
151 213 99 103 0 -0.119488046 -4.87943459
35 37 64 99 2 -0.0118928002 -2.28079057
19 20 41 46 3 -0.186833918 -1.25196743
81 86 31 66 3 -0.00682456978 -3.09926748
108 108 101 103 2 -0.000593573903 -4.01668119
52 54 70 72 1 -0.0175108649 -2.30541873
157 160 60 71 1 -0.000112174574 -2.43948984
50 53 111 146 0 -0.0225965306 -2.69417
99 100 68 76 2 -0.0144638103 -2.05823803
56 56 39 41 3 -0.11819531 0.686510146
99 102 85 89 1 -0.050962612 -0.69905436
73 79 26 61 1 -0.0485669672 -3.60331726
144 149 39 46 2 -0.000407782267 -3.20302558
78 84 63 68 1 -0.00955987349 -2.222224
50 53 110 117 2 -0.00105241872 -4.68444777
176 177 197 201 2 -0.546104491 0.631429613
115 118 93 100 2 -0.00489279628 -1.96304417
12 13 18 23 4 -0.162935659 -1.59176159
12 16 35 35 0 -0.88077271 -1.71754956
78 82 38 61 4 -0.0330246426 -3.29800534
93 98 41 47 3 -0.00165003201 -2.6820302
57 57 70 105 3 -0.000418005191 -5.07805347
119 120 76 107 4 -0.000622417894 -4.07492065
29 29 37 60 2 -0.0198063124 -1.7602334
47 51 62 69 4 -0.00232664798 -1.12896323
64 64 167 172 3 -0.0124237966 -5.13790417
65 68 80 83 2 -0.000259148306 -4.28438091
85 93 161 184 2 -0.00127121783 -2.82000637
112 120 47 51 1 -0.711798549 1.52915645
48 49 131 136 4 -0.000518849527 -2.98270798
53 58 78 93 3 -0.000953723269 -4.93429184
53 57 67 78 3 -0.000582284702 -1.86841249
44 48 57 65 2 -0.0172222704 -4.05050707
44 49 53 84 1 -0.0247553661 -2.02412105
71 74 45 49 1 -0.127513736 -4.35569096
38 38 42 49 2 -0.121251412 0.675256908
104 106 56 91 2 -0.00886271801 -3.39177012
47 56 68 103 0 -0.00123712781 -4.11278152
50 51 39 44 2 -0.000197401387 -3.21854115
61 66 74 109 3 -0.00356116262 -5.14489079
43 50 86 89 0 -0.000544495531 -2.68257952
130 131 52 57 3 -0.0539241992 -3.80636406
40 40 58 65 3 -0.025234038 -4.08174276
65 65 82 117 3 -0.0200309213 -4.90362263
43 46 58 66 2 -0.000879774918 -2.63283706
49 52 84 119 2 -0.00117704947 -2.74339581
90 94 63 74 2 -0.0112362653 -2.59156322
37 37 68 103 3 -0.000554343278 -4.61698961
101 109 84 91 0 -0.0020286385 -4.59382057
87 88 99 103 3 -0.00460586837 -4.33717012
129 129 110 114 3 -0.0032584616 -5.29970121
21 21 55 62 3 -0.0150455227 -3.68159699
29 29 42 73 3 -0.0241024159 -3.39815211
5 5 8 43 3 -0.0328297839 -1.4135592
52 52 113 136 3 -0.000913921045 -4.55701113
110 110 122 124 2 -0.000849878183 -4.13643646
37 37 93 104 3 -0.00829406083 -1.37533092
26 22 30 37 2 -0.853225529 0.96110183
94 94 105 120 3 -0.00289769238 -3.28008938
122 125 53 60 2 -0.000233757237 -3.58530211
111 114 88 91 2 -0.0462825708 -1.56676221
76 76 88 123 2 -0.00397236971 -4.6724534
68 71 112 119 2 -0.0266586281 -1.15144396
57 57 40 47 2 -0.00172495621 -2.10775661
118 119 69 104 1 -0.00201867148 -3.90301061
57 57 77 112 3 -0.00892076548 -4.62578249
64 64 153 188 3 -0.000471388397 -3.33048034
122 128 22 53 1 -0.00122985989 -2.45543242
80 83 57 61 2 -0.000121352088 -3.00968552
122 122 71 106 3 -0.00553434715 -2.18016624
48 48 107 114 3 -0.00138833048 -2.70610261
86 92 101 108 1 -0.0214553475 -3.17507243
99 101 57 92 2 -0.791893005 -4.83250427
82 85 100 123 2 -0.000436399452 -2.87686372
17 21 42 48 2 -0.0344745368 -3.73922586
52 57 70 77 1 -0.00128013524 -1.49152184
85 86 65 70 2 -0.0195866711 -4.35998058
149 152 97 104 2 -0.00701538054 -0.331790507
39 40 61 72 2 -0.000518993242 -4.72354746
0 0 0 0 3 -0.000849679869 3.2564218
0 0 0 0 3 -0.00599500304 4.73309946
0 0 0 0 3 -0.187969878 4.33034468
0 0 0 0 3 -0.00358423986 4.39596653
0 0 0 0 3 -0.00237873779 2.61728549
0 0 0 0 3 -0.000523872965 4.26341009
0 0 0 0 2 -0.0112648625 5.67788315
0 0 0 0 4 -0.562672973 7.14235115
0 0 0 0 3 -0.86680311 5.69747448
0 0 0 0 2 -0.989411473 7.71647692
0 0 0 0 1 -0.108020604 2.29605412
0 0 0 0 3 -0.338676512 3.82248139
0 0 0 0 2 -0.0218433868 5.24720001
0 0 0 0 0 -0.26173842 7.14195824
0 0 0 0 3 -0.286491573 5.31739092
0 0 0 0 3 -0.0888911039 2.15222812
0 0 0 0 2 -0.0470026508 5.80296946
0 0 100 103 2 -0.184147418 -1.09952235
103 103 116 119 2 -0.00169677753 -4.27454329
80 85 102 109 1 -0.000118131407 -2.5032258
40 48 89 93 0 -0.0013600887 -4.00584126
72 25 29 64 2 -0.301716566 -0.635382116
132 133 39 74 1 -0.00466360385 -2.1278975
125 129 50 85 3 -0.00127267581 -1.48342752
79 83 66 74 1 -0.000735749374 -1.92670202
52 54 114 149 1 -0.046257738 -2.34649706
43 46 22 33 2 -0.0255338214 -2.74934554
131 134 166 172 3 -0.0119650988 -3.88347673
121 128 139 147 0 -0.00968806539 -1.85918951
68 69 142 147 2 -0.00658846879 -3.73103642
124 125 73 108 2 -0.000490012113 -4.55427694
35 39 49 53 0 -0.00147707341 -1.37467933
158 164 98 121 0 -0.00113903941 -4.38872957
50 54 68 91 3 -0.0101032378 -4.87779999
55 56 67 82 3 -0.0562006086 -3.86589265
49 54 163 186 1 -0.0130262841 -4.27276039
48 48 61 84 3 -0.000786837947 -2.88402486
149 156 228 236 0 -0.250140905 -1.26583982
115 121 93 100 1 -0.000669563306 -4.00313854
95 98 136 151 3 -0.00467547169 -2.63529944
46 49 59 62 4 -0.0281546619 -2.41338778
56 59 81 116 1 -0.0247496702 -4.02661133
115 120 67 102 1 -0.0471472442 0.467963994
145 149 92 127 4 -0.0025308344 -3.90603304
83 87 64 75 4 -0.00157335552 -2.74366975
41 41 53 84 4 -0.706751466 0.808793366
20 24 111 114 4 -0.00893428084 -6.48888159
0 0 0 0 1 -0.230609953 4.17823887
0 0 0 193 1 -1.01461637 3.70186687
31 32 47 82 1 -0.00601750473 -2.51169515
104 110 57 92 0 -0.0142846983 -2.8269794
0 0 0 0 1 -0.66257906 7.05438614
0 0 0 0 3 -0.419755191 7.17017984
173 175 59 70 2 -0.00826656818 -3.60958433
50 52 60 64 1 -0.000647929031 -3.4127357
43 45 79 114 1 -0.63046366 -1.25243604
30 33 45 50 0 -0.000250920712 -2.84161806
140 148 60 64 0 -0.00332087488 -3.11064887
0 55 59 63 2 -0.892298162 2.50543213
0 0 0 0 2 -0.237594351 2.253793
132 134 108 112 2 -0.00326405466 -1.09552598
93 96 30 37 0 -0.00788463 0.62400645
126 130 30 65 3 -0.00175780652 -4.19750309
0 0 0 0 3 -0.132102221 1.95461082
50 52 91 96 2 -0.000144116057 -4.260396
33 36 88 90 1 -0.168542638 -1.84400463
151 153 62 69 1 -1.35619652 1.31064105
10 11 21 26 2 -0.00968210027 -0.751424551
30 33 101 107 2 -0.00056964549 -2.94930053
25 31 92 97 1 -0.00604538107 -4.21409655
112 116 136 142 1 -0.000770411629 -3.1434083
123 125 29 35 2 -0.00507325819 -5.19519138
140 145 58 64 2 -0.118933313 -0.202968568
0 0 0 0 3 -0.646073818 3.14783716
88 94 104 108 3 -0.000849554373 -3.33364129
0 0 0 0 3 -0.530853271 6.29670238
122 130 43 78 1 -0.00615357934 -3.6405077
0 0 0 0 2 -0.456406623 2.66790271
34 37 98 109 2 -0.00219474011 0.708819091
62 70 80 83 0 -0.00484257983 -3.43903828
78 78 91 94 3 -0.00139319454 -3.5218308
57 60 100 135 3 -0.00933002401 -2.70849657
97 101 47 82 3 -0.0091812266 -1.62318873
47 49 30 36 2 -0.00296083326 -5.66394043
140 142 48 83 2 -0.0116919298 -0.643285215
0 0 0 0 4 -0.00489785941 6.68033314
42 48 79 94 3 -0.11143557 -0.944057405
64 71 78 82 3 -0.0509893224 -1.7734704
91 95 108 115 4 -0.00348444656 -2.21818757
110 113 34 49 1 -0.0275207032 0.806737959
144 144 98 133 4 -0.000210037833 -5.00783253
0 0 0 0 2 -0.13028653 3.94374776
96 97 44 46 4 -0.0055649858 -2.49210191
68 68 95 103 4 -0.000130650704 -2.14962268
105 105 55 90 3 -0.00116306951 -3.71979499
118 120 187 192 2 -0.109340109 -3.97331834
99 102 79 89 2 -0.00577921467 -3.54180312
61 61 78 89 3 -0.0374309532 -3.09121799
127 130 183 194 3 -0.945351303 -0.25861007
128 134 47 54 0 -0.031201886 -6.07492161
106 106 113 118 3 -0.0230675936 -0.916787565
133 138 56 91 3 -8.92866665e-05 -2.67858744
107 113 126 133 1 -0.00532140303 -0.495760351
50 54 68 75 1 -0.0125521068 -0.644835234
135 142 73 79 0 -0.0188331939 -5.7267437
221 231 128 134 1 -0.278099626 -0.971566975
90 94 50 53 2 -0.0015535499 -3.02600479
0 0 53 84 2 -0.866116941 0.165997088
49 54 61 96 1 -0.000301213848 -3.70885229
0 0 0 0 4 -0.650039494 7.53706837
0 0 0 0 3 -0.762230754 6.90485668
0 0 0 0 1 -0.846122921 7.62354326
86 90 48 56 3 -0.000100134661 -3.43240285
117 122 38 69 3 -0.457148999 -1.48068261
0 0 0 0 2 -0.650258541 4.82545805
59 65 117 148 0 -0.00683597103 -2.02537084
31 39 154 189 3 -0.00756195979 -1.93111181
63 67 82 89 4 -0.000154489899 -2.47179842
0 0 0 0 2 -0.00699591823 5.05176449
0 0 0 0 1 -0.0257696416 6.43367767
147 150 121 127 2 -0.00223778444 -1.92637181
147 147 68 75 2 -7.96306413e-05 -3.74623799
74 74 61 0 2 -0.92029345 -1.28326464
0 0 0 0 2 -0.00501236133 -0.553893864
95 95 45 51 3 -0.000760259805 -5.6614666
201 202 32 67 2 -1.10082293 -1.0544076
0 0 0 0 1 -0.212989494 1.74399447
0 0 0 0 4 -0.472394556 2.14440227
106 111 57 92 1 -0.0163587946 -0.757763505
44 44 59 64 3 -0.00220031058 -2.78499794
25 29 34 42 4 -0.0123183625 0.96046561
119 123 136 151 3 -0.000895858509 -3.59647131
127 133 83 114 2 -0.00357607333 -1.6726203
113 115 89 96 1 -0.000138398478 -5.54961395
0 0 0 0 3 -0.651922524 6.58081341
121 126 135 139 4 -0.00136058778 -3.24557781
110 112 70 105 3 -0.48897621 -5.42729139
157 161 109 144 3 -0.00118650589 -4.44203711
0 0 0 0 0 -0.0111719323 6.34444237
25 30 87 91 2 -0.00521145854 -4.23694468
115 0 134 157 1 -0.607660711 2.54233503
102 104 147 178 3 -0.0475713052 -4.41713905
31 34 39 50 2 -0.00703095924 -4.9907279
205 205 40 75 2 -0.443985522 -1.76752591
0 0 0 0 3 -0.530863404 7.07132101
52 55 70 93 3 -0.000501709699 -2.86849189
0 188 0 0 1 -1.72138631 2.22994876
126 131 109 114 1 -0.00474997936 -3.08421159
94 97 47 52 4 -0.000137803698 -1.76027489
50 55 77 112 2 -0.035559319 -1.26984382
0 0 70 0 2 -1.27705896 0.316521227
142 146 179 214 2 -0.488800138 -3.68561077
17 21 82 85 0 -0.00187576923 -3.92441344
62 69 111 117 0 -0.0452934131 -1.05629015
93 97 112 147 2 -3.34975848e-05 -5.08920193
45 49 97 100 2 -0.00272346474 -2.27178693
66 71 85 116 1 -0.00861740019 -0.60301125
54 59 142 177 4 -0.314941227 0.645955503
120 124 67 75 1 -0.00869241823 -4.41168594
120 126 61 96 4 -0.000156399372 -2.69591546
84 86 71 78 1 -0.000323876389 -3.54101491
79 82 58 64 2 -0.0584576353 -4.21737623
102 102 111 116 4 -0.0159125663 0.279638231
94 99 129 134 2 -0.0243790913 -1.53323436
160 0 145 149 0 -0.844254375 0.281848729
91 94 48 71 2 -0.000166886457 -2.91758704
63 63 127 142 2 -0.002816302 -5.22142267
85 90 99 134 2 -0.202613473 -2.11303711
103 111 48 55 2 -1.1635164 -1.13136482
112 115 172 178 2 -0.00146218238 -4.05744171
76 79 92 99 0 -0.201367602 0.985285223
36 37 53 61 4 -0.771380007 -2.59592772
106 110 125 140 2 -0.0267706048 0.555837095
79 84 66 68 2 -0.000381293095 -3.69459701
89 90 48 52 4 -0.00412734691 -0.996696174
0 0 0 0 3 -0.909300625 2.03563666
62 66 153 161 2 -0.246286213 -4.10937166
0 0 0 0 1 -0.739070356 7.66083479
0 0 0 0 3 -0.304827243 3.10593057
0 0 0 0 3 -0.258193135 6.81611109
34 34 45 49 2 -0.00299902097 -3.23276973
97 103 34 69 3 -0.135556087 -2.49435377
41 46 63 67 2 -0.352335721 0.979770243
0 0 0 0 3 -0.500087321 7.21100283
95 105 25 33 0 -0.00783684291 -1.65342784
50 58 86 109 1 -0.492833376 -2.34889841
147 151 164 167 4 -0.040282771 1.11502814
61 64 164 195 1 -0.0283706132 1.23571038
45 53 57 59 2 -0.0265784524 -3.2892797
105 110 54 58 0 -0.00236654701 -2.81724119
83 83 58 63 2 -5.78160762e-05 -2.59315968
196 200 21 56 2 -0.0485134013 -1.31191885
93 99 128 151 2 -0.0565266162 -2.55259895
52 60 80 87 0 -0.107051902 -2.30104041
50 52 126 131 2 -0.0226313118 -4.14827538
7 11 17 52 4 -0.0457008407 -1.3136394
88 152 33 68 3 -1.47266972 -4.13986063
109 112 59 94 2 -0.0856911168 -0.877788186
0 0 0 0 2 -0.0540676862 4.65604591
136 142 105 111 2 -0.0127052246 -3.60932255
141 144 58 65 1 -0.173041582 -0.777048945
116 116 65 71 3 -0.0739497393 -2.23340774
34 36 98 133 2 -0.02022475 -3.07053113
39 41 55 90 2 -0.0104006808 -3.21327877
145 145 170 172 2 -0.000269522454 -5.89159632
28 30 38 73 2 -0.0527449772 -1.36306787
0 0 0 0 2 -0.836191535 4.55642462
84 88 57 64 4 -0.0187973045 -0.895990908
110 112 123 158 2 -0.000973785296 -2.6951046
149 155 87 0 3 -0.566497803 0.621331275
0 0 0 0 1 -0.0058155884 5.4568634
57 58 73 104 3 -0.00148832705 -2.39349031
10 16 28 32 2 -0.751225471 2.77000308
53 58 31 38 2 -0.000980102224 -4.69017172
8 18 31 36 3 -0.401567608 0.0493753552
89 93 59 65 3 -0.000775462948 -6.12819386
0 93 89 93 3 -0.954572201 1.21849608
186 186 207 213 2 -0.541820824 -2.93798494
164 164 66 74 3 -0.00100532989 -2.95839
82 89 51 59 0 -0.00172398845 -5.46412706
0 0 0 86 1 -1.53764534 3.3731389
103 103 127 142 3 -0.00510557368 -2.72685933
0 0 0 0 2 -0.000124923536 4.88483906
213 218 135 166 3 -1.20737576 1.15930057
133 136 81 116 1 -0.00258091884 -1.6769402
0 0 0 0 1 -0.0560838394 6.01239872
100 102 145 156 3 -0.00821273681 -2.28675795
22 25 73 108 0 -0.0103967702 -5.47151279
108 109 147 155 4 -0.0027669319 -3.14053082
53 61 35 38 2 -0.000986830797 -3.24732947
140 145 85 120 1 -0.00844006054 -1.65391636
119 123 47 51 4 -0.33864677 -0.779099464
106 109 89 94 4 -0.00344143645 -2.05468392
0 0 0 0 2 -0.0802685693 7.97792768
0 0 0 0 3 -0.0523474514 3.86181808
0 0 0 0 4 -0.817088008 7.42601299
31 35 55 90 1 -0.494841337 -4.14854956
77 77 54 61 2 -0.0363666266 -1.81703329
94 95 34 40 2 -0.00157500105 -3.66875076
63 64 44 46 2 -0.0297560282 -2.00766683
19 22 38 45 2 -0.000864836271 -1.64917946
92 94 39 74 2 -0.000990104163 -3.9989965
0 0 0 0 1 -1.22109783 2.49119711
44 47 117 122 1 -0.000617060577 -2.65596747
56 60 108 113 2 -0.025486853 -1.46394563
128 130 67 82 2 -0.00132421101 -3.51440525
162 162 48 83 3 -0.000126120955 -4.00693035
62 65 93 98 0 -0.12793842 -0.503878057
133 137 154 163 2 -0.0102372412 -3.50191498
0 0 0 0 1 -0.769612253 7.66918039
101 106 135 141 1 -0.00865972415 -2.65724444
69 69 130 137 4 -6.49685171e-05 -4.53129435
47 47 128 132 2 -0.0244230814 -3.96709847
55 59 92 100 2 -0.00144280074 -1.74976897
0 0 0 0 2 -0.851332188 7.12643957
94 94 111 113 2 -0.101765908 -5.0090766
60 62 84 92 2 -0.0919700265 -2.44762731
13 13 21 56 2 -0.0166451987 -2.40264964
49 51 96 127 1 -0.138235345 -1.93813252
0 0 0 0 2 -0.472639531 7.33739138
31 34 66 101 4 -0.272222042 -0.5871979
0 0 0 0 3 -1.02641225 7.06590557
103 104 56 61 2 -0.107581764 -4.50733376
0 0 0 0 0 -0.0246506073 3.45038891
0 0 0 0 1 -1.02898157 8.01626396
126 134 189 235 1 -1.25032783 -0.0710130334
171 176 73 96 2 -0.00764640421 -2.9320364
120 123 90 98 2 -0.0092847785 -1.63183022
74 0 174 176 2 -1.12613809 2.32404709
129 129 81 85 2 -0.00053688162 -3.49986029
0 0 0 0 2 -0.115664631 6.16597795
96 100 68 76 0 -0.000809761288 -3.09531832
44 48 23 26 4 -0.0314802006 -1.50234818
69 69 124 135 2 -0.00016736603 -4.21629763
30 32 45 80 2 -0.000769535662 -4.01676464
93 94 76 78 2 -0.0818632767 -1.68581963
0 0 0 0 2 -0.182129532 6.74322414
82 85 33 68 0 -0.000117419433 -3.38513017
77 80 93 97 3 -0.00642371131 -4.76533651
44 44 56 61 3 -0.000334596989 -2.70544744
210 213 108 114 2 -0.0065375967 -1.39853477
56 60 66 74 3 -0.0015352983 -3.01134682
155 155 128 133 2 -9.36969736e-05 -4.47081614
100 103 46 50 1 -0.0277996678 -2.42968631
92 96 38 43 3 -0.00112744968 -2.79170871
59 60 28 31 2 -0.182329521 -0.412421703
62 0 0 109 2 -1.69562066 0.71372503
109 113 88 94 2 -0.043440368 -3.37362409
68 68 47 52 4 -0.000104544983 -1.46563959
85 73 158 164 3 -1.04840052 0.869755685
86 92 34 69 0 -0.00180948561 -1.71038246
104 109 46 81 1 -0.127230197 -2.92700696
73 74 44 51 2 -0.0160429906 -4.10173893
0 0 0 0 2 -0.115698181 3.35376859
39 40 57 92 2 -0.165389121 -4.84426355
164 169 26 41 1 -0.00372895715 -2.22338891
139 144 82 117 4 -0.00993597787 -3.24127889
153 156 52 87 2 -0.00541983731 0.61065346
0 0 0 0 3 -0.875665367 6.24810743
0 0 0 0 2 -0.360911578 6.3709569
71 71 93 97 3 -0.0667726547 -5.08698034
89 91 46 53 1 -0.000677637756 -2.28799677
105 110 128 134 0 -0.010209078 -3.23906207
80 84 100 104 2 -0.0490313098 -5.79553604
52 55 98 113 1 -0.0737112164 -3.7405045
100 106 115 117 0 -0.00125403679 -4.13822031
0 0 0 0 4 -0.639781773 5.03865767
78 84 92 96 0 -0.000596327125 -1.30064058
161 167 88 90 0 -0.414872468 -5.01618576
0 0 0 0 2 -0.0450407676 7.47256231
54 54 70 72 2 -0.0941853374 0.424586177
99 99 106 113 3 -0.209290996 -1.014292
182 182 102 110 3 -0.000151870045 -3.00480366
45 47 62 67 1 -0.00885646045 -1.72400689
61 62 97 100 3 -0.0326924473 -4.60782576
48 52 71 80 0 -0.0188845247 -0.667146444
0 0 0 0 3 -0.010009449 5.16882896
137 26 0 0 2 -1.37862337 2.96190858
0 0 0 0 2 -0.000648185203 5.47950649
168 168 67 102 2 -0.376375079 -2.50269413
145 151 82 86 1 -0.00528400391 -4.29430151
146 149 112 120 2 -0.000875870232 -2.12908292
63 65 47 51 2 -0.000235425847 -2.68618274
61 63 76 91 2 -0.000541749003 -2.99237227
204 206 159 182 2 -0.173297286 -2.6330173
131 135 40 71 3 -0.000138516785 -4.68410587
0 0 100 103 0 -0.467954665 0.809044898
103 108 117 124 0 -0.0165412556 -0.870316386
0 0 0 0 2 -0.000918105943 4.83750486
50 53 62 85 1 -0.00101775967 -2.42017698
109 113 89 96 0 -0.122608654 -2.92958474
96 98 112 120 2 -0.00543028861 -2.17146564
42 45 138 173 2 -0.167020306 -2.89891028
29 36 52 57 0 -0.00754328957 -5.39774036
161 162 60 95 2 -0.000554846833 -5.00637484
173 174 94 109 3 -0.0789036974 -3.48184824
105 113 125 160 2 -0.0131911281 0.65980345
95 95 61 76 3 -0.000812141516 -3.09317923
70 74 80 83 2 -0.0579314083 -1.32525051
18 19 61 64 3 -0.00730982795 -3.77634788
105 106 62 70 2 -0.00512643857 -3.15593529
33 38 72 107 3 -0.0135418354 -0.222291052
47 50 65 72 3 -0.000147457322 -2.94801426
75 82 34 41 1 -0.00286976178 -0.359538078
167 167 113 148 2 -0.0764053687 -4.58219957
154 159 52 87 4 -0.000852089725 -1.63520408
103 109 119 142 2 -0.00325648393 -0.823102951
0 0 0 0 3 -0.0187383685 7.58198977
101 107 135 142 3 -0.00739116268 -4.52987337
49 53 86 121 3 -0.567746401 -3.21266508
0 0 0 0 2 -0.0752275586 2.16124225
126 130 73 80 3 -0.000139828655 -4.04242086
41 43 72 107 3 -0.101327285 -1.74916553
44 47 87 89 2 -0.00489056669 -2.94087291
163 169 51 82 1 -0.0346508957 0.745837629
178 180 202 211 2 -0.0757772103 -4.31898069
33 38 108 139 1 -0.00342638441 -1.41815948
0 0 0 0 1 -0.459128559 7.75855589
76 84 119 122 0 -0.000901559368 -3.41538906
82 89 106 114 1 -0.00682585686 -0.097099185
68 72 105 140 3 -0.013757729 -1.45463586
134 136 153 162 2 -0.207665429 -1.3105731
45 53 180 215 0 -1.14842319 -1.09380603
85 92 102 137 2 -0.00889490452 -0.344780445
0 0 0 0 3 -0.482504845 2.83665895
111 111 126 149 3 -0.0276727472 -2.15019345
56 56 36 44 4 -0.000196923182 -2.70656133
97 99 75 86 2 -0.452189565 -3.31292486
0 0 150 165 2 -0.109843537 0.629941761
0 0 0 0 2 -0.538033485 0.4325369
93 97 113 148 2 -0.0773929805 -2.45207429
49 58 86 93 0 -0.0038947165 -4.19007826
72 74 145 153 2 -0.0286758188 -1.24673843
0 0 0 0 2 -0.0122749414 5.21919203
81 85 57 66 3 -0.000650262169 -4.0525589
69 72 44 52 3 -0.344868422 -1.58247447
140 145 52 57 2 -0.626619101 -6.19603682
125 126 142 150 3 -0.807377934 -5.74175644
0 60 0 190 3 -1.78541505 2.38928604
0 52 57 61 4 -1.21843505 -0.0138471127
32 32 43 51 4 -0.470993966 0.0577193201
86 0 0 0 1 -1.64726734 2.04939461
128 0 56 59 1 -0.344923168 -0.341148227
178 187 100 135 0 -0.00868147891 -4.69803715
110 113 45 53 2 -0.00852523465 -1.6176343
154 156 72 95 2 -0.00110378931 -3.61480236
43 48 61 67 1 -0.000272017438 -5.08946466
78 82 94 98 0 -0.00056853838 -4.32976866
0 0 0 0 3 -0.145348296 4.29970121
105 107 43 55 2 -0.0202581678 -4.1970768
0 0 0 0 2 -0.00148972904 6.40683556
38 99 50 81 2 -1.17553937 -3.05366206
69 71 85 108 1 -0.0670641884 -5.45128584
98 101 111 134 2 -0.00179869379 -2.3423388
86 90 50 57 3 -0.019028632 -1.09595394
134 139 38 69 1 -0.135124892 -1.77939963
91 91 43 78 3 -0.000307784183 -3.82028604
46 49 127 134 2 -0.000653435476 -2.03575945
181 181 192 227 3 -0.0248740278 -0.261683017
102 107 122 129 4 -0.0018419734 -0.493773222
51 58 71 106 1 -0.00295685302 -2.34248281
83 88 39 70 2 -0.00291317003 -1.99747729
53 57 75 110 2 -0.000731384323 -2.46986985
71 75 145 152 1 -0.00185747386 -0.292211115
39 41 98 100 1 -0.265007019 -1.43014872
93 95 140 149 2 -0.000554038968 -1.74714136
53 58 94 102 3 -0.0691246092 -0.551497757
86 90 68 75 2 -0.680553734 0.951167524
53 58 112 119 1 -0.00107958633 -1.29769564
109 113 41 76 2 -0.00040206578 -3.54033399
120 120 73 108 3 -0.208773702 -5.07174206
107 110 38 73 2 -0.0176097509 -2.20134592
192 193 141 176 4 -0.0952577889 -1.20305705
40 41 75 82 3 -0.0076578334 -1.92559719
109 112 125 160 3 -0.257506102 -2.83576798
0 0 0 0 2 -0.213289335 1.18838525
74 79 98 104 2 -0.00653340528 -3.85455108
94 99 59 70 2 -0.0168585442 -3.19936752
65 69 142 144 4 -0.107197374 -0.776526928
122 127 23 58 3 -0.00672612526 -0.888572097
33 39 57 92 0 -0.000430195883 -5.36580229
59 64 141 176 3 -0.0146360043 -4.58813286
126 132 47 0 3 -0.852680087 -0.128650069
119 120 81 112 2 -0.0129723363 -6.34201288
18 23 28 63 4 -0.106262438 -1.77671051
57 59 136 141 2 -0.00451610377 -2.50712872
102 105 121 156 4 -0.00499773258 -2.94361377
103 104 119 154 3 -0.0280902758 -3.32518411
45 110 56 71 4 -0.340175509 -2.53941727
0 0 0 0 2 -0.211787373 6.68000746
132 134 46 51 2 -0.00200645975 -4.50893307
91 94 104 110 2 -0.000426140701 -3.01499987
112 114 66 81 2 -0.00112154451 -5.4733963
119 119 47 82 2 -0.000308491843 -2.82586551
64 64 18 53 2 -0.23424089 0.328638017
65 73 84 119 1 -0.00454098824 -3.57993126
39 45 53 64 1 -0.00552368769 -0.792529702
93 93 58 73 3 -0.0319330916 -0.937759161
123 130 46 48 0 -0.00221127435 -4.45743895
113 117 131 134 3 -0.153975949 -2.78316855
109 109 66 68 2 -0.0810397714 -2.51950455
97 104 112 115 0 -0.00252373912 -4.01515198
49 49 59 94 3 -0.000328273018 -3.68185496
125 126 62 97 4 -0.00707927626 -5.74887991
120 125 63 78 3 -0.00341118593 -2.6264143
40 44 54 61 4 -0.30525896 -0.693898201
146 150 41 50 4 -0.0396676101 -3.41256237
86 86 115 122 3 -0.00679735374 -1.11712122
41 41 71 106 4 -0.00218344154 -3.81859875
46 50 123 125 4 -0.00110079814 -3.10989857
125 129 40 48 1 -0.0044438378 -1.91350222
0 0 0 0 2 -0.00372292241 5.87438583
0 0 0 0 2 -0.11200811 5.52392197
105 109 47 53 2 -0.00465362938 -4.58891344
41 45 55 56 1 -0.0247005168 -3.08218646
114 121 153 159 3 -0.000912252988 -3.91561866
88 91 70 73 2 -0.0111756893 -1.60925102
135 138 45 80 0 -0.00178391347 -3.89560342
111 111 0 134 3 -1.50930202 0.969710171
0 0 0 0 3 -0.0201528072 6.33721542
74 77 51 59 3 -0.000544021546 -4.1490469
110 113 133 136 4 -0.00155416247 -1.5384829
0 0 0 0 2 -0.274638981 5.94713259
18 26 30 45 2 -0.0310358405 0.539023638
0 0 0 0 2 -0.00110355415 4.97653246
121 121 70 105 3 -0.00234628213 -3.47324204
127 131 145 180 4 -0.000501441828 -2.76038837
76 77 34 39 3 -0.0103942296 -1.60615373
36 43 85 120 1 -0.00348135852 -3.61203647
76 76 166 201 3 -0.00232317718 -2.74303246
0 0 0 0 4 -1.21740592 7.04409838
125 129 59 94 3 -6.38952624e-05 -4.02220869
95 102 120 128 0 -0.000843009853 -4.87028074
56 57 74 79 2 -0.0407450572 -2.22950649
211 215 161 196 3 -0.167706788 2.37048125
0 0 0 0 3 -0.0570346713 4.16051149
0 0 0 0 2 -0.0218455661 3.74011827
125 128 74 105 1 -0.0139062107 -0.410191596
111 112 128 143 2 -0.378935635 -5.91847324
0 0 0 0 2 -0.105846293 4.32169819
48 53 129 164 4 -0.114200503 -5.34003496
51 55 69 84 1 -0.000114557704 -3.84667039
98 104 57 60 2 -0.000141139841 -4.65296316
55 59 91 126 3 -0.00697080884 -3.05749726
36 44 137 144 0 -0.0413048603 -1.55062389
158 164 85 89 3 -0.328692645 -4.50048113
90 91 100 131 2 -0.00712455064 -1.27407002
105 109 118 125 3 -0.0246184152 -0.22260204
174 179 39 74 4 -0.00440252014 -3.42191505
45 45 58 64 3 -0.000588237424 -2.64041233
157 157 108 143 3 -0.022464307 -2.25520205
105 109 47 54 2 -0.00331599405 -2.92625952
0 0 0 0 3 -0.517427385 5.08737373
131 131 35 66 2 -0.0312282033 -3.1486156
174 174 87 92 3 -0.000148412306 -5.0941453
0 0 0 0 1 -0.909803748 1.98624802
41 41 51 86 3 -0.000381888502 -5.65550423
0 0 0 0 2 -0.861968637 7.50530005
131 133 93 116 2 -0.0100980783 -2.50149441
50 51 127 131 1 -0.0173728894 -3.59238768
85 86 36 59 3 -0.00532346126 -6.47921658
100 106 88 90 1 -0.0131422179 -3.54342723
126 130 80 87 2 -0.105370559 -3.89670515
137 139 52 83 3 -0.101050884 -0.803297162
0 0 0 0 1 -0.622109473 1.66948199
68 68 44 52 3 -0.0152570587 -1.89159608
0 0 0 0 1 -0.59003526 6.97832394
71 76 89 124 3 -0.000694915478 -2.59027267
149 153 106 137 2 -0.00196430529 -3.73999023
71 77 56 60 0 -0.00689386111 -2.97279
0 0 0 0 1 -0.00564899715 4.24723434
0 0 0 0 1 -0.0218309388 4.19484186
106 110 58 62 3 -0.323253602 1.46305013
100 104 114 149 3 -0.173664764 -3.92843771
0 0 0 0 3 -0.00640289858 3.77707601
107 109 42 73 2 -0.000632820709 -4.11645555
0 0 0 0 3 -0.817179382 7.33458138
87 91 48 63 1 -0.66851145 -0.907041132
78 82 60 64 2 -0.116221413 -2.82856798
119 121 155 163 2 -0.00611452386 -0.774392843
39 47 59 94 0 -0.213528872 -2.79625916
137 139 35 39 2 -0.742063344 1.01332641
108 111 175 210 2 -0.000708574546 -3.58727837
94 99 39 46 4 -0.165932149 -2.83309531
65 72 84 87 0 -0.000717375311 -4.03815746
56 61 74 79 2 -0.00325531466 -0.49020201
38 42 52 87 3 -0.0176768526 -2.07820559
88 88 44 79 3 -0.028255051 -3.25447011
45 45 92 127 3 -0.00336554856 -5.74554062
53 55 38 41 2 -0.000955086551 -4.03000641
0 0 0 0 0 -0.919798315 2.22737646
72 75 132 155 1 -0.0442344807 -1.99413848
77 79 91 98 2 -0.053416688 -3.38238955
22 22 29 64 2 -0.0618185177 -3.74863052
78 82 90 98 2 -0.000194663327 -4.90203047
0 0 0 0 1 -0.11375311 3.8724587
73 76 91 126 2 -0.00160581572 -4.01037407
74 76 151 186 4 -0.0406953469 -1.83190179
0 0 0 0 2 -0.0681719258 3.26779485
121 124 110 114 2 -0.156549931 -2.13294435
0 0 0 0 3 -0.0135907959 5.57897711
55 55 70 76 3 -0.000132319896 -3.48906159
94 99 36 51 3 -0.00106900907 -2.72249651
105 109 119 123 1 -0.00254072505 -4.97842121
90 98 118 123 1 -4.16037146e-05 -2.0884831
27 29 77 85 1 -0.000923070416 -4.35648012
122 130 38 73 3 -0.000785371754 -2.04935431
0 0 0 0 2 -1.00702417 2.59703851
178 181 52 87 3 -0.0342088565 -0.981433272
0 0 0 0 1 -0.370680153 6.53401804
46 46 75 98 3 -0.00218475657 -3.62474799
26 30 120 128 2 -0.067316927 -1.5124011
42 46 72 79 2 -0.00536118168 -3.40515304
70 74 103 138 3 -0.116052799 -5.17724085
0 0 0 0 2 -0.00489794323 4.50714874
0 0 0 0 3 -0.0536855794 3.4535718
21 26 61 96 3 -0.00271565234 -4.18848562
38 41 150 157 1 -0.0101894317 1.99172211
81 81 92 0 2 -0.810009837 1.43770313
0 0 0 0 0 -0.849309087 5.4479394
0 73 144 191 2 -2.4904747 1.95388961
74 75 81 85 3 -0.200668186 0.672630847
54 60 86 94 0 -0.0716132969 -4.56070375
55 60 71 86 2 -0.00329286954 -1.06358385
38 44 48 57 0 -0.0509267822 -3.65638161
23 27 58 66 3 -0.190015376 -0.705036759
193 199 122 128 1 -0.0607788488 -1.49675989
0 0 0 0 2 -0.363140523 4.20658827
41 46 60 75 3 -0.00129025243 -3.52377176
126 131 96 119 1 -0.000245199888 -1.09269691
0 0 0 0 2 -0.590197027 0.131434739
151 157 64 73 1 -0.00241175829 -4.6304822
27 33 45 50 0 -0.005209486 -5.42819214
59 60 73 75 2 -0.0191946477 -2.37107873
74 77 0 0 3 -0.184363157 2.10288548
94 98 48 53 3 -0.000521173526 -4.8022666
113 114 31 62 2 -0.035026256 -1.32149494
82 86 99 106 3 -0.0166499075 0.691061914
116 122 196 211 2 -0.0560977161 -3.17339373
71 79 120 155 1 -0.000285018381 -2.61759353
122 128 99 107 1 -0.325197637 -2.20923233
100 105 174 178 0 -0.00118993816 -3.0155611
139 142 38 61 3 -0.504757226 -2.17982626
72 72 54 61 3 -0.0844322145 -4.38592005
0 0 0 0 2 -0.847891808 7.09122705
37 43 73 78 1 -0.0001004921 -3.25331831
0 0 0 0 0 -0.146279842 4.5304842
45 49 0 0 2 -0.937822223 1.83398533
57 60 75 79 1 -0.001942478 -1.62733102
221 222 76 111 0 -0.232619762 -3.26860046
62 62 114 149 1 -0.943542242 0.94297725
0 0 0 0 3 -0.52309674 6.10499668
107 111 44 79 1 -0.137840629 0.273849964
87 91 120 127 0 -0.0140487524 -4.75373077
0 0 0 0 2 -0.972545147 2.15943503
58 62 33 41 2 -0.00788137969 -1.96812081
67 71 83 88 1 -0.000607656664 -3.03075194
0 0 62 74 1 -1.38977289 4.84195709
120 124 140 155 1 -0.030895656 -1.48880982
0 0 0 0 3 -0.0420657359 3.28579068
52 59 73 82 0 -0.603367031 0.402979493
0 0 0 0 3 -0.606109381 6.48308229
43 47 81 116 3 -0.000445211015 -6.04004669
119 122 139 174 2 -0.00378188468 -2.10627389
88 93 20 26 1 -0.012374904 -3.94534469
54 60 95 130 2 -0.0284743924 -2.35650063
121 124 43 78 4 -0.0371984802 -0.850925207
0 0 0 0 2 -0.983568311 7.53083706
119 121 149 157 1 -0.112358257 -5.0763979
76 81 59 66 1 -0.000426858402 -1.64285278
100 105 60 65 1 -0.286552727 -2.00233221
57 61 104 108 3 -0.0412803404 -4.79730606
17 21 26 29 1 -0.6077227 1.53286672
0 0 0 0 2 -0.000676662778 3.69403005
87 88 113 121 2 -0.125966564 -4.04426003
91 93 64 73 2 -0.00227443688 -2.66621804
97 101 74 82 2 -0.000454861642 -3.31641889
141 149 101 132 0 -0.00945286267 -2.48620152
50 52 60 64 1 -0.0387145951 -0.433207214
115 119 141 149 2 -0.2484079 0.766109288
83 85 54 61 2 -0.0232685003 -0.428479224
80 84 95 130 4 -0.01964112 -3.47171021
99 99 116 125 2 -0.00165216322 -4.11002016
54 58 74 109 2 -0.00100445375 -3.0505445
29 35 47 54 1 -0.0633909851 0.565469086
43 45 84 88 3 -0.0071674441 -1.85273075
0 0 0 0 1 -0.354047656 6.49503613
41 47 83 118 1 -0.0152662406 -3.30720806
0 0 0 0 2 -0.0961952507 4.04270077
95 103 173 181 3 -0.0108000254 -4.02160454
141 146 156 159 0 -0.65801239 -5.07028294
0 0 0 0 3 -0.574890852 6.70536804
66 43 119 124 4 -0.557361722 -0.479417294
60 62 47 53 2 -0.000107405678 -3.79860401
75 78 34 38 2 -0.0669907779 -1.47839308
113 116 40 75 3 -0.000215996988 -5.23562622
119 123 89 92 0 -0.00579369022 -4.18106937
136 140 39 41 2 -0.000764763332 -2.44611907
22 26 34 69 2 -0.0543186143 -0.155145526
102 106 122 129 4 -0.000344857312 -1.3160193
123 131 25 60 2 -0.00344292168 -3.5075655
0 0 0 0 2 -0.711410463 4.05258226
110 112 0 173 3 -1.71522284 0.60736829
44 45 90 96 3 -0.0194231998 -2.37043095
30 34 49 84 1 -0.00113873137 -2.43322015
113 113 127 142 2 -7.61732954e-05 -4.16855717
77 81 173 204 4 -0.0912212878 -1.89787841
125 129 69 104 4 -0.000671286136 -2.57100272
135 140 58 63 2 -0.00751827098 -2.98461056
0 0 0 0 1 -0.914213181 5.02011728
45 49 58 67 3 -0.00113754754 -3.1601944
44 48 80 111 3 -0.0215896703 -5.28883934
120 124 70 105 4 -0.00155556353 -2.51236701
0 0 0 0 1 -0.399120241 4.70851326
131 134 43 45 0 -0.00402672496 -0.92046392
139 141 114 129 2 -8.91669624e-05 -4.87028265
80 84 18 22 2 -0.00148686522 -2.51618052
41 42 100 107 1 -0.100390062 -2.1872623
30 36 60 62 1 -0.000963989296 -3.94402432
71 71 145 151 3 -0.00142913009 -2.81223512
113 114 56 91 2 -0.0272712968 -0.821593761
167 174 54 69 2 -0.00962988846 -2.47474766
111 118 154 162 0 -0.0353987776 -3.25626421
46 49 105 110 1 -0.000766529993 -1.41408706
78 78 126 130 1 -0.0177854374 -1.17776752
0 0 0 0 2 -0.000378707162 4.9514451
36 42 87 94 1 -0.00205629575 -1.16453576
69 69 100 135 3 -0.0652233958 -1.64556837
105 107 118 126 2 -0.00062274927 -2.09446335
0 0 0 0 1 -0.000578592648 5.43113136
45 49 110 145 3 -0.236276567 3.18080664
117 119 65 80 3 -0.00251546479 -3.81304955
139 142 51 55 3 -0.00432455493 -1.51722884
46 49 112 123 3 -0.0287203006 -2.0467546
0 0 0 0 4 -0.83077848 7.58055258
91 93 103 138 2 -0.0037571846 -1.94845819
36 41 47 82 1 -0.239270762 -2.29013848
93 116 127 162 2 -0.513059556 -0.381386131
64 72 84 91 2 -0.00591500755 -3.44692326
95 100 130 136 0 -0.000955179916 -2.99513292
147 147 223 232 4 -0.24391982 -1.59133244
104 109 67 90 1 -0.000521949842 -5.46579647
142 144 52 56 2 -0.00251735817 -1.25086617
36 41 52 59 3 -0.674781561 -1.5373807
102 106 141 150 2 -0.0272065811 -5.31676197
32 33 90 125 1 -0.0398633406 -0.919566751
165 168 181 187 4 -0.000189417915 -1.77152252
132 132 89 96 2 -0.00192003045 -2.48593116
82 88 57 61 2 -0.0133253206 -2.01021075
50 51 33 40 2 -0.00115378795 -2.90529585
0 0 0 0 0 -0.563286066 4.31413794
46 51 63 98 1 -0.00129827554 -2.9722178
0 0 0 0 4 -0.485014051 2.44657803
0 0 0 0 2 -0.0113762505 3.42528081
147 149 102 133 2 -0.00805006549 -0.464529932
115 118 93 99 4 -0.0012870559 -1.55136037
136 144 63 98 0 -0.00452076364 -3.50786734
150 160 113 115 0 -0.00544903614 -5.07176447
161 165 50 52 3 -0.00121490611 -4.08534575
92 97 157 188 0 -0.0220874995 -0.148019582
43 49 58 63 1 -0.00945588294 -1.92978358
173 180 98 106 2 -0.00645030569 -2.79308701
0 0 0 0 1 -0.0649425313 4.08274555
124 126 39 74 1 -0.000100967023 -3.84819984
69 73 40 47 4 -0.274987519 -3.58466911
59 65 131 137 0 -0.0106701851 -2.45234442
0 0 0 0 2 -0.00067950791 3.09760022
151 153 68 91 3 -0.00242866972 -4.82133389
105 110 128 163 1 -0.000642172701 -1.950526
86 86 27 38 3 -0.0217121691 -1.08814728
77 77 26 37 3 -0.00438804226 -3.4448595
118 123 43 48 1 -0.0548767187 0.771526635
115 120 140 145 3 -0.00385358743 -3.21209645
44 48 59 62 3 -0.043676354 0.2117998
120 124 93 98 2 -0.000216117231 -2.46842432
164 167 81 84 1 -0.00542335352 -4.16608715
128 131 143 178 3 -0.00253890757 -4.39965916
0 0 0 0 2 -0.00858563464 5.88456249
136 141 34 69 2 -0.00275713834 -1.25942683
128 128 67 82 2 -0.000196447043 -5.25299406
0 0 0 0 3 -0.609521747 6.55416536
0 0 0 0 2 -0.885132492 7.5792985
0 0 67 102 2 -1.0448457 0.0826514959
122 129 138 140 1 -0.0120913992 -2.95628524
48 50 64 68 2 -0.000603118679 -4.23879242
0 0 0 0 2 -0.03548887 5.30541277
45 48 151 186 2 -0.0180247314 -5.42144966
59 59 31 35 2 -0.00194604415 -1.41676044
0 0 0 0 2 -0.303017378 7.31415844
107 107 119 124 2 -0.000192276988 -5.12315226
60 61 73 108 2 -0.00829911418 -2.51143336
49 49 127 130 2 -0.000368787325 -4.57620478
83 87 24 59 4 -0.00225482136 -4.12136984
110 113 78 89 0 -0.00408801949 -2.0877099
46 46 112 114 2 -0.0778045058 -2.21767664
107 108 76 87 3 -0.00447821431 -4.27407551
137 143 97 120 1 -0.00046249124 -1.67274213
0 0 0 0 3 -0.661755085 6.14412117
44 48 90 94 1 -0.000315398676 -1.54568911
128 133 55 63 4 -0.000260933215 -3.24606752
0 0 0 0 3 -0.0204036124 4.25082207
0 0 0 0 2 -0.0381616764 4.53541613
56 60 72 83 1 -0.000128146959 -3.38753605
0 0 0 0 2 -0.00022290762 5.68863201
62 62 28 36 3 -0.00499968184 -3.5436883
65 69 100 101 2 -0.0172669254 -1.73644733
87 92 137 172 0 -0.00101720274 -2.9170835
185 189 71 106 2 -0.00679194462 -4.15646839
102 105 121 127 2 -0.414598614 -3.21460748
121 123 131 135 2 -0.166694343 -2.06050301
63 64 82 88 3 -0.00151154841 -1.59024644
162 162 79 114 3 -0.000421452394 -2.84696746
133 136 107 111 3 -0.00577916577 -1.85897613
132 140 59 94 2 -0.000657266413 -4.03246117
133 134 180 215 3 -0.193413854 -3.73295522
55 57 95 98 3 -0.000685720355 -4.34981871
0 0 0 0 2 -0.0158597641 0.759064257
128 130 76 111 2 -0.0637829453 -3.22678375
43 47 51 57 3 -0.639482379 -3.46971917
0 0 0 0 2 -0.0421417318 6.09286594
48 52 66 73 2 -0.00315900962 -0.814060807
100 106 124 129 1 -0.00248201448 -1.68188739
109 109 59 94 2 -1.01975691 -1.5735836
0 0 0 0 2 -0.413270742 3.28559542
41 44 72 75 4 -0.0319677331 -0.290246904
90 90 44 79 3 -0.0185811464 -1.86996436
134 134 81 88 3 -0.380926847 1.78852916
0 0 0 0 0 -0.202476874 4.53929329
46 54 59 67 1 -0.115808547 -2.38244486
143 146 61 67 2 -0.000361537852 -4.38435364
43 47 64 79 1 -0.000342326239 -3.23578095
107 111 139 146 0 -0.0046542054 -1.26391053
0 0 0 0 0 -0.0522130653 6.8036232
26 32 96 98 0 -0.00859300792 -1.03952098
129 133 26 61 1 -0.0026658345 -3.47263741
112 116 130 137 3 -0.000740693591 -2.14849687
137 137 53 60 3 -0.00858821347 -5.5559392
107 112 62 97 4 -0.00311301369 -0.395882189
62 66 105 140 1 -0.000122306956 -4.16609287
99 99 53 88 3 -0.000120039957 -5.22611141
109 112 126 131 1 -0.000803791394 -2.20592713
106 107 44 53 3 -0.00507060532 -4.09366465
0 0 0 0 1 -0.0105016381 4.19582605
113 117 73 88 0 -0.173505336 -3.64143896
0 0 0 0 1 -0.627920687 6.24777412
101 106 123 127 1 -0.00476108398 -0.0251286328
61 62 105 136 3 -0.0482567102 -0.703548431
48 48 62 67 4 -0.195621014 0.205128431
97 99 161 196 2 -0.0728224963 -4.62290859
112 112 86 91 3 -0.0024955417 -2.84983397
0 0 0 0 0 -0.627818525 5.84996843
182 183 111 142 2 -0.0361151844 0.834597886
39 48 104 135 0 -0.0112229139 -0.752955914
142 144 95 130 3 -0.00637605041 -3.2186892
112 116 66 73 2 -0.00246954989 -3.63239288
56 59 68 71 0 -0.00694818189 -1.77137756
0 0 0 0 2 -0.439598531 2.7452414
158 158 63 112 2 -0.494752884 1.9773047
58 66 143 151 1 -0.209903732 -1.17529893
0 0 0 0 3 -0.0791072398 3.8443644
96 99 115 150 4 -0.00166270474 -2.61291361
56 63 103 111 0 -0.14721714 -2.70181918
0 0 0 0 3 -0.205670178 5.75158644
0 0 0 95 2 -1.86604917 -0.293380499
123 126 148 155 1 -0.695305049 -2.69325209
34 35 43 74 3 -0.0678111613 -1.56210351
38 38 52 60 3 -0.00124060398 -3.06378174
122 239 87 102 4 -1.10640192 3.25739479
132 136 57 92 0 -0.000221958704 -4.83664417
0 0 0 0 2 -0.0500072688 5.56649446
0 0 0 0 2 -0.3436158 7.53973866
67 74 99 106 1 -0.00151394645 -3.15150785
45 52 61 68 2 -0.00383905601 -4.3850193
54 58 71 79 4 -0.000258905347 -3.67133188
107 114 85 95 4 -0.00060075504 -3.30937886
64 69 77 82 2 -7.20009557e-05 -3.67690253
35 39 48 50 3 -0.00184999406 -3.76740122
142 146 114 121 1 -0.00231083692 -5.04540586
0 0 0 0 1 -0.457392842 7.36737347
130 139 74 109 1 -0.0687154233 0.035877794
0 0 0 0 1 -0.88014704 2.88205314
201 209 62 97 2 -0.053330902 -3.40660763
46 47 61 66 2 -0.000792866107 -1.61062503
64 69 43 47 2 -0.00191709166 -2.8704915
161 163 171 182 2 -0.003962663 -2.84761405
75 75 0 0 2 -0.236598179 -0.347382307
81 87 93 101 2 -0.302087158 -1.74457216
56 61 41 43 1 -0.0017802706 -4.12548494
85 90 120 124 0 -0.00333311036 -1.98521137
134 141 40 63 0 -0.00131209136 -4.11463881
48 52 149 154 3 -0.00948768388 -5.19983387
66 70 118 153 2 -0.00185092969 -2.75948477
92 97 69 75 2 -0.0499500483 -0.753169537
0 0 0 0 0 -0.0415963531 4.72020674
131 137 50 54 2 -0.0058583417 -5.1145196
0 0 111 118 2 -0.493312299 -0.36475879
24 30 83 94 0 -0.0226136167 -5.1979661
46 46 128 135 3 -0.000632912444 -3.3276186
227 228 172 207 2 -0.151634604 0.51181376
133 136 87 91 3 -0.145086586 -4.63562965
44 44 56 60 2 -0.267686188 -1.74056077
0 0 0 0 1 -0.389544785 3.22494984
136 136 63 94 3 -0.00303264847 -3.74100184
113 117 102 107 4 -0.000452228793 -1.71047235
136 140 112 117 2 -0.00202015718 -2.24695921
0 0 0 0 2 -0.509538054 6.86084843
61 62 73 108 2 -0.00110219675 -4.07329559
119 122 141 144 2 -0.0576325879 -2.25768399
133 137 60 67 2 -0.00397903146 -0.942196369
158 158 102 137 3 -0.0351454765 -1.32477891
0 0 0 0 2 -0.51247555 7.23271418
0 0 0 0 2 -0.807167649 7.38732576
60 62 190 225 1 -0.167861 -1.01527643
91 91 41 76 3 -0.000336741592 -1.54621768
54 59 95 97 2 -0.0355494842 -2.88463378
109 113 60 95 2 -0.000173085224 -4.38408566
120 122 94 101 2 -0.00473519508 -1.91567063
0 0 0 0 2 -0.270756871 5.40127754
0 0 0 0 1 -0.00850701891 3.78339219
118 122 135 142 3 -0.0178085454 -0.479065299
221 225 155 161 0 -0.759627402 -3.25582147
52 56 74 81 4 -0.00461431453 -2.53661585
17 27 31 36 0 -0.440752983 -1.94932914
99 106 117 125 3 -0.0134669589 -1.09829199
0 0 0 0 1 -0.0600849167 3.16630673
114 118 208 214 4 -0.0134389382 -2.48230243
0 0 0 0 1 -0.894092083 2.46633959
74 74 144 167 2 -0.00477444008 -2.92724252
126 126 81 116 2 -0.00291622733 -4.50557995
0 0 0 0 3 -0.450246453 4.6052289
0 0 0 0 2 -0.592361748 4.89012814
0 0 0 0 3 -0.0484551601 5.63878489
115 119 96 100 4 -0.00771833211 -2.59495568
0 0 0 0 1 -0.00478369836 4.59176064
173 177 127 135 3 -0.00193245232 -2.90181613
40 44 47 58 3 -0.213212609 -1.41479146
50 53 126 133 2 -0.00527894031 -2.1791718
97 98 106 110 2 -0.000139590848 -4.11201954
98 98 42 57 3 -0.000187272468 -4.78577995
88 95 35 70 0 -0.00254584546 -4.3167057
0 0 0 0 4 -0.0088050263 5.66646147
0 0 0 0 2 -0.0203469768 3.13704348
58 68 81 86 0 -0.101836152 0.00759878755
0 0 0 0 2 -0.0211563744 6.1767211
0 165 82 105 2 -1.71050787 2.53620124
82 89 45 51 0 -0.00026784587 -3.92802882
96 100 78 83 2 -0.201283783 1.10734892
48 56 71 74 3 -0.000625680783 -4.06433725
0 0 0 0 2 -0.642908454 4.30236578
0 0 0 0 0 -0.0380817801 4.17845583
0 0 0 0 3 -0.0798441097 5.06407738
122 123 138 144 2 -0.00452606054 -3.84458256
28 32 38 61 2 -0.309700966 -0.631560266
0 0 0 0 1 -0.0591453239 6.1925993
116 119 73 84 2 -0.00190800056 -3.09855866
30 31 41 47 2 -0.0746017024 -3.1614325
0 0 0 0 2 -0.451268584 5.55474138
83 83 110 145 3 -0.045254305 -1.57791042
65 68 24 59 2 -0.0126192998 -5.30483961
86 87 95 118 2 -0.0147038717 -0.437315464
0 0 0 0 2 -0.101475 5.1966958
117 119 34 41 1 -0.00567296892 -4.26112843
0 0 0 0 3 -0.00462935958 6.28590155
208 236 101 132 2 -0.962270856 -0.858237207
37 42 92 107 3 -0.000543427072 -5.18909883
128 130 37 68 2 -0.00127483334 -1.19651198
110 116 40 75 3 -0.000714083086 -3.67313886
104 104 111 116 3 -0.00564366486 -0.676239669
129 135 63 70 2 -0.00188834476 -1.56873798
70 70 49 58 3 -0.00217471225 -2.7055397
48 50 101 112 2 -0.00489878561 -2.88441873
84 84 90 125 3 -0.00155188458 -4.5090518
76 84 62 71 1 -0.17409119 -3.05667567
0 0 0 0 3 -0.010962286 5.01213264
43 44 50 65 1 -0.00773006398 -0.730357528
91 92 105 120 2 -0.00177751377 -2.10726666
92 94 56 63 2 -0.000680616999 -5.31294918
47 47 62 66 2 -0.00321624568 -3.42987585
60 62 49 54 2 -0.000387171342 -2.60058618
47 47 62 97 2 -0.214410275 -3.27599502
0 0 0 0 3 -1.26614332 0.505115926
88 92 108 123 4 -0.000337461533 -2.00692415
50 52 130 153 1 -0.0235888399 -0.0877076685
59 65 77 92 3 -0.0160895102 -1.9064374
0 0 0 0 0 -0.0016855381 6.37517309
69 71 32 39 2 -0.010532775 -2.13368964
123 125 107 113 2 -0.0643298104 -3.61979246
57 59 67 82 2 -0.00344883464 -3.2295022
17 18 22 30 2 -1.2159214 0.922827184
105 0 116 121 3 -1.74937057 0.729313433
80 80 119 154 3 -0.0261569191 -1.70505786
107 113 127 134 0 -0.000768061029 -3.16763878
41 44 52 63 2 -0.000150079388 -3.55381584
84 88 132 143 3 -0.00490755495 -2.85231853
0 0 0 0 4 -0.912479341 7.39838362
142 150 72 76 3 -0.00030348741 -3.98740363
106 112 65 70 1 -0.00366736623 -2.044384
0 0 0 0 2 -0.0076093534 4.24999952
38 42 68 103 2 -0.00377286179 -4.00517702
70 74 85 92 1 -0.255287349 -4.82043028
184 190 201 207 0 -0.0847618878 -0.270609975
164 165 51 86 4 -0.0439997204 -2.84721875
22 28 35 70 0 -0.0577402972 -5.24994373
69 73 82 89 1 -0.110999778 0.324930191
0 0 0 0 2 -0.319647461 6.1218977
105 109 39 70 2 -0.00538137602 -1.18403387
0 0 0 0 2 -0.00205132435 1.40228868
0 0 0 0 4 -0.598371387 7.73598909
104 104 208 211 3 -0.0571704805 -3.43538499
149 153 94 129 3 -0.000967017782 -6.68483877
0 0 0 0 3 -0.661945701 1.54071593
80 84 115 120 3 -0.000678949116 -3.41259909
0 0 0 0 3 -0.00118460739 5.11807394
161 169 62 97 0 -0.00142620923 -4.92120552
58 58 76 111 2 -0.387298882 0.757417619
109 112 121 136 2 -0.951931179 -1.30436361
0 0 0 0 3 -0.0223236699 5.97412872
87 92 101 136 2 -0.000242343536 -3.8131566
0 0 0 0 2 -0.828640401 1.66701388
105 111 121 128 1 -0.000313018361 -1.80383492
40 46 55 90 2 -0.0361057855 -4.54082346
134 134 55 59 3 -0.00944563095 -3.14875054
120 123 93 108 3 -0.000156635782 -3.78756714
111 113 36 40 2 -0.00476149097 -4.52207375
163 164 131 139 1 -0.0247318856 0.805964649
86 86 97 102 3 -0.00346289575 -0.424549699
42 45 64 71 0 -0.0420498028 -2.30176234
0 0 0 0 3 -0.366950154 4.18309736
43 51 55 58 2 -0.10861513 -0.0448471904
78 80 48 54 1 -0.155105069 -1.863379
107 111 60 95 3 -0.0218634065 -2.28915906
0 0 0 0 2 -0.00801765639 5.93607712
124 128 46 81 3 -0.000841820147 -5.35523558
0 0 0 0 1 -0.00232192897 4.63237524
115 120 93 100 2 -0.00940420292 -1.10481143
113 120 41 0 1 -1.33093858 0.882234156
58 62 131 166 2 -0.0769431442 0.881906211
51 53 77 112 2 -0.000935985823 -3.96430969
116 122 66 101 1 -0.000210875412 -4.9917717
50 50 55 59 4 -0.117298216 -2.95930719
0 0 0 0 1 -0.402041972 3.4284873
64 69 86 90 1 -0.00264097541 -4.47814989
96 97 41 76 2 -0.00871533994 -2.70498538
94 98 114 149 2 -0.00779046025 -2.43021011
110 116 128 135 1 -0.000322189502 -2.52778959
131 136 102 105 1 -0.0159150381 -2.01594329
0 0 0 0 2 -0.535193264 7.2560401
167 167 101 109 3 -0.00050755206 -2.32081318
118 125 96 104 0 -0.0998611227 -1.11493969
69 73 24 59 4 -0.00519981608 -2.50428033
0 0 0 0 1 -0.714387715 7.61689997
89 91 42 77 2 -0.000363565807 -3.73360801
108 111 123 126 2 -0.000604197092 -1.31659842
76 80 55 61 3 -1.12416732 1.82285452
111 117 83 90 1 -0.0390485264 -4.84028625
111 113 59 94 1 -0.00279452768 -4.33107138
89 96 68 76 0 -0.00186751306 -4.29581594
153 155 96 119 2 -0.00716578728 -4.69018412
100 104 114 119 4 -0.666475296 -0.0657539368
74 77 141 145 2 -0.0473889261 -1.52274227
58 61 125 160 3 -0.000525554467 -3.34751892
121 125 81 86 0 -0.000816093932 -5.35749531
128 131 51 55 2 -0.00353863603 -2.30759931
70 73 87 102 3 -0.06529966 -2.05800557
0 0 0 0 4 -0.38059631 6.92298651
96 100 30 65 4 -0.000559229637 -3.9165504
45 51 62 64 0 -0.0198120922 -1.47268271
0 0 0 0 2 -0.0229396392 5.10775471
57 60 94 98 3 -0.0656813458 -2.42975354
62 67 73 78 0 -0.000393724156 -1.8301928
129 129 95 102 3 -0.005751458 -0.783703208
117 120 190 211 2 -0.397869915 -2.34780717
92 93 124 159 2 -0.00927385874 -1.28328979
63 63 38 49 2 -0.00182509888 -3.0769527
112 112 33 68 4 -0.0119993035 -1.05177438
41 43 58 81 2 -0.00626917928 -2.50367975
174 180 150 154 2 -0.00485506514 -0.874466538
66 71 47 54 2 -0.211217418 0.394582987
0 0 0 0 2 -0.336503834 2.32537007
89 94 106 141 3 -0.000373344985 -4.14765406
0 107 126 131 1 -0.898219347 1.52799797
102 105 113 120 2 -0.0110048698 -2.8249445
147 148 64 68 2 -0.00145433366 -4.45442009
0 0 0 0 2 -0.00197497569 5.95905972
124 124 78 83 4 -0.00732598174 -3.78377032
106 106 121 126 3 -0.000200622075 -3.61725545
0 0 0 0 2 -0.0579432361 5.40161228
0 0 0 0 0 -0.162357613 6.66312408
0 0 0 0 2 -0.00535380887 5.2524128
77 77 117 118 3 -0.672740161 0.0327012241
75 75 102 109 3 -0.117319256 -2.18214059
0 0 0 0 3 -0.795938611 5.84845829
0 0 0 0 1 -0.00416694675 3.78865266
0 0 0 0 2 -0.213445544 0.300071359
53 53 65 100 4 -0.00119260116 -4.14233017
126 129 104 111 2 -0.00212592725 -4.72558975
15 19 28 28 4 -1.86869705 -3.19576716
121 125 139 148 3 -0.00189025758 -3.22376609
105 109 124 128 3 -0.00134804868 -1.62012577
93 93 106 111 2 -0.0010675115 -3.28325772
96 99 73 78 3 -0.00910744816 -2.36922097
138 140 78 101 3 -0.00162816362 -3.04809618
110 115 37 72 0 -0.000229944548 -2.75456023
30 30 47 51 2 -0.00583246863 -3.30474734
101 106 36 71 2 -0.000535670726 -4.12836742
0 0 0 0 1 -0.0204986855 3.44735193
47 53 112 118 2 -0.109220676 -2.46284962
0 0 0 0 2 -0.637023389 7.92522383
60 64 107 122 1 -0.00204974832 0.715075433
195 199 152 175 0 -0.00283690309 -1.97727561
124 124 140 175 2 -0.00429946883 1.97677708
33 37 90 94 3 -0.0009784461 -2.75460577
80 85 98 104 3 -0.0302061439 -4.29371834
107 111 48 83 4 -0.00039205834 -1.66530275
130 134 75 110 1 -0.0710944235 -2.64667392
110 112 126 129 3 -0.00571087468 -0.887831867
48 49 62 73 3 -0.00370159163 -2.85887861
105 111 122 133 2 -0.00133701274 -2.73300171
70 70 77 88 3 -0.015048367 -3.01893139
116 118 97 105 1 -0.00126460777 -0.645956635
105 108 141 147 2 -0.00333657232 -2.85053444
164 164 120 123 3 -0.0276922472 -3.91871667
130 130 52 59 3 -0.000315762707 -4.09736204
90 104 117 0 3 -2.09819841 0.909716785
141 145 120 127 2 -0.00218100147 -4.05037689
0 0 0 0 2 -0.0201640185 4.64900541
105 109 124 128 1 -0.00115603115 -2.74745917
92 100 112 117 3 -0.000855647901 -3.5199914
136 136 60 95 3 -0.0261112005 -3.80967426
129 134 86 95 4 -0.00408486044 -1.65523434
87 92 51 66 3 -0.00274485722 -0.0587859154
102 102 113 144 3 -1.04106832 -0.477348655
0 0 52 67 1 -1.50565732 0.412947655
57 61 175 210 2 -0.0112648075 -1.88717175
108 110 87 91 2 -0.00231111026 -2.14676285
123 127 45 56 3 -0.00094005838 -2.54932475
70 75 134 169 3 -0.19294633 -3.91429448
95 99 116 139 1 -0.0281411018 -2.84212112
99 106 124 159 1 -0.0012953988 -1.30238116
108 112 51 57 2 -0.0010255907 -4.90585709
144 216 85 120 3 -0.982721627 -1.31166732
123 127 76 80 0 -0.0172087979 -2.19668555
107 108 123 128 3 -0.260317594 -0.00418382883
112 112 121 125 4 -0.0430346467 0.0697473884
150 152 66 74 2 -0.00145291467 -5.37830067
107 107 121 144 3 -0.000766639481 -4.32118702
173 176 103 110 2 -0.021129949 -3.82597589
0 0 0 0 2 -0.00236483058 6.36649847
166 167 205 240 3 -0.546845853 -0.894118905
88 88 32 67 3 -0.00165610085 -3.69007683
98 102 153 188 2 -0.361186564 -0.208512515
140 143 16 67 1 -0.622529745 1.76607227
128 133 76 111 2 -0.075585559 -3.07177806
11 19 88 123 0 -0.00994722173 -4.06937265
189 98 116 151 3 -0.66016686 -1.55622578
0 0 0 0 2 -0.0303117931 2.88916159
114 118 30 0 3 -1.51964855 -0.300628275
93 94 48 83 3 -1.14759684 -0.160702556
0 26 63 70 1 -0.204799399 -0.716202855
78 78 88 95 3 -0.376932174 -1.14359403
64 67 84 99 2 -0.00887580495 -4.05131197
0 0 0 0 2 -0.0149705876 8.01599026
115 115 70 77 3 -0.00189326913 -4.17675734
90 94 74 80 1 -0.065823324 -3.32595825
0 0 108 110 3 -0.816170812 -1.84921527
45 48 81 112 1 -0.000237922097 -1.83428741
0 0 0 0 3 -0.0117596509 5.17384434
16 20 24 59 2 -0.0108436206 -1.5309422
104 108 120 127 3 -0.0121174436 -2.03406525
67 68 107 142 2 -0.00124701415 -2.76956224
116 118 137 144 3 -0.0288987383 -3.57108688
99 101 113 144 1 -0.148115814 -0.396744579
129 136 107 114 0 -0.00148847303 -3.612113
78 85 55 59 0 -0.0109731006 -1.24615753
35 43 149 156 0 -0.0379005037 -4.84195757
35 37 70 105 2 -0.00129515969 -3.83550453
17 17 38 46 3 -0.104466133 -1.3987608
42 46 96 131 3 -0.0399220809 -3.63944268
86 88 100 106 2 -0.000360927195 -5.07080936
49 53 69 72 1 -0.0597234145 -3.0111649
80 83 49 60 1 -0.00018500624 -3.64980769
135 140 87 122 0 -0.00845691748 -3.16960502
0 96 63 73 2 -0.974903047 -0.367820829
73 74 51 58 3 -0.00297299679 -1.24262881
62 64 41 43 1 -0.674856305 0.648470223
29 30 70 105 1 -0.00686818082 -2.93035483
42 47 65 76 2 -0.00415176433 -5.34348345
58 65 43 48 1 -0.000229104233 -3.99262881
99 101 122 126 2 -0.000846794108 -3.58266878
228 232 100 104 1 -0.0296794157 2.232651
133 135 66 72 2 -0.00199180981 -4.32144499
12 12 17 21 4 -0.0265606139 0.259503007
12 32 21 28 0 -0.98692441 -1.75888538
132 135 104 115 4 -0.00688444544 -4.1761446
83 87 65 71 3 -0.000214927597 -2.68962145
65 66 79 114 3 -0.173943624 -4.7564683
72 72 37 60 4 -0.00234554475 -3.86430073
50 51 107 122 2 -0.181171864 -1.94066095
55 59 41 48 4 -0.00515575102 -2.05258369
158 159 31 37 3 -0.0657671392 -5.37975597
103 105 80 88 2 -0.000403843675 -4.11928892
56 64 109 120 2 -0.000654255797 -3.90232325
68 77 46 54 1 -0.000730322266 -0.910487831
49 50 132 134 4 -0.157920629 -3.26780367
46 49 69 80 3 -0.000833755417 -4.8697772
57 60 70 81 3 -0.00129447994 -1.26366651
50 53 62 67 2 -0.048114758 -3.62085509
47 50 54 85 1 -0.0474908426 -0.947790921
89 93 101 105 1 -0.00270387484 -4.24906206
38 39 43 45 2 -0.0980795324 -0.712079406
105 107 57 92 2 -0.00842525158 -3.35377765
121 133 41 76 0 -0.00387953594 -2.66486335
49 52 37 43 2 -8.2015009e-05 -2.88612771
59 64 72 107 3 -0.000781374518 -4.97148895
86 90 52 59 0 -0.00146799104 -4.26400661
133 133 71 76 3 -0.000362258579 -3.80452418
56 57 75 78 3 -0.055556424 -3.97884178
60 60 77 112 3 -0.0291458312 -4.98610067
54 58 70 74 2 -0.00785884447 -2.18699646
49 50 103 138 2 -0.00659732893 -2.77282333
109 113 62 93 2 -0.00299814693 -2.00087738
79 38 95 130 3 -0.92170155 -5.2952342
96 102 113 120 0 -0.0142568229 -3.67709208
107 107 82 91 3 -0.0397665985 -1.37719202
137 138 67 70 3 -0.00335209491 -5.53931618
21 21 55 62 3 -0.342970341 -3.73980284
37 37 95 106 3 -0.00181794481 -2.68096042
4 4 8 43 3 -0.576447606 -0.701247334
82 83 52 67 3 -0.0136189973 -4.9887414
57 57 130 132 2 -0.000696135394 -4.46009159
86 87 108 119 3 -0.00585535448 -1.75551558
29 31 35 50 2 -0.215276331 1.19128346
43 43 98 121 3 -0.00162522425 -4.18465137
86 89 117 124 2 -0.000840930967 -4.51518917
115 115 41 46 2 -0.000222794974 -3.4918375
35 38 71 106 2 -0.000538163295 -4.43135071
59 61 144 175 2 -0.00577962026 -2.16871309
65 67 75 79 2 -0.000818867644 -1.84750366
42 47 59 94 1 -0.000328286609 -1.77344465
46 46 66 101 3 -0.00482690753 -5.16504955
82 82 148 183 3 -0.000609456969 -3.8852222
89 92 22 45 1 -0.0572922677 -2.07478976
56 56 106 111 2 -0.00234487187 -4.07940865
146 146 95 130 3 -0.000159139861 -3.73711538
49 49 74 81 3 -0.0080480855 -2.42441559
92 94 103 134 1 -0.00680571701 -1.36501324
90 90 48 83 2 -0.379102528 -4.81291628
113 116 76 91 2 -8.30879726e-05 -4.2194519
17 18 39 46 2 -0.0249237064 -3.98881745
15 18 71 102 1 -0.0325116515 -2.98847461
103 104 65 70 2 -0.00312786619 -4.45015717
77 78 145 148 2 -0.000635289703 -4.41060305
39 40 60 83 2 -0.00448535196 -4.00439835
0 0 0 0 3 -0.0201340578 3.45101428
0 0 0 0 3 -0.000722010795 6.00652504
0 0 0 0 2 -0.320273042 4.40807056
0 0 0 0 3 -0.00145591889 4.50278616
0 0 0 0 2 -0.0241776537 4.82713366
0 0 0 0 3 -0.0205739215 4.33457613
0 0 0 0 2 -0.0204922389 5.62952089
0 0 0 0 4 -0.393018663 7.13444567
0 0 0 0 3 -0.469890416 3.1980207
0 0 0 0 2 -0.90569979 7.87472486
0 0 0 0 1 -0.0660844892 2.82836771
0 0 0 0 1 -0.0435658619 4.11501169
0 0 0 0 2 -0.51383698 4.60709524
0 0 0 0 0 -0.154945001 5.7638092
0 0 0 0 3 -0.643905818 5.78727102
0 0 0 0 3 -0.00647122134 2.75089407
0 0 0 0 2 -0.0587420724 5.82028723
0 0 0 110 2 -0.731850505 1.16580558
0 0 0 0 2 -0.00113675091 1.38850188
62 66 102 110 1 -0.000687392196 -2.75406337
84 93 65 72 0 -0.0845957696 -2.15291238
0 0 0 0 2 -0.934345424 6.03941584
130 136 151 186 1 -0.565965414 1.48771262
97 101 47 82 3 -0.00171762425 -2.21312118
43 50 58 61 1 -0.00432524411 -2.33365154
119 121 48 83 1 -0.000743553101 -2.70315099
0 0 0 0 1 -0.914785028 6.31853437
68 70 100 105 3 -0.00648358744 -2.03226447
119 122 133 141 0 -0.00208986783 -3.19286823
76 79 39 42 2 -0.00151290628 -3.67535305
147 151 59 94 2 -0.00618175976 -4.72546244
35 42 52 54 0 -0.0430090353 0.23473984
168 171 130 153 0 -0.00106158631 -5.31990099
56 59 73 84 3 -0.00127698621 -5.49620056
41 42 53 60 3 -0.00160020567 -4.4816823
131 135 166 197 1 -0.0521473251 -2.92209649
142 143 156 171 3 -0.00983920041 -2.81470251
170 175 59 67 0 -0.0892015472 -2.13965583
69 76 84 91 1 -0.00120033976 -3.96129894
120 125 140 147 3 -9.39356469e-05 -2.0412159
45 48 58 60 4 -0.24486956 -2.76634145
59 61 83 118 1 -0.00513536949 -4.64215231
0 0 0 0 3 -0.353249937 3.32486057
157 161 104 139 4 -0.0178451296 -3.76094389
78 82 96 127 4 -0.00502602151 -4.30446386
51 51 63 78 4 -0.0761490613 -1.43784237
20 24 55 58 4 -0.247889876 -6.05926943
0 0 34 49 1 -1.44059849 2.51984215
115 120 155 190 1 -0.463907689 1.58415508
100 104 39 74 1 -0.0191877317 -3.38654876
96 101 157 192 0 -0.0192259699 -2.52804828
0 0 0 0 1 -0.930996537 7.20223379
0 0 0 0 3 -0.115217738 6.18363857
91 94 120 143 2 -0.000348533707 -3.6433661
78 81 42 45 1 -0.0020757874 -2.6943891
88 92 109 144 1 -0.100070409 -0.119274646
30 34 75 83 0 -0.00482588168 -2.1725738
67 71 86 88 0 -0.00476275478 -1.35332799
47 49 53 55 2 -0.480725616 3.4866488
93 95 48 0 2 -1.81207502 0.360466361
209 210 110 112 2 -0.0067485203 -2.47908139
91 97 155 159 0 -0.702697635 -0.31360516
145 149 30 65 3 -0.141666487 -4.39591694
0 0 0 0 3 -0.321919829 2.2723
151 154 105 111 2 -0.00050465652 -4.44317675
108 114 84 89 1 -0.00333258603 -2.05808854
0 0 0 0 1 -0.298175365 2.41951084
10 11 21 29 2 -0.0427338555 -0.385772556
102 104 118 124 2 -0.000683827326 -3.21511197
88 96 26 32 1 -0.00111023185 -2.24994016
60 65 85 89 1 -0.000185716111 -4.22408342
40 44 56 59 2 -0.02408728 -4.71640348
99 104 136 141 2 -0.00054927147 -1.4190228
0 0 0 0 3 -0.0374936908 3.57399917
57 63 73 78 3 -0.000412080117 -3.3058064
85 89 28 63 3 -0.000190607563 -5.2358675
45 51 107 142 1 -0.00704185851 -2.6739049
130 130 148 183 2 -1.06806314 2.02153897
48 51 88 99 2 -0.41143924 -3.88075352
45 51 61 67 0 -0.00138377817 -3.65436935
139 139 36 38 3 -0.00232180324 -3.79763722
80 84 99 134 3 -0.00126921502 -3.64716792
143 146 93 128 3 -0.00321749412 -1.84340119
35 36 44 51 2 -0.00204934203 -5.68707991
164 165 113 148 2 -0.0215119906 1.00840354
0 0 0 0 4 -0.00258829026 5.58404541
71 75 43 58 3 -0.0160221532 -1.09117973
66 71 51 59 3 -0.014681506 -0.770606875
89 93 106 113 4 -0.00354705378 -1.59864545
98 101 34 41 1 -0.0206520408 -0.0109362006
48 48 99 134 4 -0.0207149051 -4.12235737
0 0 0 0 2 -0.936450124 2.51091027
78 78 101 106 4 -0.00141090096 -1.54135251
35 35 101 105 4 -0.00320179085 -1.27986777
104 104 54 89 3 -0.0151019301 -3.74550509
195 198 174 180 2 -0.00786359049 -3.36188602
93 94 106 114 2 -0.0102574909 -3.20109534
130 130 83 114 3 -0.0161360335 -2.97694063
125 125 186 197 3 -0.756282687 1.14734435
93 99 68 71 0 -0.136173859 -3.13903356
49 50 109 111 3 -0.0574267358 -3.31633949
46 50 65 100 3 -0.000195736546 -4.63741493
68 72 85 90 1 -0.00361802545 -3.17186522
98 101 21 36 1 -0.00240322249 -2.03762817
131 137 170 175 0 -0.0560966618 -7.1723237
210 217 130 139 1 -0.184567288 -2.69365239
126 130 102 108 2 -0.000246038078 -4.11986446
83 85 26 33 4 -0.755053282 -2.16511822
40 45 52 87 1 -0.00523968786 -4.07529545
0 0 0 0 2 -0.370830387 7.08065701
0 0 0 0 3 -0.815349162 6.63802528
128 132 83 118 2 -0.00118115812 -2.43742418
61 66 43 47 3 -0.000395139476 -3.14625931
62 66 72 79 3 -0.622560561 -0.897565961
0 0 0 0 4 -0.00403462444 1.39794159
79 87 49 56 0 -0.0050316155 -3.74821472
57 63 145 180 3 -0.23766768 -1.67340326
56 60 75 82 4 -0.000474597764 -3.2349844
0 0 0 0 2 -0.0172797535 5.60369205
145 0 0 0 1 -0.991568327 3.01678872
138 142 70 74 2 -0.000166650832 -2.15698814
190 191 164 170 2 -0.190668538 -3.36030936
53 56 44 47 2 -0.0129023409 -1.31789744
118 122 65 100 3 -0.00101634592 -2.67168856
75 75 45 47 3 -0.0131061468 -4.7480526
201 203 78 113 2 -1.14120626 -0.885850191
0 0 0 0 3 -0.0459202975 1.82953167
0 0 0 0 4 -0.723915577 1.01539373
96 102 47 82 1 -0.0145846754 0.0898069739
123 125 48 52 3 -0.00065245002 -3.41123605
25 30 35 39 4 -0.070083335 0.893562496
109 112 125 140 3 -0.00783114415 -4.18781757
33 40 115 130 2 -0.00126256165 -3.92932653
113 115 40 49 1 -0.000191919622 -4.57893944
0 0 0 0 3 -0.347829729 6.95322561
126 130 139 146 4 -0.0145320157 -2.3651042
104 104 64 99 3 -0.384108245 -3.39631128
158 163 59 94 3 -0.0038218128 -2.46594191
0 0 0 0 0 -0.0301811341 6.10424614
25 31 106 109 2 -0.00572382892 -3.93832159
0 0 0 0 1 -0.11607413 6.75690889
0 0 144 159 3 -0.33667776 -1.22323322
30 30 35 46 2 -0.116901226 -4.59661293
202 205 158 193 2 -0.040883448 -1.18346524
0 0 0 0 2 -0.152237028 6.61515093
81 85 24 39 3 -0.000751047453 -2.93780351
207 210 151 99 1 -0.43944636 0.457039058
130 139 109 118 1 -0.00118147396 -0.709047914
78 81 56 60 4 -0.00297604688 -1.52147794
50 55 77 112 2 -0.0367384627 -1.25931334
45 0 63 74 2 -1.32782483 0.272129476
212 212 96 131 2 -1.65571439 -1.2554276
37 44 56 63 0 -0.00351275131 -2.72808027
62 69 93 99 0 -0.485737443 -1.99654722
46 48 91 126 2 -0.00016878992 -5.58803368
41 41 51 58 2 -0.00338804466 -0.918953538
68 71 85 96 1 -0.00365146669 -1.47901702
125 129 47 82 4 -0.00395733025 -0.651889503
93 98 48 50 1 -0.000861951557 -5.15111542
164 172 105 140 4 -0.000235308224 -2.84727144
32 34 20 26 1 -0.00528387818 -3.38544059
107 109 90 92 2 -0.53704083 -3.63322091
96 96 105 113 4 -0.000978441676 0.102702081
46 52 71 78 2 -0.488141596 -0.791483521
112 116 94 101 0 -0.0226282161 -2.05414891
77 77 105 120 2 -0.00039798193 -2.69535232
42 45 80 103 2 -0.000593616569 -4.84522581
85 88 97 132 2 -0.0218734331 -2.08613372
127 134 57 59 0 -0.938007891 -1.39092207
173 177 103 111 2 -0.0343561172 -3.14273596
139 143 46 52 0 -0.00450968137 1.32320571
36 36 52 58 4 -0.567026854 -1.91957664
104 110 125 140 2 -0.00649321824 -1.27931368
0 0 0 0 2 -0.32653144 5.76655912
77 77 115 122 4 -0.00281776558 -1.5221827
0 0 0 0 3 -0.292862654 3.50726271
131 131 112 119 2 -0.00203783857 -3.6065383
0 0 0 0 4 -0.921517253 7.71717882
0 0 0 0 3 -0.068685241 2.9058516
119 119 81 87 3 -0.00525528472 -3.9071095
33 36 78 86 2 -0.0176652186 -3.12053633
133 136 82 117 3 -0.047743313 -3.21652174
122 126 164 168 2 -0.0752578974 -2.08311009
0 0 0 0 3 -1.10588193 7.0968132
30 41 52 52 0 -0.0672524124 -4.3077383
48 55 84 115 1 -0.271178812 -0.443718046
141 145 158 164 4 -0.00383104058 0.0708692074
173 173 115 126 1 -0.0112639703 -0.301083654
44 52 56 62 2 -0.076679796 -3.02031851
0 87 41 42 0 -0.808386922 0.369753659
203 206 130 134 2 -0.00100840465 -1.67269206
44 52 167 202 2 -0.00690541696 -3.71160483
133 137 55 70 2 -0.00117501849 -4.10033703
51 54 74 79 0 -0.858190477 -2.60120392
135 136 123 129 2 -0.00441283174 -6.11851883
7 11 17 52 4 -0.296246082 -1.43524969
62 63 130 165 3 -0.0394791812 -2.62089133
51 54 99 134 2 -0.0170319472 0.293737888
0 0 0 0 2 -0.00469552632 4.65321159
93 96 123 131 2 -0.00028561306 -3.46061373
126 132 195 203 1 -0.486734569 -1.63449526
52 52 103 112 3 -0.00159742346 -2.48515344
41 41 54 89 2 -0.190592945 -1.96902966
76 81 95 130 2 -0.0123369526 -3.85939455
93 95 148 151 2 -0.00123161951 -3.59685206
30 36 44 79 2 -0.00256392197 -2.12424612
0 0 0 0 3 -0.497231483 4.6185627
107 110 80 87 4 -0.204274058 -0.429819107
115 117 128 163 2 -0.00703867897 -3.3630867
74 80 114 161 3 -0.00701934518 -0.473257959
0 0 0 0 1 -0.0179206487 5.77591848
152 152 68 91 3 -0.00289090164 -1.98098111
0 21 33 38 2 -1.89178729 2.09303355
33 40 76 80 2 -0.00780130504 -3.32623792
11 16 29 36 3 -0.207694218 1.76302218
107 112 77 83 3 -0.00849864352 -5.70588636
0 0 90 95 3 -0.957550764 0.497670114
44 48 219 226 2 -0.884295344 -2.96369004
116 116 155 159 3 -0.00178783666 -3.69381523
83 89 53 61 0 -0.000230291451 -5.06315899
0 0 0 0 3 -0.98647058 3.74735999
121 121 103 110 3 -0.00104665174 -3.30809569
56 60 77 80 3 -0.275280386 -5.78166533
100 104 163 178 3 -0.115027621 -3.36785507
90 92 110 145 1 -0.00493884925 -2.72619772
0 0 0 0 1 -0.00569046009 5.93541527
177 177 126 157 3 -0.0192953646 0.616180837
37 43 80 115 0 -0.00222953036 -4.9566021
98 98 135 143 4 -0.00156069605 -3.72631907
113 118 38 42 2 -0.000366304739 -3.15161061
133 135 78 113 1 -0.00229084934 -1.9201026
58 62 78 80 4 -0.0166230537 -3.00738025
91 94 106 112 4 -0.00047429523 -3.54762006
0 0 0 0 2 -0.127646446 7.82693243
0 0 0 0 3 -0.0189451762 4.5805192
0 0 0 0 2 -0.766892135 7.52442932
30 36 56 91 1 -0.960719228 -3.47709274
116 120 68 99 2 -0.00313536543 -2.12663817
123 123 103 111 2 -0.000229931466 -4.15499544
93 94 101 104 2 -0.00469905697 -3.45732164
16 19 35 38 2 -0.0109845931 -2.10180211
105 108 52 87 2 -0.0360465385 -4.55720425
0 0 53 0 1 -1.20610619 1.54153132
102 108 118 126 1 -0.0358700454 -3.02600908
48 50 96 98 2 -0.00853572041 -5.79729652
109 115 54 85 2 -0.0245421641 -1.3506217
57 57 72 107 3 -7.37896917e-05 -5.06285286
53 59 107 115 0 -0.00325431162 -0.761271
185 186 203 212 2 -0.0199476331 -5.21586657
0 0 0 0 3 -0.840764403 7.76454496
79 84 152 156 1 -0.0021662889 -2.46332312
116 116 130 132 4 -0.000685477688 -4.31092072
94 97 129 137 2 -0.0014893529 -3.71749902
109 112 49 54 2 -0.00582491374 -2.19510961
0 0 0 0 2 -0.0879982039 7.22233772
135 136 60 68 2 -0.0190035552 -4.79047155
80 80 50 56 2 -1.06366658 0.174961209
110 111 29 64 2 -0.00910644885 -1.55163884
50 50 92 123 1 -0.00406344235 -2.97901678
0 0 0 0 2 -0.42216146 7.1275773
81 86 36 71 4 -0.00120957801 -2.90047383
0 0 0 0 1 -0.0095706163 6.11282635
110 113 54 58 2 -1.0187453 -6.28760576
0 0 0 0 0 -0.00881756004 4.77032804
0 0 0 0 4 -0.93963486 7.51136255
231 237 130 165 3 -0.465812922 -1.01281404
134 137 48 59 2 -0.0122347716 -1.40276599
68 70 94 102 2 -0.00334569742 -1.11587906
29 35 87 91 2 -0.243351161 4.01958799
134 135 120 125 2 -0.0190221593 -3.05789948
0 0 0 0 3 -0.588251531 6.77458858
35 41 106 113 0 -0.0024981224 -4.15961647
62 65 23 27 4 -0.483979374 -0.63005197
69 72 152 183 2 -0.116851173 -3.80840731
25 25 38 73 2 -0.00326771638 -4.65884686
74 74 134 137 2 -0.00599408895 -1.16368318
0 0 0 0 2 -0.237837374 7.12123203
59 62 75 110 0 -0.00214027218 -3.11568522
95 99 112 120 3 -0.0035651105 -4.97008991
48 48 60 68 3 -0.000641970604 -2.97498465
196 199 86 91 2 -0.0113898357 -3.56649828
109 113 40 42 3 -0.00023411747 -1.69821453
65 67 178 182 2 -0.00165397336 -5.09230995
99 105 42 46 1 -0.0380704142 -2.46201324
83 89 115 123 3 -7.99886911e-05 -2.5211277
51 52 65 71 2 -0.207326949 -0.231193721
0 108 53 55 2 -0.861005843 -0.915238619
146 149 126 131 2 -0.0769127309 -1.39701223
127 128 93 95 4 -0.00222265208 -1.33883333
50 51 92 0 3 -0.358522415 0.735401213
70 74 84 119 0 -0.252626568 -2.59102035
157 162 99 134 1 -0.047518909 -2.59340906
61 63 197 201 2 -0.00307045714 -5.64436483
0 0 0 0 2 -0.00843165535 4.02953291
54 54 89 124 2 -0.174347013 -5.8304615
58 64 23 46 1 -0.0244434886 0.262156904
147 150 90 125 4 -0.00441655098 -2.02529478
154 155 95 130 2 -0.0816144571 0.907355249
0 0 0 0 1 -0.659948826 6.57871485
0 0 0 0 2 -0.522307038 6.48112345
40 41 26 29 3 -0.00143588474 -3.46315861
62 64 100 108 1 -0.0029406785 -2.75002265
122 128 41 47 0 -0.00185986748 -3.07286716
80 83 60 68 2 -0.00131546997 -5.06067944
141 144 71 82 1 -0.00102056609 -3.57579851
92 101 44 46 0 -0.00523675606 -1.91490865
0 0 0 0 2 -0.00715878699 4.46305943
74 77 85 88 0 -0.000389434543 -1.86600256
190 197 133 136 0 -0.00822728965 -4.63563871
0 0 0 0 2 -0.300182343 7.75468206
106 109 81 85 2 -0.0674901605 1.26245332
93 94 101 109 3 -0.0146110523 -1.3834641
48 48 155 159 3 -0.181864858 -2.82163334
45 49 64 66 1 -0.000927990419 -2.04338241
114 114 82 90 3 -0.00688518723 -3.67298579
52 60 79 83 0 -0.541221499 -1.8249011
0 0 0 0 3 -0.00898151379 5.04606295
42 42 0 0 2 -1.63821042 2.30744934
0 0 0 0 2 -0.00252912287 6.06892824
62 62 148 183 3 -0.0858310834 -5.47683048
47 53 80 88 1 -0.0120330919 -5.84205389
144 144 73 75 2 -0.000561426394 -2.36062241
59 65 76 82 2 -0.00189060066 -1.73633695
99 100 46 53 2 -0.000850780983 -2.16627169
179 183 146 114 2 -0.86432004 -3.81390166
81 85 102 113 3 -0.0426359251 -3.30673099
77 82 95 98 0 -0.0781188309 -2.77865911
103 107 116 131 0 -0.0948792696 -1.26893783
0 0 0 0 2 -0.00172901805 5.84268236
51 53 62 85 1 -0.00610670634 -2.81592059
96 101 80 83 0 -0.00139755104 -4.07111025
90 90 104 110 2 -0.00567352213 -2.62117767
121 121 70 105 2 -0.00443534367 -3.62998533
34 42 58 65 0 -0.00167099223 -2.67318892
67 69 108 143 2 -0.00012135267 -5.62135983
117 117 40 47 3 -0.00630394369 -4.65743828
60 67 99 0 2 -0.721090615 -1.07659841
90 90 42 53 3 -0.00782359298 -1.59190202
75 76 52 58 2 -0.0232239813 0.806631982
79 79 65 70 3 -0.00061768759 -3.44424391
118 118 34 36 2 -0.0019278666 -3.84163547
140 147 180 215 3 -0.00322014652 -1.34753847
47 50 102 113 3 -0.000558668689 -3.74674559
124 129 34 37 1 -0.00379718654 -3.82643747
58 62 146 181 2 -0.347143352 -4.66135979
154 158 52 87 4 -0.00136241899 -1.98480725
104 106 91 98 2 -0.0184915066 -1.57022476
0 0 0 0 3 -0.0181827433 7.64560175
150 158 98 54 3 -0.374274671 -1.15191817
32 37 84 119 3 -0.719103396 -3.39612699
0 0 0 0 2 -0.324420929 0.558521628
124 127 77 84 3 -0.0208452549 -3.55794311
71 71 110 145 3 -0.0348854624 -2.82804441
96 100 139 147 2 -0.0211357232 -2.97571898
55 57 114 125 1 -0.0105591286 -1.16843474
201 205 36 44 2 -0.00620350521 -3.62446237
89 91 116 147 1 -0.00136765954 -1.48350787
0 0 0 0 4 -0.0290947221 5.97166348
70 78 92 99 0 -0.00185020466 -4.62771749
84 92 0 0 1 -1.6047132 2.46165514
45 49 60 95 3 -0.00305604097 -2.36410713
130 132 149 153 2 -0.00115276757 -3.75760078
114 123 144 179 0 -0.195991427 -1.53743076
94 98 39 74 4 -0.63670373 -0.407890916
0 0 0 0 3 -0.436447412 2.51214457
224 225 120 143 3 -0.052080363 -2.26250553
76 76 89 97 4 -0.00840329286 -3.78381753
124 128 66 97 3 -0.862707257 -1.79926419
0 0 150 165 2 -0.473238885 1.3696816
0 0 0 0 2 -0.299880385 3.52188754
92 94 110 145 2 -0.0329083838 -3.23550081
66 72 134 145 0 -0.0109811937 -3.22262764
31 31 120 123 2 -0.00758748595 -2.40346026
0 0 0 0 2 -0.00496526435 3.83004642
59 62 139 147 3 -0.000250566896 -3.10449624
66 69 44 49 3 -0.323594064 -2.03635454
55 61 171 175 3 -0.112973928 -5.57573795
121 121 137 146 3 -0.0347789191 -4.36429548
137 141 153 0 3 -0.170206726 1.47954607
0 0 0 0 4 -0.543693662 5.41928816
28 28 39 46 4 -0.0582797155 -2.00955844
120 122 76 78 1 -0.28130886 1.06979728
0 0 0 0 1 -0.16293928 3.0196631
43 51 143 178 0 -0.00228292216 -5.98245764
84 84 39 44 2 -0.00487989001 -3.68197846
78 79 98 113 2 -0.169256896 -2.07840133
44 48 21 29 1 -0.000312297459 -4.78387547
46 54 111 113 0 -0.0300956387 -5.73713446
100 106 59 67 0 -0.00163741224 -3.91094828
72 73 55 66 2 -0.00956770126 -4.55774069
0 0 0 0 2 -0.00735566299 6.66439104
39 60 72 95 2 -0.986338794 -4.78405142
92 96 65 76 1 -0.12255279 -5.94026518
103 106 116 131 2 -7.08096049e-05 -2.1002233
84 87 61 66 3 -0.0226501226 -0.358012289
151 159 92 115 0 -0.344090492 0.0855178237
0 0 0 0 3 -0.00907304045 4.63235283
174 177 44 52 2 -0.062009044 -0.979619026
183 184 85 120 3 -0.0161432773 -0.546470106
97 100 115 121 4 -0.00123261509 -0.54955864
43 50 63 98 1 -0.00918738823 -1.46088767
48 52 63 86 2 -0.0105595617 -1.43489885
57 61 79 114 2 -0.000947607157 -4.78500652
71 76 94 101 1 -0.00157364481 -0.30979678
88 91 101 103 1 -0.409193307 -1.95469213
145 146 79 84 2 -0.000652696763 -2.4484272
45 49 88 97 3 -1.14307451 1.13109326
0 0 104 111 2 -1.67459965 1.87785959
88 90 67 74 1 -0.00455590896 -0.0603748262
133 137 81 116 2 -0.00280996598 -2.99703169
95 95 48 83 3 -0.000908614486 -3.74162316
41 41 121 156 2 -0.00105772482 -3.04891658
133 133 148 183 4 -0.0377058685 0.300234377
74 74 92 107 3 -0.00720780343 -3.6075356
132 136 149 184 3 -0.0157734379 -2.14516926
0 0 0 0 2 -1.58092308 1.98145294
92 99 66 70 2 -0.00065199635 -2.96152043
107 110 60 83 2 -0.000656546792 -4.15703917
75 79 89 94 4 -0.0147084258 -1.61684012
56 59 73 108 3 -0.000510735437 -2.41454887
131 137 40 75 0 -0.00346989045 -5.62410831
39 43 54 89 3 -0.025114553 -5.55450869
85 91 109 144 3 -0.00422977842 -2.38942242
63 65 45 56 2 -0.00218035188 -4.53053093
20 23 28 63 4 -0.0854814947 -2.41553187
106 113 89 94 2 -0.0280054379 -0.98243016
76 81 97 132 4 -0.00947157759 -3.40200353
88 90 105 140 3 -0.0949087217 -3.3731885
38 38 48 71 4 -0.034116108 -4.41870403
0 0 0 0 2 -0.784339488 5.57091522
56 59 138 145 2 -0.00191975967 -4.29358196
87 91 101 107 2 -0.00127037906 -2.31235623
118 119 162 193 2 -0.00567848608 -3.26637125
44 47 66 101 2 -0.00894821063 -3.98968697
71 72 25 60 2 -0.0289696474 -3.9864974
110 112 55 90 1 -0.00222342741 -3.88397908
122 124 30 53 1 -0.0081406869 -0.605371714
119 119 128 139 3 -0.0122138904 -1.42612958
133 140 156 160 0 -0.00194624788 -2.65770364
134 139 116 118 0 -0.00238257484 -2.94245648
80 84 36 38 2 -0.384035826 -1.44258785
42 52 98 105 0 -0.00697188545 -4.32529879
47 48 58 93 3 -0.0005805986 -4.25663662
39 40 89 124 4 -0.0317263119 -5.73579979
0 0 0 0 3 -0.0631128699 5.99349499
93 97 55 86 4 -0.707001626 -1.86933851
69 73 94 103 4 -0.0069300062 -2.61369491
96 96 125 129 3 -0.162992597 -0.503752112
58 59 109 144 4 -0.00049634173 -5.23569965
116 121 101 106 4 -0.000267966359 -2.76352715
39 46 124 130 1 -0.00689016888 -3.64709282
0 0 0 0 2 -0.000533720595 6.66929388
0 0 0 0 2 -0.0920748413 5.88902378
97 103 45 49 2 -0.00962893199 -4.03423071
110 114 68 75 1 -0.000331727089 -4.85532188
88 96 112 121 3 -0.050457146 -4.47273874
52 52 107 109 2 -0.469530523 2.66240335
161 166 110 145 0 -0.00151338999 -3.17876935
90 90 102 117 3 -0.363707781 -0.686718225
0 0 0 0 3 -0.0655843392 7.03181314
51 52 67 71 3 -0.0525624454 -3.79939556
151 156 48 50 4 -0.000940263737 -1.75727677
0 0 0 0 2 -0.52249372 6.05630493
31 39 43 58 2 -0.0702697411 -1.47533154
0 0 0 0 2 -0.0211489201 4.33192492
88 90 136 171 3 -0.00383523339 -0.558881104
121 125 157 192 4 -0.00037775372 -3.19535136
75 75 37 40 3 -0.0174172297 -1.21992779
100 107 50 85 1 -0.00609553186 -3.20275617
70 71 141 176 3 -0.0107222721 -4.46834135
0 0 0 0 1 -0.666216016 7.48304319
44 47 80 115 3 -0.000185005134 -4.10752535
116 120 138 142 0 -0.00110706408 -3.04097366
65 65 51 55 2 -0.00274437154 -1.98999119
217 221 73 108 4 -0.771989584 3.18992519
0 0 0 0 3 -0.135689601 3.25013804
0 0 0 0 2 -0.0232452843 4.24770403
85 88 97 112 1 -0.038391307 -2.50393772
118 120 76 151 2 -1.15155411 -6.47258759
0 0 0 0 2 -0.154296845 4.53331757
144 149 89 124 4 -0.00698098587 -2.5050807
106 107 56 63 1 -0.000761340372 -1.75172949
39 42 86 94 2 -0.000249018602 -4.35972595
55 60 111 146 3 -0.084195666 -4.15818977
99 105 118 126 0 -0.295259863 -1.98102164
105 109 128 134 3 -0.0244554859 -5.22276974
89 92 101 116 2 -0.000415184739 -2.61188626
107 110 119 125 3 -0.524222314 -2.68829894
93 98 149 184 4 -0.00107540668 -3.59219909
44 44 96 103 3 -0.144108593 -1.99375582
77 77 96 131 3 -0.00953958277 -1.88482356
83 88 98 105 2 -0.00114429474 -3.67488503
59 68 97 104 0 -0.00237156055 -1.16898286
57 60 117 124 2 -0.000553879596 -5.39792633
145 145 158 165 3 -0.000970205583 -4.53278923
0 0 0 0 1 -0.0228632763 4.06610155
42 43 53 88 3 -0.500148952 -4.82329512
0 0 0 0 2 -0.448639154 7.49959278
96 99 112 119 2 -0.00488166325 -3.49416566
127 130 108 113 1 -0.000237928558 -3.42019725
63 63 36 51 3 -0.00669059111 -4.36557055
53 56 41 43 1 -0.00244177459 -2.63501334
106 106 119 126 2 -0.498402894 -3.69922352
154 154 94 117 3 -0.0274030697 -3.14759088
0 0 0 0 1 -0.431903213 1.47815609
146 147 67 71 3 -0.00309178024 -3.13876867
0 0 0 0 3 -0.958658814 7.1078968
124 128 51 86 3 -0.00464705098 -2.71836352
106 109 52 75 2 -0.0130625917 -4.79324913
35 38 85 90 0 -0.0155192511 -0.735270083
0 0 0 0 1 -0.80902195 2.81959057
0 0 0 0 1 -0.260704815 3.21388292
114 119 46 50 3 -0.00356644858 -0.929290175
112 115 20 55 3 -0.00674737338 -4.76227045
0 0 0 0 3 -0.0207229219 3.0836916
56 58 106 129 2 -0.00288113393 -3.7322228
0 0 0 0 2 -1.17362297 7.29903364
0 0 89 94 1 -0.731282771 0.650409162
109 113 62 68 2 -0.00434886478 -2.80813551
111 115 144 146 2 -0.752866864 1.19052315
136 146 73 108 0 -0.00300734304 -2.2483983
90 93 35 39 2 -0.615918517 0.147689044
183 183 201 236 2 -0.0138976229 -1.09996331
54 58 111 122 4 -0.0058001955 -2.45303941
60 66 91 93 0 -0.000307649316 -3.91253614
56 61 74 76 2 -0.00231202878 -0.556802571
133 137 38 73 3 -0.065645963 -2.61363363
36 36 71 106 3 -0.0411881953 -3.01098228
42 42 56 91 3 -0.01570764 -2.2821393
79 80 97 101 2 -0.023828784 -3.78418255
0 0 0 0 0 -0.369552076 4.05490255
161 166 44 75 1 -0.0173734706 -0.15692997
72 75 100 102 2 -0.0104622664 -4.30928755
22 26 33 68 2 -0.0581677705 -1.2493583
69 69 77 79 2 -0.00632996997 -3.3577764
0 0 0 0 1 -0.190046996 2.90133548
63 66 108 143 2 -8.32067817e-05 -4.21679974
131 131 148 183 4 -0.00303202029 0.19254607
0 0 0 0 2 -0.024313489 2.89306307
123 126 107 116 1 -0.417215705 -2.0442431
0 0 0 0 3 -0.00778511586 4.60973406
68 69 99 107 3 -0.00109215674 -3.85471058
148 153 99 122 3 -0.130878538 -1.23454583
135 137 121 127 1 -0.00576835917 -5.05974627
59 66 37 44 1 -0.000736698334 -3.22559524
83 88 57 65 1 -0.00272216275 -4.23127317
69 75 87 122 3 -0.006160005 -4.75060415
0 0 0 0 2 -0.00219060876 5.82290077
0 0 0 0 3 -0.603506684 6.64651823
39 43 48 79 3 -0.0475716963 -1.06377101
61 63 123 138 3 -0.00110075006 -4.26372719
96 99 26 33 2 -0.249151841 -3.85439157
93 99 158 181 2 -0.130206689 -1.11279416
57 61 152 187 3 -0.00957104471 -4.63944197
0 0 0 0 2 -0.0411087945 3.10883045
44 48 66 97 3 -0.0555499569 -1.94480801
39 43 73 108 3 -0.211011544 -4.53012419
47 49 69 78 1 -0.0794081241 -2.08717823
80 80 91 0 2 -0.73667115 1.76685739
50 54 97 102 3 -0.00113463914 -3.68517804
0 0 0 0 2 -1.24810672 2.32983708
137 138 68 74 3 -0.233869702 1.1649332
29 37 48 54 0 -0.0050918241 -3.73969102
55 60 71 86 2 -0.00510262884 -1.42593646
31 37 41 52 0 -0.00277767703 -1.08592093
109 113 27 29 3 -0.0156658012 -2.27711296
173 179 190 194 1 -0.239819229 -1.27761698
0 0 0 0 4 -0.228827402 5.08865929
41 45 59 74 3 -0.000717872637 -4.25477314
45 48 128 143 1 -0.000116701573 -2.27593994
133 135 66 101 2 -0.43455404 -3.12830257
79 89 61 65 1 -0.0160330832 -3.44265056
119 125 103 108 0 -0.00816027448 -3.50626135
59 59 72 80 2 -0.000620651233 -2.80635834
45 49 0 0 3 -0.784461617 3.55793691
127 131 78 86 3 -8.23718874e-05 -5.16645288
98 101 31 46 2 -0.104231805 -0.495297074
79 83 96 101 3 -0.0995145664 1.18004179
127 131 204 215 2 -0.00584071735 -3.80876708
130 136 52 87 1 -0.0045071044 -1.90289974
130 134 106 115 0 -0.579821885 -0.736894369
44 47 121 128 0 -0.00313960877 -2.56664562
130 133 0 0 1 -0.709413528 -0.145394504
135 135 113 124 3 -0.00792334229 -3.37790871
0 0 0 0 2 -0.654235303 7.71306753
87 89 76 81 1 -0.000383117236 -3.16546607
0 0 0 0 2 -0.0736331567 2.99140859
0 0 0 0 2 -0.0357321613 5.06705332
106 108 123 125 1 -0.005486676 -2.86736822
35 35 50 85 0 -0.0581634976 -5.01515293
60 237 162 124 1 -0.924040198 -2.85872531
0 0 0 0 3 -0.986446381 6.80838537
133 138 70 105 1 -0.000854626705 -0.940285206
137 140 109 113 0 -0.0020770065 -4.36916161
0 0 0 0 2 -0.167362392 3.14286208
0 69 0 0 2 -1.50872993 1.16053534
51 53 65 67 1 -0.00162637723 -1.35131872
54 58 64 72 1 -1.70871174 3.77744842
61 65 81 96 1 -0.000549730088 -2.99080849
0 0 0 0 3 -0.0418152735 4.74446392
0 0 0 0 0 -0.416300505 3.03222895
0 0 0 0 2 -0.7584126 6.29644918
125 128 43 78 3 -0.00157290057 -6.71032619
132 135 152 187 2 -0.487142712 -0.0282768011
78 83 36 39 1 -0.0940594971 -0.706051767
137 143 34 69 2 -0.00577053893 -1.93415451
57 61 76 111 4 -0.0373816192 -1.92450666
0 0 0 0 2 -0.00166934263 4.84004688
111 114 142 146 1 -0.00122108031 -3.94722414
78 81 122 129 1 -0.00822367612 -2.2673471
66 72 102 110 1 -0.884558678 -2.49618483
22 26 71 76 2 -0.572902203 -4.83990955
17 33 29 31 1 -1.04947162 2.43096852
0 0 0 0 2 -0.0012313599 4.54300547
29 29 97 104 2 -0.516977549 -4.04264927
87 88 45 50 2 -0.0151096713 -1.73497677
69 76 120 123 2 -0.00132680777 -3.09919667
76 83 109 132 0 -0.0325424038 -3.64366126
50 51 59 66 1 -0.00125096692 -2.41057944
84 88 48 53 2 -0.0094497744 -0.840438724
148 151 66 72 2 -0.0336492211 0.520354688
80 84 95 130 4 -0.0179656241 -3.93237638
94 94 111 119 2 -0.0903261229 -4.82320929
53 57 106 141 2 -0.0584321022 -2.41947818
89 97 50 54 1 -0.019118173 0.428892732
98 98 43 48 3 -0.00407397514 -1.87812138
0 0 0 0 2 -0.367982686 5.76542377
68 74 90 125 1 -0.000844656373 -3.54106832
0 0 0 0 2 -0.00564806582 4.94846439
128 135 107 111 3 -0.039290417 -4.35313988
132 135 145 148 0 -0.0452972651 -3.63627481
112 116 134 141 3 -0.012641836 -5.17810154
50 68 98 103 4 -0.71665132 0.600927174
106 108 121 127 2 -9.89421387e-05 -2.11671185
60 62 37 44 2 -0.120255679 -1.01579094
90 93 37 72 3 -0.00133510609 -5.15573931
77 84 64 66 0 -0.0392501205 -2.07730269
84 84 70 72 2 -0.0022833948 -2.86432028
24 29 37 72 2 -0.00518840365 -1.62649512
100 104 120 127 4 -0.000455210771 -2.1706655
32 36 50 85 2 -0.000640071114 -2.84601545
0 0 0 0 2 -0.0455000103 5.81581593
0 0 0 0 3 -0.00529335067 3.42310548
91 91 45 47 3 -0.0011166418 -2.50950336
57 63 78 113 1 -0.0403440334 -2.30097628
119 120 134 145 2 -0.00775261177 -3.28490591
139 143 156 171 4 -0.0024608965 -3.27938485
129 133 73 108 4 -0.00533577381 -1.14083219
86 91 30 36 2 -0.00310682924 -4.59056902
0 0 0 0 3 -0.808160067 4.08337831
62 66 119 128 3 -0.00128828885 -4.14222765
63 68 85 116 3 -0.0183744151 -4.9556365
118 123 49 84 4 -0.000631123839 -1.55389237
0 0 0 0 3 -0.349996835 3.5166254
45 50 115 122 0 -0.00467757694 -1.44282413
139 142 62 77 2 -0.000492498395 -4.57166672
41 45 53 58 2 -0.000578060281 -3.07659769
110 113 35 42 1 -0.0696739405 -0.747029305
126 131 118 120 1 -0.000312549062 -3.41924763
182 182 53 56 3 -0.0320955515 -2.87903309
78 79 97 132 2 -0.00889296457 -1.88955402
132 140 43 58 2 -0.00109644549 -4.6263032
47 54 66 69 0 -0.00523345359 -2.26316714
55 58 87 94 1 -0.000113246744 -3.00664854
64 65 76 80 1 -0.0113297878 -1.14484739
0 0 0 0 2 -0.204805657 3.08346081
27 32 106 110 1 -0.0291067529 -3.10105109
0 0 0 0 3 -1.02555633 -0.142084867
108 112 123 128 2 -0.115154691 -5.55476141
0 0 0 0 1 -0.000621386047 6.04350805
45 49 110 145 3 -0.939777374 3.50313163
105 105 47 70 3 -0.00112186046 -1.6285944
123 126 138 147 3 -0.00446163118 -0.962013245
166 170 105 120 3 -0.0304507874 -2.55890727
0 0 0 0 4 -0.997218966 7.35428333
90 92 102 137 2 -0.00563370716 -3.10208082
35 36 42 77 1 -0.60482192 -1.79557729
0 0 0 0 2 -0.0455101579 3.69495225
98 101 64 79 2 -0.000840569614 -3.10564971
80 87 39 46 0 -0.00023066187 -5.58921814
141 141 119 123 4 -0.492997766 -1.29890227
128 134 83 114 1 -0.00172540487 -5.37275982
102 104 144 150 2 -0.00115008012 -2.84259558
54 58 62 93 3 -1.10966194 0.303201675
49 51 132 141 2 -0.000373822113 -4.83149385
60 63 100 135 1 -0.0286572836 -2.87446237
114 118 183 186 4 -0.00171317183 -1.78433657
47 48 130 137 2 -0.00260032131 -3.57742548
131 135 55 62 2 -0.0222989619 -1.63139963
37 39 21 27 2 -0.00213604863 -5.68185282
56 58 0 73 0 -1.55644083 -0.0925087929
98 101 43 78 1 -0.00467317505 -1.05474949
0 0 0 0 4 -0.0379969105 2.931849
0 0 0 0 2 -0.00535241608 3.89543986
75 77 38 61 2 -0.0625591278 -0.481155902
122 125 139 144 4 -0.0064985007 -0.718497396
142 145 65 100 0 -0.000527819619 -3.61137938
122 133 169 175 0 -0.00822872296 -4.44376564
115 120 50 57 3 -0.0136724431 -4.4134388
105 112 173 188 0 -0.0427207351 -0.637408376
43 46 100 102 1 -0.0258376524 -1.19805598
66 69 135 141 2 -0.000841216533 -3.39528465
0 0 0 0 1 -0.0778777972 4.62983894
38 42 58 93 1 -0.000283220492 -5.25485325
160 164 115 138 4 -0.00168393308 -3.85819197
60 64 119 126 0 -0.843922794 -0.196977526
0 0 0 0 3 -0.0278803185 4.11525393
77 77 47 62 3 -0.00933593046 -4.4708209
104 106 124 159 1 -0.00459561218 -1.16403461
131 131 0 112 3 -1.68516123 1.50408387
67 67 40 51 3 -0.0113778915 -3.21150231
137 139 95 101 1 -0.413538069 0.850132048
109 113 133 135 3 -0.0276212897 -4.50597095
0 0 54 58 3 -1.08175492 0.771124542
33 36 51 54 2 -0.000658779987 -4.07795
67 71 49 56 1 -0.00519735366 -1.75787354
129 134 146 181 3 -0.00246073236 -3.71549344
193 197 85 0 2 -1.47495198 2.60082388
35 42 109 144 2 -0.00398875494 -1.30361366
96 97 55 70 2 -0.00442563929 -6.4716444
88 89 97 99 1 -0.00481645204 -5.16118956
0 0 0 0 1 -1.02260447 7.82602644
0 0 45 80 2 -0.206319317 -0.0105068982
122 128 137 142 1 -0.00873017125 -2.76795912
44 44 58 66 2 -0.000615969242 -2.77234125
0 0 0 0 2 -0.00160968932 6.71196127
71 74 183 218 2 -0.00250271102 -5.35876322
60 63 29 36 2 -0.011452741 -2.87127256
0 0 0 0 2 -0.000105616789 6.289958
130 130 82 89 2 -5.32862032e-05 -4.74182129
49 53 85 120 2 -0.0135518592 -2.53951073
121 125 47 49 2 -0.000472625077 -4.17033863
25 29 53 88 4 -0.00103493361 -3.53612208
110 117 58 89 0 -0.0149636101 -3.12688899
41 44 62 65 2 -0.0095202392 -3.41173315
57 57 116 127 3 -0.0635831803 -2.96158338
121 126 78 85 1 -0.00470847636 -1.21279073
55 55 105 112 2 -0.0253510606 -0.974758923
103 109 86 88 1 -0.000800077512 -2.54716754
56 60 145 149 4 -0.000228986202 -2.68519449
59 61 89 104 2 -0.161517546 -0.703849137
0 0 0 0 3 -0.353834122 3.71929145
73 80 105 128 1 -0.00172845775 -4.21588993
0 0 0 0 2 -0.000312066637 4.1947031
54 54 31 39 3 -0.0155416317 -4.60765171
127 133 110 116 2 -0.0101092644 -1.92540336
76 83 102 137 0 -0.0282745846 -4.26164436
0 0 0 0 2 -0.0518021435 4.52256536
96 113 129 131 2 -1.2534312 -1.90300512
68 72 51 56 2 -0.000180714851 -3.41109562
61 61 79 88 3 -0.00189497985 -0.843695045
73 73 92 127 3 -0.000133153371 -3.93697429
58 61 126 134 3 -0.00252466579 -2.60445213
130 136 79 114 2 -0.0061219316 -3.5983057
215 216 142 177 3 -0.0394280776 -4.07796335
54 54 92 98 3 -0.000190605177 -4.42084503
0 0 0 0 2 -0.0743041709 3.61583447
113 113 61 96 2 -0.0225210171 -3.49632549
38 42 46 52 3 -1.23605585 -2.06954217
136 138 104 115 2 -0.0036625315 -0.903550863
0 0 0 0 2 -0.313060671 4.23641014
156 160 90 98 1 -0.115049548 0.298746705
112 113 62 97 4 -0.108118147 -2.40611529
0 0 0 0 2 -0.00400064606 3.38679719
56 60 93 97 4 -0.0121349357 -1.83399844
40 42 58 93 3 -0.00430662325 -4.16715574
103 103 84 88 3 -0.12951827 1.43642926
12 17 22 33 0 -0.263150275 -1.90418005
46 53 58 63 1 -0.11462903 -2.87048125
0 0 0 0 3 -0.88547039 6.69176006
43 45 62 73 1 -0.00353062549 -4.64251661
135 141 47 54 0 -0.00431336276 -1.52939296
0 0 0 0 0 -0.116333738 7.72442198
86 90 73 75 0 -0.00964531861 -1.22304416
26 35 95 130 1 -0.0119228186 -3.08522034
116 120 134 143 3 -0.00103318307 -2.45502186
121 124 106 108 3 -0.0109025575 -2.47362614
74 78 29 64 4 -0.0182915218 -0.966627002
148 153 57 92 1 -0.000424333732 -2.01407981
115 116 131 166 3 -0.00108999934 -3.43476725
107 110 124 130 1 -0.000770819432 -2.11706758
38 38 106 113 3 -0.000890923315 -4.63398886
0 0 0 0 1 -0.000641768798 3.81282115
66 70 99 130 0 -0.0559561737 -4.38608694
0 0 0 0 2 -0.0744593516 5.39489079
58 60 105 111 1 -0.00570928818 -1.85276437
61 61 106 137 3 -0.012036358 -1.06693983
51 52 66 74 4 -0.00238614972 -2.24361014
0 0 0 0 3 -0.502147913 6.69544744
34 34 108 114 3 -0.0110678505 -2.03788829
0 0 0 0 1 -0.261294276 5.74647951
88 89 53 68 2 -0.00806159712 -0.507193983
42 51 127 142 0 -0.0127482153 -2.39265251
150 150 103 138 3 -0.047256615 -3.01868439
165 167 48 63 2 -0.00839951728 -2.98759866
45 48 57 64 0 -0.000430672691 -2.7423594
0 0 0 0 2 -0.0189234428 6.85366488
16 17 55 94 2 -0.425449729 -0.165404797
66 74 139 143 1 -0.398278624 -1.0290215
0 0 0 0 3 -0.00951561425 4.06523657
48 52 137 172 4 -0.00460892124 -4.01276588
30 38 86 94 0 -0.00187393511 -1.72395873
0 0 0 0 3 -0.373900682 6.10712719
0 0 0 0 3 -1.24496853 -0.630629778
112 114 136 143 1 -0.00941464957 -2.33537292
34 34 42 73 3 -0.0127206678 -2.40901995
69 70 42 46 3 -0.003749141 -3.44321012
0 0 0 0 4 -1.2241559 7.88795424
55 61 114 149 0 -0.00786735769 -5.21627998
0 0 0 0 2 -0.0493315235 4.39505053
0 0 0 0 2 -0.951115012 7.13155079
85 92 42 51 1 -0.00415123813 -2.86425757
101 107 37 60 2 -0.000370460155 -3.93996072
75 79 92 96 4 -0.0013382592 -1.94305301
100 108 42 53 4 -0.0444612987 -4.38961601
129 135 90 98 2 -0.000120755532 -3.5427165
34 39 68 74 3 -0.0217749923 -3.69006658
45 52 142 149 1 -0.000874587393 -5.4184041
0 0 0 0 1 -0.740856707 7.2842207
30 35 71 106 1 -0.350719005 -2.25586796
56 56 0 0 1 -1.80005872 2.20315123
115 121 42 77 2 -0.0213712286 -4.18692255
45 46 60 62 2 -0.00256673433 -1.7593081
102 109 63 68 2 -0.000283461268 -2.83089757
113 117 38 53 2 -0.00359784486 -3.81742644
77 77 42 57 2 -0.607655048 -0.755002081
91 95 101 107 3 -0.0755451545 -0.101773322
93 94 41 45 1 -0.00134386995 -1.86816621
85 91 120 122 0 -0.0011363402 -1.87977815
43 53 110 117 0 -0.000561354507 -3.25942397
126 129 144 151 3 -0.00106668717 -4.1786828
43 51 102 137 2 -0.00215638895 -2.96366644
132 137 48 50 2 -0.0330648534 -2.14621043
0 0 0 0 0 -0.132189125 4.09119129
76 81 54 60 2 -0.0941160843 -5.08892202
0 0 0 0 2 -0.407157004 1.85480261
44 50 77 88 0 -0.270685732 -3.71668816
46 46 63 65 3 -0.0014362575 -3.40857792
54 58 74 109 2 -0.00126116676 -2.01985216
112 115 62 70 3 -0.14364551 -4.18271208
22 25 83 90 2 -0.0671023279 -4.06791639
0 0 0 0 2 -0.00941285212 3.06357384
88 88 108 123 3 -0.00473180693 -3.26957345
117 121 41 48 4 -0.00164189632 -1.46750021
186 190 58 63 2 -0.296900362 -2.36435628
0 0 0 0 2 -0.511773586 6.31576109
62 65 76 111 2 -0.000970893772 -5.18715763
68 71 90 93 2 -0.00560551789 -3.46732807
59 65 106 112 2 -0.000794892549 -2.78967881
0 0 0 0 3 -1.01384377 0.959080994
0 0 0 0 2 -0.0609523728 6.95671415
0 0 0 0 2 -0.97974205 7.15308332
161 165 81 116 1 -0.182260633 -0.500910103
36 37 47 82 3 -0.0025295415 -1.15998983
56 63 99 101 2 -0.242892578 -2.15077567
53 55 124 159 2 -0.000612656586 -4.39945316
0 0 0 0 2 -0.236069933 3.85279059
105 105 127 131 4 -0.0014592323 -0.812802792
0 0 0 0 2 -0.543193579 4.57553577
116 120 133 141 3 -0.0211580228 -0.816106975
56 60 34 39 0 -0.0115661118 -3.52945328
48 52 70 79 4 -0.000124808997 -2.97346258
17 25 29 33 0 -0.192066714 -1.80833292
61 68 79 88 3 -0.0254287794 -1.89570117
31 37 45 53 1 -0.00046345091 -2.24032426
182 186 204 206 4 -0.117785349 -3.41409111
41 46 0 0 1 -0.570125103 1.62773871
138 139 147 154 2 -0.0228442345 -3.12174869
48 52 67 102 2 -0.000266891235 -3.56795001
110 110 52 61 2 -0.983023703 -1.8900404
0 0 0 0 2 -0.528061628 4.38042831
0 0 0 0 3 -0.00783943012 5.9279871
121 126 103 106 4 -0.000430535147 -4.43564177
0 0 0 0 1 -0.113111824 3.93299794
45 49 64 70 3 -0.00317781698 -2.4016161
43 47 50 73 3 -0.160114825 -2.34435058
116 119 41 56 2 -0.0251819678 -1.90055513
53 55 107 113 2 -0.000282152032 -4.87508202
110 110 46 69 3 -0.00121225766 -5.08101225
41 47 102 137 0 -0.00139929913 -5.61724138
0 0 0 0 4 -0.000794988242 5.32487106
0 0 0 0 3 -0.0808232501 5.73439837
58 66 79 88 0 -0.0383679941 -0.743097663
0 0 0 0 2 -0.0055127372 5.061234
0 148 37 48 2 -2.0308249 1.53064513
46 52 87 93 0 -0.000412910391 -3.80307531
101 103 80 88 2 -0.0230175406 0.00845268369
52 59 142 146 3 -0.0107284524 -5.46526146
0 0 0 0 3 -1.0078398 5.53409815
0 0 0 0 0 -0.00423959037 4.59740162
0 0 0 0 4 -0.460635215 1.88266587
111 113 128 137 2 -0.0101266224 -0.572571456
27 31 37 52 2 -0.714351356 -0.188977465
0 0 0 0 2 -0.294303298 5.39046574
166 169 43 54 2 -0.00216165138 -2.82908201
27 27 37 41 2 -0.0575334355 -3.1120708
0 0 0 0 2 -0.0172425993 6.45597839
33 33 156 191 3 -0.00164960965 -1.05189395
37 40 86 121 2 -0.00271554012 -5.05206537
98 101 109 132 2 -0.0185735039 -0.042866528
0 0 0 0 2 -0.0196934715 6.75803185
86 91 118 141 1 -0.000627448549 -3.12752485
0 0 0 0 3 -0.0313475579 7.28307199
187 187 204 215 2 -0.070912838 -1.13014841
95 99 77 88 3 -0.000841689296 -4.37916279
87 90 58 73 2 -0.0840171725 -1.18725872
155 159 57 92 3 -0.000946695567 -2.14168358
102 103 110 116 3 -0.0157910958 -2.14500904
55 62 123 131 2 -0.000309326395 -2.96280336
48 48 125 129 3 -0.00199014437 -3.07344985
48 49 77 100 2 -0.00398438936 -1.37017524
90 91 97 132 3 -0.228258461 -2.74474883
28 32 71 77 1 -0.226559997 -3.72031474
0 0 0 0 0 -0.695353091 4.7344842
64 70 76 87 1 -0.15289624 0.0517410934
94 97 110 133 2 -0.0440954529 -2.30903506
95 98 59 66 2 -0.000229587458 -4.32670927
166 167 149 152 2 -0.00742728636 -4.73165989
69 70 118 122 2 -0.000214806118 -5.05630255
80 82 97 132 1 -0.0487459004 -2.86325693
0 0 0 0 0 -1.5207026 1.93451118
90 93 109 124 4 -0.000374779222 -3.25363755
90 96 124 139 1 -0.000925043598 -1.06688023
92 100 72 83 3 -0.00519141881 -2.38791156
0 0 0 0 0 -0.00104984548 6.79149532
119 123 82 90 2 -0.000315881683 -2.80291891
112 116 122 129 2 -0.000163669552 -2.21849298
49 51 119 134 2 -0.00131173863 -3.00659442
13 17 21 26 2 -1.05474257 1.74342084
96 97 108 113 3 -1.8242979 0.713329136
51 51 70 105 3 -0.000348548725 -3.37187219
115 125 140 155 0 -0.00260487292 -2.76537156
110 116 67 98 2 -0.000211822844 -5.12123346
108 111 48 55 3 -0.000177493552 -4.61923552
0 0 0 0 2 -0.583587885 7.05958176
0 0 0 0 1 -0.631450176 6.59354734
175 179 132 139 1 -0.173857093 -1.26187682
0 0 0 0 3 -0.0221686047 4.74074459
116 118 23 58 2 -0.00536214653 -3.49719524
122 126 43 50 1 -0.394972354 -4.64725733
154 162 52 59 0 -0.00119561527 -1.12961245
108 108 54 89 4 -0.0182173997 -4.5293293
22 30 37 72 0 -0.23128064 -4.14902258
90 92 50 73 2 -0.239815027 -2.339885
0 0 0 0 0 -0.891432583 4.89601946
49 54 134 157 2 -0.0219604522 -3.47171783
0 0 0 0 3 -0.0951093212 4.8847332
0 0 0 0 4 -0.71455574 7.82240629
110 110 38 42 3 -0.0402782895 -2.40067196
144 148 37 72 3 -0.00181996683 -6.89915276
96 100 34 0 3 -0.786396265 0.378462851
111 114 133 141 3 -0.0148252398 -1.55642295
0 0 0 0 3 -0.0459370576 5.00058603
166 172 67 102 0 -0.00965115335 -4.5186429
162 162 48 83 2 -0.01355871 -0.305528581
110 113 122 153 2 -0.263241351 -0.269427657
0 0 0 0 3 -0.110386871 4.83197498
88 92 101 136 2 -0.000518351211 -4.07730579
0 0 0 0 2 -0.332301736 3.18784142
110 118 128 133 1 -0.00318018673 -2.36905813
40 44 53 88 2 -0.0168247335 -2.67220807
137 137 122 125 3 -0.0139668556 -2.62736297
114 118 77 88 3 -0.000547222327 -4.21599674
53 54 66 70 3 -0.761233985 -4.7441988
129 129 147 151 1 -0.0271737948 1.10091162
84 84 95 102 3 -0.00169240485 -1.32820296
67 71 90 98 0 -0.0729209259 0.740130365
0 0 0 0 3 -0.318867892 3.5918982
46 52 56 64 2 -0.218081564 0.586543739
112 115 86 88 1 -0.250739664 0.124082088
106 110 59 94 3 -0.00511689112 -2.5206933
0 0 0 0 2 -0.0107627427 5.39907074
82 85 98 133 3 -0.00186268298 -5.3688364
0 0 0 0 1 -0.00858532637 3.92097545
151 155 101 104 2 -0.0501934998 -2.49618173
134 0 48 79 1 -0.273837656 1.63303423
49 55 111 146 2 -0.026792638 -2.48824644
178 182 133 168 2 -0.0135646909 -1.39209199
59 62 90 125 1 -0.0022124052 -5.43335581
46 41 51 59 4 -0.411453962 -1.03094625
0 0 0 0 1 -0.0246384088 5.20412016
61 67 84 85 1 -0.0582343638 -2.58864975
53 56 122 157 2 -0.0106049934 -3.47074485
168 168 29 64 2 -0.100529797 -2.06479931
112 115 127 133 1 -0.00829874258 -2.2021091
127 131 113 115 1 -0.00375543581 -2.0370903
0 0 0 0 2 -0.197548851 6.83912277
51 51 69 77 3 -0.00113515614 -1.3598156
95 99 40 45 3 -0.379959762 -3.93449569
68 72 23 58 4 -0.303381085 -0.518936813
0 0 0 0 3 -1.01910484 7.68086481
51 51 59 94 2 -0.0220073443 -2.4934504
74 76 88 90 2 -0.00622923067 -2.75668669
123 126 57 64 3 -0.0998009741 2.11229324
75 81 31 54 1 -0.00100983924 -2.74995685
74 80 115 150 1 -0.00049857609 -3.69894814
118 125 102 105 0 -0.00170176546 -3.42959118
92 94 131 138 2 -0.00369323231 -3.61963487
90 95 105 108 3 -0.226906151 -1.59759498
162 165 112 120 2 -0.412448287 -1.78693581
85 90 107 142 3 -0.00611494808 -3.37190795
82 89 58 66 0 -0.000112650901 -4.38933516
94 94 113 116 2 -0.00672159437 -1.7239635
71 75 89 96 3 -0.0389169194 -1.97665
0 0 0 0 4 -0.291938037 7.03594923
151 154 41 76 4 -0.00670910068 -1.10477853
103 111 45 48 0 -0.0068905591 -0.549561679
0 0 0 0 2 -0.00816388428 4.96282673
33 38 115 117 3 -0.026988307 -4.12580347
125 129 42 48 0 -0.00167780439 -3.20008659
53 53 64 69 3 -0.158326566 -0.00459480286
89 92 65 80 2 -0.00392136164 -3.55652094
102 103 137 172 2 -0.0341843776 0.52425307
102 105 122 153 2 -0.200130507 -0.74513185
41 42 101 136 4 -0.0190803967 -0.345773041
41 45 60 91 2 -0.0262357183 -1.85245132
64 68 179 181 2 -0.0455959439 -1.37564456
167 172 148 155 2 -0.00445801113 -2.38845944
0 0 0 0 2 -0.103679366 2.61244226
126 129 23 58 3 -0.21208784 -0.737858832
0 79 98 101 1 -0.778831482 1.00473213
105 105 113 124 2 -0.000243890434 -3.93592882
97 101 119 127 2 -0.000985198189 -3.58023143
0 0 0 0 2 -0.00253935042 5.11287069
193 194 77 81 4 -0.0394898653 -4.4438591
136 136 122 124 3 -0.000852040073 -3.58307791
0 0 0 0 2 -0.148118049 6.96784258
0 0 0 0 0 -0.496993154 7.23671389
0 0 0 0 2 -0.00296723237 5.95808268
0 0 44 47 3 -1.88868284 0.966942728
75 75 34 41 3 -0.065841645 -3.79291105
0 0 0 0 2 -0.132169694 6.08871698
0 0 0 0 1 -0.0187363848 3.29887938
0 0 0 0 2 -0.0713687688 0.350751638
103 104 29 64 4 -0.0012346505 -3.65644312
51 57 117 121 2 -0.000446152553 -3.73940897
14 18 29 27 4 -1.24578762 -3.22071767
129 132 50 57 3 -0.00105320988 -2.57888842
44 48 94 102 3 -0.0121879559 -2.37133765
158 158 103 107 2 -0.00223946874 -4.61799812
84 89 102 107 3 -0.0515589863 -1.86262655
100 100 116 123 3 -0.000477599475 -2.34224033
156 159 104 139 0 -0.000674836338 -2.34462333
34 37 54 58 2 -0.0586951897 -3.38478374
105 110 41 76 2 -0.0185681116 -3.66100407
0 0 0 0 1 -0.0497418307 3.02430582
46 53 112 120 2 -0.0451330245 -2.28499126
0 0 0 0 3 -0.754394233 7.72635794
53 56 157 168 1 -0.164060175 0.473149538
56 61 175 186 0 -0.00120526622 -3.15261841
149 149 50 85 2 -0.00177648407 -0.015288204
118 122 81 84 3 -0.00124011654 -3.01791859
29 32 83 90 3 -0.0161518287 -2.48499084
127 131 46 81 4 -0.328889698 -1.11167312
0 0 0 0 1 -0.00553215249 1.99735379
110 110 124 132 3 -0.0838063508 1.06954503
127 129 47 58 3 -0.0375762768 -3.39780641
101 105 116 131 2 -0.000827272073 -3.29064178
84 84 91 102 3 -0.00872683432 -1.29586983
82 85 128 131 1 -0.000337706966 -2.26225805
75 76 0 0 2 -0.0343919694 -1.70636749
55 57 160 162 3 -0.0299648847 -2.39450645
127 127 52 56 3 -0.000209918901 -2.79936767
0 0 0 0 3 -0.59151125 0.977264225
82 82 53 68 2 -0.00201269123 -4.49244261
122 128 139 162 2 -0.00345875812 -3.55909061
102 103 118 125 1 -0.00429891935 -1.97562361
107 114 50 59 3 -0.000730910047 -3.08133888
104 104 51 86 3 -0.0240702834 -3.18744826
78 82 132 141 4 -0.000247585209 -1.84254718
57 61 79 90 3 -0.00271237758 -3.09483433
99 99 110 121 3 -0.00141450204 -4.12301207
134 141 82 97 1 -0.289491951 -0.192159176
81 87 176 211 2 -0.00655099191 -2.50209689
123 123 45 45 2 -0.00445142761 -1.85841393
117 122 66 97 3 -0.0430805981 -2.46949553
124 128 82 117 3 -0.00583442766 -3.53082752
118 125 53 68 1 -0.0102698654 -1.83470511
134 139 46 81 1 -0.0168381445 -4.16222811
102 104 73 81 2 -0.000187510552 -4.75550795
226 226 58 167 3 -0.4191356 -1.93073225
58 65 149 157 0 -0.000120876255 -4.7809
106 106 121 123 3 -0.0549092442 -0.170291364
114 115 124 131 4 -0.021037668 -1.03103137
83 90 113 118 2 -0.000450189254 -4.68098593
108 109 123 134 3 -0.00968162715 -4.8644762
151 153 129 135 2 -0.000225774769 -2.56344914
0 0 0 0 2 -0.00303066149 6.39314079
80 80 186 221 3 -0.0405655876 -2.142066
68 69 23 58 3 -0.00387293287 -4.79807377
80 87 95 130 2 -0.0482286289 -1.03119731
140 143 68 119 1 -1.26216626 1.73356462
72 75 84 119 1 -0.00180494739 -4.86913919
158 165 75 110 0 -0.11315614 -5.3436799
149 152 58 93 3 -0.29646945 -0.441605031
0 0 0 0 2 -0.00293640094 4.6462369
0 0 0 0 3 -0.928853929 1.13315845
0 99 27 0 2 -1.90317464 1.14387131
23 25 65 72 1 -0.180925488 -1.57779026
75 76 86 109 3 -0.284486592 -0.494219869
52 53 70 81 2 -0.000545071089 -2.04586005
0 0 0 0 2 -0.0279674418 8.56419373
116 116 67 78 3 -0.0261655059 -3.89156938
65 68 76 79 1 -0.0103925867 -3.64259362
0 0 51 55 3 -0.167565227 0.993926108
45 49 65 80 1 -0.000551141275 -2.86376023
0 0 0 0 3 -0.00939729996 5.35760689
18 23 27 62 2 -0.261596024 -0.823727965
101 106 118 141 3 -0.0152368788 -3.49772739
55 56 70 105 2 -0.00513338484 -1.67013264
121 121 191 195 3 -0.00224773772 -3.69583678
161 163 118 149 1 -0.402479589 -0.685766518
101 106 78 86 0 -0.0208149776 -2.83827043
129 133 106 110 0 -0.0130064273 -1.22737026
201 205 75 83 0 -0.00992434658 -4.8741827
114 117 68 103 2 -0.00925183482 -1.09511912
15 15 37 45 3 -0.34791851 -1.29592955
135 140 85 120 3 -0.0068011377 -1.62724423
97 100 112 115 2 -0.0046706521 -5.13804674
61 66 82 85 1 -0.00843833666 -0.452029049
98 102 53 63 1 -0.00216028537 -3.52995801
143 147 53 88 0 -0.00175869348 -3.36208344
46 47 64 74 2 -0.0148890009 -1.2178098
59 59 78 84 3 -0.0129434802 0.0964827538
64 67 48 54 1 -0.00205454766 -3.3761487
28 31 46 81 1 -0.0130483601 -2.77039742
42 47 121 152 2 -0.00173583697 -3.73085308
30 38 86 90 1 -0.216935009 -2.47972369
50 50 70 75 2 -0.000326136564 -3.95230722
82 83 179 183 1 -0.170975253 -1.23167992
47 49 124 131 2 -0.0021321706 -3.31256652
12 12 18 26 4 -0.144737586 1.15482593
12 16 35 35 0 -0.37211135 -1.81087828
76 80 36 59 4 -0.00181600975 -4.34041977
72 77 53 60 3 -0.000359754515 -2.53811216
61 61 74 109 3 -0.000560111308 -5.05981588
30 31 63 70 4 -0.00629937137 -1.95814919
36 39 109 124 2 -0.00181998627 -2.8686974
71 76 41 64 4 -0.0776359141 -0.338853538
156 156 33 35 3 -0.0244982485 -5.56823063
55 55 93 100 2 -6.01998545e-05 -4.27190542
133 140 102 109 2 -0.000879186904 -4.64198208
135 142 46 50 1 -0.00280713663 -1.09224379
39 39 57 59 4 -0.00123179844 -3.31134582
51 55 75 86 3 -0.00236561173 -5.29798985
56 60 70 101 3 -0.0053141783 -2.17492437
47 49 58 62 2 -0.00342513993 -3.8474257
38 42 46 57 1 -0.0417325795 -0.361193359
97 100 108 115 1 -0.00336233387 -3.92795491
38 40 44 52 2 -0.148973808 0.862482607
47 48 76 111 2 -0.0137064625 -4.69818687
47 53 65 100 0 -0.000695583643 -5.06403637
52 54 39 46 2 -8.08227633e-05 -2.63269758
70 75 83 118 3 -0.0722983181 -4.57296801
62 67 123 129 0 -0.00158864749 -4.45008278
56 56 70 73 3 -0.000214564774 -3.12740183
50 50 68 74 3 -0.00373851182 -4.53385019
58 58 75 110 3 -0.0276008565 -4.53916979
43 46 58 63 2 -0.00111367786 -2.19431615
45 48 124 159 2 -0.00182650366 -2.47144961
114 122 54 69 2 -0.00025605291 -3.49673629
118 118 42 77 3 -0.00948920287 -4.75903225
101 105 116 120 0 -0.00163529417 -3.20191908
98 98 74 82 3 -0.019942157 -2.60798836
64 64 79 84 3 -0.00124750403 -5.49259186
25 25 153 160 3 -0.00454873033 -3.86791754
82 83 107 122 3 -0.00231896318 -3.04775095
4 4 8 43 3 -0.636851311 -0.544220924
112 112 128 143 3 -0.00145198824 -4.75777102
121 124 104 106 2 -0.0002995588 -3.04976821
90 90 100 131 3 -0.392067194 -1.85800028
29 29 33 40 2 -0.381225139 1.51703
88 88 49 72 3 -0.000992365414 -3.39510083
131 133 106 121 2 -0.000106093525 -3.84284997
89 90 109 111 2 -0.00397610711 -2.59891129
114 117 47 82 2 -0.000340313331 -5.29863548
161 161 56 67 2 -0.000603830675 -3.14417315
63 63 71 75 2 -0.0369555876 -1.68727636
137 140 63 98 1 -0.000776577857 -3.56688237
46 46 66 101 3 -0.00516200159 -5.54858875
79 79 108 143 3 -0.00868601725 -3.26158977
104 107 46 57 1 -0.00101636734 -2.88174939
154 158 61 69 2 -0.00218208181 -2.43545151
153 153 75 110 3 -0.000795475324 -3.00479984
98 98 111 126 3 -0.012630078 -2.04501963
56 59 68 91 1 -0.00248449529 -1.94001389
92 93 50 85 2 -0.512439132 -3.74226522
77 77 92 107 2 -0.000404548569 -3.45402336
17 17 38 46 2 -0.0454723425 -4.21714783
53 56 10 17 1 -0.0266643874 -0.831122041
42 45 102 105 2 -0.000164147888 -5.66329288
100 100 143 151 2 -0.000361292361 -3.35142803
111 111 32 39 2 -0.000960483681 -4.96674347
0 0 0 0 3 -0.0004965564 3.78723979
0 0 0 0 3 -0.00368593284 4.51033783
0 0 0 0 3 -0.0638803914 2.93728805
0 0 0 0 3 -0.00384771777 4.5758872
0 0 0 0 3 -0.129619852 2.3715086
0 0 0 0 3 -0.205704451 3.52070498
0 0 0 0 2 -0.000883760978 5.8426528
0 0 0 0 4 -0.515109301 7.56364298
0 0 0 0 3 -0.053104613 4.02634335
0 0 0 0 1 -0.844298363 7.67105246
0 0 0 0 1 -0.00907283835 1.60445619
0 0 0 0 2 -0.149613768 3.70487428
0 0 0 0 2 -0.0433696881 5.35844851
0 0 0 0 0 -0.12934953 4.71832991
0 0 0 0 2 -0.382391483 5.56352234
0 0 0 0 3 -0.0919239968 2.29840493
0 0 0 0 2 -0.108925641 5.9352212
0 0 107 115 2 -0.627208412 1.15347219
112 112 125 131 2 -0.000884214649 -3.42437363
94 98 51 59 1 -0.00227925042 -1.55052257
78 84 38 43 0 -0.00406600349 -2.58742142
22 26 30 65 2 -0.340261906 -1.17619801
131 136 69 104 1 -0.00283419015 -0.156231105
138 144 33 68 3 -0.00436137384 -2.39785552
41 48 56 61 1 -0.0144735482 -3.81779313
141 144 91 126 1 -0.00263059139 -1.93561101
39 40 119 126 2 -0.0113043431 -3.4938724
40 40 175 180 3 -0.00385313714 -1.70735073
126 134 145 153 0 -0.00601068512 -3.02513528
64 65 99 102 2 -0.00174275017 -4.10603428
49 49 106 141 2 -0.00496020168 -5.03912973
35 43 53 56 0 -0.00100273895 -4.03246546
103 107 143 150 0 -0.000753493805 -5.48565388
47 51 65 72 3 -0.0190769527 -3.82995534
123 124 51 62 3 -0.00130266603 -3.27192569
82 88 170 201 1 -0.00569044147 -2.8243506
64 64 157 168 3 -0.00130341051 -2.96719337
203 208 109 111 0 -0.0567127988 -2.87762189
91 96 104 110 1 -0.000443515542 -3.53221321
47 51 140 155 3 -0.00116852939 -2.37582922
54 58 68 70 4 -0.113716491 -2.9025979
48 52 74 109 1 -0.00109743746 -3.18249512
171 176 123 158 1 -0.307086587 0.851964891
151 154 83 118 4 -0.00180928153 -2.36088824
40 44 78 89 4 -0.00141672476 -2.38213801
44 44 56 67 4 -0.0194301251 -0.521971881
58 61 30 35 4 -0.000383670762 -4.90918827
0 0 0 0 1 -0.0161100216 5.30453062
112 118 155 190 1 -1.45578575 2.77539206
64 69 19 54 1 -0.00154314598 -3.77437592
187 192 56 91 0 -0.198864579 -2.18912053
0 0 0 0 1 -0.226497874 6.92863512
0 0 0 0 3 -0.523659289 6.85131931
70 71 112 123 2 -0.00988626108 -3.96915674
94 99 64 66 1 -0.0056177564 -2.50947332
51 55 117 152 1 -0.00960977189 -0.493384331
101 107 119 126 0 -0.0052669812 -1.46296954
61 66 147 154 0 -0.00084580254 -3.74598837
0 0 0 0 2 -0.156852275 5.22835493
107 108 96 99 2 -0.109717607 -0.468738675
81 83 99 102 2 -0.0874988511 0.186673284
80 85 144 152 0 -0.0329428092 -0.610056639
143 147 30 65 3 -0.00319281686 -3.65565443
0 68 0 129 3 -1.79978037 0.817707598
155 155 58 66 2 -0.00112059375 -3.2632587
44 51 91 93 1 -0.00869106874 -1.5662756
0 0 134 138 1 -1.26593304 2.54691291
10 14 24 30 2 -0.0242051911 -0.513482809
29 32 46 52 2 -0.000340564293 -3.15621591
89 99 46 53 1 -0.00204307889 -2.34775949
90 92 134 136 1 -0.0016986921 -3.23576212
83 84 96 99 2 -0.00508541241 -4.42824936
62 65 84 90 2 -0.0786405057 -0.320553482
0 0 0 0 3 -0.00651170779 4.18157721
108 114 48 55 3 -0.00192466786 -1.87435246
69 73 88 123 3 -0.000922863546 -4.38010073
42 49 59 94 1 -0.00122705172 -4.57843494
0 0 150 0 2 -1.42135727 1.81434417
42 43 88 95 2 -0.0312581584 -2.22215104
49 59 69 73 0 -0.257374525 -1.26034796
53 53 112 118 3 -0.000271664787 -3.85096049
124 128 47 82 3 -0.000318987208 -2.47633934
45 49 85 120 3 -0.00215311279 -2.85236597
35 35 104 107 2 -0.00408199104 -4.81195402
57 61 99 134 2 -0.280732661 2.40035439
0 0 0 0 2 -0.615406632 6.23313904
0 0 0 0 3 -0.0303546116 4.83909559
62 68 47 55 3 -0.0189830922 -1.52216625
90 94 107 114 4 -0.00796984695 -2.6101501
40 43 123 130 1 -0.00438791048 -0.59847796
73 73 109 144 4 -0.0143669713 -5.34749842
0 0 0 0 2 -0.857838392 2.25606203
92 93 45 50 4 -0.00575901661 -2.57405591
108 109 67 71 4 -0.00444143778 -1.78480625
116 116 66 101 3 -0.0122450842 -4.22231627
94 97 112 114 2 -0.000724844867 -2.91771722
142 144 102 112 2 -0.347230375 -3.93844557
118 118 40 63 3 -0.143044949 -4.143857
114 115 152 167 3 -1.14621246 -1.7491734
58 68 141 147 0 -0.0148562696 -4.10015631
97 98 66 67 3 -0.0129002696 -2.80500484
135 140 41 76 3 -0.000217069246 -3.21836782
72 76 108 111 1 -0.479454547 -2.93509936
65 67 81 88 1 -0.130995616 -0.964001834
85 90 163 170 0 -0.00677381177 -5.65426302
230 159 191 197 1 -1.26234841 1.9107492
58 60 107 114 2 -8.66640912e-05 -4.2035656
24 26 96 111 0 -1.05695784 -0.706103146
40 45 52 87 1 -0.0198021512 -3.60557008
0 0 0 0 4 -1.0455718 7.54635
0 0 0 0 2 -0.503658295 6.9836545
48 53 64 99 2 -0.000400750083 -2.88438606
78 82 94 102 3 -0.000148530555 -2.68242526
78 81 55 62 3 -0.0628353581 -0.36224699
0 0 0 0 2 -0.00504778232 2.64036822
79 90 121 152 0 -0.0265753716 -1.92178822
103 110 56 91 3 -0.100876749 -1.33799434
66 70 43 51 4 -0.0014857729 -2.52046704
0 0 0 0 2 -0.00339907315 5.37286949
0 0 0 0 1 -0.0152833983 4.84904528
61 66 100 108 2 -0.000241508795 -3.52862716
120 121 189 197 2 -0.00310818176 -2.56035757
84 86 106 111 2 -0.00144704804 -2.14828897
0 0 0 0 3 -0.0020736591 1.09653735
106 106 70 75 3 -0.128180534 -5.24155617
37 39 173 208 2 -0.0874618441 -2.13024282
0 0 0 0 1 -0.00273105572 3.43802142
0 0 52 0 3 -2.20891023 1.16294932
94 97 45 80 1 -0.0104791662 0.508170187
85 85 73 76 3 -0.000901033403 -3.30787539
24 29 34 38 4 -0.367604792 -0.997308731
119 123 136 159 3 -0.00762126967 -4.52138567
49 55 114 137 2 -0.00921839103 -3.25425673
114 118 22 31 1 -0.000442576449 -3.71954226
0 0 0 0 3 -0.157892585 6.45028114
119 123 132 138 4 -0.00175091648 -2.57232285
103 103 63 98 3 -0.465418488 -2.72351122
50 55 124 159 3 -0.0223073233 -3.47251129
0 0 0 0 0 -0.0549570844 7.52034664
100 102 82 85 2 -0.00172346004 -3.78171921
0 0 0 0 1 -0.0508491322 5.95449877
90 90 161 172 3 -0.014215746 -4.22730064
30 34 39 51 2 -0.0510981008 -3.60903764
122 125 41 76 2 -0.00996482186 -2.43613172
0 0 0 0 2 -0.123153038 6.55433178
53 57 72 79 3 -0.0201048777 -0.81301719
82 84 27 62 1 -0.760486841 -1.1511097
116 121 100 104 1 -0.0074461 -1.45378375
85 85 113 115 4 -0.0145884771 -2.08673453
52 58 80 115 2 -0.499233544 -2.76809597
52 0 71 86 2 -1.14719927 -0.39634043
129 132 57 92 2 -0.0119765364 -1.13233876
78 84 11 15 0 -0.0179417934 -2.94756436
105 0 55 59 0 -0.920852721 1.34720635
42 46 105 140 2 -0.000106808387 -5.65987825
0 0 0 0 3 -0.423008114 5.44112539
68 72 86 117 1 -0.00217377092 0.0693295002
109 113 133 168 4 -0.00423785858 -0.989048302
103 105 49 57 1 -0.00421954086 -4.42006254
150 158 69 104 4 -0.00213105534 -3.01096129
69 71 20 22 1 -0.0868856087 -1.5855608
106 108 42 47 2 -0.0100631639 -4.52077866
101 101 110 117 4 -0.00195488217 -0.605545282
112 116 90 96 1 -0.0547009856 -0.533741534
114 118 96 103 0 -0.0585583895 -0.957032442
74 77 47 54 2 -0.000243649352 -3.96891856
44 47 65 80 2 -0.00134592969 -4.30764914
79 84 93 128 2 -0.0857883021 -2.04314804
53 0 111 114 2 -1.08732355 -1.92838073
177 181 110 115 2 -0.00173134077 -1.94046545
73 76 125 129 0 -0.00426634168 0.568972766
33 33 49 57 4 -1.25541568 -3.68164921
107 107 122 133 2 -0.130926639 1.66123176
56 60 69 76 2 -4.19614771e-05 -3.32897329
109 109 52 55 4 -0.10881 0.475361407
0 0 0 0 3 -0.0125650484 3.88647914
77 79 60 65 2 -0.00168479886 -5.3115406
0 0 0 0 3 -0.646867335 7.10088682
0 0 0 0 3 -0.0325810872 4.04039526
0 0 0 0 3 -0.85490644 5.93191385
63 64 32 37 2 -0.00293734367 -1.9553287
57 62 75 110 3 -0.0195892714 -3.94638968
90 93 181 189 2 -0.0771773979 -0.608818233
0 0 0 0 3 -0.868624926 7.18344927
94 103 26 29 0 -0.00504864752 -3.01183128
88 94 20 27 2 -0.278433055 -2.88534999
140 145 158 165 4 -0.00455269543 0.611688912
83 85 158 181 1 -0.317525566 -0.74341929
46 53 57 63 2 -0.0332035497 -3.1934309
76 81 64 66 0 -0.0125822816 -1.94882512
114 115 131 133 2 -0.00384935201 -3.10530567
26 30 108 143 2 -0.0102042723 -1.96427107
62 65 126 137 2 -0.00211945688 -3.24339128
55 60 80 88 0 -0.0154409818 -2.66521025
0 0 0 0 3 -0.269938141 4.66592598
7 11 17 52 4 -0.099768132 -1.65524173
167 147 60 95 3 -1.44975483 -2.76787734
44 47 111 146 2 -0.0102285482 -1.2174207
0 0 0 0 2 -0.703845739 1.59819841
142 147 61 69 2 -0.111678481 -3.48528457
132 137 200 208 1 -0.177761883 -1.45241499
130 130 88 96 3 -0.000557595398 -2.59587312
141 144 90 125 2 -0.228603736 -2.35410953
61 62 102 137 2 -0.0109042032 -3.48437166
112 114 81 87 2 -0.0036529873 -5.16934204
24 29 37 72 2 -0.627411664 0.767583191
0 0 0 0 2 -0.000347712194 2.86728549
67 70 41 47 4 -0.00505306013 -1.61937857
110 110 121 156 2 -0.00497733103 -2.96465755
162 169 45 90 3 -0.0833061785 0.460213184
0 0 0 0 1 -0.00243793172 6.21388149
75 76 55 62 3 -0.00885959901 -2.64348602
0 0 0 0 2 -0.0107517894 4.83960056
67 72 85 93 2 -0.00121268618 -2.70958257
13 18 31 33 3 -0.746775031 1.30516839
68 75 106 110 3 -0.0114024691 -6.21550989
0 0 89 92 3 -0.270515531 2.23473763
144 148 41 45 2 -0.0132152019 -2.89580464
162 162 110 112 3 -0.00356946676 -3.1459024
81 88 54 61 0 -0.00287383981 -3.82298851
0 0 0 0 1 -0.617865801 3.46105289
49 49 119 142 3 -0.000738538452 -2.83157086
50 54 71 76 3 -0.0674661025 -6.08154011
69 72 180 203 3 -0.740423501 -1.83112931
162 166 92 127 1 -0.0369321257 -1.53267002
0 0 0 0 1 -0.0226362012 6.6771946
94 94 67 74 3 -0.00490939291 -1.47194743
71 75 24 59 0 -0.0110449577 -5.9817605
131 132 110 116 4 -0.00887034275 -3.4579277
75 83 45 48 2 -0.00090474193 -3.69447279
82 88 108 143 1 -0.000855564722 -1.42279971
56 59 47 48 4 -0.123500153 -2.04596877
107 111 45 51 4 -0.00105200207 -1.9846437
0 0 0 0 2 -0.0445242636 7.18582249
0 0 0 0 3 -0.00264552049 3.71318364
0 0 0 0 4 -0.924986303 7.35396576
31 35 55 90 1 -0.511563957 -2.74340606
97 100 34 41 2 -0.830937147 -1.45868587
36 36 92 95 2 -0.000147456914 -3.64603686
96 99 106 113 2 -0.00976474024 -3.368366
18 20 36 43 2 -0.00618921267 -3.01461434
103 106 39 74 2 -0.0051241396 -5.37494373
0 88 0 71 1 -1.89497817 1.70460629
100 102 45 49 1 -0.0176194552 -0.631257176
131 132 140 146 2 -0.0394607708 -3.99297166
92 94 45 68 2 -0.000583073182 -3.46484423
170 171 75 110 3 -0.0164936986 -4.18824768
49 55 62 65 0 -0.00795413926 -0.744037747
143 148 56 63 2 -0.0215253346 -3.91277432
0 0 0 0 3 -0.79979372 7.89083529
76 84 113 120 1 -0.000365950196 -3.97622895
51 51 127 131 4 -0.000122902609 -3.96678805
130 132 88 94 2 -0.00231480016 -4.10416746
70 76 111 113 2 -0.00208369922 -2.07606649
0 0 0 0 2 -0.478852034 7.01699114
80 83 100 106 2 -0.0203621797 -6.02154922
171 172 56 63 2 -0.109061174 -2.32338071
53 55 12 47 2 -0.000682758808 -1.82388806
24 26 46 61 1 -0.00117050693 -2.59182858
0 0 0 0 2 -0.90046382 7.43172836
98 103 53 88 4 -0.0105781881 -1.6058147
0 0 0 0 1 -0.00595358666 6.38195753
113 116 64 70 2 -0.0124580991 -4.1418581
0 0 0 0 0 -0.0161918402 3.27125072
0 0 0 0 1 -0.558538258 7.50578594
163 170 62 97 1 -0.0584186837 2.15952754
88 93 51 66 2 -0.0682608634 0.220730305
119 121 93 97 2 -0.00535365427 -0.914803445
182 186 32 38 2 -0.145377889 2.6290493
86 86 92 98 2 -0.00129017292 -2.98827147
0 0 0 0 3 -0.315257281 6.51150894
69 75 42 49 0 -0.000379177742 -4.49677229
0 0 62 67 4 -0.469531268 0.989331305
97 233 157 188 2 -1.1104666 -2.68392348
24 28 41 76 2 -0.00983300433 -2.85458827
72 75 126 128 2 -0.11869546 -0.16335091
0 0 0 0 0 -0.705852687 7.35745049
107 112 31 66 0 -0.000130888991 -2.19391131
52 57 70 78 3 -6.50874572e-05 -5.09639311
41 43 55 62 3 -0.000358553603 -4.35707331
110 114 209 212 2 -0.310551018 -1.17953289
101 104 110 114 3 -0.00011562898 -1.62383842
178 179 66 70 2 -0.0116387205 -3.01549721
111 115 46 52 1 -0.00194567849 -3.70724082
37 41 50 53 3 -0.000113245507 -3.08329773
64 66 46 54 2 -0.0971597806 -0.97746253
0 0 72 76 2 -0.921467245 -0.238010526
45 47 28 30 2 -0.538714886 -0.25340867
48 48 130 135 4 -0.00162992114 -0.48602578
128 129 158 160 3 -0.721837759 0.375731468
131 137 46 81 0 -0.00490811653 -1.61962199
113 115 55 90 1 -0.00158405921 -3.5719862
44 47 141 143 2 -0.00376880611 -5.3934865
0 0 0 0 2 -0.0301623307 3.25414968
102 102 52 87 1 -0.00709349802 -3.10631824
145 147 67 82 1 -0.0117841018 -1.49979901
66 71 89 124 4 -0.0127895186 -2.05987215
191 194 132 167 2 -0.00274671055 -1.3152535
0 0 0 0 3 -0.340373397 5.7256279
112 112 84 92 2 -0.00196489505 -1.97676301
39 40 21 28 3 -0.00420740573 -4.17772007
67 72 47 51 1 -0.000574036094 -2.77338505
82 89 65 69 0 -0.000859013759 -4.16096687
51 52 68 77 2 -0.0033300044 -4.30143833
74 77 145 168 1 -0.0258311946 -5.06617451
111 122 131 134 0 -0.108368665 -2.75757194
0 0 0 0 3 -0.474427968 3.07137156
78 84 92 97 0 -0.00108867523 -0.670546293
56 60 150 154 0 -0.0457932614 -4.18664932
0 0 0 0 2 -0.525107384 7.41695738
0 0 0 0 2 -0.670717776 4.08487272
94 94 101 104 3 -0.00109533395 -1.96746922
48 49 134 142 3 -0.154117912 -0.849750161
45 49 64 68 1 -0.00181231846 -2.7460041
110 110 130 136 3 -0.000645180931 -4.47174406
59 63 82 91 0 -0.0236812718 -2.13911414
0 0 0 0 3 -0.00527409138 6.05881882
0 0 0 0 2 -0.152083918 3.19321918
0 0 0 0 2 -0.00273020333 5.65751934
173 173 81 116 2 -0.150399849 -5.16673899
145 153 102 107 1 -0.00446033804 -3.94210911
92 95 116 122 2 -0.000130885688 -3.83865595
45 50 61 65 2 -0.0293990299 -2.27311301
78 80 46 53 2 -0.00244701747 -2.03928924
139 139 154 169 2 -0.0319877528 -3.74622083
0 0 0 0 3 -0.0290343016 5.44910145
83 89 102 104 0 -0.255759895 -4.72752523
103 109 118 133 0 -0.0973306671 -0.905911326
0 0 0 0 2 -0.00911677629 4.30456066
53 58 67 90 1 -0.00733090471 -2.28609586
66 73 105 110 0 -0.53510499 -1.07297254
96 97 111 118 2 -0.0211881995 -1.51112628
51 52 123 158 2 -0.00867750868 -4.40998268
38 42 58 62 0 -0.00270040845 -4.38359785
138 140 44 79 2 -0.000163670658 -5.43422985
126 126 95 110 3 -0.00467889896 -3.95371747
114 122 134 169 2 -0.00260624615 -2.10213709
65 65 81 112 3 -0.00766369933 -2.39176702
122 122 43 50 2 -0.00351321464 -1.35098433
34 34 17 25 3 -0.00183317252 -2.96674275
136 137 78 80 2 -0.00656573614 -1.29009843
135 140 155 190 3 -0.00400309404 -1.38969946
70 73 107 122 3 -0.0163121987 -3.51988769
116 122 97 99 1 -0.00553651573 -3.55821514
167 167 93 128 2 -0.110108264 -5.27121162
154 158 106 141 4 -0.000747611222 -1.8320024
110 114 124 139 2 -0.00366968079 -1.77889442
0 0 0 0 3 -0.0138892047 7.82687426
78 86 164 175 3 -0.0117103588 -2.55789924
77 81 27 62 1 -0.00563292531 -3.40785766
0 0 0 0 2 -0.3768951 1.26094508
74 78 97 104 3 -0.000119326818 -3.17914438
45 45 108 143 3 -0.0138042625 -2.96920514
140 144 39 47 2 -0.00134511222 -3.36552382
134 136 145 168 1 -0.0874613002 -0.618979216
122 125 198 207 2 -0.0141966622 -2.51815152
33 37 107 114 1 -0.000436724862 -2.08304572
0 0 0 0 4 -0.0097489506 7.42303181
61 69 83 85 0 -0.00106512965 -2.20255756
82 92 0 0 1 -1.5767678 2.63900232
46 50 111 146 3 -0.013948096 -1.81209636
123 123 140 146 2 -0.315445513 -3.1515553
40 51 193 228 0 -0.267127872 -1.235057
147 151 92 127 2 -0.0206565037 1.14690566
0 0 0 0 3 -0.155260742 4.44053888
140 141 208 239 3 -0.0647071823 -1.75218391
99 99 51 55 4 -5.18553134e-05 -3.77304912
50 53 63 70 1 -1.1878767 -3.25303292
0 0 0 0 2 -0.0149569772 3.868716
0 0 0 0 2 -0.00305592502 3.00221443
100 102 118 153 2 -0.208715528 -3.28113747
141 151 101 112 0 -0.0103857107 -2.32257676
0 0 0 0 2 -0.153237119 3.09744072
0 0 0 0 2 -0.00826048292 4.8231473
117 121 137 142 3 -0.000404071267 -3.22138143
0 0 44 45 3 -0.369581878 -0.254130334
107 108 129 135 2 -0.433906049 -5.80570602
120 121 137 144 3 -0.772917569 -4.25796556
162 166 47 82 3 -0.0832561776 -0.860485911
0 44 49 53 4 -0.727770269 0.0875735879
26 27 38 44 4 -0.872801602 -0.896603167
56 59 118 122 1 -0.997888505 1.95083976
0 0 0 0 0 -0.68693316 3.73060632
43 52 159 194 0 -0.00109176442 -4.85241747
60 61 73 79 3 -0.736456633 -4.72722101
142 146 98 105 2 -0.0109645333 -1.66699195
60 63 39 45 1 -0.000882717781 -4.60912609
103 107 42 44 0 -0.063299261 -4.24247456
97 103 42 50 0 -0.0122080836 -3.00122643
112 114 96 106 2 -0.00104927993 -5.24342442
0 0 0 0 2 -0.000677944627 5.27682209
97 64 35 50 2 -0.78731674 -2.78523302
118 122 11 18 1 -0.384108931 -6.01817656
92 97 107 118 2 -0.000717916526 -1.36007857
73 76 48 55 3 -0.0150972446 0.0908801556
120 127 160 183 1 -0.373444259 -0.984537721
114 115 66 101 3 -0.00687779579 -2.53942418
140 141 172 179 2 -0.00374709582 -3.33353949
0 0 34 69 3 -0.781087041 2.05989695
94 97 112 121 4 -0.000146266859 -1.72838616
46 54 67 102 1 -0.00526336441 -2.76184821
44 48 59 74 2 -0.67031467 0.0560863316
58 64 82 117 2 -0.00107498362 -1.68961763
54 60 150 156 1 -0.00101557339 0.454999268
39 40 87 95 1 -0.3680242 0.593419969
130 132 110 116 2 -0.00582363829 -1.96399117
98 102 44 48 3 -0.015651932 -0.691476464
135 135 93 124 2 -0.00646803388 -0.5107342
128 129 46 53 1 -0.00223457208 -0.751667619
112 113 60 95 2 -0.00241247262 -4.98329878
67 67 102 137 2 -0.0808109343 -3.67487693
104 108 31 66 2 -0.000269278476 -4.09571171
118 118 171 206 4 -0.0490437634 -1.09710407
40 40 58 73 3 -0.000662693637 -2.62867498
67 70 172 207 3 -0.0104253516 -2.50631213
0 0 0 0 2 -1.00377023 1.19197941
92 96 139 142 2 -0.00127135322 -3.44011068
72 76 90 97 2 -0.0183055867 -4.14804363
116 119 138 131 4 -0.342398047 -2.60288501
22 27 81 116 3 -0.00292244647 0.395616889
103 111 40 75 0 -0.0103973337 -5.0812459
55 59 136 171 3 -0.00441444525 -6.77913809
187 194 45 80 3 -0.117135204 -0.435454518
62 66 44 55 2 -0.00754859112 -4.69442558
22 26 31 66 4 -0.106310219 -2.99782205
68 71 48 56 2 -0.0200856794 -2.03205824
58 62 102 137 4 -0.0380220935 -3.26617646
68 68 110 145 3 -0.00937587861 -3.28708458
40 40 50 81 4 -0.263656616 -1.01651514
0 0 0 0 3 -0.969072759 6.65248632
48 51 83 87 2 -0.00369500532 -5.4016943
88 90 100 104 2 -0.00136309548 -2.14021683
164 164 74 81 2 -0.00104459072 -4.80097389
45 45 82 117 2 -0.000410054607 -3.84382319
71 74 25 60 2 -0.189839959 -2.85830998
103 110 57 92 1 -0.00249694404 -5.18519735
23 29 85 100 1 -0.061469011 -0.210495293
110 111 59 90 3 -0.00289430353 -1.91854668
116 123 44 49 0 -0.0548417307 -4.51975441
60 63 137 145 0 -0.204711229 -3.04445934
66 67 105 109 2 -0.0202964004 -2.27987862
113 120 81 88 0 -0.000440070784 -4.21556807
49 50 60 95 3 -0.00224832888 -3.7559402
120 121 59 94 4 -0.00131138158 -5.00973177
98 103 74 85 3 -0.00230187154 -3.28257298
81 85 43 74 4 -0.12010783 -2.21821189
143 147 69 75 4 -0.00633540284 -2.35895205
84 84 114 121 3 -0.0051772017 0.231925309
75 77 109 144 4 -0.000479777547 -3.00734425
100 104 85 90 4 -0.00265820185 -1.14546859
141 143 40 43 1 -0.00116723776 -3.80987287
0 0 0 0 2 -0.345176458 4.32019806
0 0 0 0 2 -0.0808506012 6.29618263
113 118 48 57 2 -0.000341867417 -4.88557673
70 75 85 91 1 -0.0384001695 -5.66471243
110 116 156 163 3 -0.00453106314 -3.68526506
122 124 82 90 2 -0.0132377753 -0.356111616
92 95 41 76 0 -0.202448398 -3.78347349
91 91 0 0 3 -1.19414616 1.19172335
0 0 0 0 3 -0.0163794067 7.25191832
54 56 103 105 3 -0.00341565697 -2.60675383
54 57 157 164 4 -0.00581634417 -1.38037229
0 0 0 0 2 -0.0231980961 4.6810627
25 29 33 40 2 -0.0116359042 -0.286453545
0 0 0 0 2 -0.000651424169 5.39347935
145 145 94 129 3 -0.0133919166 -2.58504987
47 51 86 121 4 -0.00113440689 -3.15167594
61 62 29 35 3 -0.114317261 -0.267034382
99 105 31 66 1 -0.0052431128 -4.54219055
179 179 129 164 3 -0.00379719166 -3.81099987
0 0 0 0 2 -0.697036564 7.10001087
133 137 76 111 3 -0.0299018342 -2.77740121
58 63 81 86 0 -0.00848620012 -3.45797896
0 0 0 0 3 -0.0261271503 3.95562196
47 50 108 143 3 -0.988112092 3.78087926
0 0 0 0 3 -0.104423828 4.43945312
0 0 0 0 2 -0.238742143 3.35962939
65 71 80 95 1 -0.0101066753 -1.90928817
74 76 170 201 2 -0.0313338377 -5.30771351
0 0 0 0 3 -0.278945625 4.07140636
127 130 72 107 4 -0.00221479824 -3.77571726
151 154 83 114 1 -0.00026308099 -2.8238678
56 60 76 84 2 -0.00060039846 -2.88077021
114 118 46 81 3 -0.00891846791 -4.63487244
84 92 138 145 0 -0.0404481143 -1.751261
157 161 114 122 3 -0.16875276 -4.31552887
85 85 94 117 2 -0.0034026131 -2.10743642
109 113 122 129 2 -0.0535529107 -3.57295179
109 113 147 182 4 -0.000685556734 -3.40253448
53 54 67 70 3 -0.00506195845 -2.8968749
126 126 77 112 3 -0.0182555709 -2.60364199
91 91 101 103 2 -0.021496512 -1.99413443
132 143 59 70 0 -0.00434139604 -4.24056339
106 107 41 56 2 -0.320125192 -4.64972544
100 100 150 153 3 -0.00596156437 -3.24987721
0 0 0 0 1 -0.174205288 2.49419379
47 47 57 92 3 -0.000347225548 -4.07906914
0 0 0 0 4 -0.85534519 3.91630292
24 26 111 134 2 -0.0288206413 -2.66513228
105 107 82 91 1 -0.000488831254 -4.05401039
0 0 0 0 2 -0.000405350962 2.93742585
34 38 149 105 1 -0.386142075 -2.33491087
106 109 122 137 2 -0.0522066876 -3.66936111
127 127 90 105 3 -0.067183964 -2.30142784
0 0 0 0 1 -0.0891810358 2.90595007
52 52 73 81 3 -0.0215178281 -3.39931774
0 0 0 0 2 -0.450255513 7.47753382
54 58 117 152 3 -0.000634262979 -1.95385885
77 80 117 148 2 -0.00121837424 -4.59114504
35 42 95 103 0 -0.0421242975 -0.413405329
147 152 44 45 1 -0.33510229 0.267707765
0 0 0 0 1 -0.230982915 2.59541631
0 126 73 80 3 -0.722542286 1.79081345
118 121 72 107 3 -0.00814473443 -2.56556392
0 0 0 0 3 -0.00331942155 3.74709582
86 88 58 69 2 -0.00309009152 -2.15875864
0 0 0 0 2 -0.491896987 7.5939908
0 0 0 0 2 -0.0568096265 4.22616768
147 148 41 47 2 -0.00308542326 -2.80477786
114 118 147 154 2 -0.00226123119 -0.185686529
129 135 64 99 0 -0.003834937 -3.44149828
125 126 108 114 2 -0.0307568423 -1.60098457
223 224 126 161 2 -0.606917083 -3.16763377
125 130 53 76 4 -0.0791536197 -3.45794916
66 73 85 89 0 -0.000287521456 -4.2186451
56 62 75 79 2 -0.00109075685 -1.56715345
37 41 88 123 3 -0.000710990396 -1.92996359
100 100 56 91 2 -0.253217667 -2.42072535
0 0 0 0 3 -0.35575968 6.77910566
36 36 105 112 2 -0.00196126103 -3.12900996
21 21 0 0 0 -0.810744047 2.02490711
123 128 44 59 1 -0.036101222 -1.44735289
52 53 94 96 2 -0.0158903357 -2.91465592
22 22 29 64 2 -0.285357535 -2.43394399
79 80 88 90 2 -0.0254114587 -3.43186736
0 0 99 103 1 -0.832818747 0.448504508
70 74 104 139 2 -0.0192338116 -3.07532239
175 176 119 154 4 -0.133187577 -0.607209563
0 0 0 0 2 -0.65744096 2.30117726
106 107 90 99 2 -0.144030288 -2.26047325
0 0 0 0 3 -0.0261029527 4.9737606
107 107 58 61 3 -0.00126127712 -2.38533354
49 53 65 72 3 -0.00497964444 -2.76545954
50 53 63 67 1 -0.00324372156 -3.89096808
126 130 41 43 1 -0.00319229672 -4.13840723
78 81 21 26 1 -0.0712722391 -2.86106253
105 113 51 86 3 -0.000454942376 -4.71283913
0 0 0 0 2 -0.00442811288 5.5570097
75 79 153 188 3 -0.0895694271 -1.79661107
0 0 0 0 1 -0.774838328 6.43167543
42 44 55 86 3 -0.00782272313 -1.68503571
100 104 120 128 3 -0.0381011367 -2.42295265
105 108 87 94 2 -0.0168202408 -1.88291264
159 163 72 107 3 -0.000628159498 -5.09799671
0 0 0 0 2 -0.214916229 2.00943494
76 80 117 132 3 -0.14305149 -1.59316921
91 95 105 140 3 -0.147265106 -3.81218052
18 0 126 0 1 -0.744023025 3.54242826
0 0 0 0 2 -0.936719358 3.31823444
74 78 119 125 3 -0.00495016435 -3.43771529
144 144 53 102 2 -0.0101586888 -2.10034037
117 118 47 54 3 -0.036058113 -0.845968723
0 0 0 0 3 -0.0407595299 5.34223032
55 62 73 84 2 -0.00216252171 -2.2362268
32 35 39 47 0 -0.00149237132 -4.34700871
107 112 25 28 3 -0.033922065 -3.26598024
54 59 83 193 1 -0.506254315 -1.15633941
73 0 129 0 4 -0.854162931 -0.0776970685
41 45 59 90 3 -0.00396152679 -3.2127862
95 101 111 134 1 -0.000258553773 -1.90183306
47 49 100 135 2 -0.942568183 -2.15231442
135 143 114 121 1 -0.00204227143 -3.76737952
117 121 103 106 0 -0.00721876509 -3.52305675
59 62 75 77 2 -0.0054805018 -2.63384008
66 69 0 0 3 -0.418548048 2.72348857
91 94 70 74 3 -0.00243632402 -4.24279213
93 97 48 79 2 -0.359094143 -1.29556012
78 83 96 104 3 -0.0308900755 0.855591476
115 121 198 213 2 -0.0138603849 -3.8102932
131 135 52 87 1 -0.00314062741 -1.31103992
43 47 127 135 0 -0.207383722 -2.08708072
101 106 127 135 0 -0.00317128655 -3.72896409
56 62 120 151 1 -0.149228871 -1.48845553
185 185 54 61 3 -0.0244394671 -4.71018839
0 0 0 0 2 -0.00751989614 7.29022455
44 46 58 64 1 -8.22531583e-05 -3.42853284
0 0 0 0 2 -0.111254871 3.57452369
148 151 67 0 2 -1.18129301 2.36698294
118 122 137 144 1 -0.000542823807 -1.93348503
176 179 194 229 0 -0.0778013691 -2.96099591
120 124 164 103 1 -2.1317606 -0.355810434
0 0 0 0 3 -1.20437229 6.93002081
127 133 79 114 1 -0.00479676807 -2.00660753
0 0 0 0 3 -0.470116317 6.86737061
174 178 0 81 2 -1.6516571 3.53172946
41 48 102 113 2 -0.0648246482 -1.06245697
96 101 41 43 1 -0.000607644266 -1.84290147
0 0 0 0 1 -0.472143054 5.25875092
0 0 0 0 2 -0.288916022 3.89895129
0 0 0 0 3 -0.0167504735 4.75113773
0 0 0 0 0 -0.945628345 1.26109242
0 0 0 0 3 -0.60966146 6.59873152
92 96 43 78 3 -5.19749046e-05 -6.33453226
121 124 141 176 2 -0.00222934084 -3.63956523
75 81 50 58 1 -0.0107324738 -2.78258252
93 97 107 142 2 -0.000971997273 -2.48021364
54 58 73 108 4 -0.00489617651 -1.26501465
0 0 0 0 2 -0.0159577318 4.7442584
116 120 148 152 1 -0.0204942729 -4.19072866
115 118 130 133 1 -0.362514377 -2.08003354
81 87 96 104 1 -0.00945239142 -2.9262085
81 86 107 109 3 -0.70870322 -3.3556881
17 25 30 33 1 -0.03575214 -0.39353621
0 0 0 0 2 -0.000943880063 5.24178886
87 90 101 110 2 -0.076358445 -4.43980646
89 89 67 71 2 -0.0036264339 -2.01858735
108 115 91 93 2 -0.000890767376 -3.70927691
72 75 44 51 0 -0.0173573308 -3.85281825
95 99 84 90 1 -0.000515172607 -1.65929127
59 63 127 166 2 -1.79342175 1.06491065
216 220 171 175 2 -0.215004027 -0.075794816
80 85 96 131 4 -0.0542804115 -3.89608216
98 99 116 122 2 -0.0298690014 -1.42756796
85 88 104 139 2 -0.024388887 -0.552796364
78 80 22 27 1 -0.0219849534 -0.999976754
19 19 30 38 3 -0.00444523711 -2.16674399
0 0 0 0 1 -0.0830236152 4.99139404
144 146 90 125 1 -0.00523913791 -3.23104334
0 0 0 0 2 -0.524056256 2.25275612
140 147 163 169 3 -0.25369969 -4.01005602
132 139 149 151 1 -0.173238069 -3.70687771
113 117 135 142 3 -0.000922749634 -5.0360961
49 51 88 91 4 -0.451972961 -0.234077185
61 62 49 54 2 -0.0016897145 -4.22355032
28 28 58 64 2 -0.0467156619 -0.2771433
124 128 71 106 3 -0.001183721 -4.06633472
82 86 143 149 0 -0.0107942456 -2.90076733
87 88 132 136 2 -0.00490551628 -3.03960729
30 37 45 80 2 -0.00500965305 -3.23358488
83 87 103 109 4 -0.00484872377 -0.677427351
52 58 119 154 2 -0.00202586385 -1.09164906
0 0 0 0 2 -0.0181755256 5.32539654
0 0 0 0 3 -0.0726299733 2.4172442
81 81 97 105 3 -0.000687221764 -4.57054186
76 78 29 64 1 -0.00650938228 -3.52341652
0 0 0 0 2 -0.334983349 6.9655962
139 142 38 49 4 -0.00382653298 -2.88844538
144 147 45 80 4 -0.000202411422 -1.96191478
138 142 107 114 2 -0.000838096545 -2.18238187
0 0 0 0 1 -0.286018968 3.1845572
71 75 51 59 3 -0.00378840161 -2.1403265
0 0 0 0 3 -0.543351054 2.80088902
45 49 58 93 4 -0.00102055341 -1.02271414
84 0 0 42 1 -1.11979675 0.593914449
83 86 101 108 0 -0.00264085177 -0.467890561
34 37 76 99 2 -0.00107167906 -4.4243722
97 99 107 111 2 -0.000206343713 -3.51902056
133 135 35 66 1 -0.217700303 -1.64828062
78 85 144 146 1 -0.00426831236 -3.75057149
102 103 57 62 3 -0.0673738793 -2.53296685
186 189 82 117 2 -0.00289521087 -2.92236304
173 178 126 149 2 -0.00136509154 -2.31269717
182 189 31 36 0 -0.0732719153 -2.40279579
48 52 81 90 1 -0.0153673878 -2.63044548
133 136 54 62 1 -0.0165399332 -0.732742906
0 0 0 0 2 -0.000619710598 4.82471991
30 33 42 47 1 -0.00281826151 -2.86833549
120 121 71 106 3 -0.536985338 -2.01051855
101 103 114 118 2 -0.0103320526 -5.5201993
0 0 0 0 1 -0.00245247036 5.66927052
44 48 109 144 3 -0.0264010951 1.28210998
97 99 42 53 3 -0.000307548151 -2.6866014
131 136 43 47 3 -0.00708638644 -1.45753145
159 162 55 62 3 -0.0220896248 -3.3006413
0 0 0 0 1 -0.926704705 7.25119543
87 90 100 135 2 -0.0126820989 -3.50091887
34 38 44 79 1 -0.0409399979 -1.84870625
88 0 122 157 2 -0.971494377 1.5602634
81 83 51 62 2 -0.000514070678 -3.71711874
0 0 0 0 3 -0.0405937098 4.06994581
98 98 41 47 4 -0.534309804 -0.310960472
50 52 69 76 1 -0.00454640575 -3.96850872
186 186 116 124 2 -0.00693737762 -1.55011296
48 59 63 0 3 -0.968634427 1.791471
134 137 50 54 2 -0.00262453198 -6.07352543
44 45 56 91 1 -0.0958511233 -1.94473338
116 119 169 171 4 -0.00221410673 -2.38250136
134 139 108 116 2 -0.00423636148 -3.51674199
77 81 132 140 2 -0.00268562278 -1.58394957
48 48 32 38 2 -0.00325358706 -4.10198307
56 58 86 94 2 -1.45276952 1.48321533
99 105 32 67 1 -0.00647918368 -4.91924524
0 0 0 0 4 -0.89160341 2.41511345
0 0 0 0 2 -1.00501549 1.45450211
67 67 38 53 2 -0.00394058367 -2.06159234
74 78 116 124 4 -0.00735464832 -1.40460479
69 75 136 171 0 -0.000562792935 -4.44134188
144 149 71 78 0 -0.00217013201 -5.08550024
77 81 113 121 3 -0.00405763136 -4.20238733
107 112 171 186 0 -0.0789192468 0.446634471
84 86 47 49 1 -0.00975174271 -1.41994333
140 147 67 73 2 -0.000529554789 -2.49361205
0 0 0 0 1 -0.0221513137 4.63189507
0 0 0 0 3 -0.356363058 4.18950129
75 79 94 109 4 -0.0033931795 -1.66030121
188 191 57 64 1 -0.187222779 -1.31626725
0 0 0 0 3 -0.00524050463 2.70164037
46 47 76 107 3 -0.00270760991 -4.70185566
110 114 132 167 1 -0.00488179969 -1.82075524
91 91 27 58 3 -0.343883157 -0.052007556
41 41 71 78 3 -0.0056430609 -1.74354362
0 0 0 0 1 -0.638474524 2.15129232
109 113 133 135 3 -0.0483948514 -5.4627552
60 66 43 49 3 -0.00840577669 -1.79973364
99 101 116 121 2 -0.000404190825 -4.18274164
118 124 82 84 1 -0.00289745885 -1.8074367
128 131 143 178 3 -0.000200144437 -4.68279028
55 58 0 0 2 -0.994517028 2.30077267
114 121 55 90 2 -0.00130424858 -2.57941198
131 133 94 105 2 -0.000507617835 -5.71770096
79 82 90 96 1 -0.000606401765 -5.04189682
0 0 0 0 2 -0.439745843 7.65732336
73 75 89 124 2 -0.0983839259 -2.43954849
67 74 43 46 1 -0.0436950214 -1.73776841
47 50 64 69 2 -0.000564401096 -3.44260716
0 0 0 0 2 -0.00598905142 6.06698751
207 207 124 159 2 -0.0020695189 -5.27811623
134 136 51 59 2 -0.00169357087 -1.52567244
0 0 0 0 2 -0.00635205489 6.85657644
75 78 61 63 2 -0.0046461462 -4.65654039
107 110 41 76 2 -0.00170141598 -3.10993052
62 65 79 86 2 -0.000570709351 -3.5435071
91 94 41 76 4 -0.00108692562 -3.90355873
110 113 78 89 0 -0.0011595164 -1.94392395
78 81 64 67 2 -0.000557485037 -3.55860949
49 50 65 76 3 -0.253808618 -2.04099059
114 119 70 77 1 -0.0162581149 -2.21516013
85 0 127 136 2 -0.870100141 -0.560833573
87 89 40 43 1 -0.00135888951 -3.43992209
55 58 95 102 4 -0.000534834922 -2.64046526
78 81 94 117 2 -0.0128323138 -0.816969156
0 0 0 0 2 -0.00146222417 4.46738148
48 53 95 106 1 -0.0204617828 -1.76536393
0 0 0 0 2 -0.000111695714 5.09543037
26 27 61 67 3 -0.177373454 -2.24156427
137 139 82 84 2 -0.00140840863 -2.38142753
127 132 81 116 0 -0.00426819175 -4.34046221
116 121 137 167 2 -0.0291916467 -2.14414001
103 105 121 125 2 -0.0527562052 -2.37438059
0 0 0 0 2 -0.544733286 4.05596972
67 70 88 94 3 -0.000115630792 -1.87033391
112 112 53 88 3 -0.00429864135 -3.46488643
84 89 104 109 3 -0.318535328 -1.0834173
41 48 60 95 2 -0.00853949133 -4.80588484
57 59 155 190 3 -0.0815637335 -3.95005822
73 75 47 55 3 -0.000507050951 -4.33693504
0 0 0 0 2 -0.0480083935 2.78899527
99 99 47 82 2 -0.0609160885 -1.73453808
35 39 43 49 3 -0.370363593 -1.99803686
132 132 104 111 2 -0.0234087966 -0.41312921
48 51 65 72 2 -0.0387177132 0.219944417
139 143 161 168 1 -0.00181983155 -1.1821363
111 111 61 96 4 -0.251395762 -3.62466812
0 0 0 0 2 -0.00697261514 4.34377861
75 80 43 45 4 -0.00892979652 -1.52056313
40 41 115 150 3 -0.366188258 -1.02981114
129 129 77 85 3 -0.147545218 0.992182791
12 18 23 32 0 -1.56730473 -2.05006003
44 51 56 58 1 -0.104779363 -2.54194641
46 48 140 144 2 -0.0015030792 -2.55977559
45 47 64 75 1 -0.000243645642 -3.49812365
56 64 133 144 0 -0.118120104 -0.136191159
0 0 0 0 0 -0.176482901 7.23697948
25 29 59 67 0 -0.0188848265 -1.93365645
51 57 99 134 1 -0.00743108336 -2.44685078
112 115 129 135 3 -0.00503850728 -1.75227094
67 67 82 88 3 -0.0979168862 -5.83699322
90 95 45 80 4 -0.204236776 -0.737917423
54 60 85 120 1 -0.00223319489 -5.04746056
70 71 123 158 3 -0.000565232942 -6.07117939
111 115 129 132 1 -0.00798213109 -1.30925035
119 120 94 101 3 -0.0219439026 -2.38702583
0 0 0 0 1 -0.00113643415 3.56085205
130 136 84 115 1 -0.27596879 -3.15457797
51 52 93 108 2 -0.00221011671 -2.90209699
154 159 68 72 1 -0.00844356418 -0.205985859
89 91 101 116 3 -0.0173150841 -2.06207061
60 60 74 82 4 -0.00321974652 -1.47964025
0 0 0 0 3 -0.467291236 6.75506973
34 34 109 118 3 -0.0212096851 -1.57158351
0 0 0 0 0 -1.0328573 6.72795153
129 133 102 109 2 -0.0271887816 -2.02023959
42 50 78 101 0 -0.00353936618 -1.22160244
144 145 97 132 3 -0.00930396188 -3.5335145
51 53 128 135 2 -0.015762521 -3.64345336
49 55 64 70 0 -0.00127922895 -2.03109717
0 0 0 0 2 -0.00164992723 5.30900383
79 83 11 62 2 -0.374471456 2.52869129
126 130 171 176 1 -0.464998245 -0.79897368
0 0 0 0 3 -0.0621558577 3.40455389
88 92 108 143 4 -0.000179405266 -3.06781006
87 92 77 80 0 -0.00870799553 -1.41056728
0 0 0 0 3 -0.0794363692 3.90408921
115 115 38 46 2 -1.09793007 -2.01836514
122 124 146 157 1 -0.134646684 -2.25172591
34 34 42 57 3 -0.0513271913 -2.8944397
0 0 0 0 3 -0.138534799 4.3549099
0 0 0 0 4 -1.03567564 7.18330717
162 167 109 144 0 -0.00164797192 -4.00000191
0 0 0 0 2 -0.00894470327 5.75842571
0 0 0 0 2 -0.537677586 7.44603252
72 79 36 42 1 -0.00165744685 -5.28861761
82 86 114 137 2 -0.0110919094 -4.11707687
127 132 103 109 4 -4.29150823e-05 -3.77654505
111 117 76 88 4 -0.00159591157 -2.46525788
122 125 112 116 2 -8.45183604e-05 -3.9781363
57 61 70 76 3 -0.00285213394 -3.89710021
104 112 136 159 1 -0.000735315611 -3.64256763
0 0 0 0 1 -0.590593576 7.3328681
146 154 46 81 1 -0.314039201 1.36919379
0 0 0 0 1 -0.348500967 3.57475924
202 208 121 156 2 -0.00492246728 -3.88147974
35 38 52 57 2 -3.38552854e-05 -3.00038791
49 53 100 104 2 -0.00145085854 -2.66754961
52 52 60 71 2 -0.00510321464 -3.78293753
100 101 126 0 2 -0.593930244 -0.904379308
88 92 98 104 3 -0.433402568 -0.864417791
60 62 41 47 1 -5.49549295e-05 -3.77066517
88 91 118 126 0 -0.000733584282 -2.40509105
135 142 109 124 0 -0.00554031879 -4.20857668
49 53 68 75 3 -0.00919885375 -4.98680401
43 51 78 113 2 -0.000188217848 -3.95641255
53 57 138 145 2 -0.0454821549 -1.37849605
0 0 0 0 0 -0.022834342 3.13773155
53 59 87 93 2 -0.000838321343 -4.86438084
0 0 0 0 2 -0.180486321 2.20396543
89 92 64 79 0 -0.110423654 -3.56077433
119 119 40 47 3 -0.000112054906 -2.71239591
222 199 50 85 2 -0.929174602 0.366297603
156 161 194 200 3 -0.00662785815 -4.4410882
60 60 44 48 2 -0.00558526209 -4.11047029
0 0 0 0 2 -0.483150005 5.00346994
113 113 84 99 3 -0.00691359257 -2.05533361
40 44 114 116 4 -0.000951215799 -1.63668847
143 145 163 169 2 -0.192150325 -1.93636274
147 149 0 0 2 -0.711801469 3.42266965
64 68 79 114 2 -0.00100022391 -3.18992066
94 96 115 120 2 -0.000552847981 -2.4669435
96 100 144 152 2 -0.0126930848 -1.17902613
83 83 121 156 3 -0.00238965196 -1.56143117
0 0 0 0 2 -0.0720146671 7.03475046
0 0 0 0 1 -0.7064991 7.11108351
59 62 134 169 1 -0.41940695 -2.04192472
75 75 94 129 3 -0.0217918642 -1.64533114
0 0 0 0 2 -1.84265685 -0.416920871
100 102 51 86 2 -0.00158829126 -2.652426
65 67 39 46 2 -0.680996656 -1.24378371
114 114 136 141 4 -0.0072381869 -0.196398467
0 0 0 0 2 -0.241816372 4.83338881
115 120 133 137 3 -0.000540169072 -3.19272017
214 221 34 36 0 -0.0352292284 -1.16633534
41 45 63 68 4 -0.0146003524 -0.994226277
17 25 29 31 0 -0.82529676 -1.35326874
128 134 95 101 3 -0.00213211286 -1.01979423
46 52 18 25 1 -0.00654983567 -1.40112472
128 132 194 198 4 -0.0308243185 -2.87688613
0 0 0 0 1 -0.123331614 3.30663037
115 115 97 108 2 -0.000423379155 -2.8588984
154 154 58 93 2 -0.000352703966 -3.23485136
0 0 0 0 2 -0.0384425931 4.82414389
0 0 0 0 3 -0.21115765 4.70907021
0 0 0 0 3 -0.0162015893 5.62746286
114 117 129 132 4 -0.0257273 -3.7899487
0 0 0 0 1 -0.517027974 3.21863508
47 51 137 142 3 -0.00383672188 -2.36019778
40 43 46 61 3 -0.0985589772 -0.736896157
101 101 130 161 2 -0.00158268528 -4.48555183
67 71 47 55 2 -0.000735743553 -3.68899083
70 71 45 60 3 -0.000832234393 -5.31879044
61 65 113 148 0 -0.000105260136 -3.88671231
0 0 0 0 4 -0.00259724469 5.94844484
0 0 0 0 3 -0.0195545349 5.599895
55 65 78 83 0 -0.0704748556 -0.449892849
0 0 0 0 2 -0.00064008194 4.27889347
118 118 82 105 2 -0.0863504782 0.878021181
64 69 101 109 0 -0.000381309248 -4.28355312
96 96 64 68 2 -0.276399374 1.64803243
69 75 51 57 3 -0.00464382442 -4.83401108
0 0 0 0 2 -0.829967916 6.0655241
0 0 0 0 0 -0.00257241586 4.91250134
0 0 0 0 3 -0.0179547854 5.456141
113 116 131 135 2 -0.235633329 0.213628948
25 29 35 58 3 -0.254737616 0.562198162
0 0 0 0 2 -0.099653244 5.89698792
176 176 70 93 2 -0.00484344177 -3.18191361
27 29 39 46 2 -0.134986907 -3.79847717
0 0 0 0 2 -0.642215312 5.04522228
198 198 123 158 3 -0.435498893 2.43882442
98 98 42 77 2 -0.000971169851 -4.95794916
93 97 105 136 2 -0.0244746879 -0.638450921
0 0 0 0 2 -0.00807458721 5.11945581
89 92 121 144 1 -0.0100008082 -5.03008509
0 0 0 0 3 -0.00227811839 6.44996738
214 216 156 171 2 -0.0117693134 -1.81564569
66 70 96 103 3 -0.020218607 -4.16359949
37 43 115 122 2 -0.00373404939 -1.32966614
131 139 57 92 3 -0.000300392683 -2.49629116
102 103 110 113 3 -0.016347101 -1.13876796
129 136 52 54 2 -0.00405625906 -3.30160666
74 74 56 62 3 -0.0196821131 -1.42853355
102 104 78 93 2 -0.00529004075 -2.92544818
84 84 90 125 3 -0.00257535162 -2.76646638
91 99 81 86 1 -0.0121225966 -2.05219793
0 0 0 0 3 -0.138534799 4.3549099
0 0 0 0 3 -0.0924212113 5.28197098
98 101 114 125 2 -0.00121693453 -2.63259578
94 96 60 65 2 -0.00180692994 -3.40589976
78 79 94 99 2 -0.000681721664 -4.80968189
61 64 49 55 2 -0.000480732007 -3.00070906
139 139 91 126 1 -0.433047801 -2.00802851
0 0 100 107 3 -0.143692851 -0.421941519
86 90 106 121 4 -0.00198744889 -3.43829322
143 148 103 134 1 -0.328608662 1.88883328
112 120 88 103 3 -0.191586927 -2.89204121
0 0 0 0 0 -0.0014117026 6.29252911
33 37 97 105 2 -0.000747722923 -2.71450973
74 81 44 50 2 -0.00143836602 -2.10032225
81 87 63 74 2 -0.00793270487 -2.44979811
13 15 19 21 2 -0.213480666 -0.131059468
0 0 0 127 3 -1.0200069 2.05248499
51 52 133 168 3 -0.0019408525 -2.97502971
120 127 142 153 0 -0.00337539474 -4.39391327
53 58 34 41 2 -0.00494947657 -4.59915543
111 115 51 58 3 -0.00287808059 -3.97760415
0 0 0 0 4 -0.625253558 7.66327524
160 167 117 125 3 -0.000380130397 -3.94467878
81 87 119 123 1 -0.00883975066 -2.40041161
0 0 0 0 3 -0.677606344 4.08489943
114 115 39 74 2 -0.00259224209 -5.14211273
0 0 0 0 1 -0.00565545261 4.22689009
146 153 96 103 0 -0.0139245251 -0.854258955
47 48 124 159 4 -0.0820567086 -3.66718864
22 25 32 67 0 -0.444460481 -5.78242254
137 139 88 119 2 -0.462749571 -2.71597219
0 0 0 0 3 -0.585104167 6.49377441
75 80 40 55 2 -0.000223626033 -3.54155612
57 65 83 118 2 -0.00121256663 -4.80813885
0 0 0 0 4 -1.07247615 7.57376909
187 187 210 214 3 -0.0224602297 -1.27838278
108 112 126 161 3 -0.000307402835 -4.44232512
0 0 0 0 3 -0.271817714 1.74650264
59 64 83 89 3 -0.00213937904 -3.62548614
0 0 0 0 3 -0.0163114779 4.04919004
39 45 65 100 0 -0.000132797068 -4.44163036
219 221 160 195 2 -0.0454794541 -4.23357201
112 113 122 137 2 -0.0446765646 -0.679184794
0 0 0 0 3 -0.0523284078 4.76216984
88 93 102 137 2 -0.000293594552 -4.04933834
0 0 0 0 2 -0.209458157 2.82047129
103 109 119 123 1 -0.00199521985 -0.0508647561
40 44 53 88 2 -0.0235477686 -3.58312559
120 120 101 108 3 -0.0026189452 -2.72532153
45 49 22 33 3 -0.000150437481 -4.35900879
108 110 92 96 2 -0.0152209029 -2.92601848
208 212 56 64 1 -0.127449572 0.585856378
84 84 95 100 3 -0.0139584448 1.2185328
130 136 87 89 0 -0.00157943147 -1.44252443
0 0 0 0 1 -0.259735197 3.58402181
0 0 0 0 2 -0.00235736766 3.86549735
60 66 79 83 1 -0.003395295 -3.38031459
107 111 60 95 3 -0.00612374442 -2.90634155
0 0 0 0 2 -0.0168937538 5.52021313
66 69 112 147 3 -0.00131617137 -5.56090689
0 0 0 0 1 -0.0382913761 3.48051357
85 91 123 127 2 -0.064727813 -3.27071786
55 64 77 100 1 -0.00240545231 -0.933099866
134 138 179 214 2 -0.0702707097 -3.6239357
154 156 109 144 2 -0.006419593 -2.57345772
110 112 60 95 1 -0.000512314204 -5.12033558
42 42 47 49 4 -1.13038719 -0.340841174
0 0 0 0 1 -0.0269969106 3.48782825
27 28 45 47 1 -0.00255369628 -1.99370766
50 54 167 202 2 -0.00189129938 -4.5458498
153 157 104 139 2 -0.00258165062 -2.84776998
111 117 129 137 1 -0.00130593905 -2.14510131
71 74 57 59 1 -0.000970637542 -2.42537522
0 0 0 0 1 -1.01186597 7.48930693
114 114 132 139 3 -0.000284302922 -2.84406042
116 123 0 0 0 -1.37840283 1.67753506
76 80 31 66 4 -0.00538413227 -2.31451702
0 0 0 0 1 -1.10109901 7.65046835
101 102 54 89 2 -0.00391625892 -2.81212497
84 86 47 52 2 -0.00576505391 -1.55173182
110 115 170 175 2 -0.225793302 -0.311234415
87 93 112 127 1 -0.128193304 -2.61446285
94 99 42 77 1 -0.000736757996 -3.61589003
115 123 81 84 0 -0.000215516557 -4.99029493
67 69 135 146 2 -0.000895478006 -5.46898079
97 100 110 116 3 -0.00383655354 -0.831228793
59 61 94 99 2 -0.319375604 -2.45369077
87 91 108 143 3 -0.000190372521 -4.98073578
78 84 127 134 0 -0.000314555655 -5.56058884
118 119 55 58 2 -0.000233753308 -3.5135181
70 74 88 119 3 -0.0986316949 -0.935371876
0 0 0 0 4 -0.141012639 7.18669844
71 76 86 121 4 -0.0240568351 -2.06418729
104 112 44 49 0 -0.00212937244 -1.26745987
0 0 0 0 2 -0.00569201587 4.11201763
122 127 53 61 3 -0.0768703297 -2.6573987
51 56 122 125 0 -0.00832327269 -1.61993504
116 117 128 133 3 -0.00903492421 -0.989895344
179 180 129 84 2 -0.289489716 -3.69017076
97 98 132 167 2 -0.00629943749 -1.80930471
37 37 100 107 2 -0.0153922439 -3.85375738
133 135 41 76 4 -0.0148064271 -0.738322437
41 42 57 64 2 -0.025001578 -0.567543089
178 186 62 66 2 -0.000799233036 -2.65172553
176 182 50 53 2 -0.012311969 -0.474722683
0 0 0 0 2 -0.306931019 2.23930311
35 39 103 138 3 -0.188146099 -0.925353885
0 86 105 111 1 -0.953499079 2.09039474
108 111 119 130 2 -0.0240365919 -3.37350249
117 120 138 146 2 -0.125016123 -2.11377573
0 0 0 0 2 -0.00483407266 4.89370537
79 79 187 195 4 -0.000162833137 -5.07521439
61 61 76 78 3 -0.00105019577 -2.743119
0 0 0 0 2 -0.0406731628 6.82558823
0 0 0 0 0 -0.917831421 7.69521761
0 0 0 0 2 -0.160563827 5.51172924
0 0 0 0 3 -1.90473652 1.38742828
94 94 128 67 3 -0.169332325 -3.06042385
47 47 59 62 3 -0.061971847 -2.46813798
0 0 0 0 1 -0.0963570625 5.05746222
0 0 0 0 2 -0.186632901 3.39032388
40 40 52 87 4 -0.000583929301 -2.74899793
76 82 56 61 2 -0.000134704256 -4.7404213
17 21 26 29 4 -1.30845785 -2.46415496
100 105 31 36 3 -0.0276407134 -2.11253095
119 122 149 153 3 -0.0624394082 -2.71336579
55 57 114 121 2 -0.0120713543 -2.66281939
40 43 56 62 3 -0.000703242084 -2.53684425
86 88 120 131 3 -0.00139148359 -3.1852138
135 142 161 196 0 -0.00316910748 -2.91372132
35 36 53 57 2 -0.668020964 -4.35304832
17 20 72 107 2 -0.00292389956 -3.0572288
0 0 0 0 1 -0.0122827608 3.61938596
49 51 110 113 2 -0.00421974156 -2.22192407
0 0 0 0 3 -0.470981687 6.56700706
177 179 50 73 1 -0.0738613605 1.53697348
128 133 53 76 0 -0.00975085516 -1.31260586
173 173 33 68 2 -0.0322283804 1.97948551
76 81 56 63 3 -0.00134363398 -4.55683994
29 33 122 124 3 -0.00333283423 -4.12439299
79 83 172 207 4 -0.0173247308 -2.56817508
179 183 124 159 1 -0.0184217636 0.590140641
113 113 127 134 3 -0.00601188652 0.111841261
67 67 126 133 3 -0.081677705 -2.7575407
107 110 121 144 2 -0.000412547088 -3.50937462
70 70 77 84 3 -0.0343481191 -2.82376599
85 86 129 135 1 -0.0025942598 -1.02767587
53 55 86 94 2 -0.000426016923 -3.27038836
131 132 181 189 3 -0.0858544856 -3.50078368
110 110 124 130 3 -0.000118134274 -2.62190032
0 0 0 0 2 -1.21741652 1.29907584
144 146 40 47 2 -0.00230241963 -3.40653229
48 56 67 78 2 -0.000263317808 -3.66218519
102 105 120 123 1 -0.000295270496 -3.39617276
0 0 0 0 3 -0.504002333 6.45289612
105 105 52 87 3 -0.00620916439 -3.27165842
0 0 0 0 2 -0.040467374 4.52489519
110 114 74 89 3 -0.00640409114 -1.14547253
103 104 115 138 3 -0.49151063 0.128385603
75 80 101 112 1 -0.839553177 -0.104858428
77 82 171 206 2 -0.0119774463 -1.83724904
51 53 120 126 2 -0.00737318723 -1.19793999
78 82 91 106 3 -0.00563244149 -3.70279312
90 95 48 83 3 -0.00844861846 -3.85067534
119 124 57 88 1 -0.00842765626 -1.87774754
151 157 99 134 1 -0.000760404859 -3.77224255
45 49 62 68 2 -0.00167025591 -3.76532054
89 90 191 169 3 -0.620507777 -3.77372193
0 0 0 0 3 -1.00086963 6.43552923
111 111 126 134 3 -0.00636718888 -2.30932117
122 123 132 141 4 -0.0514382534 -0.44604376
67 72 110 117 2 -0.000123379796 -5.07457685
110 110 124 135 3 -0.00528796483 -2.91664696
139 139 182 186 2 -0.00372531428 -2.57129025
0 0 0 0 2 -0.00159658096 5.23864365
81 82 188 223 3 -0.122429527 -1.69298172
44 44 52 87 3 -0.100420572 -4.78591585
200 207 64 99 2 -0.00299842749 -1.23915493
159 162 45 86 1 -0.197280958 0.285615683
80 84 93 128 1 -0.120999835 -3.57894421
76 79 90 125 0 -0.00681469636 -5.6445756
164 168 58 93 3 -0.335230231 -0.933540702
0 0 0 0 2 -0.00842443015 3.21139932
0 0 0 92 3 -0.888238311 0.453805387
24 26 64 99 3 -1.41616929 -0.690607488
89 94 43 74 1 -0.0489357524 -1.18406892
79 80 90 97 3 -1.15093327 0.417470098
62 65 82 105 2 -0.00699157361 -0.903795362
0 0 0 0 2 -0.0172500759 8.0047636
92 92 132 143 3 -0.00212030183 -3.09294939
65 66 74 79 1 -0.0167357177 -3.47919965
0 0 0 0 3 -0.609320283 1.87657642
114 117 87 102 1 -0.00110383809 -3.41572094
0 0 0 0 3 -0.0162695013 4.7224369
17 20 24 59 2 -0.0341775417 -2.28649902
94 97 109 120 3 -0.00295583019 -3.03572726
155 156 52 87 2 -0.0148933055 -0.703093767
143 143 123 125 3 -0.621045947 -3.78957081
0 0 0 0 1 -0.938712955 2.24598908
61 67 119 124 0 -0.417692572 -1.08690763
86 96 62 67 0 -0.0558701232 -0.641133845
85 88 198 207 0 -0.326233476 -4.61614609
35 37 49 84 2 -0.00261466834 -4.63976526
17 17 38 42 3 -0.0921898186 -1.28285789
97 102 37 72 3 -0.000529352459 -1.9085784
94 95 107 112 2 -0.0016078644 -4.45965672
55 60 76 79 1 -0.442987174 -2.692101
59 65 131 140 1 -0.00122888153 -4.13251638
46 51 88 123 0 -0.000548637356 -2.40542364
46 48 65 72 2 -0.00588748511 -3.0885365
74 75 39 45 3 -0.307707191 0.846691906
80 84 105 107 1 -0.00794841908 -3.01390076
77 81 30 65 1 -0.00918793865 -6.28436947
98 101 119 150 2 -0.000310038216 -2.70598292
94 99 35 40 1 -0.00585824251 -2.33434105
120 123 96 99 2 -0.00339158415 -4.49861479
184 188 77 82 1 -0.433848113 -0.605825424
117 120 137 139 2 -0.0104226135 -4.00627708
12 12 17 21 4 -0.0188545287 -1.40148044
12 19 23 34 0 -0.235204339 -3.11930847
121 126 93 104 4 -0.00220180908 -4.27045488
104 107 88 92 3 -0.000195973786 -2.39669704
65 65 78 113 3 -0.00133750075 -5.55455446
56 56 37 44 4 -0.10832566 -0.461770713
39 42 98 121 2 -0.0067633898 -2.36873746
30 34 67 82 4 -0.00369925122 -2.39825726
98 98 55 57 3 -0.00435090624 -5.61911726
114 117 129 136 2 -0.000958027435 -3.53637671
147 153 39 50 2 -0.000292287499 -3.29424715
124 133 105 110 1 -0.0184350535 -0.279159576
56 57 75 82 4 -0.00089330005 -3.30169559
54 59 79 90 3 -0.00193928834 -5.17673588
56 59 69 76 3 -0.00702151842 -2.59920549
51 52 61 65 2 -0.035994269 -3.25395393
46 48 52 75 1 -0.0225592535 -2.16840506
49 51 36 39 1 -0.0606814735 -4.0250349
39 41 45 49 2 -0.0635562688 -0.551072478
35 39 52 87 2 -0.00198834157 -4.41781521
57 65 96 131 0 -0.000678537181 -4.61503935
53 57 65 73 2 -0.000302290311 -3.28008175
66 71 79 114 3 -0.00126199413 -5.27492666
67 75 131 134 0 -0.00614130497 -3.02514029
45 45 106 108 3 -0.000472014595 -3.32840443
56 57 75 83 3 -0.0214339346 -4.0965867
68 68 85 120 3 -0.00289130863 -5.45988607
54 57 69 73 2 -0.00141409587 -3.40765762
90 93 106 141 2 -0.000179405135 -3.62426949
130 133 78 101 2 -0.395427823 -0.671901047
37 37 71 106 3 -0.0024609738 -4.3012538
51 54 94 99 0 -0.0086267041 -3.80546117
82 82 43 51 3 -0.00263655116 -4.55793905
120 120 135 143 3 -0.000886659196 -4.91153002
118 118 22 29 3 -0.0461086109 -2.73671961
59 59 26 33 3 -0.0125771035 -3.75050426
5 5 8 43 3 -0.0193796493 -1.82355142
46 46 120 143 3 -0.0682697147 -5.71814775
123 125 44 48 2 -0.00130493974 -4.17778969
44 44 54 69 3 -0.00268930709 -2.31611872
29 33 37 60 2 -0.188616499 0.45310092
128 128 48 79 3 -0.0237228014 -1.35605645
86 87 99 122 2 -0.00547659677 -3.79128671
107 109 41 43 2 -0.0169110466 -1.89181852
35 38 83 118 2 -0.00721858349 -1.48342252
97 97 49 60 2 -0.0857080519 -0.65615195
92 0 102 110 2 -0.270941049 -3.2594173
75 79 110 145 1 -0.000183338969 -3.87575316
53 54 74 109 3 -0.0390306823 -6.1706624
120 121 169 204 3 -0.00469950773 -3.21669793
25 27 96 119 1 -0.0080504436 -2.11206818
151 155 176 180 2 -0.000903560955 -4.3400054
62 62 104 139 3 -0.000520405883 -3.55105686
69 69 47 58 3 -0.0311325602 -2.53736162
99 103 56 63 1 -0.0117119886 -2.76966643
92 94 50 85 2 -0.109304994 -4.89338255
141 144 96 119 2 -0.000439700991 -3.80502486
17 17 38 40 2 -0.0164503288 -2.71142936
74 76 30 41 1 -0.00192178204 -3.33500743
25 26 101 107 2 -0.00643193256 -5.21958065
50 50 117 120 2 -8.39221102e-05 -4.26411009
39 41 52 59 2 -0.000671796734 -4.74144459
0 0 0 0 3 -0.0128941704 4.25619316
0 0 0 0 3 -0.0224927198 5.9916091
0 0 0 0 3 -0.00268563279 4.26140165
0 0 0 0 3 -0.000479529874 4.94429684
0 0 0 0 3 -0.00973793678 1.0675745
0 0 0 0 3 -0.0178435892 3.54483366
0 0 0 0 2 -0.0156386141 5.25849485
0 0 0 0 1 -0.728550017 7.52877903
0 0 0 0 3 -0.127384603 3.35486913
0 0 0 0 2 -1.12374628 7.75104094
0 0 0 0 1 -0.0591653697 4.51851988
0 0 0 0 1 -0.716118574 3.79231334
0 0 0 0 2 -0.106809527 5.09808159
0 0 0 0 3 -0.330331564 5.9861598
0 0 0 0 3 -0.20604001 6.04671907
0 0 0 0 3 -0.010703614 4.3665843
0 0 0 0 2 -0.0462412089 5.7028079
0 0 0 0 2 -0.55447191 2.81305432
106 110 123 125 2 -0.00222165114 -2.24651909
52 57 74 80 1 -0.00473835412 -1.41638803
40 48 70 76 0 -0.00167638331 -1.78617406
69 22 26 61 2 -1.54637659 -2.29371023
50 55 70 105 1 -0.00331637589 -3.61444354
60 63 86 121 3 -0.00558864512 -2.88979673
84 90 75 79 1 -0.000973639661 -2.22813129
52 57 73 108 1 -0.000219338413 -3.73680186
0 0 0 0 2 -0.254862368 5.98804426
110 110 31 37 3 -0.0116225323 -3.46305585
125 130 141 142 0 -0.0246550087 -2.14542699
146 148 38 44 2 -0.00358699006 -3.2632885
119 120 51 86 2 -0.00372160319 -4.32665539
35 39 49 52 0 -0.00175101799 -3.03166389
147 154 52 59 0 -0.0152674923 -4.71284294
50 53 67 90 3 -0.0155786723 -5.08040953
51 51 62 73 3 -0.00121957017 -3.7353642
107 109 27 34 1 -0.00385833648 -4.08996391
71 72 155 162 3 -0.0334472731 -1.87266183
160 167 181 188 0 -0.0113843065 -1.54568076
79 85 61 64 1 -0.000360105594 -3.12618113
116 120 135 146 3 -0.000161642616 -2.99074721
54 59 69 76 4 -0.159121618 -4.0047946
51 57 79 114 1 -0.0876822025 -3.0835855
0 0 0 0 1 -0.10887301 2.35337424
151 155 83 118 4 -0.00294797379 -2.22118354
52 56 37 44 4 -0.032398127 -1.54029274
51 51 63 86 4 -0.0862043574 -2.42038703
20 23 54 56 4 -0.0185439419 -4.39908981
143 148 32 0 1 -0.826946557 3.30818248
0 0 157 192 1 -1.53188539 2.32293129
81 85 23 58 1 -0.0024449667 -2.66975713
166 171 119 154 0 -0.00394437695 -2.76245952
0 0 0 0 1 -0.454897255 7.20298958
0 0 0 0 3 -0.198545083 6.76581669
177 177 128 143 2 -0.0167599786 -4.00340319
49 54 104 107 1 -0.00324588059 -3.09192657
43 47 64 99 1 -0.0083372239 -1.33638644
80 87 99 101 0 -0.0120323878 -2.57683516
156 159 139 142 0 -0.00198643748 -0.851184607
0 0 0 0 2 -1.36407304 4.88001156
0 0 0 0 2 -0.495618939 2.53001904
56 58 203 211 2 -0.00399506511 -1.26267314
34 41 49 53 0 -0.0282391589 -0.29067874
39 43 72 107 3 -0.00153725361 -3.55441356
0 0 0 0 3 -0.080314301 2.16680408
127 129 108 113 2 -0.000542686088 -3.28321409
61 66 101 105 1 -0.000515527849 -2.94951558
0 0 0 0 1 -0.0345535651 3.36178684
10 10 20 23 2 -0.0116654215 -0.293486983
61 64 47 50 2 -7.97502216e-05 -3.69306016
92 101 69 76 1 -0.000203246265 -2.54935837
0 0 0 0 1 -0.285165042 5.3532486
26 29 41 46 2 -0.00194866874 -4.50975418
76 83 57 61 2 -0.00146173954 -2.79384255
0 0 0 0 3 -0.00835992955 4.53319025
37 43 110 115 3 -0.00428988365 -3.89089108
0 0 0 0 3 -0.438736469 6.36556387
111 115 33 68 1 -0.00443065213 -4.14953327
0 0 0 0 2 -1.85656893 1.60169601
42 45 82 97 2 -0.014718188 -2.79008794
54 60 70 76 0 -0.00148967211 -2.8881793
134 135 36 44 3 -0.00349866529 -3.53678489
121 125 69 104 3 -0.00343798799 -2.96156549
73 77 115 150 3 -0.0030150786 -4.01795578
35 37 104 110 2 -0.00111876125 -4.26257181
0 0 111 146 2 -1.49325895 2.24147868
0 0 0 0 4 -0.00583153823 7.00633717
79 82 96 103 3 -0.0453047082 -0.237428993
36 43 50 58 3 -0.314413786 -0.0741919279
99 103 116 139 4 -0.000345690263 -3.30057979
40 43 126 141 1 -0.00592488702 -1.12785399
104 104 58 93 4 -0.000459261675 -5.92944479
0 0 0 74 2 -1.41116214 2.60720539
113 113 96 98 4 -0.00243335217 -1.3654108
88 89 37 43 4 -0.0116543751 -1.14662647
111 113 61 96 3 -0.0369957983 -3.88335633
136 139 71 74 2 -0.00141964201 -3.48594594
93 93 124 135 2 -0.029442627 -2.01567388
125 125 102 109 3 -0.0100511871 -3.75739312
120 123 164 195 3 -0.733366191 1.86651754
117 124 93 95 0 -0.000930823328 -4.33547449
67 68 75 80 3 -0.0123882983 -2.37528062
68 73 88 123 3 -0.000172252083 -4.554286
41 47 60 62 1 -0.000550340337 -2.02807617
70 72 86 109 1 -0.00771264033 -2.3663578
191 196 80 85 0 -0.202161685 -7.1639452
223 231 98 0 1 -1.77637887 2.48157501
47 51 106 111 2 -0.000906879432 -3.21459961
0 82 98 109 4 -1.70298696 -1.18187177
38 40 47 82 1 -0.00058071129 -3.13086891
0 0 0 0 4 -0.728768229 7.27573156
0 0 0 0 2 -0.554192185 6.60110426
0 0 0 0 2 -0.382780492 6.51475763
76 80 92 98 3 -0.000178571427 -2.64979124
97 100 70 81 3 -0.447807997 0.837585866
0 0 0 0 2 -0.404512674 3.71350551
133 139 87 110 0 -0.001575973 -2.76706457
104 110 121 156 3 -0.24736318 -3.61133122
51 55 86 91 4 -0.00541466381 -1.73649573
0 0 0 0 2 -0.00515705673 4.66953039
45 0 100 0 1 -1.36876786 2.52533031
81 88 105 113 2 -0.000412665919 -3.49981666
105 105 194 200 2 -0.00108680711 -3.83419991
74 74 82 84 2 -0.857625961 0.441378653
144 147 46 81 3 -0.00219968287 -1.18815136
44 44 104 108 3 -0.0344738476 -6.61277246
36 36 127 162 2 -0.0267646089 0.116249204
0 0 0 0 2 -0.224673405 4.09514952
37 37 88 91 3 -1.02058542 0.222680509
97 103 48 83 1 -0.0279647466 1.24714184
128 130 97 101 3 -0.00250095455 -3.47176838
26 30 35 40 4 -0.0657480285 1.65333176
111 114 127 158 3 -0.000795596454 -4.4676919
27 34 93 104 2 -0.000152345936 -4.05478907
114 120 43 50 1 -0.00104751892 -4.09263372
0 0 0 0 2 -0.28841573 5.44871712
121 124 133 140 4 -0.00564679317 -1.63017106
103 103 63 98 0 -0.508239925 -3.87024641
163 167 115 150 3 -0.00211932138 -2.2086277
0 0 0 0 0 -0.0290475003 6.5068655
86 87 99 106 2 -0.000307178649 -4.78875065
62 0 0 0 1 -0.882443368 4.49686861
69 69 162 185 3 -0.256196201 -2.82882786
42 42 47 55 2 -0.487531304 -3.89337683
79 83 120 155 2 -0.0710542277 -2.08731294
0 0 0 0 2 -0.382800817 6.68016291
89 92 39 70 3 -0.00240038335 -3.44386578
122 127 160 195 1 -0.285167426 -1.34311128
122 127 104 110 1 -0.000649612688 -0.505913019
68 68 43 50 4 -0.00130417931 -2.65024972
59 61 83 118 2 -0.174470082 -3.68904495
72 79 48 59 2 -0.0327512994 -1.43556845
106 107 125 160 2 -0.00229720608 -3.18879151
34 41 11 18 0 -0.0301015228 -3.04508805
126 0 81 89 0 -0.729230165 1.44831729
53 60 116 151 2 -0.000872122881 -5.53914022
0 0 0 0 2 -0.125132874 2.42244267
70 72 86 117 1 -0.016883295 -1.53555393
167 171 110 145 4 -0.020204749 -0.0638818145
103 105 121 127 1 -0.0136522977 -4.95116854
152 160 53 88 4 -0.00037238904 -1.86787295
16 19 74 81 1 -0.24346675 -3.09697652
49 51 128 132 2 -0.000533766928 -3.70804548
102 102 111 116 4 -0.00299501978 -0.563287079
123 125 103 107 1 -0.133564666 -1.25799704
87 92 72 76 0 -0.00642910553 -2.93737507
112 115 61 92 2 -0.000401344529 -0.725840747
96 99 50 81 2 -1.12772679 -4.46462727
81 86 95 130 2 -0.00680290954 -1.72613907
114 118 130 133 2 -0.467616707 -2.49184442
46 48 174 177 2 -0.0691156387 -3.79790378
96 99 69 77 0 -0.0522408038 2.04345441
23 38 54 62 2 -0.471342564 -1.20987463
104 105 120 127 2 -0.0224015843 -1.01583505
57 63 42 46 2 -0.000357484096 -3.94805145
43 43 122 126 4 -0.00583058689 -0.333715677
0 0 0 0 3 -0.195636287 3.27794027
121 121 140 146 2 -0.00267496333 -3.03697085
0 0 0 0 2 -0.0152036604 6.74560881
0 0 0 0 2 -0.458801717 3.7782824
116 116 49 56 3 -0.188188404 -2.23487496
29 33 64 69 2 -0.000655666576 -3.00229669
155 158 41 76 3 -0.0153380819 -2.68474293
69 73 0 0 2 -1.15294468 2.90882921
0 0 0 0 3 -0.769762874 7.59781981
90 94 43 47 0 -0.00297262357 -3.72361302
86 92 40 47 1 -0.0766716152 -3.70602751
145 150 163 165 4 -0.0540383533 0.927596271
61 61 161 172 1 -0.00211853744 -1.03456938
45 51 55 59 2 -0.0295075774 -3.3906579
46 51 117 122 0 -0.000167008198 -2.04071927
170 172 188 192 2 -0.0901092365 -2.48257565
89 97 112 147 2 -0.00201807939 -5.18583488
91 95 121 136 2 -0.00166069879 -2.98538256
55 62 82 88 0 -0.143657461 -2.05066872
76 76 84 91 2 -9.07157664e-05 -5.26897335
7 12 18 53 4 -0.0668452606 -1.37412047
61 61 138 173 3 -0.0363848656 -1.25527096
55 59 100 135 2 -0.0117137861 -1.65328908
0 0 0 0 2 -0.0190740377 3.83881831
111 116 78 86 2 -0.0599942617 -3.31672716
106 108 123 129 1 -0.00839818083 -3.39753079
75 75 107 116 3 -0.0417798981 -1.99059844
131 133 80 115 2 -0.601886213 -1.83356905
127 127 85 120 2 -0.000341037696 -3.99250627
64 66 151 153 2 -0.0181059316 -6.20569897
32 38 46 81 2 -0.00942027289 -2.36664557
0 0 0 0 2 -0.0364296138 2.86521077
86 90 119 126 4 -0.000432919624 -2.55756879
107 110 121 156 2 -0.00589144602 -2.5460937
61 67 112 0 3 -1.12200952 1.40488911
0 0 0 0 1 -0.00833279081 4.86973238
57 58 86 97 3 -0.0161484405 -1.86801338
14 22 34 36 2 -0.7591663 2.30061698
75 77 54 60 2 -0.00314527983 -3.72690773
0 17 30 38 3 -1.05741906 1.59135652
58 66 150 154 3 -0.000149961736 -5.57761192
101 104 101 104 3 -0.114472672 -0.205651134
103 105 217 221 2 -0.156486467 -3.70752597
67 67 155 161 3 -0.000188821432 -3.60028982
105 112 98 100 0 -0.0644423738 -4.5123806
0 0 0 0 2 -1.22135425 3.25668764
48 49 74 81 3 -0.00362128904 -3.50200987
58 63 80 86 3 -0.156637937 -0.499945939
99 103 217 223 3 -0.389695972 -4.25515413
42 44 132 167 1 -0.00705761136 -3.3621645
0 0 0 0 1 -0.00219864864 7.04465961
122 122 138 169 3 -0.00390757434 -0.696313739
121 128 42 77 0 -0.00741990656 -2.78528976
81 81 64 66 4 -0.00131825486 -2.34135175
96 103 120 127 2 -0.00199457258 -1.39498854
159 163 78 113 1 -0.00565646589 -1.97933269
123 126 107 115 4 -0.0408555679 -2.3738544
88 93 105 113 4 -0.000129218315 -2.68217874
0 0 0 0 2 -0.00701273791 7.10643864
0 0 0 0 3 -0.00304000871 3.80099082
0 0 0 0 4 -0.761644721 7.31755352
138 34 54 89 1 -0.569882214 -4.17609024
0 0 34 41 2 -0.944312036 0.814900219
105 105 86 93 2 -0.000197523739 -3.28255582
105 108 47 54 2 -0.00677780202 -3.87695312
18 20 36 42 2 -0.00996167585 -2.7315712
38 38 82 117 2 -0.155685499 -5.11761808
0 0 0 0 1 -0.480097175 2.82842898
109 113 93 98 1 -0.0945037827 0.288445175
143 145 73 78 2 -0.000690092449 -4.11592722
110 112 75 86 2 -0.0116008269 -1.59428215
56 56 95 130 3 -0.00147064193 -3.31118751
92 100 61 63 0 -0.0171586368 0.366452694
217 217 121 125 2 -0.0383621641 -4.16966057
0 0 0 0 3 -0.645334125 8.11684132
107 113 54 59 1 -0.0445877016 -2.74779463
101 101 130 136 4 -9.72718917e-05 -4.15497446
47 47 127 131 2 -0.00216145837 -4.02190828
112 119 50 58 2 -0.158951998 -0.772919416
0 0 0 0 2 -0.223952994 6.92108488
182 185 83 90 2 -0.114061594 -5.35938454
63 66 177 179 2 -0.123306066 -0.850121856
56 56 15 50 2 -0.00200455589 -2.68246055
104 105 25 32 1 -0.00570158521 -3.10642624
0 0 0 0 1 -0.818964005 7.40169525
107 111 62 97 4 -0.0145766875 -2.36393046
0 0 0 0 1 -0.0263055041 6.98796654
120 124 60 65 2 -0.120691262 -5.04252958
53 61 89 97 0 -1.0937618 1.23343587
0 0 0 0 1 -0.65409708 7.95656729
214 220 158 193 1 -0.00671261875 0.765775383
115 120 137 160 2 -0.00012695542 -3.94526291
102 104 74 80 2 -0.0168404263 -0.997576714
77 78 102 106 2 -1.73108912 2.40094543
33 33 92 96 2 -0.000836090185 -3.04821229
0 0 0 0 2 -0.841332197 6.01247883
44 51 65 67 0 -0.00151552388 -4.1160903
62 66 22 27 4 -0.63773185 -0.486765921
69 71 159 190 2 -0.443600118 -3.32772756
31 31 44 79 2 -0.00120933075 -3.74698615
115 118 137 143 2 -0.00660121394 -1.2148931
0 0 0 0 0 -0.720997691 7.26861334
38 41 67 102 0 -0.000154968293 -3.56997085
69 73 104 108 3 -0.000493347412 -4.16831875
43 45 57 66 3 -6.9259142e-05 -4.07123184
62 63 180 185 2 -0.272083282 -2.14739156
59 64 70 77 3 -0.0002299349 -2.24375248
173 177 146 151 2 -0.00200933893 -3.97406077
98 103 44 50 1 -0.00106072065 -2.86180162
55 59 112 115 3 -0.000621243496 -2.82666993
36 39 52 57 2 -0.0704163536 -2.06317878
91 94 68 75 2 -0.0014604897 -3.0814867
114 118 94 99 2 -0.036231257 -1.33789349
47 47 66 73 4 -8.49952557e-05 -1.76646614
138 138 86 92 3 -1.12026393 0.808417976
93 97 107 142 0 -0.0137219178 -0.0150361955
146 147 66 101 1 -0.0413557701 -3.88905978
59 61 82 85 2 -0.0097134104 -4.59894085
0 0 0 0 2 -0.158023164 1.64406061
102 104 38 73 1 -0.59355098 -5.52746916
71 73 148 179 1 -0.0509359911 -1.22328687
175 179 87 122 4 -0.000443663739 -2.76049757
74 75 155 190 2 -0.0140451156 -0.0242976844
0 0 0 0 3 -0.564670205 6.45548582
0 0 0 0 2 -0.394906044 6.22760916
35 36 47 53 3 -0.00230167666 -4.89838934
26 27 87 90 1 -0.00977496244 -2.50810838
105 112 90 92 0 -0.00568721956 -2.90307426
165 168 102 106 2 -0.00441179564 -5.02858353
57 62 81 112 1 -0.19810085 -3.64273906
123 131 111 113 0 -0.0051002698 -1.98032737
0 0 0 0 2 -0.373885393 5.27660179
76 80 88 96 0 -0.000170462008 -1.71781898
191 196 85 89 0 -0.0304832682 -4.40173674
0 0 0 0 2 -0.654916227 6.85621309
0 0 0 0 2 -0.601680458 3.32359123
97 97 104 107 3 -0.0121990675 -1.63697791
168 169 141 150 3 -0.0111610964 -1.95038104
45 49 64 69 1 -0.00179319223 -2.90827775
103 104 124 128 3 -0.0014718296 -4.27689838
52 57 76 80 0 -0.0509932898 -1.84895682
0 0 0 0 3 -0.00245845085 5.138762
0 0 0 0 2 -0.367444336 2.52086973
0 0 0 0 2 -0.00472576777 5.83669233
162 162 49 84 3 -0.117787518 -5.34577179
149 157 54 62 1 -0.0141730672 -5.29484129
69 69 90 98 2 -0.000393488997 -2.78242159
110 110 79 81 2 -0.000244950934 -3.20474458
71 73 86 109 2 -0.00633714627 -0.800170064
58 59 182 213 2 -0.116145723 -2.82475352
40 44 82 105 3 -0.000476435787 -3.59163094
88 94 107 109 0 -0.122733705 -2.38092923
102 109 118 133 0 -0.06019032 -1.19399333
0 0 0 0 2 -0.00111441431 5.43718815
53 55 64 87 1 -0.00793776382 -2.52531052
49 55 92 98 0 -0.00059538841 -4.46509075
101 101 115 122 2 -0.0628918782 -1.99100423
133 134 70 105 2 -0.00128934579 -2.43053651
35 40 56 60 0 -0.00520066591 -4.32767677
159 159 60 95 2 -0.000280835375 -5.02703524
145 145 181 192 3 -0.0481920242 -3.02619958
98 104 52 87 2 -0.000704923412 -2.33058143
34 34 50 65 3 -0.00630735653 -4.59191418
113 114 160 166 2 -0.0539245978 -0.85593611
46 46 56 61 3 -0.00132695364 -3.58594346
153 153 34 40 2 -0.000901026535 -4.12407827
63 68 159 194 3 -0.00643914845 -1.31677854
112 116 72 79 3 -0.00165697234 -2.95219398
105 110 120 123 1 -0.137229711 -1.13598442
69 69 88 123 2 -0.0111068198 -4.96956682
155 159 35 70 4 -0.00129586738 -1.41640794
53 58 68 83 1 -0.277387798 -1.00890923
0 0 0 0 3 -0.00451203482 7.12071896
148 154 44 67 3 -0.598974526 -0.649603009
114 120 29 64 1 -0.0195794702 -4.68773127
0 0 0 0 3 -0.250368834 1.62746525
50 54 111 118 3 -0.000215994514 -3.4402678
45 46 76 111 3 -0.849997878 -0.641381383
70 73 137 140 2 -0.00143287214 -3.69771123
78 81 90 97 1 -0.000681562233 -3.64483452
202 205 90 98 2 -0.354760915 -4.09987068
33 35 106 113 1 -0.00457703229 -1.94824815
0 0 0 0 4 -0.390004903 8.110919
60 68 122 126 0 -0.00169465668 -4.22415161
81 89 106 114 1 -0.00639644172 -0.642752469
113 117 62 97 3 -0.0183360912 -1.91808677
124 125 142 148 2 -0.0675650015 -2.51132894
222 231 109 144 0 -0.460219145 0.102216542
108 115 32 67 2 -0.00155937579 -2.296242
0 0 0 0 2 -0.596321583 3.36352301
148 149 209 220 3 -0.068744041 -1.54743099
45 45 112 119 4 -2.62258836e-05 -3.43895221
88 93 54 77 1 -0.644347608 -2.27098155
0 0 0 0 2 -0.256757438 2.82937455
0 0 0 0 2 -0.014274478 2.58962703
100 102 118 153 2 -0.245904669 -1.84979224
0 0 0 0 0 -0.00311957439 3.08047819
114 117 71 74 2 -0.00101282855 -2.40066624
0 0 0 0 2 -0.0134288613 4.9292593
136 140 56 62 3 -0.00493609859 -3.53313565
62 67 42 45 3 -0.822684348 -0.892219901
166 170 88 97 3 -0.178309038 -5.13983393
122 123 81 149 0 -0.838745952 -4.693151
118 122 69 104 3 -0.527226985 0.991163433
0 0 0 0 4 -0.246135563 5.50732088
24 24 35 43 4 -0.171569616 -1.48394084
0 0 0 0 1 -1.13871229 3.30743647
128 0 91 97 1 -0.79816705 0.470936954
56 64 135 170 0 -0.000527455937 -5.00759697
43 44 70 78 2 -0.25177291 -3.58723426
103 104 144 175 2 -0.0395966694 0.091165781
55 57 21 25 1 -0.000291918404 -4.10646391
58 64 41 47 0 -0.01057408 -4.63595867
48 54 70 76 0 -0.000341270497 -3.73882794
89 89 117 128 2 -0.00648642378 -3.15736699
0 0 0 0 2 -0.00118470553 3.90224051
38 38 50 65 2 -1.10589945 -2.90919089
92 94 65 76 1 -0.125095919 -5.9731307
97 102 112 119 2 -0.0144917611 -0.0974283516
51 54 84 91 3 -0.0200754367 0.497678578
39 42 71 102 1 -0.141860038 -0.0864210725
87 87 19 54 3 -0.000352336938 -3.47129321
44 44 77 82 2 -0.000316485442 -3.28422189
184 184 0 0 3 -0.734694839 1.7673254
96 100 115 122 4 -0.000110504465 -1.97695017
51 57 70 105 1 -0.00808419473 -3.29095316
41 43 54 65 2 -0.28924942 0.807281792
53 58 76 111 2 -0.00027607978 -2.54370046
91 95 73 80 1 -0.00241356157 -0.425595343
114 120 30 37 1 -0.199523568 0.342637658
147 148 125 133 2 -0.00659314403 -2.36390591
42 45 61 67 3 -0.736631811 0.774082005
0 0 0 0 3 -0.287487924 5.53759623
44 47 96 100 1 -0.0243450776 0.731080115
113 116 61 96 2 -0.000688942673 -3.53588986
72 72 91 126 3 -0.0663913041 -3.46066213
141 145 90 125 2 -0.00173236057 -2.41238928
44 44 119 154 4 -0.00325466553 -0.726124823
40 41 96 103 3 -0.00850345381 -3.01090717
117 121 134 169 3 -0.0348626673 -1.38160431
0 0 0 0 2 -0.49283132 2.28711319
81 85 104 107 2 -0.11890883 -1.78632021
53 59 96 107 2 -0.00930309109 -4.36273289
106 110 120 123 4 -0.000484425982 -3.05190015
106 110 23 58 3 -0.000633860938 -2.98861194
33 41 59 94 0 -0.00357797393 -6.3970952
39 43 103 138 3 -0.000440196483 -5.47646046
154 158 98 133 3 -0.0423100181 -1.96639729
66 67 79 110 2 -0.00200141873 -6.14237642
22 27 32 67 4 -0.185074657 -1.59613609
139 142 74 81 2 -0.00100228819 -1.88229918
136 139 79 114 4 -0.0013123533 -2.78778195
139 139 72 107 3 -0.00075081503 -2.53468037
44 44 54 85 4 -0.0492315367 -3.94955468
0 0 0 0 2 -0.420026094 5.81882238
56 56 120 122 2 -0.000558872998 -4.77842522
0 88 98 101 2 -0.441104412 -1.12841463
181 184 127 150 2 -0.00151724112 -4.83483124
117 117 46 81 2 -3.25439469e-05 -4.13449192
78 81 32 67 2 -0.359917521 0.865272224
89 93 43 78 1 -0.193880275 -1.51734138
44 48 24 39 1 -0.150786117 -0.0638318062
61 61 83 114 3 -0.00114559941 -2.34075046
99 103 136 138 0 -0.0092324391 -2.10847425
49 54 68 70 0 -0.498905659 -4.06731272
96 96 108 114 2 -0.0402035713 -2.83743906
95 101 51 57 0 -0.00393127836 -2.59109783
51 52 62 97 3 -0.00451769587 -2.93289256
119 120 74 109 4 -0.0036355569 -4.90568495
112 118 88 99 3 -0.00479656039 -3.31771588
55 58 81 0 4 -1.43740535 0.231198192
114 118 91 96 4 -0.0920026153 -3.07053804
96 96 125 0 3 -0.413732767 0.395522654
138 139 40 75 4 -0.0532246381 -4.13956785
77 81 110 116 4 -0.00341750472 -0.670539975
150 156 91 94 1 -0.00758587476 -3.75461984
0 0 0 0 2 -0.00149066909 6.50584269
0 0 0 0 3 -0.610123694 6.2107296
119 125 48 56 2 -0.00186473795 -3.73725605
76 80 36 41 1 -0.0151991546 -4.79135418
52 58 102 109 3 -0.000693101378 -4.21615601
77 77 140 145 2 -0.174533486 2.18475199
128 132 41 76 0 -0.0262756515 -4.48815393
0 0 0 0 3 -1.53355491 1.41708183
0 0 0 0 3 -0.0154253431 6.74391317
71 71 102 105 3 -0.00106158433 -2.46700549
109 113 159 163 4 -0.00027249605 -2.34954357
0 0 0 0 2 -0.294518262 3.20415759
19 25 29 44 2 -0.254312962 -1.40996885
0 0 0 0 2 -0.00443562306 4.02202559
80 80 100 135 3 -0.00704858499 -5.08217287
191 195 80 115 4 -0.000451156811 -2.92689157
68 68 30 32 3 -0.509412408 0.293548167
55 62 92 127 1 -0.00155217363 -4.33355093
116 116 66 101 3 -0.00245687831 -2.02766848
0 0 0 0 4 -0.972415388 7.4926672
104 107 47 82 3 -0.000136248666 -4.39993668
60 67 46 49 0 -0.000362130202 -4.05253935
42 44 61 64 2 -0.049416326 -1.10296142
64 68 78 113 3 -0.0825157464 3.05864882
0 0 0 81 3 -1.70680881 4.113626
0 0 0 0 2 -0.210970581 2.8585155
86 88 97 128 1 -0.0070216381 -1.24383521
184 187 95 110 2 -0.139120564 -5.80641603
0 0 0 0 3 -0.134351954 3.62343049
105 109 50 85 4 -0.0337269343 -5.09473419
81 85 99 110 1 -0.00139592041 -3.63631845
39 43 82 87 2 -0.000834261184 -3.92874336
0 0 0 0 0 -0.0179941133 1.96031547
36 39 107 115 0 -0.00185286126 -1.77487779
168 172 90 95 3 -0.0191445164 -4.74017143
90 91 100 131 2 -0.00580374803 -1.16543365
113 117 126 131 3 -0.016449444 -2.48804331
142 146 38 73 4 -0.0387537442 -2.95098996
96 96 125 127 3 -0.0100630969 -1.22335482
119 119 55 90 3 -0.00119426823 -3.08340502
38 42 63 67 2 -0.00180740247 -3.5880897
135 143 66 73 0 -0.0107466737 -1.25183558
121 126 100 115 2 -0.103930444 -3.55420256
108 109 53 60 3 -0.0652870163 -1.32756066
0 0 0 0 1 -0.822977781 1.5861659
49 49 59 94 3 -0.000127430685 -5.11390305
0 0 0 0 2 -0.593316197 7.50806856
136 139 90 121 2 -0.0118084494 -1.73690152
140 142 51 60 1 -0.000265108189 -4.30212498
93 94 50 81 3 -0.00073053455 -4.42388916
126 129 100 105 1 -0.0084072426 -1.85113525
133 135 75 86 1 -0.435543031 -3.40151525
100 102 55 78 3 -0.00537115615 -3.00960231
0 0 0 0 1 -0.529895067 1.74370432
216 216 228 234 3 -1.72309005 0.388710439
0 0 0 0 1 -0.646004498 7.45113468
104 108 121 156 3 -0.000726682018 -2.11002374
140 140 80 111 2 -0.000480088464 -4.66509295
83 90 35 39 0 -0.014751316 -2.59134388
0 0 0 0 3 -0.582739711 4.07909536
0 0 0 0 1 -0.0897802114 2.73252249
129 132 98 105 3 -0.0378673039 0.0912104845
62 66 121 156 3 -0.0231264364 -2.68619251
0 0 0 0 3 -0.00907047279 3.15258813
103 104 47 54 2 -0.097632736 -1.52689695
0 0 0 0 1 -1.05609024 7.42058086
0 0 0 0 3 -0.0216520559 5.19577599
46 50 80 83 2 -0.0303222388 -2.80939198
0 0 0 0 2 -0.973529875 3.32470846
150 156 75 110 0 -0.453295141 -3.69794035
35 0 50 55 2 -1.39740908 0.908218682
158 159 177 212 2 -0.141294092 -2.31654119
126 130 42 73 4 -0.113972396 0.0105524361
56 60 36 42 0 -0.00128035783 -2.93630004
57 64 77 79 2 -0.000348071218 -1.59531808
50 54 64 99 3 -0.00327966246 -3.35947728
47 47 60 95 3 -0.00857885834 -3.73320603
115 116 45 80 3 -0.00195298786 -4.07336712
74 74 56 62 2 -0.000153532354 -4.95867062
0 0 0 0 2 -1.29148912 1.55691075
145 151 109 124 1 -0.0261151008 -1.00517607
95 97 40 43 2 -0.00124461169 -3.92859626
22 24 31 66 2 -0.210425273 -2.16578817
81 83 91 96 2 -0.000306341681 -4.92088938
0 0 0 100 1 -0.382095575 1.79006243
123 123 57 92 2 -0.00323945377 -3.68206286
98 142 47 82 4 -0.580949247 -2.48096395
0 0 0 0 2 -0.0162214227 3.40228271
107 110 121 130 1 -0.171565577 -0.785008669
0 0 0 0 3 -0.0317202508 5.09917974
107 108 87 89 3 -0.000743621029 -3.2267971
77 82 36 51 3 -0.00665594172 -3.10295057
97 103 113 119 1 -0.00146465807 -3.71317434
37 44 131 137 1 -0.000111219895 -3.25321794
77 83 37 43 1 -0.00469084177 -4.25243282
42 50 75 110 3 -0.000248302473 -3.54915977
0 0 0 0 2 -0.316612184 2.52123237
59 63 82 117 3 -0.0607884936 -1.41494703
46 49 54 65 3 -0.352282614 -0.540185988
80 80 59 66 3 -0.000538756372 -3.26352429
92 96 74 77 2 -0.590082467 -3.19373608
35 40 99 110 2 -0.236016318 0.347429633
67 71 100 135 3 -0.0308348686 -5.22700644
0 0 0 0 2 -0.313229471 3.31139541
77 81 0 160 3 -0.887711406 1.24258852
103 107 57 92 3 -0.00164357037 -5.31115437
82 87 131 139 1 -0.146276265 -1.36625123
0 0 0 0 2 -0.0202511009 4.91626215
60 64 88 93 3 -0.00219011446 -2.09578705
144 144 49 97 2 -0.256300062 -0.167822361
60 60 132 137 3 -0.00716374908 0.461808562
89 95 36 43 0 -0.000917551399 -5.93830776
54 58 69 80 2 -0.00504904194 -2.5484097
38 41 45 57 0 -0.0858621597 -5.32030392
48 52 109 115 3 -0.000246398005 -2.97647548
201 207 54 61 1 -0.19421266 0.60426563
0 0 0 0 3 -0.160875589 5.25990009
41 44 58 89 3 -0.000539541477 -3.0178926
34 40 117 124 1 -0.000355817872 -1.17553902
0 0 0 0 3 -0.0278796386 4.43645382
60 69 141 148 1 -0.0634758323 -4.02723265
44 49 27 33 0 -0.000432465662 -3.95424509
62 64 77 83 2 -0.00231924257 -2.87409711
0 0 0 0 3 -0.379424483 4.01551962
119 122 50 54 3 -0.000322784763 -5.2005415
37 38 48 79 2 -0.177250028 0.117472351
87 91 104 108 3 -0.0256904587 0.892309606
167 172 122 145 2 -0.11478164 -2.62061858
55 62 127 162 1 -0.00167228072 -1.54137206
47 50 71 78 0 -0.00778919086 -2.98698306
120 125 100 105 0 -0.000773385109 -1.85036874
108 113 82 93 1 -0.177798688 -0.613896012
100 102 178 201 3 -0.068463698 -4.33616781
0 0 0 0 2 -0.0643660277 7.41590643
87 90 75 81 1 -0.00349900732 -3.0068388
0 0 0 0 0 -0.017527001 5.20339966
67 69 85 122 2 -0.100235336 1.19425321
117 120 135 141 1 -0.000611292198 -2.59156513
159 160 175 210 0 -0.0386451744 -3.36077166
215 218 163 198 1 -1.05396855 -0.280382872
0 0 0 0 3 -1.05559552 7.16295862
72 77 88 123 1 -0.0015721533 -1.02736807
121 126 155 160 0 -0.00104824174 -5.33179998
0 0 0 0 2 -0.0905036479 4.16926622
41 45 76 85 2 -0.0118391756 -1.67331433
93 96 40 42 1 -0.00166654959 -1.22708726
45 47 53 64 1 -1.94491482 5.10228539
151 152 68 83 1 -0.0191315804 -3.0455339
0 0 0 0 3 -0.00916680507 3.9941895
43 47 61 66 0 -0.210229889 0.276851773
0 0 0 0 3 -0.603375316 6.00183773
44 47 62 97 3 -9.94193178e-05 -6.44167852
125 128 145 180 2 -0.0450810269 -0.808890522
85 87 23 27 1 -0.0163314361 -2.80843592
85 88 32 67 2 -0.081057705 -1.57002878
138 142 51 86 4 -0.0078463424 -1.91815424
0 0 0 0 2 -0.115150668 3.07733774
119 124 152 160 1 -0.00997543149 -5.03545809
175 180 117 121 1 -0.0457322747 -1.1011312
0 0 41 43 2 -1.43799102 -3.36726236
22 26 47 47 2 -0.380014271 -3.75990152
17 25 30 33 1 -0.0194986239 0.639428079
0 0 0 0 2 -0.000722457073 4.98288059
43 44 74 82 2 -0.040496327 -4.15986776
49 50 90 99 2 -0.00454784464 -1.48158026
80 85 63 65 2 -0.00292038545 -4.24506903
41 45 76 91 0 -0.00294024777 -3.52247381
0 0 0 0 3 -0.0394691043 4.65830326
179 186 0 119 2 -1.02671409 2.53919053
225 226 179 187 2 -0.0544885956 0.183696508
81 85 96 131 1 -0.315754384 -3.75787687
92 95 112 120 2 -0.0297219604 -3.6077373
142 146 87 122 2 -0.0195707548 -1.2826575
60 70 42 45 1 -0.0340366885 0.80135721
19 19 82 86 3 -0.000518524321 -4.03747034
0 0 0 0 1 -0.126998097 4.83738279
40 41 83 118 1 -0.00226410199 -2.01040077
0 0 0 0 2 -0.101287879 3.18379259
70 77 167 176 3 -0.0850300342 -4.00437021
135 139 149 155 0 -0.044925265 -3.37140417
109 114 132 140 3 -0.00267141545 -5.3924408
104 43 56 63 4 -1.19820333 0.124313533
52 55 68 72 2 -0.0001746333 -3.24023271
99 100 29 36 2 -0.111526668 -0.737184942
125 129 72 107 3 -0.00054699101 -4.86062336
113 121 140 146 0 -0.00488114916 -1.70587754
35 38 80 86 2 -0.0274651311 -1.26335955
23 27 35 70 2 -0.00898713991 -1.30561566
88 91 107 112 4 -0.00204143394 -1.32684112
50 58 72 107 2 -0.000692435366 -3.56929374
0 0 0 0 2 -0.00510879373 5.7982378
0 0 0 0 3 -0.00429067481 4.28105927
114 114 77 83 3 -0.121039763 -5.138515
45 49 64 99 1 -0.00748968124 -3.46415186
117 119 133 140 2 -0.00670008594 -4.25630283
139 142 42 65 4 -0.128127113 -1.73469663
76 80 97 132 4 -0.00133692659 -2.32061362
88 93 56 64 2 -0.0089671202 -2.1221509
0 0 0 0 1 -0.937601924 5.13364792
90 94 113 122 3 -0.00161861943 -2.30511522
0 0 0 0 2 -0.00160637451 3.20451069
55 60 87 122 4 -0.0101572564 -1.88832378
0 0 0 0 1 -0.0488562211 2.67829728
40 47 62 69 0 -0.289485931 -1.33290839
51 53 34 41 2 -0.000124452403 -4.90521145
90 90 98 105 2 -0.000139230106 -4.85935307
103 109 123 146 1 -0.288244516 -1.27905679
42 51 30 36 1 -0.00685289456 -2.0494864
172 172 87 92 3 -0.00169554888 -2.76543808
186 186 101 136 2 -0.000220409085 -3.17252612
159 165 124 135 2 -0.00126154476 -3.14476395
173 180 77 82 0 -0.00674700225 -2.6751411
80 85 58 63 1 -0.000246985903 -2.91973639
137 138 85 90 1 -0.00269669248 -1.01270223
0 0 0 0 2 -0.00133350352 4.87172604
57 61 70 75 1 -0.000663924904 -2.00343895
0 0 56 0 3 -1.73017597 -0.761541963
110 110 121 127 2 -0.00959077757 -5.56878948
0 0 0 0 1 -0.00119497138 5.20448732
45 48 109 144 3 -0.0240245126 1.22970557
48 49 87 98 3 -0.0197645947 -1.69776583
91 95 64 72 3 -0.00175349426 -1.47176695
137 141 95 110 3 -0.873773396 -1.95661259
0 0 0 0 4 -0.925284386 7.14094257
87 87 97 132 2 -0.0536804795 -3.03065491
36 41 47 82 1 -0.716394603 -2.13806391
0 0 0 159 2 -1.06331909 3.06311512
106 111 47 70 2 -0.000230062578 -3.11125565
0 0 0 0 3 -0.0794686824 4.27758598
193 194 169 175 4 -0.40185532 -1.48587513
87 89 106 113 1 -0.00139427243 -3.00592518
68 72 48 52 2 -0.00050647778 -3.06809759
0 56 60 0 3 -1.90017307 0.491458952
142 142 54 63 2 -0.000531854457 -5.97236872
35 39 102 137 1 -0.131622434 -1.16871786
108 112 182 184 4 -0.00228589727 -2.1118803
110 112 40 44 2 -0.00254011806 -3.36530089
56 58 109 113 2 -0.0245328117 -1.33131158
34 36 93 100 2 -0.00431956537 -3.12577629
0 0 0 0 0 -0.0837005675 2.71857643
80 84 38 73 1 -0.00105018052 -3.00378585
0 0 0 0 4 -0.453793317 2.13685989
0 0 0 0 2 -0.00547001697 3.68131137
83 86 123 134 2 -0.00363531476 -2.06293511
93 96 20 28 4 -0.00431542192 0.405159891
133 136 84 119 0 -0.000667989079 -3.6670239
82 93 108 116 0 -0.0108981058 -3.80317831
80 83 44 46 3 -0.00158903457 -3.4633708
92 95 107 118 0 -0.00546411006 -2.09342504
55 59 43 49 1 -0.00636438746 -0.664704204
106 110 167 171 2 -0.000398721808 -3.10444164
0 0 0 0 1 -0.031320855 4.48660183
56 60 97 132 1 -0.00473030703 -4.61854267
50 54 117 148 4 -0.00181673747 -2.98279977
91 94 53 61 0 -0.0854727775 -2.25477982
0 0 0 0 3 -0.0247563347 1.47371149
96 97 113 128 3 -0.00134248857 -4.14728117
107 109 127 162 1 -0.00250398577 -1.06934536
32 34 75 98 3 -0.135746673 -0.59233129
0 0 0 0 3 -0.0447111391 4.31337357
109 114 71 74 1 -0.134172007 -0.640903533
104 107 127 130 3 -0.00204260787 -5.01634407
91 97 55 62 3 -0.000731858891 -2.92538738
82 83 51 56 2 -0.00498394668 -4.02226925
62 64 45 51 1 -0.0153801348 -0.994528532
128 132 144 179 3 -0.000844610098 -4.84981346
0 0 0 0 2 -0.00173086254 6.52812433
128 132 82 117 2 -0.0161376186 -0.463331372
66 66 122 137 2 -0.0086601181 -5.61212492
87 89 97 100 1 -0.00028716473 -4.61737347
0 0 0 0 2 -0.694040716 7.64938021
44 47 84 119 2 -0.936580241 -0.992118716
142 146 115 121 1 -0.0882535055 -2.30360126
46 48 62 70 2 -0.00541184098 -3.66277409
0 0 0 0 3 -0.843177557 7.57537222
183 183 126 161 2 -0.000432699977 -5.40832949
124 126 78 81 2 -0.00276393211 -1.18742085
0 0 0 0 2 -0.000526384858 4.9784174
56 58 79 87 2 -0.019538153 -5.07781792
61 64 76 111 2 -0.0504400954 -2.30444336
124 126 63 66 2 -0.00247378089 -4.32301664
118 123 68 103 4 -0.0644336566 -5.40824986
66 70 105 120 0 -0.122082725 -2.66684055
41 45 63 65 2 -0.819114864 -2.91645646
81 81 112 143 3 -0.000652108807 -3.57324719
49 51 90 105 1 -0.000120518162 -3.28724337
0 0 0 0 2 -0.240924954 5.77980804
45 47 61 69 1 -0.00133755687 -3.96883774
54 58 129 135 4 -0.000269871904 -2.03269863
68 69 36 51 2 -0.015174726 -0.599723577
0 0 0 0 2 -0.00318975747 3.65645957
122 129 57 88 1 -0.000307311537 -4.08124065
0 0 0 0 2 -0.00034925752 4.52513266
31 34 41 45 3 -0.00396857969 -2.95108819
45 51 141 144 2 -0.00239985576 -1.51622224
50 56 129 164 0 -0.0266487598 -2.56591153
139 143 82 117 2 -0.000727564038 -2.04880595
101 102 118 121 2 -0.495544255 -2.11575937
61 67 42 49 2 -0.000473464432 -2.78810048
58 60 145 151 3 -0.00156823383 -0.787961423
164 165 52 87 3 -0.01071887 -3.14341688
104 107 79 82 3 -1.44322383 0.0544708371
67 73 104 139 2 -0.00281982776 -4.46202183
219 221 46 81 3 -0.0907133371 -3.09697008
121 122 47 51 3 -0.00125038088 -5.18437481
0 0 0 0 4 -0.101175852 4.92327833
88 90 36 71 2 -0.000700597535 -3.45607853
43 47 51 56 3 -0.10780175 -3.63597417
31 31 73 104 2 -0.618996501 1.09133959
47 54 68 75 2 -0.00202992582 -0.932156146
148 150 82 88 1 -0.00321229082 -1.1948539
115 115 65 100 4 -0.0902366862 -2.74642444
0 0 0 0 2 -0.00066288485 3.26480675
49 53 80 85 4 -0.00152493711 -1.70392394
40 41 57 92 3 -0.00625735288 -4.81233549
74 77 87 91 3 -0.0270203408 0.150954545
12 17 52 45 0 -0.207011387 -1.7981658
44 52 57 63 1 -0.0349699222 -3.04856873
72 74 49 55 2 -0.005693404 -3.46870995
38 43 60 83 1 -8.90482188e-05 -1.84060025
153 159 68 91 0 -0.0245509539 -1.52416563
0 0 0 0 0 -0.845411301 7.62904501
99 102 82 88 0 -0.0277408045 -0.428202093
126 135 74 109 1 -0.00370808574 -2.09894466
115 120 134 143 3 -0.0031904697 -1.69392562
41 41 120 126 3 -0.0080253901 -3.5039711
38 41 47 82 4 -0.083674103 0.293115914
160 164 110 145 1 -0.0150658507 -2.67706323
67 67 82 117 3 -0.000123975522 -5.9343257
101 103 117 124 1 -0.00232946454 -3.10943246
121 123 94 101 3 -0.0108522512 -3.07680416
0 0 0 0 1 -0.0100813257 3.26665092
49 56 65 88 0 -0.00455636717 -3.19207525
99 102 56 79 2 -9.02400352e-05 -3.71095705
58 63 149 153 1 -0.0117984219 -0.823358178
110 112 67 90 3 -0.28982079 -0.538666487
51 51 65 71 4 -0.00686078053 -0.43380931
201 204 148 183 2 -0.135420844 -2.47983861
45 45 62 67 3 -0.00601922441 -3.09325099
0 0 0 0 1 -0.657266855 5.32115459
111 113 149 160 2 -0.171626747 -2.97303081
50 58 69 84 0 -0.00168192538 -3.51704931
149 151 102 137 3 -0.165745974 -2.15099359
118 55 151 166 2 -0.819715619 -3.81551003
44 48 57 61 0 -0.00758892018 -2.30789924
0 0 0 0 2 -0.00764667476 5.3599267
95 99 110 153 2 -0.0537219346 0.742713034
159 165 73 80 1 -1.35882342 -0.397506356
0 0 0 0 3 -0.0678578764 3.67462277
150 155 94 129 4 -0.000672923052 -3.60936141
100 107 85 93 0 -0.00124372076 -3.22130275
0 0 0 0 3 -0.0802782923 5.01429415
0 0 0 0 3 -1.29016054 -0.253088057
99 131 153 160 1 -0.508238852 -2.65856051
34 34 42 53 3 -0.03394958 -1.59112406
51 51 65 67 3 -0.00476591568 -3.20432234
0 0 0 0 3 -0.929585338 7.62940741
186 194 57 92 0 -0.139402181 -3.89738083
0 0 0 0 2 -0.0445851162 4.32084608
0 0 0 0 2 -0.392398983 7.60708857
32 37 48 56 1 -0.00413571717 -3.18971705
57 64 92 123 2 -0.000237327768 -4.39863682
63 67 128 130 4 -0.0101938611 -2.56057811
110 118 56 65 4 -0.0531605929 -3.50473213
72 79 61 66 2 -0.0011991231 -3.53705001
35 39 87 89 3 -0.0711204559 -2.4120841
154 162 110 133 1 -0.00345591083 -6.1726284
0 0 0 0 1 -1.04818904 7.29712582
30 39 119 154 1 -0.00314113428 -0.785895705
0 0 0 0 1 -0.223305285 3.91924405
174 179 100 135 2 -0.00647604559 -3.19092202
38 40 54 62 2 -0.000202173542 -2.68638706
50 55 90 99 2 -0.000231256912 -2.90516186
182 186 115 122 2 -0.00445090281 -4.15630436
53 57 0 0 2 -0.627634048 1.20077562
88 92 98 106 3 -0.468906164 -0.660951376
79 80 102 104 1 -0.0129655218 -4.9385128
89 92 123 126 0 -0.00148454914 -1.32563007
50 61 134 145 0 -0.00666031335 -3.62591791
63 67 82 89 3 -0.0368106589 -5.0646596
65 73 100 135 2 -0.00127097243 -4.29053879
74 76 51 57 2 -0.055464901 -1.50603461
0 0 0 0 0 -0.226044834 2.56195855
125 131 100 109 2 -0.00362418639 -3.83920336
0 0 0 0 2 -0.305776477 1.9669745
51 58 69 76 0 -0.00600848813 -3.40062833
112 112 129 133 3 -0.00035903955 -2.25560975
111 113 178 213 2 -0.000947215478 -0.735049069
209 213 64 71 3 -0.0198383853 -3.74593377
61 62 20 25 2 -0.161557749 -1.58910608
0 0 0 0 2 -0.182477802 4.20638037
58 58 78 109 3 -0.000719424686 -3.69684601
113 118 85 91 4 -0.000440683565 -2.29987574
128 135 208 214 2 -0.0753053501 -1.20828295
68 69 93 0 3 -0.520479798 1.08187485
63 64 75 110 2 -0.0116961682 -3.74466705
42 43 62 65 2 -0.0651563853 -2.46401167
76 81 59 65 2 -0.0234961398 -1.97643256
155 156 99 134 3 -0.00136115239 -2.63619137
135 0 208 211 2 -2.29474163 2.05977678
0 0 0 0 1 -0.802772462 7.39526939
210 215 57 92 1 -0.0349344164 0.125144362
115 115 56 91 3 -0.0223987829 -1.86455226
63 66 102 107 2 -0.266657084 -3.74063993
58 59 118 153 2 -0.00173958542 -4.91062069
42 44 149 160 2 -0.0254782811 -1.41812396
0 0 0 0 3 -0.720994353 5.32505322
0 0 0 0 2 -0.00560312904 2.71823263
112 116 129 135 3 -0.0247210711 -2.09074831
41 49 121 122 0 -0.0270485915 -0.419278145
44 48 66 74 4 -0.00163319788 -2.22598219
17 26 30 37 0 -0.359580159 -1.79948878
157 164 58 65 3 -0.0552133322 -1.0096314
91 99 26 34 1 -0.0255306698 -1.58979654
190 195 213 127 4 -0.468106002 -2.47124457
0 0 0 0 1 -0.217018008 2.56042814
164 164 102 109 2 -0.00135156792 -2.97762871
138 141 51 86 2 -0.00123158656 -3.66820121
0 0 0 0 3 -0.152314961 4.59627342
0 0 0 0 1 -0.874271274 5.12539196
0 0 0 0 3 -0.0995483771 5.85192585
90 94 121 128 4 -0.0021003182 -4.68417215
0 0 0 0 1 -0.421473026 3.71942353
75 79 178 187 3 -0.00222532311 -3.23802805
41 45 48 55 3 -0.200604245 -1.40137362
114 114 45 68 2 -0.00211304263 -3.11231828
80 82 107 112 2 -0.000299660227 -3.82743716
54 57 68 83 3 -0.000799699861 -4.50576067
122 129 69 104 0 -0.00100858358 -2.70081282
0 0 0 0 4 -0.00125025352 6.16951084
0 0 0 0 3 -0.0135167055 5.01963615
58 67 80 85 0 -0.374889493 0.173791468
0 0 0 0 2 -0.00127054425 4.18031693
77 78 139 154 2 -0.794094026 0.584572971
76 83 102 109 0 -0.00239388924 -4.98384809
118 118 102 105 2 -0.0367256589 0.0552133024
155 161 110 118 3 -0.0285171717 -5.51746511
0 0 0 0 3 -0.566140711 6.4072032
0 0 0 0 0 -0.0323659033 5.68652582
0 0 0 0 3 -0.019845698 4.43753433
117 117 132 137 2 -0.017488353 -1.83403563
30 34 40 47 2 -0.71859324 -0.075363189
0 0 0 0 2 -0.0518227145 5.49601269
67 70 158 173 2 -0.000761272793 -4.19855261
26 27 37 44 2 -0.350025117 -3.41983652
0 0 0 0 2 -1.10523725 7.59800577
146 147 35 70 3 -0.0719727799 1.83178639
41 42 68 103 2 -0.00378701463 -4.57795715
93 94 102 133 2 -0.0267273411 -1.46256876
0 0 0 0 2 -0.031212911 5.44861269
120 123 33 40 1 -0.00260749413 -5.53035307
0 0 0 0 3 -0.00354242069 6.33585262
204 205 222 242 2 -1.47308934 -0.493931025
58 62 92 115 3 -0.000175232228 -4.26545525
57 60 101 112 2 -0.0357705429 -1.72385216
56 64 75 110 3 -0.00200258824 -2.40371203
98 98 105 107 3 -0.101843163 -1.62664986
150 155 124 131 2 -0.00196628808 -3.11621428
140 141 54 63 3 -0.00433839764 -2.94258761
40 43 59 90 2 -0.028265126 -2.27973795
86 87 93 128 3 -0.0398519896 -0.773711622
50 60 41 45 1 -0.00550167682 -1.08690202
0 0 0 0 3 -0.0249197129 2.392138
101 106 56 87 1 -0.217550278 -1.2861588
97 99 112 119 2 -0.0012754926 -2.84595728
62 62 91 93 2 -0.00230539916 -3.88710785
59 62 167 169 2 -0.00103838369 -5.33216858
105 110 92 99 2 -0.0342802219 -4.72655106
132 135 84 119 2 -0.121355012 -2.39761591
0 0 151 158 3 -0.242720678 -1.95571446
87 91 107 122 4 -0.00121163961 -2.38684607
137 0 97 128 1 -0.198312551 0.838744938
69 75 87 94 3 -0.365607321 -2.13321042
0 0 0 0 0 -0.00172197795 6.15564489
112 112 95 100 2 -0.000987666775 -3.32651925
60 65 71 78 2 -0.0143836383 -2.7560873
125 128 59 70 2 -0.000800771522 -3.46207547
13 14 18 21 2 -1.02154362 1.25630355
0 0 0 0 3 -0.175351202 3.97438979
112 113 53 88 3 -0.00346507016 -3.6747725
120 130 145 160 0 -0.00079044106 -4.12122393
41 46 54 65 2 -0.00225160853 -3.92670083
69 73 198 213 3 -0.0100494428 -2.79517484
0 0 0 0 1 -0.706881523 7.47843409
0 0 0 0 3 -0.597092092 6.48552084
109 117 208 213 1 -0.000766294543 -1.7534852
0 0 0 0 3 -0.568659902 4.91191053
15 16 52 87 2 -0.0573010854 -3.74247241
0 0 0 0 1 -0.0197592974 5.11745977
112 120 183 191 0 -0.00449972972 -0.993768334
43 44 89 124 4 -0.0421673469 -3.84807944
22 27 34 69 0 -0.250872463 -4.93735552
0 67 79 90 2 -1.97798693 0.374132633
0 0 0 0 2 -0.601784289 5.86430645
0 0 0 0 2 -0.045698829 5.38780403
59 63 96 131 2 -0.000823270821 -5.32877302
0 0 0 0 2 -0.912679076 7.66225576
188 188 39 43 3 -0.300513357 -4.96510935
68 72 86 121 3 -0.000180237199 -4.87802744
97 101 48 0 3 -0.738026977 0.126757443
85 88 107 113 3 -0.00140462699 -2.52712226
0 0 0 0 3 -0.000864833361 6.33063745
39 47 91 126 0 -0.00248848042 -4.14213896
56 58 175 210 2 -0.236684695 -3.01207852
107 109 118 149 2 -0.024575118 -1.37187755
0 0 0 0 3 -0.229437664 5.45283937
85 89 98 133 2 -0.00160998688 -3.67794442
54 54 128 163 2 -0.202244774 -0.187101424
111 115 125 129 1 -0.00137492374 -1.86423635
40 46 55 90 2 -0.043089062 -4.88842344
134 135 102 109 3 -0.17098254 -1.42511296
78 83 106 113 3 -0.00101135345 -4.74529982
57 59 40 45 2 -0.0390859395 -3.35988784
153 154 125 129 2 -0.863527358 2.31235933
79 79 90 95 3 -0.00531287771 -0.284000844
92 95 137 144 0 -0.00250360556 -1.05508018
0 0 0 0 3 -0.702179253 3.76970601
0 0 0 0 3 -0.313907713 3.16812301
95 97 41 48 1 -0.312108278 -1.30179143
97 100 50 85 3 -0.0158203393 -2.54647422
0 0 0 0 2 -0.0820737928 7.2872076
145 149 44 79 3 -0.00389724411 -4.5376668
0 0 0 0 1 -0.0145650096 3.85468936
148 151 65 72 2 -0.00233027269 -1.31041074
105 112 71 82 1 -0.424141437 -1.55733752
188 192 119 154 2 -0.122529618 -2.9866159
162 164 117 152 2 -0.0397812352 -0.564445496
84 86 113 148 1 -0.0326563157 -6.15928936
42 42 47 53 4 -0.0893481374 -0.716448069
0 0 0 0 1 -0.141441956 4.1296916
83 91 22 30 1 -0.00451225275 -2.79985213
168 171 41 76 2 -0.000814198051 -3.06047773
193 197 144 179 2 -0.00332906959 -0.832050443
114 118 130 137 1 -0.00216543721 -1.64600992
105 110 140 144 1 -0.00674756756 -2.22465014
0 0 0 0 2 -0.784807742 7.38075972
105 105 88 92 3 -0.00968623254 -2.01697731
66 72 85 92 0 -0.00553571852 -3.53928256
77 81 32 67 4 -0.107046939 -3.47736239
0 0 0 0 3 -0.30842936 6.94069433
48 51 59 94 2 -0.000947273395 -3.6004734
118 119 52 59 2 -0.00498633087 -2.18737268
99 103 61 64 3 -0.352510989 0.543387234
153 158 101 132 1 -0.0334425494 -1.78343606
88 89 102 137 1 -0.000771229737 -5.7693944
124 132 108 111 0 -0.00013434561 -4.64783382
141 143 66 81 2 -0.010325009 -4.76652622
97 102 112 119 4 -0.090040043 -3.38550901
58 60 146 154 2 -0.0206180252 -2.2605257
132 136 153 188 3 -0.00106577459 -2.92173862
124 132 101 108 0 -0.00128120789 -6.6954627
130 133 83 87 2 -0.00440855417 -1.70494032
69 73 87 110 3 -0.0361663774 -2.70878649
0 0 0 0 4 -0.0220099837 6.95933199
128 131 63 98 4 -0.253743678 -3.31306863
153 160 44 48 0 -0.201934591 -0.877647817
0 0 0 0 2 -0.0108438954 4.43123674
57 62 119 125 3 -0.913059115 -2.21162963
124 132 41 46 0 -0.0879334807 -1.79780841
141 141 73 77 3 -0.7026245 0.493970931
171 171 50 61 2 -0.0328277424 -2.05659318
97 97 131 166 2 -0.0342425443 -1.26711261
37 37 74 105 2 -0.00581026496 -2.51169133
69 69 89 124 4 -0.00186680909 -2.12102818
41 45 60 91 2 -0.0193077829 -2.51921368
132 138 183 188 2 -0.00738487393 -0.950663984
100 105 156 160 2 -0.0206939206 -2.6047287
0 0 57 0 2 -0.259427249 0.90881449
72 75 23 58 3 -0.0536527932 -1.04899454
0 51 123 128 1 -0.329853177 1.13601661
101 103 111 118 2 -0.0805777088 -3.10716724
90 91 109 115 2 -0.00153165997 -4.17224073
0 0 0 0 2 -0.00219237059 4.85677052
133 133 88 92 4 -0.00822760724 -3.32664895
75 75 56 63 3 -8.97630453e-05 -4.14306259
0 0 0 0 2 -0.749646068 8.04510975
0 0 0 0 0 -0.0845588595 6.58281517
0 0 0 0 3 -0.655126095 6.50313568
115 115 127 133 3 -1.07353663 0.334081113
157 157 33 64 3 -0.0680609047 -2.48939776
0 0 0 0 2 -0.0729670003 5.74515295
0 0 0 0 1 -0.0140652647 3.92846656
0 0 0 0 3 -0.0789766163 2.35200095
52 52 64 99 4 -0.00298209954 -1.99944258
87 92 64 72 2 -0.00872943271 -4.28840113
8 21 33 31 4 -1.40539122 -1.72563863
129 133 104 110 3 -0.0168666039 -3.44719076
154 157 132 138 3 -0.00550485123 -2.59600616
62 65 50 52 2 -0.0011186034 -3.89481711
122 127 66 74 3 -0.000967106957 -2.39929223
59 59 75 106 3 -0.00166558544 -2.34194517
178 181 38 73 0 -0.0278138872 -3.22358322
30 32 49 57 2 -0.0129448622 -3.93642139
84 90 23 58 2 -0.00778504368 -3.08096123
0 0 0 0 1 -0.0527108908 2.89036274
51 52 111 116 2 -0.00443300884 -3.38578105
0 0 0 0 3 -0.207379565 6.98329782
81 87 157 188 1 -0.328816831 1.86939359
152 158 172 183 0 -0.00602656417 -3.4934504
187 187 30 65 2 -0.527040303 2.77945065
34 38 69 73 3 -0.0180087201 -4.07972002
102 106 42 47 3 -0.00140689034 -4.06615257
147 150 170 205 4 -0.0422696434 -0.978660941
101 103 118 153 1 -0.0202282742 -4.04232454
111 111 125 128 3 -0.000448433188 -0.372788191
127 127 93 116 3 -0.000826454023 -2.09717274
101 104 115 146 2 -0.00109417329 -3.56670332
79 79 86 93 3 -0.000279414147 -2.87361836
96 100 134 140 1 -0.106087483 -2.14565372
0 0 0 0 3 -0.176587269 2.48312426
64 64 135 141 3 -0.0124030076 -4.09062958
117 117 94 103 3 -0.00084092404 -2.81717038
0 76 0 0 3 -1.01588941 1.93432379
87 89 99 130 2 -0.00351873273 -3.84504676
121 129 140 151 2 -0.00334291859 -4.39160299
37 41 122 127 1 -0.00073382206 -2.66530395
49 57 84 90 3 -0.000175351655 -4.75164986
137 137 68 103 3 -0.0110076293 -3.71117926
73 78 44 50 4 -0.00169010053 -1.16438103
93 97 57 72 3 -0.00198407867 -1.24335146
104 104 115 122 3 -0.00535522215 -4.68401241
0 0 0 0 3 -0.211709887 2.68487144
152 160 178 213 2 -0.000761418603 -1.47064638
132 133 108 115 2 -0.00735101616 -1.80235243
57 60 116 139 3 -0.0188708901 -2.40785336
46 50 110 145 3 -0.00394851994 -3.39692402
113 122 71 82 1 -0.00209209463 -2.15162039
59 65 83 118 1 -0.000378576078 -4.80840826
105 109 34 38 2 -0.000162476819 -3.36129546
233 234 86 121 3 -0.302397966 -2.51118279
85 88 104 112 0 -0.00104627572 -4.65487576
113 113 128 132 3 -0.0035960821 -1.4665339
109 109 118 125 4 -0.0218709856 -0.874154806
137 140 163 167 2 -0.00710981898 -5.80018377
111 111 125 132 3 -0.000425992825 -3.7133255
111 111 155 162 2 -0.000365106913 -2.54099131
0 0 0 0 2 -0.00142443948 6.26496172
65 65 159 194 3 -0.258858979 -2.89585662
26 26 45 80 3 -0.000916311052 -4.68012333
197 204 70 105 2 -0.0248597637 0.148411393
161 164 97 140 1 -0.0472333059 -0.52424866
64 65 85 120 2 -0.41262123 -3.53068328
56 61 72 107 0 -0.028512463 -3.33289194
188 192 56 91 2 -2.35519981 1.38476324
0 0 0 0 2 -0.00341025437 5.34663677
0 0 0 0 3 -0.338583857 5.03744984
44 49 62 97 1 -0.688400567 0.248586297
112 113 74 97 1 -0.0579213277 -1.73869991
0 0 0 0 3 -1.83540046 0.52525562
52 53 70 81 2 -0.00744801946 -0.709724307
0 0 0 0 2 -0.00649406714 7.89694452
0 0 0 0 2 -0.131584674 5.45731115
95 98 37 39 1 -0.154714361 -4.0850668
0 0 111 119 3 -0.249132752 0.256842971
46 51 107 118 1 -0.00200929726 -2.85342813
0 0 0 0 3 -0.0601525046 3.38239622
18 20 24 59 2 -0.0705451593 -2.50267601
94 98 110 121 3 -0.0151299285 -3.69299102
83 86 100 135 2 -0.0192957185 0.197149336
68 70 170 177 3 -0.527717769 -3.81190801
90 92 104 115 1 -0.00464579277 -2.61358571
122 128 101 107 0 -0.00879996549 -3.15191031
54 63 140 147 0 -0.0532400645 -0.295795202
211 216 38 44 0 -0.0600574352 -5.80277681
51 54 91 126 2 -0.00878222566 -2.1603806
17 17 38 41 3 -0.0643976852 -1.21883166
140 144 90 125 3 -0.00204829406 -2.29313302
56 59 49 51 2 -0.00445109606 -4.70629835
56 58 74 79 1 -0.00449590245 -2.20165896
128 131 149 158 1 -0.00020526952 -3.22301269
46 51 82 117 0 -0.000103233862 -3.48547506
96 98 141 150 2 -0.0869664326 0.211687863
101 101 119 121 3 -0.0439319983 -0.684610963
112 114 123 127 1 -0.00552488258 -3.08199787
102 106 27 62 1 -0.0822735205 -6.21063852
118 123 141 172 2 -0.00296515878 -2.50844932
30 35 82 91 1 -0.00155197608 -1.60451031
124 126 49 56 2 -0.00126788148 -3.92865372
121 122 207 213 1 -0.0428918377 -0.0669498742
134 135 117 119 2 -0.00168006727 -3.07611609
12 13 18 20 4 -0.388225496 -0.538239479
12 18 33 33 0 -0.918635964 -1.87373614
56 60 69 100 4 -0.00626465818 -3.77948403
88 92 37 44 3 -5.88887087e-05 -3.32729244
56 57 70 105 3 -0.00217362796 -5.39965105
75 75 91 114 4 -0.000623006665 -3.40699935
118 119 37 52 2 -0.0134424772 -2.5378263
89 93 30 61 4 -0.00174952415 -2.53638959
161 161 89 95 3 -0.00317000132 -5.49187565
50 54 66 74 2 -8.61872977e-05 -2.76063395
91 97 52 67 2 -0.000305516354 -2.18945789
72 79 119 125 1 -0.00694937957 -0.841059327
61 62 48 49 4 -0.00336237624 -2.70572662
46 52 72 87 3 -0.000812422193 -4.61337566
52 55 65 88 3 -0.0482678115 -2.87362456
51 52 61 64 2 -0.0698025376 -3.83413577
37 41 45 52 1 -0.0157466605 -0.31480664
79 83 42 49 1 -0.0291522946 -4.33764839
37 37 41 44 2 -0.0904789343 0.407805145
38 41 65 100 2 -0.000847611926 -3.98126459
101 112 54 89 0 -0.00251357653 -3.75159359
115 115 41 47 2 -0.000106331165 -3.29743767
65 68 76 111 3 -0.000677893637 -3.98297143
46 51 117 122 0 -0.0013630084 -4.07213545
79 79 65 67 3 -0.00053245842 -3.07710934
46 47 65 70 3 -0.0657420903 -5.18390226
68 68 85 120 3 -0.00497233961 -4.41194916
47 51 63 72 2 -0.00192459556 -2.07268929
167 171 38 73 2 -0.00367893581 -2.75736523
53 60 78 93 2 -0.000420990778 -3.68084788
53 53 69 104 3 -0.000721140415 -3.81056643
84 92 56 63 0 -0.00127135369 -4.44149208
49 49 92 99 3 -0.000962501043 -3.70892596
113 114 129 137 3 -0.004240321 -3.7152648
39 39 132 163 3 -0.0256021544 -2.59761095
73 74 27 58 3 -0.00255185924 -2.75771308
4 4 7 42 3 -0.0399397947 -1.54819703
58 59 120 127 3 -0.0101197409 -4.60753298
60 60 72 76 2 -0.000261055859 -4.62762499
119 120 37 68 3 -0.00384145975 -1.87922764
27 29 33 40 2 -0.457778931 1.12214088
132 132 96 127 3 -0.00156288815 -2.71046638
52 53 65 80 2 -0.000736428658 -4.1006155
114 116 41 45 2 -0.00149949105 -4.11333561
127 131 81 116 2 -0.000853160047 -3.51948953
55 55 124 131 2 -0.050622426 -1.16699362
104 107 87 94 2 -0.000691084424 -3.07925224
119 125 70 105 1 -0.000328522699 -2.21608186
57 57 77 112 3 -0.00306095602 -5.18186712
80 81 110 145 3 -0.00549995666 -3.64304852
73 77 44 55 1 -0.00273151766 -2.0590601
106 107 81 87 2 -0.00344714895 -3.93389249
140 141 89 124 3 -0.000911920797 -3.60775399
121 121 57 64 3 -0.0177178886 -2.2759347
74 92 44 59 1 -0.660950124 -2.49965572
96 100 54 89 2 -0.350491107 -4.14855719
120 121 46 77 2 -0.0135688419 -4.18086004
17 19 40 45 2 -0.144632861 -3.4286263
81 83 50 65 1 -0.000677002477 -3.63849807
25 25 97 102 2 -0.00108032301 -4.08430672
148 150 127 132 2 -0.00117808278 -3.70107198
70 70 43 54 2 -0.000141259399 -4.6628046
0 0 0 0 3 -0.0601167791 2.2469492
0 0 0 0 3 -0.00711964723 4.26209021
0 0 0 0 3 -0.0174562093 4.77469921
0 0 0 0 3 -0.00697965873 3.58022666
0 0 0 0 2 -0.08439596 4.82401037
0 0 0 0 3 -0.0629595295 4.45066595
0 0 0 0 2 -0.00509719877 5.57519197
0 0 0 0 4 -0.734555304 7.28854513
0 0 0 0 3 -0.025870841 5.55161142
0 0 0 0 2 -0.998279214 7.76339293
0 0 0 0 1 -0.0169505961 3.55716133
0 0 0 0 1 -0.0983546004 4.12171316
0 0 0 0 2 -0.00424047234 5.92648554
0 0 0 0 0 -0.00784148462 5.10986233
0 0 0 0 3 -0.563756764 5.65422535
0 0 0 0 3 -0.0104914671 3.48127151
0 0 0 0 2 -0.0296073072 6.38728523
0 0 0 55 2 -1.57047498 0.880126059
111 114 127 135 2 -0.00278709014 -1.19862568
0 0 0 0 1 -0.0210711379 3.64543605
40 48 59 64 0 -0.00260353344 -1.4908278
18 20 24 59 3 -0.870836258 -2.06317902
101 105 39 74 1 -0.00757155009 -1.52563405
117 120 42 77 3 -0.00208366709 -1.82933855
84 92 51 55 1 -0.000231495695 -2.11287737
60 65 122 157 1 -0.00327907084 -1.28681898
99 102 118 129 2 -0.002058018 -4.92564344
160 161 136 141 3 -0.00258468604 -2.6417613
121 124 135 140 0 -0.000625662273 -2.0722363
0 0 0 0 3 -0.499072254 4.78559637
67 71 88 123 2 -0.00275493041 -4.47759008
35 39 49 56 0 -0.000453156448 -3.15705824
71 79 45 56 0 -0.00015568352 -4.98697758
43 47 61 68 3 -0.00109206443 -4.07051039
73 73 53 68 3 -0.00473469868 -2.4124217
123 125 77 100 1 -0.141170099 -3.62523699
56 56 69 100 3 -0.00801218953 -0.627687991
81 89 50 57 0 -0.00442303112 -0.484706759
99 105 113 118 1 -0.000487277168 -3.37486386
47 51 89 96 3 -0.000583586283 -2.61176968
43 47 57 65 4 -0.0122949695 -3.38238525
51 56 78 113 1 -0.00296081742 -3.98697615
120 126 185 107 1 -0.941054821 -0.61369586
111 114 58 93 4 -0.0167407151 -3.90329814
95 99 56 67 4 -0.0020131357 -2.7633698
43 43 55 66 4 -0.485538572 -2.44442773
37 42 73 76 4 -0.00717875408 -3.49834728
0 0 0 0 1 -0.0467790104 4.52458143
103 107 143 178 1 -1.1206373 3.65192676
98 100 53 88 1 -0.00202359958 -3.49499846
71 78 92 127 0 -0.00221491721 -2.47515035
0 0 0 0 1 -0.61081785 7.6111474
0 0 0 0 3 -0.126467302 6.27364635
190 192 73 104 2 -0.0590170845 -2.38764596
78 83 44 49 1 -0.000622776337 -2.50380349
136 142 46 81 1 -0.00180198345 -1.05456686
94 100 84 88 0 -0.00272406824 -2.60093594
67 71 86 94 0 -0.00478045922 -0.45874998
44 47 51 59 2 -0.173387825 2.38839984
86 89 72 78 2 -0.010696806 -1.00059462
55 61 205 208 2 -0.00572316814 -0.962837696
85 92 137 142 0 -0.00194404763 -1.82577062
129 133 139 174 3 -0.0022841238 -2.44749904
0 0 0 0 3 -0.256513625 1.71501684
181 183 109 118 2 -0.0747777894 -3.89561439
99 103 70 75 1 -0.0244510658 -0.757975519
0 0 0 0 1 -0.262740254 2.7219243
0 0 0 0 2 -0.242611662 5.85731554
102 105 64 71 2 -0.00350058568 -3.4239583
48 52 71 80 1 -0.000737128488 -1.73849845
70 75 55 61 1 -0.000582891109 -1.58987689
114 115 102 109 2 -0.0362147987 -2.27724695
83 90 66 68 2 -0.0203992017 -0.346684664
0 0 0 0 3 -0.00951377768 4.93314409
46 52 120 124 3 -0.000337097415 -4.27906656
61 65 104 139 3 -0.000224222982 -4.67251253
113 119 49 84 1 -0.0015311935 -3.57368827
0 0 151 186 2 -1.50374639 2.61417007
48 48 101 132 2 -0.0347811505 -1.26407456
53 60 70 78 0 -0.0406724811 -4.13473606
114 114 93 96 3 -0.00226478861 -4.04386187
131 134 54 89 3 -0.00153621577 -2.22388124
65 69 86 121 3 -0.000137921597 -3.91478014
61 61 30 32 2 -0.00125139975 -5.07889748
69 69 106 141 2 -0.561694264 1.11669302
0 0 0 0 4 -0.00453852629 4.82055092
67 72 43 54 3 -0.0883814394 -0.453398585
0 0 0 0 2 -0.00261764531 2.73769522
92 95 108 119 4 -0.00962386467 -1.94368315
82 85 97 108 1 -0.0027366234 -1.27367187
133 133 54 89 4 -0.100427538 -5.62130404
0 0 0 0 2 -0.620949686 4.02923441
43 43 55 62 4 -0.000288593088 -2.72899318
77 77 62 65 4 -0.000308731745 -1.95986438
115 115 65 100 3 -0.00345428707 -4.31731129
171 171 186 189 2 -0.00872485898 -3.95105004
32 36 87 97 2 -0.00274624163 -4.63767815
144 144 113 128 3 -0.0395324677 -4.74353504
118 120 165 188 1 -0.39253515 0.616210043
67 73 43 45 0 -0.00383357215 -5.9279542
46 46 98 105 3 -0.00264782389 -1.76073909
131 135 74 109 3 -0.000279154658 -3.54376984
104 106 34 42 1 -0.00211296277 -1.66585302
27 31 84 115 1 -0.0298244786 -2.18422914
80 86 181 185 0 -0.20868133 -5.70844221
146 152 69 74 1 -0.0409752652 -2.63483596
63 67 42 45 2 -0.00230410951 -1.45370913
0 0 0 0 2 -0.338071734 0.495337665
45 48 55 90 1 -0.0306799226 -2.24641132
0 0 0 0 2 -0.547056556 7.21493912
0 0 0 0 3 -0.440983713 7.16814327
49 52 112 147 2 -0.000395149778 -3.88069987
85 89 101 105 3 -0.000272015459 -2.62422132
81 86 92 99 3 -0.130772442 -1.88951945
0 0 0 0 2 -0.00287909084 3.68451762
104 112 58 81 0 -0.00157407043 -3.02397537
50 56 111 146 3 -0.215834767 -1.4624486
115 119 93 100 4 -0.007752412 -1.9458797
0 0 0 0 2 -0.0101115555 6.21144581
0 0 0 0 1 -0.0636003762 5.72984314
124 130 56 60 2 -9.20285092e-05 -3.53817391
98 100 60 61 2 -0.00615178607 -2.4679172
101 104 76 83 2 -0.0223835465 -2.15117955
55 59 115 150 3 -0.0399188101 -3.49550724
73 74 90 97 3 -0.00935045164 -4.40054035
34 34 167 206 2 -0.523834586 -0.445325375
0 0 0 0 2 -0.768578053 4.43057394
0 0 38 44 4 -1.21360672 0.409251392
98 102 49 84 1 -0.0239541717 -0.743416488
85 86 71 76 3 -0.00277063693 -2.60473013
25 30 35 39 4 -0.167484924 0.358021498
101 105 118 149 3 -0.0104779992 -3.4879775
113 117 23 38 2 -0.00111466949 -3.46292019
92 97 112 118 1 -0.00185989123 -5.0827384
0 0 0 0 2 -0.634922862 5.89386845
121 125 134 139 4 -0.00811596494 -2.97419834
106 106 66 101 0 -0.130321652 -2.15597725
126 130 78 113 3 -0.00328820781 -1.33054256
0 0 0 0 0 -0.0669831187 5.19758463
55 56 35 40 2 -0.000379894773 -4.98949003
0 0 0 0 1 -0.0480555892 5.99344254
67 69 140 147 3 -0.336577863 -0.397958934
27 30 35 45 2 -0.224098995 -4.49145079
152 152 165 200 2 -0.00317520415 -4.30589247
0 0 0 0 2 -0.252055883 7.02479029
112 115 70 93 3 -0.000688412925 -3.68268108
51 56 174 209 1 -0.541933477 -1.11724257
123 128 107 111 1 -0.000334358687 -1.33656573
106 107 43 51 4 -0.0122736935 -3.04491234
59 63 85 120 2 -0.0385994501 -3.68453288
44 0 60 0 2 -1.14929378 1.12373471
203 203 89 124 2 -0.300963223 0.0547685921
82 87 59 66 0 -0.000277982646 -2.25693727
55 0 119 126 0 -0.520115793 -0.533829391
89 97 112 147 2 -6.63983592e-05 -5.01169825
0 0 0 0 2 -0.70271039 4.66694736
65 69 83 106 1 -0.00354462746 -0.160353482
156 160 77 112 4 -0.00400158716 -0.406132728
88 93 67 69 1 -0.000358923018 -4.74948835
68 76 138 173 4 -0.00511931349 -2.66547012
50 54 42 44 1 -0.162594333 -1.91511726
130 133 145 149 2 -0.0127446093 -4.18879652
110 110 119 124 4 -0.0202900786 -0.539758086
117 119 138 142 1 -0.0298975259 -1.24490142
61 67 86 91 0 -0.0390060954 -0.627316236
116 118 51 62 2 -0.00118707563 -3.59998584
152 156 96 119 2 -0.00590437464 -3.70471907
79 86 95 130 2 -0.00789761171 -2.27355266
115 118 100 103 3 -0.472228765 -1.89420915
46 50 107 115 2 -0.0232076868 -3.28396869
53 59 72 76 0 -0.0386667326 1.91446733
22 25 52 59 4 -0.803125024 -3.34397125
102 108 123 146 2 -0.317472667 1.80022502
48 52 61 66 2 -7.93922445e-05 -3.74450731
108 108 66 73 4 -0.00395498192 -0.862096667
0 0 0 0 3 -0.607875347 2.57285714
53 56 120 125 2 -0.00055759825 -4.93177557
0 0 0 0 2 -0.00587361353 6.29716778
0 0 0 0 2 -0.0105562676 3.31554842
0 0 0 0 2 -0.700380981 6.58170843
47 47 22 27 2 -0.000791923085 -2.62575078
143 148 92 127 3 -0.0306586623 -1.75892091
70 140 211 218 2 -0.577296436 1.653198
0 0 0 0 3 -0.586835027 7.87627649
82 90 27 31 0 -0.00852396805 -2.32157016
49 52 62 85 1 -0.952815652 -3.93359375
146 150 163 171 4 -0.0353744701 1.95812511
158 160 56 87 1 -0.211409941 -0.285427213
44 50 54 58 2 -0.150355488 -2.70928693
44 51 60 63 0 -0.00082357286 -3.54728913
182 182 58 61 2 -0.000841840752 -1.78821492
26 33 65 100 2 -0.00122998701 -3.67071843
67 73 38 53 2 -0.000380472658 -4.93190813
50 58 78 83 0 -0.108442448 -2.81253958
57 58 66 75 2 -0.000249851291 -5.77907658
8 12 18 53 4 -0.110174619 -0.530786693
44 44 77 112 3 -0.17178908 -3.43022418
200 200 51 86 2 -0.0056462842 -1.2966069
0 0 0 0 2 -0.357956469 4.31119442
134 139 166 170 2 -0.0701943934 -2.64550376
105 110 179 185 1 -0.112821817 -2.71365428
123 123 102 106 3 -0.00430434057 -3.04496336
129 129 78 113 2 -0.120447576 -1.19041276
131 133 63 98 2 -0.000955479918 -4.2175889
36 36 149 156 2 -0.00109010644 -4.57651615
33 39 47 82 2 -0.0215341598 -1.01944733
0 0 0 0 2 -0.000215400185 3.36096978
54 58 119 127 4 -0.00242987275 -2.62646842
111 112 123 158 2 -0.00949431211 -3.26191258
136 142 82 121 3 -0.0320075862 -0.410684139
0 0 0 0 1 -0.00242133206 5.88527346
143 143 99 130 3 -0.00206527277 -2.47343683
0 0 0 0 2 -0.0249139015 4.3962245
33 40 86 94 2 -0.0107542016 -0.970021307
11 14 27 32 3 -1.07283986 1.62720847
143 150 61 66 3 -0.00407379773 -6.10526514
0 0 0 0 3 -0.144550562 3.54036641
222 226 113 119 2 -0.436484933 -3.04086852
88 88 154 159 3 -0.0217449702 -3.37287545
108 115 64 72 0 -0.000238765308 -4.48059464
0 0 0 0 2 -0.716514945 3.34294081
57 57 70 81 3 -0.00692260871 -3.70138192
53 57 74 81 4 -0.485237986 -5.69855118
100 104 162 177 3 -0.112711459 -3.54680657
142 145 90 125 1 -0.00225497154 -2.18311024
0 0 0 0 1 -0.00651700003 6.28186369
168 170 102 125 3 -0.063996464 -2.74321795
71 74 24 59 0 -0.0161440969 -6.10615206
123 123 144 152 4 -0.00316724321 -2.47317076
114 119 94 99 2 -0.00225189165 -2.88396263
80 85 105 140 1 -0.00287349848 -0.995441139
43 46 62 64 4 -0.0234342329 -3.30904865
58 62 42 46 4 -0.000966202409 -1.6756506
0 0 0 0 2 -0.488496363 7.94279909
0 0 0 0 3 -0.0202625524 3.82715964
0 0 0 0 2 -0.74975574 7.22578573
154 33 53 88 1 -0.627628803 -2.37596679
120 124 34 65 2 -0.00263903802 -3.01488233
36 37 49 57 2 -0.00348272664 -2.58779788
67 69 43 50 2 -0.00114860781 -4.41311693
18 20 36 38 2 -0.237444937 -1.91525626
38 38 56 91 2 -0.0402260944 -5.00435829
45 50 87 94 1 -0.783881664 0.201982915
63 64 50 52 1 -0.571837604 -0.295986176
101 101 70 74 2 -0.00309484056 -5.13018751
136 137 97 112 2 -0.0125332205 -2.27580833
60 61 76 111 3 -0.00111711898 -4.26942444
53 57 87 90 0 -0.00930985343 -2.12131166
59 64 81 86 2 -0.0381050333 -4.87035179
0 0 0 0 3 -0.471261621 7.69106913
75 83 131 136 1 -0.00216811034 -4.69216299
53 53 67 75 4 -3.70738126e-05 -4.24957705
46 46 107 112 2 -0.034846209 -5.36126471
78 81 115 123 2 -0.0463062562 -0.0532490015
0 0 0 0 2 -0.759609222 7.47100019
176 178 155 159 2 -0.0207545515 -6.18447256
141 141 163 169 2 -1.18384528 -0.517097056
79 82 38 73 2 -0.11712601 -2.49697351
50 52 72 79 1 -0.0323697664 -1.0470264
0 0 0 0 2 -0.738076866 7.3851881
107 111 49 84 4 -0.00234916736 -1.8459084
0 0 0 0 2 -1.19315958 7.34412289
107 111 56 63 2 -0.709916413 -5.25758457
0 0 0 0 0 -0.0742399991 2.98043394
0 0 0 0 2 -1.1464951 7.72286749
64 71 89 124 1 -0.0221459027 -1.21606278
54 58 75 82 2 -0.000393835537 -4.40423775
77 78 102 107 2 -0.047805585 -2.13673639
56 60 156 160 2 -0.00177568535 1.04311562
33 35 95 99 2 -0.00108599314 -3.17910933
0 0 0 0 2 -0.819858432 6.49705505
101 107 73 79 0 -0.00282156235 -4.01128006
32 36 68 76 4 -0.0226416178 -1.18039346
221 222 124 147 2 -0.119787209 -4.35472155
28 31 44 79 2 -0.000454025401 -4.17226219
117 120 74 78 2 -0.020249635 -1.5185535
0 0 0 0 0 -0.293949723 6.77636862
36 43 82 117 0 -0.00124807202 -4.72151279
53 57 70 75 3 -0.000163786593 -3.58208156
48 50 62 66 3 -0.000500036578 -2.5394311
54 57 178 182 2 -0.0250718407 -2.26810145
55 58 108 112 3 -0.00151715928 -2.9341898
41 44 65 69 2 -0.361651808 -5.1178894
108 112 47 51 1 -0.0018965638 -3.28452015
91 94 82 86 3 -0.00539274421 -1.94932389
61 62 49 51 2 -0.0279963668 -2.0554719
0 0 0 0 2 -0.000603228516 1.06944084
47 49 30 32 2 -0.217414796 -2.19172311
129 129 49 52 4 -0.000139830314 -1.18376017
144 145 53 60 3 -0.0668852553 -1.34782648
116 119 34 69 0 -0.00717951171 -1.8941133
150 154 68 103 1 -0.0066737812 -3.86527085
205 206 179 183 2 -0.0634012446 -4.11134434
0 0 0 0 2 -0.0258404259 2.49290133
39 42 59 94 2 -0.319774091 -5.13801193
23 25 37 48 1 -0.00326682907 -3.2236042
58 61 128 163 4 -0.00287630549 -2.75557303
118 118 59 94 2 -0.0525675714 -0.079539299
0 0 0 0 3 -0.711898267 6.84211683
74 75 42 54 2 -0.0023356867 -2.03006196
41 41 52 56 3 -0.000911024981 -3.38009119
26 30 49 53 1 -0.00390492287 -3.06718421
107 111 117 124 0 -0.000654160511 -2.7324903
169 173 130 134 2 -0.100047551 -4.6807723
99 101 55 62 3 -0.0365067199 -4.39670706
75 83 92 100 0 -0.00173161121 -4.0914588
0 0 0 0 2 -0.428211629 4.83234262
75 79 87 90 0 -0.00295035122 -1.08707285
56 62 192 200 0 -0.0943053961 -3.47449541
0 0 0 0 2 -0.042369321 5.39358664
0 0 0 0 2 -0.655715823 3.83042359
94 94 101 108 3 -0.0647687912 -0.996874154
148 148 43 50 3 -0.00142129231 -2.51166773
45 48 63 69 1 -0.000870652031 -2.28687406
146 146 54 57 3 -0.00326114148 -4.17636776
50 54 73 79 0 -0.00898564514 -2.09007072
0 0 0 0 3 -0.0029519524 4.26235962
61 62 0 0 1 -1.36245954 2.86935687
0 0 0 0 2 -0.00406938139 5.35814333
64 64 122 157 3 -0.00146838021 -4.94436741
47 51 147 151 1 -0.0128507381 -4.50848484
163 165 130 137 2 -0.00517071271 -0.97631824
99 103 80 87 2 -0.00729678944 -2.46296763
102 105 70 93 2 -0.000698179763 -3.3189106
175 178 193 152 2 -0.317929387 -4.36270237
0 0 0 0 3 -0.219059587 5.80783939
76 81 94 99 0 -0.0103259096 -3.26441312
105 112 121 136 0 -0.00201816135 -0.869027972
0 0 0 0 2 -0.00108706253 5.1717248
51 53 62 69 1 -0.663404763 -2.51482105
49 53 68 69 0 -0.00170300796 -4.58058596
96 96 110 118 2 -0.0130125647 -1.61242819
161 161 44 79 2 -0.00687692966 -0.651836514
31 39 55 60 0 -0.000561780587 -1.62653327
121 125 140 175 2 -0.000203114992 -5.22385883
0 0 133 144 3 -0.346694946 -0.909625888
50 56 81 116 2 -0.0119370054 -0.871165395
49 50 86 117 3 -0.00632479554 -1.53979349
166 168 79 81 2 -0.00570448022 -0.496343851
80 80 66 71 3 -0.0506581478 -0.809441686
49 52 34 37 2 -0.00112964422 -2.44394541
33 41 56 91 3 -0.0199185312 -3.19634223
63 67 82 105 3 -7.42664706e-05 -4.18726254
41 50 88 90 1 -0.00816941634 -0.301889509
121 122 67 102 2 -0.588306427 -4.75365543
36 41 110 145 4 -0.000309084251 -2.68110633
132 135 46 57 2 -0.148639783 -2.07602453
0 0 0 0 3 -0.00770237995 7.22042179
167 174 132 147 3 -0.0683776662 -3.54564905
113 120 30 65 1 -0.0233674403 -3.57704592
0 0 0 0 3 -0.039068494 2.42942119
129 133 72 87 3 -9.90603876e-05 -3.88764048
135 135 49 84 3 -0.213847816 -1.91766143
139 141 64 72 2 -0.000218858811 -3.45582294
115 118 50 57 1 -0.000293716206 -3.35628486
179 181 203 209 2 -0.165177375 -3.54680252
131 133 63 78 1 -0.00394953508 -1.91520572
0 0 0 0 4 -0.0120721115 7.33053064
68 80 94 101 0 -0.000832286489 -3.67092657
88 94 111 117 1 -0.00857456215 -0.255968392
153 157 39 74 3 -0.286424488 -1.0075413
129 132 149 153 2 -0.0815265104 -1.90624785
216 223 136 171 0 -0.0485297665 -1.14498329
48 53 63 98 2 -0.0128235556 -0.0811426044
0 0 0 0 2 -0.628815413 3.76194263
238 160 192 227 3 -0.93243289 -0.767709255
107 108 59 63 4 -0.00179837993 -4.65439939
46 52 89 112 3 -0.527681708 -2.52014732
0 0 0 178 2 -0.475049913 1.91802478
0 0 0 0 2 -0.665975392 1.49298882
105 106 122 157 2 -0.00194853824 -1.9528029
140 150 119 126 0 -0.00715004466 -2.25399375
72 76 85 89 2 -0.00166554656 -3.1642127
0 0 0 0 2 -0.00726701086 3.86600041
134 138 111 119 3 -0.000132915418 -3.24607277
63 66 41 46 3 -0.705226958 -0.886472166
153 154 87 96 2 -0.693719804 -4.57915068
124 125 80 148 3 -1.11651981 -5.70223522
109 113 149 0 3 -1.24579954 0.592046916
0 45 50 55 4 -0.805293918 0.300909936
30 31 42 45 4 -1.2343322 -0.508508027
119 0 96 0 1 -2.42388487 0.978433669
120 0 107 111 1 -0.849213839 0.331857264
125 135 156 191 0 -0.00071922777 -5.05753708
33 37 120 122 2 -0.0170485247 -3.53983331
157 160 106 137 2 -0.0553338081 -0.941425681
25 29 87 94 1 -0.000528974691 -4.57013321
95 102 114 121 0 -0.000739864307 -4.80929232
97 103 55 63 0 -0.00114301639 -3.9191668
102 103 43 52 2 -0.273653567 -3.33437872
0 0 0 0 2 -0.00500167673 6.79619265
89 92 51 74 3 -0.730837166 -4.04267693
92 93 65 76 1 -0.350891829 -6.16038084
94 101 111 122 2 -0.0047559645 -0.107940048
79 83 35 37 3 -0.072861053 1.64550161
107 110 77 92 1 -0.135684177 -2.43186879
111 112 63 98 3 -0.00294952863 -2.06917548
171 173 153 158 2 -0.00301163737 -3.69707394
187 187 141 176 3 -0.549464643 1.27125192
90 94 109 113 4 -0.000124808488 -1.8173883
54 62 75 110 1 -0.0043631969 -3.39121699
52 56 67 90 2 -0.125995591 -2.58376718
53 58 76 111 2 -0.000349853537 -4.2767868
75 77 60 64 1 -0.00289141363 -0.311593801
65 69 40 42 1 -0.010240159 -0.704206705
60 60 148 155 2 -0.00403232267 -1.67956448
98 102 50 55 3 -0.00259352312 -1.7026
46 50 67 82 2 -0.0227956753 0.179770947
64 66 46 50 1 -0.0193677936 -0.718525231
76 77 97 132 2 -0.000845748524 -4.86382771
95 95 48 83 3 -0.00036258492 -3.97924876
150 153 82 117 2 -0.00109571428 -3.15590906
147 147 162 0 4 -0.751616657 0.172927916
112 113 41 64 3 -0.0115828421 -3.56400084
59 63 92 127 3 -0.016520923 -0.811717749
0 0 0 0 2 -0.0653248355 1.9395895
86 89 126 134 2 -0.00360288518 -3.55779552
99 105 80 87 2 -0.00172812887 -4.69715786
116 119 46 48 4 -0.134907424 -2.41418672
22 27 73 108 3 -0.0019857944 -1.41473114
53 60 114 149 0 -0.0085516395 -4.29367208
55 58 69 104 3 -0.00041768013 -7.28168583
154 162 98 133 3 -0.508474648 0.0874672532
85 88 67 78 2 -0.00521735009 -5.37357378
19 23 28 63 4 -0.146984667 -2.57094622
141 148 121 129 2 -0.0284329001 0.0594205856
64 68 120 155 4 -0.0137638068 -2.33731198
41 41 56 91 3 -0.00134695345 -3.50065684
39 39 49 64 4 -0.875877321 -2.61393666
0 0 0 0 2 -0.215334356 6.34305859
140 140 116 123 2 -0.0145354411 -4.2252655
88 88 98 102 2 -0.00761618232 -2.16329312
175 176 112 127 2 -0.00593486428 -5.13053751
113 116 63 98 2 -0.00015747016 -3.55216455
69 70 23 58 2 -0.00762811955 -3.55589461
85 89 39 74 1 -0.0362473466 -3.17954659
87 88 27 34 1 -0.046189025 -0.207657635
57 57 80 87 3 -0.0699677467 -1.28130698
54 61 77 81 0 -0.0317724273 -2.98927498
69 74 88 92 0 -0.00457570562 -2.3013413
40 41 79 82 2 -0.169050395 -2.53931451
91 99 120 125 0 -0.000440676988 -3.02338314
51 52 62 97 3 -0.00303594954 -3.23208952
40 42 88 123 4 -0.00103477901 -3.49927735
129 136 85 116 3 -0.0117596267 -3.73570728
58 62 86 117 4 -0.0368031971 -1.84567785
146 150 119 128 4 -0.0102316337 -3.72800684
90 90 119 121 3 -0.0142736528 -0.493876666
92 92 106 141 4 -0.0010357257 -3.94462228
95 99 43 50 4 -0.0495346189 0.515034854
137 141 153 156 1 -0.134922802 -3.78975415
0 0 0 0 2 -0.00293891109 5.80036688
0 0 0 0 2 -0.0343379937 5.55008364
105 111 44 53 2 -0.00216643722 -5.82078362
106 109 92 95 1 -7.87965109e-05 -4.76250267
80 88 104 108 3 -0.00181334733 -2.43626046
111 114 68 70 2 -0.00930721406 0.604320228
90 94 106 140 0 -0.497290581 -2.96948004
0 0 0 0 3 -0.021242274 3.65166163
0 0 0 0 3 -0.00346066034 6.2982769
108 109 51 58 3 -0.166661814 -2.65128326
83 88 108 114 4 -0.00122820865 -1.53471947
0 0 137 148 2 -0.435926616 1.44111204
26 34 38 45 2 -0.0258253105 -0.957377195
0 0 0 0 2 -0.0569625348 3.65786719
36 36 100 135 3 -0.00568557018 -3.83548999
80 84 98 133 4 -0.00700165844 -2.36980057
69 69 31 35 3 -0.030016778 -2.15461254
86 91 36 71 1 -0.00377752515 -4.56715345
147 147 43 78 3 -0.000685633626 -2.21306872
0 0 0 0 4 -0.686801076 7.13242102
45 49 62 97 3 -0.000975391362 -3.19631004
50 56 90 94 0 -0.000834007631 -2.16218829
86 90 28 31 2 -0.000276424136 -4.29953623
210 212 89 124 3 -0.176614374 1.76736546
0 0 0 0 3 -0.00521603459 5.35188389
0 0 0 0 2 -0.0284354221 3.82147288
109 111 54 69 1 -0.9384588 -2.68774843
171 175 81 222 2 -0.803947449 -1.97800541
0 0 0 0 2 -0.0102589177 0.861138999
195 198 96 131 4 -0.0213541798 -2.81189966
45 49 63 78 1 -0.000118014636 -2.63435173
101 106 38 45 2 -0.0005406579 -4.35718012
116 119 48 83 3 -0.0804005861 -3.43757081
145 149 119 127 0 -0.0773075372 -2.74110842
162 166 85 93 3 -0.0182998069 -4.44089079
83 86 95 110 2 -0.00343149994 -1.35928941
108 113 122 131 2 -0.845832646 -1.21234345
197 202 124 159 4 -0.0119305244 -1.60477734
95 95 85 87 3 -0.00114578521 -1.21362066
60 60 94 129 3 -0.0226114914 -2.23688602
101 103 47 50 2 -0.00247174501 -3.33921218
117 126 134 165 0 -0.00511924038 -0.921092212
98 103 116 147 2 -0.0512265489 -2.36299872
158 158 110 116 3 -0.00201430614 -3.48580694
0 0 0 0 3 -0.125261992 4.20547104
51 51 61 96 3 -0.0005955167 -5.62353611
0 0 0 0 2 -0.592874408 7.62249327
24 27 87 110 2 -0.00930806715 -1.68223715
114 119 93 100 1 -0.000133034613 -3.98371458
36 36 49 60 3 -0.0186645444 -3.46277833
56 59 41 46 1 -0.0104107289 -2.09655023
144 147 102 125 2 -0.624747634 -2.8531611
153 154 97 108 3 -0.00196781405 -5.74249268
0 0 0 0 1 -0.0564423837 1.26760602
119 120 48 53 3 -0.0118985279 -1.8146894
0 0 0 0 1 -0.926601052 7.1578908
48 52 65 100 3 -0.00740912184 -1.75870252
89 90 109 124 2 -0.00704993168 -3.28764987
60 67 80 88 0 -0.00012254485 -2.39118981
0 0 175 181 1 -0.852853179 2.01618886
0 0 0 0 1 -0.0719675869 3.5578506
63 67 97 103 3 -0.472816825 2.59815979
149 154 75 110 3 -0.014889651 -3.28048921
0 80 100 144 3 -1.02701926 -0.331728995
107 111 75 90 2 -0.00908476487 -1.66130328
0 0 0 0 2 -0.812012732 7.20506239
48 54 79 110 1 -0.00872550905 -3.5672667
45 45 144 146 2 -0.0220504459 -3.46972442
114 117 147 154 2 -0.1640414 1.46978569
101 110 41 76 0 -0.0374955051 -3.12256217
117 119 79 85 2 -0.00473718951 -1.99542832
214 218 47 82 2 -0.0420467742 -0.41352421
97 100 49 72 4 -0.229306579 -3.10964084
52 59 103 108 0 -0.00168580643 -4.6863246
56 61 74 80 2 -0.0023118197 -0.879263222
49 53 63 98 3 -0.000191087092 -2.59874105
43 43 56 91 3 -0.00465321075 -3.15432286
140 140 91 126 3 -0.0283983089 -5.28601027
85 86 65 73 2 -0.000485216791 -4.69435644
0 0 0 0 2 -0.066408217 3.38141799
79 83 133 144 1 -0.003043968 -1.02922988
117 118 46 50 2 -0.0229540635 -3.38011098
22 26 33 68 2 -0.0114400582 -3.29651856
73 74 82 89 2 -0.00505924132 -3.9226048
0 0 0 0 1 -0.080063954 3.4307096
82 85 114 149 2 -0.000163670033 -4.66496515
99 99 172 207 4 -0.0126058375 -1.65735722
0 0 0 0 2 -0.0267857425 3.31557417
131 132 65 73 2 -0.244233057 -2.02676845
0 0 0 0 3 -0.0241588112 5.31353283
103 103 62 68 3 -8.7379216e-05 -4.82045984
63 68 80 103 3 -0.00997389201 -2.25117946
0 0 0 0 1 -0.841265976 5.81280518
34 41 61 68 1 -0.00285800104 -3.97442794
60 61 75 83 1 -0.00106590486 -3.96021986
45 50 77 112 3 -0.000146147329 -3.25742364
0 166 49 93 2 -0.844458997 0.872194111
0 0 0 0 3 -0.465242445 6.92186928
36 40 45 60 3 -0.251525939 -1.62264705
68 69 39 54 3 -0.00225906656 -4.62832117
26 30 74 78 3 -0.21967563 -4.36002493
97 102 153 160 2 -0.597533345 0.0951260328
163 168 101 136 3 -0.0733098388 -4.46460056
0 0 0 0 2 -0.0555639714 3.38597631
0 106 0 0 3 -0.995282531 1.68931818
67 71 106 141 3 -0.000611828989 -3.68230677
158 160 135 139 1 -0.342923284 0.334739327
0 0 0 0 2 -0.0334266424 5.33373594
0 0 0 0 3 -0.885413349 6.02861595
90 94 122 168 2 -0.0589234866 -0.281479865
73 73 127 132 3 -0.181804746 0.568713367
0 0 0 0 3 -0.000552272249 4.28659534
55 59 70 81 2 -0.00235033967 -1.36779952
41 44 48 58 0 -0.012898013 -4.36074162
107 111 95 98 3 -0.186435118 -3.20384407
186 187 96 102 1 -0.3271873 -0.888495326
0 0 0 0 4 -0.000312548596 3.50302958
41 44 58 65 3 -0.00567891775 -2.27360272
38 44 123 130 1 -0.010996012 -1.50007963
70 71 89 124 2 -0.62234354 -1.73372626
141 150 71 79 1 -0.0720547065 -4.31790304
70 73 56 59 0 -0.00396549888 -4.06698418
60 62 75 80 2 -0.000570599514 -2.60885477
0 0 0 0 3 -0.211657569 2.71017075
116 120 49 56 3 -5.98424231e-05 -5.0250802
86 90 44 51 2 -0.44492656 -1.84629703
85 89 102 105 3 -0.274527311 1.53082681
66 69 90 166 2 -0.318664134 -3.10743475
82 86 127 162 1 -0.00231597805 -1.46577716
137 140 103 109 0 -0.0358169265 -3.98799396
44 52 139 147 0 -0.00807058997 -2.1028893
88 92 0 115 3 -1.14112151 0.213977396
47 47 171 182 3 -0.000808368903 -4.35699892
0 0 0 0 2 -0.121004127 6.99356842
52 58 44 46 1 -0.00333092781 -2.18327904
0 0 0 0 2 -0.0248637795 4.14741611
0 0 0 0 2 -0.00452341139 5.67600918
93 96 75 79 1 -0.00293702958 -1.57374072
214 217 168 203 0 -0.0529249981 -2.40817738
216 218 57 92 1 -0.795864463 1.07237196
0 0 0 0 2 -1.10236633 7.30375481
53 60 105 140 1 -0.00462980056 -0.566416502
89 94 108 111 0 -0.00643579988 -3.47327471
0 0 0 0 2 -0.0321934372 4.09377146
41 49 60 72 2 -0.0019538065 -1.893785
103 107 80 88 1 -0.000225417258 -1.83592796
0 0 0 0 1 -0.488049239 5.75080061
132 138 44 51 1 -0.000277150219 -2.9062829
0 0 0 0 3 -0.0433796123 4.15590143
0 0 0 0 0 -0.955474555 2.06779909
0 0 0 0 3 -0.504958689 6.6324892
65 69 84 119 3 -9.35774224e-05 -5.97407007
120 122 139 174 2 -0.000629817951 -3.17683959
47 51 68 76 1 -0.00388405216 -2.60921431
151 155 98 133 2 -0.140913427 0.581864655
82 86 101 136 4 -0.000787487777 -3.55911589
0 0 0 107 2 -1.0561614 3.04752398
115 121 149 157 1 -0.00980488025 -4.80237913
135 138 118 125 1 -0.00392704224 -1.49102783
79 81 64 70 2 -0.100290224 -2.96498418
101 104 51 56 3 -0.00692689838 -3.60371089
17 24 29 32 1 -0.0836281851 -0.163682252
0 0 0 0 2 -0.000817095104 3.4914937
79 82 93 97 3 -0.643620372 -4.57290936
71 72 90 95 2 -0.00351789943 -1.53100729
111 116 67 72 2 -0.00039263349 -3.97400427
110 118 90 101 0 -0.0292768348 -3.85862303
86 90 42 46 1 -0.0101210829 0.104997694
128 132 144 148 2 -0.00860812701 -0.89732033
150 151 108 113 2 -0.119985573 0.790242374
80 83 94 129 4 -0.00902340747 -3.03920865
91 92 109 115 2 -0.000971481786 -5.00982761
101 104 27 62 2 -0.00167567399 -1.72365904
57 58 89 94 1 -0.0016845027 -0.702462673
57 57 19 22 3 -0.0133672021 -1.56146097
0 0 0 0 1 -0.370271146 5.09115934
98 100 44 79 1 -0.29793936 -2.81646395
0 0 0 0 2 -0.734105825 2.06215906
111 119 151 159 3 -0.00463360129 -4.60746574
137 144 154 160 0 -0.00446888246 -3.78695059
114 118 136 145 3 -0.0248592049 -5.36080885
121 98 38 42 4 -0.984491229 -0.436012894
125 127 111 118 2 -0.000642797444 -3.47854066
54 56 115 124 2 -0.11949645 1.43819046
27 31 59 94 3 -0.00149552897 -5.79875898
98 106 125 128 0 -0.0361455604 -1.08870721
140 143 121 128 2 -0.00161353522 -2.08005929
26 32 40 75 2 -0.0207508281 -2.46908498
107 112 128 136 4 -0.0020307696 -0.232587248
120 125 67 102 2 -0.000569689262 -2.7855947
0 0 0 0 2 -0.145405442 5.2834487
0 0 0 0 3 -0.0429629087 2.60208607
64 64 44 49 3 -0.000955624564 -4.88130093
71 73 102 137 1 -0.0400249623 -4.67279482
110 112 126 157 2 -0.00103166874 -4.03753138
194 198 110 141 4 -0.293227553 -1.2881763
127 130 50 85 4 -0.00448092027 -2.39096165
109 112 78 85 2 -0.000238992565 -4.97082138
89 0 102 108 3 -1.98096156 2.39246273
117 120 86 93 3 -0.00235989457 -2.01613927
88 92 63 74 3 -0.0600592978 -2.53419495
116 121 55 90 4 -0.000608862552 -3.33081627
0 0 0 0 1 -0.578513503 2.05106282
81 88 124 126 0 -0.00456811301 -1.19544959
55 56 34 45 2 -0.000363922649 -6.07929373
107 111 44 49 2 -0.000812800543 -4.32803249
162 166 35 42 1 -0.0409163199 -2.73802137
30 35 94 99 1 -0.00301493471 -2.9755919
96 96 128 133 3 -0.000255566323 -3.52387094
0 0 0 0 2 -0.735261321 2.86822605
89 94 42 65 2 -0.000131485067 -3.5396452
166 170 121 126 0 -0.0359674394 -2.99428582
113 116 62 68 1 -0.00209278543 -3.92214036
134 134 119 123 1 -0.00139360491 -1.52255559
0 0 0 0 2 -0.000403008977 4.77422285
69 74 30 34 1 -0.00152664538 -2.98377681
76 76 91 126 3 -0.0274306983 -0.332792759
102 102 113 118 2 -0.00107866665 -1.69734907
0 0 0 0 1 -0.00109534187 5.98238993
45 48 109 144 3 -0.0200071745 0.716689289
72 72 108 115 3 -0.948587537 -0.232405931
119 123 92 100 3 -0.00157147518 -1.57325196
57 61 145 152 3 -0.224439725 -2.26984477
0 0 0 0 4 -1.18298924 7.02517748
93 94 104 139 2 -0.00568591896 -2.90995765
36 43 43 78 1 -0.475313842 -2.57890105
0 0 0 0 2 -0.0499315038 4.0369916
56 60 91 98 2 -4.57760616e-05 -4.56146765
45 49 80 86 0 -0.000117298725 -5.38589764
198 198 219 130 4 -0.533696294 -1.51536012
50 53 70 81 1 -0.000134105867 -4.76908922
174 175 125 131 2 -0.000763529504 -2.37503529
0 0 0 0 2 -0.618475258 3.66633773
71 75 132 138 2 -0.0108426502 -5.65577555
55 58 69 104 1 -0.00203885091 -2.37797379
138 141 121 127 4 -0.00202647317 -2.14401889
128 132 41 44 2 -0.00168009358 -3.4665525
142 144 115 121 2 -0.000470707892 -2.74155617
30 33 104 112 2 -0.000517406734 -2.95953178
0 0 0 0 0 -0.93091619 2.3149929
106 111 34 69 1 -0.00753450207 -2.49569535
0 0 0 0 4 -0.218113482 3.08070397
0 0 0 0 2 -0.0819480196 2.59604692
37 38 55 78 2 -0.00850732066 -3.07607722
98 102 143 147 4 -0.0053434344 -1.74244475
86 91 107 142 0 -8.82138556e-05 -4.13088083
67 73 88 91 0 -0.0159865972 -5.46585369
48 52 160 167 3 -0.00190201506 -3.94148088
60 67 170 177 0 -0.0920585543 -0.972613811
71 75 84 91 1 -0.00285258703 -1.32374179
69 74 176 185 2 -0.000361763348 -2.99405074
0 0 0 0 1 -0.149407223 4.10260487
128 131 39 74 1 -0.000195607776 -5.18477011
150 155 44 59 4 -0.350051284 -4.15830421
110 117 131 135 0 -0.735411286 -1.5466783
0 0 0 0 2 -0.614460289 4.55317402
60 60 121 136 3 -0.0015432589 -4.47134113
109 112 130 165 1 -0.000601430889 -1.80999255
97 0 0 0 3 -1.14657259 1.53698587
56 57 25 40 3 -0.00502947345 -3.95578623
74 79 114 121 1 -0.0216071103 -0.13834551
105 110 130 138 3 -0.0246967543 -6.11678934
68 74 85 92 3 -0.00325072277 -1.22777021
124 127 51 55 2 -0.000544317067 -4.87910938
110 113 49 54 1 -0.0009434229 -1.12671423
129 133 145 180 3 -0.000407890999 -4.83658743
0 0 0 0 2 -0.230364859 3.26183391
135 140 34 69 2 -0.0031604371 -0.575278163
83 83 122 145 2 -5.6981502e-05 -5.38626099
88 90 98 104 1 -0.000198471098 -4.63752651
0 0 0 0 4 -0.654075146 7.57248735
46 48 62 97 2 -0.198084489 -2.41929865
118 125 45 49 1 -0.000318848382 -2.89339638
55 56 70 76 2 -0.000815457548 -4.09298277
0 0 0 0 2 -0.00190290972 6.36988449
45 45 175 210 2 -0.00388445589 -4.54020882
127 127 46 52 2 -0.00503066368 -1.28353667
0 0 0 0 1 -0.884106576 7.53155136
123 123 98 100 2 -0.000943736639 -4.9512558
102 104 57 92 2 -0.0554889254 -2.05389667
53 54 134 139 2 -0.000366299355 -3.65759134
26 30 79 114 4 -0.000330904324 -3.64364696
65 68 102 125 0 -0.00120329601 -2.60036683
102 102 84 91 2 -0.00110405311 -3.952703
119 120 40 55 3 -0.0111504728 -3.52320623
97 102 69 80 1 -0.0248689391 0.0117931962
0 0 0 0 3 -0.716615617 5.74561405
44 45 59 61 1 -0.0114964237 -3.89112711
53 57 128 132 4 -0.000718735391 -1.88526464
96 100 72 79 2 -0.0250119232 -0.669417739
0 0 0 0 2 -0.0485860109 3.09608746
85 92 104 127 1 -0.00119376648 -4.13268852
0 0 0 0 2 -0.000490271312 6.18286896
61 61 26 29 3 -0.0310339928 -1.6238308
113 117 129 130 2 -0.00262157898 -2.58492088
73 79 123 158 0 -0.00120494724 -3.65833378
148 151 167 202 2 -0.0268579479 -3.4444859
101 105 121 123 2 -0.286626875 -1.87271786
78 80 134 138 2 -0.00219984166 -3.74984694
0 0 0 0 3 -0.00487381592 2.98700094
106 107 126 161 3 -0.00395082124 -2.08059096
58 63 104 106 3 -0.200469032 -0.927495897
30 38 102 137 2 -0.000913170981 -4.9328084
138 138 153 188 3 -0.0364625864 -4.02268457
107 107 145 149 3 -0.000268565665 -4.79869509
0 0 0 0 2 -0.0100107761 3.87153316
74 76 88 123 2 -0.00331501639 -3.24302125
46 50 54 62 3 -0.228824884 -2.85639119
57 58 75 106 2 -0.591058373 1.03190398
48 51 65 68 2 -0.0397650898 -0.330693394
63 65 39 41 1 -0.00470571639 -2.18661571
107 107 57 92 4 -0.0297618639 -3.27662039
0 0 0 0 2 -0.0997687057 4.90232372
89 92 43 46 4 -0.0125467228 -1.57569098
62 62 96 131 3 -0.482704639 -2.60823154
155 155 123 131 3 -0.542692363 1.79949498
25 20 36 36 0 -1.29891396 -2.02333283
47 55 60 63 1 -0.0167489443 -2.44480038
76 77 96 100 2 -0.0070687742 -2.969486
46 49 66 81 1 -0.000199074508 -3.95183682
96 104 130 161 0 -0.0726892948 1.08280396
0 0 0 0 0 -0.530727863 6.22969866
110 117 33 41 0 -0.267976314 0.691072643
64 71 108 143 1 -0.00134801632 -3.11603642
109 114 128 132 3 -0.00116471376 -1.53843141
58 60 75 78 3 -0.00947224069 -3.67493725
101 106 29 64 2 -0.645367682 -1.0179615
120 123 53 88 1 -6.31803705e-05 -4.01070261
150 151 79 114 3 -0.00846959557 -6.27788353
101 104 118 125 1 -0.00125559815 -1.38022256
60 60 48 53 3 -0.00121223496 -2.80601978
0 0 0 0 1 -0.00206990121 3.88521409
97 105 114 129 1 -0.266131103 -3.50142288
113 116 78 93 2 -0.000117657371 -4.18705034
148 150 167 172 1 -0.000646848814 -1.9827497
119 119 76 99 3 -0.0285071358 -1.95256162
60 61 75 83 4 -0.00178028038 -2.16579032
0 0 0 0 3 -0.803105235 6.81097698
116 118 51 60 3 -0.00467926171 -2.97169781
0 0 0 0 1 -0.00684555899 5.35987949
54 57 126 137 2 -0.000751915679 -2.7037909
42 48 104 127 0 -0.00441501942 -1.57013226
137 137 90 125 3 -0.0060699312 -4.46565914
118 119 34 57 2 -0.0655556545 -3.15940833
48 52 61 69 0 -0.0686614737 -0.220706433
0 0 0 190 2 -1.5146693 2.082443
122 122 0 0 2 -0.488296688 1.79416394
82 85 126 132 1 -0.778806329 -3.15868831
0 0 0 0 3 -0.0830853581 3.04488277
51 55 86 121 4 -0.00327195367 -4.26456642
30 36 49 54 0 -0.00355084706 -1.90293312
0 0 0 0 4 -0.647039115 6.65404701
82 82 44 47 3 -0.713010073 -2.79715419
118 124 146 157 1 -0.734059036 -1.03781807
34 34 42 65 3 -0.0143289994 -2.54006624
98 99 113 120 3 -0.00101750041 -3.3413589
0 0 0 0 4 -1.48704565 4.2455616
113 119 157 192 0 -0.000349979877 -4.09187841
0 0 0 0 2 -0.0255335756 5.09832811
0 0 0 0 2 -0.676798522 7.738976
60 66 89 93 1 -0.000184050776 -4.88084984
68 74 44 55 2 -0.000899100211 -4.81959391
89 92 55 59 4 -0.000918833772 -2.03194427
88 94 53 65 4 -0.0813818797 -3.34643745
63 66 122 127 2 -0.0113497423 -4.09955168
84 88 43 47 3 -0.00900367275 -3.70071936
135 142 103 114 1 -0.00902123749 -6.58682156
0 0 0 0 1 -0.723299026 7.50580788
50 55 89 124 1 -0.0178674068 0.0483212471
0 0 0 0 3 -0.926430643 3.45274878
131 138 170 205 2 -0.000884827925 -3.05697727
45 45 59 66 2 -2.78948264e-05 -2.97798705
103 107 47 53 2 -0.00160593668 -2.37147951
123 127 46 61 2 -0.0134584093 -3.54406905
86 86 43 66 2 -1.02347648 -0.585642934
87 90 96 101 3 -0.174163938 -0.277241111
102 104 126 129 1 -0.000155683694 -3.13478732
89 92 120 125 0 -0.00172046118 -1.64052176
126 135 41 52 0 -0.001323923 -3.36917472
143 147 105 111 3 -0.00129809952 -3.59490991
103 110 48 83 2 -9.16704084e-05 -3.5348115
81 88 101 108 2 -0.00361273251 -1.75699019
0 0 0 0 0 -0.0368076675 3.93069625
131 137 107 115 2 -0.000727941981 -5.93073988
0 0 0 0 2 -0.41145137 2.26242471
88 92 63 78 0 -0.132343575 -5.32751989
61 61 128 130 3 -0.00494755153 -2.00110221
128 128 47 82 2 -0.000308738643 -2.06701994
181 185 111 118 3 -0.0278790779 -3.06132293
44 46 74 81 2 -0.219821274 -3.25017238
0 0 0 0 2 -0.0241989754 3.12068391
55 55 107 118 3 -0.00215569674 -3.43240285
38 41 62 64 4 -0.000671049929 -1.24499953
196 199 124 129 2 -0.00707058609 -2.06323957
69 72 109 120 2 -0.405007601 1.14717174
57 59 70 105 2 -0.00749499351 -4.06814051
85 89 40 42 2 -0.00217576791 -3.73126745
76 82 143 149 2 -0.00983970426 -1.48633075
163 163 55 90 3 -0.0161843766 -1.90716243
0 0 0 0 2 -0.195303887 7.1314311
0 0 0 0 1 -1.0761658 7.31670237
130 135 188 223 1 -0.0580338202 -3.33097243
148 148 98 133 3 -0.00218760408 -0.487449259
55 59 95 102 2 -0.0339022279 -2.45565271
93 95 127 162 2 -0.00131367275 -3.28808784
98 99 148 211 2 -0.797684073 0.718696415
0 0 0 0 4 -0.00735076144 3.08469486
0 0 0 0 3 -0.479722321 3.81952834
122 126 139 147 3 -0.0617824644 -1.7227428
128 133 197 54 0 -0.842718005 -2.4524107
44 47 65 74 4 -0.000495635497 -2.33418179
17 26 35 35 0 -0.750715017 -2.23478079
142 149 160 168 3 -0.245262235 -0.461925834
15 23 77 83 1 -0.107734516 -2.61387205
115 227 138 144 4 -0.50985086 -3.12175632
0 0 0 0 1 -0.57586652 2.33466363
63 66 41 56 2 -0.0023418502 -2.46889186
139 140 70 105 2 -0.00132191204 -3.19518566
0 0 0 0 3 -0.622141302 4.44806337
0 0 0 0 1 -0.000434677408 4.73843384
0 0 0 0 2 -0.670806646 5.75893068
121 124 43 46 4 -0.0033807517 -3.57899785
0 0 0 0 1 -0.0389184877 3.93960834
176 180 101 108 3 -0.00806353148 -1.79744172
44 49 52 75 3 -0.260318458 -2.62725925
92 95 132 163 2 -0.00152703596 -2.97210193
36 36 106 111 2 -0.00126514095 -3.66535926
109 109 76 99 3 -0.000176187939 -4.85815144
58 66 80 115 0 -0.0184656065 -5.82704258
0 0 0 0 4 -0.000495999993 5.48608923
0 0 0 0 3 -0.0412138142 4.4164052
57 66 79 87 0 -0.0382860452 -0.717401981
0 0 0 0 2 -0.0106960386 6.12148762
0 0 0 68 2 -1.79746246 2.9330349
70 76 46 52 0 -0.104842067 -4.09182596
102 102 81 89 2 -0.0073671299 -0.0562204123
112 118 166 171 3 -0.0231942404 -5.25706577
0 0 0 0 4 -0.802632153 6.41528845
0 0 0 0 0 -0.00589659438 6.32995844
0 0 0 0 3 -0.018001074 4.70994091
125 125 140 146 2 -0.028397141 -1.78128767
27 31 37 60 2 -0.288808554 0.842266023
0 0 0 0 2 -0.0905503035 5.84128857
187 188 73 104 2 -0.0113772564 -2.8302958
27 29 39 45 2 -0.0510945842 -3.2431314
0 0 0 0 1 -1.05994046 7.53232527
33 33 112 201 1 -0.218963787 -0.891628802
26 26 83 118 2 -1.2497741 -5.23550415
86 88 96 127 2 -0.0944390893 -2.6064961
0 0 0 0 2 -0.00348514202 5.77159691
88 93 121 152 1 -0.00059793971 -3.02851367
0 0 0 0 3 -0.0415415391 7.23871088
129 129 146 153 2 -0.0201318059 -1.86368847
83 89 99 106 3 -0.0125954179 -4.77560377
93 97 113 124 2 -0.000707181054 -1.24603558
48 55 66 101 3 -0.000294793514 -3.75836682
105 106 113 115 3 -0.0266216267 -2.76143265
60 66 114 122 2 -0.000588100462 -3.89801455
99 99 112 120 3 -0.159881517 -1.84013963
78 81 97 112 2 -0.101086266 -1.23239946
84 84 90 125 3 -0.0740701407 -4.08723593
39 43 75 82 1 -0.059325505 -4.47229719
0 0 0 0 3 -0.132957175 4.04463863
79 81 58 65 1 -0.0715280995 -0.60471952
96 98 111 122 2 -0.000841006462 -2.86729431
148 151 111 119 2 -2.21728696e-05 -4.25881577
54 55 91 96 2 -0.000582291745 -3.91377735
56 58 45 50 2 -0.00597023126 -3.63110828
39 42 95 130 2 -0.498793125 -4.67816687
0 0 107 114 3 -0.778739572 0.502642095
81 85 101 108 4 -0.00255750306 -2.33726621
80 83 47 58 1 -0.000715362839 -2.7060492
104 112 80 95 3 -1.23826587 0.838040769
0 0 0 0 0 -0.0385138169 5.3404336
119 119 84 90 2 -0.000789776153 -2.6163671
123 129 41 50 2 -0.0230493136 -2.93986344
45 47 103 118 2 -8.96442725e-05 -3.36570859
11 12 16 20 2 -0.855372369 -0.103131711
99 99 110 114 3 -0.140353769 0.431836367
84 84 103 138 3 -0.000575286336 -3.3765893
105 111 126 157 0 -0.0129600605 -2.38560796
89 95 35 50 2 -0.00186068774 -3.01840377
213 218 55 78 3 -0.221280456 -2.2083993
0 0 0 0 1 -0.100944914 7.04035187
119 124 57 61 3 -0.00347289559 -2.21999979
160 166 73 81 1 -0.06373512 -3.75625134
0 0 0 0 3 -0.569075823 4.17089748
16 17 43 78 2 -0.0180087984 -3.07976484
25 30 97 104 1 -0.0608297884 -5.15501213
187 194 73 81 0 -0.255229354 -0.798529863
97 97 114 149 4 -0.00368300918 -3.52586937
22 29 36 71 0 -0.566439927 -4.12415171
93 95 104 115 2 -0.164963782 -0.668330193
0 0 0 0 3 -0.786790669 6.50685644
49 53 66 97 2 -0.00303913909 -1.86210299
141 147 84 119 2 -0.000955118914 -4.72786045
0 0 0 0 2 -0.526710033 7.77478933
139 140 163 165 3 -0.181523934 -4.43960667
116 119 37 72 3 -0.0013287419 -6.62760115
0 94 35 0 3 -1.03736675 0.708483875
99 102 47 55 3 -0.00299782259 -2.53863144
0 0 0 0 3 -0.00579372281 4.59537697
137 145 65 100 0 -0.000444373669 -4.53451729
55 55 184 219 2 -0.00947050564 -2.08159494
105 105 114 137 2 -0.343843371 -0.967035532
0 0 0 0 2 -0.143894732 4.31219149
0 0 0 0 2 -0.0755882263 4.7614255
208 209 0 0 2 -0.921452343 2.74264956
107 114 124 129 1 -0.000381925143 -0.566345453
40 46 55 90 2 -0.0205570683 -4.47141504
133 133 68 71 3 -0.0257907249 -2.39674163
107 111 24 35 3 -0.00318992324 -3.86901593
49 51 63 67 2 -0.029975025 -5.202281
84 84 102 110 1 -0.403240591 0.660012424
80 80 91 97 3 -0.00228911592 -0.496354103
85 91 155 158 0 -0.487258732 -0.283694059
0 0 0 0 1 -0.258149803 3.76881051
40 44 48 56 2 -0.011620651 0.76895684
76 78 113 117 1 -0.00380039145 0.0191594362
97 100 50 85 3 -0.00231193006 -2.93607998
0 0 0 0 2 -0.0242496617 6.42389441
36 40 53 88 3 -0.000284538779 -4.59811163
0 0 0 0 1 -0.0140423225 4.50294685
91 96 115 121 2 -0.00103055185 -3.05579782
73 78 91 106 1 -0.0127861202 -2.99842238
47 53 93 128 2 -0.172133714 -2.89947987
103 106 143 178 2 -0.00331743737 -2.89368987
65 71 113 148 1 -0.00493263174 -6.14597178
50 50 55 62 4 -0.0799373388 -2.13991547
0 0 0 0 1 -0.00832661986 4.75738335
50 51 83 90 1 -0.00556690199 -3.2732389
108 110 124 159 2 -0.0130083142 -3.76230621
86 87 143 178 2 -0.442628175 0.203422189
108 113 125 128 1 -0.00245773187 -2.2679584
49 53 84 86 1 -0.00382231106 -3.06567717
0 0 0 0 2 -0.811869681 7.36846066
134 134 152 155 3 -0.000332219934 -2.28704166
60 65 44 46 0 -0.0413839333 -4.47517633
62 66 17 52 4 -0.130846232 -1.45201254
0 0 0 0 1 -1.09719765 7.76934671
51 52 81 116 2 -0.019003436 -3.05376577
65 69 51 54 2 -0.0112834303 -0.587669194
65 69 80 84 3 -0.0678812861 1.94483566
143 149 83 106 1 -0.00344773266 -5.20057201
55 57 90 125 1 -0.000618623919 -5.01441765
123 129 86 90 0 -0.00816624518 -4.94506359
143 143 50 65 2 -0.00266727293 -4.61927271
93 97 107 110 3 -0.167931348 -1.01818681
146 147 100 106 2 -0.0951801613 -2.58575392
150 154 26 61 3 -0.000760714116 -3.27773833
111 116 74 76 0 -0.000352840871 -5.65419197
132 132 101 109 2 -0.00991479121 -1.89839935
70 74 88 111 3 -0.016842356 -1.35634863
0 0 0 0 4 -0.498212636 7.00642633
150 154 96 131 4 -0.017297579 -1.45719647
143 149 78 83 0 -0.0328825936 -0.902978301
0 0 0 0 2 -0.0121751027 4.8044672
60 65 98 102 3 -0.0398407504 -2.99976087
56 60 127 131 0 -0.00742471078 -3.01119351
146 146 108 114 3 -0.0225548036 -1.06518149
178 179 154 169 2 -0.100447215 -3.68785357
100 100 132 167 2 -0.0202445518 -1.35819149
54 56 119 126 2 -0.00356908585 -4.01452303
104 106 50 85 4 -0.0161290541 -0.0641175807
41 42 57 64 2 -0.0129612051 -1.20367765
150 157 69 75 2 -0.000197763002 -2.48851705
63 67 47 51 2 -0.00947730988 -1.71722746
0 93 37 0 2 -1.28814876 1.59567571
58 62 102 137 3 -0.0249676909 -0.848460793
69 71 53 55 1 -0.0102399094 0.25270164
98 98 106 137 2 -0.0129386941 1.52329826
104 107 52 56 2 -0.000113840229 -5.18324614
0 0 0 0 2 -0.00183313724 4.6626215
194 194 97 102 4 -0.0239730813 -4.83460903
110 110 125 133 3 -0.00746637862 -2.00511622
0 0 0 0 2 -0.00793630909 6.62629604
0 0 0 0 0 -0.0607926846 6.53180122
0 0 0 0 2 -0.0270971544 7.06870317
0 0 85 89 3 -2.04654384 1.45261025
158 158 32 63 3 -0.0299669039 -4.7733407
56 56 68 73 3 -0.01933337 -1.98991632
0 0 0 0 1 -0.0394528881 3.89265561
0 0 0 0 2 -0.594696045 2.80963659
99 100 46 81 4 -0.0824022144 -0.0957428515
130 133 65 67 2 -0.00314840232 -4.86728334
8 22 27 71 4 -1.22278595 -1.11495602
112 116 35 40 3 -0.00408077613 -2.37306786
83 88 103 111 3 -0.0027921563 -3.80352855
146 147 160 166 2 -0.00366450986 -4.47281742
60 63 47 54 3 -0.0032411369 -2.75563812
85 87 103 126 3 -0.000796669745 -2.65713286
67 70 124 159 0 -0.0160795059 -2.2614367
32 32 49 57 2 -0.000129934604 -3.67077041
43 47 81 116 2 -0.003328552 -4.40878582
0 0 0 0 1 -0.00837714039 4.28372097
56 61 120 126 2 -0.0264118388 -2.67533255
0 0 0 0 3 -0.106573753 7.46968031
164 165 174 0 1 -1.6048317 4.42723465
72 75 121 144 0 -0.000344007567 -3.95552945
82 85 28 63 2 -0.00682216743 -0.186154932
98 102 78 85 3 -0.00275213923 -2.39055037
29 33 98 106 3 -0.00754899858 -1.3020792
55 60 98 133 4 -0.000979462755 -3.05786967
130 133 56 91 1 -0.0182443 -1.26338506
109 109 123 127 3 -0.00402879389 -0.726436377
105 105 118 125 3 -0.000417672505 -3.08563852
104 106 117 124 2 -0.00387744815 -4.77819967
83 85 92 107 3 -0.00352538237 -0.744173765
72 78 121 123 1 -0.00972218625 -0.112541676
115 115 130 132 2 -0.00095817598 -2.88966107
162 162 34 39 3 -0.0108286552 -2.61955595
106 106 120 127 3 -0.000281782472 -3.13233685
149 149 0 0 2 -1.25885046 1.31866407
73 75 36 59 2 -0.00447771419 -3.8236146
91 99 41 56 2 -7.90347331e-05 -3.27512717
126 129 65 73 1 -0.00111629406 -4.29856348
0 0 0 0 3 -0.330358505 6.07041073
54 55 96 131 3 -0.248430908 -2.39507246
96 100 112 118 4 -0.000131842069 -2.21130919
65 68 116 147 3 -0.000714514055 -2.68322968
108 109 120 151 3 -0.0190260466 -2.67325997
81 89 110 117 1 -0.131451339 -0.607934833
203 209 100 135 2 -0.0189833008 -1.61701298
135 135 66 74 2 -0.000416707509 -2.00595117
126 130 139 162 3 -0.0143173449 -2.75699639
47 52 91 126 3 -0.00230296282 -3.95840335
121 129 56 87 1 -0.00529855257 -1.86442089
117 122 65 100 1 -0.000286087801 -2.75292683
95 99 56 57 2 -0.0106933843 -3.19967198
166 167 192 227 3 -0.023346426 -4.26040316
51 56 96 101 0 -0.000500616501 -4.20771742
111 112 127 132 3 -0.0060995128 -3.09669638
114 114 123 130 4 -0.010527092 -0.315530956
56 59 151 156 2 -0.00155703176 -5.66442823
107 107 121 152 3 -0.00331607042 -4.9177475
181 184 108 112 2 -0.00422994932 -2.17275882
0 0 0 0 2 -0.00200733053 5.75816011
209 209 96 131 3 -0.812936187 -1.65175867
91 91 46 81 3 -0.000861915876 -4.94782162
88 95 132 167 2 -0.0556927249 -0.984010577
78 82 16 57 1 -0.0799284801 -0.0884889066
134 138 82 117 1 -0.0226494409 -4.42416859
125 129 54 89 0 -0.00877236109 -4.98070192
69 169 109 144 2 -0.995074213 -1.03285813
0 0 0 0 2 -0.0071762111 4.06441307
58 61 76 111 3 -0.158913463 -0.890138924
116 121 71 106 3 -0.170180395 0.477589548
95 97 44 55 1 -0.0244854614 -1.0254159
75 75 85 108 3 -1.15917253 0.29820627
62 62 79 90 2 -0.0038602706 -3.18903542
0 0 0 0 3 -0.906181216 7.76630449
135 136 66 97 3 -0.0202208143 -5.30069828
96 98 69 74 1 -0.0792605653 -4.35113001
0 0 0 0 3 -0.471329898 3.232265
107 111 50 57 1 -0.000261167152 -3.43280935
0 0 0 0 3 -0.0232603271 4.60432816
16 22 26 61 2 -0.0779350773 -1.85060334
96 99 111 126 3 -0.0011886186 -2.68828893
80 81 120 155 2 -0.0694132596 -0.134337842
171 172 148 153 3 -1.18597507 -3.38951182
101 104 20 43 1 -0.0683013871 -2.43213058
83 91 143 152 0 -0.0105872955 -6.35928822
86 90 63 67 0 -0.0651770011 -0.914859116
216 219 36 42 0 -0.0638817251 -5.18074322
95 96 49 84 2 -0.00315718516 -4.51047182
17 17 38 41 3 -0.0627910346 -1.32994461
57 60 70 105 3 -0.00208151527 -3.25593543
79 80 92 95 2 -0.0196720343 -4.25508976
56 59 75 78 1 -0.00290023489 -2.74406958
140 144 61 72 1 -0.00104397093 -2.80242729
53 59 94 129 0 -0.000431249966 -2.22864127
130 131 68 80 2 -0.0146572655 -1.96683264
130 130 96 101 3 -0.00436896272 0.0537242591
61 65 49 51 1 -0.00104144658 -3.98088646
43 47 76 111 1 -0.0284718852 -4.85209703
42 46 142 165 2 -0.00325975381 -4.83460236
39 45 76 85 1 -0.00030277425 -3.45293593
63 65 49 52 2 -0.00185348722 -3.54751754
151 152 172 179 1 -0.0280067716 -0.547668993
92 94 111 117 2 -0.00635887263 -3.21063805
12 12 17 24 4 -0.0322501175 -1.06634665
12 17 21 44 0 -0.195942432 -1.39191556
74 78 42 57 4 -0.175649479 -4.61919594
57 62 39 45 3 -0.000114200629 -2.34412861
54 54 67 102 3 -0.000386537344 -4.80947542
72 73 89 104 4 -0.00169414876 -2.67874503
90 91 78 85 2 -0.250173032 -3.06303167
56 61 31 38 4 -0.00635463139 -1.34720659
138 139 162 165 3 -0.0452659205 -5.11364794
81 81 47 53 2 -0.000545645016 -3.18144774
84 88 106 137 2 -0.00657868339 -2.88171625
105 111 82 91 1 -0.0107402895 0.690303981
40 41 59 65 4 -0.000925984408 -3.91287518
45 48 68 91 3 -0.00282014185 -3.131917
56 61 71 82 3 -0.00441069389 -2.19832897
50 54 63 66 2 -0.119456679 -4.17349434
50 54 58 65 1 -0.0457095206 -1.30703712
78 80 88 93 1 -0.0132689439 -3.900846
39 40 44 52 2 -0.0401958935 0.501837373
47 50 74 109 2 -0.0144510278 -4.77800798
70 80 92 127 0 -0.000570341479 -4.76211834
55 59 115 123 2 -0.000311117008 -3.45673704
67 71 79 114 3 -0.00275894627 -5.11203432
83 89 69 72 0 -0.00118330412 -3.20618629
68 68 55 56 3 -0.000919614569 -2.95012784
56 57 75 81 3 -0.0381330773 -4.26222849
56 57 74 109 3 -0.00738176145 -5.02725506
43 43 55 60 2 -0.00115696189 -1.97674775
151 153 60 95 2 -0.0243775602 -3.39993525
69 73 104 127 2 -0.00450179446 -2.84574842
123 123 66 101 3 -0.000568818301 -4.41433573
93 99 110 114 0 -0.00224727509 -5.0727644
47 47 86 94 3 -0.00797874946 -1.94249535
96 96 126 129 3 -0.000587607501 -5.02183247
21 22 39 46 3 -0.0322466306 -3.07836819
34 36 105 112 3 -0.0212908164 -2.23821354
4 4 7 42 3 -0.116511084 -1.03340912
55 55 71 94 3 -0.00129916647 -4.47778463
60 61 87 95 2 -0.00130956911 -4.1376791
119 119 41 56 3 -0.00134129846 -2.53547001
29 32 36 59 2 -0.254500031 0.111118376
127 127 88 111 3 -0.00150848064 -2.27322364
75 75 34 65 2 -4.327235e-05 -3.89804149
63 65 84 87 2 -0.0416138135 -1.4105835
92 94 34 69 2 -0.00065186579 -4.88125181
99 0 120 143 2 -1.31146765 -1.50889063
101 101 83 91 2 -0.00209928956 -2.42666316
161 164 89 124 1 -0.00359167322 -4.22093487
57 58 78 113 3 -0.0313072838 -5.86229515
84 84 170 205 3 -0.0335085951 -2.65799952
113 114 72 95 1 -0.00057843572 -1.79186773
87 88 65 68 2 -0.00182798714 -3.15708995
148 149 97 132 3 -0.00369800767 -4.093997
48 49 120 135 3 -0.0261599887 -2.99089766
94 96 64 79 1 -0.00277254055 -3.21054602
95 96 53 88 2 -0.105795152 -5.28736496
120 122 75 98 2 -0.00552639319 -3.06433606
17 19 40 43 2 -0.0569668859 -3.51696038
54 57 70 93 1 -0.000173682012 -3.58602452
41 44 56 58 2 -0.000248063559 -5.73443842
123 124 139 145 2 -0.000176778834 -3.56363797
39 40 51 66 2 -0.0152275553 -4.38995695
0 0 0 0 3 -0.0352676697 4.33803129
0 0 0 0 3 -0.0124245556 5.52996063
0 0 0 0 3 -0.745321035 4.20791769
0 0 0 0 3 -0.00111824588 5.27231884
0 0 0 0 3 -0.0277198572 4.88712549
0 0 0 0 3 -0.0833001435 3.4314692
0 0 0 0 2 -0.0137475533 5.84609556
0 0 0 0 4 -1.14416635 7.25457001
0 0 0 0 3 -0.0149493935 5.47606087
0 0 0 0 1 -0.515789926 7.03170347
0 0 0 101 1 -0.471415281 0.882071435
0 0 0 0 1 -0.605618179 4.96718121
0 0 0 0 2 -0.0138462707 5.62637949
0 0 0 0 0 -0.0251160823 4.73550653
0 0 0 0 3 -0.659928143 6.29695463
0 0 0 0 3 -0.00121703802 3.49001145
0 0 0 0 2 -0.160052016 5.2588644
0 0 98 102 2 -1.44086695 2.56784248
110 111 124 126 2 -0.0170901455 -1.73936677
134 138 52 59 1 -0.00796486344 -2.88747859
82 92 51 56 0 -0.00782037713 -2.27886248
64 19 23 58 2 -1.18793762 -2.63532662
159 165 67 102 1 -0.0221515466 -1.24643338
115 119 30 65 3 -0.000317550264 -2.84256649
53 60 43 48 1 -0.000288951735 -2.29844785
125 128 52 87 1 -0.00482615083 -2.57404518
68 69 113 124 2 -0.00447741663 -3.7013216
42 42 129 132 3 -0.000991048175 -1.07512712
120 127 138 146 0 -0.00189742737 -2.76031113
45 48 59 66 2 -0.0268593803 -3.24418211
61 64 81 116 2 -0.000659689656 -4.81312275
35 38 48 54 0 -0.0328238495 -2.52194881
83 87 99 114 0 -8.49950811e-05 -5.39760876
53 57 71 102 3 -0.0209032167 -4.22526979
85 85 107 138 3 -0.00243045227 -3.2013886
160 164 75 86 1 -0.00451549748 -4.37788105
93 94 53 76 3 -0.0207260884 -3.02574444
117 123 203 209 0 -0.0228051003 -2.40071058
53 60 68 75 1 -0.000168795974 -3.56553555
42 46 61 68 3 -0.00120964041 -3.29811954
52 56 66 73 4 -0.286304504 -3.39700937
51 54 76 111 1 -0.00357793923 -3.63121581
56 62 152 187 1 -0.059655413 0.630815685
71 75 89 124 4 -0.000158543946 -2.2182765
56 61 75 106 4 -0.000761888048 -3.64167571
41 41 53 68 4 -0.0767726302 -2.89140654
37 40 71 75 4 -0.00580315338 -3.44827986
0 0 0 0 1 -0.0734979287 5.07976055
0 0 153 188 1 -1.59344101 3.14145088
15 20 35 70 1 -0.0366776511 -2.03264594
59 66 154 189 0 -0.0159074049 -2.69782901
0 0 0 0 1 -0.234915003 7.08919954
0 0 0 0 3 -0.341498762 7.22372484
90 90 168 183 2 -0.0140491631 -4.34709501
63 68 45 51 1 -0.000389545632 -3.40983725
99 103 50 85 1 -0.00796033256 -1.02589631
108 113 62 68 0 -0.00115941698 -2.41519308
157 163 106 110 0 -0.00309464918 -2.18869233
0 0 0 0 2 -1.31985795 4.93906212
63 66 116 122 2 -0.49767825 1.13361835
79 81 55 59 2 -0.00668399641 -3.02633023
80 83 152 157 0 -0.207025737 -0.517404139
39 42 48 83 3 -0.0138368485 -3.03312588
66 89 0 129 3 -2.48773265 0.690449655
132 133 109 118 2 -0.00180021836 -4.75221777
77 81 48 56 1 -0.00862410571 -2.15193176
0 0 0 0 1 -1.4260807 1.96316886
10 11 21 28 2 -0.0578015335 -0.354002237
29 32 10 18 2 -0.00185947865 -2.74496126
94 101 26 35 1 -0.00273004291 -3.51173997
136 139 101 107 1 -0.000358888443 -3.05100989
85 85 32 35 2 -0.226339087 -4.38386154
83 88 61 68 2 -0.0333989672 -0.242474243
0 0 0 0 3 -0.0112433489 4.17493486
66 72 41 48 3 -0.0013384663 -3.63309216
67 71 118 153 3 -0.000617234851 -4.81376553
91 97 107 142 1 -0.00901142415 -2.65511012
120 121 139 174 2 -0.330640912 0.831571281
40 43 80 91 2 -0.124166183 -3.85557342
61 67 77 83 0 -0.00170784467 -2.29637742
88 89 127 129 3 -0.00474009942 -4.48762512
99 102 117 152 3 -0.00080438389 -3.28352427
152 155 68 103 3 -0.00228344463 -2.99798179
35 35 61 68 2 -0.000420509488 -4.71028328
0 0 0 0 2 -0.936259985 2.0874207
0 0 0 0 4 -0.0466516763 3.57983613
42 45 59 70 3 -0.0792289153 -0.271550864
50 56 63 65 3 -0.0288381856 -1.32667923
88 92 105 128 4 -0.00931887049 -1.93471646
128 133 105 112 1 -0.041963622 -2.0971005
50 51 66 101 4 -0.00126546877 -4.88427019
0 0 0 0 2 -0.0814368427 4.71114349
47 47 59 61 4 -0.0320261121 -2.03599715
41 41 127 135 4 -0.00551459426 -1.53595853
109 111 59 94 3 -0.0321400724 -3.43077469
93 96 73 78 2 -0.0058518704 -2.2733252
134 137 116 124 2 -0.0155030657 -3.63073778
129 129 82 113 3 -0.0130699147 -2.99675465
127 127 0 0 3 -2.47133327 2.38307142
82 90 43 48 0 -0.0207551736 -2.39912891
99 99 80 84 3 -0.00118735305 -3.29639602
65 69 84 119 3 -0.0003893924 -4.87239361
41 44 57 61 1 -0.00141436362 -1.7366786
45 49 82 97 1 -0.0995086581 -1.80394411
130 137 170 177 0 -0.071736671 -5.40734243
163 170 86 91 1 -0.0296853296 -2.58450389
79 80 113 116 2 -0.0020330532 -2.64758444
77 79 95 126 2 -0.0160439331 -2.36737514
46 48 55 90 1 -0.0183726884 -2.82817578
0 0 0 0 4 -1.1926316 7.53346014
0 0 0 0 2 -0.303569824 6.53477526
0 0 0 0 2 -0.653213143 6.61597252
57 62 35 43 3 -0.000480939896 -3.95125437
111 115 72 95 3 -0.636099279 -0.0378451049
0 0 0 0 2 -0.477047086 4.15682364
95 104 117 148 0 -0.0014317513 -3.07600188
118 126 43 78 3 -0.0808274448 -2.4773519
47 51 115 124 4 -0.00033865805 -2.87076449
0 0 0 0 2 -0.0025373071 4.55214453
0 0 0 0 1 -0.0180041362 5.70152569
57 63 100 108 2 -0.00164658029 -3.14446616
127 130 195 202 2 -0.000790862308 -2.12842989
99 102 87 93 2 -0.0201965589 0.254236281
151 155 83 118 3 -0.00379773835 -1.6494205
59 59 75 80 3 -0.00141711044 -6.10220528
173 174 105 140 2 -0.193483874 -0.248171225
0 0 0 0 3 -0.0677685812 4.18789434
96 96 38 42 4 -1.69957137 0.458812714
103 105 54 89 1 -0.118411571 0.660867512
116 118 65 70 3 -0.00186697976 -3.77944207
26 31 36 43 4 -0.00484130252 -3.10215068
105 109 122 133 3 -0.00152906007 -3.98412824
98 106 32 39 2 -0.000755253015 -3.71327281
44 47 22 27 1 -4.95907479e-05 -5.3229785
0 0 0 0 3 -0.155050516 6.57567167
126 131 140 144 4 -0.0571434908 -3.20933843
103 105 63 98 3 -0.0628344193 -3.77143908
123 127 48 83 3 -0.0217232555 -3.59744883
0 0 0 0 0 -0.00501150638 6.42720366
62 64 39 47 2 -0.000928245019 -6.08468628
0 0 0 0 1 -0.0079900939 6.72343493
113 116 36 59 3 -0.0539115705 -3.84039807
36 36 41 48 2 -0.0153979985 -3.66430378
39 40 119 154 2 -0.0388817452 -1.41987109
0 0 0 0 2 -0.312902182 6.96295166
56 60 26 37 3 -0.0579712316 -2.7289145
0 0 208 155 1 -2.25449681 2.95377302
128 135 109 116 1 -0.000784740958 -2.27224588
132 132 107 114 4 -0.0411617309 -0.341070712
50 57 79 114 2 -0.0346483476 -1.8817687
52 0 69 80 2 -0.907362282 -0.939186633
171 174 50 85 2 -0.365275711 -2.56532645
17 20 32 40 0 -0.00479045277 -4.59328604
61 68 113 117 0 -0.0549995117 -0.597091913
97 99 114 149 2 -0.00159263972 -4.67715979
52 56 102 109 2 -0.402727932 -0.504225433
66 71 85 116 1 -0.00500520552 -1.23516321
53 57 77 112 4 -0.0578331836 0.204275548
54 60 76 84 1 -0.0063279788 -5.16021729
128 136 69 104 4 -0.000141140685 -3.4656558
30 34 46 50 1 -0.00141006405 -3.04401875
104 108 62 66 2 -0.647375405 -4.01621628
96 96 105 109 4 -0.0150687899 0.934899747
60 62 90 96 2 -0.529779732 -1.79785109
113 119 56 61 0 -0.00103656598 -2.35867763
54 58 110 141 2 -0.000733533001 -1.90821004
46 48 66 89 2 -0.430170536 -2.54095507
80 84 93 128 2 -0.0453755669 -0.635552526
52 59 119 121 2 -0.513967991 -1.84054089
162 164 175 179 2 -0.00956646353 -3.37262893
117 122 45 51 0 -0.0278062969 1.52934837
23 38 54 60 4 -1.21608806 -0.640675604
105 105 120 127 2 -0.379559964 0.680003464
94 100 50 57 2 -0.00728912512 -2.62705541
84 85 101 106 4 -0.00586664956 -0.561065435
0 0 0 0 3 -0.00220378907 5.163764
123 126 145 152 2 -0.00277966913 -3.37915683
0 0 0 0 2 -0.0061342516 6.54460859
0 0 0 0 3 -0.0377181061 2.52460098
106 107 66 71 3 -0.0369738974 -1.90062761
55 57 39 45 2 -0.00556699466 -3.44208169
89 93 106 141 3 -0.0611818545 -4.52992487
159 135 92 98 2 -0.883470893 0.236179173
0 0 0 0 3 -0.800162375 7.68618441
110 119 28 36 0 -0.00903589837 -3.74926877
31 39 88 103 0 -0.339420468 -1.20792353
145 149 162 169 4 -0.00211608969 0.742074668
106 107 52 63 1 -0.574864626 -0.544234931
47 55 59 64 2 -0.0938723385 -2.97127867
114 121 53 59 0 -0.0328833088 -3.08086395
154 155 126 134 2 -0.00936861336 -0.979688346
150 157 172 207 2 -0.000855052436 -4.83746529
139 145 53 76 2 -0.00525543187 -4.11035633
50 58 78 87 0 -0.0118578589 -3.63253832
96 99 107 113 2 -0.00389302056 -5.27870035
8 12 18 53 4 -0.0670539439 -1.93903041
64 65 74 109 3 -0.139134765 -3.56030178
183 184 55 90 2 -0.172037289 -2.7472887
0 0 0 0 2 -0.0272450708 4.9002986
133 139 69 74 2 -0.0114660021 -3.74874187
57 59 74 81 1 -0.00108052394 -3.18301415
107 107 50 54 3 -0.00605533179 -2.83474445
54 56 99 134 2 -0.146815598 -3.08222198
51 52 90 125 2 -0.0111960508 -4.28741407
92 94 60 67 2 -0.00274964864 -5.11824036
24 27 35 70 2 -0.354142159 0.251694381
0 0 0 0 2 -0.668352842 3.89750934
107 112 43 48 4 -0.0120686637 -1.35482776
110 113 124 159 2 -0.00118456245 -2.88822412
92 99 134 184 3 -0.336062729 1.58980703
0 0 0 0 1 -0.0288119875 3.06198573
50 51 114 121 3 -0.00735226553 -2.39767694
12 19 31 33 2 -0.656423211 1.68591094
35 40 76 78 2 -0.0158078484 -2.80787396
15 19 32 35 3 -0.423855186 2.12534475
140 147 109 116 3 -0.00107979833 -5.95836401
0 97 89 97 3 -0.739321113 -1.38122499
235 238 144 152 2 -0.0583517663 -1.91874075
38 39 138 142 3 -0.00612303289 -3.17116165
101 109 57 64 0 -0.00247278437 -4.49161434
0 0 0 0 3 -0.236442342 2.9458034
54 54 124 131 3 -0.0101112239 -2.21846771
52 57 74 77 3 -0.0290552061 -5.34776163
144 147 53 68 3 -0.0172422752 -2.97808027
42 48 66 101 1 -0.000162835931 -1.48494744
0 0 0 0 1 -0.00589167699 6.56171322
171 173 116 131 3 -0.178890258 -1.94470406
47 52 76 111 0 -0.063748531 -4.13612938
72 72 49 57 4 -0.00124661764 -2.8974812
39 45 62 68 2 -0.00279238983 -3.77990389
54 58 123 158 1 -0.000273571175 -1.80686426
103 108 47 50 4 -0.0233219285 -2.26914024
103 107 119 126 4 -0.00021468979 -3.94857264
0 0 0 0 2 -0.0308319479 7.81794691
0 0 0 0 3 -0.0315454267 4.94426394
0 0 0 0 4 -0.801868916 7.0233407
30 36 56 91 2 -0.988883138 -3.62956142
40 42 93 104 2 -0.758631468 -1.3148067
56 56 93 101 2 -0.000577118655 -3.40598774
100 102 66 70 2 -0.336973548 -3.22855449
15 15 31 39 2 -0.03924153 -1.09300661
53 54 72 107 2 -0.00304992194 -3.89397097
0 0 0 0 1 -0.102483921 3.45656538
88 90 100 106 1 -0.00158323126 -2.70683289
123 127 53 61 2 -0.00477606151 -1.99083114
144 144 76 99 2 -0.00536952866 -2.24993944
60 60 119 154 3 -0.00030515602 -4.05955744
46 49 56 60 0 -0.0482621193 -1.98646188
83 87 57 61 2 -0.00127750076 -4.33279562
0 0 0 0 3 -0.282392055 7.53010082
92 97 126 134 1 -0.00693306699 -2.89390588
49 49 63 68 4 -0.000641060586 -3.61794209
81 83 59 63 2 -0.000338176294 -3.34097409
87 93 69 73 2 -0.0124084773 -0.881850719
0 0 0 0 2 -0.330919743 7.30905628
176 176 99 104 2 -0.000383710081 -5.52173138
168 169 117 125 2 -0.123708278 -1.24940717
13 14 22 57 2 -0.0104039675 -2.59392095
46 46 22 29 1 -0.00623864029 -1.54828787
0 0 0 0 2 -0.654150188 7.54410219
47 51 57 92 4 -0.000356176315 -1.98381162
0 0 0 0 1 -0.0117016416 6.23812151
57 121 57 64 2 -0.581106305 -4.51494741
0 0 0 0 0 -0.0165941175 4.0417676
0 0 0 0 2 -0.00210386864 6.36501408
106 113 50 85 1 -0.0861827284 -0.939328313
65 68 159 190 2 -0.000165696372 -3.79060888
121 123 90 99 2 -0.00805484224 -0.986044407
0 131 0 0 2 -1.46433592 3.79538083
119 119 68 75 2 -0.00200120965 -2.97602272
0 0 0 0 3 -0.701721132 6.51390839
41 45 81 83 0 -0.00108199927 -3.29714775
71 75 45 53 4 -0.0188577287 -1.75046206
142 145 45 68 2 -0.0113012241 -3.84721923
28 28 41 76 2 -0.000118969001 -4.55147123
72 72 114 118 2 -0.016407121 -1.41074848
0 0 0 0 2 -0.350884229 7.27023888
108 116 59 94 0 -0.0357017331 -3.85012603
77 80 54 61 3 -0.00223823381 -4.41451025
45 47 59 67 3 -0.000345085107 -3.72811174
197 200 62 64 2 -0.00777209364 -2.04019117
109 114 84 86 3 -0.00119664147 -2.64689541
172 173 36 42 2 -0.00330035994 -5.13961506
110 112 45 53 2 -0.0788108781 -3.2448411
102 106 95 97 3 -0.00196931534 -2.28829122
62 63 27 33 2 -0.132719815 -0.836639047
114 118 60 64 2 -0.0326061919 -2.39076114
39 41 166 171 2 -0.46667701 1.66484547
64 64 46 48 4 -0.000208967933 -1.15341449
139 140 51 59 3 -0.399554402 -0.608677983
116 123 64 99 0 -0.000669066969 -1.27902436
160 161 102 137 1 -0.0105830356 -2.63036466
0 0 0 0 2 -0.338505685 3.14294887
0 0 0 0 2 -0.00326095126 4.02121592
60 62 79 114 2 -0.121444836 -5.17431116
98 100 112 123 1 -0.00703998189 -2.69458556
58 62 80 115 4 -0.0251721758 -1.7834723
194 197 100 135 2 -0.0116450312 -0.691837788
0 0 0 0 3 -0.946709633 6.323771
0 0 0 0 2 -0.0534649566 6.28374147
81 81 92 96 3 -0.0140498299 -3.65013576
26 28 47 51 1 -0.000532453763 -2.61592388
114 122 51 53 0 -0.00456873188 -4.71768713
165 165 77 82 2 -0.0341839343 -5.28441763
52 54 97 128 1 -0.0556264482 -3.56228304
75 81 110 118 0 -0.000276557461 -2.9468894
0 0 0 0 2 -0.31609863 3.88017011
75 80 88 96 0 -0.000248651137 -1.76637936
208 216 175 183 0 -0.0316428468 -5.03155947
0 0 0 0 2 -0.0347917266 6.50230455
103 103 0 32 2 -1.02658296 1.35601497
94 95 102 109 3 -0.0269295592 -0.716238379
84 84 42 46 3 -0.0622725189 -0.597430587
45 50 65 71 1 -0.019179048 -2.79594588
174 174 143 150 3 -0.000333173928 -4.46521521
59 67 86 90 0 -0.0488617606 -2.15174079
0 0 0 0 3 -0.00250523468 4.39723349
136 136 0 0 2 -0.608679056 3.81597972
0 0 0 0 2 -0.0170715079 6.29446983
159 160 86 121 3 -0.0636135489 -4.94869041
148 155 33 39 1 -0.00974411424 -4.72664642
86 87 143 145 2 -0.0106332274 -3.40401387
84 84 70 72 2 -0.00035247879 -0.944595635
97 99 41 56 2 -0.000539238506 -2.06822085
195 198 53 64 2 -0.741895795 -4.78878784
122 127 83 106 3 -0.199382484 -2.40141654
86 91 104 111 0 -0.0061138086 -2.64880395
104 111 120 143 0 -0.0164646003 -1.2654568
0 0 0 0 2 -0.00685300818 4.8628211
51 53 62 69 1 -0.137895301 -2.35727024
110 114 73 77 0 -0.00135232403 -3.69184136
96 100 114 121 2 -0.00212555937 -3.07528996
106 109 121 156 2 -0.00084239617 -2.5662992
25 30 46 55 0 -0.0018846615 -4.69434118
114 114 41 76 2 -0.021824751 -5.22490644
79 80 40 63 3 -1.83636403 0.495301306
132 136 66 101 2 -0.00955977105 -2.02107668
34 35 51 66 3 -0.0136049371 -4.021245
144 148 154 159 2 -0.0251801051 -1.24119902
42 42 92 99 3 -0.0704997033 -1.81777859
36 39 122 128 2 -0.00101936201 -3.16279006
83 90 172 207 3 -0.00115225196 -3.34963155
87 91 64 71 3 -0.000145075057 -2.48748302
145 152 76 78 1 -0.00154731574 -1.80461979
173 174 104 139 2 -0.0114540253 -3.68422651
36 39 125 160 4 -0.00275665941 -2.21179652
52 56 116 123 1 -0.149536908 -2.02603412
0 0 0 0 3 -0.00598298665 7.30583
57 65 129 144 3 -0.408887357 -2.43797278
33 39 51 86 1 -0.00329535501 -3.92881894
0 0 0 0 2 -1.4665463 0.564027131
155 158 74 105 3 -0.00027273508 -3.53687382
38 39 104 139 3 -0.101960994 -2.45386362
134 137 39 42 2 -0.000769340026 -3.05190897
152 155 119 142 1 -0.00609101914 -1.38274157
148 148 117 126 2 -0.00110415462 -3.36133528
44 48 56 87 1 -0.00306839822 -0.320896
0 0 0 0 4 -0.735248744 7.85189104
63 69 120 125 0 -0.000310514384 -4.93198156
80 84 0 0 1 -0.975913227 2.36122656
45 48 124 159 3 -0.00457521761 -1.34664428
119 123 140 146 2 -0.0349725969 -2.65105581
41 51 124 159 0 -0.73478651 -0.0527422428
119 127 43 78 2 -0.0033048219 -2.64550233
0 0 0 0 3 -0.548612952 3.30893803
212 212 50 65 3 -0.077958785 -1.6521616
94 95 53 58 4 -0.0312178507 -0.774657607
0 79 89 79 1 -2.24077058 -1.55037332
0 0 0 0 2 -0.0363978855 4.18574667
0 0 0 0 2 -0.00751889544 1.88648081
90 92 108 143 2 -0.00504018832 -1.90393615
106 116 130 145 0 -0.0229044147 -3.68789268
31 35 62 68 2 -0.0292569622 -2.66836834
0 0 0 0 2 -0.032553371 2.76495028
50 55 71 79 3 -0.0165505484 -3.27105904
66 69 44 49 3 -0.499027342 -1.29598975
104 104 77 83 2 -0.509887218 -4.89172459
121 121 137 154 3 -0.631076753 -4.85094547
52 147 159 194 3 -1.28533745 0.477625012
0 52 57 62 4 -0.516005814 -0.478545696
29 29 40 48 4 -0.0058934628 -0.149150342
134 140 113 117 1 -0.737426281 0.21164155
0 0 130 136 1 -0.867053747 1.29523826
179 190 120 155 0 -0.00142212585 -3.6846416
131 134 71 74 2 -0.00722720008 -4.51179314
152 153 91 98 2 -0.00406102277 -2.39753413
86 89 21 26 1 -0.000398019765 -5.15471888
104 110 64 69 0 -0.00338755944 -4.90631676
47 53 84 88 0 -0.00119829958 -2.97132516
68 69 41 49 2 -0.0143212173 -3.32521939
0 0 0 0 2 -0.000743764918 5.38405371
109 110 63 94 3 -0.737502694 -2.5516839
76 81 37 60 1 -0.000211588544 -3.28155518
94 97 107 118 2 -0.000406358507 -1.43201089
76 80 86 93 3 -0.0084867999 -0.478077918
166 174 57 80 1 -0.100516707 0.0876890421
100 100 52 87 3 -0.00567455636 -1.47764158
174 174 117 125 2 -0.000329592265 -2.62928796
79 80 91 126 3 -0.186514795 1.19248199
101 105 120 125 4 -0.00210219645 -1.88328505
50 58 71 106 1 -0.00842954498 -2.60706687
68 74 48 55 2 -0.05645198 -1.77560663
57 64 82 117 2 -0.0021255312 -1.77644181
119 124 52 56 1 -0.000311474927 -0.0763696134
39 41 95 97 2 -0.110213935 -1.33629692
71 75 50 57 2 -0.00472096773 -2.40067768
0 94 0 0 3 -1.31533778 2.21993947
85 87 104 135 2 -0.026485892 -0.215668738
71 76 49 57 1 -0.002209367 -0.408945203
40 42 62 97 2 -0.00166779407 -5.52001858
91 91 44 79 3 -0.000220407659 -3.08202195
37 37 49 84 2 -0.000156753566 -4.53514528
61 62 137 172 4 -0.0149596864 -0.541998863
109 109 56 71 3 -0.000667857646 -2.93033433
68 73 86 121 3 -0.339190751 -0.531691492
0 97 0 0 2 -2.31753993 0.55469048
99 105 146 150 2 -0.496986449 -3.00690484
90 98 60 67 2 -0.00238132686 -4.47331524
75 79 111 118 4 -0.0483429469 -1.65152645
0 0 0 0 1 -0.626560569 6.35703516
33 40 58 93 0 -0.00656714616 -6.50380993
167 171 39 74 3 -0.00695147645 -5.56005573
105 110 161 196 3 -0.0571090318 -1.89741445
0 0 0 0 2 -0.0600188188 6.45162106
22 26 31 66 4 -0.056245219 -0.464260429
57 64 72 74 2 -0.00838279724 -2.1017065
93 96 112 147 4 -0.0254862066 -2.49926925
64 65 99 134 3 -0.0462814309 -2.74074841
93 40 50 65 4 -0.890288711 -2.53013635
0 0 0 0 3 -0.519746363 6.63206482
81 82 60 64 2 -0.00107414171 -4.28156519
90 90 100 107 2 -0.00111189205 -2.85576105
127 128 153 168 2 -0.00298464764 -5.49282789
46 47 66 101 2 -0.00284533389 -4.64906168
63 66 17 52 2 -0.0796741769 -0.328055948
114 120 12 47 1 -0.00787245575 -2.07953405
65 71 29 60 1 -0.00441598147 0.102631986
137 137 106 117 3 -0.00134469336 -1.61806893
101 107 123 125 0 -0.111307301 -4.65102148
76 80 55 60 0 -0.254094929 -2.92271304
55 55 36 39 2 -0.00495446147 -3.16339922
42 51 100 108 0 -0.0301347133 -3.66659069
51 51 61 96 3 -0.00141211646 -3.29428267
125 126 80 115 4 -0.0115610678 -6.03978539
0 0 0 0 2 -0.634266853 5.49053717
38 42 52 83 4 -0.189123273 -2.45447659
141 145 118 123 4 -0.00564874196 -3.65049601
90 90 119 126 3 -0.00147919613 -1.89510465
40 41 103 138 4 -0.0621073395 -4.82675457
47 51 63 66 4 -0.000742586912 -1.01183295
133 143 155 161 1 -0.000513723935 -2.67578292
0 0 0 0 2 -0.00132702512 6.39399576
0 0 0 0 2 -0.295658112 6.32889938
101 109 45 50 2 -0.0172701851 -5.09544373
56 59 40 45 1 -0.00938507728 -3.99873352
152 158 114 118 3 -0.050217323 -3.79244065
60 62 135 142 2 -0.702383459 2.44303799
99 107 119 154 0 -0.142899215 -2.55326986
0 0 0 0 3 -0.293275118 2.38446164
0 0 0 0 3 -0.00764308544 7.31612301
0 0 0 0 3 -0.224134028 6.22506809
71 74 48 50 4 -0.000819827081 -2.54556441
0 0 0 0 2 -0.0544294678 5.63013458
30 38 42 65 2 -0.172018826 -0.727766156
0 0 0 0 2 -0.00385414716 4.89291286
114 115 63 98 3 -0.0111364014 -2.13281202
47 52 66 101 4 -0.00133349106 -1.80333543
64 64 34 42 3 -0.00251449039 -2.54962945
103 107 53 88 1 -0.00146852783 -4.37607098
168 168 118 153 3 -0.00384293543 -2.82236624
0 0 0 0 1 -0.503704488 7.50537205
43 46 106 141 3 -0.00246170512 -3.83213496
92 100 134 136 0 -0.126248285 -3.35469556
0 0 0 0 3 -0.201953158 4.21578741
97 100 35 70 3 -0.289212227 3.80592704
0 0 0 0 3 -0.0110465484 4.57317019
0 0 0 0 2 -0.0534877479 4.665833
39 44 53 76 1 -0.000658321485 -1.52856874
54 54 70 85 2 -0.0304493085 -5.25541782
0 0 0 0 2 -0.0847070217 0.22671622
160 164 42 77 4 -0.0116223311 -5.56314564
129 130 49 64 1 -0.00287894555 -2.55410647
99 105 63 68 2 -0.00265760184 -3.20874047
61 65 80 115 3 -0.00101171993 -3.57713962
95 103 38 45 0 -0.453537941 -3.01683688
75 79 167 173 3 -0.0772810876 -4.8591342
82 82 91 98 2 -0.321072131 -1.3151381
100 104 113 117 2 -0.627710402 -2.46987033
94 97 38 73 4 -0.000625541783 -2.15427542
59 59 49 51 3 -0.0231248494 -0.380739212
59 59 78 113 3 -0.0161591433 -2.31440401
37 39 94 101 2 -0.00628743228 -3.49083471
64 72 96 103 0 -1.26589823 1.95064116
90 92 105 112 2 -0.328300118 -5.27336454
140 140 168 173 3 -0.0372957475 -5.50243711
0 0 91 99 1 -0.508673728 1.03057909
40 40 50 85 3 -0.00384855783 -3.44693518
0 0 0 0 2 -0.731150866 7.66655874
124 124 94 109 2 -0.0077125188 -2.9837532
132 133 112 118 1 -0.000914019765 -4.2799511
114 115 36 67 3 -0.00744292326 -7.19846821
34 37 129 132 1 -0.0554811284 -3.50595021
155 158 105 136 2 -0.108823046 -1.72494841
73 73 44 51 3 -0.0472261496 -4.23685312
0 0 0 0 1 -0.0179983526 2.30887175
137 138 160 164 3 -0.249663115 -3.08652091
0 0 0 0 1 -0.315877318 7.12182522
97 101 50 85 3 -0.00101025926 -3.05685019
144 146 81 112 2 -0.000871361292 -4.82549191
52 60 73 76 0 -0.00451408373 -2.13640952
170 171 44 49 1 -0.0221072659 0.69121033
56 0 0 0 1 -1.88193595 1.35976791
132 136 76 82 3 -0.120822616 1.49425721
96 100 22 57 3 -0.00894378684 -1.97026825
0 0 0 0 3 -0.403885126 2.05472279
87 91 59 70 2 -0.0251322649 -2.62703943
0 0 0 0 2 -0.691375911 7.563519
60 64 77 108 1 -0.147340849 -1.92252731
85 85 98 104 2 -0.0715264454 -2.43085527
117 117 149 153 2 -0.00702311983 -0.720707774
48 60 119 154 0 -0.0418617353 -2.43652964
0 58 116 118 2 -1.4239794 0.469487071
212 214 71 106 2 -0.154307827 -0.0752386451
66 70 86 93 4 -0.0114848902 -3.3958571
88 94 50 56 0 -0.000941192207 -4.65799284
64 72 85 91 2 -0.0053521567 -0.839761138
139 143 89 124 3 -0.00541111687 0.156062484
131 131 48 83 3 -0.0673259422 -3.88024831
0 0 0 0 1 -0.758931935 6.39544821
55 57 74 80 2 -0.000828223128 -4.95974588
0 0 0 0 2 -0.0857128799 2.59681082
116 118 133 148 1 -0.181070715 -1.70028949
49 49 61 66 2 -7.52198466e-05 -4.60207558
22 26 33 68 2 -0.0515244007 -1.11226594
78 81 89 92 2 -0.000227081007 -5.2510643
0 0 0 0 1 -0.0481836572 4.06944466
93 94 109 144 2 -0.016080549 -2.23411489
216 218 79 114 4 -0.0104074627 -1.64056873
0 0 0 0 2 -0.303085595 2.50072479
129 129 90 95 2 -0.1873478 -2.30681419
0 0 0 0 3 -0.0103855859 5.54802752
62 62 107 111 3 -0.000665756175 -3.11615586
151 156 102 125 3 -0.000586821407 -2.12780833
133 137 119 125 1 -9.13123877e-05 -5.51711702
110 116 136 140 1 -0.00369075523 -3.3255136
27 31 62 71 1 -9.81071353e-05 -3.61495781
41 45 57 92 3 -0.00126819347 -4.37915516
98 99 122 164 2 -0.0517035984 -0.135029793
80 84 125 160 3 -0.0297160596 -1.49614596
42 46 51 66 3 -0.355360657 -1.31953979
107 110 121 128 3 -0.000404572696 -4.03205872
119 123 26 28 3 -0.0162387174 -2.35611224
82 88 141 148 2 -0.112758107 -2.05119371
111 116 145 180 3 -0.000294788857 -4.66177416
0 0 0 0 2 -0.00966265984 4.97096252
122 125 49 64 3 -0.372861981 -0.879212677
17 20 110 145 3 -0.00328271859 -2.80031776
18 21 95 103 1 -0.123177737 1.71389318
0 0 0 0 2 -0.02440916 5.10512781
41 45 69 74 3 -0.0111491689 -2.69692731
0 147 0 0 2 -0.748960733 1.90207386
107 107 42 0 3 -0.448286772 0.457072198
90 94 39 47 0 -0.000807538629 -5.21259546
54 61 72 103 2 -0.109283827 0.287665963
34 37 41 52 0 -0.0945377871 -4.1111393
27 32 89 91 3 -0.124584325 0.169071496
129 134 93 93 1 -0.109214067 -1.70892048
0 0 0 0 2 -0.397613615 4.44770765
41 45 59 82 3 -0.00084573304 -2.34635901
60 66 42 53 1 -0.000313028373 -1.98450518
51 53 105 140 2 -0.594895363 -1.37136745
123 132 143 151 1 -0.00601486908 -4.42628241
61 64 76 81 0 -0.000455470406 -2.7578423
59 61 74 76 2 -0.019001212 -2.44265008
55 58 0 0 3 -0.340615988 2.02028751
116 121 48 55 3 -0.00173508911 -5.22782421
50 53 84 115 2 -0.0412142687 -1.6307075
86 90 103 110 3 -0.0472861826 1.13268042
142 149 71 86 2 -0.163116977 -3.12290835
82 89 131 166 1 -0.000311004551 -1.8562057
43 48 83 89 0 -0.134404942 -3.57636619
123 130 199 206 0 -0.00641701138 -2.56938934
105 109 83 90 3 -0.0731433257 -1.46606374
90 90 48 79 3 -0.0201555155 -3.08234191
0 0 0 0 2 -0.0477080755 7.51701593
64 69 53 58 1 -0.000473216554 -4.37073517
0 0 0 0 2 -0.792661786 2.93386722
0 0 0 0 2 -0.835525155 3.06967163
0 0 0 0 0 -0.0566232316 4.13832808
0 0 0 0 0 -0.611103058 -0.448463053
78 78 201 236 1 -0.801623404 -1.28530598
0 0 0 0 1 -1.08540392 7.21054792
131 139 66 101 1 -0.0140648037 -1.01574612
61 65 79 87 0 -0.000367475761 -5.6927104
0 0 0 0 2 -0.00103533198 5.08915615
107 0 0 90 2 -1.54890811 -0.695459127
108 113 88 93 1 -0.000846900046 -2.36953878
0 0 0 0 1 -0.257463247 6.31432962
159 163 47 78 1 -0.478637666 -1.26372695
0 0 0 0 3 -0.00306590553 4.11160421
0 0 0 0 0 -0.256650448 2.50379825
0 0 0 0 2 -0.736410558 6.41287613
125 129 76 111 3 -0.00138252205 -6.62500334
119 120 137 172 2 -0.14276059 -2.50465727
67 71 88 96 1 -0.0104203699 -4.28006029
123 127 70 105 2 -0.0122077726 -2.51569295
137 142 51 86 4 -0.00191982079 -1.28438282
0 0 0 0 2 -0.00645229314 4.99862576
117 123 151 0 1 -0.430265546 1.28732157
112 114 97 102 1 -0.00482998369 -1.2788918
48 53 106 109 1 -0.942833662 -2.89679718
80 83 20 23 3 -0.0746658891 -1.75250769
17 24 29 36 1 -1.30619144 2.24628282
0 0 0 0 2 -0.00154686894 6.06782579
34 37 85 93 2 -0.565601826 -3.64353156
67 69 87 91 2 -0.629448295 0.0724118352
62 69 45 47 2 -0.00114300335 -4.13647223
40 47 58 81 0 -0.0581935681 -2.20835543
0 70 40 41 1 -0.377104282 0.240968347
51 55 144 148 2 -0.111430109 -0.82200861
162 162 78 82 2 -0.676112175 0.200134337
83 88 99 134 4 -0.00372008164 -4.68383694
98 99 116 124 2 -0.0100919306 -1.41928756
127 128 27 62 2 -0.00938733201 -2.11714268
29 34 91 95 1 -0.10456945 1.54206133
86 86 19 24 3 -0.00727490894 -3.3639586
0 0 0 0 2 -0.49324137 6.25732517
45 47 110 145 1 -0.0151028037 -3.37680435
0 0 0 0 2 -0.221474275 2.93585038
122 128 180 186 3 -0.00349500589 -4.81713915
129 135 145 151 0 -0.4880808 -3.38650417
115 118 136 141 3 -0.0063357316 -5.97072697
115 116 129 137 4 -0.222585037 -1.15514088
90 92 105 108 2 -7.34317509e-05 -3.8120923
46 49 79 87 2 -0.0608969107 -0.593447924
95 99 42 77 3 -0.0145598957 -4.20793247
141 144 84 86 0 -0.00300334697 -2.43425751
133 135 91 94 2 -0.299403101 -0.405202448
35 41 49 84 2 -0.00116040709 -2.20427942
88 92 108 112 4 -0.000472859247 -0.200652763
32 34 48 83 2 -0.000788473641 -1.32175636
0 0 0 0 2 -0.0991201699 4.9024868
0 0 0 0 3 -0.125716642 2.63912725
44 44 77 84 3 -0.00148730632 -4.27899599
129 134 39 74 1 -0.0506548509 -1.84899211
117 118 132 155 2 -0.00354706263 -3.83793044
60 64 77 92 4 -0.0120884683 -2.66885257
169 173 47 82 4 -0.00283426279 -2.98524809
35 37 132 137 2 -0.00346093462 -4.14460325
0 0 0 0 2 -0.793045878 3.25808597
46 49 114 121 3 -0.00149721268 -3.56210303
50 55 72 83 3 -0.00738875382 -2.87013602
107 111 39 74 4 -0.00682022283 -1.20308435
0 0 0 0 1 -0.476907015 3.01239991
140 146 89 97 0 -0.00443179626 0.380353808
34 34 73 96 2 -0.000453799294 -4.43067646
31 35 114 116 2 -0.00464287866 -3.00164366
62 67 141 92 1 -0.700180829 -2.37955356
30 38 145 149 1 -0.00110046461 -3.82513976
75 76 96 104 3 -0.00133954675 -3.03076029
145 145 56 91 2 -0.000376443902 -2.47602677
137 141 159 174 2 -0.000967219472 -3.78473783
118 122 134 141 0 -0.2271588 -2.40070438
0 0 0 0 2 -0.0251516514 3.30000472
123 126 47 52 1 -0.100099757 -1.58580995
0 0 0 0 2 -0.000236263761 5.55679083
71 74 54 61 1 -0.000196451336 -2.23793006
73 73 108 0 3 -0.52562356 -0.605237246
105 107 118 123 2 -0.00817151368 -2.6775322
0 0 0 0 1 -0.0213805288 4.85225487
44 49 110 145 3 -0.0987113714 2.08381534
51 52 113 136 3 -0.00503383763 -2.95426679
136 140 48 54 3 -0.0118356701 -2.02912712
145 148 75 82 3 -0.0484353565 -2.03143024
0 0 0 0 4 -0.995583117 7.37326813
86 88 98 133 2 -0.00232993579 -2.69107938
35 38 44 79 1 -0.0341096856 -3.28991938
89 0 123 158 2 -0.683806717 1.66638684
126 133 145 168 2 -0.00150334253 -3.82863116
75 78 91 97 0 -0.000106928594 -5.61370182
173 174 41 46 4 -0.490042269 -1.43486643
118 123 50 65 1 -0.000110266665 -4.17272139
78 78 55 62 2 -0.000182382733 -2.6243329
0 50 0 61 3 -1.65976357 2.6259129
57 60 117 120 2 -0.000471309817 -4.82434988
103 109 55 90 1 -0.0614353642 -3.07026386
122 125 179 186 4 -0.00111476355 -2.30488229
85 91 63 67 2 -0.00993037224 -2.81526423
126 131 154 160 2 -0.000860023021 -2.25826168
33 34 91 96 2 -0.0791543946 -3.0499332
53 0 82 87 0 -1.4589721 1.30202246
107 112 65 100 1 -0.16198498 -0.715568423
0 0 0 0 4 -0.746642649 2.44442916
0 0 0 0 2 -0.00602287054 3.42361426
37 40 120 131 2 -0.0037198849 -3.68947339
48 52 92 100 4 -0.000701471174 -1.981951
66 69 85 120 0 -0.000343890395 -4.93731451
87 97 68 74 0 -0.000738131057 -3.9581902
101 104 163 166 3 -0.000869849813 -4.03369904
116 120 49 60 0 -0.0018385424 -2.25517559
75 80 89 97 1 -0.00591575261 -1.77519155
156 160 191 200 2 -0.00227822526 -2.32818842
0 0 0 0 1 -0.048377689 3.60996032
104 110 39 74 1 -2.0503936e-05 -3.85831189
61 65 102 109 4 -0.0014343753 -2.57640839
59 63 128 134 0 -0.00693984749 -3.80618501
0 0 0 0 3 -0.17354852 3.59404778
138 139 55 66 3 -0.0018567224 -5.18957329
104 107 125 160 1 -0.00306012202 -2.86689115
61 61 27 42 3 -0.014647224 -2.12953448
32 32 70 93 3 -0.0280560311 -2.18813729
0 0 100 104 1 -1.38187408 1.79592586
107 110 130 135 3 -0.000662616221 -3.69478154
66 73 110 117 3 -0.00193420611 -2.22947574
44 45 106 109 2 -0.00810795464 -4.21362352
118 120 133 137 1 -0.00124499016 -1.25878119
131 134 146 181 3 -0.00110041397 -4.64146137
0 0 0 0 2 -0.108455382 4.18947649
133 140 34 69 2 -0.0032268418 -1.1007297
66 66 83 90 2 -0.000325393543 -6.11120987
81 84 92 98 1 -0.000176064379 -4.07803869
0 0 0 0 2 -0.739842117 7.59008169
72 75 89 124 2 -0.665406346 -1.3056792
120 128 43 51 1 -0.000596838829 -4.78234673
48 49 63 67 2 -0.0022228735 -3.54403996
0 0 0 0 2 -0.0105627133 6.52130127
45 45 172 207 2 -0.00741493888 -6.30667162
112 113 82 88 2 -0.000662740611 -1.35704195
0 0 0 0 2 -0.000469532941 5.16156149
113 117 129 134 2 -0.00101543171 -4.46739578
104 105 41 76 2 -0.0140359541 -2.93977499
69 71 135 137 2 -0.0140570384 -4.03986216
26 29 96 131 4 -0.0908253565 -3.34396029
61 66 105 90 0 -0.115436308 -2.83259702
85 86 66 74 2 -0.00103705854 -4.07560301
81 82 112 127 3 -0.0371464491 -2.7048955
70 77 115 130 1 -0.000322317763 -3.02661705
79 0 132 138 2 -1.02759314 -1.16566086
130 134 112 115 1 -0.0013593199 -1.80646467
117 121 49 52 4 -0.000228869962 -2.82897186
54 57 92 103 2 -0.238191813 -1.16313267
0 0 0 0 4 -0.581577063 5.13764811
70 74 86 117 1 -0.00125355204 -2.16380525
0 0 0 0 2 -0.00278933137 3.88315034
77 77 28 34 3 -0.00674511306 -3.68175793
97 102 114 116 2 -0.000422094658 -2.97091031
142 145 96 131 0 -0.00227169227 -3.58153152
152 157 173 208 2 -0.111725882 -2.60236502
84 101 71 75 2 -1.4276588 -2.18886614
57 62 70 76 2 -0.000328873488 -3.31212354
83 83 52 61 3 -0.0010627571 -1.68624187
82 82 101 136 3 -0.000610990683 -1.1777575
0 0 0 0 2 -0.115070283 4.67633915
126 131 48 83 2 -0.00702437572 -4.84957266
107 189 50 85 3 -0.915944815 -3.86789298
53 55 121 123 3 -0.000246385433 -4.28383732
0 0 111 117 2 -0.783991098 0.482308567
119 119 50 85 2 -0.479550719 -0.671656847
47 51 55 62 3 -0.268347234 -2.63665152
0 0 0 0 2 -0.118786179 6.33795929
47 52 66 68 2 -0.371266425 1.05495453
94 97 39 46 1 -0.0302480944 -1.24164915
111 111 61 96 4 -0.202491388 -3.82537103
0 0 0 0 2 -0.0218471661 4.32766819
48 51 76 82 4 -0.0112537919 -0.903561115
133 133 87 122 3 -0.0806444436 -4.26686764
139 140 101 106 3 -0.521950066 1.28965402
12 18 23 34 0 -0.220554665 -2.51751685
46 52 57 60 1 -0.0747764707 -2.16899681
130 132 46 51 2 -0.00135341939 -4.76928902
40 43 60 83 1 -0.0134790037 -2.29364038
53 60 133 144 0 -0.00588013232 -1.02129078
0 0 0 0 0 -0.408602357 7.715137
37 40 93 99 0 -0.00149830861 -1.89170575
26 30 46 81 1 -0.0387836508 -0.824758053
110 115 129 134 3 -0.00212401082 -1.77016902
74 74 59 61 3 -0.000538402179 -4.37740993
35 39 75 110 4 -0.0138840992 -0.245148748
64 68 110 145 1 -0.177251309 -2.00677657
112 113 66 101 3 -0.00103036233 -3.97019029
98 101 115 123 1 -0.00568697602 -1.55889058
57 57 113 119 3 -0.0949669629 -3.17310238
0 0 0 0 1 -0.0281034298 2.91522527
117 124 87 102 0 -0.673443377 -3.69357872
90 94 117 132 2 -0.000537271495 -4.59723139
57 62 123 129 1 -0.0111990534 -1.34100938
65 65 75 98 3 -0.0039080549 -0.798917055
50 51 65 74 4 -0.00260402169 -3.27119088
0 0 0 0 1 -0.716644883 6.47135878
91 92 109 115 3 -0.00135588925 -3.3302331
0 0 0 0 3 -0.647907138 6.429842
163 165 120 143 2 -0.0101476694 0.52952832
39 45 75 86 0 -0.0387437642 -2.72574973
135 135 88 123 3 -0.0673705116 -2.67089748
99 100 28 51 2 -0.0214463342 -3.08608675
51 59 68 75 0 -0.000489203492 -2.80040336
0 0 0 0 2 -0.0163040236 4.83402967
16 16 57 95 2 -0.202151448 -0.549636304
68 70 108 111 1 -0.0302147083 -2.48958492
0 0 0 0 3 -0.00835632067 4.88587523
111 114 55 90 4 -0.00110677304 -2.49966383
30 34 96 102 0 -0.00154647802 -2.63887072
0 0 0 0 3 -0.0233757198 4.84859514
0 0 78 0 3 -2.02238822 -0.696497023
122 125 147 154 1 -0.366147071 -1.6853199
34 34 42 73 3 -0.0157809593 -2.19823194
37 38 52 58 3 -0.0086464826 -3.21881104
0 0 0 0 4 -0.883684158 7.85986185
182 189 57 92 0 -0.10009928 -5.69917488
0 0 0 0 2 -0.128254935 6.03203773
0 0 0 0 2 -0.248472586 7.44271994
71 75 86 93 1 -0.000517936773 -3.41079736
51 55 118 129 2 -0.00157766393 -4.59106541
139 143 113 121 4 -0.000134822389 -4.095963
113 119 45 54 4 -0.0261399448 -2.51216316
88 93 101 108 2 -0.0025195966 -2.62145138
34 37 101 107 3 -0.00344865676 -3.35244799
39 46 70 85 1 -0.0015275206 -5.06347179
0 0 0 0 1 -0.777786314 7.59320593
30 35 92 127 1 -0.0474800169 0.513994455
0 0 0 0 3 -0.699239016 4.31365299
184 191 41 76 2 -0.00724319136 -3.18769813
42 42 56 63 2 -0.00200029486 -1.2007165
106 111 80 89 2 -0.000979474513 -2.23214698
162 162 94 125 2 -0.0199774131 -3.26201582
92 96 57 72 2 -0.175989017 -1.37937772
80 84 90 94 3 -0.0391756669 -1.53493428
100 103 125 127 1 -0.000404211634 -3.16247678
84 89 117 122 0 -0.00699407235 -0.307836235
50 56 84 115 0 -0.00124718994 -1.78901815
95 99 114 120 3 -0.00037166127 -3.49796772
43 51 101 136 2 -0.000681062171 -3.43334413
62 65 146 154 2 -0.973718584 0.186137915
0 0 0 0 0 -0.0412557237 3.57058072
133 138 61 69 2 -0.00118732755 -4.45638037
0 0 84 99 2 -0.579547882 1.15109754
41 49 60 75 0 -0.129062444 -3.53308201
135 135 105 113 3 -0.000484546094 -2.57268047
131 134 150 185 2 -0.00403958745 -3.63096857
134 139 88 92 3 -0.205239132 -4.03219986
70 73 85 91 2 -0.00320747658 -4.78553629
0 0 0 0 2 -0.0842527598 3.71605945
87 87 58 73 3 -0.000514580228 -3.57597351
49 54 38 43 4 -0.000285719871 -1.8835156
159 164 118 125 2 -0.00212176051 -2.65102315
97 100 42 49 3 -0.14846541 -3.09365773
56 60 71 106 2 -0.0428325571 -4.04952002
116 119 92 98 2 -0.000589080737 -2.5210743
104 110 63 67 2 -0.00189657079 -2.60045528
171 171 55 90 3 -0.000299674575 -2.43417573
0 0 0 0 2 -0.184147224 7.20433998
0 0 0 0 2 -0.5589118 6.94326735
231 233 178 213 1 -0.997262836 0.220494628
37 37 82 117 3 -0.00724161975 -1.03401136
55 60 96 103 2 -0.0851524025 -2.66898036
148 152 99 134 2 -0.00289046206 0.281190693
123 127 201 212 2 -0.406850457 -2.64957929
0 0 0 0 3 -0.0746665448 5.05785704
0 0 0 0 2 -0.0935671404 4.50833368
130 133 146 153 3 -0.017287029 -1.72730589
221 229 146 153 0 -0.576564908 -0.335009843
49 52 70 77 4 -0.00296345749 -1.77983952
17 27 31 38 0 -0.564396203 -1.24402595
67 74 48 52 3 -0.00601885561 -2.86260533
42 49 57 64 1 -0.00111286517 -4.62362814
50 54 72 74 4 -0.249794066 -1.95892358
0 0 0 0 1 -0.0782996863 3.07005429
147 148 44 55 2 -0.0571006276 -2.30050135
106 107 61 96 2 -0.000376319746 -3.75125623
0 0 0 0 3 -0.347070754 4.23704052
0 0 0 0 3 -0.592628777 3.9346807
0 0 0 0 3 -0.208175659 5.49494839
123 127 44 48 4 -0.0167975705 -3.08952856
0 0 0 0 1 -0.860804677 4.0929594
142 146 115 124 3 -0.00105523271 -2.33533478
40 44 47 70 3 -0.345685154 -1.63182235
75 77 114 129 2 -0.00844818633 -3.92571807
36 38 46 52 2 -0.000485823519 -5.12049437
112 112 41 72 3 -0.000702036894 -5.06951666
128 132 53 88 0 -0.0225203596 -5.26377392
0 0 0 0 4 -0.00327612157 5.28822756
0 0 0 0 2 -0.0541831367 3.24919558
53 64 77 84 0 -0.0853182897 -0.532748938
0 0 0 0 2 -0.00381394196 6.02679491
106 106 82 93 2 -0.178148389 0.299243867
47 53 102 107 0 -0.0496820137 -2.11964393
51 52 99 103 2 -0.0229670014 -0.0559819043
53 61 76 85 3 -0.000856167346 -3.47038174
0 0 0 0 4 -0.212021083 4.39426708
0 0 0 0 0 -0.0205392241 6.44731569
0 0 0 0 0 -0.495053291 5.09481859
120 121 136 145 2 -0.029789554 -3.52671552
27 31 37 60 2 -0.673806727 -0.205151111
0 0 0 0 1 -0.320439309 6.84196329
135 139 43 74 2 -0.0011823813 -2.08154511
29 30 40 47 2 -0.0575590432 -2.7147119
0 0 0 0 2 -0.0796120614 6.66341925
101 102 173 208 3 -0.0975549743 0.305127323
116 117 55 90 2 -0.0114106461 -4.54806185
99 100 108 119 2 -0.0296195522 -3.13289905
0 0 0 0 2 -0.178454295 6.39738655
98 103 51 82 1 -0.00422746502 -2.69658113
0 0 0 0 3 -0.00989621412 6.21458912
62 62 163 174 2 -0.0843214616 -3.79843831
64 68 99 110 3 -0.000209915845 -4.13268852
62 69 37 48 2 -0.119083457 -0.836571336
111 117 128 163 3 -0.000839998596 -2.39527369
99 99 106 114 3 -0.00860287808 -0.901716709
154 160 131 135 2 -0.000159257936 -3.62443233
49 49 112 117 3 -0.00671429606 -1.56435847
78 81 46 69 2 -0.0180532727 -1.84273052
86 86 92 127 3 -0.00682069361 -1.51247072
27 35 83 88 1 -0.00341106672 -2.93238473
0 0 0 0 3 -0.0363851637 5.54205799
79 81 22 45 1 -0.0684849471 -2.00414038
93 96 109 124 2 -0.000440328062 -2.92362809
110 113 142 145 2 -5.63853719e-05 -5.31605482
88 91 50 52 2 -0.000276556617 -3.83845758
94 96 85 88 2 -0.000211589897 -4.34953499
84 86 117 152 2 -0.0393163785 -2.56128812
0 0 0 0 3 -0.258268118 1.75895715
80 85 101 124 4 -0.00127651752 -1.87401438
125 129 45 56 1 -0.000285373884 -3.31430101
92 99 68 83 3 -0.133610234 -1.43470764
0 0 0 0 0 -0.00355959265 6.18949795
33 35 113 121 2 -0.00638137246 -1.51584244
118 124 91 96 2 -0.00563799497 -2.82719398
44 46 115 126 2 -0.0636165142 -2.43949676
12 12 16 24 2 -0.42715165 1.23314166
0 0 0 0 3 -0.311058342 6.8039856
155 155 65 100 3 -0.000109431356 -3.87609482
109 115 130 145 0 -0.0320388116 -2.33870173
86 94 51 62 2 -0.00175617076 -4.78090525
110 113 129 136 3 -0.000374621479 -3.40260053
0 0 0 0 4 -0.693605304 6.99131775
0 0 0 0 3 -0.181744933 6.25886059
174 182 214 222 1 -0.0114623858 -1.75863099
0 0 0 0 3 -0.459678978 4.34428596
80 82 35 70 2 -0.00835134462 -3.90487266
35 37 48 63 1 -0.0285599381 -3.60882258
115 120 131 137 0 -0.0448554456 -3.04620337
224 224 101 136 4 -0.0387834534 -4.05923414
22 27 34 69 0 -0.1711739 -4.72273302
49 53 63 74 2 -0.323406905 -2.04574323
0 0 0 0 3 -0.659815729 6.5376215
157 160 89 120 2 -0.00595110608 -0.22165966
157 164 100 135 2 -0.00954229198 -4.27434731
0 0 0 0 2 -0.623663723 7.53012991
117 118 141 144 3 -0.217403427 -3.78178453
132 136 37 72 3 -0.00444471417 -5.73608446
0 0 0 0 3 -0.635756612 1.7199657
57 61 120 123 3 -0.0268326364 -2.22727299
0 0 0 0 3 -0.144348994 3.34895611
124 131 73 108 0 -0.000735091802 -5.17928028
240 241 110 145 2 -1.37957418 -1.36345315
115 108 127 142 2 -0.739394009 -0.857173741
0 0 0 0 3 -0.566547155 5.00622368
82 85 94 129 2 -0.00149873749 -4.99721193
96 97 0 0 2 -1.12584448 2.04524183
97 103 113 118 1 -0.00313483481 -0.528198659
40 46 55 90 2 -0.0537207387 -4.51686335
49 49 64 68 3 -0.022464022 -2.94217443
50 54 65 72 3 -0.00169437099 -6.1047411
116 119 86 88 2 -0.00671492144 -4.27043343
151 154 123 127 1 -0.0135295521 -0.0139470696
83 83 94 98 3 -0.000797144254 -0.836020231
67 71 133 139 0 -0.00310097635 -1.48501325
0 0 0 0 3 -0.908382833 4.40915012
38 44 48 55 2 -0.23113662 1.72154117
76 81 48 52 1 -0.00623199483 -1.99552035
101 105 54 89 3 -0.00374562363 -3.02547312
0 0 0 0 2 -0.0622119494 4.34405184
110 113 33 68 3 -0.00248804921 -4.83079529
0 0 0 0 1 -0.00442853197 3.6254251
168 171 151 153 2 -0.0334060192 -1.52281642
0 0 0 0 1 -0.429465175 2.47619462
84 86 105 236 2 -0.997842431 -0.452864647
51 52 101 136 2 -0.024038367 -0.721564531
62 66 94 129 1 -0.00322173443 -5.84195232
47 42 52 60 4 -0.297617614 -1.21431458
0 0 0 0 1 -0.0793685839 3.95481229
28 30 47 54 1 -0.00163430034 -2.8540225
107 111 164 199 2 -0.00929291639 -3.72455406
179 179 58 93 2 -0.00531866215 -2.9297812
109 112 124 129 1 -0.000791699858 -1.96803403
112 115 132 136 1 -0.00126501708 -2.61101484
0 0 0 0 2 -0.711232007 6.86060858
73 73 55 60 3 -0.00107202877 -3.17582417
45 49 62 66 3 -0.134992287 -3.64894915
72 76 27 62 4 -0.00144887855 -4.78764868
0 0 0 0 1 -0.330860049 6.84003878
40 41 49 84 2 -0.000817507855 -2.99453044
105 108 120 124 2 -0.000161644508 -1.80085182
0 125 136 144 2 -1.04043746 1.11416602
153 161 101 132 1 -0.0926405415 -2.40310788
0 0 0 0 2 -0.343117952 6.02594137
117 124 83 85 0 -0.0320875309 -2.2443893
69 71 49 56 2 -0.00245615048 -4.93875313
92 96 106 114 3 -0.0782700554 -2.80213428
105 108 125 133 2 -0.233102411 -1.5481379
49 53 137 172 3 -0.00329645071 -3.33609509
80 83 118 121 0 -0.000870538002 -5.99037266
116 119 50 56 2 -0.000688839646 -1.95344043
69 73 87 102 3 -0.0406300947 -1.94105482
0 0 0 0 4 -0.085029617 7.18588829
64 67 77 112 4 -0.00172882329 -3.38865757
99 103 138 142 0 -0.00361170364 -1.99335837
0 0 0 0 2 -0.00134575949 5.47915316
33 37 113 121 3 -0.026842162 -3.07648683
99 104 110 115 0 -0.00358389062 -2.62345862
79 79 59 63 3 -1.01300418 0.109539926
136 141 155 170 2 -0.387410253 -3.26840281
97 97 131 166 2 -0.00662249466 -2.625494
105 108 38 45 2 -0.00104530843 -3.1378324
82 85 95 130 4 -0.0256667156 -2.11407971
41 42 57 72 3 -0.650393307 0.161251366
104 111 186 188 2 -0.000994548085 -3.08222222
94 98 111 117 2 -0.0119663067 -1.19915128
0 0 0 0 2 -0.107209079 3.3188293
128 132 37 72 3 -0.426012158 -2.9098351
46 50 69 73 1 -0.821687877 1.59700441
106 106 114 145 2 -0.00626283325 -2.08651853
63 65 48 54 2 -4.97098263e-05 -4.57029247
0 0 0 0 2 -0.00218750234 5.83694363
131 131 88 90 4 -0.0432121605 -3.67435241
134 134 54 59 3 -0.00209708326 -3.04592204
0 0 0 0 2 -0.045472499 6.79009104
0 0 0 0 0 -0.471761465 7.51701927
0 0 0 0 2 -0.0122505948 1.35922074
0 0 0 0 3 -0.88173902 1.59277439
118 119 99 0 3 -1.07595205 -1.93565679
0 0 0 0 3 -0.177049518 4.95703697
0 0 0 0 1 -0.744296253 4.13667536
0 0 0 0 3 -0.259014994 -0.498208046
41 41 53 88 4 -0.0034435424 -2.79271889
52 57 129 131 2 -0.000880328531 -4.74797297
15 18 23 29 4 -2.01892471 -2.48197961
118 123 34 39 3 -0.00382698397 -3.68404698
146 149 124 130 3 -0.0110103497 -3.55531216
110 112 125 130 2 -0.00184039876 -4.06291819
55 58 71 75 3 -0.00132368645 -4.06478262
58 60 94 117 3 -0.000494083739 -3.4807148
85 88 141 176 0 -0.000538784603 -2.30430412
34 35 52 56 2 -0.207579151 -3.24174166
99 103 20 55 2 -0.0595084503 -2.36360669
0 0 0 0 1 -0.082681641 3.28853083
53 53 112 114 2 -0.00245613954 -4.10651541
0 0 0 0 3 -0.385503143 7.56649828
115 118 127 134 1 -0.00850704964 1.59181762
125 130 42 57 0 -0.000205739372 -4.18559361
70 73 152 0 2 -0.884753764 3.67933154
98 101 77 85 3 -0.00294458214 -2.9793222
59 63 113 120 3 -0.0102730533 -2.82363844
207 211 148 183 4 -0.127782181 -0.888081193
47 50 130 165 1 -0.0160799176 -1.97515488
111 111 125 128 3 -0.000831692945 -0.0132523477
134 134 108 123 3 -0.0420989096 -2.62439322
104 110 121 136 2 -0.00182905293 -3.77395868
70 70 77 92 3 -0.00175006886 -2.69114971
69 74 54 58 1 -1.2953192 2.13256884
48 50 84 88 2 -0.0039016339 -1.82262802
83 83 38 42 3 -0.00191118103 -2.77113056
88 88 102 110 3 -0.000377386983 -2.64249301
92 93 0 141 3 -1.68488181 1.51314306
40 41 98 109 2 -0.00633606082 -4.5101037
69 76 135 142 2 -0.000688004249 -3.69714379
107 113 128 129 1 -0.0279772896 -3.20852709
94 102 74 81 3 -9.45314168e-05 -2.58673453
66 66 104 139 3 -0.178534433 -2.92268515
0 0 0 0 3 -0.24904649 3.66820884
68 72 90 113 3 -0.00161610357 -1.666327
105 105 116 131 3 -0.131713539 -1.8688519
58 67 108 115 1 -0.28613326 -0.174452633
208 214 81 116 2 -0.00759180123 -0.249298483
54 54 61 65 2 -0.000100729885 -2.1416223
135 139 53 68 3 -0.000514577667 -4.25362778
94 98 52 87 3 -0.0221834481 -1.87407279
51 57 94 105 1 -0.00181589951 -2.42398548
65 71 115 150 1 -0.00902650412 -3.5202322
45 47 60 68 2 -0.000204196287 -4.7583313
130 233 59 94 3 -1.30702496 -2.52648139
130 134 50 54 0 -0.00165375241 -4.22362328
118 119 134 139 3 -0.00676243519 -2.98515415
111 111 120 125 4 -0.0424399227 -0.386957526
129 137 160 169 2 -0.00102087541 -4.84537792
107 107 121 136 3 -0.000651932089 -3.66754627
53 56 187 189 2 -0.0130969873 -3.78993464
0 0 0 0 2 -0.00151154562 6.77501392
212 212 49 84 3 -0.00401743362 -3.53550434
35 37 59 94 3 -0.0866775885 -4.45037508
0 208 64 99 2 -0.892082632 0.733802736
168 170 16 65 1 -0.0177770983 1.13270569
82 85 94 129 1 -0.231100172 -3.49316502
75 82 137 172 0 -0.112953611 -3.12061071
203 136 76 111 3 -0.723764956 -0.8737095
0 0 0 0 2 -0.00482108304 3.8160584
85 89 29 64 3 -0.461010873 -0.936373115
71 73 88 123 1 -0.285843432 0.669809759
93 98 44 51 1 -0.0121223619 -1.49761295
77 0 0 0 3 -1.04336441 1.28158689
57 58 75 98 2 -0.0149417734 -0.699729919
0 0 0 0 2 -0.0467864163 8.34018612
108 108 130 145 3 -0.00509390514 -3.31016016
49 54 114 121 1 -0.0788578913 -3.95720911
0 114 107 114 3 -0.879875124 -1.1105094
103 108 46 69 1 -0.00181059423 -3.56333089
0 0 0 0 3 -0.00435751537 4.47801924
16 21 25 60 2 -0.130810335 -2.33414149
93 97 109 124 3 -0.0120021179 -2.41404772
63 67 103 138 2 -0.000400982623 -3.38110948
171 171 113 116 3 -0.374123722 -3.67338443
131 137 88 119 1 -0.0302461181 -0.452858001
72 81 133 140 0 -0.230371565 -2.5575974
55 66 135 139 0 -0.00671256008 -1.31773961
94 97 162 167 0 -0.523384273 -4.58908606
35 35 103 138 2 -0.00839269999 -1.87447
16 18 39 43 3 -0.235877529 -0.838989973
44 48 58 93 3 -0.00173955411 -1.88588858
105 109 33 37 2 -0.030797122 -4.79337406
67 71 87 93 1 -0.00816289708 -0.0522071123
131 135 153 160 1 -0.000527676078 -3.20673895
134 140 44 79 0 -0.016614737 -4.21850586
46 48 123 134 2 -0.0389193967 -1.13594699
120 120 89 93 3 -0.0522163324 0.536121428
91 96 105 110 1 -0.000794911175 -2.35786223
104 106 45 80 1 -0.00376797561 -4.76600552
144 150 118 125 2 -0.0697031245 -4.83453608
58 65 32 36 1 -6.2822648e-05 -4.46674109
74 77 58 63 2 -0.000330665091 -4.10632038
88 89 109 116 1 -0.0222206786 -0.781221032
103 107 137 140 2 -0.000405280793 -3.56134582
12 12 17 22 4 -0.0503642261 -0.107126921
12 19 23 38 0 -0.767781019 -3.25632501
93 96 105 116 4 -0.000210035214 -3.67121768
43 46 56 63 3 -0.00021242068 -3.40093851
68 68 81 116 3 -0.00147744105 -5.63531876
85 85 37 52 4 -0.00231118174 -3.15614295
121 124 81 104 2 -0.209759861 -3.03754592
48 52 73 88 4 -0.00182014657 -1.39877129
107 107 61 66 3 -0.0053310683 -4.32609797
130 130 111 115 2 -0.000139590353 -3.82949901
58 64 106 117 2 -0.000336147146 -2.83753872
92 96 70 78 1 -0.0490669422 -0.701682687
38 38 56 61 4 -0.00083320355 -3.88434505
43 47 67 78 3 -0.000898559345 -5.10050869
53 56 66 97 3 -0.0241773818 -0.696294904
55 57 66 74 2 -0.0734123737 -3.07402182
37 40 44 67 1 -0.00219174777 -0.891035795
54 57 36 44 1 -0.0610444397 -4.85630369
41 41 45 51 2 -0.0686969981 0.58627826
92 92 33 68 2 -0.0689419806 -3.4506197
41 50 92 127 0 -0.00087721087 -4.17070198
101 104 112 117 2 -0.00326200039 -3.98229122
81 85 93 128 3 -0.00366174756 -4.33467484
91 94 113 121 0 -0.0022749342 -2.76023054
106 106 45 47 3 -0.000379392179 -3.93901467
37 37 55 57 3 -0.020238271 -3.48693943
56 57 74 109 3 -0.00962833222 -4.65966606
50 53 65 72 2 -0.000329958741 -2.92264295
95 96 36 71 2 -0.0911103487 -4.58081484
106 112 75 90 2 -0.00565950666 -3.07884264
58 59 90 125 3 -0.011971972 -4.52120686
104 108 87 94 0 -0.000314435398 -4.34289932
90 90 114 120 3 -0.00704301242 -3.70843601
59 60 75 77 3 -0.00261185621 -5.35315704
94 94 150 173 3 -0.0115429908 -2.7257731
37 37 107 138 3 -0.0469245538 -0.800683916
4 5 8 43 3 -0.458801001 -0.649611533
151 152 47 78 3 -0.00190991431 -4.39968157
123 123 105 108 2 -9.25038767e-05 -4.51454353
41 41 63 78 3 -0.00299875322 -3.39811206
26 29 33 48 2 -0.777743936 -0.910243273
117 118 57 68 3 -0.0325801447 -3.53061318
123 123 86 97 2 -0.000755510293 -4.13849783
69 71 111 112 2 -0.0173679926 -1.4759922
35 35 77 112 2 -0.0134665426 -4.50720835
83 84 56 63 2 -0.0192921087 -2.25805926
68 70 102 109 2 -0.00205853698 -3.52216601
112 117 42 77 1 -0.00170806458 -3.1221962
57 57 77 112 3 -0.00149641361 -4.77949381
67 67 115 150 3 -0.00122422376 -4.62965488
23 29 74 105 1 -0.000449493877 -1.67009401
175 175 123 129 2 -0.000582738838 -3.29324412
123 123 57 92 3 -0.000308730174 -3.91650701
134 134 96 111 3 -0.0200560447 -2.58116293
113 118 48 79 1 -0.00249608746 -1.81709242
99 101 57 92 2 -0.119672954 -3.691607
86 88 53 64 2 -0.00107880333 -3.05633235
17 19 40 46 2 -0.174015507 -3.98615742
49 53 66 97 1 -0.00672517112 -3.09416628
25 25 37 40 2 -0.000348431873 -4.12958431
131 133 148 154 2 -0.000914356264 -3.91394877
82 82 43 66 2 -0.000151269065 -3.84115314
0 0 0 0 3 -0.00136543345 3.80450463
0 0 0 0 3 -0.010199693 6.37283278
0 0 0 0 3 -0.332178921 0.770277441
0 0 0 0 3 -0.000581447326 4.88257456
0 0 0 0 3 -0.586910844 5.58814096
0 0 0 0 3 -0.00335800298 3.03299522
0 0 0 0 2 -0.000733091845 5.83470058
0 0 0 0 4 -0.517086923 7.19314528
0 0 0 0 3 -0.0830501243 4.80479288
0 0 0 0 1 -0.247045279 5.38764763
0 0 0 0 1 -0.0085041523 2.92898154
0 0 0 0 1 -0.63574475 4.32629251
0 0 0 0 2 -0.184068948 5.17007875
0 0 0 0 0 -0.290838987 6.06533241
0 0 0 0 3 -0.108287483 5.83236504
0 0 0 0 3 -0.0104107298 2.94628239
0 0 0 0 2 -0.00781178381 6.47413969
0 0 106 108 2 -0.0471516252 0.408449829
107 107 120 121 2 -0.0424859077 -1.65744781
126 130 102 110 1 -0.00221823482 -1.60250878
69 74 50 57 0 -0.00571353734 -2.89198089
18 18 22 57 2 -0.789670229 -3.07439137
172 178 81 116 1 -0.0112197734 0.0501229465
92 96 42 77 3 -0.00741134584 -4.53915071
108 112 51 59 1 -0.000463808043 -2.82787752
129 134 60 95 1 -0.00107644987 -2.95714426
130 133 105 120 2 -0.000686747546 -3.62484956
96 96 110 114 3 -0.00172695273 -1.37617898
119 122 133 139 0 -0.0912178233 -2.07206559
141 142 38 40 2 -0.00197288091 -2.80787683
74 75 92 127 2 -0.000597036735 -4.19637728
35 39 49 53 0 -0.000841025554 -2.24200964
98 105 72 83 0 -0.00416960102 -5.75367498
53 58 72 103 3 -0.0448047966 -5.39174461
47 47 69 92 3 -0.000692874251 -3.751966
132 136 92 123 1 -0.00489634695 -2.50869799
131 131 144 155 3 -0.0178606864 -3.67046738
63 71 225 229 0 -0.88535428 -2.42469931
94 102 40 43 1 -0.0014475577 -3.37680864
86 90 35 66 3 -0.00485089933 -1.91045618
43 47 57 64 4 -0.00966705661 -3.60962224
56 60 82 117 1 -0.017646594 -3.5470221
0 0 0 0 2 -0.000900709943 3.02418399
150 153 58 93 4 -0.0111186951 -2.68158197
43 47 78 101 4 -0.000410531851 -3.88852549
40 40 52 75 4 -0.299260437 -2.1409595
40 44 121 128 4 -0.0531276204 -4.39252901
0 0 0 0 1 -0.0457943231 4.55889511
112 116 154 189 1 -0.341268212 2.32640171
16 20 35 70 1 -0.00599342631 -1.88885713
67 74 88 123 0 -0.0113403769 -2.94039774
0 0 0 0 1 -0.359725714 7.14849377
0 0 0 0 1 -0.592188001 7.48184586
179 182 130 145 2 -0.00133618282 -3.49335361
100 104 47 55 1 -0.000168558123 -2.7513051
131 134 66 101 1 -0.00394812971 -2.23291874
46 53 34 40 0 -0.0450831763 -3.98450756
109 113 175 182 0 -0.00363873597 -2.12773275
0 0 0 0 2 -0.570138276 4.45426512
101 105 47 49 2 -0.967840314 1.21092486
62 65 108 111 2 -0.00725032901 -2.84021449
176 181 30 38 0 -0.195029482 -0.414176583
155 159 30 65 3 -0.0034337414 -2.49955821
0 0 0 0 3 -0.212959021 1.99920416
80 84 169 175 2 -8.16567335e-05 -2.94640255
56 60 48 50 1 -0.00298555219 -1.42604661
0 0 0 0 1 -0.110090502 2.7756629
10 12 22 25 2 -0.00403947476 -0.219632268
96 96 83 85 2 -0.000901867053 -3.95522618
25 32 71 75 1 -0.00418596063 -2.77526045
129 130 117 120 1 -0.00211410341 -4.03582954
70 70 127 131 2 -0.000813176564 -5.01821947
116 122 85 88 2 -0.00123947719 -2.83970165
0 0 0 0 3 -0.0122624394 5.48338032
60 65 48 53 3 -0.000361290964 -3.58653474
147 151 30 65 3 -0.0001608085 -4.79055405
77 85 35 70 1 -0.000665951986 -3.38567591
120 122 140 175 2 -0.134433836 -1.47831321
47 47 84 91 1 -0.098402001 -4.31904125
61 70 80 88 0 -0.00126966287 -1.99886584
145 146 36 44 3 -0.00206947327 -1.57297349
98 103 46 81 3 -0.000250689161 -2.79200387
93 96 113 148 3 -0.0018118429 -1.95054507
47 51 30 36 2 -0.00146640907 -4.95669413
73 76 89 124 2 -0.573348761 1.65307093
0 0 0 0 4 -0.00094760966 6.4321084
101 105 43 58 3 -0.0085336864 -1.28707206
48 54 61 66 3 -0.1061619 -1.11892307
93 96 109 132 4 -0.000312316552 -2.43445778
107 111 123 177 1 -0.14821595 -1.37614465
155 155 109 144 4 -0.00984640047 -4.0583396
0 0 0 0 2 -0.345079303 3.40382576
108 109 48 50 4 -0.00860869605 -1.2589612
68 68 88 96 4 -0.00204475783 -0.896641493
112 113 62 97 3 -0.329894692 -3.40915179
49 52 67 74 2 -0.00119593728 -2.75512719
139 141 87 95 2 -0.00411016261 -3.32655215
152 152 71 94 3 -0.0957366228 -4.27623987
0 121 0 0 3 -1.8632133 2.26390553
79 89 119 125 0 -0.00965933781 -3.16388178
117 117 41 43 3 -0.175675511 -1.81066012
71 76 107 142 3 -0.000339962338 -4.81193829
108 113 126 130 1 -0.0245997775 -0.826322496
54 59 21 36 1 -0.00143481907 -2.08283353
184 189 144 146 0 -0.0119726444 -4.2531848
112 117 149 156 1 -0.2195189 -3.18349648
105 106 49 55 2 -0.00240973942 -4.18394279
87 87 45 68 4 -1.86844981 -0.23816283
45 51 58 93 1 -0.0334241204 -1.37791562
0 0 0 0 2 -0.34474352 7.40506315
0 0 0 0 2 -0.647405565 7.13584518
0 0 0 0 3 -0.407430887 6.66078615
42 47 59 62 3 -0.0046729492 -3.24442577
49 54 75 82 3 -0.20656614 -1.09999657
0 0 0 0 4 -0.000431236316 2.62766671
118 129 84 95 0 -0.0027230659 -3.03868532
31 37 150 185 3 -0.203909159 -3.16841888
104 109 42 47 4 -0.0442988612 -2.73452234
0 0 0 0 2 -0.00166755426 5.35811138
0 0 0 0 1 -0.0194281545 5.83210373
79 85 52 59 2 -0.000533045561 -3.66438031
151 151 73 76 2 -8.15378444e-05 -3.30476689
64 65 107 113 2 -0.0167410523 -2.07372642
92 95 106 141 3 -0.00113931915 -4.65341902
93 93 44 51 3 -0.0024389741 -5.65572929
100 104 196 231 2 -0.0448193923 1.29131317
0 0 0 0 3 -0.345222801 4.4297924
72 72 87 92 4 -0.369026005 -0.359552443
96 102 47 82 1 -0.026573915 0.438484848
101 102 68 73 3 -0.0072222231 -2.63905191
33 37 42 50 4 -0.00807738118 -1.39512706
119 124 137 168 3 -0.0185347497 -4.91999054
26 32 91 106 2 -0.000996851246 -3.23078012
26 32 115 123 1 -0.00332573545 -2.3885262
0 0 0 0 3 -0.102772705 6.1860342
119 123 132 137 4 -0.00167298154 -2.44015098
111 112 71 106 0 -0.837726653 -3.00682712
94 97 124 159 3 -0.00366907613 -3.77243114
0 0 0 0 0 -0.0195559729 7.15896177
100 102 65 69 2 -0.00350986049 -3.73695827
0 0 0 0 1 -0.0447064824 3.95875764
116 118 140 163 3 -0.00518790353 -3.51991081
33 35 72 49 2 -0.506524682 -3.32750034
42 42 71 106 2 -0.703450263 -2.91439462
0 0 0 0 2 -0.224958748 6.3934598
121 126 49 80 3 -0.000856756233 -2.94819498
172 175 190 92 1 -0.929131389 1.08950353
138 148 121 126 1 -0.00219781091 -3.30885124
54 54 82 88 4 -0.000287039555 -1.97071052
52 56 78 113 2 -0.00711528677 -2.46883607
59 67 39 46 2 -0.930803716 -0.757601619
115 115 133 168 2 -0.00885839202 -2.74646759
57 64 11 19 0 -0.00233155489 -3.00521231
114 0 124 0 0 -1.65677619 1.90365577
109 111 44 79 2 -0.000253177626 -5.54940224
49 49 59 65 2 -0.00926906615 -1.80916071
66 69 83 90 1 -0.383797795 -2.94585347
161 166 55 90 4 -0.00233389065 -1.27270424
119 122 96 100 1 -0.000770509825 -4.70469284
68 76 97 132 4 -0.00269793067 -1.60583711
42 44 31 36 1 -0.000656133809 -3.78282523
149 149 46 54 2 -0.000215153108 -3.88363004
99 99 108 115 4 -0.000177975598 -2.14731002
47 50 69 76 1 -0.170857817 -0.841571808
80 83 118 126 0 -0.1579566 0.0486602187
92 94 107 122 2 -0.000158545066 -4.39974737
138 138 65 80 2 -0.0019006111 -4.77259827
77 84 93 128 2 -0.0489697717 -1.1139102
89 95 107 113 3 -0.321953714 -2.71329021
167 167 149 151 2 -0.00325557753 -2.65135646
71 76 46 52 0 -0.040840026 1.43722296
21 25 51 58 4 -0.409589499 -2.92821693
102 103 118 129 2 -0.283231616 1.42769575
81 85 64 70 2 -0.000387045933 -2.22645378
51 52 68 71 4 -0.00889678393 -0.529057741
0 0 0 0 3 -0.0128616337 4.36143589
131 131 150 159 2 -0.0308314245 -3.09982443
0 0 0 0 2 -0.0195235591 5.6059761
0 0 0 0 2 -0.234791607 3.47493196
135 136 81 87 3 -0.0162102915 -3.02697086
77 77 26 34 2 -0.00367097673 -4.4189291
133 137 35 70 3 -0.147662252 -2.57907867
93 148 115 122 2 -1.07325053 -0.61015135
0 0 0 0 3 -0.898927808 7.7636323
29 34 98 105 0 -0.0971801281 -3.78191471
31 37 47 62 1 -0.565402508 -3.44954181
143 147 160 164 4 -0.0202503987 -0.735447109
62 65 84 91 1 -0.0107956631 -1.28752303
48 54 58 60 2 -0.122757673 -3.21848702
78 81 61 68 0 -0.00119501713 -3.13164115
207 210 180 187 2 -0.0074469666 -2.25155115
58 64 113 148 2 -0.00453065289 -5.63479948
60 67 39 46 2 -0.0007319547 -4.96338224
52 56 76 85 0 -0.288011968 -2.44881582
57 59 135 144 2 -0.000203005198 -4.9721818
8 13 19 54 4 -0.0522245392 -1.68442369
41 41 123 158 3 -0.721612155 -3.26824117
207 208 157 192 2 -0.0979944021 -1.60857153
0 0 0 0 0 -0.112934239 6.28334808
115 117 144 152 2 -0.00150586199 -3.37819195
60 65 94 100 1 -0.252397627 -3.31175065
97 99 57 63 3 -0.0202349219 -2.5783987
0 0 0 0 4 -0.631489575 4.24544334
123 126 43 78 2 -0.00284555275 -2.39243555
122 126 151 156 2 -0.00105870608 -4.96711493
29 37 45 80 2 -0.106388681 -3.20391417
0 0 0 0 2 -0.0100816227 3.67400432
51 55 104 111 4 -0.01099147 -0.168132544
111 112 123 158 2 -0.00678564562 -2.46365166
0 51 68 0 3 -1.27955675 2.10146856
0 0 0 0 1 -0.00422175601 4.26393223
66 66 129 160 3 -0.005511011 -1.53002262
11 19 31 33 2 -0.255396068 1.8690784
111 114 73 75 2 -0.000531010155 -2.51292634
0 17 30 34 3 -0.631983876 1.84984064
51 56 106 108 3 -0.00204371358 -5.80179071
0 0 92 96 3 -0.0672913641 1.0742867
117 122 164 167 2 -0.0106387781 -2.49172211
115 116 37 44 3 -0.00476547051 -3.3868835
71 77 90 98 0 -0.000620286795 -6.3093729
0 0 0 0 4 -1.29983306 4.11200142
149 149 95 126 3 -0.000959553756 -3.21699739
50 54 71 78 3 -0.0172178354 -4.2667141
139 142 53 68 3 -0.122217804 -2.70584273
64 68 116 151 1 -0.00313987862 -2.47221398
0 0 0 0 1 -0.146110535 6.30604506
173 173 79 110 3 -0.0936495736 0.540996134
111 118 64 99 0 -0.00360210729 -4.75759649
126 127 51 58 4 -0.0285402276 -4.08802271
122 130 102 107 2 -0.00113916886 -3.19993281
150 156 74 109 1 -0.00745852012 -1.72961736
108 112 96 100 4 -0.464898646 -0.157841235
120 123 57 64 4 -0.000426851271 -1.96450138
0 0 0 0 2 -0.0336061418 7.63379335
0 0 0 0 3 -0.0101142991 4.17719936
0 0 0 0 4 -0.515114069 7.25183725
30 33 53 88 1 -0.232166946 -3.73747015
40 41 54 77 2 -0.00376857887 -2.13554335
87 90 102 108 2 -0.000535044121 -3.6168077
62 63 43 45 2 -0.00231766747 -4.45920849
18 21 37 42 2 -0.00551693328 -3.24413657
42 45 77 112 1 -0.188732609 -3.64950824
0 0 118 120 1 -0.647125959 1.78718901
114 119 129 133 1 -0.00536131067 -2.02484131
110 112 140 145 2 -0.00808798522 -4.32765007
63 63 124 131 2 -0.380577773 -0.863009334
60 60 99 134 3 -0.000345916837 -4.59295273
81 87 61 68 0 -0.000347122055 -2.6386261
58 62 209 217 2 -0.00372585421 -3.91901851
0 0 0 0 3 -0.723102927 7.69736147
79 87 132 139 1 -0.0247968268 -2.74458933
50 51 80 87 4 -0.00632698368 -4.38044262
129 133 61 63 2 -0.00172648998 -4.21895552
54 58 92 94 2 -0.0012792116 -2.24680448
0 0 0 0 1 -0.958472252 6.80477619
0 0 0 0 3 -0.25004074 3.96233869
158 158 81 89 2 -0.0283181872 -1.27306676
30 31 59 94 2 -0.0437299237 -2.23546886
107 109 47 62 1 -0.081335254 -2.03325176
0 0 0 0 2 -0.890192688 7.30388451
74 78 29 64 4 -0.00326054217 -2.27380061
0 0 0 0 1 -0.0480038971 6.54953003
116 117 64 72 2 -0.216295496 -1.04194427
0 0 0 0 0 -0.102747768 3.37237835
0 0 0 0 3 -1.14060259 7.42263651
211 218 134 169 1 -0.0014731884 -1.17423511
126 133 51 82 2 -0.0372267962 -0.311585784
94 94 118 126 2 -0.014153447 -1.06250095
129 131 178 183 2 -0.140304208 1.91745377
88 89 95 102 2 -0.0173079707 -2.49795508
0 0 0 0 1 -0.85758853 6.04400158
37 44 73 75 0 -0.0145805348 -1.80632663
0 0 62 64 4 -0.646397591 1.49038458
69 73 128 143 2 -0.00220949738 -3.38207865
23 24 37 72 2 -0.00503181946 -3.65483165
71 74 93 97 2 -0.0550299846 0.155815661
0 0 0 0 0 -0.446446836 7.5203042
52 58 82 117 0 -0.00432103127 -3.50608397
114 118 92 98 3 -2.93253506e-05 -4.77058983
40 40 52 58 3 -0.000200739625 -2.78613949
136 138 157 161 2 -0.0110860858 -1.8457191
128 132 39 46 3 -0.000170101921 -3.4497447
35 39 84 88 2 -0.0635422021 -5.06073523
108 113 44 51 1 -0.0421844311 -3.87468839
111 115 81 88 3 -0.00207549799 -2.11814404
65 69 29 35 3 -0.152024731 -1.2936101
61 63 124 129 2 -0.232814997 -1.04399765
176 179 35 43 2 -0.183946967 -0.295511246
128 129 109 112 4 -0.00605511479 -1.78087974
124 125 147 155 3 -0.80061692 0.53399837
58 65 75 110 0 -0.00449674157 -2.73870945
150 155 70 105 1 -0.0465928055 -3.7313869
44 47 68 70 2 -0.00350485439 -4.9806056
0 0 0 0 2 -0.0105706938 4.44843483
111 111 61 96 1 -0.347421736 -6.53224325
156 162 72 79 1 -0.00302104047 -2.80611587
67 71 116 151 4 -0.0023667186 -3.20039701
197 200 138 173 2 -0.209154487 1.56684947
0 0 0 0 1 -0.215631098 6.23468781
0 0 0 0 2 -0.331234127 6.49998617
33 33 104 106 3 -0.22735326 0.959429681
90 96 55 58 1 -0.00142791204 -2.31039548
123 126 107 110 0 -0.000830913777 -3.19980597
61 62 100 106 2 -0.00112744945 -4.86767673
52 57 115 146 1 -0.00650262414 -5.77042913
55 61 94 98 0 -0.0016996389 -2.56414509
0 0 0 0 2 -0.397315115 3.85294318
77 80 88 92 0 -0.000217781897 -2.07716966
187 191 81 83 0 -0.0622999966 -4.6805644
0 0 0 0 2 -0.246194676 6.78360701
79 79 96 99 2 -1.16474664 2.00999069
96 97 104 108 3 -0.195533037 0.416467428
185 186 62 67 3 -0.053849712 -2.83443904
45 48 63 71 1 -0.00868019089 -2.58327556
0 0 0 0 3 -0.151892126 5.97891188
58 66 85 89 0 -0.0233867932 -4.19361639
0 0 0 0 3 -0.00149511604 4.80026245
125 128 77 0 2 -0.860185027 1.49188495
0 0 0 0 2 -0.00164140074 5.75519991
121 121 48 83 3 -0.127563134 -4.1765852
148 149 82 88 1 -0.00327084283 -5.02727652
141 141 52 54 2 -4.69680162e-05 -3.87430406
48 50 76 82 2 -0.000618016697 -3.47977805
65 66 79 102 2 -0.000236382009 -2.87047362
167 167 138 145 2 -0.0114738513 -2.58647919
0 0 0 0 3 -0.544120729 5.30146456
76 79 92 100 0 -0.0587006286 -2.22385859
102 105 114 145 0 -0.0825988203 -0.861231208
0 0 0 0 2 -0.000630775176 5.04583693
50 53 62 85 1 -0.0012967221 -2.55906439
62 69 45 49 0 -0.00515601132 -4.32562351
92 93 107 112 2 -0.00448693521 -2.50469995
42 43 119 154 2 -0.00261562597 -3.69904947
30 35 51 59 0 -0.017806517 -5.95994091
137 137 88 123 2 -2.58683067e-05 -5.68368053
94 95 185 200 3 -0.0981973931 -3.15924358
70 77 89 124 2 -0.000575258862 -1.82827401
86 87 44 67 3 -0.00821395498 -3.53461671
165 167 146 148 2 -0.287201345 0.862998784
33 33 17 24 3 -0.130179748 -1.75354099
36 38 72 75 2 -0.158079207 -2.79601979
65 70 140 175 3 -0.0286663435 -2.03309226
109 113 86 93 3 -0.00283170235 -2.90233803
65 73 83 85 3 -0.725981772 1.80299997
62 62 131 166 2 -0.13543278 -3.45601249
154 157 35 70 4 -0.00355653348 -1.46951389
145 150 115 138 2 -0.00112720695 -1.57119656
0 0 0 0 3 -0.00268614362 6.8154335
134 141 99 114 3 -0.00179666572 -4.18834829
116 122 66 101 1 -0.00203743041 -3.54861116
0 0 0 76 2 -1.66638494 -0.211228251
99 103 122 133 3 -8.69027062e-05 -3.32685375
49 49 65 100 3 -0.192783967 -1.0206629
110 112 40 43 2 -0.000147101644 -4.75125885
157 162 124 147 1 -0.0317580178 0.83471483
68 72 156 164 2 -0.020327976 -1.72672772
37 42 68 91 1 -0.00413215766 -1.2047472
0 0 0 0 4 -0.0056186514 7.03791666
77 85 49 53 0 -0.0104488852 -4.18717861
87 95 112 119 1 -0.00200843648 -1.14782381
139 144 39 74 3 -0.00140960934 -3.57837796
129 132 149 154 2 -0.00669741072 -2.0751183
93 104 34 69 0 -0.222217157 -0.650473952
106 111 51 86 2 -1.0758338 2.42365217
0 0 0 0 2 -0.207401112 3.31078291
160 160 175 182 3 -0.0193508714 -2.55182457
68 69 51 56 4 -0.00215959502 -3.81285357
102 106 47 58 1 -0.949481249 -3.05805683
0 0 0 0 2 -0.149772108 3.20128918
0 0 0 0 2 -0.0234553851 4.31172991
87 87 103 138 2 -0.0125839375 -0.444943488
0 0 0 0 3 -0.246466383 5.30452013
118 121 104 111 2 -0.510054052 -0.822792351
0 0 0 0 2 -0.00381191075 4.46393681
134 138 51 59 3 -0.00026450961 -4.05686235
65 70 41 48 3 -0.98751086 -0.88115108
83 87 145 148 2 -0.0278903246 -4.5478735
127 127 143 150 3 -0.734815598 -5.47753859
48 166 120 155 3 -0.776249468 -0.228197992
48 53 58 64 4 -0.0175107606 -2.42820239
30 30 41 45 4 -0.253072113 -1.17791367
54 56 93 100 1 -0.0901568979 0.732998669
106 0 50 55 1 -1.21331 2.11417007
52 62 154 189 0 -0.131695434 -5.87933159
41 45 57 62 2 -0.00664175535 -2.57190537
100 100 119 126 2 -0.0089935204 -0.993983269
105 108 21 28 1 -0.000379177101 -4.88207054
39 44 76 81 0 -0.0109305494 -4.88885593
60 67 83 88 0 -0.000393601367 -4.4392252
38 38 97 104 2 -0.08596313 -4.87896347
0 0 0 0 2 -0.00248826225 6.48814535
76 80 50 61 3 -0.797664285 -3.20548344
15 18 112 127 1 -0.0225795321 -4.59164953
91 95 105 116 2 -0.000137682437 -2.57687044
47 50 67 74 3 -0.00162049592 0.189764559
152 158 93 116 0 -0.170700476 -1.34320557
35 35 70 105 3 -0.0491838492 -2.86959314
77 77 40 47 2 -0.0121607883 -3.67041469
93 93 142 177 3 -0.252602637 0.234388351
100 105 120 127 4 -0.000338774407 -0.516986847
43 51 64 99 1 -0.0043208464 -2.05740619
52 56 67 82 2 -0.135204002 -1.79059958
64 67 85 120 2 -0.000523267139 -3.64805031
85 89 70 74 1 -0.0479403026 -0.594782352
52 55 74 78 1 -0.0136588756 -0.17151472
98 100 116 123 2 -0.00159981544 -2.06023455
86 90 34 42 3 -0.0126982871 -0.122374833
41 42 96 127 2 -0.15557088 -0.683508396
53 58 67 69 1 -0.00111237087 -0.99967742
93 95 41 76 2 -0.000864198431 -4.55662966
130 131 51 86 3 -0.0731672421 -4.27835751
41 43 128 163 2 -0.000375848176 -4.49610472
158 158 107 142 4 -0.00302676694 -0.836713612
40 40 74 89 3 -0.000702930498 -3.13369131
116 120 171 206 3 -0.00550687499 -1.699615
0 0 0 0 2 -0.0105253346 2.88252878
138 144 91 96 2 -0.0469942205 -3.9978714
56 62 76 91 2 -0.00523136649 -4.20172262
51 54 64 68 4 -0.0172465295 -1.22923446
46 50 64 99 3 -0.000607029709 -2.81881785
84 91 40 75 0 -0.00110971439 -5.10293579
75 79 90 125 3 -0.00411195308 -5.53209972
52 60 110 145 3 -0.0187028889 -3.21637225
66 70 82 89 2 -0.033929728 -5.28523302
18 22 27 62 4 -0.533108056 -2.72541881
110 115 48 52 2 -0.00877748523 -2.24556088
161 165 76 111 4 -0.0102301259 -2.92998767
94 95 46 81 3 -0.0345694385 -2.07996845
42 43 53 84 4 -0.222497001 -2.57337141
0 0 0 0 1 -0.621357203 6.14502907
85 85 61 68 2 -0.00153097115 -5.23614597
90 90 100 103 2 -0.00190933759 -3.46955705
165 168 111 134 2 -0.000207656354 -3.62453842
143 143 45 80 2 -4.6252946e-05 -4.39659834
77 78 31 66 2 -0.0229794569 -3.07257128
18 20 42 77 1 -0.000452009233 -2.62097168
23 25 81 88 1 -0.124452643 1.20159984
139 139 95 106 3 -0.00215968397 -1.66670513
90 97 160 164 0 -0.00320031215 -2.99697733
72 75 54 56 0 -0.552101791 -3.57391596
113 113 66 73 2 -0.0408497676 -2.42082429
92 100 38 42 0 -6.48492714e-05 -4.37451124
50 50 60 95 3 -0.0220057238 -2.96026897
40 41 69 104 4 -0.00488650519 -5.11583996
117 123 63 94 3 -0.001357737 -2.44980741
102 106 42 65 3 -0.0426484607 -3.62675786
63 67 41 45 4 -0.0454382636 -2.67626953
96 97 127 132 3 -0.0913134366 -0.374176115
138 138 77 112 4 -0.000313386787 -3.58558297
80 85 65 70 4 -0.00463055447 -0.52557081
117 121 106 107 1 -0.00230029272 -2.50833082
0 0 0 0 2 -0.00323762698 6.13670874
0 0 0 0 2 -0.528189421 5.76490545
103 108 46 52 2 -0.0140933832 -5.58502054
125 129 112 114 1 -0.00339078763 -5.81687164
145 153 86 91 3 -0.00792250503 -2.98391962
98 102 52 57 2 -0.00750794588 -1.81447506
135 142 41 76 0 -0.277036965 -4.78473139
0 0 0 0 3 -0.853947878 1.78748751
0 0 0 0 3 -0.00405078894 6.70118809
84 84 99 106 3 -0.00467450358 -1.63008595
72 76 47 51 4 -0.00071816094 -1.60284066
0 0 0 0 2 -0.482328534 3.62823844
20 26 30 37 2 -0.105117418 -1.58172059
0 0 0 0 2 -0.0053369361 4.7270875
64 64 84 119 3 -0.000392039336 -2.96093273
159 163 68 103 4 -0.000239598899 -2.84319305
46 46 72 74 3 -0.0141711785 -1.0470264
53 60 91 126 1 -0.00635903142 -5.40475988
46 46 152 187 3 -0.00253563398 -2.00810981
0 0 0 0 2 -0.592782736 7.25741768
46 49 74 109 3 -0.00123509509 -3.89556241
43 46 64 67 0 -0.00316883251 -4.4603219
88 88 105 110 2 -0.00117032905 -1.86321592
215 215 37 72 3 -1.00518095 3.62666821
0 0 0 0 3 -0.0083124619 4.7986269
0 0 0 0 2 -0.00295295427 4.29714775
101 103 8 15 1 -0.0107773142 -0.987868965
116 120 136 72 2 -0.190578416 -5.09188271
0 0 0 0 2 -0.0252529811 3.77021527
156 160 101 136 4 -0.0063283192 -4.92383528
55 60 97 120 1 -0.000747183862 -3.06482267
55 58 38 40 2 -0.000505752454 -4.20870495
129 133 79 114 3 -0.0100372173 -4.96395397
39 46 140 148 0 -0.108011223 -1.20257998
102 106 125 129 3 -0.0732444003 -4.37613392
85 85 94 125 2 -0.0298160948 -0.988930047
110 113 122 131 3 -0.260824323 -3.2483604
40 44 63 98 4 -0.074065052 -3.04966307
104 104 49 52 3 -0.00178056431 -1.8363328
91 91 127 162 3 -0.0708444268 -1.90909314
39 39 94 96 2 -0.0121717323 -1.10540152
78 84 136 147 0 -0.0436734222 -1.20887256
35 39 52 59 2 -0.0247703306 -5.75187063
122 122 46 54 3 -0.00348189566 -3.83372855
0 0 0 0 1 -0.0671825558 4.29552555
44 44 54 89 3 -0.000644707063 -4.16991425
156 129 48 83 4 -3.30506229 2.78005338
123 123 93 108 2 -0.00656139571 -3.02110362
143 149 124 129 1 -0.000726510072 -3.2161622
94 95 36 47 3 -0.00134854938 -4.28530884
69 72 30 32 1 -0.0121920165 -3.68244576
117 120 133 144 2 -0.427463442 -2.45755172
50 52 135 158 3 -0.518602014 -0.802698135
0 0 0 0 1 -0.0191693455 1.58141112
65 65 87 92 3 -0.166791707 -0.313580871
0 0 0 0 3 -0.744646847 7.30801487
55 58 123 158 3 -0.000234238774 -3.45974946
55 58 100 131 2 -0.0509997047 -4.45945024
89 92 71 78 0 -0.00186924473 -1.77240229
197 200 169 176 1 -0.0581234284 -0.389489561
0 0 0 0 1 -0.030299671 3.45593333
103 107 74 79 3 -0.00105482282 -0.383111596
17 21 120 155 3 -0.0138389114 -2.17259002
0 0 103 148 3 -1.47933257 0.603762925
122 125 82 105 2 -0.00167492998 -2.04459524
0 0 0 0 2 -0.408888578 7.52870417
33 35 78 35 1 -0.454307824 -1.33202624
45 45 104 112 2 -0.000767206715 -2.80027843
107 109 139 145 2 -0.0456264913 1.09680367
43 51 122 157 0 -0.0158034135 -1.76769519
141 144 127 130 2 -0.00330967922 -0.376420468
114 114 193 228 2 -0.0567498729 -3.05026364
65 69 108 139 4 -0.0328067429 -1.91501427
67 73 85 90 0 -0.00223102095 -4.37254238
53 57 70 76 2 -0.000742827426 -1.03849137
128 132 78 113 3 -0.0161957871 -2.68554449
121 121 37 72 3 -0.00775829982 -2.61117625
50 51 99 134 3 -0.0131836645 -6.25706768
58 58 38 46 2 -4.2557389e-05 -5.52811146
0 0 0 0 1 -0.427069157 4.14282513
150 156 62 85 1 -0.110527202 -0.864419997
118 122 49 56 2 -0.0018903981 -2.49958873
22 25 32 67 2 -0.43636623 -3.26504397
77 79 87 88 2 -0.0122742774 -4.5184536
0 0 88 92 1 -1.03199577 1.82449198
143 147 36 71 2 -0.00254237023 -2.76871228
120 121 47 82 4 -0.0111954799 -0.406350642
0 0 0 0 2 -0.0481093004 2.02074122
136 139 88 93 1 -0.447246879 -2.23403955
0 0 0 0 3 -0.0676960722 4.40102911
58 58 103 105 3 -9.87033927e-05 -4.09502697
135 139 36 59 3 -0.00703449547 -2.45992374
91 96 51 58 1 -0.00347148837 -4.50149822
131 136 110 116 1 -2.50338489e-05 -3.62723517
44 50 83 87 1 -0.00479409285 -4.04352951
43 49 90 125 3 -0.000740870018 -2.74583101
0 0 0 0 2 -0.00673418725 4.94609213
180 184 78 113 3 -0.0892213732 -0.527317822
40 44 49 56 3 -0.439537406 -1.01136434
76 78 39 62 3 -0.0115012536 -4.77965355
125 129 74 82 3 -0.00146413711 -2.00328517
156 163 86 97 2 -0.223899335 -0.895122766
46 49 94 129 3 -0.132129207 -5.07325268
93 112 128 0 2 -1.57769942 1.2088325
185 189 163 170 3 -0.166003108 0.409243286
103 107 45 80 3 -0.000877605344 -3.63667321
99 103 145 149 1 -0.00584050035 -0.240952313
0 0 0 0 2 -0.0320751555 5.04688787
58 63 111 119 3 -1.19011426 0.111793697
174 175 0 0 2 -0.547054648 1.97642589
84 84 67 69 3 -0.126259923 0.675824821
0 0 0 0 3 -0.459290922 5.42306471
55 60 71 86 2 -0.00384303718 -1.83366561
39 47 51 63 0 -0.111442126 -4.53651476
27 31 40 44 3 -0.453597397 -0.0816066563
189 191 50 56 1 -0.170625985 -1.82881784
0 0 0 0 4 -0.000244726572 2.58054805
41 45 59 66 3 -0.000993393594 -2.56518793
103 106 85 96 1 -8.332578e-05 -3.04622507
147 149 61 96 2 -0.149040461 -1.59727526
129 138 149 154 1 -0.0100441677 -3.98230648
125 132 60 62 0 -0.00414190255 -4.11272621
59 60 73 81 2 -0.00268824631 -2.3428092
0 0 0 0 3 -0.0411148556 3.76688743
127 131 78 87 3 -0.000141496363 -5.47204351
97 100 50 65 2 -0.0218458381 -1.2490325
75 79 92 98 3 -0.0546736792 0.547107995
211 214 148 163 2 -0.0347305648 -4.16064405
58 64 82 117 1 -0.00392848998 -2.16466165
135 138 68 72 0 -0.0692241415 -3.3509481
92 96 189 197 0 -0.0657442138 -3.11934447
41 44 115 126 1 -0.345474631 -1.17275882
54 56 69 84 3 -0.0176573433 -3.84708524
0 0 0 0 2 -0.146323621 7.75065088
52 58 107 115 1 -0.00195272395 -3.47211838
0 0 0 0 2 -0.665200353 2.03295565
48 48 103 146 2 -0.59017849 1.20100999
68 71 52 54 1 -0.000468935294 -2.24139094
132 134 193 228 0 -0.9522686 -3.86231804
163 166 184 219 1 -0.465124935 -1.00373352
0 0 0 0 2 -0.801747561 7.13381243
91 97 43 78 1 -0.0117360009 -1.67667413
152 160 109 113 0 -0.0317306928 -4.21999025
0 0 0 0 2 -0.0642115101 5.10217333
0 0 0 0 2 -0.905620039 1.31973791
97 103 40 42 1 -0.0211965591 -0.902145088
0 0 60 68 1 -1.25382733 3.93826604
61 66 82 89 1 -0.0012257921 -3.08234811
0 0 0 0 3 -0.00951595139 3.60769677
0 0 0 0 0 -0.386932045 2.34763908
0 0 0 0 3 -0.815042496 6.90380478
43 46 61 96 3 -0.00017236876 -7.11626816
121 121 138 173 2 -0.00304893474 -4.352911
99 100 78 82 1 -0.00783544034 -2.25121784
130 135 77 112 2 -0.0825365782 -2.08918691
46 50 82 117 4 -0.0147648863 -3.10903001
0 0 0 140 2 -1.79764795 2.13770866
112 115 143 148 1 -0.00277838926 -4.88779497
145 147 108 114 1 -0.0086149238 -0.180454135
69 75 37 40 1 -0.517832518 -2.84692764
114 118 84 92 3 -0.0344080813 -3.89893723
17 23 28 31 1 -0.373163223 -0.260682642
0 0 0 0 2 -0.00587264867 6.156425
35 38 81 88 2 -0.0574208908 -2.55429459
50 52 88 92 2 -0.0073527433 -1.30831051
64 68 45 49 2 -0.000421253179 -4.09596825
93 100 37 60 0 -0.00181608857 -2.40560174
70 72 43 47 1 -0.00805817731 -0.587663114
52 57 69 75 2 -0.0133673903 -0.376478046
86 87 57 64 2 -0.00165587175 -0.00783652067
77 82 93 128 1 -0.467116058 -2.47430253
98 101 118 127 2 -0.00920057297 -3.43351412
154 157 27 62 2 -0.00115783443 -0.882550955
109 115 43 50 1 -0.000341755425 -1.07414722
91 91 102 109 3 -0.0180633143 -1.4503758
0 0 0 0 1 -0.142371148 5.18006134
133 137 57 92 1 -0.0350594483 -4.38595867
0 0 0 0 2 -0.00430657715 3.67131162
67 75 166 172 3 -0.0690823793 -4.97248125
128 131 141 145 0 -0.238507494 -4.62923956
0 0 0 0 2 -0.606082439 6.62158442
115 120 131 137 4 -0.894944131 0.293028474
122 125 108 115 2 -9.11935786e-05 -3.88805103
46 49 66 70 2 -0.0175074916 -1.70752668
57 61 74 109 3 -0.000201456831 -5.29310179
43 50 141 146 0 -0.012220812 -1.60953355
109 112 39 45 2 -0.0018814709 -2.18205023
35 39 47 82 2 -0.0102620097 -2.23846292
99 103 119 121 4 -0.022237815 0.494535387
129 137 25 60 2 -0.000624915643 -2.70109534
0 0 0 0 2 -0.0684504509 6.16153479
105 105 135 0 3 -1.11681724 -0.500507176
84 84 45 52 3 -0.000451835658 -5.44334507
80 83 33 68 1 -0.00204905821 -2.15034461
0 0 0 0 2 -0.0516842566 6.60242224
52 57 149 160 4 -0.000651622424 -2.1626389
132 135 76 111 4 -0.000187152036 -3.27911043
60 60 30 36 2 -0.000108598171 -3.54668427
96 0 0 0 1 -1.39233899 2.96100569
118 121 101 106 3 -0.000340673025 -1.85955143
0 0 0 0 3 -0.326232642 4.78650951
103 107 40 75 4 -0.000421245612 -1.78393912
0 0 0 0 3 -0.184716493 5.359725
109 117 85 89 0 -0.00166739919 -1.21278334
34 35 74 81 2 -0.00103349134 -4.79407167
70 70 78 85 2 -2.67027935e-05 -3.50888228
90 94 108 131 1 -0.241353303 -1.89193988
39 45 30 33 1 -0.0186593961 -2.84065914
66 66 98 102 3 -0.00119104621 -4.3769083
137 140 49 84 2 -0.000478698901 -2.18017507
126 132 150 173 2 -0.000323273998 -3.65009189
61 65 97 98 0 -0.561506748 -2.70157433
111 116 58 67 1 -0.000303012028 -3.21221089
81 83 105 109 1 -0.0417338125 -3.03620839
0 0 0 0 2 -0.000353417854 5.87077999
22 27 61 66 1 -0.0234289933 -2.40264273
58 59 74 109 3 -0.138477802 -0.925286174
109 113 124 128 2 -0.0169730056 -2.15964651
0 0 0 0 1 -0.00393876992 6.04832983
44 47 108 143 3 -0.110279329 0.588156164
63 63 103 118 3 -0.00229905965 -2.98875594
132 136 43 49 3 -0.0198161304 -1.6769886
48 52 86 101 3 -0.186251849 -3.02160645
0 0 0 0 4 -1.12068617 7.16593838
84 86 96 131 2 -0.00521410629 -2.58317518
36 42 48 83 1 -0.013189584 -2.28604412
0 0 0 0 2 -1.37164426 2.36715722
129 135 47 58 2 -0.000641910534 -4.04070854
87 90 50 56 0 -0.00322960853 -5.82684183
144 144 41 49 4 -1.05787349 0.447833955
90 92 49 56 1 -4.97097571e-05 -4.214643
58 59 176 183 2 -0.00112856587 -2.688833
47 47 51 58 3 -0.505200982 2.1358397
77 78 135 143 2 -0.00132108212 -5.57257366
126 127 56 91 1 -0.0081318086 -1.78134084
57 61 74 76 4 -0.00485372962 -2.62858653
111 115 40 45 2 -0.00603134092 -4.4071455
110 113 58 65 2 -0.0383826792 -1.47290063
21 22 35 41 2 -0.00104878726 -4.30585194
0 0 0 0 0 -0.243954808 4.44855785
83 86 41 76 1 -0.000126478684 -3.03251576
0 63 0 0 4 -0.771508932 2.13343787
0 0 0 0 2 -0.0233697388 4.49370527
101 103 120 143 2 -0.020403849 -2.37708926
74 78 92 97 4 -0.00150201749 -1.25423217
65 69 140 175 0 -0.00137808057 -3.92273498
51 59 74 78 0 -0.0012240319 -4.55783844
155 159 133 138 3 -0.0157418642 -4.68669748
158 162 87 102 0 -0.00262096012 -2.67719388
68 69 78 85 1 -0.150101855 0.849558532
167 172 190 196 2 -0.000136969407 -2.17574358
0 0 0 0 1 -0.057764601 3.07426834
125 130 77 112 1 -0.000123975668 -5.09950542
127 132 51 82 4 -0.000680553494 -2.796031
122 126 104 107 0 -0.0109041259 -4.20806217
0 0 0 0 2 -0.502043724 3.9052918
110 111 51 82 3 -0.00595556106 -5.08247232
107 113 131 166 1 -0.00052542449 -1.5934689
0 0 0 0 3 -1.76786673 2.0049727
94 94 26 49 3 -0.00448242482 -3.06390619
165 170 187 194 1 -0.0417300239 1.1218729
115 120 140 146 3 -0.00325957243 -4.31693649
70 75 106 108 3 -0.00889700558 -1.8153677
37 37 117 119 2 -0.00247964449 -3.30652332
167 169 115 117 1 -0.00175977289 -3.25426674
118 122 134 169 3 -0.000145431666 -4.83333254
0 0 0 0 2 -0.0201841984 5.06544971
35 41 53 88 2 -0.041982878 -0.36536333
58 58 93 116 2 -0.000781882729 -4.31754589
0 0 0 0 3 -0.685554028 6.55760145
0 0 0 0 2 -0.229191363 7.76515722
0 0 41 76 2 -0.57122618 -0.884096384
70 78 46 49 1 -0.00116737175 -2.94707847
0 0 0 0 2 -0.546848476 0.666164339
0 0 0 0 2 -0.00540370587 5.86145449
100 103 121 156 2 -0.735150576 -3.24921012
40 40 69 73 2 -0.00155771757 -2.61689925
0 0 0 0 2 -0.0183074195 7.32473421
128 129 96 98 2 -0.0103396745 -3.79767847
107 110 62 97 2 -0.0113993473 -2.31683135
49 51 80 86 2 -0.00174332934 -3.75449157
65 69 15 50 4 -9.95373193e-05 -3.65853524
62 67 104 135 0 -0.018280752 -2.92517042
125 128 112 114 2 -0.000249019591 -3.89360929
120 120 89 100 3 -0.0257675163 -2.96604943
116 122 88 99 1 -0.00384759577 -2.66040134
54 57 77 85 2 -0.231370375 -2.02175689
83 87 66 68 1 -8.15379899e-05 -2.04280663
68 72 50 52 4 -0.000760176277 -2.23393202
56 56 90 101 2 -0.00980806723 -1.77466273
0 0 0 0 3 -0.323521495 4.9083004
51 57 104 135 1 -0.00314025232 -3.89147449
0 0 0 0 2 -0.0182850491 3.02651238
38 38 62 64 3 -0.253382057 -0.79733026
66 72 51 55 2 -0.000860336702 -1.77918124
127 130 81 116 0 -0.0027294124 -3.36863804
78 83 175 210 2 -0.00343548763 -2.79955673
102 106 122 126 2 -1.20679784 -1.8450222
85 88 69 73 2 -0.0824369788 -4.67858267
156 156 62 67 3 -0.00019073009 -1.8157382
53 53 72 107 3 -0.000220170696 -1.54348326
58 63 106 114 3 -0.0988668576 -1.78985429
97 101 27 62 2 -0.000777272391 -3.25369525
218 218 45 80 3 -0.657629609 -4.44611549
69 69 47 51 3 -0.000232091727 -3.90651321
0 0 0 0 3 -0.455862582 4.655375
41 42 64 99 2 -0.0161522441 -4.15762711
40 44 48 52 3 -0.169175953 -1.73181939
0 0 0 0 1 -0.903006732 6.28768873
47 51 65 68 2 -0.0113937352 -0.13552928
108 110 39 46 1 -0.0439674743 -0.80514431
107 109 57 92 4 -0.0225219801 -2.93331337
0 0 0 0 2 -0.00827777199 5.49619961
85 88 101 109 4 -0.00103702722 -1.51119375
90 91 44 79 3 -0.004890515 -3.30603337
60 61 148 157 3 -0.338326693 0.855955064
0 0 0 0 3 -0.165806338 2.52923226
47 55 60 66 1 -0.01722393 -2.72442579
80 80 61 63 2 -0.00261912704 -2.61887407
47 50 67 90 1 -0.00291905599 -3.62038445
140 147 47 78 0 -0.00737177674 -0.0529339314
0 0 0 0 0 -0.166865915 3.93803668
97 101 79 86 0 -0.193227962 -1.75407052
128 133 76 111 1 -0.000777725596 -2.22737122
113 116 130 137 3 -0.00471484754 -2.18412328
99 102 134 142 3 -0.000598730927 -3.19387865
111 114 32 67 4 -0.0900742039 -1.85885358
49 51 65 100 1 -0.000141499055 -4.83662128
50 52 88 123 3 -0.000836446881 -6.61835051
108 112 126 130 1 -0.000154969079 -1.96682191
37 37 104 111 3 -0.00224341755 -2.94887567
0 0 0 0 1 -0.026278913 3.88879037
86 93 102 125 0 -0.243224949 -4.6419735
129 132 78 109 2 -0.00192831852 -1.87151909
151 156 173 178 1 -0.0019334082 -0.944558144
115 117 51 62 3 -0.0564230569 -1.15834689
57 57 71 78 4 -0.00314714503 -1.1741457
129 131 179 214 1 -0.16870375 -1.41016889
34 34 97 104 3 -0.00162540562 -2.37929583
0 0 0 0 1 -0.0351398699 5.58609581
53 55 143 150 2 -0.00628575357 -4.09535217
95 105 116 123 0 -0.00896729715 -2.70938349
148 149 101 136 3 -0.0810491666 -3.5337069
61 63 77 108 2 -0.191046849 -2.26477003
44 48 57 60 0 -0.00760866376 -1.37036872
0 0 0 0 2 -0.0433163159 7.20051765
16 19 30 78 2 -0.0226000473 -0.393328488
177 182 67 72 1 -0.286462188 -0.239406526
0 0 0 0 3 -0.322732627 2.94441557
93 97 113 148 4 -0.00248693675 -2.30550647
91 99 77 84 0 -0.0433125049 -0.372441679
0 0 0 0 3 -0.337442517 5.80152559
0 0 92 0 2 -1.00713289 -1.1926744
113 118 140 163 1 -0.0195231643 -1.99861455
34 34 42 49 3 -0.0264525712 -0.950316429
0 0 0 0 2 -0.782806814 2.29235244
0 0 0 0 3 -0.874949813 7.53231049
97 100 150 185 0 -0.00171104819 -4.23056126
0 0 0 0 2 -0.0222224612 4.57112646
0 0 0 0 3 -0.917546391 7.69433165
77 82 93 97 1 -0.000957258104 -2.59641528
49 55 78 85 2 -0.000185479381 -4.7772131
113 116 129 133 4 -0.00250733295 -3.43109465
79 85 110 121 4 -0.124545239 -1.74405313
99 105 40 45 2 -8.66641203e-05 -3.37283087
70 75 49 51 3 -0.0356151089 -3.70816231
142 148 38 53 1 -0.00154902425 -5.9624362
0 0 0 0 1 -0.553157806 7.44240189
58 67 101 136 1 -0.00127144973 -0.663802803
0 0 0 0 3 -0.667526722 5.35588217
76 84 98 133 2 -0.00717333518 -2.86030197
42 42 56 64 2 -8.78554783e-05 -3.21816754
68 72 45 51 2 -0.000104186431 -3.5699501
103 103 35 66 2 -0.00156454358 -2.80593801
135 137 108 115 2 -0.901278019 -0.584891617
83 86 92 94 3 -0.536240041 -3.7338562
109 112 41 47 1 -0.000200502182 -3.76787615
86 92 121 125 0 -0.00937196705 -0.714119554
153 163 94 125 0 -0.0275035482 -2.15943503
143 146 106 113 3 -0.0047124899 -3.9419229
66 74 101 136 2 -0.00631805696 -3.640944
128 135 148 151 2 -0.00900239963 -2.07230783
0 0 0 0 0 -1.00697851 1.9307735
62 68 85 89 2 -0.00200709258 -4.89474487
0 0 0 0 3 -1.02034378 2.72781205
35 40 77 100 0 -0.000266418792 -5.28931952
114 114 40 42 3 -0.00268185232 -1.77452064
133 135 151 186 2 -0.000983567443 -2.5286777
74 78 200 205 3 -0.102767311 -3.62478542
37 0 20 25 2 -0.152978852 -1.74301219
0 0 0 0 2 -0.0303099863 2.98274469
61 61 112 127 3 -0.0540652871 -5.09897566
116 120 41 49 4 -4.80410235e-05 -2.74504924
61 67 85 90 2 -0.0409081504 -2.73797417
65 68 0 144 0 -1.58427596 3.30589771
58 60 71 106 2 -0.0439165533 -3.66691303
68 71 142 149 2 -0.0187537856 -2.72411656
119 121 165 169 2 -0.0343695171 -2.76471734
74 74 94 129 3 -0.0011777645 -2.31619859
0 0 0 0 2 -0.227550238 7.14460468
0 0 0 0 2 -0.80080539 7.21925497
219 221 86 121 1 -0.0578756444 -1.17995
49 49 84 119 3 -0.001408012 -1.85786033
62 70 106 108 2 -0.0623396859 -2.08492517
95 96 111 146 2 -0.00584174693 -4.77551508
145 145 95 211 2 -1.95119941 2.26584721
0 0 0 0 4 -0.282891512 2.43638492
0 0 0 0 1 -0.0086985752 4.49076319
118 122 135 141 3 -0.00145440991 -1.84916496
219 201 59 67 0 -0.413063616 -2.48473859
52 56 74 78 4 -0.000673344941 -2.6156373
17 24 28 32 0 -0.0265985355 0.205083609
98 105 47 53 3 -0.037223164 -1.93213224
30 37 97 105 1 -0.000616844336 -2.7601552
188 192 170 172 4 -0.168918848 -3.20226717
44 49 0 0 1 -0.618301988 1.7531209
151 153 161 184 2 -0.0101806298 -0.317595601
158 160 73 108 2 -0.000496789522 -3.51699924
0 0 0 0 3 -0.0436298922 4.28510618
0 0 0 0 2 -0.601423204 3.93094993
0 0 0 0 3 -0.295485705 5.17661095
107 111 123 130 4 -0.000624102191 -4.75787735
0 0 0 0 1 -0.0598175265 4.05198145
183 187 123 131 3 -0.0176256616 -2.90662885
43 47 50 118 3 -0.514538646 -2.59067154
107 110 137 152 2 -0.0936069712 -2.69331193
107 110 45 51 2 -0.000317670114 -4.4609127
38 40 85 91 3 -0.50899744 -4.1620779
41 49 63 98 0 -0.000941269798 -6.25879431
0 0 0 0 4 -0.00148222805 5.55126381
0 0 0 0 2 -0.0568282083 3.90901113
50 56 69 76 0 -0.184126794 -0.682848632
0 0 0 0 2 -0.0148137128 5.39566135
0 0 0 0 2 -0.907062769 2.82506061
47 55 74 81 0 -0.00208490342 -3.86033487
107 107 33 39 2 -0.0514281392 -1.36952257
87 92 107 113 3 -0.000692282862 -4.36682844
0 0 0 0 4 -0.847323716 6.2979393
0 0 0 0 0 -0.00298189675 5.47801352
0 0 0 0 3 -0.463578969 4.60911036
124 127 142 149 2 -0.0114879273 -2.67215681
30 34 40 63 3 -0.689259112 0.864327133
0 0 0 0 2 -0.137774557 5.66867161
112 113 73 80 2 -0.0638435856 -3.70205617
27 31 41 45 2 -0.0534391627 -3.1976068
0 0 0 0 2 -0.126080975 6.33171892
109 109 136 171 3 -0.00332655478 -1.8152616
56 59 85 120 2 -0.0139166294 -4.98218727
80 83 91 114 2 -0.0422555767 -1.40940237
0 0 0 0 2 -0.00422170525 5.93213177
144 150 97 128 1 -0.0016496738 -2.91598892
0 0 0 0 3 -0.00577385817 7.19706202
62 62 217 224 2 -1.65626323 -0.093949616
35 39 66 97 3 -0.00056834612 -3.97053027
137 140 156 187 2 -0.0117332172 0.683013737
45 51 79 114 3 -0.000726828934 -4.60558748
105 105 112 117 3 -0.000598363986 -1.53247809
86 91 63 67 2 -0.000244127179 -3.34538507
126 126 45 52 3 -0.043111179 -1.41266727
102 104 61 72 2 -0.00157990493 -3.76643705
80 80 86 121 3 -0.171998635 -2.58581018
43 45 93 99 1 -0.00601218501 -3.44147348
0 0 0 0 2 -0.724156141 4.7807107
0 26 61 72 1 -1.5947206 2.57890034
90 90 103 126 2 -0.000863535679 -1.95922375
60 64 93 99 2 -6.15109311e-05 -5.66028309
90 93 108 111 2 -0.0015561016 -3.72993279
99 99 89 93 2 -0.00109213672 -4.1671586
53 56 88 123 1 -0.375069916 -3.7772944
0 0 0 0 3 -0.0131303454 2.99182749
84 87 103 114 4 -0.00474329479 -2.82249141
91 96 123 154 1 -0.0330494717 0.27577275
118 123 71 94 3 -0.00653111888 -2.52883768
0 0 0 0 0 -0.0064989375 6.0847578
29 32 109 114 2 -0.0101726204 -2.1571219
104 109 90 94 2 -0.00764452573 -2.37538385
114 118 126 157 2 -0.0104525182 -1.42043471
13 13 17 23 2 -1.1186192 0.199797571
0 0 0 0 3 -1.06796396 2.02372336
53 54 73 108 3 -0.0318725184 -4.89327049
110 116 131 154 0 -0.000582759385 -2.46272302
111 114 43 66 2 -0.00317348912 -4.28649521
89 93 52 63 3 -0.000258077343 -3.47241759
0 0 0 0 4 -0.101856105 6.5868268
97 101 77 82 3 -0.000190728781 -2.79282808
116 124 156 163 1 -0.00841541216 -2.20384622
0 0 0 0 3 -0.443795562 3.2778995
111 111 19 54 2 -0.00421203207 -3.72311306
0 0 0 0 1 -0.697826684 6.46886635
139 144 178 184 0 -0.0043948791 -2.24424005
47 47 189 224 4 -0.666597664 -2.94703054
22 26 33 68 0 -0.00894939993 -5.42387438
103 111 43 66 2 -0.659253597 -2.09841108
0 0 0 0 3 -0.827568889 6.24034977
138 140 107 118 2 -0.00853083003 -1.08215559
0 0 0 0 3 -0.00503599131 1.15499163
0 0 0 0 2 -0.80562067 7.71144438
64 64 192 199 3 -0.0870441496 -3.43680286
92 96 37 72 3 -7.99879635e-05 -5.80689716
105 110 50 0 3 -0.921269536 1.64951205
59 63 122 130 3 -0.00153749343 -2.82861948
0 0 0 0 3 -0.00175732863 4.50040531
63 71 91 126 0 -0.00260173623 -3.83819938
165 166 184 219 2 -0.0230618976 -3.13373637
114 115 124 155 2 -0.885777056 -0.644906998
31 33 0 0 1 -0.0332850404 -0.377915055
0 0 0 0 2 -1.08996761 -0.189336717
162 163 69 0 2 -1.03097665 0.977220714
108 114 124 129 1 -0.000428044354 -1.43117809
40 45 54 89 2 -0.0181710869 -4.2185421
78 78 63 66 3 -0.00243167952 -2.36845207
107 110 39 50 3 -0.000412674883 -3.83809376
103 107 43 46 2 -0.00270537869 -3.57040191
67 70 103 107 1 -0.643583775 0.976397932
84 84 95 100 3 -0.00986755546 0.549563408
117 121 67 74 0 -0.000737482565 -1.81670332
0 0 0 0 1 -0.215224639 3.58248734
40 47 51 56 2 -0.160795093 -0.26579535
118 100 68 72 1 -0.665278792 -0.585858226
100 104 53 88 3 -0.000657135446 -3.79476738
0 0 0 0 2 -0.00624520471 5.08575249
64 68 81 116 3 -0.000149962245 -5.34877777
0 0 0 0 1 -0.130859911 2.55582714
89 94 70 74 2 -0.00462619215 -3.10165191
127 131 73 104 1 -0.13933146 -1.69686079
193 198 52 87 2 -0.0569198169 -2.36297154
56 56 158 193 2 -0.123755604 -1.06915355
71 74 89 124 1 -0.00293296855 -6.02164984
43 43 48 54 4 -0.256423295 -1.25829959
0 0 0 0 1 -0.440856487 3.54246736
76 80 42 46 1 -0.0283064283 -2.4085772
105 108 164 199 2 -0.0959639251 -2.28609467
28 30 94 129 2 -0.00569796842 -1.66453981
114 116 128 131 1 -0.00381422183 -1.75812316
50 53 133 139 1 -0.000280362059 -2.57707214
0 0 0 0 1 -0.985269785 7.33109903
180 180 160 167 3 -0.0024127732 -1.88534284
65 72 43 51 0 -0.0105816387 -2.11263132
64 67 19 54 4 -0.00717449235 -1.96307111
0 0 0 0 1 -0.536928058 7.6326642
112 113 45 80 2 -0.000663214363 -3.26813102
117 119 54 62 2 -0.00231008325 -2.96915364
57 61 37 42 2 -0.357509166 1.72156763
35 44 63 94 1 -0.0143388491 -0.862133145
0 0 0 0 2 -0.071050629 5.64366531
125 129 107 112 0 -0.00676424429 -3.59677362
123 124 48 63 2 -0.0138948103 -5.18889999
91 95 105 109 4 -0.125424907 1.63675022
167 168 86 90 2 -0.954308152 -2.03410482
111 115 132 167 3 -0.00114031008 -3.42008948
141 147 54 62 0 -0.035993576 -4.67369747
86 87 106 108 0 -0.806296825 -0.623695135
69 73 87 94 3 -0.08622922 -3.11356115
0 0 0 0 4 -0.493459046 7.16330433
88 93 34 69 4 -0.0119910082 -3.4159658
166 170 150 155 0 -0.177884758 -0.310948193
0 0 0 0 2 -0.0148599315 4.46542597
69 73 84 87 3 -0.0673012584 -2.54041314
52 58 79 84 0 -0.00349354232 -2.24204135
87 87 63 71 3 -0.00597741921 -0.865846753
39 39 55 66 2 -0.0257552955 -2.55690455
89 91 125 160 2 -0.0162196457 -0.556892693
101 101 118 129 2 -0.00374928955 -3.3091836
52 54 64 99 4 -0.00227557216 -0.802474141
41 45 60 91 2 -0.225848496 -2.74774313
71 78 97 103 2 -0.00491704419 -1.10427833
120 124 55 60 2 -0.498928457 -0.0229688883
0 0 58 0 2 -0.585371554 0.347082675
0 0 89 124 3 -1.11848402 -0.422214419
0 0 139 142 1 -1.30600297 2.46388006
94 95 103 134 2 -0.0389049947 0.222131073
0 0 0 0 2 -0.0375532061 3.25918388
0 0 0 0 2 -0.00420509465 5.52085304
188 188 70 77 4 -0.195451796 -3.21060228
86 86 58 61 3 -0.00172369636 -2.74618864
0 0 0 0 2 -0.0304611903 5.74812031
0 0 0 0 0 -0.103940971 6.18103409
0 0 0 0 2 -0.0244662836 5.34792614
85 85 48 51 3 -0.848486066 -1.24541092
99 101 72 87 3 -0.0115399035 -2.46184802
54 55 67 72 3 -0.146224871 -2.52178407
0 0 0 0 1 -0.0275252871 5.00789022
0 0 0 0 3 -0.290730417 3.81419301
122 122 58 93 4 -0.0094967559 -2.46278977
113 119 131 138 2 -0.000105379426 -4.05081081
17 21 28 65 4 -1.20845175 -2.27729535
113 116 32 40 3 -0.0173918456 -3.14568877
151 155 126 135 3 -0.00239171623 -3.40446854
133 136 101 108 2 -0.00127513846 -2.74839139
42 45 88 93 3 -0.0241223779 -2.24182367
0 0 0 0 3 -0.0453800745 2.80163574
35 41 136 171 0 -0.00307550794 -3.02038598
34 34 51 60 2 -0.00136420468 -4.40564585
109 113 62 97 2 -0.000784733915 -3.3973546
0 0 0 0 1 -0.0145183355 4.23807335
49 55 114 119 2 -0.108216301 -1.78564262
0 0 0 0 3 -0.0591188185 6.01674843
99 101 110 121 1 -0.124640107 -1.13715935
149 155 186 209 0 -0.0368443988 -0.570966005
94 94 110 145 2 -0.113861881 0.426709116
49 53 32 36 3 -0.00129195373 -3.15595293
67 70 141 143 3 -0.115711056 -2.69921136
193 196 134 169 4 -0.00726268999 -1.58795905
61 67 140 175 1 -0.0146397557 -0.394787133
106 108 122 128 3 -0.000311839278 -0.350092709
102 102 115 130 3 -0.0122047029 -4.03490925
115 120 131 154 2 -0.00126678916 -3.86764216
71 73 80 111 3 -0.00952578802 -1.4309541
85 87 106 111 1 -0.00350530772 -2.10917735
57 59 74 81 2 -0.0042456938 -2.38631058
157 157 33 36 3 -0.00908335671 -3.4909184
53 53 67 73 3 -0.00319006504 -2.87841082
65 65 0 0 3 -1.54492736 0.505859375
152 152 123 138 2 -0.0253183227 -4.39927912
145 149 122 133 2 -0.00086946669 -4.71354961
34 40 102 104 1 -0.00199985108 -2.84195709
65 73 43 52 3 -0.00032325834 -3.88804126
63 63 104 139 3 -0.0820887461 -3.48894668
0 0 0 0 2 -0.424334377 3.95639014
94 98 62 73 3 -0.00607536873 -0.154112935
106 106 117 124 3 -0.126811802 -1.42984879
0 0 0 0 0 -0.881704032 5.30366898
149 157 70 105 2 -0.00346478401 -1.83904243
55 56 63 67 2 -0.00283421832 -2.28921366
104 109 136 151 3 -0.062705785 -2.38804531
93 98 51 86 3 -0.000885707035 -3.08033729
119 126 75 106 1 -0.00499874353 -2.26481223
145 153 93 128 1 -0.0198495202 -2.1156497
61 62 34 40 2 -0.00278792623 -5.04726934
226 226 79 114 3 -0.0341722518 -2.28299952
128 134 49 56 0 -0.00122630072 -4.85492516
111 111 126 132 3 -0.000476569345 -2.89528251
117 118 127 134 4 -0.724869728 1.13072324
141 143 112 119 2 -0.00157750282 -5.03036737
106 106 120 151 3 -0.00113078707 -3.73912978
164 165 86 91 2 -0.0128017468 -4.27782393
0 0 0 0 2 -0.00261822413 5.49786997
0 0 0 0 3 -0.000628595124 3.53158045
87 87 17 52 3 -0.0135003431 -5.12468004
104 108 155 190 2 -0.0975582823 -1.32594419
0 0 0 0 1 -0.909516692 2.98108935
71 75 95 130 1 -0.0460749231 -4.65098095
79 83 32 67 0 -0.0008937206 -4.05492067
81 86 164 199 3 -0.355325699 -0.0402342975
0 0 0 0 2 -0.00378528424 4.42749834
105 109 61 96 3 -0.0375375599 -1.23077679
0 97 47 82 3 -1.32737327 -0.30412668
22 25 92 99 1 -0.122012198 -2.06823874
77 77 87 102 3 -0.63713783 -0.597576141
53 55 72 103 2 -0.324375063 -0.647873878
0 0 0 0 2 -0.00591443293 7.58351278
166 166 97 128 3 -0.00754241692 -5.00493097
46 50 93 101 1 -0.0525781438 -4.12399197
0 0 47 51 3 -0.20513612 1.21690774
120 125 49 72 1 -0.000260460831 -4.08941221
0 0 0 0 3 -0.0126824453 5.52655315
16 23 27 62 2 -0.653520823 -0.967032373
99 103 115 138 3 -0.00209462154 -2.46795106
66 68 105 140 2 -0.000594034442 -3.36503911
140 141 41 45 3 -0.0388675332 -3.93080735
52 57 113 136 1 -0.0013086797 -2.73085761
78 87 59 63 0 -0.16533342 -1.51084113
64 72 91 96 0 -0.00611914229 -1.0668664
61 68 39 44 0 -0.0940828398 -4.48482132
101 106 55 90 2 -0.00210682163 -3.79759169
18 19 41 47 3 -0.322050512 -0.919933438
43 46 93 128 3 -0.00379832694 -2.71811724
32 34 59 64 2 -0.0177536402 -4.9432168
43 46 62 67 1 -0.0271639265 -2.74698997
120 126 144 153 1 -0.000589857926 -3.2729063
127 134 53 88 0 -0.00029931945 -4.50777102
96 100 38 47 2 -0.0805228725 -1.71358371
56 57 122 128 3 -0.0066791987 -0.0097296536
102 104 113 116 1 -0.0338056795 -1.41979992
105 108 58 93 1 -0.0482031219 -5.26916504
65 70 39 46 2 -0.00380647695 -1.89711761
77 84 26 35 1 -0.0019269262 -3.66191411
117 117 103 106 2 -0.000792923034 -4.42559767
111 114 56 64 1 -0.0648227856 -0.909223974
131 131 68 70 2 -0.00277856924 -3.51286221
12 12 17 23 4 -0.117351905 -0.294873595
12 15 42 42 0 -0.753663123 -1.82010579
47 51 130 161 4 -0.00365373679 -4.02971697
67 70 49 55 3 -0.000931634509 -2.47779655
60 60 73 108 3 -0.000179641647 -5.50822687
30 31 47 70 4 -0.00782352965 -2.22856593
57 58 37 52 2 -0.0299975518 -3.27000117
80 84 62 73 4 -0.0034163394 -3.5728786
57 57 80 83 3 -0.0082476642 -4.35450697
76 77 59 61 2 -0.0321366601 -1.75372624
157 162 126 133 2 -0.000643107342 -3.12114334
107 111 127 133 1 -0.0120745804 0.207215548
110 110 128 134 4 -0.000531004567 -1.81550646
51 54 74 89 3 -0.000231972561 -4.41871262
55 59 69 92 3 -0.00574671058 -2.63232374
51 51 60 62 2 -0.0409823395 -3.17222691
39 42 46 53 1 -0.0304303765 -0.608954072
45 49 97 103 1 -0.0284896716 -4.22650337
40 41 45 51 2 -0.186250776 2.2262969
104 105 56 91 2 -0.00691707572 -3.62192869
117 125 57 92 0 -0.0102856383 -5.67664623
114 117 86 94 2 -0.00112660427 -3.02404332
78 81 89 124 3 -0.0136386305 -5.31888008
86 92 47 50 0 -0.00236084778 -4.4187212
138 138 118 126 3 -0.000775947992 -2.7627883
60 60 78 83 3 -0.0147914216 -4.33814001
59 59 76 111 3 -0.148737654 -5.06663513
47 47 59 66 2 -0.00100679451 -3.28830099
48 51 64 99 2 -0.000863043242 -2.65848041
79 84 56 63 2 -0.072615698 -2.93753099
36 36 52 87 3 -0.00604020292 -4.69249249
134 141 72 79 0 -0.00228862977 -2.28825068
80 80 91 97 3 -0.017030865 -2.33262038
142 143 67 75 3 -0.0174251199 -4.92794943
44 45 62 85 3 -0.149327144 -2.51233196
109 109 31 38 3 -0.00419266755 -4.34273148
5 6 9 44 3 -0.251198173 -1.18974161
48 48 64 75 3 -0.000298956496 -4.73888874
60 63 135 138 2 -0.000502422685 -4.09755039
97 97 107 130 3 -0.0305836312 -1.84831071
25 29 33 64 2 -0.0680975541 -0.920894027
103 103 114 129 3 -0.000794888183 -3.42987418
67 70 34 57 2 -0.0015387712 -3.90702891
65 66 114 119 2 -0.00977192912 -3.67242622
65 65 77 112 2 -0.000158424227 -3.86383581
55 56 94 109 2 -0.002494029 -3.0257895
43 46 78 80 2 -0.00381167908 -2.99573112
90 93 41 76 1 -0.000223028823 -3.62634349
46 46 66 101 3 -0.00437410362 -5.38567495
163 163 66 101 3 -0.0134017933 -3.81350756
76 82 100 115 1 -0.000423753052 -2.11837244
61 64 85 90 2 -0.000651052047 -3.07872295
149 149 75 110 3 -7.64124052e-05 -4.06314468
59 60 119 142 3 -0.00861201901 -2.30366611
87 91 100 111 1 -0.000597286562 -3.68326306
90 91 48 83 2 -0.0821569487 -4.94363165
75 75 90 105 2 -0.00121216348 -3.28682232
17 17 38 42 2 -0.0439606234 -3.71766901
86 90 47 70 1 -0.00130896538 -3.78472519
25 28 101 109 2 -0.00262179924 -5.08095217
149 150 125 133 2 -0.00777932489 -1.55321622
85 87 98 109 2 -0.00362298312 -4.57871962
0 0 0 0 3 -0.00347587396 3.46968198
0 0 0 0 3 -0.00247498183 5.77188635
0 0 0 0 2 -0.184212118 3.90697742
0 0 0 0 3 -0.000533532235 5.3866477
0 0 0 0 3 -0.00229488104 3.98894382
0 0 0 0 3 -0.00500496943 3.93808818
0 0 0 0 2 -0.00513689918 4.91793442
0 0 0 0 4 -0.8540591 7.12803316
0 0 0 0 3 -0.00295693846 5.19304752
0 0 0 0 1 -0.0572009496 5.2813797
0 0 0 0 1 -0.770970821 1.79087019
0 0 0 0 1 -0.328043997 3.18682241
0 0 40 44 2 -1.94324923 2.57108855
0 0 0 0 0 -0.0476376712 6.23654127
0 0 0 0 3 -0.335964441 5.26812792
0 0 0 0 3 -0.00147234602 4.26233387
0 0 0 0 2 -0.0825462043 5.71760178
0 0 0 0 2 -0.718992949 1.72879052
107 109 122 128 2 -0.0481969491 0.550194323
106 109 126 132 1 -0.000135656068 -2.23759818
65 72 83 92 0 -0.00600072555 -3.80932069
22 22 26 61 2 -0.500500262 -1.67539716
50 55 149 184 1 -0.0203661695 -1.05757594
138 142 51 86 3 -0.000323153974 -2.12545085
75 82 42 46 1 -0.000233640603 -2.57139897
147 150 79 114 1 -0.00236142334 -2.58614469
16 19 35 58 2 -0.0306495372 -2.35321736
61 61 75 83 3 -0.198099285 -2.26865387
125 129 140 147 0 -0.00167727389 -2.11006761
45 47 83 89 2 -0.00446056901 -2.76024508
50 50 83 118 2 -0.000344729284 -3.87894225
35 42 52 54 0 -0.00333776092 -2.11421967
150 153 128 135 0 -0.000318274251 -4.55215979
50 54 68 83 3 -0.00100249145 -5.96875095
115 115 44 55 3 -0.014240548 -2.27570271
112 117 30 53 1 -0.00476657087 -3.37913275
143 143 104 111 3 -0.00420001475 -2.55656505
240 148 188 192 0 -1.95993245 -0.66252315
112 117 49 54 1 -0.000168794882 -4.4261651
145 149 89 104 3 -0.0092938114 -1.08096147
48 51 61 69 4 -0.0575816855 -3.46050358
56 61 83 118 1 -0.00276778988 -4.44511986
157 161 58 93 1 -1.00813425 -0.0312485397
147 151 66 101 4 -0.00209289277 -3.47702742
104 109 41 56 4 -0.00330646615 -3.35292673
41 42 54 61 4 -0.630852878 -1.12140584
104 107 60 62 4 -0.00545024406 -4.94709253
0 0 0 0 1 -1.13115489 3.19591856
0 0 0 179 1 -1.0142895 3.50311494
77 83 32 67 1 -0.00148575846 -3.48323107
171 175 124 159 0 -0.0293771569 -2.39315438
0 0 0 0 2 -1.05847549 7.51634836
0 0 0 0 3 -0.349530786 6.05801725
197 198 132 163 2 -0.0331047811 -2.43121076
84 86 110 115 1 -0.000500276568 -2.84690356
45 48 108 143 1 -0.0104698073 -1.65950584
72 76 59 66 0 -0.00170308212 -2.52556205
107 114 129 135 0 -0.000208958678 -1.62001157
45 45 49 52 2 -0.320412815 3.20757222
101 103 57 65 2 -0.154023647 -1.03301668
56 57 73 76 2 -0.000973600487 -3.91136956
79 85 131 139 0 -0.00361049175 -1.75910711
151 155 52 87 3 -0.00242469762 -2.38363075
0 0 0 0 3 -0.01383154 4.32356739
91 94 51 58 2 -0.00016116476 -3.22209501
85 93 37 41 1 -0.00192306354 -1.30230212
0 144 42 50 1 -1.57223177 1.25695133
0 0 0 0 2 -0.222461939 5.84225512
84 87 101 108 2 -0.0030404483 -3.05393195
46 52 71 79 1 -0.000366189721 -2.22138476
0 0 0 0 1 -0.673976362 5.9240551
70 73 143 145 2 -0.0344737321 -3.93327999
59 63 95 103 2 -0.0170404296 -1.04598951
0 0 0 0 3 -0.0642729998 3.76764703
109 115 94 102 3 -0.000174871195 -2.85319972
144 148 58 93 3 -0.00180315517 -4.75705051
125 129 83 118 1 -0.00442582462 -3.36966658
124 126 144 179 2 -0.924183547 0.771421134
35 35 72 83 1 -0.631938159 -4.44605923
58 62 72 76 0 -0.000546733558 -2.39014721
88 88 126 132 3 -0.000674519921 -3.67679119
74 77 119 154 3 -0.000756536727 -3.45491099
89 93 110 145 3 -0.00333466125 -1.29519105
108 109 93 97 2 -0.000790366612 -3.82207799
0 0 63 0 2 -1.73250604 3.28742671
0 0 0 0 4 -0.00496892957 4.80578899
87 92 43 74 3 -0.0971795619 -0.417438507
36 42 72 75 3 -0.30805409 0.149982393
94 98 111 142 4 -0.00046841969 -3.17428207
148 150 54 65 1 -0.0573574305 -1.86609077
82 83 98 133 4 -0.0103823831 -4.57807016
0 0 0 0 2 -0.0254674777 4.34849834
82 83 95 98 4 -0.0118074305 -2.55176926
101 101 121 127 4 -0.00280420249 -0.633721352
108 108 58 93 3 -0.159546942 -3.90151334
48 51 195 198 2 -0.00893519912 -3.07128763
139 141 118 129 2 -0.00330676092 -3.37833142
132 132 40 63 3 -0.00134349894 -5.75162745
115 115 168 179 3 -0.0164493192 -0.205116943
74 79 45 52 0 -0.00367263332 -4.93217516
92 92 99 107 3 -0.00150434207 -2.928056
66 70 85 120 3 -5.01867835e-05 -4.43596458
109 112 125 128 1 -0.00408600643 -2.51463985
70 74 88 99 1 -0.0074342452 -2.41764808
63 69 191 193 0 -0.0588167608 -5.30384731
80 88 237 187 1 -1.46672416 2.26655006
0 0 0 0 3 -0.441950083 6.47977352
119 119 77 100 2 -0.772357702 -1.61567926
42 47 54 89 1 -0.00166183175 -3.50687289
0 0 0 0 1 -1.00044405 7.50652933
0 0 0 0 2 -0.250184417 6.46758223
133 139 88 123 2 -0.00550786173 -2.22833705
42 46 76 84 3 -0.000188100952 -3.93670583
47 50 56 79 3 -0.0132918786 -1.773386
0 0 0 0 2 -0.00190985762 3.74203897
76 88 101 116 0 -0.0110813854 -2.0556159
169 175 76 111 3 -0.0183506832 0.605179608
95 100 73 80 4 -0.00326024438 -2.35115814
0 0 0 0 2 -0.245728299 3.51161361
0 99 0 0 1 -1.15278566 3.38941193
96 103 120 124 2 -0.252551287 -0.302814782
124 124 102 104 2 -0.00228650053 -4.1532259
105 107 95 99 2 -0.17507568 -0.966447711
121 124 36 71 3 -0.0938161537 -2.87641096
65 65 44 50 3 -0.023071859 -5.20793056
109 112 192 227 2 -0.105971307 0.0166392922
0 0 0 0 2 -0.0183108542 4.11398268
37 37 63 69 3 -1.20752454 -0.359537095
97 103 48 83 1 -0.0670783296 0.999516666
67 67 119 127 3 -0.00323434407 -1.94028521
26 30 35 39 4 -0.014333887 0.692021668
108 111 124 147 3 -0.0211265236 -4.6780715
86 90 42 73 2 -0.0492556542 -2.51142621
93 96 111 120 1 -0.00277703744 -4.54668045
0 0 0 0 2 -0.84053731 6.89212465
118 121 130 138 4 -0.00145674893 -3.26206541
108 108 68 103 0 -0.735094666 -3.41436124
65 70 79 114 3 -0.00309683569 -3.07353783
0 0 0 0 0 -0.0772530735 5.57510948
43 49 61 63 2 -0.00215418078 -4.97792339
0 0 0 0 1 -0.0131735858 5.53139448
52 53 168 199 3 -0.046611283 -4.82682991
41 41 46 58 2 -0.145194694 -3.43217897
156 160 173 208 2 -0.0385808051 -1.64736652
0 0 0 0 2 -0.218012244 7.05073452
51 55 70 93 3 -0.000538008753 -3.54518175
0 0 0 0 1 -0.222928479 3.50390744
126 131 110 114 1 -0.00757384393 -2.14467549
57 58 117 121 4 -0.00584270991 -0.192542315
55 58 80 115 2 -0.031099923 -3.0636785
43 50 61 84 2 -0.277233839 -1.17415881
113 114 132 167 2 -0.0105906352 -2.36493397
0 0 0 0 3 -0.0679741949 5.10109806
106 111 81 85 0 -0.0711787045 -0.471177906
108 112 59 94 2 -2.47954486e-05 -4.97981739
0 0 0 0 2 -0.0173776019 1.43354487
65 71 85 116 1 -0.00140995928 -0.844200611
130 134 73 108 4 -9.1670845e-05 -3.04658031
122 124 100 103 1 -0.00618019793 -4.93794394
148 156 89 124 4 -0.000237570915 -2.56555796
70 74 22 25 1 -0.00247601303 -4.33184767
63 65 143 150 2 -0.0486232936 -3.93532038
98 98 107 113 4 -0.00150485674 -0.832953036
77 81 47 50 1 -0.395901948 -3.07720852
150 156 111 114 0 -0.0147647792 -2.56374049
63 63 76 107 2 -0.0103772609 -2.84923148
44 47 111 126 2 -0.00409969827 -4.13959026
80 84 93 128 2 -0.00770224305 -2.74013972
89 97 50 53 0 -0.978249669 -1.84599757
46 46 73 77 2 -0.0349190272 -3.51575541
97 100 113 118 0 -0.367783874 2.72499847
21 24 51 59 4 -0.384282619 -3.06652021
106 110 125 132 2 -0.0181186516 1.1959343
48 54 107 114 2 -0.00499597518 -3.07105684
104 104 85 89 4 -0.00164501322 -1.52058816
0 0 0 0 3 -0.650384545 3.3950789
80 83 102 109 2 -0.00151491805 -4.60745955
0 0 0 0 2 -0.745723069 7.71722746
0 0 0 0 3 -0.00324473693 2.98277378
58 58 91 94 3 -0.00086953619 -2.22073722
92 94 33 42 2 -0.0112753995 -1.29467511
44 48 61 96 3 -0.0393805504 -3.0102644
218 125 142 151 2 -0.817141473 0.855897963
0 0 0 0 3 -0.96534884 7.77512312
27 36 79 87 0 -0.0141849201 -2.46663046
45 52 62 73 2 -0.86634028 -4.2554636
136 139 152 157 4 -0.0258658584 0.742437065
59 60 163 174 1 -0.037987832 -1.73042822
43 49 53 60 2 -0.0523591712 -2.07282829
96 102 111 117 0 -0.00038585093 -3.28788328
133 136 58 62 2 -0.00643348135 -1.16599393
26 33 179 214 2 -0.00287398603 -4.0740881
127 132 90 113 2 -0.00114720245 -4.10825729
55 58 78 87 0 -0.00799439102 -3.30013394
102 105 134 139 2 -0.00550598884 -5.37943363
7 11 17 52 4 -0.0997696072 -0.463504106
159 139 86 121 2 -1.55867696 -3.55836439
145 147 168 203 2 -0.0305201821 -0.779815674
0 0 0 0 2 -0.05569949 5.1758337
57 64 194 201 2 -0.00448200153 -2.83826852
114 116 96 99 1 -0.0458158068 -2.97417164
69 69 48 52 3 -0.000184889097 -3.67951488
130 134 79 114 1 -0.384148568 -1.09026885
39 41 70 105 2 -0.00194653659 -3.27997088
91 91 189 194 2 -0.000260098575 -5.10608101
32 38 46 81 2 -0.117997393 -0.839744925
0 0 0 0 2 -0.00982296746 2.82418323
50 53 64 72 4 -0.000922776118 -1.42191648
110 114 125 160 2 -0.00733151799 -1.73213077
83 91 108 162 3 -0.113707736 -0.0276778042
0 0 0 0 1 -0.0265886374 5.84752941
50 51 127 138 3 -0.0180444028 -2.18868804
11 17 0 31 2 -1.60513377 3.28443289
76 78 91 96 2 -0.123860464 -1.81798458
14 18 31 37 3 -0.765226424 0.974608839
80 85 169 173 3 -0.00119033316 -5.71019173
0 0 94 102 0 -0.560658395 2.46941829
133 134 107 111 2 -0.0499951765 -3.48448968
159 160 34 39 3 -0.00094544579 -2.87553549
63 69 95 97 0 -0.00248466991 -3.97074986
47 49 0 0 3 -2.47051024 1.00829577
107 107 120 131 3 -0.00859633181 -2.89342165
55 58 75 80 3 -0.0134557597 -5.37254763
136 140 53 60 3 -0.0370146818 -2.96920943
141 144 41 76 1 -0.00120104069 -2.74974608
0 0 0 0 1 -0.00390461832 6.02353954
154 154 106 117 3 -0.0193845835 0.296865463
41 44 57 92 0 -0.0136361411 -4.86795712
118 118 48 50 4 -0.0018024086 -2.80552745
127 134 95 101 2 -0.00319139776 -1.96722054
164 166 61 96 1 -0.0013724051 -2.15361524
44 48 80 81 4 -0.289942831 -2.80450749
125 128 105 113 4 -0.000626566645 -3.3683784
0 0 0 0 2 -0.00373913953 7.56892347
0 0 0 0 3 -0.000759496586 5.37280798
0 0 0 0 2 -0.893559337 7.33052444
31 35 55 90 1 -0.683993578 -2.72424269
90 91 34 57 2 -0.0533769876 -2.33182192
72 73 56 60 2 -0.000346627581 -3.91837788
100 101 108 113 2 -0.030348707 -3.6403048
18 18 34 37 2 -0.115787439 -1.2796011
89 90 36 71 2 -0.0182583947 -4.32146692
0 0 0 0 1 -0.110402614 2.94817662
100 104 86 89 1 -0.00403441163 -1.5315783
70 73 81 83 2 -0.0956007391 -1.13877177
76 79 117 148 2 -0.00552269537 -2.05325484
106 106 55 90 3 -0.000535257393 -4.59370184
66 72 79 86 0 -0.0865542218 -0.570480168
197 202 52 59 2 -0.350712985 -2.7536335
0 0 0 0 3 -0.604453564 7.60941648
56 64 132 140 1 -0.0133258924 -3.50169349
124 125 110 112 4 -0.0181604531 -3.37730169
46 46 107 115 2 -0.00269911252 -5.19296837
78 83 98 105 2 -0.00731913233 -0.841547906
0 0 0 0 3 -0.736066103 7.23250389
55 55 171 174 2 -0.0257607959 -5.68714619
118 122 169 172 2 -0.338886112 -1.40882683
45 47 55 90 2 -0.282993674 -1.70644712
24 26 100 123 1 -0.0125677735 -2.26709437
0 0 0 0 1 -0.774996817 7.65999651
59 62 68 103 4 -0.00550069474 -1.95292521
0 0 0 0 2 -0.96195817 6.93242741
111 111 64 66 2 -0.572346747 -3.73725867
0 0 0 0 0 -0.041144032 4.05026627
0 0 0 0 2 -0.00187030807 6.82328367
208 214 127 162 1 -0.00332332868 -0.786388397
156 162 111 134 2 -0.0149143366 -2.71003413
54 57 81 87 2 -0.00965621881 -0.550901473
29 35 111 119 2 -0.0263842475 1.23385048
124 126 108 115 2 -0.0159308054 -1.47618151
0 0 0 0 2 -0.50259304 6.69712734
62 68 82 85 0 -0.00349606946 -3.37765121
61 0 76 78 4 -1.55190277 1.33931351
151 152 74 105 2 -0.0289298017 -4.26501036
29 31 44 79 2 -0.00204194919 -5.29575157
106 109 66 71 2 -0.0135034919 -0.401495367
0 0 0 0 0 -0.541754186 6.68486929
38 45 58 93 0 -0.000317301834 -4.40904856
81 85 58 65 3 -0.00232317764 -4.73655891
39 40 52 61 3 -0.000182027492 -3.12756705
106 106 54 59 2 -0.482136786 -3.40484452
66 70 40 43 3 -0.000253898266 -3.0479064
136 137 31 40 2 -0.124029726 -4.85767937
99 105 47 50 1 -0.0758511797 -3.66074419
98 102 111 115 3 -0.000393486349 -2.65935826
27 29 42 49 2 -0.0136272581 -1.19593334
53 56 94 99 2 -0.0317565687 -2.0725584
174 0 85 90 2 -1.04482865 1.27453446
129 129 66 68 4 -6.29419883e-05 -2.2847352
79 81 146 150 3 -0.140474081 -0.580047667
86 93 34 69 0 -0.00426592398 -1.09200001
128 130 70 105 1 -0.594921231 -4.15761852
63 65 86 94 2 -0.0422881395 -5.32567835
0 0 0 0 2 -0.0496410951 3.14503336
88 92 38 73 1 -0.440164715 -3.83643484
144 150 75 82 1 -0.0361735076 -2.98873973
104 108 152 187 4 -0.00323962653 -2.02269053
112 114 53 88 2 -0.0694249347 1.40654111
0 0 0 0 3 -0.34948954 6.47793293
120 123 42 49 2 -0.00477972953 -1.39519024
103 103 86 92 3 -0.0372159369 -3.84221172
26 29 87 93 1 -0.00241145631 -2.50233698
63 70 42 50 0 -0.00024115284 -4.44124031
175 178 104 113 2 -0.0107205603 -3.91452169
93 94 157 188 1 -0.108273886 -2.75871158
111 116 53 55 0 -0.00460229022 -4.10441494
0 0 0 0 3 -0.76080507 4.55849981
78 81 89 93 0 -0.000268559379 -1.41203237
176 184 144 151 0 -0.0664880276 -6.16607571
0 0 0 0 2 -0.31354633 7.18597746
112 113 43 51 2 -0.662449956 0.684595048
96 97 104 111 3 -0.00165769248 -1.2750175
65 66 42 47 3 -0.012404969 -2.89964318
45 51 66 69 1 -0.00901745353 -2.62235689
168 168 79 82 3 -0.0124339275 -3.72766495
56 60 79 85 0 -0.0414245091 -2.49057746
0 0 0 0 3 -0.00118069851 5.54271746
0 0 0 0 2 -0.0415265746 4.57615471
0 0 0 0 2 -0.00819317065 6.23103476
123 123 149 184 3 -0.0175338313 -5.22951078
96 104 150 157 1 -0.042188324 -3.5350275
62 62 83 91 2 -0.000488475838 -2.06509185
52 54 82 90 2 -0.000535327592 -1.95004773
103 105 79 94 2 -0.0101276059 -2.57319283
53 54 133 140 2 -0.0230517555 -3.32168674
40 43 60 91 3 -0.000163312026 -6.47833014
78 83 96 104 0 -0.0551431626 -2.58053923
107 113 122 133 0 -0.0869570076 -0.917522371
0 0 0 0 2 -0.246859953 4.03937006
53 57 66 81 1 -0.00309514697 -2.06051016
41 48 104 109 0 -0.0440521538 -3.92741275
106 106 120 128 2 -0.0126356231 -1.87418699
167 167 102 137 2 -0.00204448681 -1.77490377
34 38 54 62 0 -0.00118317246 -4.90428162
127 128 52 87 2 -0.00069872709 -5.5498786
220 220 173 204 3 -0.589385509 -1.82352233
56 62 132 167 2 -0.0275668073 0.329369485
79 79 29 60 3 -0.00294741336 -2.90715289
103 104 58 64 2 -0.102663159 0.679121077
73 73 57 64 3 -0.000343174906 -3.27473593
82 85 97 104 2 -0.000140306467 -2.6947968
179 185 70 105 3 -0.276322037 -3.29466963
137 140 51 82 3 -0.00291225221 -3.31228685
57 62 123 126 1 -0.00730280252 -4.09851456
47 49 68 103 2 -0.048298426 -4.01209164
53 57 126 161 4 -0.000704069214 -1.90673256
102 105 115 126 2 -0.00236328412 -1.77982712
0 0 0 0 3 -0.0184614379 7.6742425
182 188 131 162 3 -0.0125242053 -3.11354709
113 121 45 80 1 -0.00697525451 -4.02419281
0 0 0 0 2 -0.178473324 1.53889155
132 135 77 108 3 -0.000380826939 -3.48814559
54 54 103 138 3 -0.174609393 -1.71464658
140 142 40 48 2 -0.00107568561 -3.16550064
134 140 149 160 1 -0.0102747437 -0.121007681
119 123 91 97 2 -0.0878584757 -3.87082624
114 118 36 47 1 -0.0113945585 -2.39258146
0 0 0 0 4 -0.540051699 8.09868908
62 69 83 85 0 -0.00109500496 -3.01577687
79 89 106 111 1 -0.00849185046 -0.0363994837
131 136 80 115 3 -0.0086553134 -2.20842576
134 138 155 164 2 -0.919847131 -0.434770614
109 117 35 70 0 -0.206907898 -0.147535741
48 51 90 125 2 -0.00724639744 -1.76682663
0 0 0 0 2 -0.0910455734 3.72027373
128 128 195 206 3 -0.000781746698 -2.71467638
71 72 52 59 4 -0.000352945877 -3.6133678
89 106 55 78 3 -0.449416369 -2.28504395
0 0 0 165 2 -0.793550968 1.74605966
0 0 0 0 2 -0.0149429366 3.17471504
99 101 117 152 2 -0.0056905169 -1.18904257
0 0 0 0 3 -0.0981763825 5.70718193
60 63 46 53 2 -0.0246267579 -1.26039326
0 0 0 0 2 -0.00823574979 4.66538477
131 134 66 72 3 -0.00120365096 -3.50007892
64 68 41 47 3 -0.188071832 -1.13326859
138 142 163 172 3 -0.183616608 -4.64814043
115 116 132 142 0 -0.539043903 -4.4596014
42 43 111 146 3 -0.637803078 0.339698851
0 56 61 69 4 -0.282718122 -1.21203852
31 0 42 47 4 -0.683898211 0.851974547
106 112 0 0 1 -1.5187341 2.23583198
0 0 0 0 0 -0.743520856 2.78244877
46 52 109 144 0 -0.000273694401 -4.58457136
107 111 123 127 2 -0.000186319332 -3.82615423
136 137 75 90 2 -0.0592676364 -0.576137006
87 89 102 110 1 -0.00175513187 -5.95620775
39 47 59 64 0 -0.00186440011 -3.69850779
96 104 71 77 0 -0.00520858914 -4.32688189
64 64 48 58 2 -0.049752228 -4.18746424
0 0 0 0 2 -0.000685143052 5.7247014
96 57 71 82 2 -0.824224353 -2.2564733
15 18 32 55 1 -0.0657533929 -3.82879162
98 104 114 121 2 -0.00417586137 -1.26672506
80 83 46 48 3 -0.0349238887 0.790417135
127 130 143 174 1 -0.236512125 -1.51755118
123 124 31 66 3 -0.00207002903 -2.44104862
89 92 173 178 2 -0.00362639059 -0.981666505
35 36 154 189 3 -1.31007624 1.53003931
102 107 122 131 4 -0.000439942756 -1.81147718
51 57 70 105 1 -0.00974724721 -2.00345206
45 51 62 93 2 -0.100131936 -2.47079253
62 68 86 121 2 -0.000228862453 -4.04964399
56 59 148 156 1 -0.00137136329 0.806331217
59 60 30 36 1 -0.141016126 0.0377091169
147 151 128 133 2 -0.00646799151 -2.12074161
83 88 31 38 3 -0.00528832339 -0.968646526
133 134 151 166 2 -0.0956758857 1.52890539
49 51 60 66 1 -0.0286315456 -1.56289172
74 74 94 129 2 -0.00454030233 -4.80183029
94 94 47 82 3 -0.000347830879 -3.55088067
41 45 106 141 2 -0.00370584358 -3.70171118
124 124 160 195 4 -0.00854801573 -1.58975387
77 79 97 112 3 -0.0096327588 -3.10617399
205 209 152 187 3 -0.00738298707 -2.01496053
0 0 0 0 2 -0.01560413 2.44828701
101 106 143 145 2 -0.0262025222 -0.260724723
56 62 86 117 2 -0.0300130006 -3.94748664
97 102 112 118 4 -0.000605879002 -2.67094254
114 117 67 102 3 -0.000397780619 -2.76815081
52 63 81 116 0 -0.0134555586 -4.42967319
40 43 135 170 3 -0.0027122586 -6.02795553
105 109 159 194 3 -0.021369759 -2.0016911
61 63 89 100 2 -0.00142876257 -4.54111671
0 0 0 0 3 -0.585247219 3.85407853
48 53 61 63 2 -0.00261850492 -3.0615828
57 61 123 158 4 -0.0828171149 -3.25957179
68 68 110 145 3 -0.00205761706 -2.92483759
50 50 60 67 4 -0.410164446 -1.01262307
0 0 0 0 2 -0.0501572303 4.50404739
92 92 53 61 2 -0.000884962617 -4.42849159
93 95 105 109 2 -0.00162799121 -1.09854031
145 147 172 179 2 -0.000743750483 -5.44156027
94 94 113 148 2 -0.000149724045 -4.34232664
66 66 20 55 2 -0.127494186 -1.61027002
101 105 55 90 1 -0.00805426575 -3.97646499
12 18 88 119 1 -0.259172261 1.53403521
82 83 42 49 3 -0.0561378933 -0.124591708
136 143 109 117 0 -0.00277456432 -3.66030383
103 106 133 139 0 -0.000933970558 -2.69520879
64 65 77 80 2 -0.0330879092 -1.95497966
45 53 106 114 0 -0.00127822487 -4.49497795
50 52 62 97 3 -0.00447220961 -2.74428868
122 123 77 112 4 -0.110802561 -5.53780556
111 117 72 79 3 -0.0030714327 -3.56949782
91 96 77 84 3 -0.258673519 0.428829312
116 120 91 98 4 -0.206850812 -3.24057508
86 87 116 123 3 -0.00377121335 -1.03274333
131 131 59 94 4 -0.000151152228 -4.67705584
67 70 50 57 4 -0.00180054526 -1.67419076
65 67 121 129 1 -0.000977879274 -3.91512489
0 0 0 0 2 -0.0169037525 4.81490612
0 0 0 0 2 -0.265812844 5.57219267
109 115 45 50 2 -0.00051351462 -5.22620487
107 110 120 127 1 -0.00133542565 -5.3227005
115 121 92 98 3 -0.0105669536 -4.06685019
101 104 57 60 2 -0.00850870367 -1.67459655
117 124 38 73 0 -0.019898152 -2.99197316
87 87 99 106 3 -0.507002652 -1.02784061
0 0 0 0 3 -0.00751055777 6.8159399
0 0 0 0 3 -0.604856551 6.32237387
79 82 102 108 4 -0.00254982966 -2.02199888
0 0 0 0 2 -0.0342321768 4.19625044
23 29 33 44 2 -0.0834465995 -2.01559234
0 0 0 0 2 -0.0326424278 3.73439336
42 42 62 97 3 -0.000638889323 -3.33579803
47 51 128 163 4 -0.00084276055 -3.5892148
68 68 58 61 3 -0.00311289635 -1.67696571
45 49 79 114 1 -0.00039419884 -3.45050168
54 54 89 124 3 -0.0666355342 -3.71684361
0 0 0 0 2 -1.0469346 7.09588051
90 93 44 79 3 -0.00175019016 -3.1948328
114 117 51 54 0 -0.00148408767 -3.79101372
55 55 38 45 2 -0.00912800245 -2.31979132
234 238 127 162 3 -2.22721434 5.28753614
0 0 0 0 3 -0.585781336 3.40139341
0 0 0 0 2 -0.017227808 3.77261519
19 23 99 106 1 -0.0940704271 -1.44000721
78 79 167 198 2 -0.0667602569 -5.49795198
0 0 0 0 3 -0.0754037872 4.87025928
193 197 138 173 4 -0.255696207 0.307587504
133 136 78 93 1 -0.000749478641 -3.3400228
96 102 38 41 2 -0.00488009537 -4.47137403
0 0 0 0 3 -0.489978403 4.23696089
132 135 148 151 0 -0.0137825143 -3.62975454
135 138 157 161 3 -0.0140825445 -5.52762079
89 92 101 132 2 -0.0217722934 -1.10319376
114 117 126 132 3 -0.0903351828 -1.40930128
125 128 38 73 4 -0.000899540144 -2.90396523
63 64 49 55 3 -0.00780491857 -0.749311626
160 161 111 146 3 -0.0286543462 -1.90752959
58 59 38 43 2 -0.00122753403 -2.88949251
56 67 139 154 0 -0.00525171775 0.307198465
61 63 32 39 2 -0.00165559631 -5.62340403
53 53 66 73 3 -0.0137495864 -1.45025396
0 0 0 0 3 -0.962981582 3.75689149
43 44 54 89 3 -0.00478408299 -4.58494425
0 0 190 90 4 -1.93968642 2.87942648
117 120 20 31 2 -0.00789449923 -1.86855197
86 90 162 168 1 -0.00795136392 -3.69666433
0 0 83 90 3 -0.402568907 -0.940717995
54 59 124 128 1 -0.00103096501 -2.50846648
94 97 64 75 2 -0.0230489448 -4.05285835
61 63 144 151 3 -0.00356176612 -2.91366124
0 0 0 0 1 -0.00404364383 2.8718729
158 158 0 219 3 -0.393108964 -1.83585095
0 0 0 0 1 -0.345370471 7.13407326
95 99 128 163 3 -0.000251630641 -2.75759077
80 80 120 131 2 -0.00231725047 -4.56751108
54 57 111 115 0 -0.0035061813 -1.15132284
176 178 67 70 1 -1.13961852 2.22668409
0 0 0 0 1 -0.177690953 3.59278178
139 143 110 115 3 -0.452462554 2.505615
16 19 112 147 3 -0.00912815519 -2.00121021
88 92 112 149 3 -0.490055233 -0.49634704
109 113 69 92 2 -0.00225371285 -3.20895529
0 0 0 0 2 -0.900719762 7.4562912
78 82 53 68 1 -0.125820786 -1.09026027
44 46 117 120 2 -0.0291965846 -3.5452826
115 116 151 158 2 -0.0191105604 0.242340624
103 109 39 74 0 -0.0388136469 -3.58679271
0 76 35 40 2 -1.20404315 0.169654012
226 229 167 202 2 -0.121894702 -2.08722615
111 115 36 43 4 -0.00568651827 -3.97966218
93 99 73 79 0 -0.0230079833 -2.00088811
65 71 84 90 2 -0.0175133627 -0.731121898
136 141 39 74 3 -0.00200530025 -2.54652476
47 47 102 137 3 -0.108120613 -3.32840896
49 50 102 137 3 -0.0266108457 -6.41944981
55 56 92 99 2 -0.0073865056 -4.59127998
0 0 0 0 0 -0.0479724258 3.96011472
66 68 83 94 1 -0.0593168475 -0.0501109362
113 114 41 45 2 -0.012690519 -3.34391141
22 23 30 100 2 -1.07800961 -1.16320598
72 74 82 84 2 -0.000634898199 -3.84055901
0 0 87 92 1 -1.45494008 1.28830075
39 42 57 92 2 -0.161458135 -2.03382015
208 209 56 91 4 -0.413622975 1.84737945
0 0 0 0 2 -0.0143276053 3.54498339
73 77 114 119 2 -0.0452559292 -1.8478241
0 0 0 0 3 -0.00334921456 6.00920296
94 94 51 59 3 -0.000150318854 -3.81335163
119 123 86 93 3 -0.00104992883 -2.56491852
91 96 75 83 1 -0.00579979224 -4.07240868
130 138 106 115 1 -0.000314784993 -3.27448654
44 48 62 67 1 -0.00110506814 -3.44668365
91 97 37 72 3 -0.000639577396 -2.48666906
0 0 0 0 2 -0.0858991072 4.02904749
62 66 85 120 3 -0.0136903385 -2.2828536
35 38 43 79 3 -0.199380487 -2.24774599
45 45 120 135 3 -0.000314818404 -3.91485357
52 56 72 75 3 -0.578551173 -3.7428391
88 91 156 171 2 -0.00180428638 -4.38646173
140 144 78 113 3 -0.000795025728 -4.63097668
0 0 0 0 2 -0.374416381 2.64194655
127 132 150 181 3 -0.417605966 0.142591298
138 141 20 55 3 -0.0203242004 -4.07339478
153 0 51 59 1 -0.617273808 2.46522355
0 0 0 0 2 -0.00554507179 6.0082202
95 99 63 69 3 -0.00303159235 -2.56566477
50 50 63 107 2 -0.38275519 -0.0605733693
80 80 58 65 3 -0.314170599 2.01814675
89 95 31 38 0 -0.00164035929 -4.61347914
53 56 67 82 2 -0.0199699458 -2.18661332
35 43 47 55 0 -0.145797342 -3.66691804
93 97 106 110 3 -0.0804332942 -5.25297308
182 188 159 167 1 -0.0210326854 -1.58168292
69 73 126 0 4 -0.3624897 -0.561219454
41 45 59 66 3 -0.00121290854 -2.37068391
45 48 73 80 1 -0.000939035264 -1.66891193
51 54 72 107 2 -0.752523243 -2.74714947
133 141 66 71 1 -0.00334256841 -5.26622772
103 110 35 40 0 -0.0372755788 -4.6444521
62 62 75 80 2 -0.0177951381 -2.75433683
0 0 0 0 3 -0.35721755 1.87668872
49 53 116 124 3 -0.00666480185 -5.09828186
75 76 0 93 2 -0.723307192 -1.6844213
85 89 102 104 3 -0.0561099797 0.588830292
190 195 216 227 2 -0.0336213447 -2.76520491
74 79 114 149 1 -0.177699834 -1.31766844
58 63 132 140 0 -0.0466708504 -1.88796449
109 113 182 184 0 -0.0762937069 -1.82235694
43 44 115 146 1 -0.913711309 -1.11804843
93 93 48 71 3 -0.327846557 -3.93529439
0 0 0 0 2 -0.366807461 7.30283356
61 65 77 84 1 -0.000146980034 -3.83865309
0 0 0 0 3 -0.735109746 4.11842871
0 0 0 0 2 -1.02981389 4.38606691
134 136 95 102 1 -0.00103677344 -1.61461735
169 171 186 221 0 -0.312072754 -0.834310412
138 141 209 98 1 -0.406151742 0.966939032
0 0 0 0 2 -1.06024909 7.09782696
78 85 111 146 1 -0.0687706321 -1.08514774
78 83 97 101 0 -0.0138331372 -4.28252983
0 0 0 0 2 -0.11330723 2.95055079
41 47 58 69 2 -0.911721349 0.445427179
50 52 101 104 1 -0.00882381573 -2.35792327
0 0 63 73 1 -1.28481078 5.47689342
57 59 75 98 1 -0.00411991356 -2.50801516
0 0 0 0 3 -0.0529099964 4.56089735
48 51 65 74 0 -0.290061682 0.786981046
0 0 0 0 3 -0.654786706 6.22945738
127 130 78 113 3 -0.00739761535 -6.02289677
122 125 142 177 2 -0.430902511 0.140207171
26 32 103 109 1 -0.00197268464 -3.75719833
86 90 112 147 2 -0.189946264 -0.930001736
71 75 131 166 4 -0.0114243999 -3.04653358
206 228 175 182 2 -0.0202871524 -0.410040647
113 117 145 152 1 -0.0176036824 -4.65379858
38 43 126 132 1 -0.00169339776 -1.5649004
61 63 72 77 1 -0.117289722 -3.09065795
102 106 51 55 3 -0.01341449 -2.69487309
17 24 29 31 1 -0.799951494 0.537900567
0 0 0 0 2 -0.00290847244 5.6695776
51 53 104 111 3 -0.684971988 -1.39018035
89 91 109 117 2 -0.00594860921 -1.54433203
89 94 50 54 2 -0.000403849175 -3.94504595
78 85 96 127 0 -0.00551062776 -2.1001935
0 0 0 0 3 -0.499072254 4.78559637
162 168 126 131 2 -0.231496602 1.16134977
84 86 58 62 2 -0.0261830594 0.857365191
82 86 97 132 4 -0.0158104189 -2.53089523
95 97 114 122 2 -0.00139001873 -1.56756258
34 37 53 88 2 -0.189671829 -1.93650389
29 33 45 48 1 -0.0291974433 1.01901126
87 87 19 25 3 -0.00154133351 -2.73686099
0 0 0 0 3 -0.782973886 6.51204014
116 120 36 71 1 -0.337015212 -2.85302877
0 0 0 0 2 -0.0761242062 2.67204523
78 85 181 190 3 -0.458993852 -4.26129341
133 141 151 157 0 -0.501725376 -4.12735415
119 122 140 148 3 -0.00259352615 -5.57031059
133 50 63 69 4 -1.08703768 -0.0454190075
122 126 49 54 2 -0.000363683153 -3.70307422
51 54 117 126 2 -0.261225283 -0.57917726
39 43 56 91 3 -0.00206643716 -3.97846866
63 69 88 95 0 -0.0131662441 -4.15219593
56 57 39 44 2 -0.00205113087 -2.62764978
33 39 47 82 2 -0.00540466746 -2.04244184
95 99 115 121 4 -0.000289426971 -0.394049585
117 124 64 99 2 -0.000466897327 -1.95442343
0 0 0 0 2 -0.168051302 6.46864414
0 0 0 0 3 -0.0334011242 2.84744263
69 69 85 92 3 -0.000655138341 -3.39207745
115 117 55 90 1 -0.00193642464 -3.91413498
114 115 129 160 2 -0.0030396916 -4.46263933
56 60 129 136 4 -0.000422415091 -3.58738351
99 104 121 156 4 -0.00130068557 -2.6641376
35 41 137 145 2 -0.0104126213 -4.54082966
0 0 0 0 2 -0.572012186 5.02970839
118 122 87 94 3 -0.00233781035 -1.44520402
64 68 85 92 3 -0.00102257798 -3.10115099
43 46 85 120 4 -0.0164954159 -1.53321958
0 0 0 0 1 -0.462019056 4.74296522
99 104 119 127 0 -0.0110220574 -1.00484347
111 112 124 139 2 -0.00145562866 -4.5348177
52 56 64 70 2 -0.000338054873 -3.05253077
41 43 154 161 1 -0.14105545 -0.841178298
132 137 145 147 1 -0.00391651597 -2.82230425
99 99 131 137 3 -0.00152212055 -3.17507434
154 154 172 207 2 -0.00343844434 -0.773011625
148 151 101 124 2 -0.000339839084 -2.6947484
147 152 192 199 0 -0.0476426184 -3.41388226
133 135 79 88 1 -0.00173375243 -3.29024124
68 70 54 57 1 -0.0769168362 -1.41495728
0 0 0 0 2 -0.000564208371 6.04328203
52 55 92 98 1 -0.000249489909 -3.11815286
87 87 113 0 3 -0.42832613 -0.626692057
108 110 121 129 2 -0.00269950833 -3.8769083
0 0 0 0 1 -0.0032565468 5.28402424
45 49 110 145 3 -0.0615642816 0.82283777
43 44 104 119 3 -0.00552447978 -2.10924935
58 63 137 145 3 -0.0316565335 -0.244081497
166 170 75 90 3 -0.111726388 -2.63954449
0 0 0 0 1 -0.157471731 5.65962362
87 87 97 132 2 -0.00106577249 -3.20118356
37 42 48 83 1 -0.425582618 -4.47398424
91 168 125 160 2 -0.724521101 0.1791448
89 94 47 70 2 -0.000502309471 -3.5013566
0 0 0 0 3 -0.0923069268 4.18359709
171 171 68 76 4 -0.468407571 -2.05588531
66 72 89 104 1 -7.80811533e-05 -5.62528706
128 131 165 168 2 -0.00149908755 -2.74483824
0 47 60 91 3 -1.23531759 1.28284168
111 113 94 103 2 -0.0477746986 -5.01706934
105 111 37 72 1 -0.241054922 -3.30682421
168 171 116 118 4 -0.00423188321 -2.00672913
95 96 109 111 2 -0.011952227 -3.88159561
142 150 58 67 2 -0.000121590783 -3.58559418
19 21 48 50 2 -0.0169691108 -3.42742705
0 0 0 0 2 -0.48971343 4.14737463
99 102 57 92 1 -0.00202819356 -2.47793221
0 0 0 0 4 -0.217189938 2.46607375
0 0 0 0 2 -0.00668885186 4.59069252
113 116 38 53 2 -0.000919968123 -2.16086149
120 124 20 27 4 -0.0026264952 -0.131974399
157 162 69 104 0 -0.00118891057 -3.87395859
58 66 81 83 0 -0.00756184664 -3.37076092
81 85 166 172 3 -0.000368576613 -2.99948573
42 49 147 178 0 -0.00564592145 -0.996433079
44 50 104 111 1 -0.00660451595 -1.4026587
81 85 57 62 2 -0.000257719134 -1.80438328
0 0 0 0 1 -0.108942725 4.38116169
61 67 99 134 1 -0.00908123888 -3.35581136
77 81 40 55 4 -0.00260779983 -2.86415839
181 187 107 110 0 -0.217246503 -3.2452054
0 0 0 0 3 -0.00362156332 2.29952908
93 96 55 78 3 -0.0015532244 -4.6940589
0 0 0 0 2 -0.714548767 7.2372303
48 48 64 75 3 -0.00330568524 -1.57589602
0 0 0 0 3 -0.179687992 5.48982239
141 144 117 122 1 -0.0134673296 -1.1234138
108 112 132 135 3 -0.00113428594 -4.30102301
134 139 54 61 3 -0.835428596 0.797526181
44 45 80 83 2 -0.00898342207 -3.96250176
63 68 45 52 1 -0.00020395717 -3.65582752
129 132 144 179 3 -0.000127073494 -4.28627825
0 140 67 0 2 -1.5658915 2.46219301
136 141 49 84 2 -0.034261778 -0.536868215
111 111 70 85 2 -0.000115271177 -5.28973579
91 95 103 107 1 -0.000231137034 -4.81083918
0 0 0 0 2 -0.553210735 7.64698553
0 0 0 0 2 -0.844017625 0.893639028
124 130 139 146 3 -0.187538818 -2.25684977
46 46 60 67 2 -0.00261785253 -3.58742952
0 0 0 0 2 -0.0407428779 7.20890808
106 108 126 161 2 -0.0726963356 -4.05213451
109 109 29 34 2 -0.00430751313 -1.23502541
0 0 0 0 2 -0.000615200668 5.14796305
82 85 44 50 2 -0.000828444376 -5.40616131
49 49 61 96 2 -0.00669227447 -2.45403028
110 111 97 102 2 -0.00417899899 -4.27749014
111 114 61 96 4 -0.000231018144 -5.17844248
62 69 111 96 0 -0.187464118 -2.9922514
116 116 101 105 2 -7.71271734e-05 -4.67819214
94 94 109 120 3 -0.215940878 -2.86218858
74 76 116 123 1 -0.000715631293 -1.53368855
0 0 0 77 2 -0.91290319 -0.036380291
108 113 87 93 1 -5.3405176e-05 -3.31397176
92 95 130 133 4 -0.0146053629 -2.6672101
0 0 0 0 2 -0.748164117 3.67983031
0 0 0 0 0 -0.403266221 5.43199587
109 115 84 91 1 -0.0240503792 -3.24656534
0 0 0 0 2 -0.000304802641 5.18937349
68 72 29 35 3 -0.00515623577 -2.98290968
67 72 84 89 2 -0.00220737234 -1.45970249
124 127 146 181 0 -0.00677608233 -3.01324677
113 116 132 167 2 -0.00015997552 -4.64156294
86 98 114 118 2 -0.921810269 -2.01053381
49 51 128 135 2 -0.00281748781 -3.37622356
137 137 58 66 3 -2.49146251e-05 -3.10075188
185 185 126 161 3 -0.000220531147 -1.40891528
0 0 0 0 3 -0.69545424 4.04809952
30 37 98 133 2 -0.0012756706 -5.4310317
218 218 126 161 3 -0.0104108118 -4.96959972
143 143 122 125 3 -0.000236741442 -5.26506138
0 0 0 0 2 -0.000693381298 1.19371247
41 44 56 91 2 -0.0165929347 -4.39601755
42 45 49 54 3 -0.133499011 -2.94440937
59 61 127 142 2 -0.00114683609 -1.63897133
47 51 65 69 2 -0.348336667 1.04041433
158 160 128 136 1 -0.000349730777 -2.79906964
107 107 57 92 4 -0.122664593 -2.83914948
0 0 0 0 2 -0.0230822489 5.29637194
62 67 96 104 4 -0.000626254769 -1.87240505
112 112 66 101 3 -0.344333977 -2.58206582
57 57 126 130 3 -0.0783916935 0.760092556
12 17 31 29 0 -1.04621291 -1.10204649
47 55 60 67 1 -0.172200575 -1.7441833
49 53 97 103 2 -0.00107452367 -4.37802649
41 45 62 73 1 -0.000874198682 -3.68165302
153 161 92 115 0 -0.0217421893 -0.321240634
0 0 0 0 0 -0.00370656094 6.81948614
73 76 41 46 0 -0.314816833 -2.18613672
26 33 71 106 1 -0.0129045649 -1.81645322
111 114 128 134 3 -0.0194277801 -2.34886742
86 89 49 56 3 -0.00284698047 -3.47485518
89 94 44 79 4 -0.00640183641 -1.94784856
85 91 117 152 1 -0.00140457065 -3.73986268
137 137 42 77 3 -0.000439854863 -5.90224123
100 102 116 123 1 -0.00128748675 -3.74311233
72 73 56 65 3 -0.00237339619 -3.57700944
0 0 0 0 1 -0.00248755678 3.67568374
60 63 72 79 1 -0.405992627 -2.95405936
118 122 75 98 2 -0.00108367344 -4.37704659
99 100 145 151 1 -0.0227612723 -1.13696742
66 66 93 116 3 -0.0707558692 -0.596055865
57 57 71 76 4 -0.0104203708 -0.557815075
165 168 89 124 1 -0.204216316 -4.21422195
34 34 109 118 3 -0.00427384535 -2.08542323
0 0 0 0 1 -0.202318713 6.39231586
166 168 49 80 2 -0.00409641489 0.596050084
47 52 108 119 0 -0.00957163796 -4.49846697
141 144 94 129 3 -0.0211642552 -2.09603381
83 85 99 130 2 -0.0111870524 -1.27445316
56 59 68 70 0 -0.10134773 -0.683300555
0 0 0 0 2 -0.00332338945 4.44251013
95 95 106 148 2 -0.098300904 0.176134765
60 65 104 107 1 -0.200068429 -1.2005111
0 0 0 0 3 -0.112343676 3.85668731
114 117 58 93 4 -0.00847065076 -1.67640877
30 37 112 118 0 -0.00412220368 -0.968942344
0 0 0 0 3 -0.13147372 4.46592903
0 0 42 48 3 -0.972778738 -2.07793641
133 136 158 165 1 -1.80517769 -1.79653549
34 35 43 54 3 -0.0456658006 -1.33007693
86 86 100 103 3 -0.00280157523 -3.23619652
0 0 0 0 4 -0.883288801 7.80921888
56 63 134 169 0 -0.00326858391 -4.69143963
0 0 0 0 2 -0.116079122 4.2696085
0 0 0 0 2 -1.02127576 7.44627905
33 38 98 107 1 -0.00146731804 -1.93972349
65 71 37 52 2 -0.00231211144 -4.32444668
64 68 129 136 4 -0.000370819645 -2.90693998
84 90 64 72 4 -0.00994882919 -2.26094151
112 117 125 131 2 -0.00447912328 -3.47854686
85 89 63 66 3 -0.00196380261 -3.58667541
85 91 41 64 1 -0.000691274297 -2.67530107
0 0 0 0 1 -0.842693925 7.39350176
144 151 67 102 1 -0.00667634467 0.166829288
0 0 0 0 1 -0.0884350389 3.16973925
136 142 63 98 2 -0.000195616056 -2.43174839
37 38 52 58 2 -0.00195814483 -2.45619011
104 110 81 87 2 -0.00815367512 -1.55833888
167 168 176 183 2 -0.382228494 -1.06852198
125 126 90 105 2 -0.291066408 -0.356563061
82 86 92 94 2 -0.572313011 0.523911536
57 59 81 85 1 -0.00390627282 -2.00508094
89 93 120 126 0 -0.00825269241 -0.915885627
151 160 94 125 0 -0.0796603337 -1.73872805
140 144 55 62 3 -0.000570236589 -4.30587292
43 51 102 137 2 -0.000471163949 -2.79717302
113 117 130 133 2 -0.00574332662 -1.55867314
0 0 0 0 0 -0.00977670308 3.1081984
55 59 76 80 2 -0.0204509608 -4.87151098
0 0 0 0 2 -0.456886321 1.53725624
60 64 16 23 0 -0.017290296 -3.83941936
135 136 90 98 3 -0.00117125176 -3.59128809
154 156 50 85 2 -0.00792045053 0.605560601
189 193 138 147 3 -0.00180010521 -4.61429501
81 81 20 24 2 -0.0555124879 -2.59774375
0 0 0 0 2 -0.116221823 4.10929441
115 115 69 80 3 -0.00315603707 -3.47790766
37 41 114 117 4 -0.000248422526 -1.41509008
193 196 119 126 2 -0.0861996114 -1.51656437
0 0 0 0 2 -0.0717945918 5.49034214
61 64 75 110 2 -0.0108737368 -4.93490744
70 73 144 148 2 -0.0740084127 -2.79438996
83 86 129 138 2 -0.0164421629 -0.691110671
151 152 52 87 3 -0.00220932765 -2.05198693
0 0 0 0 2 -0.161247551 7.21707773
0 0 0 0 1 -0.62745887 7.44626045
160 0 189 0 1 -1.49050951 3.76783395
35 35 45 80 3 -0.00199917587 -0.350380391
54 61 97 105 2 -0.00376262493 -4.05144024
117 119 68 103 2 -0.000326967827 -4.67609596
193 196 214 173 2 -1.09300065 -0.667946994
104 104 126 130 4 -0.0290622227 -1.22225726
0 0 0 0 3 -0.138534799 4.3549099
119 123 136 140 3 -0.00318452483 -1.61760259
154 159 224 227 0 -1.72620487 -2.60219169
48 52 70 75 4 -0.00144962384 -1.90118766
17 24 28 30 0 -0.44835633 -0.312161326
87 94 105 112 3 -0.00377599313 -2.77766681
19 27 67 74 1 -0.0826578289 -0.613873065
131 135 208 216 4 -0.213767812 -2.61806107
0 0 0 0 1 -0.154098839 2.98622561
167 169 129 160 2 -0.151993036 -0.133911371
144 147 99 134 2 -0.000441753655 -3.6602881
0 0 0 0 2 -0.040951401 3.31475425
0 0 0 0 1 -0.0989079997 4.92594242
0 0 0 0 3 -0.0827845857 4.93620872
45 50 122 128 4 -0.0195996407 -2.89299822
0 0 0 0 1 -0.110666409 2.97187209
47 52 67 76 3 -0.00227949745 -1.36052442
39 43 46 69 3 -0.2813133 -1.39939487
105 106 64 87 2 -0.0199217647 -1.77622461
36 40 92 98 2 -0.000302401284 -3.70072079
61 61 72 79 3 -0.000663577288 -5.09921074
63 69 83 118 0 -0.0026136653 -4.14011002
0 0 0 0 4 -0.00229901727 5.86950684
0 0 0 0 2 -0.117228866 4.16620684
55 63 76 85 0 -0.0175192244 -0.592862129
0 0 0 0 2 -0.00463134237 4.80949354
80 81 142 157 2 -0.265396535 0.686722577
47 54 102 108 0 -0.00119558664 -3.29154491
58 60 88 96 2 -0.00832415558 -0.560614705
138 144 123 126 3 -0.0330264866 -4.47882652
0 0 0 0 2 -0.411520243 6.16988897
0 0 0 0 0 -0.00971633196 6.05927038
0 0 0 0 4 -0.0163099952 4.48394203
124 125 140 146 2 -0.0653360039 -0.036291033
27 31 37 52 2 -0.537664831 -0.747717202
0 0 0 0 1 -0.293321282 5.04910803
177 180 122 145 2 -0.0250925235 -3.17844963
30 33 43 46 2 -0.0277944412 -3.93194604
0 0 0 0 4 -0.805744469 7.59316111
207 207 35 70 3 -0.544542432 1.52330065
99 102 41 76 2 -0.0015764992 -5.75253487
90 91 99 130 2 -0.0378227755 -0.88730526
0 0 0 0 0 -0.114576988 5.23360014
38 42 68 75 1 -0.0222778842 -3.91188049
0 0 0 0 3 -0.00388011429 6.45930672
103 103 58 81 1 -0.731500983 -0.888520837
113 118 44 67 3 -0.0002072965 -3.80602407
164 169 93 104 2 -0.00161045766 -1.46513963
136 143 82 117 3 -0.019633295 -1.2057972
109 110 117 123 3 -0.17204155 -1.27713513
112 118 86 93 2 -0.011338898 -2.06286001
78 78 62 66 3 -0.405724108 -1.85389829
48 51 98 109 2 -0.12471123 -1.99780869
87 87 93 128 3 -0.00244278531 -2.00762486
66 72 92 99 1 -0.0210053902 -2.74106908
0 0 0 0 3 -0.129574031 2.63135648
32 36 42 57 1 -0.0745923892 0.402795494
97 99 112 143 2 -0.00246930309 -2.38688707
119 119 84 90 2 -0.000235904474 -4.26158667
138 142 118 124 2 -0.00502274884 -4.77842999
49 56 64 71 2 -0.0251505729 -4.31668139
38 41 56 91 1 -0.0354246795 -2.15233731
0 0 0 0 3 -0.0525014475 2.03041339
80 84 100 107 4 -0.00253435946 -1.2718215
156 159 0 99 1 -1.25830758 2.27793074
88 94 64 79 3 -0.0281699244 -1.48970294
0 0 0 0 0 -0.0597611181 4.64341688
121 124 54 63 2 -0.0038902862 -2.71324539
47 50 56 63 2 -0.00185432041 -3.86907315
110 110 118 149 2 -0.00588038797 -2.38849282
12 8 20 26 2 -0.790134788 1.27820873
108 108 119 124 3 -1.3698709 0.714237154
90 92 134 169 3 -0.00263584801 -2.94408989
114 122 137 144 0 -0.00271364395 -2.16814303
54 57 79 86 2 -0.26777783 -3.33564115
79 82 190 205 3 -0.0192221608 -2.95473218
0 0 0 0 2 -0.591391385 7.37941933
71 76 149 154 3 -0.000545080402 -3.60993958
185 189 70 78 1 -0.0093653705 -3.16231132
0 0 0 0 2 -0.0199169181 4.36493492
61 65 79 114 2 -0.000781812356 -5.16963959
0 0 0 0 1 -0.127996057 5.6387434
98 103 53 58 0 -0.000169034261 -2.93187475
146 146 38 73 4 -0.00625413423 -3.91948104
22 26 33 68 0 -0.0115989111 -5.21013927
67 73 99 114 3 -0.357725888 0.121184111
0 0 0 0 1 -0.993300676 5.76891708
136 139 55 66 2 -0.00426154211 -2.47024417
0 0 0 0 2 -0.0092328852 1.6247611
0 0 0 0 4 -1.17740202 7.64841509
192 193 88 94 3 -0.658800244 -4.04878902
111 115 129 164 3 -0.00061768241 -3.44151187
0 0 0 0 3 -0.636746943 1.52644968
48 52 104 109 3 -0.00170991872 -2.60616255
0 0 0 0 3 -0.593918324 2.26909733
87 93 134 169 0 -0.000303610926 -3.05263972
107 109 48 83 2 -0.0322934054 -1.92792153
101 103 112 143 2 -0.33679235 -0.44956395
0 0 0 0 3 -0.26332435 3.82465482
83 87 96 131 2 -0.00104205217 -3.24579549
0 0 0 0 2 -1.5059489 1.36842775
113 117 127 134 1 -0.00212684716 -0.661093414
40 45 54 89 2 -0.0179724563 -4.95259762
52 53 118 120 3 -0.0474155731 -1.91183615
33 37 48 79 3 -0.000572377292 -3.22504973
14 18 75 79 1 -0.718634069 -5.59933567
90 92 110 117 1 -0.195871368 0.844673693
85 86 97 104 3 -0.00186347112 -0.85760653
65 73 92 100 0 -0.00166922435 -1.61308765
0 0 0 0 3 -1.22249961 3.96557355
42 47 51 54 2 -0.020624768 0.104793906
106 108 121 126 1 -0.0125696128 -0.294023663
103 108 56 91 3 -0.00558537245 -2.58502674
0 0 0 0 2 -0.0139681222 5.37914801
149 152 94 129 3 -0.000673461123 -4.87774801
0 0 0 0 1 -0.00478689466 5.26739502
64 66 152 157 2 -0.00178172346 -2.05738783
47 52 65 72 1 -0.00433680881 -3.78292131
182 188 207 242 2 -0.973371029 0.816357076
47 48 146 181 2 -0.00808084197 -2.14912605
61 63 104 139 1 -0.00266389735 -6.41212177
43 43 48 54 4 -0.204280183 -0.862870991
0 0 0 0 1 -0.0242517758 4.94800377
24 31 72 77 1 -0.00689747976 -3.45762753
194 197 84 119 2 -0.00349844759 -2.45363808
26 30 144 179 2 -0.0179655161 0.406326294
110 115 127 130 1 -0.000456641515 -3.76836395
120 123 140 142 1 -0.00235653552 -2.64031029
0 0 0 0 1 -0.482355505 6.76158619
181 181 115 120 3 -0.0339188762 -2.14991045
45 51 89 91 0 -0.0359922312 -4.86094809
66 69 21 56 4 -0.000931100687 -3.89914489
0 0 0 0 1 -0.975528479 7.50409985
65 67 75 110 2 -0.0259739645 -2.88834119
67 67 102 107 2 -0.00330103585 -0.815630198
175 178 158 160 2 -0.273965359 -0.0363215804
53 62 81 96 1 -0.016193537 -3.41140962
0 0 0 0 3 -0.513922989 6.73601913
65 73 133 139 0 -5.94850098e-05 -5.58035564
47 48 114 145 2 -0.0138934413 -3.71065903
83 87 97 104 3 -0.011206029 -1.56058788
84 86 50 168 2 -0.85915935 -1.80733299
79 84 101 136 3 -0.00379698374 -2.54976249
75 81 54 59 0 -0.000137682786 -4.38573599
117 118 75 79 2 -0.000616721169 -3.19371295
70 75 89 104 3 -0.0401540138 -1.94855094
0 0 0 0 4 -0.310291678 7.29777765
145 148 46 81 4 -0.0447650068 -1.31550026
161 165 99 104 0 -0.0341689289 0.174135149
0 0 0 0 2 -0.00156408967 5.08712244
44 113 87 92 3 -0.420181185 -2.89592886
73 76 39 44 0 -0.00561424578 -1.57549262
67 67 89 93 3 -0.618719876 -0.0676575899
37 37 113 124 2 -0.0351632945 -2.60946131
92 94 128 163 2 -0.00470271055 -0.439428389
76 77 38 45 2 -0.0110806758 -3.66185117
46 47 78 113 4 -0.0127066849 -1.95466232
41 44 59 66 2 -0.00409945752 -2.82585311
138 142 161 166 2 -0.000417804928 -2.12955904
52 54 67 69 2 -0.00325584551 -2.89914441
0 0 0 0 2 -0.00659167068 3.3824501
100 103 37 72 3 -0.00824925397 -1.29995012
0 81 146 153 1 -0.436902344 -0.0459830463
102 104 112 135 2 -0.465569645 -2.10248256
151 152 136 142 2 -0.000304670655 -2.80398822
0 0 0 0 2 -0.0100961644 5.92921162
121 122 77 80 4 -0.0804922283 -3.55999899
83 83 50 58 3 -0.000771275023 -3.07907724
0 0 0 0 2 -0.0774790272 6.86066484
0 0 0 0 0 -0.827291131 6.92130661
0 0 0 0 2 -0.00459072692 3.8786447
0 0 0 0 3 -1.30952585 1.28262138
94 95 67 82 3 -0.142090321 -1.52197003
61 62 74 81 3 -0.00629272498 -1.32445407
0 0 0 0 1 -0.0143300928 2.96448541
0 0 0 0 3 -0.368199676 3.64860988
131 132 31 66 4 -0.00565395318 -2.12497234
60 64 124 125 2 -0.00130689354 -4.12886524
16 19 32 69 4 -2.08872676 -2.28789401
43 48 78 87 3 -0.0624954887 -4.01190281
135 140 112 119 3 -0.000462824741 -3.57807255
108 110 50 54 2 -0.0033531962 -3.2697475
67 71 98 103 3 -0.000761323958 -3.53367734
96 96 112 135 3 -0.00104621029 -2.06189084
170 175 118 153 0 -0.0157028697 -3.18620229
30 32 49 54 2 -0.0168235376 -4.14616728
22 27 77 112 2 -0.193125084 -3.33213973
0 0 0 0 1 -0.0427251682 3.40638709
56 59 118 126 2 -0.00230111764 -2.69301558
0 0 0 0 2 -0.427916348 7.07024431
84 88 49 56 1 -0.00102317729 -0.885129929
115 123 189 204 0 -0.0124922814 -2.48917699
145 146 91 126 2 -0.0147583513 0.308264554
51 56 34 38 3 -0.00421204697 -3.10510635
145 149 20 24 3 -0.0493368804 0.525805771
74 78 116 151 4 -0.00519526051 -1.35609794
101 105 120 155 1 -0.00956354942 -1.48145199
104 104 118 124 3 -0.0989973471 2.10813069
98 99 53 0 3 -0.40042305 -0.499905884
105 109 120 135 2 -3.56434248e-05 -4.21267986
71 73 80 103 3 -0.00692867301 -1.01177967
43 45 89 92 1 -0.00172277493 -1.27984989
74 75 142 148 2 -0.0026065493 -2.66368389
61 61 109 112 3 -0.00780118303 -3.51327276
124 124 45 53 3 -0.000928019988 -2.91422081
0 0 0 0 3 -0.0801366121 2.33904719
165 167 36 67 2 -0.0763124079 -4.12486601
121 127 86 109 2 -0.00121879112 -3.79664516
42 48 81 84 1 -0.030405011 -2.87817073
53 60 120 128 3 -0.00084935152 -5.02147245
131 131 78 113 3 -0.709601343 -4.1353054
93 97 54 58 4 -0.000219810492 -2.46511507
64 69 87 94 3 -0.000517294859 -1.29627323
102 102 113 120 3 -0.0040643448 -3.80381489
140 147 77 100 1 -0.140606791 -0.543870449
198 205 66 101 2 -0.00455908617 0.217932045
79 81 132 140 2 -0.0508237891 -2.89063835
148 152 101 112 3 -0.0136427907 -3.09551454
100 105 118 153 3 -0.00029895443 -3.45476437
125 132 81 112 1 -0.0282379277 -1.06446552
71 75 108 143 1 -0.0755244121 -2.390692
75 81 111 119 2 -0.00137546135 -4.49699688
91 91 116 151 3 -0.057785023 -2.98376155
76 79 123 129 0 -0.000245681062 -4.7284646
110 110 125 130 3 -0.000186673773 -3.44639874
127 128 137 144 4 -0.690210998 1.77424955
63 71 165 170 2 -0.000381196965 -4.53199625
107 108 122 129 3 -0.00391934812 -3.37756658
174 174 99 104 2 -0.000134585047 -2.68196845
0 0 0 0 2 -0.000851594144 5.75060654
65 66 204 239 3 -0.0191423073 -1.55611968
35 35 65 100 3 -0.00152154115 -5.02442789
91 99 123 158 2 -0.0018832878 -2.51386142
20 22 124 170 1 -0.0523859337 -0.145232409
63 69 88 123 1 -0.191981554 -5.2290163
98 101 51 86 0 -0.00505690183 -5.08682346
158 162 100 135 3 -0.399974048 0.148687303
0 0 0 0 2 -0.00340754492 4.35237694
73 78 29 64 3 -1.05875611 -0.920314789
99 103 54 89 2 -1.13505363 -0.376913667
113 117 22 45 1 -0.323309273 -2.31176424
80 81 91 102 3 -0.139284566 -3.10234928
63 63 80 91 2 -0.000446610036 -4.75510883
0 0 0 0 2 -0.00393400015 7.50799084
89 89 111 142 3 -0.00331504433 -4.53761959
98 102 110 114 1 -0.00206757314 -3.68024087
0 0 47 54 3 -0.312829137 0.428294718
111 112 70 77 1 -0.000681165722 -2.96895981
0 0 0 0 3 -0.010173751 4.44476795
18 24 28 63 2 -0.0678212419 -1.38007855
97 100 112 123 3 -0.00448927423 -3.63743067
173 175 117 152 2 -0.178201139 -2.86763239
41 41 60 67 3 -0.078084141 -3.23767066
145 147 118 133 1 -0.00140799163 -3.08212829
84 91 62 69 0 -0.0456777439 -5.72031403
103 109 59 62 0 -0.0753396749 -0.482571274
149 156 172 178 0 -0.0178399719 -3.81818914
118 118 34 69 2 -0.00140104548 -5.0405612
17 17 38 40 3 -0.100545906 -1.60592175
88 93 38 73 3 -0.00489399023 -1.60717392
107 108 38 41 2 -0.0237799324 -4.28489685
51 53 69 77 1 -0.00189539837 -2.96959567
149 155 100 110 1 -0.00740285311 -3.2390933
46 51 66 101 0 -0.000475348905 -3.82191277
72 75 38 49 2 -1.49534559 0.563509166
128 129 109 113 3 -0.0533155203 -0.29716748
56 60 103 111 1 -0.00313080288 -2.00924182
32 35 79 114 1 -0.0188666582 -4.13288641
65 70 88 111 2 -0.00491219899 -3.29823279
61 69 28 35 1 -0.00239432696 -3.22698045
116 118 46 50 2 -0.00122609676 -4.36122322
146 148 76 84 2 -0.0222038142 -0.907213211
81 81 59 66 2 -0.000831659068 -4.24652481
12 13 18 21 4 -0.831607342 0.666937053
12 16 49 43 0 -0.158574119 -1.66458249
119 123 132 163 4 -0.000336371595 -3.6319983
99 102 68 75 3 -7.61738993e-05 -3.18645597
56 56 69 104 3 -0.00227920664 -5.29340792
93 93 58 81 4 -0.000317913742 -1.94741201
36 38 46 77 2 -0.023400493 -3.44610143
28 32 64 71 4 -0.0339840874 0.572590172
163 163 119 122 3 -0.00607794616 -6.02069044
60 60 72 79 2 -0.000423628226 -4.6549058
160 168 94 109 2 -0.00074533181 -3.05204582
91 98 114 123 1 -0.0107375989 1.27073169
111 112 46 50 4 -0.000232928083 -3.09040904
53 56 76 99 3 -0.000751304207 -4.08870649
56 61 71 78 3 -0.000907507958 -2.50524092
44 45 54 56 2 -0.0419380739 -4.01838923
46 48 52 75 1 -0.0114976484 -2.09294319
50 55 36 40 1 -0.0192935243 -4.97712612
39 40 44 49 2 -0.0988815054 -0.466072083
35 38 72 107 2 -0.0163917858 -5.2599988
61 69 98 133 0 -0.000271784171 -4.90675688
96 96 40 42 2 -0.0127823688 -3.18735576
62 66 74 109 3 -0.000758780516 -4.50916624
105 110 52 57 0 -0.0286645591 -2.55279732
56 56 88 90 3 -0.000685014646 -1.99144769
37 37 55 58 3 -0.00831352826 -3.84779954
57 58 75 110 3 -0.0128929298 -4.52503061
54 55 67 71 2 -0.0061793183 -3.15337825
140 141 37 72 2 -0.00408853404 -4.58527184
72 78 96 111 2 -0.00113639957 -3.45138478
86 86 29 64 3 -0.000215394539 -5.1630764
60 66 77 83 0 -0.00118832232 -4.18273497
50 50 61 66 3 -0.0037378401 -1.69504714
66 66 45 51 3 -0.00140822772 -4.60929298
41 41 132 155 3 -0.143401623 -3.56047297
117 117 34 57 3 -0.00121415593 -3.590729
7 7 7 42 3 -0.609589458 -1.31096673
59 59 75 106 3 -0.000396929274 -5.20901823
86 89 69 71 2 -0.000258434622 -3.79157305
41 41 109 140 3 -0.0647535622 -3.12778831
29 31 35 58 2 -0.00779940886 0.518818021
108 109 92 103 3 -0.00283167185 -3.57959962
143 146 34 65 2 -0.000374634634 -3.88347554
114 114 88 94 2 -0.000928478781 -2.65371442
35 35 68 103 2 -0.000358786376 -3.9390521
173 176 49 80 2 -0.00453128386 -1.15672374
41 45 53 58 2 -0.000820116315 -2.94311857
89 93 105 140 1 -0.000725096557 -1.14775109
57 57 77 112 3 -0.0085477652 -4.52992058
130 130 66 101 3 -0.00235780794 -2.47690773
77 83 101 132 1 -0.00390029093 -2.49489713
130 131 152 155 2 -0.00213651382 -3.75831771
69 69 112 147 3 -0.00138515187 -3.15937257
148 149 49 80 3 -0.00883912854 -1.96995974
50 52 90 101 1 -0.0192521624 -2.97099948
91 92 49 84 2 -0.0460495017 -4.46097898
127 127 76 83 2 -8.04650554e-05 -4.82798386
17 20 41 44 2 -0.0267345794 -3.9788599
15 17 49 56 1 -0.0131774424 -0.66682601
85 87 20 25 2 -0.000856742379 -4.60211706
89 89 71 73 2 -0.0002755842 -4.34187698
51 55 66 77 2 -0.00141788693 -3.9320066
0 0 0 0 3 -0.131788492 5.75447559
0 0 0 0 3 -0.044510141 5.79776478
0 0 0 0 2 -0.696868062 3.70956063
0 0 0 0 3 -0.000201694973 5.27709007
0 0 0 0 3 -0.017386293 2.95378304
0 0 0 0 3 -0.0142118847 4.00006819
0 0 0 0 2 -0.00556162978 5.5716424
0 0 0 0 3 -0.311028361 6.81475115
0 0 0 0 3 -0.150456786 2.84894013
0 0 0 0 2 -1.02929854 7.65524721
0 0 0 0 1 -0.0422920361 1.22511005
0 0 0 0 3 -0.561724722 4.39434958
168 128 112 157 2 -2.49697304 2.9639802
0 0 0 0 0 -0.0380036086 5.65702057
0 0 0 0 3 -0.0500002541 6.4350667
0 0 0 0 3 -0.0171734057 2.86574459
0 0 0 0 2 -0.0164157934 6.59212494
0 0 0 0 2 -0.323243886 3.10893106
103 106 119 126 2 -0.0011160468 -0.806276858
53 59 126 128 1 -0.00213878183 -1.6151588
69 79 50 57 0 -0.00536281988 -3.93374538
70 23 27 62 2 -0.32522577 -1.12692094
50 51 66 101 1 -0.018520575 -2.66268611
133 136 70 105 3 -0.000511236722 -3.61219358
103 108 92 98 1 -0.000172844491 -3.56476831
143 146 93 128 1 -0.00398621429 -2.08382154
0 0 0 0 2 -0.00109126372 5.53895903
125 126 98 106 3 -0.0310256481 -2.86243176
124 131 142 147 0 -0.00670321984 -2.77322388
113 114 125 131 2 -0.00119248929 -3.55070424
128 131 77 112 2 -0.000935234595 -5.09113073
35 42 52 58 0 -0.00231882557 -1.74811053
156 160 126 141 0 -0.0350649878 -5.33163834
55 59 73 104 3 -0.452150434 -4.48476505
132 133 104 127 3 -0.000837781467 -3.26002431
141 145 51 82 1 -0.00567591889 -3.34661365
52 52 88 99 3 -0.0115849888 -3.06430769
94 102 214 220 0 -0.0474471338 -2.24480176
60 66 74 76 1 -0.00169215631 -3.51662588
73 77 92 123 3 -0.0122396229 -2.33355522
46 50 60 67 4 -0.329872876 -3.96502662
52 57 79 114 1 -0.0165674854 -3.31117368
55 57 116 151 1 -0.0059519615 -0.370512307
71 74 113 148 4 -0.00800818577 -2.60117149
96 101 37 68 4 -0.000729325577 -3.79393482
37 37 49 60 4 -0.0752629265 -1.4260534
20 24 120 123 4 -0.0197914429 -5.78145123
0 0 0 40 1 -1.16282785 1.68006921
0 114 0 186 1 -1.38073754 3.83395791
21 23 38 73 1 -0.0132384757 -3.60960793
53 57 111 146 0 -0.00416661659 -2.71895862
0 0 0 0 1 -0.49648881 7.26974726
0 0 0 0 3 -0.0293698423 6.46281481
91 95 121 128 2 -0.000535770378 -3.99905133
52 56 121 124 1 -0.0036720701 -2.4570322
0 0 0 0 3 -0.438000053 6.58990002
72 77 89 94 0 -0.000729689375 -2.78027248
118 124 139 141 0 -0.00257817889 -2.02492833
55 55 59 66 2 -0.316346794 2.43631148
0 0 0 0 2 -0.741715908 2.561764
87 91 107 109 2 -0.00593700213 -1.89352965
34 40 48 50 0 -0.0167548321 -1.06611753
138 142 88 123 3 -0.00093685498 -3.19778085
66 67 0 116 3 -1.68721962 0.482996762
127 130 77 85 2 -4.27958075e-05 -4.03127384
115 123 59 67 1 -0.0043836548 -2.59773946
0 0 0 0 1 -0.164796174 3.28197765
10 12 22 25 2 -0.0059895115 -0.316955209
9 13 123 126 2 -0.00485490216 -3.40471888
25 30 91 95 1 -0.00239390484 -3.43023348
66 72 55 57 1 -0.000166650148 -3.47400045
98 100 53 56 2 -0.00793380383 -4.67348099
58 62 118 121 2 -0.000554171042 -2.7288022
0 0 0 0 3 -0.0159710199 5.01868343
48 54 64 72 3 -0.00126549066 -2.86953044
113 118 56 91 3 -0.00069845299 -4.74779367
119 123 51 86 1 -0.00197465275 -3.51540446
126 128 146 181 2 -0.044740051 -0.134709835
44 47 92 99 2 -0.016800452 -4.20714331
61 69 79 85 0 -0.0017187387 -1.92240453
114 115 36 38 3 -0.0255853683 -3.26395416
151 154 51 86 3 -0.00689443154 -2.8667357
144 148 44 79 3 -0.00140151335 -1.94717336
90 91 74 79 2 -0.000376204029 -4.0673461
97 97 110 145 2 -0.112023614 0.643373787
0 0 0 0 4 -0.00965849124 3.98190665
100 104 42 73 3 -1.08143294 0.0804277658
76 84 46 54 3 -0.022900328 -0.776018739
89 94 107 118 4 -0.00158748426 -3.21588993
155 161 108 139 1 -0.0081383707 -2.13988495
130 130 59 94 4 -0.0148398178 -4.26168203
0 0 0 0 2 -0.983789146 2.8033185
86 86 37 40 4 -0.00816563889 -2.22569299
104 104 65 70 4 -0.000690595945 -1.52712369
112 112 62 97 3 -0.00185938925 -3.0366509
195 198 99 106 2 -0.00729419151 -3.10585451
135 135 76 83 2 -0.112215504 -2.56482124
81 81 40 47 3 -0.0192756988 -4.45636892
119 121 166 177 0 -0.650891006 -0.501570761
112 118 51 53 0 -0.0498613678 -5.54508924
75 75 82 84 3 -0.00673225662 -2.08888459
46 49 64 99 3 -0.00253352756 -3.53909969
60 66 79 84 1 -0.00137404166 -3.22031927
101 102 38 61 1 -0.00148745056 -2.1965239
110 117 90 159 0 -0.577860415 -5.05640173
200 205 135 142 3 -0.605210066 -3.07565856
0 0 0 0 3 -0.240923151 6.83381653
23 26 77 88 0 -0.0515646823 -1.72117448
41 43 50 85 1 -0.00188963581 -2.66828966
0 0 0 0 4 -0.389754862 7.55083227
0 0 0 0 3 -0.28970173 6.53464937
151 156 70 105 2 -0.0254055206 -2.43531537
39 43 55 58 3 -0.00217743078 -3.23394847
92 97 40 63 3 -0.0322437547 -0.720593095
0 0 0 0 2 -0.396034747 3.82442641
54 63 76 87 0 -0.0241786577 -2.32838345
118 126 71 106 3 -0.0752225593 1.34423399
71 74 89 94 4 -0.027240796 -1.07471931
0 0 0 0 2 -0.00300059863 4.58932924
0 0 0 0 1 -0.27385959 4.8424387
91 96 113 121 2 -0.00304202596 -1.79462552
197 200 55 63 2 -0.00276435562 -1.26259398
40 42 50 58 2 -0.00981342234 -1.08168352
148 151 35 70 3 -0.00337454164 -2.3605504
45 45 61 65 3 -0.00154055667 -5.76255226
175 175 109 144 2 -0.0466946959 -0.754882097
74 76 0 0 1 -0.0107224854 -1.92222619
0 0 0 0 4 -1.09972334 1.01286316
101 104 52 87 1 -0.0652166381 -1.22499537
44 44 75 78 3 -0.00370811159 -3.01158118
29 33 38 47 4 -0.00231205486 -1.81118035
118 122 135 150 3 -0.000593599863 -4.92426443
50 54 30 37 2 -0.00704093464 -3.32966042
45 48 22 28 1 -0.000108955806 -4.78060389
0 0 0 0 3 -0.537396848 5.95083904
115 120 129 136 4 -0.00022648598 -3.03636336
106 108 66 101 0 -0.697644472 -1.35868216
68 71 80 115 3 -0.00203024643 -3.07208347
0 0 0 0 0 -0.0194101613 6.18450546
42 46 20 27 2 -0.000725989696 -3.76195145
0 0 0 0 1 -1.11181962 4.71304989
118 120 163 186 3 -0.0926788449 -2.945858
39 39 44 55 2 -0.00386378681 -2.28117537
218 220 105 140 2 -0.0213894174 -0.927776575
0 0 0 0 2 -0.0971551165 6.49129438
72 77 92 103 3 -0.000689922948 -4.05986643
136 142 157 192 1 -1.40177858 2.79922152
117 123 99 105 1 -0.0019745396 -0.637224197
63 63 78 81 4 -0.0716783479 -0.0570523739
56 59 81 116 2 -0.0328283571 -2.18226099
49 57 68 83 2 -0.233759075 -1.46021414
58 61 174 209 2 -0.0553920791 0.755867183
69 75 87 90 0 -0.21750927 -4.77380753
75 82 110 113 0 -0.142095342 -0.93186307
121 123 48 83 2 -8.34449966e-05 -5.54602528
117 118 42 47 2 -0.0484403558 -0.23209013
61 63 77 84 1 -0.00365588767 -2.71046281
93 97 117 152 4 -0.0653364882 -0.337239504
95 98 73 76 1 -0.000709107728 -4.81920767
97 102 123 158 4 -0.00163169845 -1.91416168
75 76 38 42 1 -0.00532465475 -2.31356335
128 132 65 69 2 -0.000634115771 -5.67791557
103 104 113 119 4 -0.074846521 0.227098465
115 120 139 144 1 -0.00465685735 -0.994489729
110 114 96 99 0 -0.397631615 -0.895917416
74 75 104 135 2 -0.000665591971 -2.33058
91 91 126 141 2 -0.0375969112 -3.25131297
78 84 93 128 2 -0.0114109302 -2.74189234
48 55 81 85 3 -0.655994296 -1.30647993
170 173 39 41 2 -0.0085911518 -2.99885893
72 79 48 53 0 -0.0541196354 1.26735616
23 36 52 58 4 -1.79277182 0.283037484
103 107 122 133 2 -0.323636234 0.762490213
116 121 86 88 2 -0.000762989395 -2.27545404
66 66 49 51 4 -0.0367190428 -0.117003083
0 0 0 0 3 -0.0233374164 4.12636185
79 83 102 107 2 -0.00152106246 -5.44179249
0 0 0 0 2 -0.0374675281 7.44101477
0 0 0 0 2 -0.0113056665 4.40823364
127 127 103 105 3 -0.0178333819 -2.16331077
63 65 76 42 2 -0.243796989 -2.45518923
90 94 123 158 3 -0.314844757 -5.06178236
192 179 48 56 2 -0.532187402 -1.44001698
0 0 0 0 2 -1.22135437 6.69205332
48 60 30 37 0 -0.0013570392 -3.64360428
31 37 83 98 0 -0.123515122 -3.4215796
142 145 158 162 4 -0.00151671295 0.0443101227
130 132 151 162 1 -0.058504384 -0.262722731
44 50 54 59 2 -0.0113971215 -1.46066833
58 65 74 81 0 -0.000497775443 -2.9658134
152 153 99 104 2 -0.00825650617 -1.2851727
73 81 21 56 2 -0.00481126038 -4.99876499
46 53 80 95 2 -0.0725636631 -4.14454508
56 61 81 87 0 -0.329771847 -4.06220865
100 102 110 117 2 -0.0040855743 -5.48827267
7 10 16 51 4 -0.237481147 -2.0582397
41 41 71 106 3 -0.0752837807 -2.43358541
48 49 70 105 2 -0.025310969 -1.91575956
0 0 0 0 2 -0.27822566 4.13139868
68 74 149 158 2 -0.0279187597 -2.08077025
174 176 191 195 1 -0.0701468363 -4.02851772
63 63 78 86 3 -0.0932882726 -1.5212419
33 37 0 0 1 -1.02588952 0.0873916745
57 59 98 133 2 -0.00871112384 -3.83451915
62 64 89 96 2 -0.00175430859 -5.15779829
30 34 42 77 2 -0.154591709 -2.86896491
0 0 0 0 3 -0.237450525 4.53476
54 58 107 111 4 -0.0137174353 -0.900261164
107 111 122 157 2 -0.000534139923 -3.6285975
83 91 108 156 3 -0.00207634247 -1.58856511
0 0 0 0 1 -0.0280017182 7.184659
49 50 126 149 3 -0.0220999196 -2.27632761
12 20 32 36 2 -0.0448160134 0.975835025
34 39 108 113 2 -0.000330540555 -4.26525593
11 16 29 34 3 -0.66895324 2.37968588
102 108 139 147 3 -0.000396795222 -5.44435453
0 0 0 95 3 -1.01557148 1.4393723
43 45 211 218 2 -0.0048112357 -3.74748778
36 36 155 158 3 -0.000959998579 -2.92436957
103 111 65 68 0 -0.0122838737 -5.38134956
0 0 0 0 3 -1.02217913 3.07427025
115 115 93 104 3 -0.00308769103 -2.59363103
59 63 80 82 3 -0.256408006 -2.98133373
69 72 213 228 3 -0.641415596 -1.68555784
141 143 60 95 1 -0.00187094498 -1.11429524
0 0 0 0 1 -0.00215882738 6.59577274
112 112 54 61 3 -0.0289220531 0.557527661
48 54 78 113 0 -0.00257231342 -3.85314703
51 52 73 76 4 -0.000754139619 -2.8487494
92 97 114 119 2 -0.00172357436 -1.79054189
51 57 103 138 1 -0.0012338158 -1.87581706
82 87 55 57 4 -0.254240692 -3.31235766
61 65 77 81 4 -0.000407644053 -2.88780093
0 0 0 0 2 -0.00354561349 7.3697443
47 0 98 101 3 -2.22899675 0.822035372
0 0 0 0 1 -0.853339553 7.53857803
30 32 52 87 1 -0.0669733584 -4.2651639
40 44 78 101 2 -0.153661296 -1.89118242
104 105 34 40 2 -0.000750927778 -4.3991642
118 120 83 86 2 -0.00537018012 -4.39817238
18 18 34 39 2 -0.0123939989 -1.26213002
42 45 63 98 2 -0.447471648 -4.65994406
0 0 0 0 1 -0.0387284346 3.95046973
56 59 42 45 1 -0.0739408731 0.359635353
86 86 53 56 2 -0.000471674139 -4.33641195
52 54 71 86 2 -0.00249565439 -2.55063367
80 81 115 150 3 -0.0051820362 -4.30273056
78 82 40 48 0 -0.00939026009 -1.9905448
209 213 180 187 2 -0.0133315334 -3.59768939
0 0 0 0 3 -0.550882578 7.73579168
96 102 167 176 1 -0.0626849085 -2.76065755
55 55 84 88 4 -0.0049168868 -3.85571313
114 117 130 132 2 -0.00657222141 -4.23870277
88 94 53 56 2 -0.0707175136 -0.869378567
0 0 0 0 2 -0.382583529 7.59426165
0 0 0 0 2 -0.0286413208 3.26885629
52 52 74 77 2 -0.419647336 -0.718077779
15 18 68 103 2 -0.013315808 -2.18273902
46 48 96 111 1 -0.0733833462 -1.99502039
0 0 0 0 2 -0.558041036 7.30476999
31 34 40 75 4 -0.00174062944 -1.44978333
0 0 0 0 1 -0.00495492341 6.73882914
103 104 56 59 2 -0.064988777 -1.25631547
0 0 0 0 0 -0.00602392294 3.99948907
0 0 0 0 1 -0.82878238 7.67067575
154 160 61 96 3 -0.12911886 0.832299292
54 58 75 106 2 -0.000444863748 -2.60872579
120 121 94 98 2 -0.00670524454 -1.23271847
29 32 56 61 2 -0.00211801846 0.343659759
83 85 91 95 2 -0.00887123868 -3.58701396
0 0 0 0 3 -0.169461772 6.5171752
80 87 101 103 0 -0.0133203464 -3.80420542
0 0 68 0 4 -0.797671378 1.19739532
117 119 172 195 2 -0.00278495415 -4.24215746
25 25 38 73 2 -0.000803314208 -5.41204262
83 86 118 124 2 -0.00382098276 -1.97667408
0 0 0 0 2 -0.702438891 5.96636438
46 50 63 98 0 -0.00280163111 -2.80158997
75 78 57 59 3 -0.000334095472 -3.96301651
48 48 60 68 3 -0.0196063872 -2.95459032
145 146 192 194 2 -0.189176768 -1.11735272
55 59 127 131 3 -0.0044212481 -3.46085167
42 43 174 179 2 -0.0037691032 -4.8105998
110 115 47 54 1 -0.0325098038 -2.73776293
89 95 38 40 3 -0.00137631339 -2.87937737
30 30 43 46 2 -0.0302512161 -1.1186974
84 87 104 113 2 -0.0545672104 -1.69904542
93 94 157 163 2 -0.108381107 -0.180727571
89 89 65 73 4 -4.00541139e-05 -2.44780684
113 113 146 154 3 -1.28275609 -0.618552625
41 44 92 127 3 -0.585474372 -1.00820363
110 115 52 87 1 -0.0212755501 -2.49386406
148 151 65 71 2 -0.00108012999 -4.33863497
0 0 0 0 2 -0.0656654686 3.83242297
39 41 58 93 2 -0.240920231 -5.10782433
30 36 94 105 1 -0.0032206513 -2.01785493
92 97 115 150 4 -0.00504396856 -1.60410142
97 97 171 206 2 -0.0116085624 -0.329181701
0 0 0 0 3 -0.565072775 6.13424253
43 43 124 131 2 -0.0105004879 -1.11851692
103 103 87 92 3 -0.000140424745 -3.39872503
51 52 27 35 1 -0.00956283603 -3.70174718
97 103 125 131 0 -0.00660864078 -3.83744788
153 156 172 177 2 -0.122101106 -4.90368605
50 54 73 84 1 -0.0181710348 -4.18050671
109 119 96 99 0 -0.00527209137 -3.63421178
0 0 0 0 1 -0.738889575 4.16534662
75 81 89 93 0 -0.000212659332 -2.19896555
190 195 79 86 0 -0.0293146148 -4.04275417
0 0 0 0 2 -0.356443256 4.14548063
0 0 0 0 2 -0.161269069 4.64841318
95 96 103 110 3 -0.00582968397 -1.29352927
101 101 115 121 3 -0.00735202432 -3.37981915
45 47 62 68 1 -0.00936541427 -1.89462948
171 171 98 103 3 -0.000547119591 -4.25599527
59 64 83 91 0 -0.0545906872 -2.58452797
0 0 0 0 3 -0.00151167146 5.16812849
0 0 0 0 2 -0.0841218531 4.71014214
0 0 0 0 2 -0.0363154635 5.97946835
59 59 85 120 3 -0.00658705505 -4.56691694
66 72 148 154 1 -0.0628025755 -4.71682024
62 64 85 88 2 -0.000316362188 -4.18011522
52 53 64 66 2 -0.000647047826 -2.59652281
79 80 59 70 2 -0.00177368184 -0.827391148
58 58 153 164 2 -0.329190433 -4.10155678
40 44 105 128 3 -0.00253339065 -5.6142478
86 89 102 105 0 -0.00312324264 -2.2571516
111 119 128 143 0 -0.0206451304 -0.994058311
0 0 0 0 2 -0.0561761037 4.01550007
54 56 65 88 1 -0.0019791103 -2.53594518
59 62 100 108 0 -0.00301207812 -3.38110781
99 99 113 117 2 -0.00251764478 -2.82276869
112 115 127 162 2 -0.00117993657 -4.33421373
34 41 57 63 0 -0.000731597829 -5.15770912
101 102 133 168 2 -0.000179165378 -5.78079796
156 156 91 122 3 -0.363415211 -2.77779341
115 123 53 88 2 -0.00930669066 -2.14611483
33 34 86 93 3 -0.11852181 -4.07585335
62 62 139 143 2 -0.0441321544 0.636572063
18 18 92 99 3 -0.00581155671 -2.19568777
145 146 59 63 2 -0.0109967999 -3.52293968
214 221 111 146 3 -0.0707312003 -3.39573765
48 51 81 92 3 -0.00018643809 -3.8339622
61 67 77 84 1 -0.0172397699 -2.88702559
166 166 112 147 2 -0.0850018635 -5.54466629
36 40 109 144 4 -0.000388561166 -2.91389918
42 47 57 64 2 -0.00480432482 -2.63066339
0 0 0 0 3 -0.00853874441 7.3247695
109 115 167 182 3 -0.0249665827 -4.1766386
53 61 73 108 1 -0.00839708373 -4.28237724
0 0 0 0 3 -0.673463523 2.16314435
52 57 76 107 3 -0.00143975334 -4.16395998
67 67 83 118 3 -0.040070679 -3.20681214
138 142 119 123 2 -0.000709101674 -3.12066031
55 58 115 146 1 -0.000361538143 -0.899716854
185 189 93 96 2 -0.123151958 -2.69229245
36 41 49 60 1 -0.00276696635 -2.82761455
0 0 0 0 4 -0.00172879826 6.6040616
72 83 97 105 0 -0.0137382848 -2.24858022
86 93 110 117 1 -0.00523504941 -0.775666893
145 150 39 74 3 -0.172676608 -2.43385768
120 122 139 147 2 -0.0268954244 -3.00285935
0 0 162 197 0 -1.89057088 2.31705022
54 57 67 102 2 -0.00759421755 -2.8995235
0 0 0 0 3 -0.672291875 3.32836127
59 59 136 167 3 -0.00407449389 -0.724512517
55 55 92 95 4 -0.179397047 -3.04152513
133 137 55 86 3 -0.125243083 -2.57265306
0 0 0 0 2 -0.253756821 2.66718245
0 0 0 0 2 -0.000554130238 3.20835018
101 101 117 152 2 -0.00226681563 -1.95252609
155 160 56 79 0 -0.00918295793 -3.37883544
129 130 76 83 2 -0.00283312704 -2.73585486
0 0 0 0 2 -0.0034795315 4.5151391
76 80 56 61 3 -0.000491645711 -4.05227804
69 0 44 52 3 -0.231040791 -2.1833787
145 147 118 124 3 -0.0213896409 -5.68580055
116 116 132 81 3 -0.271062523 -4.49389601
185 190 99 134 3 -0.0490008071 -1.6801579
40 44 49 56 4 -0.0355962254 -1.15550256
0 0 39 43 4 -0.296923369 0.158131361
97 101 0 0 1 -0.476814598 2.60254765
0 0 0 0 1 -0.127334654 3.76266742
46 52 123 158 0 -0.000849574106 -5.18768644
60 64 41 48 2 -0.183408245 -1.58594537
0 0 151 174 2 -0.0964731798 -0.427315801
88 91 21 28 1 -0.000578523905 -4.41265678
63 67 49 52 0 -0.092207469 -4.54489088
47 51 67 72 0 -0.00106904493 -3.37449741
37 39 98 105 2 -0.000714469468 -4.71321058
0 0 0 0 2 -0.00172506785 5.73446321
113 116 35 66 2 -0.573122859 -4.20339203
15 20 34 49 1 -0.0829091966 -4.57908154
96 102 112 127 2 -0.000830467907 -1.60646558
84 88 50 55 3 -0.0202407409 -0.120918393
88 94 123 134 1 -0.672174096 -1.68748283
31 32 43 78 3 -0.0154342474 -3.22565126
98 99 112 120 2 -0.00505129667 -1.76622295
81 82 184 219 3 -0.764374316 1.56822157
99 104 119 125 4 -0.000348186266 -1.62232018
45 52 65 100 1 -0.0140369944 -2.69668198
52 54 65 79 2 -1.12369013 -0.804243326
55 60 78 113 2 -0.000334945042 -3.8325758
57 62 148 156 1 -0.00619116612 0.72255379
54 58 27 31 1 -0.0387922376 0.20637393
77 79 124 133 2 -0.00180801237 -1.74110651
55 58 74 78 3 -0.0811190829 -0.181701988
105 108 141 164 2 -0.000677399337 -2.05517101
110 114 70 78 1 -0.180700168 1.17183304
129 132 77 112 2 -8.83330649e-05 -5.32194948
48 48 67 102 3 -0.0103244595 -3.91244364
80 81 29 64 2 -0.00629469799 -4.0426178
55 55 87 122 4 -0.00570594752 -1.17696762
100 102 41 64 3 -0.000603360764 -2.99163079
81 84 97 178 3 -0.422154635 -0.51624465
0 0 0 0 2 -0.537319243 1.81552052
143 147 117 121 2 -0.0491061769 -1.78494787
102 110 48 79 2 -0.0208386667 -3.02007914
92 96 49 55 4 -0.0694888532 -0.249289885
22 26 80 115 3 -0.00496743293 -0.62771064
33 41 81 116 0 -0.00408440363 -5.40164757
106 110 121 156 3 -0.000667579239 -3.83957505
192 198 47 82 3 -0.0821684971 -1.1010617
83 83 45 60 2 -0.000872990524 -5.60848284
18 21 26 61 4 -0.31588012 -3.96006632
55 61 40 43 2 -0.00191563612 -2.74128151
128 133 55 90 4 -0.0308808461 -2.83437514
143 144 68 103 3 -0.00249437173 -3.78934479
96 41 51 66 4 -0.509050369 -2.81383181
0 0 0 0 2 -0.982013106 6.17389107
61 64 128 135 2 -0.00462843524 -4.34287691
83 87 97 104 2 -0.0216383114 -1.84337282
164 167 58 81 2 -0.000783002353 -4.20692444
44 46 65 100 2 -0.00283604534 -4.15321732
74 74 28 63 2 -0.0283803381 -4.64207745
27 35 66 101 1 -0.0145142302 -3.14669394
87 91 19 34 1 -0.00275122584 -1.62975049
71 72 81 92 3 -0.0133117437 -1.14276731
142 145 59 65 0 -0.00644904794 -4.5332408
119 123 96 103 3 -0.0748247057 -3.5932107
95 96 108 110 2 -0.0238562822 -1.88865781
42 52 60 62 0 -0.00147178571 -4.46393824
48 48 58 93 3 -0.000513967301 -3.02021742
39 39 72 107 4 -0.00694122026 -6.02288437
99 106 71 86 3 -0.00344383647 -4.08813
72 76 86 0 4 -0.937545896 -0.428808093
63 68 41 45 4 -0.10616447 -2.78658867
96 96 125 131 3 -0.0262891017 -1.17030299
127 129 83 118 4 -0.0175023898 -1.62255406
100 105 47 49 4 -0.00626863446 -0.934372067
39 43 55 62 1 -0.00696470076 -4.30914259
0 0 0 0 2 -0.014433383 5.45158529
0 0 0 0 3 -0.429277867 6.12630463
111 115 47 51 2 -0.00591436727 -5.48134375
75 77 61 64 1 -0.00177692133 -4.05997705
68 75 91 97 3 -0.000141139913 -3.72210455
50 51 68 71 2 -0.160449192 0.9363361
71 77 109 144 0 -0.0430260338 -2.60844183
0 0 0 0 3 -0.731299758 2.65407705
0 0 0 0 3 -0.0769449249 6.93482876
0 0 0 0 2 -0.650834024 5.86881685
134 139 51 59 4 -0.00070553727 -1.98453951
0 0 0 0 2 -0.0134440167 5.19626999
26 34 38 49 2 -0.0790875703 -1.27400947
0 0 0 0 2 -0.00165659329 4.9468379
119 119 68 103 3 -0.000822179078 -2.99785542
47 51 116 151 4 -0.00106981792 -2.784096
52 52 61 68 3 -0.0302493982 -1.52356267
90 95 40 75 1 -0.0825173557 -3.51169467
200 200 93 128 3 -0.0015139305 -3.71198583
0 0 0 0 2 -0.91919899 7.30732584
92 98 46 81 3 -0.000606035814 -3.47811627
113 117 48 53 0 -0.00026820341 -4.74080801
103 103 86 93 2 -0.000304202229 -3.66092062
215 218 165 200 4 -0.745687008 2.94004655
0 0 0 0 3 -0.0397609696 4.94718075
0 0 0 0 2 -0.0216821153 4.19017649
105 107 54 85 1 -0.00234234612 -1.0465076
131 132 170 84 2 -0.171237603 -5.19959021
0 0 0 0 2 -0.270156652 4.31734371
97 101 42 77 4 -0.0556867197 -5.81880999
133 137 86 101 1 -0.00017225233 -4.2638669
101 106 38 41 2 -0.000931908027 -4.37521267
64 68 102 137 0 -0.405473351 -4.14323759
48 54 170 177 0 -0.077148132 -1.59976482
179 183 202 207 3 -0.0411244072 -4.92780828
97 98 107 130 2 -0.0960988402 -2.0607605
99 102 111 120 1 -0.149464712 -2.57603073
40 44 95 130 4 -0.00282963389 -2.85822296
53 53 119 121 3 -0.00279133138 -1.32715809
60 61 122 157 3 -0.00320402719 -3.83261418
61 61 47 55 2 -0.00013088838 -1.9358604
76 86 138 149 0 -0.0130598675 -1.99409699
104 106 119 134 2 -0.538689911 -2.14962959
81 81 49 52 3 -0.091730684 -0.270433187
0 0 0 97 1 -1.22426891 1.08696699
51 51 61 96 3 -0.000312888151 -4.2972784
0 0 0 0 4 -0.491427243 4.2226162
97 100 67 82 2 -0.0838632807 -3.23685908
141 143 122 127 1 -0.00126505503 -4.29489899
0 0 0 0 3 -0.487173259 3.52884316
57 61 69 72 1 -0.00231034355 -2.36141348
82 82 95 106 2 -0.0578455143 -4.15140581
146 148 55 62 3 -0.00580203021 -3.42565632
0 0 0 0 1 -0.0135117061 2.25739312
60 60 72 77 3 -0.00675364584 -2.53881764
0 0 0 0 4 -0.843992233 7.60181189
138 143 54 89 3 -0.0112456325 -1.66235304
52 53 72 79 2 -0.0136561356 -3.72934151
51 57 103 110 0 -0.000377737655 -2.32159877
0 0 44 48 1 -1.19471776 2.67982554
0 0 0 0 1 -0.172700778 2.83992195
83 87 101 109 3 -0.46323508 2.07475758
81 86 35 70 3 -0.202554911 -1.0185461
0 0 0 0 3 -0.136479616 2.3192234
67 68 81 88 2 -0.00643149996 -1.34051323
0 0 0 0 2 -0.426270992 7.65104151
33 35 64 79 1 -0.299108386 -0.462283283
46 46 59 64 2 -0.000946629269 -2.80558109
105 108 137 0 2 -1.54577827 2.68703747
155 59 71 106 0 -0.451536685 -3.69273067
0 0 135 137 2 -1.47987247 -0.203750014
77 78 96 131 2 -0.0105565125 -0.728270531
60 64 28 35 4 -0.164355144 -3.21072102
60 68 80 84 0 -0.000421737961 -3.04138947
62 67 80 84 2 -0.00157229404 -1.6030879
125 128 38 73 3 -0.000548653596 -3.08404899
39 39 95 130 3 -0.018447021 -3.75721717
49 50 64 99 3 -0.009597091 -5.50229263
57 59 38 45 2 -0.000704892911 -5.78704596
0 0 0 0 1 -0.423997134 2.6281631
50 53 68 79 1 -0.0178558715 -0.372597575
73 74 54 60 2 -0.00146400242 -4.75287485
22 23 30 65 2 -0.504575729 -0.599695146
76 79 87 95 2 -0.000285370683 -4.60303879
0 0 0 0 1 -0.0688195825 3.7182796
26 0 97 132 2 -1.24393749 -0.84517628
92 92 109 144 4 -0.00344079989 -0.851310134
0 0 0 0 2 -0.00937929284 4.23597622
66 68 52 59 2 -0.13051261 -2.30825591
0 0 0 0 3 -0.091366142 4.25063372
71 71 86 94 3 -5.41205591e-05 -3.64124703
49 53 65 80 3 -0.00645536371 -2.51811314
54 60 141 147 1 -0.000214684071 -4.17501974
108 117 137 144 1 -6.10342504e-05 -3.05324221
59 60 74 83 1 -0.00177301734 -3.98420048
121 125 51 86 3 -0.00127753324 -3.22597313
0 49 0 0 2 -1.68852437 2.18038034
173 176 120 155 3 -0.0449309126 -1.24346292
46 50 55 70 3 -0.0991004854 -1.19625413
42 45 105 120 3 -0.000714094436 -3.62340713
120 124 53 57 3 -0.0056879865 -3.30286098
0 0 0 64 2 -0.832758248 1.97787833
46 49 117 152 3 -0.00840818137 -3.80648208
0 0 0 0 2 -0.0112278536 4.16038036
165 169 0 222 3 -0.957863569 0.860570729
49 53 108 143 3 -0.0394909829 -4.01000786
0 0 0 0 1 -1.33688259 4.11978245
0 0 0 0 2 -0.493747771 4.2961936
0 0 0 0 3 -0.956502557 5.35232401
66 69 123 0 2 -0.966694474 -0.151643962
134 135 113 119 3 -0.0956384465 0.737620771
88 95 106 112 0 -0.000224336996 -5.12654972
53 55 66 77 2 -0.0542603992 -0.88248229
40 46 50 57 0 -0.0171845183 -3.16974068
95 100 109 116 3 -0.25742659 -3.47720242
158 164 175 180 1 -0.221746564 -1.55717301
72 76 127 0 4 -0.541283727 -0.287069052
41 45 59 74 3 -0.00021587644 -2.96091843
53 57 117 124 1 -0.000251398829 -1.93341064
126 126 57 92 2 -1.29442704 -0.256768167
91 99 56 64 1 -0.000553798396 -4.11795473
42 49 24 31 0 -0.00120407552 -4.27816057
59 62 75 78 2 -0.00570832193 -2.77055407
77 0 0 0 3 -1.01578379 3.0612216
48 51 67 71 3 -0.000600357424 -4.90491009
37 37 86 117 2 -0.556759655 0.209570825
79 82 95 98 3 -0.010920574 0.662771165
99 103 66 77 2 -0.158422977 -2.4747622
132 140 52 87 1 -0.0189059395 -1.44169903
68 73 49 53 0 -0.00392041774 -3.60859942
190 196 102 107 0 -0.0844262019 -4.38875103
90 93 39 62 3 -0.48841238 -1.90864515
157 159 172 195 3 -0.0570495725 -2.40238571
0 0 0 0 2 -0.0238001868 7.11358833
96 100 44 49 1 -0.000629471964 -2.49427366
0 0 0 0 2 -0.035694506 3.75596595
0 0 0 0 2 -0.505791306 4.03644753
128 130 47 51 1 -0.000525553129 -3.62790608
58 61 112 207 0 -0.752608836 -3.31623936
233 237 162 197 1 -0.388729453 -1.04978585
0 0 0 0 2 -1.1764394 6.9275198
130 137 49 84 1 -0.000256528932 -0.945009232
127 131 72 78 0 -7.67693782e-05 -3.20692515
0 0 0 0 2 -0.314588666 3.32841587
59 64 0 42 2 -1.17609954 0.80250138
103 107 81 88 1 -0.000373939285 -1.73734522
46 48 0 62 1 -3.04963732 5.44713593
113 116 132 163 1 -0.0650070384 -1.17201066
0 0 0 0 3 -0.0162464958 4.80578661
0 0 0 0 0 -0.571417332 1.63457489
0 0 0 0 2 -0.216204524 5.82083273
126 130 44 79 3 -0.000446761696 -6.25003719
116 120 137 172 2 -0.00566627923 -1.91170311
71 73 21 28 1 -0.00370112387 -3.64091134
120 126 38 73 2 -0.00356496731 -2.6296699
145 148 92 127 4 -0.00526970299 -1.48601866
0 0 0 0 2 -0.418752849 3.08949018
112 113 141 146 1 -0.0140600586 -4.09664583
66 68 80 87 1 -0.270636529 -2.80714273
0 83 45 51 2 -0.819736719 -2.70363164
22 25 67 75 2 -0.29219687 -4.78754282
17 21 26 34 1 -0.0573133379 1.40513444
0 0 0 0 2 -0.0185999963 2.83561826
31 32 76 85 2 -0.208579481 -4.45773888
95 96 48 55 2 -0.121829234 -0.670053542
95 101 45 52 2 -0.00170897425 -3.18702435
69 77 127 0 0 -0.4380292 -1.50216055
73 78 44 50 1 -0.0566540472 0.252389312
132 138 51 59 2 -0.414070129 2.13020873
188 188 0 0 2 -0.926538229 2.28650784
82 87 98 133 4 -0.0512539968 -2.4108212
93 96 113 118 2 -0.00230910769 -4.41654301
54 57 73 108 2 -0.00154328695 -3.0497725
84 91 64 69 1 -0.00815691147 -0.0986285806
19 19 82 90 3 -0.0107536409 -2.21905613
0 0 0 0 1 -0.626498282 5.72016048
41 46 62 97 1 -0.203176409 -4.14969587
0 0 0 0 2 -0.218522742 2.55818725
51 57 171 179 3 -0.0911439359 -4.71759605
132 140 150 155 0 -0.619894743 -4.07161045
0 0 0 0 3 -0.295809656 6.59638214
86 105 118 121 4 -1.28291798 0.721235812
43 43 104 108 2 -0.000523322029 -3.94819069
106 106 35 0 2 -0.554865658 0.267624736
132 137 24 59 3 -0.000336270372 -3.51129389
39 44 96 102 0 -0.00303208944 -1.73646235
35 35 50 53 2 -0.375414193 0.169602334
27 35 43 78 2 -0.0405486338 -2.11113882
93 97 113 119 4 -0.000171536885 -1.25306284
78 83 25 60 2 -0.000113246875 -3.01978278
0 0 0 0 2 -0.1426972 5.60955667
0 0 0 0 3 -0.0715069622 3.07317209
82 82 98 106 3 -0.0130853187 -5.45579195
129 131 27 62 1 -0.00951941218 -3.40353274
119 120 134 141 2 -0.00608924683 -3.97401619
100 103 116 123 4 -0.00138665282 -3.6073041
127 131 51 86 4 -0.00209145085 -1.15331912
135 135 104 111 2 -0.0264602564 -2.16786814
0 0 0 0 1 -0.359196723 4.03433037
123 127 104 111 3 -0.00161353848 -2.20207667
104 108 75 90 3 -0.462378979 -4.30714417
101 104 51 86 4 -0.000949332316 -2.01618886
0 0 0 0 3 -0.571221948 3.45655322
123 129 39 47 0 -0.00101200223 -1.51043034
86 86 124 155 2 -0.000842376321 -4.80082607
88 90 74 78 2 -0.00516898371 -1.9668529
171 175 58 89 1 -0.0318236761 -1.3009094
90 97 78 84 1 -0.00828173663 -3.87302017
63 63 144 151 3 -0.00158013136 -4.15660858
168 172 111 146 2 -0.0468717702 0.0955454111
128 135 43 54 2 -0.00058752473 -3.2470336
61 69 39 44 0 -0.0455903262 -2.06305623
133 137 84 93 1 -0.000908934395 -3.51739264
56 57 146 154 1 -0.0269154087 -1.3263216
0 0 0 0 2 -0.000339949504 5.64707899
95 98 54 61 1 -0.00488633895 -2.3436048
76 76 110 145 3 -0.582202673 0.518657207
105 107 118 122 2 -0.00210418855 -5.6656723
0 0 0 0 1 -0.00567050278 6.91436958
45 49 110 145 3 -0.0424411222 1.47229338
60 60 78 85 3 -0.979737401 -0.058318615
51 55 80 85 3 -0.00302022602 -2.45542216
45 50 149 172 3 -0.198366866 -2.96201754
0 0 0 0 4 -0.323768109 7.42124605
91 94 104 139 2 -0.0013684791 -2.61330938
37 42 48 83 1 -0.571815133 -3.41051555
0 0 0 0 2 -0.0756994188 3.58075929
125 128 140 151 2 -0.00473515596 -4.32294416
66 72 115 120 0 -0.00139187824 -5.65934181
201 201 68 75 4 -0.109608442 -1.65395021
91 94 47 62 1 -0.00121407397 -4.24102163
102 104 142 148 2 -0.000637689664 -3.19636035
0 0 56 0 3 -0.903220296 1.85867167
58 61 95 102 2 -0.000272855628 -5.21664381
129 133 60 95 1 -0.00542593095 -2.89793491
56 60 73 77 4 -9.97764364e-05 -2.42167115
134 138 89 96 2 -0.00211522658 -3.20698738
53 57 80 84 2 -0.00324466825 -1.81323147
79 81 94 101 2 -0.0037535252 -1.35525548
0 0 0 0 0 -0.31216073 2.59226394
27 29 41 76 1 -0.00499729253 -3.96684837
0 0 0 0 4 -0.152692482 3.60983729
0 0 0 0 2 -0.00302891829 4.56015348
132 133 57 72 2 -0.0100452024 -1.68470168
67 70 45 51 4 -0.00669349032 -0.884219646
70 75 111 146 0 -0.000594149344 -4.24561071
152 160 137 139 0 -0.0157345254 -6.11143064
56 59 141 149 3 -0.00106611394 -4.07571363
194 200 49 72 0 -0.0176067166 -2.04242206
81 82 91 95 1 -0.00740682054 -0.736018777
80 87 153 162 2 -0.000279652624 -1.98322487
0 0 0 0 1 -0.0283962619 4.37488127
56 58 74 109 1 -0.000306815549 -3.77746892
152 156 51 82 4 -0.000662356731 -2.77284336
56 63 149 155 0 -0.151196271 -1.10170126
0 0 0 0 2 -0.589719117 4.73534918
81 83 59 66 3 -0.00555606186 -3.52162313
109 115 133 168 1 -0.00590484217 -0.237014011
32 33 117 124 3 -0.0535839722 -2.83458805
87 87 36 59 3 -0.00437805708 -3.9885571
110 113 130 132 1 -0.0191242788 -1.26271915
109 113 133 140 3 -0.0192809813 -5.1391468
123 130 54 56 3 -0.00271977927 -1.00641108
83 86 117 123 2 -0.000366311346 -3.33296227
88 89 73 77 1 -0.117228657 -4.49298286
123 126 138 173 3 -0.000579934043 -4.94395065
0 0 0 0 2 -0.777677417 2.77727294
47 53 106 141 2 -0.0469884612 -0.871150553
66 68 123 134 2 -0.00023590622 -5.54995775
87 89 97 101 1 -0.000439717114 -4.0435524
0 0 0 0 2 -0.935996234 7.60109282
0 0 41 76 2 -0.373389125 -0.0445894599
138 142 90 97 1 -0.0461168289 -0.46992141
52 52 66 72 2 -0.00596246636 -2.32757044
0 0 0 0 2 -0.00379581051 5.3418355
184 186 127 162 2 -0.0397764929 -5.50708771
55 57 28 31 2 -0.00107272377 -1.32684577
0 0 0 0 2 -0.0082933614 4.7479167
39 40 52 57 2 -0.00229923124 -4.25571012
66 67 79 114 2 -0.239340544 -1.44686222
130 132 115 122 2 -0.000549070712 -3.80396032
25 29 78 113 4 -0.0355059877 -3.59579468
95 99 59 74 0 -0.0110082692 -2.77497602
122 124 62 70 2 -0.00529075041 -5.29516983
97 97 112 119 3 -0.00813623611 -3.52977324
100 104 52 83 1 -0.0227437653 -3.597435
0 0 0 0 2 -0.246130928 6.20063257
128 132 111 113 1 -0.00042386353 -1.88072658
51 55 138 146 4 -0.00116487197 -3.24617863
0 0 0 0 3 -0.0109358076 4.50812197
0 0 0 0 3 -0.0146673005 2.35336709
76 84 96 119 1 -0.00217910437 -3.43295527
0 0 0 0 2 -0.0019270078 4.49956942
30 31 56 59 3 -0.0867870376 -2.16362357
142 147 57 64 2 -0.000793331012 -2.30144453
91 97 116 151 0 -0.00698044244 -3.77146173
198 202 61 96 2 -0.00443342514 -2.02085733
107 110 126 129 2 -0.425093561 -2.22083879
78 83 91 97 2 -0.00352025451 -2.82492399
61 61 128 136 3 -0.000461062067 -0.932781696
78 80 99 134 3 -0.00040168289 -3.80988669
157 162 56 60 3 -0.00504803983 -2.62666726
109 113 30 65 2 -0.00890893582 -3.29177499
200 202 44 79 3 -0.0482260063 -3.46881914
53 53 67 75 3 -0.00386149343 -2.88340521
0 0 0 0 2 -0.0226819534 1.16405964
92 95 107 142 2 -0.0159963109 -1.54012299
46 50 54 60 3 -0.120967247 -2.15931368
0 0 0 0 2 -0.0371940285 5.92598867
0 0 0 0 3 -0.60207212 4.09710646
45 48 104 110 1 -0.00224997825 -1.24910092
109 112 59 94 4 -0.017642403 -3.27767873
0 0 0 0 2 -0.0039719902 4.93818045
99 102 86 88 4 -0.0192497391 -1.88377976
157 157 69 104 3 -0.143081903 -1.84585953
77 80 55 62 3 -0.0331816636 0.283791959
12 18 23 34 0 -0.353824556 -3.03073573
47 54 59 61 1 -0.033714518 -2.5747149
46 49 128 135 2 -0.00339650456 -2.31332254
35 37 54 61 1 -0.000478074042 -4.68184423
105 111 138 169 0 -0.0115598738 -1.51478028
0 0 0 0 0 -0.301565468 6.25373411
29 33 45 49 0 -0.08008302 0.81049484
139 145 26 61 1 -0.00744016096 -1.90453053
111 116 130 137 3 -0.00114132208 -2.08492732
49 49 111 113 3 -0.00137492758 -4.4082942
106 109 30 65 4 -0.0807501972 -0.824516118
153 156 103 138 1 -0.00215464248 -3.41806626
151 151 81 116 3 -0.000653428666 -5.64729214
107 113 127 130 1 -0.00215505762 -2.44696593
39 39 49 54 3 -0.00391309615 -2.4468708
0 0 0 0 1 -0.0799536407 2.85103202
73 78 87 118 0 -0.252842367 -3.12173414
52 55 115 122 2 -0.000379890727 -4.82947493
171 173 57 62 1 -0.00522175385 -1.33087003
122 122 70 85 3 -0.0460655801 -2.45353365
59 60 74 83 4 -0.00652632583 -1.36376214
0 0 0 0 3 -0.922770858 7.07895851
113 113 51 57 3 -0.00651951088 -2.66845489
0 0 0 0 1 -0.517269671 6.14724779
148 152 52 59 2 -0.0138663994 -2.50930834
95 104 45 68 0 -0.0236156471 -1.2767365
141 141 94 129 3 -0.00422870321 -3.27501178
161 165 87 102 2 -0.097300604 -2.16452813
55 62 71 77 0 -0.00121249538 -2.88449287
39 41 171 206 2 -0.907231033 1.14297295
146 148 63 100 2 -0.0193598568 0.764050186
68 70 108 111 1 -0.0138372947 -2.7674973
0 0 0 0 3 -0.0114512872 4.63688183
168 173 112 147 4 -0.00867759343 -2.66308379
65 72 85 93 0 -0.000759486051 -2.07001066
0 0 0 0 3 -0.305577666 3.11326861
108 110 40 46 3 -1.93869114 -1.19981897
109 113 135 166 1 -0.0199497938 -2.03643513
34 34 42 49 3 -0.105934039 -0.851057529
99 100 114 122 3 -0.00150596746 -2.76383138
0 0 0 0 4 -0.0690722764 5.7669878
59 67 84 119 0 -0.00960666686 -3.87450743
0 0 0 0 2 -0.0275710206 5.86637259
0 0 0 0 2 -0.509467244 7.57757521
67 73 84 92 1 -0.00510142371 -3.86885977
133 137 37 60 2 -0.000272370293 -4.33285189
63 68 81 85 4 -6.12730728e-05 -3.89242387
43 48 62 74 4 -0.455328852 -1.75492072
123 125 40 46 2 -0.000825136958 -3.63533545
90 95 45 49 3 -0.00197233842 -3.82320213
31 39 129 136 1 -0.000662210514 -4.02818727
0 0 0 0 1 -0.890203595 7.13637066
54 62 111 146 1 -0.0125084631 0.708792508
0 0 0 0 3 -0.551095068 3.80233312
98 106 43 78 2 -0.0709484965 -2.54180741
41 44 58 60 2 -0.00112979859 -2.06850815
50 55 89 95 2 -0.00639927574 -2.35867119
134 140 39 46 2 -0.019559389 -2.9050746
130 133 87 110 2 -0.456917912 -0.385968924
82 86 92 97 2 -1.08381867 0.0909881592
71 76 119 127 1 -0.0065318835 -2.75340652
81 88 120 127 0 -0.109490693 0.602634609
111 121 133 144 0 -0.00917726196 -3.05356503
65 69 84 88 3 -0.00111455587 -4.19909477
147 153 48 83 2 -0.000376427313 -4.29469204
83 86 63 66 2 -0.00622809585 -2.35770941
0 0 0 0 0 -0.0107493792 5.18903446
107 111 139 143 2 -0.00377893774 -4.26242352
0 0 0 0 2 -0.980457723 1.25935435
48 51 62 93 0 -0.00924222916 -5.48394012
115 117 40 43 3 -0.000776046945 -2.48483706
56 59 75 110 2 -0.3443892 1.87299585
193 198 125 129 3 -0.0552690886 -5.09223986
59 61 20 27 2 -0.00891737174 -3.14634085
0 0 0 0 2 -0.12666811 3.89579797
114 114 77 100 3 -0.00297449995 -2.47740674
88 92 101 104 4 -0.000281435176 -1.48855305
133 138 204 212 2 -0.0144326659 -1.33623302
76 78 86 97 3 -0.474634588 -1.46344304
59 60 71 106 2 -0.0950170159 -2.02321982
89 89 69 71 2 -0.00353705976 -3.36153126
150 155 54 58 2 -0.0131156184 -2.35570192
113 113 133 168 3 -0.000446158869 -2.71169567
0 0 0 0 2 -0.0912504941 7.27639627
0 0 0 0 4 -0.823115826 7.18750429
52 54 184 219 1 -0.00552134542 -1.8796854
37 38 85 120 3 -0.00465182588 -0.843757272
58 62 98 102 2 -0.739835382 -1.93325019
73 77 92 127 2 -0.000436384144 -3.48712206
218 219 188 199 2 -0.230623662 -1.36503744
0 0 0 65 4 -0.703051925 -1.02363515
0 0 0 0 3 -0.387744516 4.74443865
124 128 141 146 3 -0.00375816668 -2.71319818
67 72 219 225 0 -0.816771805 -1.62013602
49 52 70 78 4 -0.000140664357 -3.18540096
32 28 32 37 0 -0.558624029 -0.80066967
158 165 105 114 3 -0.0097152954 -0.929580569
73 79 62 68 1 -0.000810606987 -3.08120632
51 55 204 208 4 -0.0919640735 -2.98294902
0 0 0 0 1 -1.23940325 1.80258131
62 65 44 55 2 -0.0174553301 -2.21156788
80 83 117 152 2 -0.000155803078 -4.14066219
0 0 0 0 2 -0.229606703 3.19993043
0 0 0 0 2 -0.00992419943 3.18087602
0 0 0 0 3 -0.412761688 5.21777439
62 66 42 47 4 -0.00465170015 -3.36690593
0 0 0 0 1 -0.0971684158 4.09944582
95 98 54 58 3 -0.00334065827 -2.249439
42 46 49 72 3 -0.0931477919 -0.358991921
117 120 131 142 2 -0.00627663312 -1.81616402
98 99 107 109 2 -0.00115826516 -4.318398
94 95 62 69 3 -0.000713043846 -4.78913736
62 69 83 118 0 -0.00444310205 -2.94018602
0 0 0 0 4 -0.191481143 2.73451567
0 0 0 0 3 -0.027968429 5.54704952
47 58 71 75 0 -0.352205008 -0.869180739
0 0 0 0 2 -0.00834388193 6.09452343
102 104 37 44 2 -0.310963333 -0.150105178
76 83 102 110 0 -0.00274007674 -4.80857325
52 55 122 126 2 -0.0294872336 0.378986895
139 146 52 61 3 -0.00424413802 -4.26211452
0 0 0 0 3 -0.196220234 5.27264166
0 0 0 0 0 -0.032950826 5.80308342
0 0 0 0 2 -0.0277562942 3.35429287
111 111 126 130 2 -0.177182853 -1.29985952
26 31 37 60 2 -0.299143732 0.533373177
0 0 0 0 1 -0.322329015 5.93374634
69 70 107 114 2 -0.00230375049 -4.49882841
26 29 39 47 2 -0.836767256 -2.31196547
0 0 0 0 2 -0.013244126 6.73673105
33 34 105 193 3 -0.428424448 1.97267342
51 52 63 98 2 -0.00884117465 -3.95033073
87 91 99 114 2 -0.0167845916 -1.0985384
0 0 0 0 2 -0.859843075 5.48369837
98 103 55 62 1 -0.0206230786 -4.98536873
0 0 0 0 3 -0.0669662207 7.51507473
54 55 125 148 2 -0.00858387444 -2.11376643
46 51 76 107 3 -0.0616591983 -4.69670153
175 180 93 116 2 -0.00470325351 -0.5778144
56 64 75 110 3 -0.000352824893 -4.11387491
106 106 113 121 3 -0.00125199638 -2.43852234
85 89 141 143 2 -0.000368568551 -2.54652905
83 83 52 57 3 -0.25355348 -0.190774173
78 80 62 69 2 -0.42203328 -0.64941299
87 87 93 128 3 -0.00454349397 -3.68014908
43 48 80 84 1 -0.414638668 -3.14189696
0 0 0 0 2 -0.648315012 2.18631244
52 54 73 80 1 -0.441286653 0.654413402
97 98 111 118 2 -0.0022738399 -3.17522097
58 59 137 145 2 -0.000130889675 -4.49106789
129 129 109 115 2 -0.00189838465 -3.75124645
48 52 60 67 2 -0.000163548102 -4.47641087
68 69 84 119 1 -0.0209014677 -3.93021274
0 0 0 0 3 -0.227997914 2.84065938
81 85 101 124 4 -0.0020166256 -2.10892415
146 147 106 137 1 -0.0336919874 0.705486
96 102 76 0 3 -0.876569152 -1.3509593
0 0 0 0 0 -0.00332742557 6.16924572
78 78 92 100 2 -0.00928001851 -1.74092484
63 68 74 81 2 -0.00107829948 -2.90211606
0 0 0 0 3 -0.0659435019 2.13802028
14 15 19 21 2 -1.55709696 0.61723572
97 97 108 114 3 -0.224642083 0.346333683
115 117 56 91 3 -0.000666036329 -4.99184561
116 123 138 153 0 -0.00364247966 -4.0255146
65 70 90 113 2 -0.00190837122 -3.7992661
160 163 197 220 3 -0.00559424702 -2.4806993
0 0 0 0 4 -0.90576452 7.27052784
141 147 118 126 3 -0.000236977779 -3.09599423
148 156 188 197 1 -0.00116342504 -2.19356608
0 0 0 0 3 -0.0087099541 2.61219907
79 81 34 69 2 -0.000388352229 -4.76001215
135 139 66 89 1 -0.0497809313 -3.39450192
91 95 44 49 0 -0.00556853786 -0.45588392
43 44 192 227 4 -0.106307335 -2.99281883
22 27 34 69 0 -0.0289253388 -4.93816423
49 57 102 117 2 -0.061771825 -0.420431197
0 0 0 0 2 -0.63165921 6.27192593
0 0 0 0 2 -0.345353723 6.16528463
111 117 54 89 3 -0.372655004 -4.43580484
0 0 0 0 2 -0.497369587 7.90874529
212 212 117 120 3 -0.0429119579 -2.133564
140 144 53 88 3 -0.000541853427 -5.59411478
0 88 33 73 3 -1.19274282 0.635259449
80 84 103 109 3 -0.000617908256 -3.52776599
0 0 0 0 3 -0.000805025105 5.66695929
111 117 137 172 0 -0.00204018364 -4.03773308
221 165 108 143 2 -0.741970181 -2.69345474
106 110 119 130 2 -0.159476936 -0.372656852
0 0 0 0 1 -0.0196371656 3.02659297
84 87 96 131 2 -0.000639778969 -3.85645103
0 0 0 0 2 -1.24677432 2.90405941
114 121 131 137 1 -0.00206010672 -1.38021636
40 43 52 87 2 -0.00668140035 -4.45027733
50 50 65 70 3 -0.00597865693 -3.34903502
46 50 106 113 3 -0.00197008206 -5.09055901
33 39 12 21 1 -0.76647526 -3.05276346
59 62 169 176 1 -0.204339162 1.63927388
78 78 89 94 3 -0.00228803419 0.173072517
42 45 106 107 0 -0.0937418193 -2.12143445
0 0 0 0 1 -0.525077701 4.0016427
37 44 48 51 2 -0.101050459 1.09644651
75 78 48 51 1 -0.22026518 -1.26529002
110 114 63 98 3 -0.000533986953 -3.64358902
0 0 0 0 2 -0.0169064235 5.40159178
103 107 48 83 3 -0.000185005862 -5.38211632
0 0 0 0 1 -0.0214334372 3.32057476
104 109 50 52 2 -0.0148990648 -2.18772244
67 75 88 99 1 -0.00820017047 -1.84195876
189 195 63 98 2 -0.198764861 -2.02239466
153 153 108 143 2 -0.0382743739 -2.42256665
136 141 73 108 1 -0.00067216676 -5.69135857
41 41 46 53 4 -0.136860147 -1.01417136
0 0 0 0 1 -0.060028065 4.15845251
25 27 57 63 1 -0.00389650534 -3.24606442
52 56 70 105 2 -0.154053107 -4.09536743
36 40 146 181 2 -0.0129978536 -1.84332442
118 123 135 137 1 -0.00209655077 -3.31564736
54 57 137 142 1 -0.000951042748 -2.59652734
0 0 0 0 1 -0.521365166 7.03737926
184 184 127 130 3 -0.00254999287 -2.60967827
37 43 81 88 0 -0.131324127 -3.30187464
70 74 25 60 4 -0.00839789957 -2.63980007
0 0 0 0 1 -0.826889992 7.39286041
109 110 45 80 2 -0.00461216876 -3.12490368
66 66 101 106 2 -0.0772186592 0.387091577
46 51 62 68 2 -0.0869359002 1.82322788
35 41 82 113 1 -0.00297152158 -2.22972631
90 93 106 141 1 -0.000328762369 -4.3723855
58 64 106 111 0 -0.000176065587 -4.11547089
103 103 48 71 2 -0.00909435097 -5.71271515
111 114 124 131 4 -0.146575406 1.51137781
59 59 124 80 2 -0.119585529 -2.05410051
177 181 82 117 3 -0.013949113 -3.51075864
59 62 78 86 0 -0.000751476502 -4.25575399
61 63 82 85 2 -0.00421185931 -2.07622886
70 74 88 99 3 -0.0222025886 -1.914644
0 0 0 0 4 -0.277618617 7.18154573
122 126 30 65 4 -0.000582025968 -2.94563437
140 144 48 54 0 -0.00190190435 -3.33331203
0 0 0 0 2 -0.232262582 2.78708172
37 40 51 55 3 -0.453241527 -2.88484359
63 69 40 48 0 -0.00173168257 -2.35057187
146 147 46 53 3 -0.0172037818 -1.49132061
148 148 57 88 2 -0.0075409906 -1.78931236
101 102 134 169 2 -0.0464752316 0.356483281
102 106 123 134 2 -0.00147444056 -2.27762294
142 142 32 67 4 -0.0250117481 0.0211881697
41 43 58 69 2 -0.000463457836 -3.83615279
156 159 135 136 2 -0.0376955383 -1.40074527
122 124 42 47 2 -0.0913132206 -0.331018806
0 0 0 0 2 -0.000292406039 4.35992432
123 126 74 109 3 -0.0635232478 -0.858345747
82 84 128 132 1 -0.22751084 -0.0135772526
95 98 106 121 2 -0.0135648735 -0.830196917
105 107 93 96 2 -7.35513095e-05 -4.15126038
0 0 0 0 2 -0.00683785323 6.06925297
79 80 169 174 4 -0.0216608923 -5.32955933
52 52 67 75 3 -0.00469968375 -3.08577943
0 0 0 0 2 -0.852992594 3.67789483
0 0 0 0 0 -0.327982545 6.57901907
0 0 0 0 2 -0.0235322677 6.89903212
76 111 58 66 3 -1.17897284 0.184789419
73 74 104 119 3 -0.0623874851 -2.98898649
71 71 83 87 3 -0.0201028064 -1.17696333
0 0 0 0 1 -0.0244305227 4.51874065
0 0 0 0 4 -0.969208598 1.66831684
77 77 89 124 4 -0.000786237477 -3.47075987
119 121 97 104 2 -0.00166279858 -3.48549771
14 18 33 31 4 -0.711456299 -2.26171923
158 162 130 139 3 -0.000972902286 -3.49001527
175 178 153 159 3 -0.0216289498 -1.15801573
60 61 159 162 2 -0.0633960143 -4.25855541
114 119 64 66 3 -0.144629061 -0.659467578
70 70 124 135 3 -0.000949072011 -2.6540935
63 66 116 151 0 -0.00987641234 -1.98098445
30 32 49 54 2 -0.0170461535 -3.84744668
80 84 33 68 2 -0.000186080986 -4.10216761
0 0 0 0 1 -0.00470770616 4.29945707
42 42 101 105 2 -0.00524392258 -3.39706874
0 0 0 0 2 -0.749473453 6.61618042
112 114 123 154 1 -0.0466644615 2.52622104
186 193 64 79 0 -0.00705721136 -0.140893131
73 76 143 178 2 -0.0517251529 2.62298441
83 86 63 70 3 -0.00372756179 -3.97418308
99 104 37 43 3 -0.235307619 -4.25117493
98 102 174 209 4 -0.00875542313 -2.27913952
110 111 27 62 1 -0.00737933023 -2.96520877
111 111 125 128 3 -0.00314143859 0.573925793
95 95 119 142 3 -0.000859385182 -2.95736814
106 113 124 131 2 -0.00532973558 -2.21982551
81 82 89 112 3 -0.0240877271 -2.45866799
119 124 103 108 1 -0.0204681512 -1.02851534
53 54 138 144 2 -0.00195962284 -3.13306928
132 132 39 41 3 -0.00714639341 -3.32657242
44 44 58 63 3 -0.00773374271 -2.94300699
0 0 0 0 2 -0.345065892 1.7662313
127 127 137 160 2 -0.000271656405 -4.33052015
73 79 38 61 2 -0.00623028306 -3.04487944
45 48 130 132 1 -0.00906446669 -3.61029887
114 121 44 49 3 -0.000804413401 -4.76984406
56 57 69 104 3 -0.0765321851 -3.27230883
75 79 122 128 4 -0.000129219552 -2.09000731
99 102 67 78 3 -0.0204938781 -0.40235585
107 107 118 133 3 -0.0508966744 -3.50615907
61 69 135 150 1 -0.0736636519 -1.38193393
50 56 74 109 2 -0.00227733352 -2.10723352
61 61 68 74 2 -0.00211003306 -2.82655716
119 122 131 162 3 -0.000645156775 -2.35640836
98 103 116 151 3 -0.000554752129 -2.63687921
86 94 111 134 1 -0.0178054534 -1.2845459
48 54 87 122 1 -0.000494022388 -4.42395401
84 86 99 102 2 -0.00291899662 -3.45545673
196 197 51 86 3 -0.201761022 -3.57244754
0 0 0 0 1 -0.815287948 6.62068796
112 112 127 130 3 -0.000640912796 -3.15562177
117 117 126 132 4 -0.018329883 -1.88323259
64 67 159 165 2 -0.000509432226 -5.0680542
105 105 119 150 3 -0.000451741333 -3.76710129
107 109 59 64 2 -0.000448064209 -1.78578854
0 0 0 0 2 -0.00230048131 4.83598185
61 61 75 110 3 -0.150104493 -2.27539277
50 50 58 93 3 -0.00406584609 -3.38315821
158 162 170 205 2 -0.805442035 -1.42502213
117 0 45 96 1 -1.85355127 2.22499394
109 113 57 92 2 -0.0326233767 -3.18481112
32 36 71 106 0 -0.0595900118 -5.81620121
84 87 141 176 3 -0.228299648 0.0794692039
0 0 0 0 2 -0.0384321697 3.36822248
25 29 44 79 3 -0.0836176425 -0.315184593
131 133 86 121 2 -0.648506761 2.10429454
42 44 86 109 1 -0.0545972474 -1.63451672
79 79 89 112 3 -0.00126844947 -3.61548591
58 60 77 84 2 -0.000140303251 -4.175179
0 0 0 0 2 -0.0416896902 7.8532691
0 0 0 0 2 -0.451898754 5.93781376
80 85 106 113 1 -0.00260369014 -4.75786257
0 0 30 38 3 -0.294909954 0.127236307
45 50 102 109 1 -0.000657478056 -2.62396288
0 0 0 0 3 -0.116193905 2.97327185
16 21 25 60 2 -0.455421805 -0.957386374
103 108 120 127 3 -0.00237869285 -2.75068116
62 62 76 111 2 -0.191961646 0.499276698
171 171 41 48 3 -0.608262897 -2.83808589
0 73 0 0 1 -1.70483518 1.26574135
124 133 79 84 0 -0.0454264618 -4.41738415
149 159 103 107 0 -0.0236077625 -0.933433294
40 46 62 71 0 -0.0267351791 -5.58917904
52 53 65 100 2 -0.0004700094 -4.04269934
19 20 41 49 3 -0.193331257 -1.17948914
92 95 105 140 3 -0.000659079116 -1.5007298
103 105 77 81 2 -0.000145789629 -5.12526226
58 61 77 81 1 -0.0129208397 -2.41454911
55 61 127 138 1 -0.00032566447 -2.18599796
45 50 109 144 0 -0.00107903988 -2.80840278
0 0 0 48 2 -0.915120304 0.809957564
69 69 121 126 3 -0.0294328779 0.746265709
102 104 86 92 1 -0.106436059 -0.901749134
32 38 76 111 1 -0.0193666052 -3.76520205
42 46 85 100 2 -0.0478436835 -4.96603251
50 55 66 75 1 -0.00096940808 -3.18974161
114 118 96 103 2 -0.000529482379 -4.20042944
203 205 121 128 2 -0.118262261 -1.04635501
59 61 89 94 2 -0.000518161687 -3.04306841
12 12 18 24 4 -0.719462693 -1.3161273
12 15 19 42 0 -0.384181499 -0.675465584
84 87 36 67 4 -0.0016369028 -3.03355908
50 53 29 38 3 -0.000288352196 -2.43373609
54 55 68 103 3 -0.000868049858 -5.04590321
57 58 38 45 4 -0.0795556903 -0.778446555
96 97 105 128 2 -0.0490604639 -3.08971786
44 48 70 81 4 -0.00541666383 -1.1502372
170 171 66 74 3 -0.0368948206 -4.19723701
70 70 104 109 2 -0.0436739959 -4.01395082
164 170 75 90 2 -0.045789469 -3.12460136
48 56 92 100 1 -0.000364762323 -1.72149205
112 112 130 135 4 -0.000111101297 -2.95628667
49 53 73 96 3 -0.000204668366 -4.52705193
54 58 68 79 3 -0.00152428844 -2.56840253
45 46 55 62 2 -0.089141123 -3.22085524
39 42 46 57 1 -0.07037393 0.735277593
66 70 52 56 1 -0.0118632605 -5.21879101
40 43 47 53 2 -0.0570053346 0.748442948
38 41 80 115 2 -0.0564680472 -4.80518246
71 80 92 127 0 -0.00199134857 -5.16654778
114 116 37 45 2 -0.0131132165 -2.73931766
62 65 73 108 3 -0.000700312667 -5.57302809
68 76 53 57 0 -0.00480247382 -3.55815721
114 116 44 50 3 -0.000614204328 -3.60423231
46 46 64 72 3 -0.0580693558 -4.6650095
56 56 73 108 3 -0.0112917367 -4.91376257
50 52 64 67 2 -0.00387062994 -3.77425337
166 170 86 121 2 -0.000614185468 -2.38872385
125 130 50 81 2 -0.0429112092 -0.849664927
114 114 42 77 3 -0.00276309322 -3.81165481
68 76 56 58 0 -0.00288671791 -4.20429087
89 89 40 45 3 -0.0403108858 -1.83146954
135 135 116 120 3 -0.000460175972 -5.48382902
136 136 153 176 3 -0.00930107478 -2.75178528
60 60 30 45 3 -0.00511583779 -4.44422102
4 4 7 42 3 -0.17527324 -1.46780229
52 52 80 103 3 -0.0173386782 -4.57424402
56 59 86 92 2 -0.000335904857 -3.28702235
125 125 48 63 3 -0.00853313692 -1.81212544
23 25 29 44 2 -0.161611274 0.216341019
113 113 101 108 3 -0.00222048489 -3.99406767
86 87 99 122 2 -0.00629391568 -4.13543463
44 45 64 71 2 -0.000647681474 -3.85767674
133 134 75 110 2 -0.00294463639 -3.99422526
107 109 45 68 2 -0.472119957 -1.05498517
95 97 81 85 2 -0.00485701533 -1.98708105
69 74 133 168 1 -0.109417647 -3.26341581
54 55 75 110 3 -0.0207923483 -5.85988951
82 83 112 147 3 -0.00263003237 -3.30753255
52 55 73 104 1 -9.25041968e-05 -2.24763131
171 171 84 86 2 -0.00166827149 -2.45801616
110 112 59 94 3 -0.000489560771 -3.88857198
53 53 66 89 3 -0.345401078 -1.54289865
110 116 72 95 1 -0.0305365287 -2.37719011
87 91 45 80 2 -0.0916987807 -4.43155575
106 106 50 65 2 -0.000659036567 -3.47589827
17 17 38 41 2 -0.0357795283 -2.47771072
15 18 47 58 1 -0.0199948903 -1.33111763
25 25 37 39 2 -0.00232558441 -3.74241734
142 143 70 74 2 -0.00469092559 -3.96899486
52 54 111 118 2 -0.00166612491 -4.33531332
0 0 0 0 3 -0.00525322836 2.63338757
0 0 0 0 3 -0.00434295554 5.91294193
0 0 0 0 2 -0.0164632108 2.57838845
0 0 0 0 3 -0.000977739226 5.5524025
0 0 0 0 3 -0.132957175 4.04463863
0 0 0 0 3 -0.00333831809 3.64638209
0 0 0 0 2 -0.00351610221 5.52448511
0 0 0 0 2 -0.0107777454 5.03445196
0 0 0 0 3 -0.0340699591 5.21268702
0 0 0 0 2 -1.0669471 7.85052538
0 0 0 0 1 -0.00756112812 3.33703017
0 0 0 0 3 -0.293804258 4.04146528
0 0 0 0 2 -0.0145161301 6.56125021
0 0 0 0 0 -0.0688265637 5.36134768
0 0 0 0 3 -0.476048619 6.24123287
0 0 0 0 3 -0.00237896945 3.83434653
0 0 0 0 2 -0.0101600457 6.63657093
0 0 0 0 0 -0.657777309 3.38956261
103 105 118 126 2 -0.0125567038 -1.86851907
61 65 132 134 1 -0.000635684177 -2.8945365
66 73 84 88 0 -0.0309804659 -2.97657514
65 24 28 63 2 -0.965078413 -0.799721003
151 155 39 74 1 -0.000870624557 -0.898624241
131 135 81 116 3 -0.000645864755 -2.2566328
58 63 48 53 1 -0.00310386065 -3.01484847
122 124 50 85 1 -0.00293238671 -2.36882496
117 118 72 79 2 -0.00148532947 -4.05454779
57 58 33 38 3 -0.0179410186 -1.7746532
117 120 131 136 0 -0.0970302969 -1.64568305
98 101 62 66 2 -0.00375982001 -2.20706606
129 131 60 95 2 -0.00450437004 -5.09105492
35 42 52 59 0 -0.00262495806 -2.31016207
56 61 145 156 0 -0.00101845327 -5.84366369
52 56 70 101 3 -0.00982161984 -5.50656414
126 126 55 66 3 -0.00109246909 -4.23992968
99 101 165 196 1 -0.00375258503 -3.63497782
85 85 53 68 3 -0.00460470375 -3.31422138
137 141 107 113 0 -0.0361324698 -2.62429643
57 64 72 76 1 -0.0011933333 -3.30823755
147 151 112 127 3 -0.000138875082 -2.93658185
47 50 60 62 4 -0.189476386 -2.48348117
55 59 81 116 1 -0.000668078021 -3.91418338
123 129 59 94 1 -0.006214472 -0.506496847
70 73 87 122 4 -0.000365942135 -2.58679605
96 100 48 71 4 -0.000256405358 -2.90870166
49 49 61 92 4 -0.0206374824 -1.68516636
20 24 101 106 4 -0.0059278477 -5.25111008
0 0 0 0 1 -0.0102316067 5.95591021
0 124 232 196 1 -0.963181078 2.83199215
80 86 23 58 1 -0.000646444387 -3.96307063
156 161 91 126 0 -0.00886556692 -2.40484858
0 0 0 0 1 -0.289938778 7.19497156
0 0 0 0 3 -0.0963261724 6.72636795
197 199 66 97 2 -0.0268489774 -2.42757392
81 84 65 69 1 -0.00156114914 -0.557213843
0 0 0 0 3 -0.188833669 6.27188015
52 56 94 99 0 -0.0166875198 -2.29579329
89 92 57 62 0 -0.000661019236 -2.33928919
55 55 59 63 2 -1.28444684 2.28978372
111 112 97 103 2 -1.06149983 0.655145824
206 210 183 186 2 -0.0342354104 -2.46262193
119 123 30 36 0 -0.0619354621 -1.13860095
102 106 52 87 3 -0.000277268467 -2.41443968
0 0 0 0 3 -0.00381116709 4.16171455
163 165 145 149 2 -0.000212302752 -3.78190351
96 98 110 114 1 -0.000814988103 -2.45581102
0 0 0 0 1 -0.0893881992 3.17583108
10 11 21 24 2 -0.0804476961 0.00739756227
102 102 32 37 2 -0.00058760203 -3.53529572
47 53 91 96 1 -0.000796473934 -3.22888637
119 124 104 110 1 -0.000289900636 -3.05077815
139 142 31 34 2 -0.0163686201 -5.14665365
87 94 70 72 2 -0.00316503365 -1.65347838
0 0 0 0 3 -0.0168100111 3.06474113
55 63 39 48 3 -0.000170578671 -3.37396169
83 87 26 61 3 -0.0102918595 -5.27814484
77 85 109 144 1 -0.0149997566 -2.68399596
0 0 142 0 2 -1.77696371 1.14769959
40 40 93 108 2 -0.602213025 -1.92117071
41 51 61 18 0 -0.587565601 -3.41178989
106 107 36 42 3 -0.00808757637 -3.45752573
49 54 69 104 3 -0.00442293473 -4.06924963
156 161 44 79 3 -0.000931749062 -1.59417868
89 91 74 78 2 -0.000116464944 -4.20991087
95 96 109 144 2 -1.30625463 1.8752563
0 0 0 0 4 -0.0030899751 4.843153
0 0 0 0 3 -0.75430721 4.50492001
0 0 0 0 3 -0.0325368829 3.28310704
88 93 106 129 4 -0.0021511768 -1.43065166
120 125 34 65 1 -0.0666478425 -1.46864939
96 96 111 146 4 -0.0631943867 -4.01799822
0 0 0 0 2 -0.753436983 2.7275157
97 97 109 115 4 -0.000629001239 -1.61066008
109 110 93 97 4 -0.00973656029 -1.17544246
112 113 62 97 3 -0.058791995 -2.76273227
48 51 93 95 2 -0.00254340516 -3.80213809
102 106 118 128 2 -0.0178365707 -3.19543576
170 170 79 110 3 -0.0794246942 -4.15598869
115 116 157 172 3 -0.734039783 -1.16779661
98 109 125 126 0 -0.00115783652 -3.10732651
114 114 44 48 3 -0.019302886 -0.823939562
96 101 39 74 3 -0.000256171683 -2.82215023
80 83 119 122 1 -0.00684957532 -2.28291059
27 33 47 58 1 -0.03650406 -2.43349528
153 159 89 92 0 -0.0816035718 -5.24841547
220 230 177 184 1 -0.836039305 -0.421940416
86 86 62 68 2 -0.000243769071 -2.93746877
0 25 0 0 0 -0.661396503 0.667305291
42 47 54 89 1 -0.000401829195 -2.8350842
0 0 0 0 4 -1.11173725 7.44571924
0 0 0 0 3 -0.210720241 7.14454842
140 146 67 102 2 -0.00248253508 -3.03744531
100 103 61 68 3 -0.000750304898 -3.22245312
61 65 90 105 3 -0.38027519 -0.63294965
0 0 0 0 2 -0.409663886 4.67381382
82 93 48 59 0 -0.00122658745 -3.3521893
55 63 121 156 3 -0.0357789658 -0.814029813
97 100 75 82 4 -0.000489908329 -2.48453188
0 0 0 0 2 -0.00350170955 5.32516098
0 0 0 0 1 -0.0267638266 5.80369854
65 69 86 95 2 -0.000470481376 -3.7468729
205 209 180 185 2 -0.00290752156 -2.21366572
81 83 91 94 2 -0.00877330732 -1.03561711
90 93 120 155 3 -0.0152907912 -1.79856682
45 45 61 68 3 -0.0223130789 -6.15172434
119 123 139 174 2 -0.189715937 -0.401784211
0 0 0 0 3 -0.213366702 4.94475985
0 0 0 0 3 -0.485725969 1.82379651
94 97 45 80 1 -0.0155699272 -0.345644295
75 75 63 66 3 -6.53262032e-05 -3.54597807
30 35 40 48 4 -0.00501693133 -3.61076069
117 120 133 156 3 -0.0188009739 -3.55422616
74 81 94 109 2 -0.00027820986 -4.1712594
95 99 22 31 1 -0.000487174606 -3.81192327
0 0 0 0 3 -0.222881868 6.19218206
116 119 128 136 4 -0.00141551695 -2.720402
99 101 59 94 0 -0.187800825 -3.55843806
126 129 78 113 3 -0.00554690976 -1.49491906
0 0 0 0 0 -0.262146503 5.31379747
25 25 82 88 2 -0.000355223485 -4.25939846
0 0 0 0 1 -0.0271800347 4.50066185
99 85 32 43 3 -0.221857876 -3.16491342
29 33 38 49 2 -0.27992785 -4.16172457
38 41 172 207 2 -0.014628185 -2.05911088
0 0 0 0 2 -0.124830492 6.86418486
57 61 76 83 3 -0.00215642899 -2.43697619
210 215 112 147 1 -1.65117311 0.996552169
128 135 111 116 1 -0.0020287924 -3.83964443
49 50 78 83 4 -0.00254349899 -1.07958984
48 51 73 108 2 -0.0177023597 -1.96092415
44 0 60 71 2 -0.671154916 0.886485517
177 181 199 234 2 -0.102335811 -0.59600234
0 0 0 0 3 -0.630114913 3.85317922
73 78 48 52 0 -0.00364447222 -1.47815442
139 146 72 107 2 -0.000143642334 -6.21588087
91 95 56 63 2 -0.931046009 -0.286649436
69 71 85 96 1 -0.115728945 -2.27363682
90 94 114 149 4 -0.0023667058 -1.42396832
124 128 73 81 1 -0.00230212416 -3.96370029
148 154 89 124 4 -0.000540009176 -3.71587491
71 74 44 50 1 -0.000921620871 -2.63747573
48 49 61 68 2 -0.000142449411 -3.78720474
100 100 109 116 4 -0.0335741751 0.147441566
45 47 66 68 2 -0.675856054 -1.23380065
57 65 112 116 0 -0.144423515 -1.31930804
59 62 92 123 2 -8.21343056e-05 -2.49245548
69 72 46 57 2 -0.00505085941 -4.88084984
81 86 95 130 2 -0.00876495335 -3.07180882
52 56 68 75 2 -0.0230131522 -1.97956061
46 46 103 105 2 -0.00129784655 -2.15099645
125 132 69 78 0 -0.00961102266 1.32171273
20 25 51 56 4 -0.557808101 -2.26832151
104 104 119 130 2 -0.000347582449 -2.49252534
83 89 66 72 2 -0.00174878631 -2.20984697
85 85 124 128 4 -0.00214047288 -1.35022879
0 0 0 0 3 -0.0714721531 4.31988049
121 123 60 64 2 -0.000810833648 -4.65258503
0 0 0 0 2 -0.0956781879 7.73700953
0 0 0 0 3 -0.121171966 3.19704938
0 0 0 0 3 -0.454770207 7.11659098
32 33 44 50 2 -0.00268222718 -2.88999462
46 50 63 98 3 -0.0687055439 -2.7974968
200 205 146 150 2 -0.874960899 -2.98096466
0 0 0 0 3 -0.569859385 7.55970573
67 71 96 101 0 -0.000962800172 -3.68552732
87 93 38 49 1 -0.416358411 -2.93086743
144 148 161 166 4 -0.00820429064 1.40508699
108 109 157 188 1 -0.263259888 0.424542785
44 52 56 58 2 -0.388635993 -3.37441278
61 67 45 51 0 -0.00537434639 -3.84217906
116 116 158 165 2 -0.00322344759 -2.52614617
43 49 135 170 2 -0.00218206481 -4.18170309
130 136 38 53 2 -0.00386057515 -4.89058828
59 67 87 92 0 -0.0269036852 -2.89054847
114 115 123 127 2 -0.00284001883 -5.28411388
7 11 17 52 4 -0.111076184 -1.54785705
147 148 33 68 3 -0.193661556 -2.80667019
101 101 51 86 2 -0.000520998146 -2.82061362
0 0 0 0 2 -0.484548628 5.7964983
80 83 110 118 2 -0.0449712798 -3.80256963
124 129 192 195 1 -0.00212079659 -3.33750916
78 79 118 125 3 -0.0149793178 -2.82008171
140 143 0 0 1 -0.331624031 1.27268505
38 42 80 115 2 -0.00078372407 -4.67385817
194 199 93 94 2 -0.0663746595 -3.37010646
33 38 46 81 2 -0.0350975022 -1.26427698
0 0 0 0 2 -0.392013878 4.69597387
66 71 41 46 4 -0.000816688524 -2.07119417
107 108 119 154 2 -0.00241294084 -2.79814291
144 150 63 101 3 -0.135089278 0.461587608
0 0 0 0 1 -0.0010844944 6.21508455
151 151 115 138 3 -0.0669718981 -1.15524304
0 0 0 0 2 -0.00473146699 5.48268795
68 72 50 53 2 -0.0549204722 -0.894397855
0 0 27 30 3 -1.00240588 2.75004292
105 111 142 144 3 -0.00102709793 -5.62779427
0 0 91 97 3 -0.64446485 0.608460128
224 226 45 52 2 -0.515061021 -2.48441172
38 38 128 133 3 -0.00619382504 -3.86747956
99 106 74 78 0 -0.000953056733 -4.63331842
0 0 0 0 3 -0.691682696 4.27336121
134 134 100 123 3 -0.00455582049 -3.64271092
0 0 0 0 4 -0.00294981617 3.39227772
192 196 53 84 3 -0.124741912 -2.17295051
138 140 86 121 1 -0.00406502374 -1.80730128
0 0 0 0 1 -0.00369315804 5.51915169
124 127 160 175 3 -0.0676513836 -1.67869902
23 31 80 115 0 -0.0147656528 -2.12876868
146 146 52 59 4 -0.00341426837 -3.75103235
117 122 55 57 2 -0.0127901901 -4.10220528
63 68 88 123 1 -0.00256534456 -0.594887376
101 106 91 93 4 -0.000949525624 -2.55470705
47 51 63 72 4 -7.48625826e-05 -1.3483665
0 0 0 0 2 -0.00502249319 6.50072956
0 0 0 0 3 -0.0352202766 3.80099797
0 0 0 0 2 -0.394952595 7.37219429
31 33 53 88 1 -0.0886677876 -4.05301762
89 91 49 72 2 -0.0806010887 -2.35005927
60 60 93 98 2 -0.00839962624 -3.64673567
98 100 107 108 2 -0.00914017763 -3.96094704
18 22 38 40 2 -0.0163148716 -1.72262979
103 105 50 85 2 -0.0023506463 -3.99253464
0 0 0 0 1 -0.0625320897 3.12394071
44 48 58 61 1 -0.010750209 -2.28180599
153 157 45 49 2 -0.00143206795 -2.44451213
98 98 115 126 2 -0.0791050792 -1.44170737
103 103 52 87 3 -4.01732832e-05 -4.47765446
46 53 101 108 0 -0.0302564763 -1.25201941
214 214 188 192 2 -0.00491674058 -4.92317772
0 0 0 0 3 -0.825271308 7.89982939
112 118 56 64 1 -0.0102146054 -2.73984885
128 129 110 116 4 -0.00917231292 -4.54433012
85 86 60 67 2 -0.00071754196 -5.06036711
90 94 48 55 2 -0.036485821 -0.115104914
0 0 0 0 2 -0.410408348 7.0199585
172 174 100 103 2 -0.0057788589 -5.7590785
175 176 144 151 2 -0.107658938 -0.834805846
70 71 14 49 2 -0.0284703486 -2.05991411
79 83 103 134 1 -0.0434493795 -0.70095706
0 0 0 0 1 -1.15783429 7.36329174
30 34 40 75 4 -0.000587413902 -1.20061779
0 0 0 0 2 -1.11639881 7.29845428
57 100 57 59 2 -1.2341944 -5.25329018
0 0 0 0 0 -0.215697318 3.23436522
0 0 0 0 2 -0.0114336861 5.61791706
223 227 167 202 1 -0.0526585653 1.04472041
114 116 133 164 2 -0.00234324229 -4.19840956
120 120 71 80 2 -0.000537197455 -2.88178349
0 0 132 139 2 -0.335483491 2.73113012
73 75 58 64 2 -0.0105394125 -1.65889335
0 0 0 0 3 -0.425992996 6.25822639
91 98 78 86 0 -0.00178972934 -3.75767684
0 0 37 41 4 -0.632209599 0.342221022
98 101 155 170 2 -0.00510662934 -3.91161728
24 27 40 75 2 -0.000218141082 -4.86108685
71 74 106 113 2 -0.0289394576 -2.94973207
0 0 0 0 2 -0.0918191969 6.11039495
36 39 68 103 0 -0.000183930213 -4.3658576
121 124 53 59 3 -0.00013446412 -4.96950531
39 39 51 58 3 -0.000776727451 -2.36653638
184 188 136 137 2 -0.662506402 -3.12243891
55 59 109 111 3 -0.00388666708 -3.08668303
34 34 92 96 2 -0.0378246047 -4.96210766
108 114 46 52 1 -0.00131770957 -4.00466919
92 96 39 43 3 -0.000674784416 -3.33111882
33 33 66 71 2 -0.0999254733 -0.181086183
129 130 64 72 2 -0.0940140635 -4.41240597
56 59 120 41 2 -1.30948234 0.78125006
67 67 45 51 4 -0.000985103543 -0.103560567
53 54 113 116 3 -1.02340484 0.432100713
123 131 46 81 0 -0.00644354196 -3.69041443
55 60 102 137 2 -0.198780417 -2.01310873
65 65 40 43 2 -0.0151379649 -5.38126659
0 0 0 0 2 -0.00209172023 4.05558681
101 103 51 86 2 -0.644398212 -5.73381948
157 159 117 124 1 -0.0109099783 -3.52380443
58 61 79 114 4 -0.00280316989 -2.31515336
172 174 59 94 2 -0.0710142851 1.03186107
0 0 0 0 3 -0.303162098 6.07816458
0 0 0 0 2 -0.500915885 6.04560661
79 79 90 95 3 -0.000222676375 -1.77741456
62 64 43 46 1 -0.0107340841 -1.49466038
122 127 54 61 0 -0.000694920542 -3.41410232
163 166 144 151 2 -0.00237841741 -5.28822327
125 128 52 59 1 -0.494292498 -4.59091139
51 57 123 129 0 -0.00087265711 -2.30941701
0 0 0 0 1 -0.768511713 3.96000123
73 81 89 97 0 -0.000419192482 -1.98586226
201 205 112 118 0 -0.125291243 -4.65667152
0 0 0 0 0 -0.775145292 6.49056053
35 35 68 70 2 -0.0306666829 0.686560571
106 106 113 116 3 -0.00074880413 -1.77646065
164 164 42 49 3 -0.00713056 -1.68643093
45 47 62 64 1 -0.0371467918 -0.837046623
120 120 63 70 3 -0.0178476442 -4.61672974
56 63 82 88 0 -0.0254133623 -3.26579547
0 0 0 0 3 -0.00618490623 4.39249992
0 0 0 0 2 -0.0213137809 4.65377855
0 0 0 0 2 -0.0383369178 6.6926012
79 79 133 168 3 -0.105836041 -4.32165813
78 88 33 40 1 -0.158938602 -5.154809
153 153 125 127 2 -0.000330069975 -3.74713302
100 104 67 71 2 -0.00793454703 -1.96187115
40 41 54 69 2 -0.00116547989 -2.04975843
97 155 171 178 2 -0.855327308 -2.94801188
40 44 87 102 3 -0.000107167201 -4.89070415
79 84 97 102 0 -0.0161917843 -3.68409967
100 108 117 128 0 -0.0053616385 -0.911059737
0 0 0 0 2 -0.0022342212 5.15706253
50 55 64 79 1 -0.00992281456 -2.23185444
72 77 54 59 0 -0.000603418215 -4.29030275
102 106 120 127 2 -0.00930778123 -1.95614362
100 102 114 149 2 -0.0217397436 -3.01774669
23 31 47 55 0 -0.00620407518 -6.13140631
114 116 65 100 2 -0.000802764436 -5.05416489
0 0 0 0 3 -0.185799927 1.23878932
102 109 56 91 2 -0.00479336083 -1.80227256
107 107 29 52 3 -0.00238806428 -2.80891562
161 162 52 56 2 -0.153902039 -0.178887278
102 102 17 21 3 -0.0176116079 -2.54507923
94 97 34 39 2 -0.000114200877 -4.09436655
207 213 107 142 3 -0.109956652 -0.297481447
78 82 115 126 3 -0.0038670327 -3.2038393
151 157 167 173 1 -0.156074747 -0.829769909
73 73 114 149 2 -0.103929266 -5.39473057
36 39 54 89 4 -0.000820969115 -1.98016334
42 47 107 122 2 -0.0144281508 -1.81807446
0 0 0 0 3 -0.0110112559 7.35159636
119 125 136 143 3 -0.00299741561 -4.47153187
31 37 81 116 1 -0.0081324093 -3.93482971
0 0 0 0 2 -0.0690253228 0.986311376
83 87 106 129 3 -2.69411594e-05 -4.22902775
130 131 52 87 3 -0.0645726025 -1.6928215
114 114 92 99 2 -0.0183765329 -3.97880244
162 163 60 83 1 -0.00814835075 -1.26484644
45 48 95 100 2 -0.00135255011 -4.58645344
85 87 95 126 1 -0.00298889028 -1.47396302
0 0 0 0 4 -0.0021506818 7.42547321
83 94 123 125 0 -0.0191394519 -2.64254022
86 95 112 118 1 -0.00738168554 -0.622282267
45 49 83 118 3 -0.0105319321 -2.18234873
119 119 136 145 2 -0.00254361238 -2.92002344
197 0 86 0 0 -1.49167418 1.33507657
51 59 69 104 2 -0.0144218579 0.0621640682
0 0 0 0 3 -0.58058387 4.25349808
66 66 128 139 3 -0.00199141423 -4.02587128
74 74 87 94 4 -0.00126181252 -2.87437439
112 114 71 86 1 -1.58967519 -1.11962414
0 0 0 0 2 -0.0247055478 3.31271935
0 0 0 0 2 -0.0120194964 1.29035401
91 92 108 143 2 -0.0207758248 -2.74231911
88 93 53 60 0 -0.00301305437 -2.86296177
126 0 94 102 2 -0.587513328 0.295065641
0 0 0 0 2 -0.00906985253 4.23473263
85 88 51 55 3 -0.000872111646 -3.72242928
63 0 44 46 3 -1.17165971 -0.891692162
54 60 154 162 2 -0.116006702 -5.07664967
119 120 78 148 0 -0.376549304 -5.60556841
163 153 92 127 3 -0.871664345 0.610275805
45 48 53 61 4 -0.0769715831 0.000646233559
34 0 45 49 4 -0.465745062 0.799715817
86 0 0 0 1 -0.858164549 2.25147533
0 123 105 112 1 -1.80812979 1.30877924
57 66 107 142 0 -0.000389793393 -5.99461985
116 120 31 34 2 -0.0150071932 -3.00099134
175 176 56 87 2 -0.00918099005 -2.35649085
25 28 41 45 1 -0.000889682618 -4.01024246
46 53 86 93 0 -0.0428700559 -5.37080622
97 103 42 48 0 -0.0121209808 -4.98581409
52 53 68 79 2 -0.126934826 -3.46264076
0 0 0 0 2 -0.0024430519 6.04586172
88 90 35 58 2 -0.828604698 -4.05430222
15 19 117 132 1 -0.0236054249 -5.15191364
90 94 104 115 2 -0.0312118381 -0.916680217
72 76 46 54 3 -0.00749590341 -2.16100359
166 171 38 49 1 -0.276056767 1.18086553
94 94 27 62 3 -0.0105524659 -1.11141467
124 125 104 111 2 -0.000591429067 -1.43147767
35 35 138 173 3 -0.0407120362 0.0215131938
100 103 118 127 4 -0.000132436238 -2.7107296
43 51 64 99 1 -0.00714122271 -1.75564027
72 77 48 59 2 -0.247470289 -1.55873847
57 62 80 115 2 -0.000151273256 -4.41942549
141 147 71 78 1 -0.0407624207 1.06079984
89 93 31 38 1 -0.0325037427 -2.02008843
138 138 88 93 2 -0.0587311238 -2.06950927
94 98 114 118 3 -0.104673319 0.37354219
163 165 85 108 2 -0.0516820103 -0.319930822
56 61 38 42 1 -0.0115726963 0.298762321
40 43 63 98 2 -0.00203841552 -4.18225765
122 122 63 98 3 -0.00174035295 -3.9687953
130 134 51 86 2 -0.0402083248 -3.5242455
76 76 108 143 4 -0.0861211568 0.0172162652
40 42 82 105 3 -0.000164743091 -3.76453567
70 74 101 136 3 -0.13228181 -2.6434927
0 0 0 0 2 -0.176228523 1.6100812
156 161 55 61 2 -0.531720817 -2.19571638
84 87 49 72 2 -0.106451072 -4.13682652
136 140 99 101 4 -0.0660690814 -0.0661272705
34 39 53 88 3 -0.000580857974 -1.84711719
33 40 79 114 0 -0.00258891331 -4.62295818
39 43 119 154 3 -0.000745714526 -6.62879086
176 184 47 82 3 -0.910938203 0.75141257
56 59 85 116 2 -0.000343184482 -4.662714
19 23 28 63 4 -0.0790572688 -3.20163012
47 51 126 128 2 -0.00361228362 -2.34386492
159 164 102 137 4 -0.0162768811 -2.13550258
61 62 77 112 3 -0.00550269755 -2.37321687
40 40 50 61 4 -0.138232842 -2.55443859
0 0 0 0 2 -0.448324084 5.75191212
101 102 135 143 2 -0.0141926091 -4.45706081
87 90 100 105 2 -0.000815023435 -2.95912504
181 183 75 98 2 -0.0270083155 -2.1501112
97 100 47 82 2 -0.0337746479 0.122492075
71 73 25 60 2 -0.239875078 0.293697834
101 109 35 70 1 -0.00684749149 -2.48420238
89 94 102 117 1 -0.00154404435 -1.65974879
92 92 65 72 3 -0.00998473354 -1.16604757
110 113 129 137 0 -0.0138770277 -1.84625626
60 64 91 99 0 -0.0246039014 -3.1598947
40 43 110 118 2 -0.00214894302 -2.51745462
42 53 101 103 0 -0.00142043852 -4.66388702
48 49 59 94 3 -0.00333769177 -3.63612485
85 85 40 75 4 -0.149621561 -4.18058205
53 61 106 129 3 -0.00158361765 -4.18020725
39 43 66 97 4 -0.442852348 -1.12673044
64 69 41 46 4 -0.0144243427 -2.23804855
93 93 123 129 3 -0.00391261559 -0.540361166
82 82 96 131 4 -0.0004617901 -3.70086074
113 116 80 84 4 -0.0173337478 -1.13762212
159 160 82 89 1 -0.00272774603 -3.5327878
0 0 0 0 2 -0.00124384521 6.02148819
0 0 0 0 2 -0.198407277 5.40271187
110 117 45 53 2 -0.00430899067 -5.4540267
55 57 38 44 1 -0.088279061 -4.12826204
86 90 106 110 3 -0.00641333731 -2.93211293
58 59 114 117 2 -0.0343594626 1.07100701
48 53 65 100 0 -0.000205388642 -3.23182511
95 96 108 131 3 -0.436273098 0.532368481
0 0 0 0 3 -0.0178791396 6.63309193
105 107 53 56 3 -0.00255713938 -2.70762324
136 141 161 165 4 -0.000561656314 -1.83015871
0 0 0 0 2 -0.043637272 4.74182606
24 32 36 47 2 -0.00539693842 -0.92796874
0 0 0 0 2 -0.00510234665 4.07637119
107 107 36 71 3 -0.00747589581 -3.49400783
81 86 121 156 4 -0.0045921593 -1.91398382
66 67 55 59 3 -0.000974151364 -2.41764116
64 71 99 134 1 -0.00552347209 -4.33948708
191 191 141 176 3 -0.0105829984 -3.93392467
0 0 0 0 4 -0.798776507 7.13637924
116 120 46 81 3 -0.000467608043 -3.90349746
39 44 82 84 0 -0.00177623308 -2.71235919
64 66 83 89 2 -0.0116974786 -1.92633677
82 86 107 142 4 -0.273456901 2.77261472
0 0 0 0 3 -0.0039530294 4.72011042
0 0 0 0 2 -0.0513252243 3.73184228
109 115 8 23 1 -0.0279009119 -2.45493269
51 54 168 191 2 -0.140391394 -6.23407555
0 0 0 0 2 -0.555149674 4.17387152
140 144 85 120 4 -0.00419781543 -5.14592886
75 80 125 132 1 -0.00256130705 -1.94207239
83 89 38 43 2 -0.000648145913 -4.36876249
133 137 46 81 3 -0.606919646 -3.57509208
41 48 61 69 0 -0.0147532038 -3.17271686
196 200 90 95 3 -0.00147267035 -4.88954449
92 95 104 115 2 -0.00434787013 -1.68650627
101 105 114 120 1 -0.0896648094 -1.10316956
174 178 37 72 4 -0.00174288801 -3.62859464
46 46 118 122 3 -0.00258617778 -1.41617203
67 68 130 165 3 -0.0354687907 -2.23248839
103 106 36 42 2 -0.0128306141 -1.7196517
55 67 138 145 0 -0.000300511834 -1.581177
38 38 95 126 2 -0.00436921231 -3.22402406
81 82 57 65 3 -0.00584313786 -4.40673399
0 0 0 0 1 -0.208019733 3.31767178
47 47 57 92 3 -0.000654164702 -4.4778409
0 0 0 0 2 -0.751363873 7.81405115
24 24 84 107 2 -0.0230887774 -1.95235801
82 86 99 107 1 -0.000281776651 -2.83487535
90 90 67 78 3 -0.381573975 -0.792383373
111 117 30 33 1 -0.00483872136 -3.29241323
129 131 79 90 2 -0.0139298039 -3.2722826
85 85 123 154 3 -0.00120711105 -4.03846741
0 0 0 0 1 -0.0364710018 1.50203872
208 209 48 54 3 -0.0448038541 -2.91536832
0 0 0 0 1 -0.827601075 7.04648161
133 137 86 121 3 -0.000721600722 -2.52872229
89 92 111 118 2 -0.0663971826 -3.32066584
35 40 97 99 0 -0.0374545269 -0.632351995
167 173 192 198 1 -0.0831947327 -0.815662742
0 0 0 0 1 -0.131686255 2.61649513
67 72 105 109 3 -0.180381119 2.43682766
151 156 33 68 3 -0.00096020085 -2.69465065
0 0 0 0 3 -0.0839263797 2.64952016
107 109 50 57 2 -0.0358657129 -1.93954492
0 0 0 0 3 -0.903635502 7.2995019
46 50 77 88 1 -0.149459764 -0.441089392
53 56 103 108 2 -0.00142432563 -2.79089856
111 112 146 152 2 -0.445196033 2.28385329
92 102 45 80 0 -0.00944446679 -2.51341891
137 138 35 38 2 -0.373784751 0.0878619552
58 60 99 134 2 -0.494396597 -0.284821123
113 118 28 59 4 -0.00410060864 -1.11074233
81 87 62 67 0 -0.000514830987 -2.68596864
58 65 78 84 2 -0.540918231 2.52825665
35 39 49 84 3 -0.00291167921 -3.29470181
132 132 70 105 3 -0.143481821 -4.16019154
66 66 101 136 3 -0.00275367871 -5.91083813
71 71 57 59 2 -0.000543718867 -4.80519247
0 0 0 0 2 -0.667282164 2.7976017
81 86 135 142 1 -0.0378061347 -0.490667701
76 77 45 47 2 -0.00405349769 -3.74209547
22 26 33 68 2 -0.0233781543 -3.42745161
80 80 88 93 2 -0.000612395932 -5.20911312
0 0 0 0 1 -0.0391060673 3.96616292
114 115 48 83 2 -0.012297444 -2.862221
200 202 45 80 4 -0.0130076595 -3.2961607
0 0 0 0 2 -0.0213405676 3.21865559
45 49 60 66 1 -0.100037165 -2.51114106
0 0 0 0 3 -0.00359362294 5.63999271
93 93 108 115 3 -0.0015551527 -2.3436389
151 155 36 59 3 -0.0233882368 -1.35188663
144 149 57 66 1 -0.00348945754 -5.23982382
56 64 133 140 1 -1.60932032e-05 -3.79093242
44 47 78 83 1 -0.000641635677 -4.71979713
60 68 96 131 3 -0.000895554025 -2.7174387
0 0 0 0 2 -0.115195632 3.32590818
184 189 60 95 3 -0.121435612 -1.73639202
38 42 47 62 3 -0.13799493 -1.03579187
141 141 39 62 3 -0.0168819539 -4.11519432
119 122 101 104 3 -0.668554187 -2.47731686
153 158 81 92 2 -0.100641176 -2.60063076
152 155 90 125 3 -0.0452488735 -4.66038752
0 0 0 0 2 -0.0254896451 4.7072711
185 189 77 84 3 -0.00871688314 -2.62797141
71 75 85 120 3 -0.00364913931 -4.94956064
154 156 176 184 1 -0.00161180098 -0.895972729
0 0 0 0 2 -0.0845001265 4.84671688
43 47 88 94 3 -0.0318580195 -5.24099588
0 0 0 0 2 -0.47359398 3.3588717
48 48 116 124 3 -1.329072 2.01830482
70 76 32 40 0 -0.000758674811 -5.35027456
53 60 71 94 2 -0.0168160852 -0.629161656
40 45 49 61 0 -0.00353051792 -5.21225834
86 91 26 29 3 -0.00441859523 -1.54189515
111 117 176 179 1 -0.11285276 -0.879895866
0 0 0 0 3 -0.26567173 5.36975718
41 46 60 91 3 -0.00219947076 -2.61196518
123 129 39 50 1 -0.000412782159 -1.59381342
73 74 108 143 2 -0.246315464 -2.13551545
59 63 74 80 1 -0.00161245954 -3.74658847
51 59 32 40 0 -0.00018393452 -4.40939522
60 61 74 81 2 -0.00165696326 -2.48908973
73 77 0 0 3 -0.623043001 1.35727
114 118 70 75 3 -0.000234225547 -4.81874657
37 39 49 60 2 -0.0225977749 -0.990822792
87 91 104 106 3 -0.0199165903 0.192624807
105 112 133 144 2 -0.263657272 -3.5295496
152 158 59 94 1 -0.00144099398 -2.14010477
82 87 58 67 0 -0.000851741876 -3.09701824
94 100 185 189 0 -0.00827857852 -2.88999271
42 46 117 128 3 -0.679214418 -0.546024919
84 84 54 61 3 -0.000607307069 -3.81079102
0 0 0 0 2 -0.120881349 7.63624144
54 57 44 48 1 -0.000340317783 -3.63350463
0 0 0 0 2 -1.14084363 3.55430555
0 0 0 0 2 -0.291082352 4.56679583
75 76 91 97 1 -0.0118342768 -1.7304306
59 61 189 120 0 -0.190630615 -4.8136096
188 189 207 240 1 -1.28652501 0.929918587
0 0 0 0 3 -0.479755938 7.14991999
58 64 106 141 1 -0.0890209749 0.909544885
69 75 120 125 0 -0.00655972073 -5.36580849
0 0 0 0 2 -0.00397687126 4.99062824
41 49 60 71 2 -0.0417567939 -1.54579616
100 104 49 51 1 -0.00245668297 -1.4550693
42 0 49 55 1 -1.1544205 4.47188902
54 56 131 142 1 -0.534571111 -0.44221583
0 0 0 0 3 -0.0905055627 4.59168768
44 51 65 74 0 -1.30912125 0.574358761
0 0 0 0 3 -0.842003107 6.67625761
131 135 43 78 3 -0.000431854191 -6.63951969
124 124 141 176 2 -0.00107092946 -4.3878727
63 71 105 110 1 -0.0119012073 -4.03578663
132 138 79 114 2 -0.0670726225 -1.62987757
145 148 51 86 4 -0.013427332 -0.343320459
0 0 0 0 2 -0.0195064321 4.44712353
109 111 139 143 1 -0.0140544008 -4.6714263
117 121 105 107 1 -0.077139467 0.393412292
0 112 107 72 1 -0.889178991 -2.05289197
22 27 48 50 2 -0.0219033249 -3.73707008
17 23 28 35 1 -0.0715401769 0.537390172
0 0 0 0 2 -0.00147103902 3.14291286
50 51 62 68 2 -0.0252307151 -2.49516702
114 114 49 55 2 -0.477811813 -0.152368695
123 127 77 81 2 -0.000364762265 -3.79186034
67 70 118 129 0 -0.00157507148 -3.85541701
46 52 60 68 1 -0.00587825244 -1.21114099
75 80 51 55 2 -1.0570153 1.88340712
58 61 199 203 2 -0.0617509857 -0.112887233
79 84 95 130 4 -0.121077299 -3.18421531
97 100 117 121 2 -0.00084446359 -3.76381993
53 54 111 146 2 -0.00255268067 -2.18325615
83 85 66 68 1 -0.00144820544 -0.275012523
107 109 92 97 3 -0.00069174025 -2.87631226
0 0 0 0 3 -0.694335997 6.33612156
72 75 91 126 1 -0.322529465 -3.78156924
0 0 0 0 2 -0.0205192771 3.56694341
180 185 128 135 3 -0.0319598392 -4.26309586
133 140 150 152 0 -0.178470641 -3.98651242
112 117 135 141 3 -0.00221263012 -5.85989475
90 94 66 69 4 -0.584599018 -2.28060079
63 63 124 132 2 -0.000502731476 -3.75420094
121 123 41 49 2 -0.108482197 -0.122942299
124 128 71 106 3 -0.00256048329 -4.84012556
81 87 106 111 0 -0.0615673065 -2.2049253
35 35 50 54 2 -0.0421255119 -0.548733711
35 43 51 86 2 -0.00372378784 -3.79479313
101 106 122 128 4 -0.000474890228 -0.933783054
78 82 25 60 2 -0.00040122366 -2.77560043
0 0 0 0 2 -0.0154044172 5.63145638
0 0 0 0 3 -0.632752657 2.17712545
45 45 116 123 3 -0.0657960027 -5.39187479
75 78 105 140 1 -0.0146337505 -1.67824769
121 123 137 168 2 -0.00143232092 -3.90253544
100 104 42 57 4 -0.000729425112 -2.70465231
53 57 74 109 4 -0.00107862102 -3.61511278
35 41 137 142 2 -0.00744633749 -3.79440951
0 0 0 0 1 -0.890109301 4.63384104
58 61 42 46 3 -0.00144751649 -1.64896488
63 67 101 112 3 -0.0108274044 -3.95007229
46 50 85 120 4 -0.00110089686 -1.20671368
0 0 0 0 1 -0.332936406 4.40197945
40 44 80 82 0 -0.00237104809 -2.01602173
51 53 34 41 2 -0.000182497432 -4.84076357
32 35 18 22 2 -0.00156175857 -3.09537792
74 76 90 97 1 -0.274699986 -1.99670243
67 70 78 83 1 -9.62002523e-05 -2.99006462
86 86 50 58 3 -0.00368062337 -3.94949365
58 60 106 141 2 -0.00202283915 -2.24184537
74 81 149 156 2 -0.00398513209 -3.15221238
117 121 79 81 0 -0.0172030553 -2.28150344
72 77 140 149 1 -0.000793677114 -3.11921906
111 111 122 126 1 -0.000296803948 -2.7928679
0 0 0 0 2 -0.000186437886 5.24838257
28 29 74 76 1 -0.00258885091 -3.156775
140 140 61 96 3 -0.343446791 0.158152163
106 109 120 127 2 -0.000559501175 -5.14526033
0 0 0 0 1 -0.00845300499 6.08898211
44 49 110 145 3 -0.0162942056 1.95888543
120 120 61 84 3 -0.0064181122 -2.67626381
79 83 51 60 3 -0.0149844363 -2.09575772
173 176 79 110 3 -0.0185118988 -2.09178185
0 0 0 0 1 -0.117979877 7.04457045
92 94 104 139 2 -0.00370362075 -3.79178977
40 40 46 81 1 -0.554322243 -3.02836871
88 0 122 0 2 -1.37000227 2.14195657
142 148 100 107 2 -0.000143642639 -4.33441973
0 0 0 0 0 -0.00935873389 1.81021571
91 92 140 148 4 -0.240680322 -2.44099522
84 89 106 121 1 -0.00285970513 -4.13102722
77 79 56 61 2 -0.00209914008 -1.82216001
39 49 0 60 3 -0.720686018 1.59169054
105 108 145 151 2 -0.00357685401 -5.06788683
121 126 73 108 1 -0.00143215386 -2.31183815
100 104 134 139 4 -0.000178690243 -2.43594265
63 68 41 45 2 -0.0135373259 -4.11519766
111 113 136 140 2 -0.000746493984 -2.81448603
88 88 101 103 2 -0.0154268062 -2.54076123
0 0 0 0 0 -0.00683970423 4.27411366
40 43 55 90 1 -0.128674105 -3.51262999
0 0 0 0 4 -0.58625555 2.66963172
0 0 0 0 2 -0.00386909768 3.50783587
140 143 38 61 2 -0.0210923739 -1.17570758
147 152 73 82 4 -0.0195035264 -2.84957957
116 121 137 172 0 -0.000405759551 -3.82480526
99 110 157 161 0 -0.1246619 -4.6258502
159 163 85 92 3 -0.00190297037 -3.10538292
42 50 170 201 0 -0.0514039285 -0.650642991
108 112 97 102 1 -0.00667924527 -2.36060786
191 197 66 72 2 -0.0142305363 -2.78555107
0 0 0 0 1 -0.038582135 3.6652658
110 112 39 74 1 -7.08090956e-05 -4.97138262
154 158 117 132 4 -0.00206259708 -3.94641614
58 65 176 120 1 -0.546387017 -3.51099634
0 0 0 0 3 -0.0140077751 1.41097379
64 66 82 93 3 -0.000945402833 -3.89923882
103 109 127 162 1 -0.00542427879 -1.27737594
60 60 97 112 3 -0.000754221459 -2.39782739
42 43 69 84 3 -0.0215394218 -3.35606503
58 64 173 175 1 -0.652422428 -0.0285533667
0 0 0 0 3 -1.01478231 1.74031472
48 55 128 134 3 -0.0286936127 -0.359582484
82 84 116 119 2 -0.00217514462 -4.08923721
61 63 42 50 1 -0.577029943 -3.48066497
130 134 146 181 3 -0.000363425643 -4.80809116
0 0 0 0 2 -0.0483237468 4.58798599
113 116 34 69 2 -0.00639458746 -3.95825934
58 59 116 127 2 -0.00263092155 -4.39445591
95 97 105 111 1 -0.000252353842 -3.44958282
0 0 0 0 2 -0.346894383 7.67073298
117 119 45 80 2 -0.0881008208 -1.84791207
87 93 64 66 3 -0.536682844 -1.4516356
55 57 71 75 2 -0.00102743029 -3.70644498
0 0 0 0 2 -0.00356833613 5.5737114
45 45 92 127 2 -0.000604776549 -5.4810605
132 135 100 108 2 -0.000671549002 -1.57915258
0 0 0 0 2 -0.00131400325 5.31225252
75 78 37 41 2 -0.00136903604 -4.62097645
109 113 64 99 2 -0.0817969218 -2.56895709
43 47 61 68 2 -0.000476880668 -3.20048642
67 71 84 119 4 -0.60207051 -4.58355045
45 50 91 98 0 -0.0034449934 -2.82487106
105 108 70 77 2 -0.0321524069 -3.45551586
110 110 83 90 3 -0.350084305 -1.89999127
53 59 116 123 1 -0.218701512 -0.332999587
128 132 98 106 2 -0.264376312 -0.249362335
117 119 40 46 1 -0.000134342772 -3.8731389
77 81 59 61 4 -0.00355297164 -2.9463222
123 123 54 85 2 -0.0298907086 -1.67104793
0 0 0 0 2 -0.212751403 4.75296164
84 90 51 66 1 -0.000933182891 -2.11200285
0 0 0 0 2 -0.00946250279 3.94437814
60 62 69 77 3 -0.128564313 -2.52588367
113 117 96 102 2 -0.000240557187 -2.85998964
64 67 86 121 0 -0.00174633844 -2.88785267
64 67 83 118 2 -0.0501254983 -1.66585398
103 104 120 122 2 -0.352958113 -1.07806015
105 109 88 93 2 -0.000296681683 -3.46199083
125 125 143 152 3 -0.000386558124 -1.72025275
185 185 48 83 3 -0.0017084179 -2.73256707
74 79 50 52 3 -0.0193293151 -1.53822494
128 135 58 93 2 -0.00276043569 -4.43755388
138 138 168 203 3 -0.017253451 -3.63087702
105 106 120 126 3 -0.0018691835 -3.71949077
0 0 0 0 2 -0.04152558 3.43963265
41 44 56 91 2 -0.116045676 -4.10036039
37 41 45 51 3 -0.153289139 -0.806594968
60 64 28 39 2 -0.00111555296 -2.05238628
47 54 68 70 2 -0.0096570272 -0.920690358
72 76 94 99 1 -0.00812246185 -2.73009086
115 117 65 100 4 -0.00606709579 -2.93412066
0 0 0 0 2 -0.0518055633 4.84985304
63 67 80 87 4 -0.0167520382 -1.73067451
114 114 68 103 2 -0.870221436 -2.72903299
85 85 65 70 3 -0.00927221682 -0.701309919
12 20 64 56 0 -0.273389041 -1.31643152
45 53 58 64 1 -0.103964888 -2.36256599
49 52 71 75 2 -0.00227256096 -3.78392935
35 37 54 85 1 -0.00111900328 -1.97319388
137 143 96 119 0 -0.00628043944 1.06858683
0 0 0 0 0 -0.124267101 7.5209837
24 30 59 67 0 -0.00439068349 -2.47599602
108 113 56 91 1 -0.187290728 -0.237754121
114 118 132 138 3 -0.00111486856 -1.79477143
52 53 132 135 3 -0.00238889037 -4.95469761
51 55 61 96 4 -0.0125750853 -1.42654371
120 124 70 105 1 -0.00368491001 -4.42143488
46 47 99 134 3 -0.000494441192 -4.97142839
113 116 130 138 1 -0.00278766127 -3.01730442
46 46 56 62 3 -0.000470583094 -3.04172277
0 0 0 0 1 -0.00335559319 3.83688712
96 103 66 81 0 -0.0065459311 -3.09293175
90 94 117 124 2 -0.000453068002 -5.73207712
85 86 103 111 1 -0.0426934659 0.148166478
57 59 89 104 3 -0.00201419136 -2.69893575
56 57 71 76 4 -0.00791634526 -1.06528878
124 125 169 204 2 -0.889675438 -5.10266542
45 46 109 115 3 -0.014199934 -1.94193792
0 0 0 0 1 -0.0190528426 5.37109852
162 162 69 92 2 -0.0022447682 -0.150522798
46 50 79 102 0 -0.00712785684 -2.46618128
143 144 96 0 3 -1.19103372 -0.200912938
165 167 145 152 2 -0.0699492693 -2.57602811
48 53 62 65 0 -0.00452619838 -2.12751889
0 0 0 0 2 -0.0986418501 7.02053833
126 126 63 109 2 -0.012854238 1.8172164
105 111 67 72 1 -0.0486742407 -1.05119944
0 0 0 0 3 -0.0204094984 4.06263733
48 51 117 152 4 -0.00524520688 -3.10732079
30 38 51 54 0 -0.00409588218 -3.34878826
0 0 0 0 3 -0.045661971 6.15298557
0 41 54 0 2 -2.12386417 -0.465073496
120 125 147 158 1 -0.0979028791 -1.68003511
34 34 42 65 3 -0.0188938249 -2.69907665
38 38 52 60 3 -0.0020133194 -2.5807569
0 0 0 0 4 -0.746610522 7.14990807
127 133 74 109 0 -0.0156346243 -4.28969908
0 0 0 0 2 -0.105708115 5.05588102
0 0 0 0 3 -0.988940179 7.63338232
36 42 67 76 1 -0.00123350392 -2.70024824
108 114 123 154 2 -0.014810361 -3.42382431
55 59 130 134 4 -0.00138326245 -2.33462477
46 52 111 120 4 -0.0167882964 -1.58084416
102 108 88 96 2 -0.000786411285 -3.87220097
61 64 73 78 3 -0.000802481896 -3.64496636
31 38 130 141 1 -0.000294658297 -4.66589165
0 0 0 0 1 -0.670098126 7.68019247
107 114 23 58 1 -0.00553680072 -0.22423017
0 0 0 0 1 -0.0152486637 4.324687
69 74 164 199 2 -0.00176226161 -3.47675967
34 34 48 50 2 -0.00378861954 -1.4537406
87 94 62 70 2 -0.00131529151 -2.52983785
127 128 136 143 2 -0.00296450267 -3.5660975
98 99 123 130 2 -1.30755806 -0.716066241
83 88 94 100 3 -0.373106629 -1.25312889
77 83 62 64 1 -0.000238764667 -3.1165235
82 85 112 113 0 -0.0448793508 0.0942732096
42 48 121 132 0 -0.00497039966 -2.3646276
96 100 72 79 3 -0.00643690163 -5.31112719
88 94 121 156 2 -0.00056262 -3.2638154
80 87 150 155 2 -0.011080347 -1.55982661
0 0 0 0 0 -0.0767508298 2.63405466
121 127 144 152 2 -0.0344312415 -4.36958361
0 0 0 0 3 -0.497349024 2.02545023
54 59 21 44 0 -0.0188262556 -4.32534122
131 131 56 59 3 -0.0044067651 -2.78638434
102 103 151 186 2 -0.0077091502 -0.320608288
113 117 62 71 3 -0.0519363135 -5.33910608
79 81 20 27 2 -0.00170757854 -2.99967265
0 0 0 0 2 -0.205149844 3.62209439
115 115 86 101 3 -0.0137959598 -3.38253665
97 101 85 91 4 -0.000337093777 -1.60017133
153 156 67 75 2 -0.0323307589 -1.70754623
0 0 0 0 3 -0.20362924 6.56711245
60 62 73 108 2 -0.00315943244 -2.6264782
63 65 40 45 2 -0.00061994663 -3.96625328
54 60 100 106 2 -0.0589886904 -0.333933175
49 49 69 104 3 -0.0140988072 -1.31245828
0 0 0 0 2 -0.0392180942 6.77045012
0 0 0 0 4 -1.00400746 7.26347876
55 59 139 174 1 -0.499262869 -0.954399049
121 121 34 69 3 -0.0023460146 -1.62963295
58 65 101 108 2 -0.150133759 -2.65941644
76 78 115 150 2 -0.00318127451 -3.59045577
208 211 174 189 2 -0.391090274 0.885927856
0 0 0 0 2 -0.422364563 5.47002792
0 0 0 0 2 -0.166268483 4.695014
117 121 134 139 3 -0.0168657694 -1.69080281
189 197 119 121 0 -0.782795727 -2.73694944
52 56 74 79 4 -0.0305295847 -1.30185258
17 29 33 41 0 -0.241278872 -1.19698822
53 59 70 77 3 -0.00285716658 -2.69472861
22 29 37 42 1 -0.00548453908 -2.07403088
59 62 154 162 4 -0.0620738566 -2.09830356
105 0 0 0 1 -0.778194666 2.45581508
113 115 95 106 2 -0.807926059 -2.86666131
72 73 88 123 2 -0.00116897107 -3.49227262
0 0 0 0 2 -0.111221902 4.41053295
0 0 0 0 2 -0.203202188 4.15532303
0 0 0 0 3 -0.0747515336 5.45909309
68 72 51 53 4 -0.00188656151 -3.34652829
0 0 0 0 1 -0.254809976 4.21139383
168 171 146 150 3 -0.00203634403 -2.13399458
41 45 48 116 3 -0.331647575 -1.45152211
103 105 41 48 2 -0.0285092723 -1.58407474
80 82 108 115 2 -0.000209077887 -3.78092837
80 80 91 98 3 -0.00677809911 -5.48100138
151 155 56 91 0 -0.000963703031 -3.5137074
0 0 0 0 4 -0.0031281549 6.27906322
0 0 0 0 3 -0.0091631161 4.22954082
47 53 66 74 0 -0.0360282622 -1.02372932
0 0 0 0 2 -0.00299751433 5.39972973
0 0 0 0 2 -0.250176966 5.967731
61 69 88 93 0 -0.00021265728 -4.25025129
84 86 33 37 2 -0.00105962111 -0.486009508
146 152 167 176 3 -0.00303690764 -4.53105688
0 0 0 0 2 -0.649561524 4.66827297
0 0 0 0 0 -0.00244711316 4.49952269
0 0 0 0 2 -0.0107414117 4.41839695
118 120 135 139 2 -0.0331530571 0.431954682
26 30 36 47 2 -0.853096008 -0.668070674
0 0 0 0 2 -0.0712948963 6.4981842
136 140 43 74 2 -0.0134847183 -1.53761625
27 28 38 40 2 -0.393743426 -3.10841846
0 0 0 0 2 -0.0663575158 6.47062063
73 73 152 187 3 -0.0197639372 -1.62044406
117 118 24 59 2 -0.00762049481 -4.24877024
84 87 95 118 2 -0.0533439927 -0.319608212
0 0 0 0 2 -0.240012363 4.83504343
122 127 79 86 1 -0.00199571205 -5.36813974
0 0 0 0 3 -0.00269764522 6.39945793
171 171 212 219 2 -0.184554219 -2.39975548
66 70 80 87 3 -0.000144121295 -4.73859644
37 41 162 169 2 -0.0012178045 -2.60792255
114 120 131 166 3 -0.00030014955 -2.39131975
103 103 110 114 3 -0.000426498911 -2.93012714
127 133 54 57 2 -0.00206177728 -3.38030815
89 89 70 77 3 -0.10110113 -0.82013607
79 81 97 104 2 -0.298091054 -0.124803066
82 82 88 123 3 -0.00899774767 -3.25903797
71 79 46 50 1 -0.00763906306 -1.66915321
0 0 0 0 3 -0.201198354 2.18509412
78 83 57 64 1 -0.0155512383 0.866290867
90 93 106 117 2 -0.00186111953 -1.649858
151 151 115 122 2 -9.7152355e-05 -4.51875114
103 103 137 140 2 -0.0112413634 -4.55681419
119 121 67 73 2 -0.0014338895 -4.33740187
31 35 50 85 1 -0.131269559 -3.93959355
0 0 0 0 3 -0.162391633 1.2333343
90 93 109 120 4 -0.00169609068 -2.36862898
157 160 0 100 1 -0.970804691 2.40636659
113 121 58 65 2 -0.0882121176 -2.11611462
0 0 0 0 0 -0.00389206782 6.17382669
61 64 40 49 2 -0.000202410549 -4.223104
64 71 126 135 2 -0.0155791063 -2.14840198
117 121 95 110 2 -0.00111417309 -3.97705555
13 16 20 24 2 -0.637099564 1.57416773
0 0 0 0 3 -0.377096832 6.88143301
62 62 150 185 3 -0.0469955131 -4.67791414
118 122 137 152 0 -0.000973293209 -2.67046595
62 68 35 50 2 -0.0186036471 -3.88262391
106 110 191 206 3 -0.0110532204 -2.82406044
0 0 0 0 2 -0.872548997 7.38939238
71 77 155 164 3 -0.000953354873 -3.76160789
146 150 182 191 1 -0.00757996272 -2.13199735
0 0 0 0 2 -0.0141593544 4.49773932
24 25 51 86 2 -0.019239068 -2.85837579
135 140 88 111 1 -0.0792225674 -3.11585712
148 154 70 76 0 -0.0238927286 -1.92426109
50 50 111 146 4 -0.00624359492 -4.95622206
22 28 35 70 0 -0.0932856426 -5.00690937
110 112 50 73 2 -0.208127558 -4.06813145
0 0 0 0 0 -0.117441595 6.06657457
48 51 128 143 2 -0.000622732565 -4.03855228
62 69 142 0 2 -0.0797348022 -2.7145226
0 0 0 0 4 -0.977117002 7.67320204
200 200 223 226 3 -0.113974109 -3.85580683
61 65 107 142 3 -5.91272219e-05 -5.96817541
83 88 34 73 3 -0.0668141991 -0.821600318
0 0 0 0 2 -0.531983376 5.76636124
0 0 0 0 3 -0.00269597326 5.43063736
105 111 131 166 0 -0.00298702111 -4.18671703
171 173 112 147 2 -0.668734252 -0.967476308
103 103 112 135 2 -0.808414757 -0.82137835
0 0 0 0 3 -0.297010452 5.05543375
83 88 97 132 2 -0.00158928579 -3.42075706
0 0 0 0 2 -0.397470772 2.81051731
100 104 114 117 1 -0.00228735385 -0.937340975
40 45 54 89 2 -0.0322700664 -4.44113111
53 54 69 70 3 -0.0179900117 -2.95293856
116 120 80 91 3 -0.0002764292 -5.44083214
0 0 0 0 2 -0.137270823 5.41066933
131 134 103 107 1 -0.0108204978 0.235534668
77 77 88 95 3 -0.00526069477 -1.58327937
65 68 87 91 0 -0.00363671384 -0.692594171
0 0 0 0 1 -0.136497036 2.66913891
38 43 47 50 2 -0.114644065 0.652092636
88 92 125 133 1 -0.0177014843 -2.93419528
107 111 60 95 3 -0.0343447402 -2.42597747
0 0 0 0 2 -0.0115620224 4.98580503
56 60 73 108 3 -0.0175647382 -4.92324781
0 0 0 0 1 -0.00392633677 4.95442009
165 168 58 61 2 -0.0262241047 -2.04993844
75 83 96 111 1 -0.00229126075 -2.17070127
58 61 80 115 2 -0.0230710506 -2.09023976
47 49 117 152 2 -0.0123929288 -0.152306437
144 150 94 129 1 -0.00147932034 -4.91311455
50 50 55 59 4 -0.139179558 -2.90845895
0 0 0 0 0 -0.506902099 5.77678537
81 84 59 64 1 -0.000454977679 -4.14502573
53 56 167 202 2 -0.0336799771 -3.4546771
79 81 30 65 2 -0.0065365741 -1.38942504
114 118 130 135 1 -0.00446722656 -2.31313276
57 62 79 81 1 -0.00289020059 -2.56906843
0 0 0 0 1 -0.115970716 6.91635799
148 148 130 135 3 -0.00211369386 -1.67102361
124 127 60 65 0 -0.518286169 -2.48452592
65 68 20 55 4 -0.00471611647 -2.02872062
0 0 0 0 1 -0.83479023 7.27485991
81 82 34 69 2 -0.00200920994 -2.80656075
118 120 103 107 2 -0.00454637874 -1.0405333
63 68 148 151 2 -0.419387937 0.922939122
35 39 129 136 1 -0.000537683605 -4.48136473
0 0 0 0 3 -0.604723096 6.6189394
136 143 96 104 0 -0.000806524884 -5.03807783
137 137 51 58 2 -0.00158234406 -3.137954
98 101 111 113 3 -0.00636607502 -1.21361136
58 58 91 96 2 -0.191916838 -2.48972559
199 203 33 68 3 -0.00623745425 -1.31200504
76 81 58 60 0 -0.000807884673 -4.38297081
71 73 107 111 2 -0.000890262309 -2.19314003
69 73 87 118 3 -0.0585428476 -1.15768433
0 0 0 0 4 -0.224126622 7.34046173
80 84 94 129 4 -0.0123006962 -3.9353621
167 170 153 156 0 -0.837750316 0.88760215
0 0 0 0 2 -0.00722636748 3.58278441
132 136 0 118 3 -0.800319552 -1.73480916
56 62 129 131 0 -0.0174339414 -2.85789299
140 140 71 76 3 -0.565863848 0.937205732
178 178 101 116 2 -0.0787577182 -3.41831732
92 92 124 159 2 -0.00553917885 -0.45181039
55 58 121 136 2 -0.000455673027 -4.16000175
43 45 55 90 4 -0.0208792165 -1.55776644
41 43 58 65 2 -0.0401098654 -2.79260087
146 152 91 99 2 -0.198092014 -0.631841063
41 45 58 60 2 -0.0347597934 -1.94675517
0 0 0 0 2 -0.110293508 2.21311879
91 95 28 63 3 -0.026307825 -0.944940031
109 116 135 141 1 -0.186528638 0.469418406
98 100 108 139 2 -0.00149268878 -1.30055523
87 89 76 78 2 -0.000639335369 -4.56135368
0 0 0 0 2 -0.166840225 5.76791191
75 75 183 185 4 -0.000868481409 -4.09989214
128 128 101 103 3 -0.0107917199 -2.29214549
0 0 0 0 2 -0.109235004 4.91422462
0 0 0 0 0 -0.506779075 7.19162321
0 0 0 0 2 -0.043086648 6.4720645
0 0 0 0 3 -0.111654758 2.81150341
113 113 126 149 3 -0.306894869 -3.53836775
0 0 0 0 0 -0.853907168 6.13073874
0 0 0 0 1 -0.023446463 3.40545821
0 0 0 0 2 -0.269240826 2.06456375
109 109 31 66 4 -0.0145976217 -2.67760968
57 59 135 143 2 -0.00101463741 -4.03941011
16 19 28 63 4 -1.46981156 -2.83384156
89 93 152 158 3 -0.218285993 -3.48273778
145 148 48 55 3 -0.0282580908 -4.18718147
61 63 48 51 2 -0.00194928958 -3.73151469
126 129 56 62 3 -0.323354185 -0.0101857483
0 0 0 0 3 -0.00584206218 4.54114294
35 41 60 95 0 -0.00293454458 -1.2475543
30 31 48 53 2 -0.136371464 -4.37561226
96 102 33 68 2 -0.00116119953 -3.50443363
0 0 0 0 1 -0.00550661935 4.43136978
53 55 114 118 2 -0.00201296341 -3.86204982
0 0 0 0 3 -0.0189081896 7.57597303
132 133 45 68 1 -0.0229879338 1.50962758
156 161 61 84 0 -0.000891191186 -2.00353694
168 170 28 63 2 -0.246142417 2.79813004
85 89 101 104 3 -0.000945955515 -3.58168912
119 123 58 61 3 -0.0788508207 -2.94750357
197 202 48 83 4 -0.01895524 0.587470233
108 110 19 54 1 -0.00080704299 -3.67960167
109 112 126 128 3 -0.00273914798 -0.952073395
54 56 115 126 3 -0.0245193001 -3.32024717
114 118 129 140 2 -0.000632668787 -2.94826365
80 81 88 99 3 -0.00472046761 -1.96653295
42 44 63 71 1 -0.000233163621 -2.33193493
0 0 0 0 3 -0.0189969148 3.63522172
144 144 167 170 3 -0.0012501051 -3.76371837
112 113 94 98 3 -0.00052042579 -2.8641839
0 76 0 0 3 -1.62090576 1.36821389
142 146 41 64 2 -0.0229220763 -4.83573866
52 58 117 124 2 -0.000257590378 -4.41625595
41 45 81 87 1 -0.0346518941 -3.94813061
0 0 0 0 3 -0.351367027 6.72350883
136 136 65 100 3 -0.00194957701 -3.90517688
0 0 0 0 4 -0.0785704777 2.01875877
84 87 105 136 3 -0.0236117449 -1.03383422
99 100 111 122 3 -0.00650415383 -3.85597968
139 145 99 122 1 -0.246971235 -0.803172112
54 60 154 189 2 -0.00638846261 -1.33072031
71 73 49 54 2 -0.00381873222 -3.63479233
141 145 44 55 3 -0.00583967241 -2.33271098
39 42 82 117 3 -0.00137023325 -4.64724493
108 112 59 74 1 -0.00993011612 -1.13941193
61 65 83 118 1 -0.00149383629 -3.63347006
62 66 34 41 2 -0.0036533745 -5.44647121
126 126 177 212 3 -0.869942844 -3.80479431
77 82 98 106 0 -0.000516128086 -3.66245413
111 111 126 128 3 -0.000301586872 -3.58263612
113 114 123 130 4 -0.0923772901 -0.472642869
91 94 63 69 2 -0.00442795688 -5.50929451
108 108 122 145 3 -0.000950918358 -3.29978347
112 115 132 133 2 -0.00226120558 -2.23883915
0 0 0 0 2 -0.00740647549 5.34414721
151 151 96 131 3 -0.146580935 -0.968222082
91 91 33 68 3 -0.00120497786 -4.77662563
108 112 138 173 2 -0.0104171466 -1.32157755
158 162 68 107 1 -0.465966284 -0.356914818
70 76 106 141 1 -0.00150330679 -3.73194051
144 147 8 43 0 -0.0601870306 -2.42624974
191 170 75 110 2 -0.628435612 0.693460166
0 0 0 0 2 -0.487928867 2.98146343
107 112 63 98 3 -0.00840465445 -1.65116143
132 0 87 122 3 -1.68488443 1.44084382
86 88 48 71 1 -0.00283180783 -3.29134631
79 79 89 112 3 -0.0774045214 -2.90928102
51 53 70 93 2 -0.00103648705 -1.84900665
0 0 0 0 2 -0.00649421103 7.04628944
123 123 78 85 3 -0.0170415025 -3.48223519
81 87 67 71 1 -0.0249636788 -3.12207127
0 0 46 51 3 -0.0769445449 0.73455292
66 72 88 111 1 -6.21074287e-05 -4.10091877
0 0 0 0 3 -0.00937374961 4.80470419
19 25 29 64 2 -0.153080299 -1.86580634
99 102 114 137 3 -0.00413040491 -2.21689582
55 55 90 125 2 -0.000363448169 -1.75630021
154 154 173 175 3 -0.230897129 -3.3072288
53 57 89 0 1 -1.34318209 1.43407631
133 142 84 92 0 -0.00434651598 -5.32528448
99 105 53 56 0 -0.00362522528 -1.62383938
66 69 43 49 0 -0.0311802663 -3.89513612
80 80 34 69 2 -0.00216027675 -5.01161194
17 17 38 45 3 -0.326043963 -1.53052568
142 146 92 127 3 -0.169846565 -1.26336551
98 100 112 116 2 -0.00227895565 -4.01206493
44 49 65 67 1 -0.115858659 -2.66249943
92 93 49 56 1 -0.000637434248 -4.29292393
46 49 108 143 0 -0.000420889643 -2.44156957
0 0 0 0 2 -0.996932447 1.07518244
50 50 114 118 3 -0.622286081 1.39762807
57 62 71 76 1 -0.00865548011 -2.63237214
87 93 28 63 1 -0.0682502091 -6.5753088
164 171 39 70 2 -0.00441911165 -2.32018018
67 71 82 89 1 -0.00768034952 -4.29882574
51 52 109 112 2 -0.00165351771 -4.12966776
114 116 202 207 1 -0.238983288 -0.155369103
135 139 115 120 2 -0.00280207628 -2.88542724
12 12 17 20 4 -0.1674449 0.491109848
12 15 19 30 0 -0.0472324677 -1.95569944
70 75 42 53 4 -0.00415085303 -4.495152
57 61 39 45 3 -0.000320283667 -2.50072837
62 62 75 110 3 -0.000382279279 -5.34729052
110 110 62 77 4 -3.79082776e-05 -4.13967323
94 95 82 89 2 -0.0535711423 -1.54511642
44 47 69 84 4 -0.00079251756 -1.7971108
61 62 85 88 3 -0.0116216596 -4.2460103
71 71 83 88 2 -0.000131009263 -3.36484623
53 57 151 166 2 -0.00043470625 -3.27332878
83 91 65 69 1 -0.0710441619 0.608125031
100 101 119 127 4 -0.0143161844 -2.81430221
50 54 74 97 3 -0.000928912079 -4.1330514
54 59 69 100 3 -0.0257278029 -0.695270181
43 43 52 56 2 -0.000956138945 -3.82813358
43 47 51 62 1 -0.0353727899 -1.09065056
86 89 45 47 1 -0.0443033986 -3.07835412
38 38 42 47 2 -0.0291835573 0.985417902
47 47 71 106 2 -0.00114626403 -3.5256083
106 114 59 94 0 -0.00329091749 -4.650877
102 106 114 118 2 -0.000519471476 -3.00064874
72 76 84 119 3 -0.0167109706 -4.72734785
103 107 89 92 0 -0.00141267339 -3.06001401
104 105 64 67 3 -0.00347175915 -2.62822366
36 36 54 57 3 -0.00148169312 -3.78248477
64 64 81 116 3 -0.0172905363 -4.78896141
47 51 63 67 2 -0.0275836885 -1.58605218
106 107 120 155 2 -0.00175047538 -3.16538715
52 56 87 102 2 -0.000137922936 -4.09527111
34 35 87 122 3 -0.00245799008 -4.66616249
115 121 70 76 0 -0.0220824555 -4.48746872
49 49 94 101 3 -0.00124885293 -2.5205338
63 64 45 48 3 -0.0074236677 -5.13769484
111 112 147 170 3 -0.00438371301 -3.44759703
37 38 63 78 3 -0.00261007529 -2.58644676
4 5 8 43 3 -1.1645751 0.728303492
87 87 48 59 3 -0.000217547786 -5.23858309
134 134 49 55 2 -0.00121602381 -3.48080945
60 61 48 55 3 -0.0037452525 -2.8051877
25 25 29 36 2 -0.348214686 1.14351988
47 47 102 117 3 -0.00305464957 -4.45085478
51 53 117 124 2 -0.000153535206 -4.86589146
91 94 41 43 2 -0.00197476451 -2.06254888
35 36 84 119 2 -0.00133177731 -3.94377708
88 88 45 68 2 -0.000228159377 -2.45566726
41 43 51 58 2 -0.000485587196 -4.29978037
88 92 127 162 1 -0.000137922179 -3.82481742
54 54 74 109 3 -0.0375935808 -5.82359743
198 199 115 150 3 -0.0836318433 -2.38299513
124 126 75 106 1 -0.000305397291 -2.9394486
123 123 174 177 2 -0.00073739537 -3.7933538
99 100 115 150 3 -0.00385347428 -3.58584905
57 58 128 139 3 -0.000802656286 -2.94739628
61 67 76 99 1 -0.00181463221 -2.63181353
87 89 45 80 2 -0.0345124081 -5.14185286
89 91 44 67 2 -0.00487276586 -2.2628386
17 18 39 44 2 -0.0472163931 -3.80814815
15 20 68 83 1 -0.00886359438 -2.21667576
25 28 55 61 2 -0.00290181488 -4.84789896
116 117 43 48 2 -0.00400343584 -1.91624093
51 52 63 86 2 -0.00223369105 -3.40983081
0 0 0 0 3 -0.00208962616 4.12151623
0 0 0 0 3 -0.0068637277 5.12794971
0 0 53 55 3 -1.18031025 1.32822895
0 0 0 0 3 -0.00134636462 5.04608059
0 0 0 0 0 -0.606176138 5.91235971
0 0 0 0 3 -0.00154212746 3.22245264
0 0 0 0 2 -0.0142519716 5.974648
0 0 0 0 4 -0.693762839 7.04622459
0 0 0 0 3 -0.123444885 3.45493102
0 0 0 0 1 -0.06789352 5.91601753
0 0 0 0 1 -0.00887592323 4.61580849
0 0 0 0 1 -0.344430149 3.57782102
0 0 0 0 2 -0.282913804 5.30305815
0 0 0 0 0 -0.880696476 7.48580837
0 0 0 0 3 -0.168637499 5.75932837
0 0 0 0 3 -0.0153119247 4.75901604
0 0 0 0 2 -0.0209563281 6.15207577
0 0 0 0 2 -0.331648052 2.44989681
0 0 0 0 2 -0.45372951 5.74083424
62 67 144 147 1 -0.000591322139 -2.63159776
87 96 68 75 0 -0.0983139873 -1.87712574
20 20 24 59 2 -0.487187713 -1.73405576
50 55 100 135 1 -0.0507881902 -3.56301808
46 51 71 106 3 -0.000700956502 -3.88527203
50 57 65 71 1 -0.00193492451 -1.88260984
99 105 121 156 1 -0.00044162682 -3.64237452
119 120 102 109 2 -0.184250832 -2.76913667
71 71 157 165 3 -0.00921331998 -0.901141405
115 121 132 133 0 -0.0162267145 -2.71537304
0 0 0 0 2 -0.00311056105 3.45002961
61 62 115 150 2 -0.000169270701 -5.25076914
35 40 50 55 0 -0.00131317484 -3.2784245
129 132 144 167 0 -0.000690871209 -4.94947863
50 55 69 76 3 -0.00245389505 -3.9493022
78 78 51 62 3 -0.00530638592 -3.25259542
113 118 29 36 1 -0.00350133795 -4.55666065
121 122 135 146 3 -0.00459078327 -4.61888933
61 67 103 108 0 -0.00915528741 -2.58595753
75 81 113 116 1 -0.000469759834 -3.54032969
145 148 66 73 3 -0.00441410858 -2.343328
0 0 0 0 3 -0.535476506 4.36480761
52 54 76 111 1 -0.00121977529 -3.38792992
50 56 67 102 1 -0.029181296 0.801181495
130 134 53 88 4 -0.00259635644 -3.50536633
80 84 48 55 4 -0.00363057759 -2.23047996
40 40 52 67 4 -0.198506355 -1.36604357
58 62 93 99 4 -0.000139589843 -5.94302177
0 0 0 0 1 -0.158084154 3.93489385
0 121 229 194 1 -1.72412837 3.08836937
71 74 26 61 1 -0.0030760339 -3.11335039
86 89 155 190 0 -0.00138622371 -2.64929461
0 0 0 0 1 -0.898014486 7.32133961
0 0 0 0 3 -0.209995762 7.09254408
85 89 167 174 2 -0.00500895269 -3.62393403
82 84 92 96 1 -0.00398505665 -2.41430092
54 57 115 150 1 -0.00727415737 0.0692726374
57 65 95 97 0 -0.0100836698 -2.5484643
53 61 89 92 0 -0.00628483063 -1.46461439
46 47 51 54 2 -0.193324596 3.4296217
42 42 110 114 2 -0.171013623 0.246291637
201 202 124 132 2 -0.00552933896 -0.573571861
80 88 107 110 0 -0.0337147601 -0.720988214
97 100 30 65 3 -0.000599422609 -4.66675663
0 0 0 0 3 -0.200251848 2.13554788
173 174 152 159 2 -0.00166546123 -3.17853093
68 69 40 47 1 -0.000886441732 -3.63236666
0 0 84 0 1 -0.872218609 2.50510955
10 14 24 29 2 -0.0299782231 -0.170885175
9 9 114 117 2 -0.000316844729 -2.92513537
72 79 47 56 1 -0.00292991777 -0.744867504
116 121 51 58 1 -0.000159850242 -4.22914839
43 45 32 38 2 -0.00463721948 -3.83643389
76 79 53 61 2 -0.0412352346 -1.00465727
0 0 0 0 3 -0.0897435322 2.40173364
116 121 105 109 3 -0.000498248381 -2.61392188
148 151 25 60 3 -0.000481310941 -5.48521566
105 112 63 98 1 -0.01073555 -3.51719928
0 136 0 0 2 -1.47366905 1.91621828
38 42 87 94 2 -0.236125439 -3.56484079
51 55 65 73 0 -0.00176685781 -1.91848993
42 43 56 61 3 -0.00163623353 -3.95551419
81 85 125 160 3 -0.00129071774 -3.07145095
113 117 63 98 3 -0.000412922673 -2.84203839
35 38 46 54 2 -0.000655384676 -4.56223536
124 127 73 108 2 -1.25689805 3.04869294
0 0 0 0 4 -0.099676311 3.70801663
42 45 97 104 3 -0.0194896013 -0.664101005
69 75 48 50 3 -0.0506108887 -1.0433625
84 88 101 112 4 -0.00602933858 -2.88941789
158 161 81 104 1 -0.0223845728 -2.16401172
109 110 125 160 4 -0.0754209086 -4.50805807
0 0 0 0 2 -0.713625729 3.1117022
54 54 86 89 4 -0.0205820743 -0.947315276
43 44 131 134 4 -0.00390458712 -2.58495188
108 111 58 93 3 -0.000949344016 -3.02127242
196 197 173 181 2 -0.0104485974 -3.68426895
28 29 124 132 2 -0.0353115126 -3.94588804
97 97 40 63 3 -0.0297265574 -4.41967297
120 122 163 170 0 -0.346336067 -1.65557814
100 105 137 144 0 -0.0295806807 -1.31104112
79 79 100 103 3 -0.00341269281 -2.64913416
114 118 57 92 3 -6.24649838e-05 -3.6515758
97 102 77 80 1 -0.00206332491 -1.937572
27 30 44 51 1 -0.0112853171 -1.33866167
102 110 79 84 0 -0.0931600928 -6.71547318
111 116 215 220 1 -0.0123914536 -1.16746151
117 120 92 99 2 -0.00167540531 -2.89353442
49 50 97 120 4 -0.82504642 -2.57294393
38 41 48 83 1 -0.00220205518 -3.60964894
0 0 0 0 2 -0.98952353 7.85041857
0 0 0 0 3 -0.825108469 7.04243851
144 150 85 120 2 -0.0137866689 -0.79423213
40 44 78 83 3 -0.000608196307 -3.71199465
94 98 40 47 3 -0.0665785745 -0.85965842
0 0 0 0 2 -0.000642593368 3.05272532
115 125 44 55 0 -0.111142986 -2.25165987
167 175 93 128 3 -0.328403354 -1.03176975
45 49 116 120 4 -0.000912864925 -2.37296367
0 0 0 0 2 -0.0221937895 3.69308209
0 0 0 0 1 -0.134931028 4.26216745
124 126 57 65 2 -0.000655606331 -3.45974565
179 180 196 204 2 -0.0233383793 -2.70657325
66 68 54 60 2 -0.475352824 -0.820815444
136 142 35 70 3 -0.00547610736 -3.53918052
63 63 44 48 3 -0.00150537281 -6.25264359
32 34 50 85 2 -0.522021234 0.294565558
0 0 0 0 3 -0.273056746 4.14850044
37 40 66 73 3 -1.1864332 0.71829766
105 108 56 91 1 -0.0139262993 -0.559854388
116 120 66 70 3 -0.00654346636 -3.55258679
24 27 32 37 4 -0.0920996666 1.53153753
109 112 125 136 3 -0.00417307112 -3.26114511
37 43 115 146 2 -0.00491120014 -4.824121
91 93 108 116 1 -0.0016207149 -5.28986168
0 0 0 0 3 -0.151675433 5.90246534
109 113 122 131 4 -0.000342098763 -2.86650348
110 110 70 105 0 -1.39500988 -2.74666452
130 135 64 99 3 -0.00352963666 -2.07471085
0 0 0 0 0 -0.00763636641 6.60719347
43 45 57 65 2 -0.000503712799 -4.8227067
0 0 0 0 1 -0.0398822948 4.98860598
49 51 93 124 3 -0.00209157891 -3.89251971
30 33 38 48 2 -0.170175642 -4.8149538
218 201 65 100 2 -0.19416672 0.079154253
0 0 0 0 2 -0.240843907 6.58942652
71 75 90 97 3 -0.0180953033 -3.08019209
167 173 27 62 1 -0.463787884 1.18756604
135 140 114 123 1 -0.000825426541 -3.05669332
82 85 100 103 4 -0.00126986695 -1.22886753
59 61 83 118 2 -0.0163036287 -3.4529829
69 76 45 56 2 -0.011430325 -1.54812884
110 111 53 88 2 -0.0190276876 -2.88834476
83 91 64 67 0 -0.114639215 -4.02131653
82 90 97 102 0 -0.0522133596 -0.327866733
98 105 49 84 2 -0.000142447752 -5.06102467
52 59 69 72 2 -0.0221791659 -1.13509989
67 73 87 98 1 -0.0011692188 -1.6568532
147 151 90 125 4 -0.00120089506 -2.41690588
71 74 90 92 1 -0.0911828279 -4.47218752
163 169 62 97 4 -0.00326002506 -2.59778547
83 85 29 37 1 -0.00201826077 -2.88386059
50 50 62 66 2 -3.25438668e-05 -3.48301816
103 103 112 116 4 -0.00241365004 -1.9684124
49 51 127 135 2 -0.0356590599 -0.863609791
115 119 138 141 0 -0.0119438274 -2.15200162
95 97 50 61 2 -0.00291694677 -4.4748373
130 130 111 118 2 -0.00416956143 -3.47455502
81 86 95 130 2 -0.00287281326 -2.2697103
67 70 118 126 3 -0.758527517 -2.38452387
124 126 55 62 2 -0.00840431172 -2.56249666
119 126 70 77 0 -0.00162203319 1.178828
33 23 49 51 4 -1.10968471 -2.20054007
105 112 127 134 2 -0.0189561881 0.203278005
47 51 100 105 2 -0.00159856107 -3.28989363
89 89 45 52 4 -0.0035045424 -0.700844467
0 0 0 0 3 -0.00059704826 5.47012424
107 108 67 72 2 -0.00712074339 -2.7549088
0 0 0 0 2 -0.0390218608 6.08301163
0 0 0 0 2 -0.718687177 4.20517492
0 0 0 0 2 -0.844135165 7.00007153
34 35 46 52 2 -0.00158447993 -2.41787505
43 46 119 154 3 -0.134375215 -2.05034423
187 193 44 48 2 -0.181047261 0.317404807
0 0 0 0 3 -0.878756285 7.42128229
46 54 114 117 0 -0.00794103462 -3.34318018
31 38 66 81 0 -0.218525767 -2.19646239
143 147 160 166 4 -0.00383652141 0.808196843
83 87 106 117 1 -0.0498456843 -0.787084103
43 51 55 58 2 -0.0779998451 -2.70582581
102 110 61 67 0 -0.0425700881 -3.98016214
58 58 207 212 2 -0.0038925726 -2.44482398
190 198 21 56 2 -0.0214950591 -3.20556164
108 112 124 131 2 -0.00684427703 -3.41227579
59 63 83 91 0 -0.0545763709 -3.27689075
45 48 124 133 2 -0.00367570715 -5.91797686
7 9 16 51 4 -0.446553409 -1.33299041
61 61 70 105 3 -0.183447108 -4.21497107
115 119 65 100 2 -0.000304680143 -2.78540874
0 0 0 0 2 -0.0206442084 3.55897307
58 64 192 196 2 -0.00215261499 -2.2434206
103 107 136 142 1 -0.000575248268 -2.60107732
119 119 93 102 3 -0.000662127743 -3.1745851
0 0 0 0 3 -0.0646781623 4.50590658
129 131 47 82 2 -0.0051301471 -3.19507217
165 169 194 196 2 -0.0012075135 -5.4713273
36 38 46 81 2 -0.140723988 -1.10825825
0 0 0 0 2 -0.139491856 4.85197401
113 117 44 51 4 -0.00568888802 -1.81089258
108 112 123 158 2 -0.00282748905 -1.8728292
90 97 114 158 3 -0.00559986103 -0.562902212
0 0 0 0 1 -0.000909667986 5.3721962
79 79 59 66 3 -0.00341520319 -2.68524814
0 0 0 0 2 -0.204599902 3.57948422
68 73 49 53 2 -0.00539372442 -2.31429315
15 20 33 41 3 -0.0172335543 0.268439591
105 111 54 61 3 -0.00186912064 -5.8482585
0 0 89 91 3 -1.17961991 0.937730372
165 166 227 227 2 -0.259251267 -4.1365428
56 57 35 36 3 -0.0593136661 -2.4284296
78 85 51 57 0 -0.00128240138 -4.14759731
0 0 0 0 4 -0.20904839 4.39611912
100 100 124 131 3 -0.210881948 -1.47872615
58 61 78 82 3 -0.0181191564 -1.73850536
143 147 81 96 3 -0.0454348437 -2.61289859
42 45 130 165 1 -0.000920468883 -1.67594099
0 0 0 0 1 -0.00455449056 5.05474663
110 111 127 158 3 -0.0207442753 -0.0649633408
117 122 38 73 0 -0.00286966981 -4.84284544
67 67 50 52 4 -0.00540362718 -2.92496824
123 130 93 96 2 -0.0807548165 -3.13275909
63 65 109 144 1 -0.00384160643 -0.0317759812
103 108 46 50 4 -0.0766052604 -1.59622049
107 111 45 51 4 -0.00154286344 -1.67053509
0 0 0 0 2 -0.00619276101 6.40521383
0 0 0 0 3 -0.00185818598 5.79260492
0 0 0 0 1 -0.829660475 7.24111462
30 35 55 90 1 -0.586066961 -2.74104285
94 95 54 77 2 -0.624124289 -3.29044199
36 36 93 98 2 -0.214792937 -2.57646728
48 51 58 62 2 -0.0211284924 -2.20547509
16 18 34 36 2 -0.0283935554 -1.44308329
116 119 63 98 2 -0.00153505744 -3.14980912
0 0 0 0 1 -0.0516918674 3.35180736
117 120 45 49 1 -0.0164437052 -0.784925699
53 54 148 152 2 -0.0385112353 -3.49573541
81 85 50 57 2 -0.00344817224 -1.72294641
106 106 121 156 3 -0.00068666233 -3.84072137
90 98 105 109 0 -0.00147184555 -1.94862342
100 104 51 60 2 -0.000499676622 -5.14792061
0 0 0 0 3 -1.01633561 7.39054537
95 99 156 165 1 -0.00294608832 -0.814008951
95 95 124 132 4 -0.0891591758 -4.1217947
47 47 127 132 2 -0.00305150985 -3.46586061
47 50 65 68 2 -0.387914747 -0.122758389
0 0 0 0 2 -0.428436995 7.14578438
142 142 94 95 2 -0.0439817831 -4.93767834
140 140 113 116 2 -0.0570641458 -2.26161075
70 70 29 64 2 -0.00132517295 -0.99154979
25 25 98 109 1 -0.00937437452 -2.5902524
0 0 0 0 2 -0.71870482 7.39588308
47 50 56 91 4 -0.006857967 -1.37813056
0 0 0 0 1 -0.496146917 7.22679043
112 112 64 68 2 -0.646023154 -4.27584696
0 0 0 0 0 -0.0439889058 3.79670739
0 0 0 0 2 -0.00411179988 6.33136272
223 229 52 87 1 -0.433902979 -0.00852441788
84 90 107 138 2 -0.000917294878 -2.02009559
55 58 82 91 2 -0.0280123539 -0.80961746
152 157 32 35 2 -0.243740082 3.1616962
84 87 117 124 2 -0.00829979777 -2.71919823
0 0 0 0 2 -1.09012699 6.38487864
75 80 66 70 0 -0.000178212329 -3.18020892
62 0 42 44 4 -0.514319658 0.564948022
98 101 126 149 2 -0.0167168472 -4.66188192
28 30 43 78 2 -0.000148054445 -5.1529355
121 124 156 161 2 -0.0567953363 0.501642346
0 0 0 0 0 -0.0963750333 7.09011602
49 56 85 120 0 -0.000151153989 -2.62216377
106 110 123 129 3 -0.000237572502 -5.25793314
0 0 0 0 3 -0.0381995775 3.97677922
161 164 140 143 2 -0.0387665518 -1.6114409
130 134 57 63 3 -0.00616194354 -1.24422455
34 36 168 172 2 -0.000966923079 -5.11810303
103 105 46 51 1 -0.113331228 -3.09334397
36 40 112 116 3 -0.000955085852 -3.80673623
65 69 53 55 2 -0.0289909001 -1.71303964
51 51 102 109 2 -0.482392788 -0.689660132
25 29 92 100 2 -0.11639832 0.391115069
47 47 84 91 4 -0.000249257457 -1.88688612
142 142 110 113 3 -1.17933488 0.843084514
55 58 85 120 3 -0.188692749 -3.87372708
149 150 91 126 1 -0.273198903 -2.04968929
153 157 48 55 2 -0.0284045991 -3.34581399
0 0 0 0 2 -0.00760303764 4.5857563
120 120 38 73 2 -0.671857715 -5.52656364
34 37 113 120 1 -0.00377585692 -3.30671167
190 193 107 142 4 -0.019058343 -2.32447076
213 216 94 129 2 -0.0244624298 0.213779867
0 0 0 0 3 -0.372844398 6.63489914
43 43 90 98 2 -0.0047697546 -2.1360321
42 42 101 108 3 -0.00251555908 -2.64228725
81 87 106 108 1 -0.00134683854 -1.82247925
46 52 58 66 0 -0.000264754635 -3.49181724
105 105 147 155 2 -0.00257308711 -4.18202972
161 166 52 63 3 -0.661886692 -3.25849342
123 131 140 148 0 -0.0145155918 -2.52505255
0 0 0 0 3 -0.633881271 4.36860228
78 82 90 95 0 -0.00111314398 -0.954014778
63 69 126 128 0 -0.288079411 -4.11135721
0 0 0 0 2 -0.353373379 6.92860031
45 48 92 97 2 -1.31240559 2.26396942
96 96 103 111 3 -0.000489676255 -1.30646038
145 145 159 165 3 -0.00268187397 -1.98865509
45 50 65 70 1 -0.0103459684 -2.37091422
92 92 64 68 3 -0.00650498364 -3.78533125
51 56 75 84 0 -0.00141543627 -3.43766451
0 0 0 0 3 -0.000493570173 6.21242142
0 0 0 0 2 -0.00323092425 6.35139942
0 0 0 0 2 -0.0219296366 5.91961336
129 129 56 91 3 -0.0682679936 -5.50688696
47 54 151 157 1 -0.00497391028 -5.83565807
149 152 63 70 2 -0.00503298454 -3.10920525
126 131 44 52 2 -0.0264735669 -2.0131557
97 99 81 88 2 -0.00831585377 -0.507359564
159 163 77 137 2 -0.517510295 -3.67345405
0 0 0 0 3 -0.174834356 6.19702864
80 84 97 101 0 -0.035292659 -2.69565296
106 112 121 132 0 -0.00497715222 -0.358356357
0 0 0 0 2 -0.000586810289 5.55099392
52 54 63 74 1 -0.368012786 -3.05577111
59 63 43 46 0 -0.00411857618 -2.94546866
92 93 107 109 2 -0.00733158085 -2.83157468
63 63 130 165 2 -0.0760641918 -1.36246717
37 40 56 61 0 -0.000109551467 -5.56239462
154 156 105 140 2 -0.000314694567 -5.61453152
88 89 0 204 3 -1.01941895 0.042607218
56 60 122 157 2 -0.0142103843 0.0081794858
110 110 60 91 3 -0.00137677998 -1.81205249
70 73 117 124 2 -0.336440027 1.35222912
18 18 80 88 3 -0.0252509564 -2.15000939
110 112 91 98 2 -0.00213714689 -2.96063089
128 135 55 90 3 -0.00300935679 -1.49452853
125 129 86 109 3 -0.000242581969 -2.63120127
55 63 118 123 1 -0.00149933493 -2.15243411
120 121 140 175 2 -0.224608228 -3.35359955
137 141 89 124 4 -0.000332813739 -1.93233657
103 108 85 96 2 -0.00847401097 -0.901060939
0 0 0 0 3 -0.00302960328 7.44804144
146 154 94 196 3 -1.62600887 0.459755063
33 39 51 86 1 -0.0227502864 -4.85792637
0 0 0 0 2 -1.46075916 0.637810409
65 69 108 123 3 -0.000411001616 -2.80028915
60 60 96 131 3 -0.887947679 -0.758080184
141 141 68 74 2 -0.000523747178 -3.2166667
70 76 53 60 1 -0.00251968857 -0.844546616
131 134 207 212 2 -0.00491757412 -2.48324704
139 143 38 69 1 -0.423148185 -0.914659739
0 0 0 0 4 -0.649116933 8.01120281
66 73 111 117 0 -0.00077769882 -3.03396893
87 93 110 114 1 -0.0147856781 -0.0890881419
66 70 81 116 3 -0.00439355196 -2.08026314
127 128 145 154 2 -0.0943102241 -2.19365001
66 72 195 230 0 -0.0691085085 -0.730139017
134 137 41 76 2 -0.0125831151 -2.83592844
0 0 0 0 3 -0.127996713 3.01081848
108 108 138 153 3 -0.00887585711 -2.06810308
60 60 89 91 4 -0.0333955102 -5.41823244
53 56 84 91 3 -0.513222754 -3.94086289
0 0 0 0 2 -0.00924171973 5.47635412
0 0 0 0 2 -0.00757263089 2.7663691
95 99 115 150 2 -0.269917786 -0.886488795
161 168 54 85 0 -0.094179906 -0.575787902
100 100 74 77 2 -0.000207774719 -3.7733779
0 0 0 0 2 -0.0166470446 4.0476656
137 141 96 105 3 -0.000121233868 -2.62120128
0 0 42 45 3 -0.325670511 -0.42469883
164 166 135 143 2 -0.0978577733 -5.3181386
121 121 137 149 0 -0.0546599925 -5.77627516
166 156 67 102 3 -0.634191215 -1.20432627
45 48 53 61 4 -0.202104419 -0.0697882175
33 0 44 49 4 -0.592483222 1.3150692
55 0 0 0 1 -1.00834537 3.2477777
0 0 0 0 1 -0.658608675 3.73554111
111 122 32 67 0 -0.000387258187 -5.03423738
59 62 74 77 2 -0.00258246623 -3.28926134
89 93 112 123 2 -0.0437069647 -1.77673936
103 108 81 88 1 -0.00019382764 -5.54375553
107 114 71 75 0 -0.00653356779 -4.74732924
97 105 59 65 0 -0.00097718183 -4.52241278
106 109 48 56 2 -0.578937173 -3.08617091
0 0 0 0 2 -0.00106533733 4.07528782
97 99 51 82 3 -0.802367032 -3.14865851
116 117 93 100 1 -0.135714784 -5.833951
95 101 111 142 2 -0.0227638427 0.0422533154
50 53 72 79 3 -0.00476160925 -1.70308471
144 148 161 168 1 -0.625693798 -0.640680432
23 24 77 112 3 -0.00755907549 -4.28867865
78 79 60 65 2 -0.0165590476 -2.91124344
190 190 34 69 3 -1.76158547 1.97559762
90 94 109 116 4 -0.000280958659 -1.93901777
46 53 66 101 1 -0.0380815342 -2.74182296
0 0 63 70 2 -1.24284446 1.00793052
60 67 85 120 2 -0.00023447373 -3.53715372
100 104 138 144 1 -0.0218830481 -0.962152183
111 117 80 88 1 -0.00991762802 -1.59307337
101 102 80 87 2 -0.00837162882 -1.84106421
116 120 87 94 3 -0.000840032299 -2.39202523
161 165 54 85 2 -0.0184113141 -0.0680728853
99 104 113 116 1 -0.0361477323 0.209762692
40 41 61 96 2 -0.00128560595 -4.54746389
125 125 78 113 3 -0.0649640113 -3.83144236
149 150 80 115 2 -0.00555871148 -3.64193177
223 223 66 101 4 -0.407947212 -0.0784403682
106 106 41 52 3 -0.00153695489 -3.07442689
207 210 108 143 3 -0.0101730265 -1.95924425
0 0 0 0 2 -0.0170329399 3.15311408
83 87 159 167 2 -0.0736133605 -3.74099994
68 75 89 120 2 -0.0116856024 -2.43156195
126 130 47 54 4 -0.0618689507 -1.00432312
22 26 64 99 3 -0.000181431911 -2.81459904
125 134 61 96 0 -0.0188103244 -5.41216946
84 87 39 74 3 -0.0327249654 -6.68260002
115 122 140 175 3 -0.0025294777 -1.61572337
94 96 64 87 2 -0.00182765722 -4.02586174
20 24 29 64 4 -0.252635419 -2.94374061
132 137 67 74 2 -0.00160407333 -0.863851309
165 168 89 124 4 -0.0125380559 -2.54466033
139 139 68 103 3 -0.00105480489 -2.87463236
40 40 50 73 4 -0.0262298435 -3.21749663
0 0 0 0 2 -0.151248455 6.15394831
52 54 70 72 2 -0.000795813045 -4.88689089
85 85 95 101 2 -0.0384548493 0.132745981
144 147 172 179 2 -0.000535802683 -5.36197424
153 157 103 138 2 -0.000173326043 -3.7145412
65 67 19 0 2 -0.954183638 0.850193322
52 62 73 108 1 -0.00497261714 -2.69976354
25 26 98 113 1 -0.0453614481 -1.94256783
62 63 122 129 3 -0.0386832878 -2.05070949
50 54 129 136 0 -0.00157741422 -3.86032319
134 138 67 72 0 -0.0243965723 -3.38944459
78 79 91 93 2 -0.223538861 -2.34774852
59 69 38 46 0 -0.00855903793 -4.81107855
51 52 62 97 3 -0.0793595016 -1.16920781
123 123 57 92 4 -0.000709133747 -5.40124035
61 69 85 100 3 -0.000451046915 -3.17910218
0 0 0 0 4 -0.871866047 1.08644652
119 122 143 148 4 -0.0225005057 -2.77646589
88 88 117 123 3 -0.0479452759 -0.60709095
129 129 61 96 4 -0.00966820214 -3.09421539
64 68 50 54 4 -0.000502426352 -0.832343221
39 45 57 63 1 -0.0110388556 -3.21771598
0 0 0 0 2 -0.0190063119 5.24825764
0 0 0 0 2 -0.339124292 4.99889088
109 113 48 52 2 -0.000592287106 -5.78541422
66 69 79 87 1 -0.0100719854 -5.22416925
61 69 85 93 3 -0.00109196058 -2.99803686
74 74 57 59 2 -0.0312337838 -0.563372612
119 126 68 103 0 -0.00708242785 -3.14518142
95 95 107 135 3 -0.836849809 0.0983515382
0 0 0 0 3 -0.00160313782 6.44829035
0 0 0 0 3 -0.465237796 6.54592705
52 56 103 110 4 -0.00621306151 -2.03881264
0 0 0 0 2 -0.0165782981 5.66823387
20 26 30 37 2 -0.0120641077 -0.907019794
0 0 0 0 2 -0.00680006109 5.62442589
116 116 65 100 3 -0.00264479662 -2.0503757
150 154 58 93 4 -0.00123732619 -3.17611575
60 60 50 53 3 -0.035907764 -0.817453504
73 81 93 128 1 -0.0146249011 -4.10172319
98 99 112 147 3 -0.0153433606 -3.99705076
0 0 0 0 2 -1.20931959 7.12007666
104 107 58 93 3 -6.67562126e-05 -4.357934
140 148 121 129 0 -0.00549214054 -3.42102146
30 33 110 117 2 -0.0137243979 -0.701761842
213 216 80 115 3 -1.69761229 4.98233461
0 0 0 0 3 -0.0201076251 4.54860544
0 0 0 0 2 -0.437061846 3.57646012
39 44 99 114 1 -0.0131903635 -2.24446011
146 147 117 128 2 -0.00165781705 -6.51368332
0 0 0 0 2 -0.010080128 3.11068368
200 204 145 180 4 -0.344091535 -1.29398322
100 101 115 130 1 -0.0114698559 -4.31336594
58 64 38 43 2 -0.000113245456 -4.99667025
105 108 55 90 3 -0.00456634304 -3.68962336
55 59 35 37 0 -0.0445037372 -2.65659857
198 203 84 91 3 -0.0455835015 -4.28106785
85 89 98 105 2 -0.000466550031 -1.42210746
105 109 118 124 3 -0.341048896 -1.46065736
177 180 58 93 4 -0.015190932 -2.95010686
86 87 54 61 3 -0.0236112308 -3.17673278
52 52 103 138 3 -0.0116615277 -2.88219643
107 109 96 101 2 -0.000370229885 -1.39444923
119 126 134 165 0 -0.00326436153 -1.9448297
121 123 100 115 2 -0.000342578627 -4.02820492
159 159 48 55 3 -0.0234348103 -3.15630698
0 0 95 102 1 -1.16809773 2.54284573
40 40 50 85 3 -0.00316560199 -3.66685486
0 0 0 0 2 -0.882855654 7.53659964
66 67 20 51 2 -0.0603225753 -0.747411191
73 76 52 59 1 -0.000234353982 -4.65932178
0 0 0 0 3 -0.283329457 4.05434036
58 63 151 153 1 -0.0829385296 -3.0529294
78 80 44 59 2 -0.0533857271 -3.30338168
89 91 108 119 3 -0.00837099552 -2.80797482
0 0 0 0 1 -0.216449678 2.07309794
121 122 192 201 3 -0.0633995607 -2.84290075
0 0 0 0 1 -0.506056011 7.21000481
106 110 123 158 3 -0.00431528874 -0.953369737
70 72 51 58 2 -0.0119365631 -3.92569757
71 78 35 43 0 -0.20489867 -3.22936559
0 0 0 0 3 -0.0294797905 3.84079242
0 0 0 0 1 -0.0914535299 2.87480783
146 150 79 86 3 -0.181283981 1.68597412
66 69 112 147 3 -0.00663207565 -3.81988144
0 0 0 0 3 -0.440340728 1.7215991
123 126 41 72 2 -0.00091839768 -3.24869466
0 0 0 0 2 -0.865235925 7.76852942
33 38 65 38 1 -0.751551509 -1.57620454
44 47 137 143 2 -0.0025477903 -2.9991889
120 120 149 152 2 -0.017990822 -1.75564432
138 148 34 69 0 -0.333394408 -3.30846906
35 37 72 78 2 -0.134446099 -0.623723924
117 120 182 217 2 -0.000453905464 -2.63706446
29 32 48 79 4 -0.0888389722 -1.61965179
60 66 92 96 0 -0.00229503703 -4.19307184
55 60 73 80 2 -0.0325886086 -1.44553852
38 42 52 87 3 -0.00814734772 -3.04083443
39 40 77 112 3 -0.0618517362 -3.30057597
0 0 0 0 3 -0.646838129 6.39331579
57 59 38 45 2 -0.000767462421 -5.97709703
0 0 0 0 0 -0.0106137693 4.38214159
50 52 95 102 1 -0.0170714185 -0.0373018682
44 46 90 97 2 -0.000667512068 -4.2588644
22 24 31 66 2 -0.623881996 -4.48261642
78 81 89 94 2 -0.000327916205 -4.81590033
0 0 0 0 1 -0.352196902 4.36928701
55 58 73 108 2 -0.0493010469 -3.33115482
206 206 75 110 4 -0.0432182699 2.190763
63 67 39 0 2 -2.05602551 0.788422167
73 75 86 94 2 -0.263887763 -2.59487867
0 0 0 0 3 -0.0114168031 5.69470787
88 88 64 70 3 -3.55239972e-05 -4.45615244
63 67 129 136 3 -0.00140289811 -2.44902205
105 108 144 148 1 -0.000365120097 -3.61508799
38 43 63 70 1 -7.64121069e-05 -3.01545978
82 86 21 29 1 -0.0367814638 -3.95849204
45 49 61 96 3 -0.00657475647 -3.97627521
0 72 0 0 2 -1.51041937 1.47839522
144 148 73 108 3 -0.0107954722 -1.36773825
38 42 47 58 3 -0.250103593 -2.76927662
58 61 72 103 3 -0.000792760286 -3.55142474
74 78 122 126 3 -0.124110587 -3.91957498
0 0 0 0 2 -0.0788220167 2.52029681
79 84 113 148 3 -0.0184111893 -5.19867945
0 0 0 0 2 -0.0321654603 4.92920113
152 156 126 201 3 -0.812602341 -1.28105593
125 128 67 102 3 -0.00152186339 -3.37518406
184 186 80 88 1 -0.229154199 -1.18354177
0 0 0 0 2 -0.506557941 3.92659354
0 0 0 0 2 -0.274942249 5.25171804
125 128 0 0 2 -0.937626779 2.16426659
134 135 95 101 3 -0.0802340955 -0.326071739
71 79 90 95 0 -0.0491353311 -3.00485897
55 58 69 76 2 -0.00112862256 -1.39388871
35 41 45 53 0 -0.0112506766 -3.28219199
97 101 110 115 1 -0.0111518633 -3.26959515
142 144 125 127 1 -0.181932181 -1.47864795
0 0 0 0 3 -0.372868806 4.36103535
41 44 58 73 3 -0.000294193596 -3.33504081
62 68 78 85 1 -0.00262350403 -1.98551416
113 116 51 86 2 -0.326982796 -1.8767004
136 143 67 74 1 -0.010885613 -4.01754045
65 72 50 54 0 -0.023930287 -4.71620512
61 64 77 84 2 -0.000485222932 -3.07181883
0 0 0 0 3 -1.28324234 3.40235901
95 99 48 55 3 -0.000459332368 -4.8657732
54 54 86 93 2 -0.00893035624 -1.42256868
78 82 95 100 3 -0.0315273255 0.633773744
72 74 154 177 2 -0.136955678 -3.87721896
78 83 120 155 1 -0.000526982592 -2.43058085
139 147 106 114 0 -0.159795955 -3.40575171
166 171 192 198 0 -0.0303701349 -4.37975931
51 54 112 127 3 -0.0906133056 -2.04180717
49 52 65 88 3 -0.046243906 -3.1602962
0 0 0 0 1 -0.797768235 7.98711729
40 43 82 88 1 -0.00198647613 -3.07203507
0 0 0 0 2 -1.62216198 3.57256818
95 95 0 0 2 -1.53885639 3.81853747
133 135 111 119 1 -0.000546005787 -2.05657744
0 0 0 0 0 -0.0949271321 1.90336037
126 129 74 236 1 -0.218743086 -0.470587701
0 0 0 0 3 -0.564547002 6.8473959
95 103 47 82 1 -0.0083567081 1.38409472
0 0 0 0 3 -0.648968041 6.30432272
0 0 0 0 2 -0.0314691179 4.40140343
0 88 53 64 2 -1.40506029 -0.280468822
73 79 105 108 1 -0.00196465035 -2.72593284
47 0 61 64 1 -1.94825435 4.14905739
57 63 138 149 1 -0.0305303596 -2.40767574
0 0 0 0 3 -0.01492895 5.13626671
44 49 0 0 0 -1.49117267 1.16423726
0 0 0 0 2 -0.606801212 6.56047726
44 49 64 99 3 -0.000162714758 -7.12331581
124 125 142 177 2 -0.031488575 -2.44640446
41 49 112 116 1 -0.0389178731 -1.25533128
92 97 39 74 2 -0.0452134609 0.712014019
130 133 77 112 4 -0.0893205479 -1.11836815
0 0 0 0 2 -0.0144855566 4.00425196
119 124 152 157 1 -0.0270527843 -5.75078297
173 179 73 76 1 -0.00156929961 -2.39991403
58 62 92 100 1 -0.0769155696 -2.96048188
47 51 20 25 3 -0.00412496179 -2.20603704
17 25 30 32 1 -0.0693205595 1.54211903
0 0 0 0 2 -0.00704358052 7.24060154
59 60 23 111 2 -0.683025718 -5.09869146
47 47 103 112 2 -0.000774770277 -1.59063745
54 57 73 80 2 -0.000228869831 -4.27451134
94 102 113 144 0 -0.0013941275 -3.38509727
50 55 106 113 1 -0.00333092245 -0.613263607
56 64 118 125 2 -0.0695185289 1.00269914
58 58 213 221 2 -0.318122 1.50547051
80 85 96 131 4 -0.122264542 -2.82592964
92 94 111 116 2 -0.00112440996 -3.11397052
137 140 82 117 2 -0.000519181776 -3.16265607
43 49 22 28 1 -0.035672769 1.4049325
19 19 30 32 3 -0.00161117781 -3.20293355
0 0 0 0 1 -0.072545357 5.19386864
141 143 68 103 1 -0.0518555902 -2.62809825
0 0 0 0 2 -0.0166221019 3.20944786
72 80 166 171 3 -0.122636512 -4.27784061
137 142 152 157 0 -0.0532814823 -2.8357079
113 117 135 142 3 -0.00167410634 -5.37945652
69 71 84 90 4 -0.497112781 0.470745623
44 44 57 60 2 -2.87292987e-05 -3.68815422
135 137 51 120 2 -0.607688904 -0.435541809
108 112 55 90 3 -0.00289175869 -3.64377642
0 150 169 176 0 -0.967080355 1.74576235
63 65 132 136 2 -0.00815756433 -2.35726857
24 32 40 75 2 -0.643878758 -1.12132621
93 97 113 114 4 -0.117436066 -1.18696833
105 111 52 87 2 -0.00106701639 -1.37649941
0 0 0 0 2 -0.373411149 5.02277231
0 0 0 0 3 -0.135369509 2.97188759
57 57 73 78 3 -9.97761381e-05 -4.05817652
106 112 33 68 1 -0.0449729823 -2.36125207
115 116 130 153 2 -0.0137127852 -3.50955725
60 63 100 123 4 -0.0929901749 -2.19728637
124 127 68 103 4 -0.000530921388 -2.175493
112 116 138 145 2 -0.000458425871 -3.33540392
0 0 0 0 1 -0.157796562 4.6415658
104 107 42 48 3 -0.00443804078 -1.2608887
0 0 0 0 3 -0.30038628 5.09565687
118 121 68 103 4 -0.00844015274 -1.43385267
0 0 0 0 3 -0.158224776 4.1359148
99 102 55 57 0 -0.00375416153 -3.34862351
34 37 101 108 2 -7.9153484e-05 -4.47591352
72 73 102 110 2 -0.00105488335 -3.2508142
41 47 109 120 1 -0.231907129 -1.53179097
30 36 141 145 1 -0.00285238214 -4.85321045
132 132 97 104 3 -0.00642134715 -2.79089689
187 187 82 117 2 -0.00356365298 -2.83305287
53 57 75 106 2 -0.00177313841 -3.86688805
94 101 113 117 0 -0.0330283567 -3.21366119
0 0 0 0 1 -0.377466142 2.25133586
76 80 126 133 1 -0.0422201306 -2.9436779
0 0 0 0 2 -0.0110549452 3.45048237
50 54 63 67 1 -0.000404658524 -4.05317068
136 137 71 106 3 -0.0196324997 -1.36564672
102 104 115 119 2 -0.000794741674 -1.98533893
0 0 0 0 1 -0.00814586133 4.42597246
44 47 108 143 3 -0.0788661316 0.758648694
52 52 92 99 3 -0.000528772245 -3.22880268
90 94 64 71 3 -0.000301704567 -1.80355263
127 131 94 101 3 -0.00487905834 -2.4236331
0 0 0 0 4 -0.620799184 7.4187007
86 90 100 135 2 -0.0236153714 -2.70825553
36 40 46 81 1 -0.05947382 -2.49416423
94 0 128 163 2 -0.48449108 1.16422915
153 157 48 63 2 -0.00445548538 -2.89700031
0 0 0 0 3 -0.353834122 3.71929145
171 171 219 223 4 -0.0821683928 -1.87729955
46 48 84 95 1 -0.000831906975 -4.22549391
185 186 90 93 2 -0.0126365013 -4.30704069
40 50 54 0 3 -2.54831457 2.47707844
110 113 49 55 2 -0.000614452292 -5.49257994
85 91 102 137 1 -0.000526492018 -1.51372313
104 108 163 170 4 -0.000238517197 -2.20096397
48 52 85 93 2 -0.000624213833 -3.32502484
80 84 135 140 2 -0.00271306722 -2.16499829
21 23 80 86 2 -0.00215440756 -3.43475199
0 0 0 0 0 -0.0797922462 3.63111949
109 111 54 89 1 -0.0284087472 -2.63065147
0 0 0 0 4 -0.169969857 2.61019206
0 0 0 0 2 -0.0109594138 3.0778172
101 105 56 87 2 -0.00692743715 -1.08957481
25 29 143 150 4 -0.166249201 -1.623806
136 144 87 122 0 -0.00487817591 -3.32723022
159 163 75 79 0 -0.00435553491 -5.72550297
166 170 92 99 3 -0.00287843496 -4.39337015
89 94 151 174 0 -0.0209510811 -0.749179602
42 46 55 62 1 -0.00252121035 -1.28215194
128 131 184 190 2 -0.00365176029 -1.04948854
0 0 0 0 1 -0.138046935 3.41869116
0 0 0 0 3 -0.448649406 4.52323675
96 100 51 74 4 -0.000728362356 -3.2456975
60 63 77 83 0 -0.188408703 -3.5427556
0 0 0 0 2 -0.268326432 4.13754177
113 115 131 154 3 -0.0505486913 -4.18750525
107 109 127 162 1 -0.00518518034 -1.88220596
0 0 0 0 3 -0.0379884616 4.27590132
57 59 34 41 3 -0.033594545 -1.75826097
0 148 165 167 1 -1.27317584 1.60537887
104 109 129 134 3 -0.00722140633 -3.63163328
62 67 45 51 3 -0.00300031225 -2.60159349
81 82 97 103 2 -0.00125126308 -4.17684412
59 64 41 48 1 -0.000625418441 -4.98881483
122 126 138 173 3 -0.000169985506 -4.9751935
145 145 94 0 2 -2.34839821 1.93555284
105 109 59 94 2 -0.00923900306 -0.786940277
121 121 46 53 2 -0.000281776593 -6.24795198
82 86 94 97 1 -0.000164624609 -4.10770321
0 0 0 0 2 -0.973025203 7.65988111
0 0 52 87 2 -0.397218198 -1.29608297
55 61 92 94 1 -0.017932402 -2.55923796
46 47 61 66 2 -0.00076309772 -3.17115593
0 0 0 0 2 -0.0394681133 7.20397663
123 127 145 180 2 -0.409651846 -2.60188961
41 45 56 62 2 -0.000714064343 -1.34017384
0 0 0 0 2 -0.000819020264 6.56839848
128 130 33 40 2 -0.0125201084 -5.12307453
103 103 41 76 2 -0.0139001384 -2.67771816
46 49 63 67 2 -0.000695837545 -3.96927595
57 61 74 109 4 -0.00112388993 -4.89728355
45 49 66 81 0 -0.00979726017 -3.37129927
43 45 120 128 2 -0.00177333655 -3.98097014
121 121 86 101 3 -0.00284832832 -4.07472086
119 127 52 59 1 -0.0179397911 -3.39268589
0 0 0 0 3 -0.799913943 6.286201
44 48 86 94 1 -0.00045759388 -1.7154479
43 46 83 88 4 -0.00184133078 -2.69969273
37 37 68 99 2 -0.136450097 0.21302104
0 0 0 0 0 -0.721437752 5.46949387
87 93 54 69 1 -0.0309796371 -4.71579218
0 0 0 0 2 -0.000484794669 5.87185001
50 52 29 35 3 -0.0108915651 -3.03949046
44 47 74 79 2 -0.107460566 -1.68432117
73 76 141 176 0 -0.000565100228 -4.34322166
0 0 0 0 3 -0.46988529 4.11889124
86 101 117 124 2 -1.03910112 -2.19114089
0 0 0 0 2 -0.335139424 4.90790415
135 135 153 161 3 -7.11670291e-05 -2.20074987
188 188 76 111 3 -0.0357954018 -3.27250218
87 91 106 113 3 -0.0225489791 -2.31736135
41 47 106 141 2 -0.00374042382 -5.45092773
133 133 163 198 3 -0.02395452 -2.8592186
147 147 46 53 3 -0.000636742974 -5.69035578
0 0 0 0 3 -0.189652964 3.95816445
102 104 50 85 2 -0.00383471372 -2.27456522
47 52 56 64 3 -0.0714456663 -3.3659265
0 0 0 0 2 -0.0843390599 6.05780935
47 53 67 72 2 -0.276868075 1.02363515
117 123 141 146 1 -0.0130765075 -0.636402011
111 113 61 96 4 -0.00230241683 -3.86645746
0 0 0 0 2 -0.342825949 4.1973052
61 66 47 50 4 -0.00154864532 -1.88113642
64 64 80 115 3 -0.00774503266 -4.25775433
104 107 84 89 3 -0.0127200037 -0.483729362
12 17 22 33 0 -0.246505767 -1.1226778
46 49 54 62 1 -0.666965127 -1.33502114
57 57 124 132 2 -0.00179800356 -2.62332582
36 42 59 74 1 -0.000449029088 -3.25784063
94 98 61 76 0 -0.000654030242 -1.57947111
0 0 0 0 0 -0.0271136891 6.59466696
70 75 87 89 0 -0.0695517808 -3.8137207
88 96 112 147 1 -0.00262879068 -1.88878918
111 115 129 136 3 -0.000237690605 -1.64381027
108 108 123 130 3 -0.00183208263 -3.97132993
92 96 34 69 4 -0.232163921 -0.648753881
104 106 120 155 1 -0.0031104337 -2.75049114
39 40 55 90 3 -0.000598030805 -5.85368252
111 113 127 134 1 -0.00484624458 -3.28803229
54 54 64 68 3 -0.0127039114 -3.1019969
0 0 0 0 1 -0.00577010866 3.53693295
53 56 65 88 0 -0.0888889432 -3.97185755
50 51 74 81 2 -0.000381547434 -4.67649031
76 78 52 56 1 -0.00490558473 -1.19680309
99 99 72 79 3 -0.0157812387 -2.93214202
59 59 73 77 4 -0.0186099745 -0.624173522
0 0 0 0 3 -0.687683702 6.69065285
34 34 109 113 3 -0.0164707042 -1.95044279
0 0 0 0 1 -0.288339198 6.0621767
122 124 143 158 2 -0.0276918709 -0.830178559
128 132 57 72 0 -0.0107208118 -2.99195218
141 141 94 129 3 -0.00913955178 -2.16996551
32 32 46 53 2 -0.0112398341 -3.75804496
47 54 63 69 0 -0.000380006182 -3.13048649
39 41 171 206 2 -0.877514362 2.37306809
152 152 11 0 2 -0.932112575 1.1813097
134 136 67 72 1 -0.0510023087 -1.23275769
0 0 0 0 3 -0.00709280698 4.46226263
154 157 98 133 4 -0.00296820677 -3.25815797
90 97 34 40 0 -0.00134970166 -2.19367123
0 0 41 0 3 -1.43344545 2.22074986
114 114 41 47 3 -0.505105853 -2.52903008
107 141 163 174 1 -0.583376348 -1.80070758
34 34 42 73 3 -0.0547688082 -1.49022126
113 113 102 104 3 -0.00407810137 -1.99444199
0 0 0 0 3 -0.947559416 7.63914347
188 191 114 149 0 -0.175110891 -4.9192996
0 0 0 0 2 -0.173594221 6.12023926
0 0 0 0 2 -0.565671444 7.31058025
71 78 89 97 1 -0.00117087003 -4.54908419
122 126 74 85 2 -0.0468680784 -4.68575478
56 60 89 94 4 -0.00127248443 -2.74944425
56 62 99 111 1 -0.59333396 -1.9045012
115 120 128 136 2 -0.000389785477 -2.62163138
34 38 101 105 3 -0.00300150621 -3.13463354
120 128 41 48 1 -0.00347769004 -1.9393487
0 0 0 0 4 -0.859698772 7.41392088
30 36 74 109 1 -0.113459416 -1.22569251
0 0 0 0 3 -0.133309066 4.30266047
126 133 147 182 2 -0.00114840129 -3.27895665
42 44 58 61 2 -0.00217708596 -1.76755428
89 92 107 115 2 -5.57895328e-05 -3.42688799
84 90 37 48 2 -0.00661924575 -2.69601631
121 123 42 53 2 -0.3215608 -0.368129462
87 92 98 101 3 -0.0859853253 -0.903868198
83 85 41 48 1 -0.000249245815 -3.85467649
86 91 120 126 0 -0.0293337423 -0.128479004
95 103 133 148 0 -0.000641579798 -2.38552642
47 50 113 120 3 -0.0208957717 -4.1756916
90 97 124 159 2 -0.000162352939 -4.37372494
69 75 49 52 2 -0.00448534125 -2.07170987
0 0 0 0 0 -0.202615097 3.18247986
136 142 57 61 2 -0.000307900715 -4.93684435
0 0 63 70 2 -1.34733915 0.909046352
15 20 73 104 0 -0.119731277 -3.99941611
46 46 63 69 3 -0.00617339462 -3.0453589
225 229 47 82 2 -0.986485898 1.96558881
183 187 63 70 3 -0.00326192053 -3.9588511
22 22 34 38 2 -0.0236373153 -3.24188375
0 0 0 0 2 -0.482657373 4.63156652
97 97 60 83 3 -0.000473473512 -3.83261442
41 44 53 61 4 -0.00158527261 -1.31764293
67 74 155 160 2 -0.167883068 -2.79699135
0 0 0 0 3 -0.179316357 6.81170082
57 60 71 106 2 -0.133727416 -3.89100027
143 146 66 73 2 -0.042320013 -2.55581903
57 62 106 113 2 -0.00230323779 -2.95586824
66 66 86 121 3 -0.000138160816 -2.854249
66 71 45 195 2 -1.54916227 3.01488757
0 0 0 0 2 -0.83443141 7.16029119
116 119 198 233 1 -0.146224976 -1.28034604
108 108 58 93 3 -0.174114212 -2.03002501
55 60 96 102 2 -0.0253235046 -3.26011443
83 83 117 152 2 -0.000683105492 -4.06001139
152 154 39 54 2 -0.215785563 -0.782853961
106 106 128 136 4 -0.00604546955 -1.60637879
0 0 0 0 2 -0.393849313 5.07541037
118 122 135 143 3 -0.366047651 -0.204249069
192 197 172 175 0 -0.0787254125 -2.22824836
49 52 70 74 4 -0.00176606793 -2.11471629
17 24 28 30 0 -0.138425291 -0.890460372
86 93 152 159 3 -0.0121066039 -2.23023033
64 70 33 39 1 -0.000354604592 -3.87792921
134 137 218 221 4 -0.122054435 -2.21023774
0 0 0 0 1 -0.14313978 3.23503709
114 116 44 75 2 -0.0069194464 -1.26195598
144 146 99 134 2 -0.000843151123 -2.61563659
0 0 0 0 3 -0.0824903101 3.94360852
0 0 0 0 2 -0.369848639 4.62879133
0 0 0 0 3 -0.376191497 4.66231632
54 58 130 134 4 -0.00831272546 -2.42000532
0 0 0 0 1 -0.11393179 4.49958992
117 121 136 141 3 -0.00204238272 -2.10746145
42 46 49 80 3 -0.245941684 -2.44791818
74 74 45 56 2 -0.00236200867 -1.4830339
107 111 90 95 2 -0.000250444427 -4.30669117
99 99 74 89 3 -0.0226886086 -4.46767807
81 87 101 136 0 -0.000821363763 -3.0639329
0 0 0 0 4 -0.00864635222 4.11693907
0 0 0 0 3 -0.0338820443 5.43750477
0 0 0 0 0 -1.57240129 0.687997878
0 0 0 0 2 -0.0179023594 5.74700737
0 65 0 0 2 -2.06569266 2.25083327
46 53 99 106 0 -0.00202973234 -2.60160685
100 103 80 87 2 -0.0628586188 0.670698106
77 83 160 165 3 -0.18466121 -6.30995083
0 0 0 0 2 -0.356131703 5.61582279
0 0 0 0 0 -0.00346298073 5.30030441
49 53 0 0 3 -0.223421901 -1.47839856
114 115 130 139 2 -0.00325798476 -3.43900943
28 31 37 44 3 -0.638784707 -0.530869603
0 0 0 0 2 -0.088229239 5.9559865
166 168 43 54 2 -0.00300946459 -3.34018612
28 29 39 45 2 -0.172589302 -3.07064915
0 0 0 0 2 -0.227918223 6.78057289
33 33 156 191 3 -0.0280626472 -2.03091359
113 114 53 88 2 -0.00418151636 -4.70596123
90 92 100 131 2 -0.0613021366 0.054359436
0 0 0 0 0 -1.14659488 3.07189894
140 144 61 84 1 -0.0427248441 -4.52746439
0 0 0 0 3 -0.00792974792 6.98712778
223 225 125 148 2 -0.847789764 -0.0281345844
113 117 83 106 3 -0.000333396951 -4.39692068
183 187 37 68 2 -0.0175005663 -0.911217451
45 53 116 151 3 -0.000256997009 -4.08125448
100 101 108 111 3 -0.036702998 -1.0442853
81 89 59 62 2 -0.000960414007 -3.85821819
100 100 113 118 3 -0.0111712841 -3.59235525
113 115 81 104 2 -0.813437939 0.596355975
82 83 89 124 3 -0.0391362906 -2.05184984
43 45 53 58 1 -0.13044107 0.343495488
0 0 0 0 3 -0.0375966169 2.16047192
62 64 41 48 1 -0.01869471 -1.17935634
90 93 106 117 2 -0.150478557 0.122155428
62 63 92 97 2 -0.000977505813 -4.45623732
162 163 73 74 2 -0.0118410829 -4.07193279
64 69 52 58 2 -0.00151614973 -4.28659725
81 82 97 132 2 -0.0288821273 -3.39031887
0 0 0 0 3 -0.0146644954 1.93561125
79 83 99 110 4 -0.00452687126 -2.45101166
140 144 116 131 1 -0.013524157 0.0173948407
78 84 54 69 0 -0.0671900958 -1.67536592
0 0 0 0 0 -0.00859688688 5.89119959
29 30 105 111 2 -0.329269767 -0.234753981
48 50 105 111 2 -0.00829771906 -2.0016911
92 96 0 0 2 -0.430900753 -0.792954206
8 17 21 27 2 -1.22614658 1.33912015
0 0 0 0 2 -0.530919254 6.65252972
53 53 94 129 3 -0.103698604 -4.17156172
111 122 137 144 0 -0.00323608052 -3.92063713
77 83 54 65 2 -0.00103524397 -3.7735827
168 172 188 217 3 -0.639681995 -0.240880594
0 0 0 0 4 -0.860665679 7.31814861
78 86 56 63 3 -0.000165101694 -3.01570821
0 0 124 131 3 -0.159338996 1.97283864
0 0 0 0 2 -0.0357244238 2.81839514
34 35 63 98 2 -0.0016855693 -4.55867195
142 144 35 58 1 -0.0069111879 -3.93993282
194 201 144 153 1 -0.73965466 -3.88062263
101 101 168 203 4 -0.00173528446 -4.29944515
22 27 34 69 0 -0.0181422718 -5.38077497
130 136 47 78 3 -0.011555206 -1.27308464
0 0 0 0 2 -0.481619179 5.88744974
83 89 56 63 2 -0.00133865175 -3.71783471
135 140 78 113 2 -0.0319928415 -4.29827642
0 0 0 0 2 -1.01798654 7.27789354
111 111 68 70 3 -0.491458654 -3.92492533
138 141 55 90 3 -0.00286428956 -5.62995338
0 0 0 0 3 -1.18143129 1.14340806
120 124 55 63 3 -0.00208624289 -3.54449868
0 0 0 0 3 -0.00159857527 5.10743761
39 44 64 99 0 -0.000323039771 -4.53007221
77 78 118 153 2 -0.0167822596 -1.85653496
109 112 121 152 2 -0.28876555 0.167672038
0 0 0 0 3 -0.156065598 4.80615759
84 90 99 134 2 -0.000734137895 -4.93766451
132 135 0 0 2 -1.3606174 1.78220487
108 112 122 129 1 -0.00120969221 0.00740018487
40 46 55 90 2 -0.0392525531 -4.56930923
119 119 54 57 3 -0.00875233766 -3.01578617
33 37 106 121 3 -0.000434372138 -5.57040453
93 94 106 110 2 -0.0106847836 -5.02317142
89 92 206 209 1 -0.187918693 0.404231668
81 82 93 99 3 -0.00251167058 -2.79094481
42 45 112 119 0 -0.278142571 -1.81692481
0 0 0 0 1 -0.356310159 3.03961897
42 48 52 58 2 -0.260722131 0.643366277
80 83 117 119 1 -0.024299074 0.512752831
108 112 61 96 3 -0.000505525211 -3.64693952
0 0 0 0 2 -0.0170002766 5.47822285
81 84 26 61 3 -0.00021027762 -5.50864887
0 0 0 0 1 -0.0232138224 3.10324454
145 150 58 64 2 -0.000553793157 -2.23580337
103 110 69 80 1 -0.0197692774 -2.48835516
158 165 184 219 2 -0.209578738 0.241837084
100 103 43 78 2 -0.00127291423 -2.45013237
81 85 100 135 1 -0.0005998938 -5.29738474
47 42 52 57 4 -0.694468081 -0.568292677
0 0 0 0 1 -0.816645801 3.649297
27 29 61 65 1 -0.000259745517 -2.85851741
125 127 141 176 2 -0.0284124687 -4.5187335
34 40 142 177 2 -0.00574547797 -2.64356065
114 119 131 139 1 -0.0388876796 -2.28782725
131 135 48 56 1 -0.00405554101 -3.07965183
0 0 0 0 1 -0.49256593 6.74794912
47 47 180 182 3 -0.00306979357 -2.56350946
118 122 59 67 0 -0.499142647 -2.63181686
63 66 18 53 4 -0.0168064944 -1.98055744
0 0 0 0 1 -0.487974703 7.40922451
104 106 38 73 2 -0.00104955479 -2.94722867
48 52 85 90 2 -0.0042731897 -3.43550777
42 46 141 0 3 -0.766547382 0.803486764
133 139 101 112 1 -0.000668438908 -5.43829155
130 135 42 77 1 -0.000260334142 -3.71231437
95 101 122 125 0 -0.00193964236 -3.24349046
135 137 49 56 2 -0.00479436247 -3.9948175
88 94 104 106 3 -0.31967023 -3.26469398
108 111 144 151 2 -0.139377624 -1.94330859
27 31 116 151 3 -0.00171193597 -2.22624135
92 99 71 76 0 -0.00032124648 -4.77966785
53 54 128 130 2 -0.00382889668 -1.60059762
70 74 88 103 3 -0.0142177576 -2.56049323
0 0 0 0 4 -0.316126168 7.0222435
50 53 63 98 4 -0.00643069344 -1.85380602
97 100 135 138 0 -0.000968073204 -1.90725708
0 0 0 0 2 -0.00177203817 5.61371946
118 122 133 141 3 -0.00424870569 -1.75550628
70 77 48 55 0 -0.0141727468 -3.01818919
130 130 98 102 3 -0.00133629376 -1.508641
88 92 108 115 2 -0.741995871 -3.36982536
87 88 119 154 2 -0.00519513479 -2.10950422
57 59 122 137 2 -0.00272515882 -3.49046803
67 67 87 122 4 -0.0272470918 -1.82349706
41 44 59 90 2 -0.00273357518 -2.62917542
127 133 41 48 2 -0.00306082889 -2.90850973
141 144 157 164 2 -0.0297694039 -2.30335546
0 0 0 0 2 -0.489151239 2.11792684
75 80 26 61 3 -0.00321972067 -2.2119813
0 94 49 54 1 -0.55155468 1.87193632
112 112 120 135 2 -0.0586346127 -3.02528167
40 43 81 84 2 -0.00275317905 -3.82741475
0 0 0 0 2 -0.00101103284 5.49008512
135 136 193 200 4 -0.0493408293 -4.21235275
48 48 77 80 3 -0.000805161078 -2.93812609
0 0 0 0 2 -0.0283308271 5.53989077
0 0 0 0 0 -0.0261515882 5.64666176
0 0 0 0 2 -0.00691892626 6.05513811
0 0 0 0 3 -0.39802736 2.38909221
26 26 101 132 3 -0.0500864387 -2.63998604
50 51 63 66 3 -0.258016378 0.116423666
0 0 0 0 1 -0.00694341213 3.57084489
0 0 0 0 3 -0.185837418 3.48701715
62 63 75 110 4 -0.00963847246 -3.3303318
129 136 108 114 2 -0.00899444986 -4.07033157
6 19 28 28 4 -1.41457951 -3.53796029
128 132 33 41 3 -0.00497010164 -3.17394018
102 106 77 86 3 -0.000333891338 -3.00829005
110 111 49 56 2 -0.0123743638 -5.11249924
46 50 63 68 3 -0.000596594764 -3.13794947
116 116 73 96 3 -0.00133807666 -0.811554432
132 139 80 115 0 -0.000974089839 -2.34129643
32 33 50 59 2 -0.236990169 -3.42118907
40 46 80 115 2 -0.135892108 -2.83022046
0 0 0 0 1 -0.0129041104 3.81194186
45 46 105 112 2 -0.000628398266 -2.63991523
0 0 0 0 2 -0.563408077 7.44546413
112 115 49 64 1 -0.00640513375 1.88670921
54 61 108 131 0 -0.00302132498 -2.42793202
87 88 33 68 2 -0.0133055011 0.514096558
92 95 74 79 3 -0.00184922118 -2.81396914
91 95 20 27 3 -0.0152142961 -4.35844946
144 148 85 120 4 -0.0300613791 0.548414707
98 0 0 0 1 -1.36410129 0.477537811
107 107 121 127 3 -0.0311983414 0.576914012
88 88 66 77 3 -0.0081161391 -2.12960482
98 101 112 119 2 -0.000664984575 -3.13275099
72 72 79 90 3 -0.00213583908 -4.50819397
58 64 83 91 1 -0.000892614713 0.10604459
134 136 102 108 2 -0.00180151302 -2.58940291
57 57 105 112 3 -0.00433516363 -2.58775473
110 110 43 50 3 -0.00694883196 -2.44800282
0 0 0 0 3 -0.821847558 2.69530082
38 42 135 158 2 -0.000503860239 -4.1646719
44 49 129 160 2 -0.000845060684 -3.94199824
120 123 87 94 1 -0.00446468219 -2.6296773
60 66 43 47 3 -0.00045005948 -4.24590111
74 74 99 134 3 -0.103637695 -4.00635433
126 130 51 55 4 -0.000812088721 -1.25760925
74 79 97 120 3 -0.000479427661 -2.92149234
97 97 108 123 3 -0.0329170749 -2.81814194
85 0 57 68 1 -1.53694117 0.980614722
144 148 166 201 2 -0.00438697636 -1.09758925
72 73 124 127 2 -0.0213581584 -3.77089882
77 81 90 105 3 -0.00221305084 -3.66536427
124 128 82 117 3 -0.000431636028 -2.70690703
103 108 57 72 1 -0.00197617663 -2.31930518
64 71 111 146 1 -0.00213000039 -4.28477955
45 49 108 113 2 -0.00378129119 -3.24808049
75 76 175 210 3 -0.26677534 -4.32003927
0 0 0 0 0 -0.970120192 6.53350353
114 114 129 131 3 -0.00126951735 -3.5802393
114 115 124 133 4 -0.336037755 1.06744838
84 90 113 118 2 -0.000989361084 -5.64275789
107 107 121 152 3 -0.000827979355 -2.8703301
99 103 52 59 2 -0.000912091462 -2.53862095
0 0 0 0 2 -0.00136112492 5.53273392
65 67 160 195 3 -0.0078940317 -4.1894536
30 30 61 96 3 -0.0612122826 -4.89310503
150 154 59 94 2 -0.0132035129 -0.172164798
163 168 47 90 1 -0.872816503 0.948357165
118 124 66 101 2 -0.168878555 -2.86780477
79 85 138 173 0 -0.00404393673 -2.52197719
130 134 72 107 2 -0.533354819 -1.59715343
0 0 0 0 2 -0.0473408774 2.99405718
77 81 33 0 3 -1.47491908 0.039215982
24 27 88 123 3 -0.204977646 -0.0845001638
68 73 87 94 1 -0.223701969 -2.56559134
76 77 87 118 3 -0.315410554 -0.698113441
57 61 78 85 2 -0.00206842949 -4.73273039
0 0 0 0 2 -0.00825933274 8.23871994
144 144 65 88 3 -0.00246861763 -5.06024504
52 57 65 72 1 -0.0388803557 -3.73674607
0 0 63 67 3 -0.180944771 0.686550081
101 105 48 71 1 -0.00403942727 -2.3676722
0 0 0 0 3 -0.0466120094 5.57101011
19 25 29 64 2 -0.110818736 -1.63907218
102 106 118 141 3 -0.0426257104 -2.24754238
59 59 73 108 2 -0.0249027107 -0.231124997
98 98 173 60 3 -0.546295583 -3.48242855
50 53 31 38 1 -0.00291934796 -2.94214606
43 48 98 103 0 -0.00740312831 -5.01655293
138 146 111 119 0 -0.2274331 -1.21860957
113 120 34 39 0 -0.00409649173 -4.63785648
52 56 81 116 2 -0.00091762509 -3.56756616
17 18 39 46 3 -0.864427745 -1.44852567
55 59 69 104 3 -0.0027247211 -3.46068764
59 59 51 54 2 -0.00240124878 -4.31757689
51 53 69 76 1 -0.00271123811 -2.93882155
151 156 122 131 1 -0.000460920826 -3.90003395
42 45 79 114 0 -0.000365558139 -4.72051191
0 0 0 0 2 -0.971705675 1.36936188
50 50 71 76 3 -0.0348863155 0.435642958
74 76 59 64 1 -0.0311119184 -1.0891757
101 104 26 61 1 -0.000255696388 -4.10875654
61 66 84 99 2 -0.00567970518 -5.21536922
85 92 43 51 1 -0.0240243915 -3.93017387
121 123 59 64 2 -0.000882530643 -4.14046574
159 161 220 0 2 -0.802710176 2.9180584
48 50 88 93 2 -0.00354294199 -3.40329623
12 12 17 19 4 -0.190404326 -0.793002605
12 16 53 43 0 -0.38107127 -1.55389166
104 107 116 127 4 -0.000123140489 -4.21597719
48 51 61 69 3 -0.00808223523 -3.231071
54 54 67 102 3 -0.000538623193 -5.01510048
98 98 79 86 4 -0.00307121826 -1.55301142
121 124 37 68 2 -0.00276271114 -2.6113627
39 44 55 86 4 -0.0297665168 0.0758573413
57 58 161 166 3 -0.00412902236 -3.90626717
82 82 45 53 2 -0.000385816616 -3.53552818
147 153 112 123 2 -0.00218824903 -3.09905815
73 79 95 103 1 -0.0120654004 -0.1734173
70 70 42 44 4 -0.000217428227 -2.93351769
44 47 67 90 3 -0.0017493401 -2.63236022
56 59 69 92 3 -0.00191477733 -2.13876581
54 56 65 67 2 -0.781456709 -2.59905338
48 54 58 89 1 -0.378111064 -0.311602831
49 52 107 110 1 -0.336425722 -4.91325569
38 40 44 52 2 -0.0369735435 0.0314872861
38 39 75 110 2 -0.000420782046 -3.59724736
122 133 45 80 0 -0.00228543626 -4.17484665
99 100 37 45 2 -0.000902094762 -3.02065301
62 66 74 109 3 -0.000228516117 -4.75812864
58 62 81 83 0 -0.0667553097 -2.10817933
65 65 79 82 3 -0.00653101923 -1.91838241
37 37 55 62 3 -0.0145316115 -4.15693569
68 68 85 120 3 -0.000842946698 -5.13333845
54 57 69 75 2 -0.00869959872 -2.88447642
142 142 83 118 2 -0.000409212254 -3.57298565
119 127 72 103 2 -0.000884245732 -2.9229033
41 41 57 92 3 -0.00371089624 -4.8814044
78 81 92 97 0 -0.000238398876 -4.33065939
47 48 59 66 3 -0.0370074883 -2.84141135
80 81 63 65 3 -0.0069428971 -5.5395298
127 127 22 53 3 -0.0680855066 -2.30621624
29 29 54 85 3 -0.634366572 -3.27254581
5 6 9 44 3 -0.0324031599 -1.11218059
96 96 124 131 3 -0.00173639122 -2.87201595
114 115 127 132 2 -0.00983244646 -3.53275895
125 125 94 109 3 -0.0038102665 -1.53893614
28 31 35 50 2 -0.262507051 1.77006865
44 44 67 98 3 -0.00110942218 -3.2445085
50 53 65 80 2 -0.0001474577 -4.35052824
114 116 41 47 2 -0.000436257658 -3.31475472
133 137 46 81 2 -0.000517310866 -3.03939104
59 59 149 156 2 -0.00726604741 -1.85206127
78 80 88 95 2 -0.00042336664 -3.82917786
119 124 49 84 1 -0.00742798019 -3.53488636
57 57 77 112 3 -0.00153834221 -5.01773691
85 85 114 149 3 -0.00635600183 -2.70703673
23 25 91 114 1 -0.0041137645 -1.44336009
175 179 56 60 2 -0.000867384137 -3.78095984
54 54 111 146 3 -0.00125460362 -2.95507765
126 126 54 69 3 -0.00177977129 -2.78079438
116 117 53 64 1 -0.0205645487 -2.42656207
87 89 45 80 2 -0.0530720912 -5.74710464
55 58 113 120 2 -0.00304649305 -3.49871302
17 19 40 45 2 -0.180930406 -3.15971494
85 89 46 69 1 -0.00212972239 -3.39872336
25 28 104 108 2 -0.00661023334 -5.11931086
73 75 142 150 2 -0.000101922611 -4.28792048
49 50 107 114 2 -0.00401460752 -4.12453604
0 0 0 0 3 -0.00226659747 3.22761536
0 0 0 0 3 -0.00106992654 5.89291668
0 0 0 0 3 -0.0139316889 1.21329284
0 0 0 0 3 -0.00314568682 4.58913231
0 0 0 0 3 -0.0038096162 2.47182417
0 0 0 0 3 -0.00366142113 3.44000793
0 0 0 0 2 -0.00400229171 6.03918743
0 0 0 0 4 -0.648151219 7.24002028
0 0 0 0 3 -0.0467739925 4.72473717
0 0 0 0 1 -0.104383655 7.34708261
0 0 0 0 1 -0.0149987936 3.4288764
0 0 0 0 1 -0.8368994 4.15213966
0 0 0 0 2 -0.32880199 4.41265392
0 0 0 0 0 -0.152972803 5.55106688
0 0 0 0 3 -0.197483659 5.00030279
0 0 0 0 3 -0.0991510302 2.28588343
0 0 0 0 2 -0.0269595981 6.60197067
0 0 52 59 2 -0.823474526 0.4726336
107 107 120 125 2 -0.00201860117 -2.47847366
80 83 128 130 1 -0.00175421266 -2.10699773
72 80 51 60 0 -0.00163833296 -3.11723685
69 23 27 62 2 -0.977417707 -0.346427381
130 136 39 74 1 -0.0729911476 -1.05918741
66 70 89 124 3 -0.0237855949 -1.43219614
68 76 84 87 1 -0.0490992777 -1.38047481
126 130 53 88 1 -0.00132088666 -2.07895494
15 16 116 131 2 -0.347447664 -3.63363457
167 167 124 131 3 -0.00124961836 -1.37421274
120 125 136 140 0 -0.000840009598 -3.28416157
0 0 56 57 2 -0.139199585 -1.70893955
53 53 89 124 2 -0.000326949987 -4.13113356
35 40 50 53 0 -0.00291663501 -2.84151959
127 132 51 62 0 -0.000756418856 -5.62187386
45 49 63 74 3 -0.00781011209 -3.72747445
96 96 107 130 3 -0.0141928308 -3.75980353
43 48 27 34 1 -0.00551756658 -4.69002199
145 145 106 113 3 -0.583526909 -3.28590703
76 83 224 224 0 -0.45679903 -3.49264383
83 90 45 51 1 -0.0020702004 -1.6328671
122 126 95 102 3 -0.00173852476 -2.67391849
47 52 62 92 4 -0.955245972 -3.33519077
50 53 75 110 1 -0.00135847856 -3.22229695
55 60 116 182 1 -1.13431621 0.696339905
134 138 81 116 4 -0.00219359668 -3.73204732
83 87 44 75 4 -0.00155765458 -3.45911574
44 45 57 64 4 -0.299621582 -0.889178395
75 79 46 52 4 -0.000563335372 -6.48774529
0 0 0 0 1 -0.151401863 3.73157716
116 120 155 190 1 -0.233228117 2.09847856
24 28 73 108 1 -0.000878629682 -3.2065084
172 176 59 94 0 -0.00819822215 -2.52670932
0 0 0 0 3 -1.06094468 7.05246925
0 0 0 0 1 -0.154337049 6.28381586
188 190 66 89 2 -0.00369042205 -2.99439907
91 95 103 111 1 -0.000286799041 -2.23259282
51 52 85 120 1 -0.00545169599 -1.89019275
30 36 95 97 0 -0.00505766366 -2.09722519
155 158 92 95 0 -0.00314368308 -2.70822763
0 0 53 60 2 -0.880877256 4.30964851
64 0 0 0 2 -1.36892962 1.31790662
153 155 125 133 2 -0.00151564402 -1.92148972
143 146 126 133 1 -0.0203830972 -3.76787472
103 106 53 88 3 -0.00171488046 -4.55688095
0 0 0 0 3 -0.00372078596 4.16016245
81 83 58 67 2 -0.000225049051 -4.27392006
53 61 40 47 1 -0.00167930895 -1.69318914
0 0 136 141 1 -1.41158152 1.78678036
10 13 23 25 2 -0.026546089 -0.116371691
51 51 32 40 2 -0.000497308967 -3.22654438
25 30 49 54 1 -0.000351053895 -3.15578151
45 50 119 126 1 -9.71542686e-05 -3.184268
22 24 81 84 2 -0.00679736817 -4.21380472
129 135 106 114 2 -0.00930884201 -0.739893794
0 0 0 0 3 -0.0025200611 5.33404303
92 97 107 111 3 -0.00119776954 -3.53946686
117 122 60 95 3 -0.00101572287 -4.87606001
137 144 57 92 1 -0.0153399641 -4.5808692
120 120 138 173 2 -0.0522940904 -0.769697189
45 45 90 121 2 -0.00241140975 -2.27937436
60 65 75 78 0 -0.00174885883 -3.10797954
88 89 102 106 3 -0.000777489913 -3.64659762
50 54 120 155 3 -0.000369763729 -4.07691383
45 49 66 101 3 -0.000432808476 -3.81233954
108 108 74 82 2 -0.000727817591 -4.16089773
0 0 91 126 2 -0.452544391 3.80340886
0 0 0 0 4 -0.0144985225 4.87776899
64 69 98 121 3 -0.607935727 -0.566182256
36 42 49 52 3 -0.65152514 0.809308469
89 93 106 113 4 -0.0184844546 -0.884318292
40 45 57 72 1 -0.225291148 -1.08339834
153 154 51 86 4 -0.0205012914 -4.46966457
0 0 0 0 2 -0.0170454998 3.85991549
43 43 106 113 4 -0.00322783436 -2.24966884
80 80 113 115 4 -0.0110538695 -2.37697887
113 116 63 98 3 -0.000479418872 -3.58035326
138 141 121 123 2 -0.00406930689 -2.5502255
134 136 118 124 2 -0.018728029 -3.44677043
98 98 40 47 3 -0.0172395874 -2.50044012
119 119 160 191 3 -1.24650896 1.9607029
110 118 134 140 0 -0.00216111215 -2.99020839
102 103 85 87 3 -0.00118511065 -3.06099296
48 53 84 119 3 -0.000175947353 -5.07792616
102 104 57 64 1 -0.000825035677 -2.99966645
27 31 82 93 1 -0.122535758 -0.952960372
167 173 123 129 0 -0.0038842638 -6.76644468
213 222 170 177 1 -1.64865947 0.694154322
0 0 0 0 3 -0.704279959 6.65421438
32 34 50 65 4 -0.146223336 -1.37454402
45 46 53 88 1 -0.0185962692 -1.67074871
0 0 0 0 2 -0.569997489 7.2469964
0 0 0 0 2 -0.442584723 6.23484182
59 65 76 111 2 -0.000420903118 -2.45071959
79 85 115 122 3 -0.000112293215 -2.72725391
47 50 85 116 3 -0.293519765 -1.34091878
0 0 0 0 4 -0.149136007 1.32376647
137 144 91 114 0 -0.00238278951 -2.73906469
71 77 103 138 3 -0.0282348692 -0.332581162
76 79 43 48 4 -0.0037448653 -1.68451118
0 0 0 0 2 -0.0771647096 3.06221652
0 0 0 0 1 -0.0375798829 5.98408604
57 63 80 86 2 -0.000188224294 -5.19777298
127 127 198 202 2 -0.00520204054 -3.56125879
47 47 0 80 2 -0.903072834 0.199444056
137 140 84 119 3 -0.0046769632 -4.83744144
75 75 91 94 3 -0.0306644011 -5.17581654
220 220 131 166 2 -0.613139689 -0.561031163
0 0 0 0 2 -0.0219567157 4.52122259
0 0 0 0 4 -0.0730384216 2.10342884
101 113 52 87 1 -0.33674705 -0.808285713
91 91 106 112 3 -0.0138829052 -2.15318298
26 31 36 40 4 -0.0813546702 0.537316203
122 126 139 150 3 -0.000199787522 -4.04346657
87 93 106 113 2 -0.0603608079 -2.90429068
90 95 110 119 1 -0.00138818158 -4.70233679
0 0 0 0 3 -0.0957514197 6.566998
112 115 124 130 4 -0.00773458788 -2.77018857
103 105 63 98 0 -0.610246241 -4.40993452
150 155 54 89 3 -0.0131791271 -4.04276896
0 0 0 0 0 -0.348673403 4.63030005
25 29 101 109 2 -0.00458079251 -5.41732168
0 0 0 0 1 -0.0970672369 5.32749748
0 65 158 173 3 -1.02716827 -1.06477726
31 32 37 44 2 -0.324797928 -2.86917567
159 159 172 207 2 -0.238178104 -1.5882411
0 0 0 0 2 -0.070922181 6.7307148
92 96 50 73 3 -0.00182310434 -2.89604926
159 161 104 139 1 -0.664601982 -2.24540854
122 130 106 110 1 -0.000586816808 -1.6622932
57 57 113 117 4 -0.000499556365 -1.76589489
59 64 86 121 2 -0.00811211951 -3.98331571
72 78 44 59 2 -0.00563840009 -1.01287305
131 133 151 186 2 -0.0567214303 -2.70768189
58 66 97 100 0 -0.054862868 -3.072191
73 77 117 125 0 -0.0324616246 -0.356098652
116 120 67 102 2 -0.000304666115 -5.11976957
0 0 0 0 2 -0.480774343 4.77170324
61 67 81 104 1 -0.0619852245 -0.402540982
137 141 80 115 4 -0.00496400055 -0.708452582
71 74 90 96 1 -0.200094834 -4.8920784
68 73 94 129 4 -0.000317913626 -2.27024841
59 61 73 79 1 -0.339169323 -2.15422916
50 52 143 151 2 -0.00405730912 -4.82927561
99 99 108 113 4 -0.376440346 1.48661208
141 146 46 54 1 -0.0296724252 -3.25106764
91 96 157 163 0 -0.0387337282 -0.587362885
121 122 46 69 2 -0.000293706427 -3.83883858
98 102 63 86 2 -0.000867349852 -4.74888563
84 88 97 132 2 -0.0663324222 -4.42454672
48 51 78 81 2 -0.215490758 -1.05609798
62 63 120 124 2 -0.0211386774 -2.96907473
120 123 49 56 0 -0.0262365062 2.0343678
19 22 48 55 4 -0.703965068 -1.18506312
103 105 120 151 2 -0.0313561559 -0.793913364
52 55 90 94 2 -0.000253422884 -3.14931917
54 54 70 78 4 -0.00455007004 -0.835881948
0 0 0 72 3 -1.25349867 2.38264155
142 143 60 64 2 -0.00096302788 -4.50728846
0 0 0 0 2 -0.335406691 7.34821939
0 0 0 0 2 -0.00988301914 3.42754745
65 66 107 110 3 -0.00441359589 -1.12170506
36 37 48 54 2 -0.0105957855 -2.47089314
77 81 94 129 3 -0.124360822 -5.62522745
211 218 165 173 2 -0.251009703 -0.992483497
0 0 0 0 3 -0.316773772 7.29143238
44 48 73 80 0 -0.00604599062 -2.37705183
96 101 40 55 1 -0.78420645 -3.56337214
147 151 164 168 4 -0.0318967067 1.47946215
58 60 79 90 2 -0.210035056 0.356155455
47 53 57 61 2 -0.031915918 -3.82738185
67 75 49 57 0 -0.000766883371 -3.09488869
107 109 125 129 2 -0.00116099697 -2.70756888
73 78 21 56 2 -0.13694793 -2.39185691
129 133 55 66 2 -0.00118105917 -4.87653637
52 58 78 84 0 -0.066616036 -3.22808814
86 87 49 58 2 -0.00023900815 -5.38151598
9 13 19 54 4 -0.170083672 -1.9130137
129 130 139 174 3 -0.583459556 -1.68754029
86 86 107 142 2 -0.199190781 -2.13066626
0 0 0 0 2 -0.975187898 1.95942903
126 129 193 199 2 -0.0129765943 -2.82892895
60 62 77 83 1 -0.041356165 -3.92217779
88 88 120 127 3 -0.000922827807 -3.26686263
0 0 0 0 3 -0.31341058 4.94900274
64 66 80 115 2 -0.000351758645 -3.92712712
84 86 169 177 2 -0.000503256684 -4.78134012
23 29 37 72 2 -0.00795931742 -2.16331482
0 0 0 0 2 -0.00125834101 3.39046907
117 120 90 97 4 -0.00732329674 -0.742065907
110 114 125 160 2 -0.0142961517 -1.8874867
153 159 61 114 3 -0.0513074771 0.671021163
0 0 0 0 1 -0.00220431713 6.31461096
139 139 119 126 3 -0.000313379656 -2.98690605
10 16 28 35 2 -0.532981217 1.62672663
58 61 74 77 2 -0.00453292113 -4.18472242
0 16 29 36 3 -1.46289778 2.32031322
89 97 57 65 3 -0.00205700006 -5.80147982
0 0 93 100 3 -0.734623194 1.28044367
82 85 57 60 2 -0.0151180187 -4.54660273
114 114 86 94 3 -0.000994935748 -3.3528266
77 81 65 72 0 -0.000182381336 -4.88283587
0 69 0 0 3 -1.09564352 3.71121526
65 65 124 135 3 -0.0388179906 -2.02306437
55 60 77 81 3 -0.0270957537 -4.26738787
69 230 162 193 3 -0.953862011 -2.56017971
42 44 87 122 1 -0.00674188789 -2.28708196
0 0 0 0 1 -0.00543652568 6.19980192
118 119 135 158 3 -0.0135558248 -0.58411026
88 94 41 76 0 -0.0267592371 -4.79784298
80 81 42 45 4 -0.00448515313 -4.26525784
35 42 59 67 2 -0.00215919269 -3.14447188
83 88 134 169 1 -0.00104536943 -2.00906515
0 0 111 113 4 -1.05400169 -0.38467139
103 107 119 127 4 -0.000231733065 -3.01761675
0 0 0 0 2 -0.0115866186 7.52663326
0 0 0 0 3 -1.21144176 1.14150572
0 0 0 0 4 -0.480712414 7.52344465
30 34 54 89 1 -0.689620316 -4.41411495
61 61 74 85 2 -0.535360813 -0.367646158
80 80 114 122 2 -0.000306808186 -3.60829711
85 85 92 94 2 -0.0548151881 -3.2057817
16 19 35 40 2 -0.00176922337 -2.83319712
115 118 39 74 2 -0.00293783424 -4.09942102
0 0 0 0 1 -0.12071535 2.08837795
47 49 69 73 1 -0.0045165224 -1.64685512
145 146 154 158 2 -0.217092544 -0.328421295
122 126 87 98 2 -0.00974991731 -2.25832534
101 101 50 85 3 -9.44122366e-05 -4.30778456
88 95 102 109 0 -0.00269295601 -1.48252463
188 188 205 212 2 -0.0116067855 -4.49913168
0 0 0 0 3 -0.746662915 7.70932341
74 80 146 155 1 -0.000331625633 -1.96600294
70 70 52 58 4 -0.00531684887 -3.83179212
131 131 40 45 2 -0.0113613801 -2.7015183
55 58 73 76 2 -0.0305470247 -1.16128135
0 0 0 0 2 -0.361424178 6.95144606
160 162 141 143 2 -0.0179189369 -4.59459925
163 164 70 77 2 -0.689415097 -1.10327911
94 94 53 88 2 -0.0389066562 -2.56505871
73 73 24 31 1 -0.0199635495 -0.512193441
0 0 0 0 1 -0.906417847 7.35538673
72 76 27 62 4 -0.000189061131 -3.45911026
0 0 0 0 2 -0.986789584 7.33476686
111 111 64 71 2 -0.00535775721 -5.41669083
0 0 0 0 0 -0.280077934 2.65274739
0 0 0 0 1 -0.572131991 7.55541372
225 230 58 93 1 -0.495313913 -1.63645816
65 69 86 97 2 -0.00105538836 -4.01019335
95 99 123 132 2 -0.00373268011 -2.8635304
180 186 59 63 2 -0.0635084137 2.77751184
89 89 95 100 2 -0.0213115849 -2.32094383
0 0 0 0 2 -0.360167027 6.44104338
33 40 95 103 0 -0.00569753256 -3.22746325
46 51 22 28 4 -0.00884288643 -0.622392774
234 100 125 156 2 -0.381922722 -3.16591358
21 22 35 70 2 -0.00383463525 -3.7896769
133 136 155 160 2 -0.639685988 2.16008067
0 0 0 0 2 -0.484805375 7.23564911
38 43 81 116 0 -0.000476068148 -2.75688362
73 76 55 57 3 -9.25051645e-05 -5.23835897
41 41 53 60 3 -8.96440179e-05 -3.5282166
188 189 208 210 2 -0.24299112 -2.17936158
58 62 129 131 3 -0.00460241083 -3.12957382
89 92 135 142 2 -0.00580216199 -4.84231663
100 102 48 53 1 -0.00410077395 -2.29909611
91 95 38 42 3 -0.0002162374 -2.83791661
49 52 37 39 2 -0.00320798811 -2.01661754
91 92 69 75 2 -0.00130771927 -3.72229385
59 61 0 0 2 -1.19728279 3.17425489
47 48 67 74 4 -0.00041491157 -1.33652234
109 109 43 49 3 -0.0932004899 -0.466356456
86 89 34 69 0 -0.00325432117 -1.47684622
79 84 99 134 2 -0.0704665557 -1.34480238
124 124 200 203 2 -0.0148537382 -5.58486938
0 0 0 0 2 -0.0146113411 3.5527544
0 0 0 0 2 -0.00327892764 3.0670042
179 181 48 79 1 -0.225302249 -0.847045541
112 115 133 168 4 -0.00889128726 -2.69776344
222 223 61 96 2 -0.665777683 2.66109014
0 0 0 0 2 -0.170471758 6.35784578
0 0 0 0 2 -0.656044185 6.00859928
94 94 21 24 3 -0.000531091762 -3.32025909
26 32 91 94 1 -0.00721765123 -2.23957729
64 70 76 82 0 -0.000329475792 -3.95666265
141 145 122 129 2 -0.0492316373 -4.85867071
97 103 158 165 3 -0.537692726 -3.26442099
105 114 123 131 0 -0.0341858231 -0.993769944
0 0 0 0 2 -0.709794402 4.72457314
75 82 90 94 0 -0.000167722785 -1.95211911
144 152 116 119 0 -0.0519574173 -5.25011969
0 0 0 0 2 -0.430436999 7.10535669
44 45 107 113 2 -0.354247034 2.21896195
97 97 104 108 3 -0.0014677865 -1.77001238
88 88 64 70 3 -0.281150579 -2.56896067
45 50 65 69 1 -0.00977437478 -1.91112447
61 61 81 89 3 -0.0220587123 -4.57009459
52 55 74 80 0 -0.00118764048 -2.55898404
0 0 0 0 3 -0.00038502118 6.15689278
0 0 0 0 2 -0.0587888658 5.18629837
0 0 0 0 2 -0.00933737773 6.26203299
92 92 118 153 3 -0.607949197 -4.75739193
69 76 103 107 1 -0.0325847343 -3.66810441
61 64 154 162 2 -0.00338862464 -1.21013892
41 43 69 74 2 -0.000487047655 -2.00458336
111 114 62 85 2 -0.00636067148 -1.09947681
148 150 111 126 2 -0.00343741663 -3.22604656
120 124 81 104 3 -0.00071315479 -3.38042855
0 0 105 109 0 -0.44407022 0.0228173733
102 107 116 139 0 -0.0680444837 -0.351429135
0 0 0 0 2 -0.000594427111 5.80159998
51 55 64 87 1 -0.00222893502 -2.73557949
68 72 87 92 0 -0.0112253055 -3.63853407
91 93 107 110 2 -0.00463209813 -2.29291582
165 168 82 117 2 -0.0302782208 -1.58829331
32 38 54 59 0 -0.00037285412 -6.87794447
104 106 121 156 2 -0.000340913946 -5.28162241
40 41 171 194 3 -0.323492974 -1.72018647
49 55 67 102 2 -0.0564177558 -1.31877446
68 69 85 116 3 -0.00348044629 -4.16382074
59 61 67 69 2 -0.040067099 -2.35544419
70 71 17 21 3 -0.00593322143 -2.96251702
117 120 34 38 2 -0.00528272148 -3.51776266
188 195 137 172 3 -0.038456589 -3.4886322
66 71 86 109 3 -0.000535764324 -3.29669738
56 65 75 80 1 -0.0156518221 -0.442951918
94 97 138 173 2 -0.000819792098 -3.39742398
154 157 106 141 4 -0.0229372084 -1.15248752
36 41 116 147 2 -0.0372852534 -1.42361093
0 0 0 0 3 -0.0176859051 6.83797836
129 135 164 179 3 -0.321990848 -1.69647932
119 126 31 66 1 -0.00162821368 -3.58994341
0 0 0 0 2 -0.0720391721 1.71055436
103 107 126 157 3 -0.000135537994 -2.44606662
130 130 76 111 3 -0.097577624 -2.41623783
72 72 84 87 2 -0.000332333002 -3.46985936
130 136 145 168 1 -0.0116859674 -1.2133379
208 209 63 68 2 -0.188807294 -5.4574852
121 126 93 116 1 -0.000187270532 -2.0515697
0 0 0 0 4 -0.00777637539 7.09115267
75 83 118 123 0 -0.00414394122 -4.47542143
0 0 0 0 1 -0.695015788 2.86701488
108 112 39 74 3 -0.0212092474 -2.05153823
135 136 153 162 2 -0.0720286369 -2.02541828
35 42 137 172 0 -0.103034765 -3.00246
72 74 95 130 2 -0.0687786713 -2.43563771
0 0 0 0 2 -0.34443149 4.26243877
81 81 51 66 3 -0.00128111255 -2.69101143
90 91 104 109 4 -0.00124180922 -3.18123364
52 55 98 109 2 -0.78473711 -3.77802467
0 0 0 0 2 -0.648985863 2.7003963
0 0 89 0 2 -0.432965904 0.0787131786
105 111 127 162 2 -0.0538189299 1.77999616
69 73 87 102 0 -0.00336017855 -2.44461942
60 61 50 53 2 -0.0440561101 0.536241412
0 0 0 0 2 -0.0154511575 4.48475838
136 140 99 105 3 -0.00690993527 -3.15101719
0 0 40 43 3 -0.635507822 -0.0983514786
116 117 138 146 2 -0.48886621 -5.63908434
128 128 144 155 3 -0.279162109 -5.68831873
41 41 96 131 3 -0.0209209975 -1.26185668
0 0 0 0 4 -0.124495707 4.29889917
35 35 46 53 4 -0.0146214068 -1.09133363
63 69 79 81 1 -0.0839683563 0.743442833
46 0 78 84 1 -0.940493524 0.684256017
63 73 164 199 0 -0.00339090708 -5.09065294
69 72 53 57 2 -0.00360147632 -3.42327166
100 103 142 153 2 -0.0028485246 -3.42667341
70 74 105 114 1 -0.0183595438 -4.60202742
39 44 56 61 0 -0.0114880251 -4.645051
96 102 42 50 0 -0.0312554762 -4.18348789
37 37 96 105 2 -0.0763340145 -4.36083603
0 0 0 0 2 -0.000429107808 4.84416294
111 113 35 66 2 -0.669896126 -3.23134804
45 48 116 147 1 -0.000304436428 -2.861624
90 95 105 128 2 -0.00650946843 -0.7366606
85 89 35 41 3 -0.0252847895 -0.880683661
119 122 135 180 1 -0.481763929 -1.23002386
89 89 21 56 3 -0.00173426536 -2.21579552
57 61 150 157 2 -0.233196139 -1.11333251
121 121 75 110 3 -0.347244799 0.934399426
104 107 122 129 4 -0.00112548575 -0.542300642
54 58 71 106 1 -0.00562441023 -1.23106647
41 48 59 70 2 -0.138556048 0.309849083
54 58 76 111 2 -0.000494445441 -2.02265954
141 143 108 111 1 -0.000473318709 -1.04835248
84 86 23 28 1 -0.518289864 -1.87603068
71 73 102 110 2 -0.00105771178 -1.96806693
80 83 0 0 3 -0.981537521 2.65460491
43 47 64 87 2 -0.00111121649 -1.46120238
46 47 84 85 1 -0.0062494725 0.11212641
130 134 60 95 2 -0.00133933406 -4.01102972
42 42 61 96 3 -0.00132557203 -4.47087955
84 85 97 132 2 -0.00274164416 -4.32577658
200 200 131 166 4 -0.0190937445 -0.465702862
85 85 41 48 3 -0.00166277122 -4.02442503
84 88 101 136 3 -0.0436747484 -1.16119933
0 0 0 0 2 -0.0568389855 2.33111787
127 134 153 160 2 -0.00582388556 -3.7502768
52 56 70 85 2 -0.0435637571 -4.34798908
126 131 50 58 4 -0.00951095577 -1.88491225
34 39 73 108 3 -0.00835914724 -1.89744353
33 40 86 121 0 -0.0042879316 -5.96199179
172 177 106 141 3 -0.00396917015 -6.8817358
135 141 48 83 3 -0.0704595596 -1.18557167
104 107 71 86 2 -0.0173934065 -5.9240427
20 25 30 65 4 -0.251689881 -0.182612449
85 92 43 50 2 -0.0057474561 -2.06921983
118 123 61 96 4 -0.0304377936 -3.08138371
93 93 45 80 3 -0.115278289 -0.827383518
48 49 59 74 4 -0.0123839658 -3.88931942
0 0 0 0 2 -0.310807347 6.34447479
110 112 128 135 2 -0.00491674384 -4.3766427
88 90 100 106 2 -0.000704797276 -1.98722005
155 158 57 72 2 -0.00121539156 -5.20546198
65 66 115 150 2 -0.000442444114 -3.5744288
64 64 18 0 2 -0.926947117 0.705123723
102 110 56 91 1 -1.01146734 0.847012341
62 65 87 110 1 -0.0382679068 -0.761499166
64 64 137 152 3 -0.0042136074 -2.97887826
54 59 91 97 0 -0.0140026156 -4.21775723
139 143 70 77 0 -0.0277203284 -2.98705626
40 42 77 80 2 -0.057253737 -3.40237403
103 113 35 38 0 -0.0003520092 -3.83735943
49 49 59 94 3 -0.000750773877 -3.38172603
84 84 39 74 4 -0.0310033616 -5.68594885
0 0 0 0 3 -0.308071464 6.59726906
85 89 55 78 3 -0.29132247 -2.4438653
141 144 41 46 4 -0.0260473713 -2.16495752
93 94 123 124 3 -0.621904969 0.288330019
84 84 98 133 4 -0.000591518998 -3.47831392
117 120 102 107 4 -0.00779463677 -1.5622139
165 167 40 46 1 -0.00500676222 -2.46927357
0 0 0 0 2 -0.00591159007 4.97858524
0 0 0 0 3 -0.0793470368 6.44828844
101 108 44 51 2 -0.0542342737 -5.51731205
89 91 101 104 1 -0.00366057525 -5.83843708
83 89 105 111 3 -0.00219616992 -3.64721251
52 56 136 141 2 -0.611297488 2.7025249
125 133 74 109 0 -0.00125244155 -2.44965529
0 0 0 112 3 -1.28102386 1.92106271
0 0 0 0 3 -0.0260183252 7.00283051
105 107 66 74 3 -0.000996425399 -2.46996498
132 135 51 57 4 -0.00138000504 -3.31514931
0 0 0 0 2 -0.0416294858 4.45253897
26 22 38 49 2 -0.267917484 -1.52209783
0 0 0 0 2 -0.0246183947 3.69774842
116 116 40 75 3 -0.000462369993 -1.86802697
47 50 97 132 4 -0.00469306344 -3.3832798
45 46 69 71 3 -0.0814447254 -0.765484929
121 129 37 72 1 -0.00273859175 -4.60533714
148 149 162 197 3 -0.0473169908 -3.81920862
0 0 0 0 2 -0.0133032519 5.85408926
126 130 80 115 3 -0.000236257707 -3.76250482
99 106 124 127 0 -0.00963359792 -4.20558119
25 29 83 85 2 -0.184019312 -0.96469897
220 224 87 122 3 -0.272149533 4.01839113
0 0 0 0 3 -0.0968711898 3.2299993
0 0 0 0 2 -0.0132858781 4.63289499
63 66 28 43 1 -0.00783583988 -2.30790925
70 73 112 143 2 -0.565009832 -3.45918918
0 0 0 0 2 -0.0947592929 2.1626687
40 44 149 184 4 -0.0124984663 -5.06465149
88 92 49 56 1 -0.000233760453 -2.38378906
100 104 63 69 2 -0.000871011056 -4.14350939
93 97 112 147 3 -0.0114143593 -3.72819471
44 49 93 98 0 -0.00832681172 -2.36619806
157 120 85 89 3 -0.560484231 -5.04441309
90 91 100 111 2 -0.00834374502 -2.26912522
110 114 123 132 1 -0.672147512 -2.31552958
48 52 175 210 4 -0.00172481383 -3.57991409
85 85 52 60 3 -0.00422832323 -1.91882491
59 61 80 115 3 -0.00142374076 -3.17054605
39 42 52 54 2 -0.00038526053 -2.16931605
60 68 96 119 0 -0.000617962331 -1.76528478
30 35 64 95 2 -0.0556423962 -2.72003746
104 105 118 124 3 -0.0271355566 -3.62874794
0 0 0 0 1 -0.341737151 4.00654316
39 39 49 84 3 -0.00480682682 -3.39349866
0 0 0 0 2 -0.690278292 7.57635832
138 139 92 123 2 -0.0668461099 0.0650856495
134 137 112 120 1 -9.82272177e-05 -4.18141031
0 0 0 0 2 -0.00446902914 3.10893559
34 39 117 123 1 -0.0107801231 -2.44892073
115 118 85 96 2 -0.444367051 -2.79283452
0 55 142 173 3 -1.75615263 -0.0111942589
0 0 0 0 1 -0.407312393 1.63554716
106 106 152 161 3 -0.0554119535 -3.72244334
0 0 0 0 1 -1.13208652 7.12521219
93 96 109 144 3 -0.0670353845 -0.254739076
95 98 60 83 2 -0.000233760424 -4.00906944
35 38 101 106 0 -0.00168606732 -1.06446123
0 0 0 0 3 -0.0728259236 3.78601098
0 0 0 0 1 -0.0479553491 3.39854217
136 140 82 86 3 -1.23792255 3.09437132
66 71 130 165 3 -0.0500194356 -0.674457788
0 0 0 0 3 -0.0822076201 2.75893879
56 56 103 126 2 -0.00613996014 -2.50953341
0 0 0 0 2 -1.08968639 7.60488558
72 77 36 47 1 -0.0276804194 -2.39080286
53 53 152 157 2 -0.00925961975 -2.54719162
113 115 0 0 2 -1.34676313 3.51574397
136 146 66 101 0 -0.395936638 -4.56864929
0 136 35 40 2 -1.2117362 0.697212994
157 157 46 81 2 -0.00307473843 -0.965272248
69 74 90 105 4 -0.000889603223 -1.56621695
84 92 67 70 0 -0.00031136052 -4.17038679
53 55 68 75 2 -0.000967928267 -2.21938348
103 108 53 88 3 -0.00555817597 -2.85018826
116 117 72 107 3 -0.0208475776 -3.78015137
42 42 73 108 3 -0.00321811694 -4.88038969
89 91 74 77 2 -0.000710593595 -3.03776407
0 0 35 58 1 -2.29265738 0.909406841
123 129 91 102 1 -0.0793999583 -2.88273478
85 87 57 59 2 -0.0119559439 -3.0825634
22 27 34 69 2 -0.0434381291 -1.50218868
26 28 78 81 2 -0.584113836 -4.52898788
90 91 0 99 1 -1.66242027 0.99427563
127 129 21 56 2 -0.00188115379 -3.96637273
56 58 92 127 4 -0.0123349587 -2.56987429
0 0 0 0 2 -0.733027577 1.08398485
93 95 77 86 2 -0.14383091 -1.73925614
0 0 0 0 3 -0.0560173355 4.82970572
70 71 86 89 3 -0.000230292921 -3.96467948
123 127 86 97 3 -0.00545889931 -2.53631973
118 121 105 110 1 -0.00485989312 -5.80013132
53 59 79 84 1 -3.33784265e-05 -2.62669587
77 78 55 59 1 -0.0359508395 -3.76802754
43 51 93 128 3 -0.0972269848 -4.7719593
99 100 123 165 2 -0.0593605526 -0.195818707
74 78 142 177 3 -0.962140262 0.696126163
36 40 45 56 3 -0.238656417 -1.13614166
0 0 0 0 3 -0.574001491 7.19923878
121 125 100 106 3 -0.0170266647 -2.86372256
42 45 160 183 2 -1.03994977 -1.15643477
168 171 90 125 3 -0.00280856271 -5.76290798
0 0 0 0 2 -0.00479704328 5.18394136
0 0 0 0 3 -0.0356893092 3.23198342
141 145 95 130 3 -0.0201716274 -2.96938705
180 0 17 22 1 -0.857702672 2.58584619
0 0 0 0 2 -1.13136041 3.54460096
106 109 133 142 3 -0.0131792175 -1.92127252
135 136 66 109 2 -0.179231077 0.0604178309
119 119 125 0 3 -0.390254915 0.597383082
30 37 68 73 0 -0.00339541864 -2.58051229
54 60 71 78 2 -0.00357974973 -2.61976242
34 38 42 54 0 -0.02763322 -1.54108167
27 31 40 48 3 -0.00341500458 0.0519503355
187 192 168 172 1 -0.00339509244 -0.959881663
0 0 0 0 4 -0.731226385 0.00318676233
41 45 59 90 3 -0.000501822564 -3.36691046
86 89 117 128 1 -4.67296486e-05 -3.19057202
0 0 0 0 2 -0.190106511 0.96027714
78 84 143 147 1 -0.0559452251 -4.30434275
122 130 26 34 0 -0.000944398984 -3.48662758
59 63 76 83 2 -0.00162155204 -3.29851532
100 105 0 0 3 -0.406849712 2.09985733
49 53 110 118 3 -0.000124570521 -4.77908134
54 57 86 109 2 -0.00503722951 -2.15364599
77 81 94 97 3 -0.0223259572 0.882616818
177 181 202 225 2 -0.047879491 -3.46287179
53 59 101 136 1 -0.012064714 -1.0890038
59 64 133 138 0 -0.0104546063 -1.87175369
92 98 191 196 0 -0.0224893037 -3.45172405
41 44 52 67 1 -0.229806229 -1.15414989
110 112 125 136 3 -0.0247190669 -4.15292454
0 0 0 0 2 -0.0365581922 7.0340519
44 46 70 74 1 -0.00322172139 -4.32795811
0 0 0 0 2 -0.280843824 3.1140523
148 0 0 0 2 -0.969585478 2.45877433
106 112 127 129 1 -0.00067419844 -2.15608811
228 171 115 150 0 -1.25775862 -1.26730275
183 186 204 239 1 -0.334353477 0.0175246596
0 0 0 0 3 -0.529718518 6.83574533
133 139 85 120 1 -0.00042981669 -2.07906747
144 147 116 120 0 -0.00184262299 -4.31161356
0 0 0 0 2 -0.525848746 2.99763846
90 97 61 73 2 -1.12976456 0.618574917
47 49 61 68 1 -0.000524223316 -2.65281892
0 0 0 0 1 -0.0538370162 5.64665747
96 101 46 61 1 -0.00166233664 -3.07693076
0 0 0 0 3 -0.0662962347 3.91930985
0 0 0 0 0 -0.383117497 3.22964048
0 0 0 0 3 -0.300790995 6.74532032
111 115 44 79 3 -0.00360778905 -6.98040581
113 115 132 167 2 -0.248089895 -0.637264132
0 0 0 0 3 -0.103042305 5.49399233
125 128 72 107 2 -0.128786847 -1.96580887
130 135 42 77 4 -0.0739908442 -3.27623558
0 0 0 0 2 -0.344348401 7.20720196
110 112 140 145 1 -0.00953307655 -4.25833797
135 137 149 155 1 -0.00789675582 -3.32728529
44 48 103 106 2 -0.895265222 -2.6856277
44 47 103 104 3 -0.0295603089 -5.42063856
17 21 26 32 1 -0.0115476884 0.122583926
0 0 0 0 2 -0.000570487697 3.92999434
52 53 29 37 2 -0.340166688 -3.69671655
90 92 68 72 2 -0.122931331 -0.865044057
95 98 78 80 2 -0.0184507724 -4.04925394
72 77 37 48 0 -0.00112508074 -3.63588643
0 0 0 0 3 -0.192311138 4.07843828
157 160 75 83 2 -0.413208216 0.178308725
91 93 62 69 2 -0.00713162357 -1.14327657
75 78 89 124 4 -0.00641880138 -1.44790864
99 102 119 125 2 -0.00202355045 -2.91868663
34 37 74 109 2 -0.00944910385 -2.51963854
48 56 68 70 1 -0.00631628651 -1.69735575
84 84 19 25 3 -0.0110580977 -2.25590611
0 0 0 0 1 -0.303952694 6.07334566
46 49 65 100 1 -0.00721541001 -2.83858633
0 0 0 0 2 -0.0567602366 2.41787338
115 123 163 170 3 -0.0338095501 -3.22899318
134 141 151 157 1 -0.419254333 -3.37008619
116 119 137 141 3 -0.0012033293 -5.26937675
48 52 121 126 4 -0.324390709 -0.728433132
62 66 127 129 2 -0.00186786125 -4.3797636
133 90 109 117 2 -0.247139588 -1.03541565
57 62 94 129 3 -0.00722096162 -4.51902819
46 54 140 145 0 -0.00157702412 -1.48213029
86 89 39 43 2 -0.00055412628 -2.4610498
35 43 51 86 2 -0.00538201537 -2.57825494
103 107 123 127 4 -0.00149719825 -0.944347799
78 86 25 60 2 -0.00053526141 -2.49479604
0 0 0 0 2 -0.694174409 5.56768179
0 0 0 0 3 -0.0281507503 3.76049924
44 46 87 91 3 -0.00218892493 -5.53189278
67 72 103 138 1 -0.0577852689 -1.97072697
113 115 129 160 2 -0.00162031502 -4.70551634
100 103 140 151 4 -0.00550827011 -2.86062503
80 84 101 136 4 -0.00142268301 -4.01081324
35 37 133 139 2 -0.0171291661 -2.10908604
0 0 0 0 3 -0.761107862 4.9535408
66 70 45 54 3 -0.000629853806 -1.55517507
63 66 100 111 3 -0.00909033231 -3.41703439
102 105 41 76 4 -0.000309330149 -3.02199149
108 0 0 0 1 -0.998035669 0.095279336
49 56 107 114 0 -0.0334096067 -0.466666877
83 87 34 45 2 -0.000953006325 -4.85701466
26 28 57 60 2 -0.00791091099 -3.36340785
101 103 35 58 1 -0.061665047 -1.2572397
84 89 145 148 1 -0.0172253698 -4.60082245
78 78 180 188 3 -0.00128673494 -3.54158473
108 111 51 86 2 -0.00477686012 -0.464312255
155 160 49 56 2 -0.000140663775 -3.02446151
198 205 100 107 0 -0.585691273 -2.17196822
97 99 128 137 1 -0.00285038771 -1.42347908
122 122 102 111 1 -0.00079627987 -1.3003279
0 0 0 0 2 -0.0137125757 3.9922812
25 27 36 42 1 -0.00505853444 -2.17961359
48 49 81 116 3 -0.259440333 -0.513085783
105 105 116 123 2 -0.00462605944 -5.58348989
0 0 0 0 1 -0.00168661668 6.00579739
45 49 110 145 3 -0.0179744009 1.25627041
92 92 64 75 3 -0.00429988606 -1.67801356
80 83 40 44 3 -0.00282143499 -1.75055218
171 174 51 74 3 -0.0814421996 -2.92132425
0 0 0 0 4 -1.13213563 7.41690397
82 86 96 131 2 -0.0898939297 -2.27253795
34 109 45 80 1 -0.273935616 -3.15457463
0 0 0 0 2 -0.0584538542 4.41138649
64 67 79 94 2 -0.000984520535 -2.97097111
77 82 53 61 0 -0.000523405964 -4.7495389
69 69 90 99 4 -0.0370709337 -1.10657895
116 120 71 102 1 -0.000512425904 -4.82796717
58 59 143 145 2 -0.00214219349 -3.04053307
0 0 0 0 3 -0.891651213 3.15190268
51 51 61 67 2 -0.00141820672 -4.69751692
130 132 60 95 1 -0.00796475448 -4.47894526
112 117 182 190 4 -0.000233640254 -1.82905769
135 135 41 47 2 -0.00071819796 -3.52382517
102 106 129 133 2 -0.582724929 -1.35573006
97 98 23 29 2 -0.000801651797 -3.29009867
48 50 0 0 0 -1.47879088 3.05725527
68 70 26 61 1 -0.00765255513 -4.38187838
0 57 0 0 4 -0.956308126 2.5874908
0 0 0 0 2 -0.00146452512 4.13820887
37 38 121 152 2 -0.00782912038 -1.49102759
74 78 142 151 4 -0.00475387136 -1.08169937
105 111 127 162 0 -0.000269041513 -3.26271605
142 149 59 64 0 -0.00647966424 -2.2787447
94 98 158 165 3 -0.000787470897 -3.0437994
50 57 69 80 0 -0.00166452478 -2.27570295
98 104 88 92 1 -0.0239362735 -1.98215604
118 120 138 145 2 -0.000829806668 -2.80651188
0 0 0 0 1 -0.0317187235 4.88718128
38 42 81 116 1 -0.000221353286 -4.40318346
82 85 148 163 4 -0.0166972782 -3.73308277
181 187 90 97 0 -0.266085595 -1.28027308
0 0 0 0 3 -0.000903417531 2.10269833
46 47 108 115 3 -0.000728034414 -4.67286158
108 111 129 164 1 -0.00875629112 0.435270071
112 0 0 50 3 -1.37586462 1.26627803
42 42 70 93 3 -0.112128459 -2.92697191
51 56 156 158 1 -0.0232646596 -0.340406716
104 107 127 130 3 -0.00234705466 -5.63544035
117 124 102 106 3 -0.00875368621 -0.846268475
73 75 47 51 2 -0.000127074076 -4.50425959
59 64 40 48 1 -0.00228575943 -0.812726915
123 127 139 174 3 -0.00422662497 -4.75354052
0 0 0 0 2 -0.038338542 5.06880665
101 103 34 69 2 -0.000628697337 -3.45320344
93 95 112 127 2 -0.000767742982 -4.80018759
89 93 101 108 1 -9.97754978e-05 -4.14306068
0 0 0 0 2 -0.787379026 7.55852604
67 67 81 116 2 -0.753077805 -1.34230971
120 125 134 138 1 -0.231683031 -1.68519664
0 0 0 0 3 -0.00181855471 3.50713563
0 0 0 0 2 -0.00957616325 5.6453867
123 126 39 74 2 -0.00743022747 -3.57722139
124 127 46 49 2 -0.00154867058 -1.42429507
0 0 0 0 2 -0.454772979 7.44777393
44 46 58 66 2 -0.000426610466 -3.57305717
87 88 42 77 2 -0.0799867138 -2.29201031
60 60 74 77 2 -0.000731855864 -3.95207119
93 97 43 78 4 -0.000286553812 -4.00308895
91 94 39 70 0 -0.0291264653 -3.60299397
95 98 52 59 2 -0.000458092574 -4.64007521
88 88 57 68 3 -0.00102157553 -3.42593646
101 106 51 66 1 -0.00399601692 -3.21134448
0 0 0 0 2 -0.660781741 6.4237771
111 116 40 43 1 -0.00139092794 -3.74208832
44 48 131 138 4 -0.000121710589 -2.74162126
0 0 0 0 3 -0.0864455402 5.71755743
0 0 0 0 3 -0.00793609861 2.7652998
101 105 63 70 1 -0.00322797848 -3.06608772
0 0 0 0 2 -0.000330422336 5.45144939
61 64 24 31 3 -0.00581748504 -2.68938112
52 57 69 73 2 -0.00525076222 -1.63202095
119 123 73 108 0 -0.00645491714 -3.71506429
202 209 120 155 2 -0.00268272543 0.303888738
89 104 76 80 2 -1.22613037 -2.36216736
0 0 0 0 3 -0.499072254 4.78559637
56 57 144 151 3 -0.00170121354 -1.40653753
79 80 99 134 3 -0.00585375959 -4.76370478
64 68 161 168 3 -0.000823999813 -3.49313283
60 66 95 130 2 -0.00279102847 -4.23447609
58 60 156 191 3 -0.0570264384 -3.41230631
105 107 146 150 3 -0.000286923954 -2.78351903
0 0 0 0 2 -0.0011714393 3.03957224
129 133 36 71 2 -0.638967574 -1.3241626
47 51 55 65 3 -0.57818681 -1.93228984
0 0 0 0 2 -0.0329631679 6.18903446
47 53 67 70 2 -0.0146447262 -0.948372006
160 165 132 138 1 -0.00153051608 -2.55078244
112 112 62 97 4 -0.0486803278 -2.84012675
0 0 0 0 2 -0.0476212576 5.22353554
92 96 43 46 4 -0.011056779 -1.79569507
64 65 115 150 3 -0.551479459 -1.66562104
75 75 122 131 3 -0.0620087385 0.965149581
12 16 21 32 0 -0.568678558 -2.08770919
47 55 60 62 1 -0.166724101 -2.34236121
148 150 48 56 2 -0.00382356695 -2.95870948
43 45 62 77 1 -0.00167755876 -4.06579018
132 136 87 94 0 -0.00238063955 -1.70685983
0 0 0 0 0 -0.00828135666 6.68175888
62 68 24 30 0 -0.00920152478 -2.45608425
26 31 71 106 1 -0.191260487 -2.3968997
110 114 128 137 3 -0.000599449617 -1.62119079
99 102 117 122 3 -0.00440634415 -2.68592787
37 40 46 81 4 -0.00750267785 -0.725456119
57 58 104 139 1 -0.000221242415 -3.93248343
88 88 127 162 3 -0.0228139088 -4.03380919
111 116 130 135 1 -0.0245375112 -3.55121946
54 54 64 72 3 -0.00205380446 -2.63210154
0 0 0 0 1 -0.0572416931 3.6415689
57 64 73 80 0 -0.123102263 -3.48652029
0 0 0 0 2 -0.00456308108 4.50422382
156 157 131 136 1 -0.00497776316 -1.31993222
103 103 76 83 3 -0.0189689156 -2.98550391
56 56 70 76 4 -0.0037867697 -1.87950492
0 0 0 0 3 -0.686722755 6.71512699
80 80 97 106 3 -0.000561720692 -4.02343607
0 0 0 0 1 -0.0168595426 5.5210228
82 84 153 168 2 -0.00688525708 -3.08131576
39 51 122 153 0 -0.0021938358 -1.36411381
140 141 93 128 3 -0.00435834005 -4.76621008
43 43 57 72 2 -1.00511444 -4.09466791
51 56 65 69 0 -0.000275594619 -3.96551085
0 0 0 0 2 -0.00308336411 6.47419882
68 72 113 159 2 -0.262874037 1.75128174
158 161 69 72 1 -0.748213708 -0.834684491
0 0 0 0 3 -0.00786368921 4.15723467
81 85 118 153 4 -0.00315829227 -1.82699418
30 35 83 91 0 -0.0015122745 -2.51855755
0 0 0 0 3 -0.0507502668 3.68592095
0 86 48 55 3 -2.23167467 -1.26020575
112 114 136 143 1 -0.0341411047 -2.21641684
34 34 42 73 3 -0.0097935982 -2.10075665
101 101 41 44 3 -0.018169038 -3.2261796
0 0 0 0 4 -0.84893322 7.81969881
110 118 135 170 0 -0.000365951943 -4.98008299
0 0 0 0 2 -0.0135371331 4.93885756
0 0 0 0 2 -0.984004498 7.4731555
79 87 40 45 1 -0.000185125522 -4.1647501
67 72 95 126 2 -0.000829090946 -3.37789345
124 128 103 106 4 -0.000949371024 -4.73757458
66 72 42 54 4 -0.0628898516 -2.74873543
124 127 39 46 2 -0.000419458927 -3.74466848
35 39 48 54 3 -0.00209222245 -3.39151835
140 146 90 101 1 -0.000160451309 -6.43298006
0 0 0 0 1 -0.762919545 7.5346837
53 59 72 107 1 -0.0150490552 -0.0558366776
0 0 0 0 3 -0.0763784125 4.14631081
74 78 166 201 2 -0.000474884902 -3.41852927
45 48 62 65 2 -0.00036116931 -2.73162246
49 52 67 73 2 -0.00104730646 -3.84637022
44 46 176 187 2 -0.154847026 -3.66149259
66 67 76 0 2 -1.0307107 -0.380529612
86 90 96 98 2 -0.340046495 0.538300574
57 63 85 89 1 -0.0296677332 -2.8158052
82 86 114 116 0 -0.0288627241 -0.706727982
64 72 129 152 0 -0.00451798737 -3.20719671
78 82 39 45 3 -0.188423723 -4.68934011
43 49 97 132 2 -0.00450166129 -3.88800454
94 101 75 77 2 -0.114707239 -0.239703298
0 0 0 0 0 -0.0194425881 4.18877029
125 129 56 61 2 -0.301186025 -4.15543079
0 0 0 0 2 -0.423505783 1.66233134
56 60 71 82 0 -0.0558725186 -2.65282607
111 111 128 136 3 -0.000146981562 -2.98326421
160 161 177 212 2 -0.00805349182 -1.31192064
183 187 135 141 3 -0.0114286374 -4.37950134
79 81 58 67 2 -0.137367651 -2.46421146
0 0 0 0 2 -0.173119128 3.27676535
85 86 64 71 3 -0.0179703124 -2.22851253
40 43 100 102 4 -0.000355684315 -1.38960373
84 89 212 220 2 -0.0920938179 -1.98681998
70 73 122 0 2 -0.51230973 -1.37375522
59 61 72 107 2 -0.00154344866 -4.66293526
120 121 140 144 2 -0.0238765962 -2.97757983
99 106 54 59 2 -0.00280911289 -2.3678627
48 49 136 171 3 -0.00169479009 -1.93249846
241 0 170 143 2 -1.91908717 2.85352373
0 0 0 0 3 -0.7874735 7.19099474
108 110 133 168 1 -0.36847648 -2.81787872
47 47 78 113 3 -0.00536591979 -2.16025186
62 65 101 104 2 -0.973289669 -2.09029651
75 79 94 129 2 -0.00150729751 -4.46483278
179 181 39 50 2 -0.0488048755 -1.36940932
116 116 138 145 4 -0.00116254552 -2.44919634
0 0 0 0 1 -0.0365924463 4.35181189
119 123 136 140 3 -0.0466008782 -1.50753284
195 200 213 218 0 -0.31464237 -2.29864812
52 55 73 81 4 -0.00720188767 -1.42323434
17 26 32 32 0 -0.638023734 -1.766469
69 75 134 140 3 -0.00488354452 -0.706549764
42 50 58 65 1 -0.0030284652 -3.76666045
178 182 58 60 4 -0.162430972 -2.51793838
63 69 0 0 1 -1.23648083 1.38892388
50 52 158 181 2 -0.00136675173 -1.44460487
150 152 105 140 2 -0.000484760152 -4.16275787
0 0 0 0 2 -0.609893501 4.23479891
0 0 0 0 1 -0.0101936692 3.55394053
0 0 0 0 3 -0.0359346159 5.87742472
120 124 43 45 4 -0.00826038793 -3.98527026
0 0 0 0 1 -0.0282444879 3.83748698
171 175 46 50 3 -0.000215878841 -2.34433556
40 44 47 78 3 -0.785094202 -1.36115217
70 72 41 52 2 -0.0240830909 -1.27944505
106 107 91 94 2 -0.000198830792 -4.22710752
83 83 46 53 3 -0.000280006992 -5.04826164
63 69 101 136 0 -0.00193756365 -3.73906565
0 0 0 0 4 -0.00250505633 4.63802338
0 0 0 0 3 -0.0126780067 5.09793091
58 64 77 86 0 -0.232357517 0.475541711
0 0 0 0 2 -0.00205281214 5.88733101
102 103 37 68 2 -0.483918309 0.757224977
47 54 107 111 0 -0.0175674334 -3.14550543
100 104 117 119 2 -0.0126484632 -1.03136015
100 107 85 88 3 -0.00264084386 -4.04036665
0 0 0 0 2 -0.186323673 5.11565113
0 0 0 0 0 -0.00521664089 4.02612495
0 0 0 0 3 -0.0628651232 3.36742306
120 120 135 143 2 -0.0146202073 -3.27278161
30 33 39 54 2 -0.512635112 -0.637974381
0 0 0 0 2 -0.19157657 6.10110331
120 120 157 180 2 -0.000422808458 -2.85093951
29 32 42 47 2 -0.0561271012 -3.19899106
0 0 0 0 2 -0.31118083 5.35203218
49 49 120 208 3 -0.409141123 -0.894866765
115 115 39 74 2 -0.00138806843 -5.03449488
82 84 92 115 2 -0.0293743741 -0.732149959
0 0 0 0 2 -0.323602021 5.96791267
60 66 110 133 1 -0.00352163962 -4.52086592
0 0 0 0 3 -0.127144843 7.24509048
56 57 203 210 2 -0.00292555615 -1.60813475
118 122 68 91 3 -0.000494166045 -4.2981329
37 39 156 171 2 -0.000268206175 -1.99199343
53 59 115 150 3 -0.000143048135 -3.54572248
103 104 111 113 3 -0.0300590582 -0.512324333
92 100 169 172 2 -0.00201184582 -2.1952188
69 70 83 87 3 -0.0127072465 -3.36300468
68 70 44 59 2 -0.0159471743 -2.14134169
86 86 92 127 3 -0.00747494772 -3.17636847
75 81 28 34 1 -0.00203803112 -3.21533227
0 0 0 0 2 -0.000653796829 3.37984467
40 41 62 85 1 -0.0641848594 -0.0340610743
93 94 107 130 2 -0.000400521909 -2.70901895
162 165 85 93 2 -0.00175034616 -3.06180191
106 106 88 92 2 -0.00339489477 -3.13453364
53 54 111 114 2 -0.00325833331 -4.30568218
60 64 105 140 1 -0.0306053534 -2.56903625
0 0 0 0 3 -0.0265767779 2.30409908
92 96 112 135 4 -0.000728773768 -1.35260046
141 147 69 84 1 -0.0159812048 0.175325453
69 77 107 130 3 -0.0290348604 -1.61805439
0 0 0 0 0 -0.00283413567 6.27842093
89 91 25 31 2 -0.00284750806 -2.87704539
107 111 42 48 2 -0.0449283347 -1.67184353
140 145 110 133 2 -0.0944195241 -3.56235385
12 16 20 27 2 -0.837715209 0.452158689
98 98 109 114 3 -0.261651725 0.167539239
62 62 101 136 3 -0.00143417506 -3.59089661
110 122 137 152 0 -0.000384195271 -3.38623857
92 97 42 65 2 -0.00307797431 -3.65685654
108 112 193 216 3 -0.557708859 -2.48984337
0 0 0 0 2 -0.681840181 7.1440959
0 0 0 0 2 -0.472876728 6.31479454
104 108 63 68 1 -0.00665870681 -2.92036843
0 0 0 0 2 -0.517179966 3.91014028
60 60 15 50 2 -0.172544464 -3.95448446
106 108 119 126 1 -0.0378736369 -3.44792104
157 163 102 111 0 -0.0928084329 -0.23790653
98 98 175 210 4 -0.022054607 -2.178262
22 29 36 106 0 -0.391571462 -4.62149048
58 64 74 81 3 -0.0663689449 0.486788273
0 0 0 0 3 -0.904877961 6.22584677
49 52 65 88 2 -0.00121250621 -3.68946671
62 68 86 121 2 -0.000446732418 -5.10125303
0 0 0 0 4 -0.76669848 7.45922613
53 53 76 80 3 -0.0337136276 -3.08438754
133 137 78 113 3 -4.49416475e-05 -4.53190947
0 0 0 0 3 -0.0201508198 3.57509637
91 96 44 51 3 -0.00240406278 -2.85500908
0 0 0 0 3 -0.0419703238 3.69186473
166 171 115 150 0 -0.00205987762 -2.82655764
93 97 115 150 2 -0.111697257 0.388357043
119 123 132 143 2 -0.0552431569 -1.19533873
0 0 0 0 1 -0.050593853 2.8195498
80 86 95 130 2 -0.00130326126 -3.62493205
0 67 0 0 2 -1.0546658 2.59938288
105 112 122 124 1 -0.000493254396 -1.89808202
40 46 55 90 2 -0.0484316535 -4.46517754
92 93 58 66 3 -0.000565352733 -3.45503521
115 120 35 58 3 -0.00050957338 -5.32857609
36 38 50 53 2 -0.000616000791 -4.54018021
177 180 148 153 1 -0.101789132 -0.585414171
77 78 89 93 3 -0.00662770355 -1.96734047
107 110 40 42 0 -0.00278220605 -2.20615292
0 0 0 0 3 -0.149777278 4.87628794
0 0 0 0 2 -0.34856534 4.5146575
55 59 72 80 1 -0.000836227089 -2.19739628
107 110 60 95 3 -0.00304108788 -3.07114959
0 0 0 0 2 -0.00765246293 5.47314024
111 115 26 61 3 -0.000915225479 -5.71328974
0 0 0 0 1 -0.117407165 2.81451631
98 103 170 175 2 -0.0335791372 -0.470328271
127 0 48 71 1 -0.636394262 0.25564158
51 58 189 224 2 -0.0348980799 -1.76474714
111 111 66 101 2 -0.020148728 -3.04275823
142 147 79 114 1 -0.00238247099 -4.543612
39 39 44 49 4 -0.934471071 -1.97781539
0 0 0 0 1 -0.579782248 6.02543688
80 86 21 25 1 -0.00721912738 -3.59569788
208 209 153 188 2 -0.0406659655 -2.1264019
93 93 133 168 2 -0.10522946 -2.19987512
115 117 129 137 1 -0.000833883765 -4.02382851
67 72 139 145 1 -0.000932675437 -2.79499125
0 0 0 0 2 -0.852905333 7.18969059
94 95 55 63 3 -0.00347362272 -1.59787154
33 39 89 92 0 -0.505328238 -2.58266163
69 73 24 59 4 -0.00081684324 -3.41814923
0 0 0 0 1 -0.858677089 7.33602238
42 44 52 87 2 -0.00042185912 -3.06478882
93 93 75 82 2 -0.00227828207 -1.86510491
109 114 86 94 2 -0.141189158 0.593439162
105 109 128 139 1 -0.0184454322 -1.04452264
101 106 49 84 1 -0.00145959831 -4.30478001
90 95 133 137 0 -0.000134822301 -4.55295086
139 140 72 79 2 -0.0169467535 -4.56547451
90 94 104 109 3 -0.559614122 -2.904984
128 130 168 175 2 -0.0905890241 -2.82967997
80 84 31 66 3 -0.0348647833 -3.35845089
91 94 110 115 0 -0.00402715104 -5.38539505
50 50 106 108 2 -0.00523994304 -1.73908257
70 74 88 103 3 -0.0384210795 -2.43303251
0 0 0 0 4 -0.184278712 6.86964273
126 130 33 68 4 -0.00320077618 -3.76082373
45 50 90 94 0 -0.0016726359 -1.54726839
0 0 0 0 2 -0.00960066635 4.49789286
81 84 129 132 3 -0.00275942055 -2.83531022
112 119 95 97 0 -0.00672193337 -2.83550501
127 127 109 111 3 -0.0336853974 -0.877013922
156 158 174 197 2 -0.384788811 -2.99163675
92 92 125 160 2 -0.00299632805 -2.70391917
139 139 102 125 2 -0.00112573209 -1.64580846
86 86 96 131 4 -0.327161878 1.44859767
41 47 62 77 2 -0.02468431 -3.04068732
67 69 41 47 2 -0.000261057168 -3.10290146
147 150 133 135 2 -0.00123926974 -2.20002556
0 0 0 0 2 -0.420278847 1.97855926
55 58 100 135 3 -0.0137177454 -1.79102921
0 129 75 83 1 -1.32632065 0.691738665
98 100 108 139 2 -0.154907286 0.0622314215
104 106 73 76 2 -0.0121615482 -4.32560062
0 0 0 0 2 -0.00252355286 5.00491285
137 138 93 96 4 -0.0651573464 -3.43549228
138 139 105 113 3 -0.0105676483 -3.40581799
0 0 0 0 2 -0.0367442369 6.81081581
0 0 0 0 3 -0.731514573 7.62878847
0 0 0 0 2 -0.0209844112 5.21697712
59 59 71 73 3 -0.143235743 -0.095087111
88 89 45 76 3 -0.233944654 -2.49628019
57 57 69 74 3 -0.421915501 -1.64588141
0 0 0 0 1 -0.0606327131 4.8007555
0 0 0 0 3 -0.00462165149 3.48267388
126 126 35 70 4 -0.000734620553 -3.0434382
130 133 109 115 2 -0.00108531909 -3.02788568
15 18 23 24 4 -0.902166009 -2.50409293
137 141 78 86 3 -0.00975734647 -2.755934
76 81 162 169 3 -0.00688489154 -4.05380726
162 164 147 152 2 -0.00102015585 -2.3729322
49 53 100 104 3 -0.000609587994 -3.14587641
70 70 125 156 3 -0.0308710281 -2.74865842
77 84 159 194 0 -0.00112653745 -2.88702607
33 37 54 62 2 -0.00029252519 -4.99563408
38 40 72 107 2 -0.595104814 -3.86945224
0 0 0 0 1 -0.00454558339 3.8082521
52 53 112 120 2 -0.0075562303 -3.934623
0 0 0 0 3 -0.394516468 6.97788572
119 122 163 186 1 -0.131648421 2.76388979
188 193 75 98 0 -0.00427167956 -1.16671538
162 163 29 64 2 -0.038346909 2.77826142
76 80 35 44 3 -0.146531999 -4.20814991
125 129 56 60 3 -0.326549709 0.814792812
197 201 47 82 4 -0.00475969864 -0.790367603
26 29 77 112 1 -0.0665313005 -3.64701676
103 103 117 120 3 -0.0145108551 0.327260256
142 143 70 85 3 -0.0122977206 -3.4263804
104 107 118 125 2 -5.72200588e-05 -2.20003319
74 76 83 114 3 -0.271887153 -0.285220027
47 50 69 73 1 -0.00057886471 -1.44572306
57 58 125 131 2 -0.00190625992 -2.31077194
145 146 194 201 3 -0.156568438 -2.92686749
76 76 56 62 3 -0.000960051664 -2.79499149
0 0 0 0 3 -0.134685129 2.89585638
155 155 110 141 2 -0.00034257042 -3.4348352
52 59 140 151 2 -0.00684530521 -4.91680956
73 75 42 48 1 -0.00327526079 -3.87069511
111 118 78 85 3 -0.00204837462 -3.38133717
126 127 73 108 3 -0.0120274629 -5.19267321
0 0 0 0 2 -0.413682163 3.9512465
120 124 76 99 3 -0.00131791923 -2.52959061
107 107 118 125 2 -0.16184938 -2.83878112
0 0 0 0 3 -0.499072254 4.78559637
204 211 51 86 3 -0.829462945 -0.714349747
96 96 103 108 2 -4.06501422e-05 -2.82723284
143 147 92 123 3 -0.029740544 -2.78067017
42 45 115 150 3 -0.0868608654 -3.67958856
58 66 120 131 1 -0.0736987516 -0.177546501
126 133 44 79 1 -0.000710450986 -4.11641884
45 48 75 77 2 -0.000509941019 -4.24310875
71 71 96 131 3 -0.0491355099 -1.40997362
81 87 123 129 0 -0.000296696497 -4.42680883
117 118 133 140 3 -0.0175147969 -2.15784454
121 121 130 137 4 -0.00870637316 -0.838110447
60 67 108 113 2 -0.000393583265 -4.52230883
105 105 119 126 3 -0.000535301748 -3.24230862
75 77 94 102 2 -0.000392053684 -3.29785728
0 0 0 0 2 -0.00216705818 5.96054935
0 0 0 0 3 -0.329107612 5.58679342
92 92 47 82 3 -0.0262505822 -3.81328917
97 103 158 193 2 -0.0240339451 -0.56599164
155 159 16 53 1 -0.0159685295 0.0283151567
69 70 103 138 2 -0.0675959811 -3.37770033
34 38 49 84 0 -0.0119991908 -2.87932849
80 84 166 201 3 -0.0935427696 -0.527833879
0 0 0 0 2 -0.00617019553 4.27358103
84 88 0 0 3 -1.0395956 0.503892481
119 123 74 109 3 -1.02215421 1.33356571
98 100 44 55 1 -0.00885532796 -2.6596055
72 72 82 93 3 -1.2210505 -0.165243715
63 63 80 103 2 -8.78561768e-05 -2.14415574
0 0 0 0 2 -0.00985088199 7.69100714
90 90 112 119 3 -0.0203784015 -3.8468318
53 55 36 43 1 -0.0375504531 -3.25786328
0 0 0 0 3 -0.774418771 2.51951075
129 134 86 117 1 -0.044289846 -3.34236169
0 0 0 0 3 -0.0150407879 5.67324686
17 24 28 63 2 -0.0922975615 -1.2989943
100 104 116 123 3 -0.000781554612 -3.5465343
92 94 108 143 2 -0.00638204301 -1.96872163
125 125 166 168 3 -0.309497505 -3.00902104
153 158 30 53 1 -0.0247086044 -1.26500702
97 104 76 82 0 -0.00476871803 -1.71491385
61 68 87 94 0 -0.00570829632 -0.888593316
184 188 37 45 0 -0.538824737 -5.65600491
47 51 63 98 2 -0.00668338127 -2.66670823
29 16 38 44 3 -0.786014199 -1.3259263
47 52 110 145 3 -0.0253229551 -3.36085725
59 62 36 38 2 -0.000467600825 -4.63822031
50 55 71 75 1 -0.0174375772 -3.18864322
145 151 117 125 1 -0.00152400217 -3.6057682
97 100 115 150 0 -0.00968150422 -2.34440541
70 71 88 96 2 -0.567511499 -0.194204286
59 59 125 128 3 -0.000777075416 -1.37948632
48 52 61 63 1 -0.00473565096 -1.98767352
109 112 46 81 1 -0.0457059518 -5.47675657
141 146 95 102 2 -0.00237955712 -4.59835196
79 83 108 116 1 -0.000589675445 -2.89220142
51 51 62 67 2 -0.00368825905 -3.10609436
139 142 177 179 2 -0.687406242 -0.965438187
133 134 112 118 2 -0.00622225692 -2.28194451
12 12 17 20 4 -0.343991101 0.608502924
12 20 24 39 0 -0.0960049257 -3.45608807
68 72 81 112 4 -0.000189300379 -3.83669949
88 93 70 76 3 -7.40281321e-05 -2.71670151
57 57 70 105 3 -0.00022696708 -4.8878212
115 115 39 62 4 -0.000252114667 -2.43485045
88 88 96 107 3 -0.143475443 -0.708953619
30 34 66 73 4 -0.00279931165 -1.25437057
64 65 88 91 3 -0.00268758507 -5.65681362
95 95 107 110 2 -0.000300605723 -3.95763016
83 87 48 59 2 -6.5564418e-05 -2.74895358
122 128 101 108 1 -0.00375452708 -1.00956392
47 47 129 135 4 -0.000158781739 -3.36707115
46 49 69 80 3 -0.00136729283 -5.13211632
54 59 69 100 3 -0.0717372894 -0.296247303
46 48 57 62 2 -0.00383763481 -4.01026011
44 46 50 61 1 -0.00224504829 -1.42653537
78 80 101 108 1 -0.00477584079 -4.39719963
39 39 43 46 2 -0.108759828 0.3314659
45 45 58 93 2 -0.00526401633 -4.20382977
118 127 50 85 0 -0.0201779623 -3.9969945
101 102 110 117 2 -0.00286642555 -2.14245296
62 66 74 109 3 -0.00235612714 -4.88257122
42 45 64 68 0 -0.000594182522 -3.04126096
109 109 70 76 3 -0.0119056236 -0.517933369
42 42 60 62 3 -0.0548992679 -3.07705069
60 61 78 113 3 -0.0344563015 -4.46663713
50 51 63 70 2 -0.0142380213 -2.71659112
121 123 38 73 2 -0.00124832301 -4.05212212
72 79 97 108 2 -0.000514771848 -3.93922305
98 98 26 61 3 -0.0012067036 -4.93942356
60 67 78 83 0 -0.00111891492 -4.11232233
74 74 42 46 3 -0.00987504702 -2.742764
82 82 49 52 3 -0.000299779407 -5.82367373
81 81 41 64 3 -0.00632439833 -3.25708008
26 26 51 62 3 -0.000621217361 -3.73802114
4 4 8 43 3 -0.031772919 -1.33731699
151 153 105 136 3 -0.00139913172 -5.10075378
66 68 46 51 2 -7.37894588e-05 -4.30160046
117 117 59 66 3 -0.139736354 -1.15486264
25 25 29 36 2 -0.39179185 1.01507092
46 46 113 144 3 -0.0204808246 -3.50287366
107 110 34 45 2 -0.0500272699 -5.01176691
44 45 64 69 2 -0.00040182157 -2.83811188
49 50 83 118 2 -0.03193409 -4.41202116
96 98 117 128 2 -0.00156097091 -2.49582672
64 66 74 76 2 -0.0085928347 -3.41198921
115 120 45 80 1 -0.000436369446 -3.79272437
48 48 68 103 3 -0.0139315315 -5.24712467
127 127 63 98 3 -0.0019646571 -2.57496619
23 27 45 68 1 -0.000435177237 -2.74482059
57 60 174 178 2 -0.000180597999 -3.10872054
118 118 67 102 3 -0.00362329395 -2.79934907
139 139 48 71 3 -0.0105999708 -2.62050343
58 62 71 94 1 -0.00821318664 -2.28585839
91 92 49 84 2 -0.0270837732 -4.31616592
150 151 97 128 2 -0.00110288919 -3.29836226
17 17 38 46 2 -0.0319624878 -4.49510241
93 95 10 41 1 -0.0040831957 -2.4217
103 104 20 26 2 -0.000743580982 -4.02742815
96 96 72 80 2 -0.000648777757 -3.54188681
96 100 111 122 2 -0.000712407404 -4.02163124
0 0 0 0 3 -0.00136039627 3.68033767
0 0 0 0 3 -0.00174656499 5.79233265
0 0 0 0 3 -0.185050339 4.19352436
0 0 0 0 3 -0.07990136 3.17359066
146 146 0 0 3 -0.680755138 1.90349793
0 0 0 0 3 -0.089280948 3.7631309
0 0 0 0 2 -0.000663252373 5.55131388
0 0 0 0 3 -1.13204837 7.25362062
0 0 0 0 3 -0.000571382931 5.26243114
0 0 0 0 2 -0.655188322 7.97568655
0 0 0 0 1 -0.00783793256 4.46240091
0 0 0 0 1 -0.181989923 4.73385859
0 0 0 0 2 -0.0341828726 5.88510609
0 0 0 0 0 -0.773963571 6.62766075
0 0 0 0 3 -0.376955777 6.49368763
0 0 0 0 3 -0.00133631122 4.28198671
0 0 0 0 2 -0.00549723301 6.40012121
0 0 41 46 2 -0.478373349 1.24182177
0 0 0 0 2 -0.000168553292 3.38228941
0 0 0 0 1 -0.000257835345 3.7197578
78 82 37 43 0 -0.00606499426 -2.16610718
19 22 26 61 2 -0.273743331 -2.31408882
80 85 127 162 1 -0.00595291052 -2.42548847
98 102 35 70 3 -0.00029705849 -2.70220208
60 69 48 55 1 -0.00137389731 -2.777951
121 124 71 106 1 -0.0118398303 -2.73579669
101 102 118 129 2 -0.00227789977 -4.50241566
173 173 148 154 3 -0.0137343407 -3.05108833
123 128 139 147 0 -0.0338426381 -2.59656286
133 133 144 147 2 -0.00513177924 -3.66974044
97 99 116 151 2 -0.000494996842 -4.03507519
35 43 53 60 0 -0.00072501268 -1.96817684
74 81 93 104 0 -0.000256289146 -4.75302172
57 61 75 82 3 -0.00122665148 -5.05844259
42 42 64 75 3 -0.0024305759 -3.59840226
96 98 114 129 1 -0.0141674196 -4.65752029
185 185 145 168 3 -0.0309014656 -3.36296678
192 195 224 226 0 -0.325934142 -1.89356494
81 88 64 66 1 -0.000471275242 -3.40004635
95 98 134 157 3 -0.00372580672 -3.09079027
45 50 60 62 4 -0.0369703621 -3.97913694
51 54 76 111 1 -0.0196442287 -4.15450287
168 178 72 107 1 -0.32218346 -0.292524546
144 147 68 103 4 -0.000442939636 -2.90716243
38 42 96 107 4 -0.000399792509 -3.10012507
45 45 57 88 4 -0.141900569 -0.0528578162
20 25 78 81 4 -0.141396642 -6.24939108
0 0 0 0 1 -0.00375853665 5.01566553
0 0 0 0 1 -0.609616101 3.71539474
34 39 54 89 1 -0.000782330055 -4.63126802
65 70 136 171 0 -0.0195938312 -1.65728521
0 0 0 0 1 -0.603192747 7.54431295
0 0 0 0 3 -0.402657747 6.65080261
68 71 162 173 2 -0.00256283768 -3.7417407
84 85 93 98 1 -0.000321851345 -2.50952768
50 54 71 106 1 -0.0462453738 -2.19895077
76 80 34 36 0 -0.000796079228 -4.22568417
74 82 97 103 0 -0.000534489111 -2.18671823
0 0 0 0 2 -0.475476623 5.26347208
86 87 101 0 2 -0.41915977 -0.120615095
214 216 186 194 2 -0.0403151289 -2.31276298
93 99 179 186 0 -0.0946663469 0.556148171
80 83 30 65 3 -0.000947303954 -4.75567722
0 0 0 0 3 -0.00465572532 4.53946495
97 98 164 171 2 -0.000605852169 -3.58237195
92 98 37 45 1 -0.0117571158 -2.15765786
0 0 0 0 1 -0.154133573 2.53241563
10 12 22 26 2 -0.00510768825 -0.394488364
104 104 118 120 2 -0.00106670603 -3.853971
88 98 66 72 1 -0.0120374691 -1.19976795
140 145 125 131 1 -0.000972421316 -1.79616189
60 61 49 55 2 -0.00137073779 -3.28872705
59 61 93 100 2 -0.00245369133 -3.21763134
0 0 0 0 3 -0.0197210945 3.50498486
35 43 110 117 3 -0.000734719273 -4.51117182
37 40 120 155 3 -0.000909422117 -5.48775959
65 73 96 131 1 -0.0231124107 -4.11513567
0 0 0 0 2 -0.440069944 2.4136467
42 44 85 108 2 -0.00576069066 -4.02531004
50 56 66 70 0 -0.000381194666 -4.22040653
53 53 138 144 3 -0.000759387854 -3.64038396
153 157 101 136 3 -0.000526213378 -3.05323839
146 150 47 82 3 -0.00116225844 -1.90385842
108 108 30 37 2 -0.000217429493 -4.69231272
85 87 100 135 2 -0.785105348 1.36637497
0 0 0 0 4 -0.0303519443 3.7054112
93 98 54 61 3 -0.419502437 0.0423192382
0 0 0 0 3 -0.542186499 4.56618357
85 90 103 134 4 -0.00480205333 -1.69169068
73 76 34 57 1 -0.0843854174 -1.28189158
97 97 112 147 4 -0.000292762241 -4.34137249
0 0 0 0 2 -0.164707378 3.40378952
56 57 69 72 4 -0.00186970364 -1.85629559
75 75 84 92 4 -0.000766082958 -1.54399443
107 109 57 92 3 -0.0200149827 -4.30273485
141 142 120 126 2 -0.00117293745 -2.45430112
35 36 48 54 2 -0.0133731626 -3.10185814
137 137 90 97 3 -0.223754495 -4.65996695
118 118 155 170 3 -0.130368382 -1.95724845
117 121 92 95 0 -0.00274310354 -3.74180365
65 65 35 37 3 -0.0103796916 -2.2896049
49 52 103 138 3 -4.56568159e-05 -3.45429778
41 42 75 80 1 -0.00125883368 -2.43322563
65 69 83 98 1 -0.00919054449 -2.86171889
121 126 182 186 0 -0.0029132748 -4.47511768
73 78 110 117 1 -0.114844941 -1.23103845
73 76 53 55 2 -0.00161815528 -3.49109435
55 56 72 87 4 -1.12645006 -1.02244496
49 52 59 94 1 -0.00672291592 -3.86635447
0 0 0 0 3 -0.81654644 7.50217295
0 0 0 0 3 -0.678144515 6.15038109
107 110 121 156 2 -0.000262489484 -2.55508804
92 97 53 62 3 -0.000210754399 -2.63646722
96 99 40 47 3 -0.0288389008 -0.472164363
0 0 0 0 2 -0.588986635 3.64092803
62 70 119 150 0 -0.0163916908 -2.26843166
103 107 29 64 3 -0.0662810877 -2.38290048
64 68 44 49 4 -0.00223975396 -2.16109109
0 0 0 0 2 -0.0116955098 4.7382102
0 0 0 0 1 -0.140683308 4.57025385
82 87 104 112 2 -4.66104029e-05 -3.96210217
60 64 129 136 2 -0.0129962144 -0.027187407
77 77 85 88 2 -0.921841383 -0.197448403
121 125 68 103 3 -0.0438294113 -2.10243535
113 113 96 98 3 -0.20858331 -4.17526007
33 37 53 88 2 -0.323651075 -1.23481274
0 0 0 0 3 -0.0540051609 5.0032053
92 92 74 78 4 -1.05343652 -0.432558596
98 100 49 84 1 -0.00690114498 0.0734541416
66 66 51 57 3 -0.00564294821 -2.64676166
25 29 34 39 4 -0.0454913042 1.73270249
107 111 124 139 3 -0.00570294773 -4.38903093
114 120 90 101 2 -0.000226609671 -3.7179575
92 94 22 28 1 -0.000269397511 -5.0202651
0 0 0 0 3 -0.0806001723 6.43372011
120 123 132 138 4 -0.00152461347 -2.07127929
103 105 63 98 0 -0.265942484 -4.4855566
48 53 62 97 3 -0.00883488357 -1.68724632
0 0 0 0 0 -0.0104071377 6.23146439
25 31 43 47 2 -0.00888351072 -4.30105352
0 0 0 0 1 -0.0214822739 5.57789326
0 114 136 167 3 -0.998458505 -2.8336637
30 34 39 51 2 -0.00889718253 -3.37545085
106 107 120 155 2 -0.0123003069 -3.70336056
0 0 0 0 2 -0.0994446054 6.57584238
94 97 40 51 3 -0.00402044784 -2.45283723
216 222 84 119 1 -1.01785171 0.884623826
125 133 108 113 1 -0.000735933427 -0.941070139
97 98 113 121 4 -0.0595885776 -1.67119241
0 0 0 0 3 -0.643847048 3.11735106
44 0 62 77 2 -0.910776973 0.349401534
141 144 177 212 3 -0.552982986 -3.10211897
72 80 92 96 0 -0.00109852757 -3.84695768
137 0 92 100 0 -0.563708425 2.18897676
100 107 122 157 2 -0.000197871908 -4.62936306
0 0 0 0 2 -0.080316931 4.48901415
69 72 86 109 1 -0.0436827429 -0.546467245
108 111 131 166 4 -0.00656778505 -0.942881465
117 119 69 72 1 -0.00435414119 -4.99948072
59 64 105 140 4 -0.000406123436 -1.91086268
49 52 19 25 1 -0.00105727091 -3.5244453
103 105 80 88 2 -0.0011342119 -4.53031588
99 99 108 115 4 -0.0323336944 0.722042024
118 121 140 143 1 -0.116265662 -2.08789206
119 122 141 145 0 -0.0451126471 -2.40888762
130 130 46 77 2 -0.00047284906 -3.41963601
43 43 61 72 2 -0.00906502642 -3.9008553
83 90 99 134 2 -0.0967925563 -1.96832728
65 69 81 88 2 -0.425359964 -1.36057305
130 132 39 46 2 -0.000781076611 -2.62390113
91 95 67 72 0 -0.372333199 2.70604992
36 37 53 59 4 -0.48288846 -2.50967073
104 110 125 156 2 -0.120539963 0.655687988
61 65 74 78 2 -7.08095249e-05 -4.15379
54 54 70 78 4 -0.00451338617 -0.725712776
0 0 0 0 3 -1.05450523 2.08996844
144 147 79 87 2 -0.000451036962 -4.43631601
0 0 0 0 2 -0.0678613484 6.84089041
0 0 0 0 3 -0.525102973 4.27886724
62 62 88 91 3 -0.00090491405 -2.66258097
36 37 18 26 2 -0.0132258981 -1.95374703
91 96 40 75 3 -0.0712007806 -3.46748185
213 216 47 51 2 -1.11189592 0.881253183
0 0 0 0 3 -0.637901545 7.7750001
117 126 100 106 0 -0.00237039616 -2.66885519
31 36 46 77 1 -0.3019391 -1.98990273
140 145 158 162 4 -0.00242238515 0.191357076
52 55 74 97 1 -0.0366393402 0.67845875
48 52 56 61 2 -0.185612574 -2.12550402
56 61 107 111 0 -0.00175610022 -2.54066205
156 156 104 107 2 -0.0010483606 -4.27403784
160 168 183 218 2 -0.00731811579 -5.04127026
141 145 41 64 2 -0.00292547792 -4.32206869
52 57 77 81 0 -0.112663426 -2.88952065
93 94 57 63 2 -0.000280010165 -4.78141308
7 11 17 52 4 -0.0582532734 -1.38767099
44 44 119 154 3 -0.355825394 -1.64807105
48 50 93 128 2 -0.100156114 -2.26167083
0 0 0 0 2 -0.00175971899 4.63912201
152 154 97 106 2 -0.00500211306 -2.79626274
113 119 95 98 1 -0.0164904352 -1.976825
54 54 105 113 3 -0.000486445148 -3.06788158
0 0 0 0 3 -0.530196786 4.87078762
124 129 59 94 2 -0.000392283895 -3.80513096
137 144 81 85 2 -0.00218305946 -6.23198175
28 32 40 75 2 -0.0106526325 -2.4942596
0 0 0 0 0 -0.695353091 4.7344842
69 74 85 90 4 -0.00890785176 -5.07373381
103 103 114 149 2 -0.000884323032 -2.38373327
115 121 60 100 3 -0.00555411913 -0.748382866
0 0 0 0 1 -0.00461609755 5.05086422
138 139 97 112 3 -0.008519792 -3.13000274
0 19 31 34 2 -1.40661454 2.9446795
83 89 102 105 2 -0.00283889705 -1.6722765
15 19 32 35 3 -0.523630857 1.75556326
161 167 66 68 3 -0.00476119854 -5.9107933
0 0 89 96 3 -0.594231009 0.596361816
71 74 150 153 2 -0.0112541961 -2.79097104
164 164 36 40 3 -0.00233808579 -3.00026393
69 74 56 64 0 -0.000120040582 -4.00423956
0 0 0 0 1 -0.202041149 4.22899485
53 53 112 127 3 -0.0132275624 -3.52611232
50 54 71 75 3 -0.0108016059 -4.88697958
163 166 78 85 3 -0.121647015 -4.11076307
166 168 89 124 1 -0.0208062213 -2.85604858
0 0 0 0 1 -0.00263753161 6.91268539
141 141 67 74 3 -0.0148964887 0.686822951
80 88 33 68 0 -0.0217679888 -3.42671752
99 99 120 124 4 -0.00080179103 -3.75402451
98 102 119 127 2 -0.0100577306 -1.80955982
161 165 60 95 1 -0.000496075256 -1.38970613
124 127 96 101 3 -0.369118214 -1.31456685
45 49 77 82 4 -0.000271305908 -2.692384
0 0 0 0 2 -0.00128134165 6.44715929
0 0 0 0 3 -0.0039183218 4.70471001
0 0 0 0 4 -0.51143527 7.444489
30 32 52 87 1 -0.356949359 -3.49144244
77 81 53 60 2 -0.0883864835 -2.37556076
106 108 86 94 2 -7.30744796e-05 -3.53906202
108 111 72 76 2 -0.00953637343 -4.1717391
16 19 35 41 2 -0.00167874305 -3.27909565
113 117 60 95 2 -0.00522273919 -3.61072755
63 67 100 0 1 -2.07774162 1.87353563
56 60 41 45 1 -0.00371928886 -0.493549407
130 133 141 143 2 -0.00290228659 -2.85077977
73 77 116 139 2 -0.0208450276 -1.62553906
105 105 120 155 3 -0.000101086043 -4.27901602
98 106 64 70 0 -0.0328247435 -0.244188294
102 104 57 63 2 -0.00325450581 -4.85330963
0 0 0 0 3 -0.847700179 7.73378038
83 91 141 147 1 -0.00253812643 -3.63502955
58 58 72 79 4 -0.000141255776 -4.18989563
46 46 126 130 2 -0.000832000223 -4.29334116
82 88 64 68 2 -0.0715685189 -0.325854808
0 0 0 0 2 -0.485810876 6.96437407
48 51 168 174 2 -0.118681408 -5.31107759
86 86 59 62 2 -0.0809924826 -2.01734853
13 15 78 113 2 -0.00959275849 -2.12490153
23 27 47 54 1 -0.00400588615 -1.91556096
0 0 0 0 2 -0.41651246 7.28998089
81 85 25 60 4 -0.0389016904 -2.44592834
0 0 0 0 4 -1.30496585 7.43965626
106 106 57 62 2 -0.204419494 -3.66349959
0 0 0 0 0 -0.0545334108 4.07973051
0 0 0 0 1 -0.973905504 7.67370272
144 149 183 218 1 -0.0240462385 0.290837348
62 66 136 151 2 -0.00117103034 -3.37049794
127 131 55 60 2 -0.0348177105 -0.294898242
129 132 58 0 2 -1.97042179 4.17982817
106 109 115 117 2 -0.0292236973 -1.53349042
0 0 0 0 2 -0.412016332 6.53148508
86 91 121 127 0 -0.00329051819 -3.4601686
32 37 48 53 4 -0.0123089124 -1.29920006
193 194 124 147 2 -0.0757861733 -3.06489706
31 33 46 81 2 -0.000904200657 -4.05432653
92 95 74 77 2 -0.0598996058 -1.28884435
0 0 0 0 0 -0.622997701 5.5992775
104 109 55 90 0 -0.000707052532 -2.3074069
92 95 108 116 3 -0.0006382711 -5.09528637
45 46 58 65 3 -0.0533522256 -0.854909182
208 209 59 114 2 -0.391129255 -1.59792471
58 62 85 92 3 -0.00717720017 -3.5975728
112 112 133 140 2 -0.00411811005 -4.82969046
112 117 48 53 1 -0.00403397623 -2.70443273
88 92 80 83 3 -0.00143448974 -1.91097164
0 0 42 45 2 -0.486746222 1.58153272
0 0 0 0 2 -0.756853521 4.22005367
81 85 169 140 2 -0.733314991 0.406403244
47 47 66 70 4 -0.000677270989 -1.28141785
70 71 53 59 3 -0.0274632238 -1.71734667
121 126 69 104 0 -0.00259886053 -2.36617637
53 57 72 107 1 -0.179034039 0.419902563
117 118 191 194 2 -0.0912094861 -5.76796865
0 0 0 0 2 -0.0104722083 3.65110087
119 119 38 73 2 -0.759012759 -6.3472147
83 87 143 166 1 -0.371548563 0.773584187
58 63 138 173 4 -0.00199286663 -3.69068289
198 200 121 156 2 -0.102290586 0.592247188
0 0 0 0 2 -0.543779075 6.22225237
130 130 42 49 2 -0.00272565149 -1.42783141
59 60 29 37 3 -0.00198133732 -2.49835563
90 95 27 32 1 -0.00121745968 -2.63085723
68 74 128 133 0 -0.00384983141 -4.09139061
79 82 98 103 2 -0.00941929687 -4.95402908
165 168 120 143 3 -0.503576517 -4.19955111
102 108 85 92 0 -0.00122474751 -1.78091574
0 0 0 0 3 -0.794983447 4.43489504
73 79 87 92 0 -0.000615369529 -1.6970675
140 144 171 174 0 -0.0161993764 -4.37876177
0 0 0 0 2 -0.0527094007 5.45828342
100 103 59 64 2 -0.548910379 0.115554869
100 101 108 115 3 -0.054511454 -0.359800428
104 105 161 167 3 -0.0279616453 -1.86048508
45 51 66 71 1 -0.00444352673 -2.96954036
133 134 154 157 3 -0.00129981816 -4.24289322
49 54 73 79 0 -0.0144938752 -0.905031621
0 0 0 0 3 -0.00289643463 5.35963297
0 0 0 0 2 -0.0242964718 4.62636566
0 0 0 0 2 -0.0046555493 5.7008276
172 173 51 86 3 -0.0295091607 -5.64798403
47 55 105 113 1 -0.00440536486 -5.66761208
148 149 74 79 2 -0.00242407899 -1.93990993
48 51 62 67 2 -0.00157308707 -0.400170892
76 77 90 113 2 -0.0115775047 -1.80926347
179 183 73 84 2 -0.312934875 -2.43460226
40 44 61 76 3 -0.00043837991 -5.34403276
83 87 100 106 0 -0.0651785657 -4.07257891
103 108 117 128 0 -0.00892406516 -0.839777112
0 0 0 0 2 -0.00137436984 4.86875486
53 55 64 79 1 -0.00983052421 -2.34145856
52 59 99 104 0 -0.000422570505 -5.50159264
90 90 104 106 2 -0.00178008829 -3.54922342
78 78 115 150 2 -0.00457894616 -2.51392722
28 35 51 55 0 -0.00227239961 -6.05708504
44 44 59 94 2 -0.00033255812 -5.39300394
107 107 189 196 3 -0.0377672277 -3.61280942
68 74 106 141 2 -0.000646177214 -2.38201833
73 74 28 39 3 -0.00136467093 -4.44129372
169 170 52 59 2 -0.522284627 1.88861203
18 19 93 101 3 -0.00404556282 -2.86777735
36 37 142 146 2 -0.0146461921 -3.19438171
124 132 30 65 3 -0.171725854 -2.57842588
51 54 69 80 3 -0.0201767907 -4.46052837
156 161 34 41 1 -0.0129831349 0.382735252
106 109 52 87 2 -0.010978369 -3.81899285
107 112 127 162 4 -0.00396734197 -1.36287832
45 51 128 159 1 -0.0368858166 -1.10160995
0 0 0 0 3 -0.00285441242 7.09767485
114 120 83 94 3 -0.22448644 -4.19160223
80 85 30 65 1 -0.00438670255 -3.17697191
0 0 0 0 3 -0.0813548937 1.51728415
122 125 69 80 3 -0.00122708874 -3.65939188
54 54 89 0 3 -0.736689687 -1.60097718
124 124 136 140 2 -0.000141379249 -3.76450062
137 139 120 127 1 -0.0297429506 -2.70390415
109 109 205 210 2 -0.0398459025 -1.75297236
60 61 117 132 1 -0.109388851 -1.7085073
0 0 0 0 4 -0.643234968 7.92756128
116 127 65 67 0 -0.00130005216 -4.84545422
87 92 109 115 1 -0.00248401798 -0.914459229
45 48 59 94 3 -0.0107412999 -2.30823922
130 132 149 157 2 -0.0491340831 -3.15191054
161 168 50 85 0 -0.157515094 -1.67096806
131 133 76 111 2 -0.0309907831 0.476503253
0 0 0 0 2 -0.525535107 3.38842964
126 127 142 173 3 -0.0344096087 0.54977411
99 100 85 87 4 -0.00210127444 -3.83730602
51 56 102 125 1 -0.70365411 -2.45377827
0 0 0 132 2 -0.844493747 1.884552
0 0 0 0 2 -0.0161243305 4.03474092
90 94 110 145 2 -0.0202142615 0.0973861217
133 142 96 119 0 -0.0278080869 -2.44643378
40 42 31 33 2 -0.0150387753 -2.18108916
0 0 0 0 2 -0.00542002078 4.17841673
56 59 119 128 3 -0.000207534205 -2.66245747
64 67 42 47 3 -0.266482949 -1.30419397
142 146 52 57 2 -0.509202123 -5.85974884
120 120 136 154 3 -0.404531896 -5.30185366
106 110 143 178 3 -0.0840441212 -0.268102676
0 0 0 0 4 -0.115904346 4.21171951
34 34 45 51 4 -0.718571007 -0.252028555
66 70 48 49 1 -0.462117612 -0.209178984
79 0 132 136 1 -0.635783076 0.883469284
113 122 54 89 0 -0.00211834908 -5.49137115
99 100 35 42 2 -0.00160780363 -3.42778754
129 131 47 54 2 -0.00105970528 -1.8262558
70 76 89 97 1 -0.000583432964 -3.79980135
50 56 95 101 0 -0.000798062189 -4.82125521
0 0 0 0 2 -0.174479276 1.2756362
45 47 118 126 2 -0.0181162916 -3.03578758
0 0 0 0 2 -0.000363554253 5.28958321
68 0 82 89 2 -2.03106213 0.283890784
133 138 40 63 1 -0.000804733136 -4.80943537
104 110 120 131 2 -0.000809090852 -1.51968908
71 75 36 40 3 -0.00167635013 -0.86166811
39 43 56 158 1 -0.513069034 -1.39976835
103 104 35 70 3 -0.00359242363 -2.35078716
77 81 43 48 2 -0.00357036013 -4.01204157
147 0 0 0 3 -1.54290366 2.71948934
96 101 116 124 4 -0.000203245523 -1.43808222
54 62 75 110 1 -0.00439720182 -3.10741162
65 68 41 52 2 -0.0154388146 -1.64311957
65 68 86 121 2 -0.000178093833 -5.32974529
63 66 50 52 1 -0.000504419499 -1.75720978
95 101 22 27 1 -0.0712053701 -2.08736157
64 65 46 50 2 -0.000363210333 -2.24820209
99 102 23 30 3 -0.451792389 -0.364912361
133 133 96 103 2 -0.073838681 0.259456515
49 53 62 68 1 -0.00830616243 -0.0570614636
128 128 56 91 2 -0.0130483182 -2.84080219
74 74 93 128 3 -0.232789636 -2.79020095
162 165 66 101 2 -0.0108693885 -3.98935294
47 47 120 155 4 -0.00868022814 -0.588489652
40 40 58 65 3 -0.00152890594 -2.01633739
174 178 56 91 3 -0.00457327347 -1.91572976
0 0 0 0 2 -1.3218528 0.788781583
162 168 115 118 2 -0.0141367903 -1.30852365
59 61 96 119 2 -0.00660237949 -3.35815287
130 134 0 83 4 -1.99746704 0.780790031
0 0 0 0 1 -0.357018501 6.24846935
78 87 105 140 0 -0.000791158061 -5.14368868
106 109 120 155 3 -0.00113211514 -4.89180088
51 57 75 110 3 -0.00161815132 -3.59743381
67 69 53 60 2 -0.00332961511 -5.55673647
20 24 29 64 4 -0.382680893 -3.92724204
129 137 110 117 2 -0.00541679561 0.0382080674
74 79 95 130 4 -0.0033870046 -3.64852214
49 50 65 100 3 -0.12962541 -4.54901457
41 41 51 58 4 -0.0257817432 -2.86487627
0 0 0 0 2 -0.197636873 5.66927958
142 144 119 125 2 -0.00673252624 -4.71459675
85 89 99 105 2 -0.000926980691 -2.47265482
134 136 161 172 2 -0.362736374 -5.36383247
72 74 93 128 2 -0.000237572909 -4.2800703
79 81 33 68 2 -0.0888003111 -2.00564408
69 77 23 58 1 -0.00606152648 -4.54261017
83 85 30 61 1 -0.00432379218 1.3139112
115 116 139 170 3 -0.00989981275 -2.12633777
115 121 46 49 0 -0.0207195804 -3.43972969
141 146 72 79 0 -0.0258349795 -3.22074533
105 48 62 67 2 -0.574437201 -3.23902655
79 90 36 41 0 -0.0011103854 -4.18267345
47 47 57 92 3 -0.000821872731 -3.32051444
102 104 57 92 4 -0.000752763823 -4.27771425
115 119 56 71 3 -0.00150582625 -4.08377743
0 58 68 75 4 -1.59685373 -0.262294263
65 69 41 47 4 -0.0084283473 -2.23388648
83 84 114 121 3 -0.00309471739 -1.1005137
84 86 40 75 4 -0.00295533286 -2.19143891
101 105 117 124 4 -0.000126597923 -1.5213058
122 126 160 162 1 -0.0427651405 -0.736662149
0 0 0 0 2 -0.0161089282 5.87380266
0 0 0 0 2 -0.192918599 5.46263313
109 111 47 56 2 -0.00780177303 -4.39634752
45 49 83 90 1 -0.0109052872 -5.87952995
69 73 107 113 3 -0.000116345262 -2.53312325
126 127 52 54 2 -0.0458137169 0.595423639
87 94 106 141 0 -0.000461136224 -3.57922864
90 90 102 109 3 -0.4745107 -1.80140376
0 0 0 0 3 -0.010513097 5.79152918
104 106 69 71 3 -0.000704588834 -3.31555772
76 80 48 55 4 -0.000240316105 -2.6703372
0 0 0 0 2 -0.582880735 6.13033724
24 31 35 50 2 -0.08786612 -1.75253892
0 0 0 0 2 -0.0101751564 5.59219217
61 62 82 117 3 -0.00278623821 -2.90008116
131 134 168 203 4 -0.000467142643 -2.51065516
28 28 57 65 3 -0.0162996333 -0.915295541
62 67 79 114 1 -0.0238302536 -3.36663103
145 146 159 194 3 -0.00386060379 -3.55500412
0 0 0 0 2 -0.702423215 6.99162388
46 51 92 127 3 -8.36839899e-05 -3.88550973
137 145 120 126 0 -0.00422976166 -3.60947108
0 0 87 0 2 -0.624411762 -0.738029182
176 0 43 78 3 -1.69478774 5.16032076
0 0 0 0 3 -0.00107936293 5.78738976
0 0 0 0 2 -0.327310026 3.12719154
39 45 54 65 1 -0.000460212643 -2.31913948
146 146 162 173 2 -0.00857375748 -5.76215744
0 0 0 0 3 -0.668884158 4.24902916
48 52 162 197 4 -0.0323402174 -4.566329
104 108 122 133 1 -8.01070928e-05 -3.62452865
39 44 60 64 2 -0.000274762278 -4.07364273
136 139 51 86 3 -0.305642426 -2.76811981
69 73 165 172 0 -0.0770936757 -2.39758253
112 116 171 175 3 -0.244078726 -3.81215763
97 97 106 137 2 -0.0222417191 -1.12906253
100 104 113 122 2 -0.0406527296 -2.40125561
75 80 145 180 4 -0.000937895209 -2.45946693
81 82 111 114 3 -0.00192019495 -1.58872557
51 51 70 105 3 -0.00159719225 -3.35372806
35 35 55 58 2 -0.0236490071 -2.82325983
63 72 80 91 0 -0.0637965351 0.705673993
124 128 107 118 2 -0.111055441 -2.73914695
59 59 106 109 3 -0.0088938782 -2.59494114
0 0 0 0 1 -0.619863629 1.70064759
38 39 49 84 3 -0.310425133 -2.90022612
0 0 0 0 2 -0.418922603 7.53772116
24 25 38 61 2 -0.00204401836 -3.17884231
132 134 82 90 1 -0.000684835424 -4.06417179
73 73 50 61 3 -0.24088119 -1.33794999
135 138 102 105 1 -0.00378773245 -2.93247843
100 103 74 81 2 -0.321044028 -3.05396199
168 168 111 122 3 -0.000546388328 -4.83083057
0 0 0 0 1 -0.0476567447 2.52967691
52 52 181 186 3 -0.166446671 -3.3351717
0 0 0 0 2 -0.900577426 7.49538422
62 65 78 113 3 -0.0177258868 -0.588189721
55 56 75 90 2 -0.00152846496 -5.04273033
54 61 35 43 0 -0.00311545655 -2.46511507
0 0 0 0 1 -0.263952255 2.99959731
0 0 0 0 1 -0.116629437 3.20557404
0 0 75 77 3 -1.06084812 2.56612325
145 150 19 54 3 -0.00421841163 -2.76939678
0 82 102 141 3 -0.640908659 0.288294077
69 69 41 52 2 -0.00129771198 -2.37644315
0 0 0 0 3 -0.907863796 7.00166178
96 100 48 71 1 -0.031627439 -0.895457029
65 68 49 51 2 -0.571202457 -2.8662262
115 116 150 153 2 -0.0314795561 0.0388708711
44 51 107 142 0 -0.253743887 -3.83648968
109 109 55 61 2 -0.0968837366 -0.331299841
222 223 163 198 2 -0.174357116 -4.2450552
123 126 75 98 4 -0.0140547836 -1.21416497
0 0 0 0 2 -0.557334721 6.29536057
60 67 80 85 2 -0.0122740157 0.342168629
116 119 30 65 3 -0.00247614551 -2.20730138
36 36 65 100 3 -0.00386998872 -3.44300604
0 0 0 0 3 -0.31070742 6.03075361
95 95 78 83 2 -4.12461159e-05 -4.05104828
0 87 0 0 2 -0.900396347 1.50867534
152 158 44 67 1 -0.0627219379 -1.32602406
48 49 61 69 2 -0.00116982055 -3.5772543
22 29 36 71 2 -1.08903408 -2.2071209
81 85 93 97 2 -4.41069715e-05 -3.86220121
0 0 93 99 1 -0.647390068 2.2047019
95 99 43 78 2 -0.000164503552 -3.60441828
125 126 52 87 4 -0.0116233379 -1.84637141
0 0 0 0 2 -0.00534950523 4.52749729
107 109 147 152 2 -0.259713411 -1.58297682
0 0 0 0 3 -0.066732578 4.11066866
90 91 52 55 3 -0.000259506574 -3.91770673
151 155 36 59 3 -0.0213106256 -1.49038768
138 142 79 83 1 -0.00575719867 -4.58307934
136 143 93 101 1 -0.000104065381 -3.5222652
77 83 38 45 1 -0.00671410887 -3.56828237
44 48 60 95 3 -0.00761182886 -4.51050806
0 0 0 0 2 -0.0149163306 4.65745115
58 61 106 141 3 -0.270127058 -0.406042814
35 39 44 70 3 -0.0841604471 -3.00592947
0 0 0 0 3 -0.772760689 7.18741655
74 79 95 98 3 -0.0514023453 -4.1112051
69 74 47 58 2 -0.622499585 -0.953220487
45 49 92 127 2 -0.693031371 -4.57449484
0 0 0 0 2 -0.0709579885 5.0646553
94 98 181 188 3 -0.0625196621 -1.44672036
80 83 23 58 3 -0.00623385794 -4.96816349
0 0 40 0 1 -1.19557524 3.7298739
0 0 0 0 2 -0.00285511487 5.51383686
114 117 46 52 3 -0.00766834151 -5.06707764
157 160 68 110 2 -0.154574841 -0.710422993
53 53 107 115 3 -0.407018304 1.66214824
39 43 54 63 0 -0.000299799111 -3.38554811
55 61 72 79 2 -0.00945804082 -2.2252872
37 43 47 59 0 -0.0934468061 -4.20236826
40 44 27 31 3 -0.00348189124 -1.59699941
193 197 152 157 1 -0.0583264194 -1.60915565
0 0 0 0 3 -0.452933222 5.11851501
41 45 59 74 3 -0.000683723483 -4.04694748
45 48 125 136 1 -0.000242936876 -1.96969008
97 100 49 84 2 -0.122568578 -2.28060436
103 109 136 142 1 -0.00188744371 -4.5957613
56 64 76 83 0 -0.000100134232 -3.53853655
59 62 75 79 2 -0.00654508593 -2.96708131
0 0 0 0 3 -0.176917031 3.98020577
113 117 90 96 3 -0.000241627713 -4.84563494
57 58 68 79 2 -0.0245045368 -1.94401765
85 89 102 108 3 -0.0191449821 0.928070724
68 72 202 233 2 -0.0961167067 -3.20606995
157 165 56 91 1 -0.145192623 0.0286612809
47 50 71 76 0 -0.0683244765 -3.11247873
183 186 98 103 0 -0.00387658831 -2.87900686
45 48 69 80 3 -0.5042997 -2.10353589
166 168 46 53 3 -0.00266859308 -4.4222126
0 0 0 0 2 -0.539715052 7.24097347
52 57 69 72 1 -0.0435921326 -4.04374361
0 0 0 0 0 -0.0414158143 4.46076584
128 130 65 110 2 -0.646094799 1.63520145
132 137 110 118 1 -7.03327169e-05 -2.34681082
155 155 170 205 0 -0.173936784 -2.75851512
137 140 181 216 1 -0.115048915 -0.920846879
0 0 0 0 3 -0.946628213 7.19221687
68 76 105 140 1 -0.0213426016 -0.862686515
144 150 103 105 0 -0.00202593417 -4.2364378
0 162 102 0 2 -2.02980709 2.78445435
106 113 33 42 2 -0.0121741444 -2.35120964
106 107 45 53 1 -0.00959972851 -1.24128854
0 0 0 0 1 -0.181176484 5.59829426
0 0 0 0 3 -0.556532979 0.552403092
0 0 0 0 3 -1.37724209 4.08139706
0 59 0 78 0 -1.37109244 1.02906156
0 0 0 0 3 -0.549290955 6.58598232
44 47 78 113 3 -0.0223103948 -6.52018166
133 134 151 186 2 -0.0176423751 -1.91347003
41 48 65 69 1 -0.0115028722 -2.77489853
141 147 34 69 2 -0.0298078805 -2.15078568
106 110 125 160 4 -0.0408532694 -0.850848436
0 0 0 0 2 -0.0058347173 3.78571296
110 113 141 146 1 -0.0144827636 -4.33513021
143 149 77 81 1 -0.00323399133 -2.87017226
0 106 44 50 1 -0.305343121 -1.91637993
113 118 63 69 3 -0.00539094256 -4.50029993
17 23 28 35 1 -0.152168065 -0.621880889
0 0 0 0 2 -0.000466277997 5.09161472
109 109 57 62 2 -0.217462599 -4.08738136
50 51 88 92 2 -0.0532818586 -0.389721274
46 52 96 104 2 -0.000117179545 -4.5154562
117 121 56 67 0 -0.029126985 -4.0776248
73 75 48 52 1 -0.03294833 -0.797144532
59 61 128 133 2 -0.190842688 0.91529721
204 206 61 70 2 -0.0116520831 0.420330405
86 90 101 136 4 -0.0126836719 -4.61977625
95 97 114 120 2 -0.00050778786 -4.34285212
34 36 73 108 2 -0.0165040102 -3.48462176
103 108 22 23 1 -0.120164201 -2.16142511
97 98 19 22 3 -0.0282820221 -4.10163498
0 0 0 0 2 -0.217521206 6.03885031
49 53 90 125 1 -0.000837664295 -0.947662771
0 0 0 0 2 -0.0293821748 3.39983606
52 58 186 194 3 -0.0442064889 -5.00635815
130 138 148 150 0 -0.169019595 -3.82660055
109 114 132 141 3 -0.00349467946 -6.0235672
68 111 82 86 4 -0.814454198 -0.473719418
118 120 61 63 2 -0.00519808987 -4.07479095
26 26 76 85 2 -0.201457426 -1.44550848
134 137 36 71 3 -0.00243520318 -4.52179384
62 65 117 119 0 -0.00783549063 -1.32693708
107 109 91 95 2 -0.0479866564 -0.38102293
22 30 38 73 2 -0.653357804 -0.331050217
94 97 113 119 4 -0.000404800987 -0.981042862
117 122 64 99 2 -0.00103807112 -2.27741694
0 0 0 0 2 -0.207553804 5.54396152
116 116 146 161 3 -2.00136805 1.07914758
45 45 96 102 3 -0.0471795499 -5.23501396
69 74 103 138 1 -0.0085980529 -2.18812919
116 118 132 139 2 -0.00104553928 -4.21548939
75 79 172 195 4 -0.0366689041 -2.12285662
106 110 127 162 4 -0.00225950801 -2.6320312
130 134 104 106 2 -0.00335298944 -2.42332458
0 0 0 0 3 -0.65557456 4.36797905
92 96 115 119 3 -0.00366527122 -2.28941393
0 0 0 0 2 -0.00223588105 3.2884419
114 118 38 73 4 -0.00172782422 -1.68542981
0 0 0 0 2 -0.436044365 3.20986414
118 124 67 70 0 -0.0315314233 -2.52595115
34 35 47 70 2 -0.00477079116 -5.23987103
79 82 113 120 2 -0.00609659124 -2.756778
62 68 107 118 1 -0.0514308438 -1.40218961
30 40 148 154 1 -0.0162470303 -2.77495694
74 74 179 186 3 -0.000571905926 -3.09068298
128 130 148 183 2 -0.00263994024 -1.64876604
162 166 41 64 2 -0.00135488098 -3.42932105
43 50 88 94 0 -0.00620079786 -3.26300693
135 139 92 96 1 -0.00871228147 -1.86729527
121 123 73 82 1 -0.00127236068 -2.28910685
0 0 0 0 2 -0.000537498796 4.96475172
74 77 37 40 1 -0.00411498826 -2.31571651
101 101 116 151 3 -0.444704294 -0.296275079
103 104 115 120 2 -0.0027642739 -4.52164221
0 0 0 0 1 -0.00680640666 4.87349176
44 47 108 143 3 -0.328006089 1.17426658
124 126 71 86 3 -0.0122522991 -3.27770686
125 130 51 57 3 -0.000382039056 -1.7744925
138 142 44 55 3 -0.137201667 -2.73922467
0 0 0 0 1 -0.894388318 7.31014395
86 89 99 134 2 -0.00129041146 -3.02735734
34 38 44 79 1 -0.0157842897 -2.68020153
85 0 119 154 2 -1.20306551 0.765539825
77 80 92 107 2 -7.84387885e-05 -3.91740894
0 0 0 0 3 -0.754324079 4.47497177
41 41 116 124 4 -0.177252084 -1.53475976
84 88 105 112 1 -0.000919944607 -3.48225927
147 147 79 85 2 -0.000148531471 -2.73575163
0 0 0 0 3 -0.0676548183 4.15822506
49 51 61 69 2 -0.00100040238 -5.77237988
32 34 87 122 1 -0.0191953294 0.170362592
176 180 118 123 4 -0.000348768692 -2.20590401
82 82 60 64 2 -0.0137356035 -2.83519506
52 56 123 130 2 -0.00075315818 -2.65267086
90 91 28 36 2 -0.000142929144 -3.64878249
48 50 77 0 0 -1.44312549 2.35798979
40 45 57 92 1 -0.000426861108 -2.96560836
0 0 0 0 4 -0.630871534 2.17420387
0 0 0 0 2 -0.0154330526 4.72084999
127 127 102 113 2 -0.00206016121 -2.62247276
25 30 120 127 4 -0.00348006841 -1.73918533
61 68 112 147 0 -0.000502130191 -4.73302698
68 73 159 165 0 -0.00589451985 -4.33478403
159 163 87 92 3 -0.00119547604 -2.94079804
131 135 162 177 0 -0.00214977213 -2.28766799
62 65 52 56 1 -0.0014176009 -1.94091392
138 144 115 119 2 -0.00466140313 -2.0575037
0 0 0 0 3 -0.425566345 4.82138252
0 0 0 0 2 -0.0366557464 3.45272589
57 61 101 112 4 -0.00185039744 -3.62480688
155 159 105 108 3 -0.751354039 -4.46393108
0 0 0 0 3 -0.237399668 3.55780053
73 74 51 58 3 -0.00116265297 -4.17024088
0 0 0 0 2 -0.51259023 6.83648491
0 0 0 0 3 -0.0394410156 3.72830892
73 73 42 57 3 -0.0139916576 -2.99945545
183 187 98 103 1 -0.00404279865 -1.23875928
112 115 135 141 3 -0.00356805464 -4.5857172
110 116 93 99 3 -0.00258899224 -2.6268537
119 120 65 67 2 -0.0031654574 -4.07867956
93 97 79 82 1 -0.000809889403 -1.82614017
125 130 142 177 3 -0.000140186516 -3.563025
71 73 0 0 2 -1.70503581 2.87142777
47 51 84 119 2 -0.000565232825 -3.54020572
144 147 67 98 2 -0.000232208957 -4.96003151
0 0 0 0 3 -0.687259853 6.45124674
0 0 0 0 2 -0.942759097 7.7668643
0 0 52 87 2 -0.0331954174 -1.19359851
140 147 64 71 1 -0.00020598367 -3.5141387
48 49 63 71 2 -0.000914299628 -3.15573573
0 0 0 0 2 -0.00821865536 6.74086809
127 129 177 212 2 -0.00309007918 -5.67499828
92 96 129 132 2 -0.000777534617 -2.22092867
0 0 0 0 2 -0.00370353856 5.3034358
37 41 83 87 2 -0.00102656079 -4.83037329
40 41 71 106 2 -0.0813831389 -1.80136275
121 123 57 63 2 -0.00108089461 -4.39113998
22 26 39 74 4 -0.00277282461 -1.72971773
45 48 65 72 0 -0.0503766462 -1.73270774
90 91 55 61 2 -0.00164686982 -4.18288803
72 73 88 111 3 -0.0297429785 -2.70884395
96 102 120 151 1 -0.144352615 -2.62025285
0 0 0 0 2 -0.48115316 6.59004545
115 118 132 137 1 -0.0242233295 -1.61132503
51 54 92 98 4 -0.0032329238 -3.02067876
103 0 32 47 2 -0.802086353 -1.01221704
0 0 0 0 2 -0.000614228775 3.25824213
46 54 81 96 1 -0.000114557901 -4.16672325
0 0 0 0 2 -0.00199220912 4.52813864
55 56 34 40 3 -0.00778083922 -3.14652777
105 110 47 51 2 -0.0114900041 -0.932967067
97 103 122 157 0 -0.000218501023 -3.9246242
0 0 0 0 3 -0.0656069815 2.95733976
86 100 116 120 2 -1.20189667 -2.00175595
134 137 94 100 2 -0.00175315072 -2.36615014
117 117 135 143 3 -3.94578892e-05 -2.78543282
62 63 182 217 3 -0.00245016557 -2.03123641
106 110 125 130 3 -0.074071385 -2.27215457
81 87 30 65 2 -0.000186196296 -5.46828938
135 135 167 202 3 -0.035286136 -3.96308804
54 54 68 73 3 -0.000359007448 -4.81365252
0 0 0 0 2 -0.0060174251 2.49130201
66 68 94 129 2 -0.0167607069 -1.62261438
39 43 47 60 3 -0.692031026 -2.23457122
138 142 57 68 2 -0.000522677903 -1.69351149
48 54 68 76 2 -0.0511647835 -1.22754169
106 111 180 182 1 -0.00833917782 -1.69139647
108 108 58 93 3 -0.754732072 -1.83942223
0 0 0 0 2 -0.00216136267 4.54521227
45 50 63 70 4 -0.00112521625 -1.68040538
111 112 44 79 3 -0.281760007 -3.17028213
101 103 134 141 3 -0.0229815878 0.489882529
12 16 21 52 0 -0.537690401 -0.957309484
53 53 58 66 1 -0.407436937 -2.50459766
131 132 58 66 2 -0.0165731423 -3.34035969
49 53 70 93 1 -0.0010211434 -3.06814957
55 61 69 84 0 -0.00701606181 -0.526965022
0 0 0 0 0 -0.00850976445 5.83112288
49 56 34 38 0 -0.707774401 0.431557477
50 56 118 153 1 -0.0161359422 -0.408553511
115 120 134 140 3 -0.00120440032 -2.58018422
131 133 97 101 3 -0.00798940379 -3.61945128
65 69 75 110 4 -0.0172591433 -1.5595274
145 149 51 86 1 -0.000289308751 -2.45291853
76 76 91 126 3 -0.00036118296 -6.58210945
118 122 136 144 1 -0.0218053553 -3.4161222
100 100 110 114 3 -0.00572804501 -3.39884901
0 0 0 0 1 -0.0100162663 2.7892468
111 117 45 60 1 -0.164856508 -2.94754219
102 102 59 82 2 -1.49011303e-05 -4.80860949
54 60 77 85 1 -0.00889099762 0.485474169
111 111 50 73 3 -0.0508763604 -0.657337248
51 52 66 75 4 -0.00354401581 -1.52019835
60 62 134 200 2 -0.849363148 -3.76358652
116 116 51 60 3 -0.0166868903 -2.3465476
0 0 0 0 1 -0.714343727 6.2875886
165 171 130 145 2 -0.00336488476 -1.90159369
111 120 40 55 0 -0.00463243201 -2.61765742
147 147 100 135 3 -0.0816207379 -1.71155381
37 39 53 64 2 -0.084621951 -3.66725755
52 57 66 73 0 -0.000187153986 -4.22070789
0 0 0 0 2 -0.0172359236 4.93657017
68 68 79 118 2 -0.0870134905 1.47301102
69 77 118 120 1 -0.772930861 -2.78319716
0 0 0 0 3 -0.00930623338 4.116045
100 104 120 155 4 -0.177759498 -4.11744547
49 52 34 42 0 -0.00011145875 -4.09981298
0 0 0 0 3 -0.0786084905 4.5976615
0 0 0 0 2 -0.556800783 1.04705596
112 115 137 168 1 -0.0399827547 -2.43855405
34 34 42 73 3 -0.0129170734 -2.12143731
115 115 89 93 3 -0.0202746503 -3.10853481
0 0 0 0 4 -0.975077748 7.58525991
165 170 112 147 0 -0.0015693591 -4.16445875
0 0 0 0 2 -0.0214021374 6.52551365
0 0 0 0 2 -0.863131046 7.4059329
40 45 80 86 1 -0.00213762233 -1.18593621
49 56 118 141 2 -0.000792570238 -4.01561213
125 129 55 59 4 -0.000478914997 -4.37783909
90 97 67 78 4 -0.00901178084 -1.13978434
42 46 75 81 2 -0.000196091234 -3.9954772
46 50 22 27 3 -0.00727236597 -3.47929072
72 77 40 51 1 -0.00292380759 -2.70664954
0 0 0 0 1 -0.597542524 7.53838491
145 152 23 58 1 -0.00903887209 0.196981192
0 0 0 0 3 -0.332719654 4.19955301
218 224 163 198 2 -0.0217786152 -3.6652956
37 38 52 56 2 -0.00123638345 -2.34253001
86 91 47 52 2 -0.000114319977 -3.28944516
181 181 158 169 2 -0.00140749442 -3.55820799
122 123 91 102 2 -0.484922051 -0.131706119
91 96 102 105 3 -0.233163491 -1.73440838
56 61 41 43 1 -0.00201582536 -3.9490726
89 93 122 130 0 -0.000698353862 -1.46746135
95 103 115 122 0 -0.00044398295 -3.60635424
60 64 39 43 3 -0.000183932425 -5.20850277
103 107 48 83 2 -0.00630081818 -1.89878583
141 146 50 56 2 -0.00208221492 -2.93020129
0 0 0 0 0 -0.01195662 3.71917272
62 67 94 103 2 -0.000535549712 -5.38349962
0 0 0 0 3 -0.0940951928 2.46268034
106 111 65 96 0 -0.0285825208 -3.04845285
67 67 40 45 3 -0.00138502556 -2.35126472
152 155 97 132 2 -0.47942391 1.39828897
113 147 62 71 3 -0.486927092 -4.92906904
43 47 59 64 2 -0.00229741028 -3.49172139
0 0 0 0 0 -0.902173102 5.75068378
58 58 107 122 3 -0.00276244967 -4.41052151
112 115 101 106 4 -0.000817591674 -2.05646753
171 177 195 200 2 -0.00795222446 -1.41482329
0 0 0 0 3 -0.320272177 6.55431271
63 66 77 112 2 -0.00225786073 -4.36362171
115 115 40 45 2 -0.00229874463 -2.5495038
146 150 102 110 2 -0.00365046249 -1.57852125
53 53 73 108 3 -9.07170543e-05 -2.89949155
0 0 0 0 2 -0.0611234494 6.40070486
0 0 0 0 2 -0.762525976 7.32245779
212 217 59 94 1 -1.33421016 1.82522321
68 68 78 113 3 -0.00997112133 -1.01222444
63 67 103 108 2 -0.00175298506 -4.44758987
85 88 103 138 2 -0.000286800292 -3.24737191
207 211 173 188 2 -0.270360082 -2.21281099
114 114 136 143 4 -0.00156408851 -1.74298525
0 0 0 0 2 -0.358493239 3.99783015
117 121 134 141 3 -0.0342480913 -1.39454043
126 129 193 198 0 -0.028501777 -2.75789309
52 55 73 77 4 -0.0136223128 -1.11902452
17 25 29 31 0 -0.50981611 -0.64502269
52 59 146 153 3 -0.0101624336 -2.55784225
43 50 58 65 1 -0.000430664571 -4.74302244
130 133 56 63 4 -0.550057292 -4.5462513
0 0 0 0 1 -0.742713571 1.9737792
96 96 104 119 2 -0.00060324464 -2.19934535
101 102 56 91 2 -0.000307546637 -3.64384723
0 0 0 0 2 -1.06889546 0.660907567
0 0 0 0 1 -0.00522367284 4.86007547
0 0 0 0 3 -0.0455965474 5.44096565
111 115 92 96 4 -0.00188739179 -4.28789091
0 0 0 0 1 -0.0584779456 4.75438309
78 82 97 103 3 -0.00757152634 -0.39409712
46 50 66 64 3 -0.599407971 -1.48451304
141 141 43 58 2 -0.00835977029 -1.91186357
64 68 30 37 2 -4.2915075e-05 -5.28858948
106 108 45 76 3 -0.000301573687 -4.28743029
151 156 98 133 0 -0.00145492482 -3.76642609
0 0 0 0 4 -0.00226088194 5.38219929
0 0 0 0 2 -0.0597654507 4.05689001
47 56 69 73 0 -0.0759898648 -1.5333128
0 0 0 0 2 -0.00379328011 5.46603394
0 0 0 0 2 -0.108721927 6.30733299
100 106 76 82 0 -0.000986913918 -3.53815866
116 119 36 44 2 -0.800351262 1.3800838
52 59 166 171 3 -0.00971425045 -4.98653173
0 0 0 0 2 -0.190709189 6.14086771
0 0 0 0 0 -0.00238657952 3.7938745
0 0 0 0 3 -0.21790114 5.9815917
125 128 143 148 2 -0.0430907495 0.106192827
28 32 38 49 2 -0.751985371 -1.1616683
0 0 0 0 1 -0.341808677 6.0441618
39 41 78 101 2 -0.0318206325 -2.1489501
26 27 37 43 2 -0.514392197 -3.81705618
0 0 0 0 2 -1.06134486 7.53776455
174 174 115 150 3 -0.0045406986 -3.23668504
114 118 59 94 2 -0.0182927586 -5.26257467
0 97 105 0 2 -1.69885123 1.96289825
0 0 0 0 2 -0.584246755 4.35753918
64 68 102 133 1 -0.00498200115 -3.67901349
0 0 0 0 3 -0.0618545413 7.4325819
216 218 162 173 2 -0.0100343209 -2.58102417
56 60 91 98 3 -0.0108340373 -4.57423973
112 117 133 144 2 -0.00622130651 -0.563070238
48 54 65 100 3 -0.000270466116 -5.49791861
102 103 110 117 3 -0.00332184718 -3.88096762
58 66 166 170 2 -0.0886531323 0.203475296
53 53 66 73 3 -0.0127642071 -2.11671019
116 119 84 107 2 -0.0160086919 -1.83764625
87 87 93 128 3 -0.372200787 -2.41483021
39 47 55 62 1 -0.00491189444 -2.25597811
94 98 71 76 3 -1.06843519 1.43730307
42 46 52 83 1 -0.00749544566 -1.10625935
92 93 106 113 2 -0.00708143692 -1.42356122
90 92 147 152 2 -0.000109431741 -4.61434126
52 54 121 126 2 -0.00012767085 -3.32103539
87 91 75 81 2 -0.000294172496 -3.89785218
35 35 88 123 2 -0.0278552156 -3.88751221
0 0 0 0 3 -0.0200705901 2.22468591
89 93 109 124 4 -0.000185723751 -2.23008585
150 156 55 78 1 -0.0275403596 0.390386045
80 86 117 128 3 -0.540143669 -0.695931792
0 0 0 0 0 -0.0340555646 5.05159807
49 53 32 37 2 -0.000479188544 -4.33782196
47 50 105 114 2 -0.00693357922 -2.68238902
126 130 100 107 2 -0.00181936938 -4.72626162
10 13 17 20 2 -0.996345878 0.549046338
98 98 0 0 3 -0.998645902 2.26007581
111 113 52 87 3 -0.00527960155 -3.9130733
119 130 145 160 0 -0.000774892455 -4.49771166
41 47 68 83 2 -0.000186318881 -4.66030645
100 104 202 209 3 -0.00105430977 -3.21822762
0 0 0 0 2 -0.609195113 7.16016674
99 107 53 61 3 -0.000240912341 -3.53363967
211 219 170 175 1 -0.050365705 0.390069604
0 0 0 0 2 -0.127313524 5.04905844
17 17 81 116 2 -0.0268280674 -3.27129865
90 94 44 75 1 -0.0161895677 -2.83300567
143 150 46 50 0 -0.000863274443 -3.26155543
50 50 175 210 4 -0.0523564592 -3.25814486
22 25 32 67 0 -0.167212531 -5.39228249
91 95 41 52 1 -0.466904581 0.0377064049
0 0 0 0 3 -1.01345551 5.70038891
48 52 65 88 2 -0.000439146039 -3.25253582
118 125 61 96 2 -0.0128196478 -5.78446054
0 0 0 0 4 -0.791620374 7.14472055
157 157 35 38 3 -0.0476729721 -3.64770174
84 88 119 154 3 -0.00207845285 -5.08655548
82 86 35 72 3 -0.348336756 -0.0011909008
62 67 86 93 3 -0.0018877883 -3.85412621
0 0 0 0 3 -0.174486503 2.83570743
158 162 67 102 0 -0.00184544211 -3.35004687
56 57 186 221 2 -0.00759899849 -3.8059237
110 113 122 145 2 -0.274524897 -0.254755318
0 0 0 0 3 -0.0554610081 5.55548143
88 92 101 136 2 -0.000397617783 -4.34745693
0 0 0 0 2 -0.466684341 2.39452219
103 111 121 125 1 -0.000126835206 -2.52660918
40 44 53 88 2 -0.0144724082 -3.34386158
128 128 47 52 3 -0.00444781315 -3.34498405
36 40 96 111 3 -0.000169153922 -4.33374643
115 117 96 103 2 -0.00194631715 -3.18322897
204 207 102 108 1 -0.003797299 0.253783405
82 82 93 102 3 -0.00175486878 0.505597055
71 78 97 101 0 -0.00131863775 -1.18674648
0 0 0 0 3 -0.212892503 3.71180892
0 0 0 0 3 -0.0436298922 4.28510618
56 58 94 99 1 -0.0824459717 -1.90324521
96 100 49 84 3 -0.00666108029 -2.01970959
0 0 0 0 2 -0.00922782347 6.71946573
35 39 75 110 3 -0.00354924775 -5.3168211
0 0 0 0 1 -0.453903794 2.34357619
120 124 101 105 2 -0.0118250325 -3.27438402
88 94 107 118 1 -0.0574315973 -2.93617129
215 218 161 196 2 -0.0527768694 -1.17597437
133 133 88 123 2 -0.0704479143 -2.01588178
122 128 72 107 1 -0.000529350888 -5.6573348
34 39 44 50 4 -0.68998903 -0.733424544
0 0 0 0 1 -0.0179007314 5.26069021
46 50 24 29 1 -0.0267840512 -2.01791787
52 53 139 174 2 -0.0155090056 -4.03087187
190 191 141 176 2 -0.0237451643 -0.30830884
115 120 132 136 1 -0.00560961477 -3.4359293
71 74 52 59 1 -0.00421690987 -2.02002716
0 0 0 0 2 -0.430253118 7.2871747
64 64 48 51 3 -0.000710990513 -2.92808652
40 47 60 63 3 -0.761129558 -0.760698438
60 63 15 50 4 -1.13091934 0.287302852
0 0 0 0 1 -0.415446103 7.21556854
111 113 45 80 2 -0.00546540506 -2.66537786
58 59 43 47 2 -0.000594777928 -2.52824855
140 144 155 157 3 -0.68579185 1.21496582
53 59 78 93 1 -0.00779285654 -4.82671547
51 56 90 125 1 -0.000795104716 -4.66955519
56 62 124 127 0 -0.000143882848 -3.77239823
71 71 51 58 2 -0.00217663869 -3.2237711
93 97 107 111 3 -0.00361898961 -3.58128071
102 102 49 56 2 -0.283966839 -1.62147117
126 131 77 112 3 -0.00133162993 -2.79828715
130 136 90 97 0 -0.000622692285 -4.24709129
61 63 135 140 2 -0.00335070305 -2.61145926
69 73 87 98 3 -0.0286552273 -1.52910161
0 0 0 0 4 -0.612883031 7.29071236
117 122 63 98 4 -0.00500695361 -2.74632096
92 97 108 115 0 -0.00789014809 -0.385972053
0 0 0 0 2 -0.294572383 2.88684106
116 120 91 99 3 -0.292711884 -1.58407092
130 135 108 115 0 -0.00604572706 -2.14902377
56 56 143 150 3 -0.594362855 1.22653484
148 149 46 57 2 -0.326159596 -3.41996837
99 100 134 169 2 -0.123736128 -0.0318422914
141 142 84 107 2 -0.00715678977 -1.23029327
121 123 34 69 4 -0.00964786764 -1.68200517
41 41 56 63 2 -0.000402429694 -3.23648143
44 50 147 151 2 -0.000645425869 -1.77714658
133 141 0 175 2 -0.688463271 0.156635106
0 0 0 0 2 -0.0171517562 2.92938447
132 136 83 118 3 -0.0658747777 -1.86329579
0 80 123 130 1 -1.11000109 -0.425332278
105 105 113 124 2 -0.0183767099 -2.38359833
0 0 0 0 3 -0.122852057 3.53932381
0 0 0 0 2 -0.0022516395 5.25673628
195 196 147 154 4 -0.0682806 -2.99118543
48 48 127 132 3 -0.00422539143 -2.7136929
0 0 0 0 2 -0.266319394 4.25121498
0 0 0 0 0 -0.152845845 5.76040125
0 0 0 0 2 -0.00497871125 4.10615969
69 134 82 88 3 -1.00900698 0.385577083
101 101 114 145 3 -0.57476151 -2.36996102
53 53 65 73 3 -0.000364998094 -2.9364717
0 0 0 0 1 -0.00657805149 4.31841516
0 0 0 0 2 -0.670269549 3.90429902
41 41 78 113 4 -0.000777633744 -2.3223207
60 67 79 85 2 -0.000386922446 -3.28183174
7 20 28 28 4 -1.26742768 -2.90449548
40 43 57 64 3 -0.00139257615 -3.2139647
140 143 109 115 3 -0.193524808 -0.988056839
120 123 106 110 2 -0.00595765468 -3.53905463
91 94 107 111 3 -0.000999087351 -3.34257793
0 0 0 0 3 -0.144324481 4.82743454
189 196 137 172 0 -0.0291337073 -3.32571054
33 34 51 55 2 -0.106281079 -3.06826305
98 102 19 54 2 -0.00356707117 -3.18188453
0 0 0 0 1 -0.009912204 4.03814507
53 55 114 116 2 -0.00173694943 -3.84641767
0 0 0 0 3 -0.21236971 7.79861021
185 187 76 107 1 -0.45146805 4.24990225
85 90 173 180 0 -0.00324624986 -4.09701967
152 155 53 88 2 -0.0107738404 1.5995419
36 40 112 119 0 -0.502738178 -1.43123031
110 113 126 129 3 -0.205477312 -3.00016737
159 164 100 135 4 -0.00802138355 -0.625593483
164 169 69 104 1 -0.00321967551 -0.986250103
108 110 124 131 3 -0.0360656045 1.18764448
128 129 60 71 3 -0.00986115541 -2.08090472
103 110 121 152 2 -0.000594550977 -2.03782725
73 75 82 113 3 -0.00516975392 -1.44524789
46 47 66 73 1 -0.00410533417 -0.0774445534
100 101 116 121 2 -0.00436072936 -3.40662742
168 170 94 102 3 -0.0175003111 -4.49286985
96 96 122 125 3 -0.00708483392 -4.06567717
0 0 0 0 3 -0.312416613 2.77310038
92 93 143 166 2 -0.00588969653 -4.66390038
135 143 64 75 2 -0.00173754524 -2.60808754
124 130 51 54 1 -0.001182448 -2.49408245
0 0 0 0 3 -0.338802338 5.73452902
103 103 50 85 3 -0.00103228865 -3.29422975
101 105 82 89 4 -0.000779854599 -2.17417002
79 82 115 122 3 -0.0248636045 -0.618157268
95 96 107 114 3 -0.275449306 -4.78086948
85 90 53 68 1 -0.543042541 0.35573554
104 111 47 82 2 -0.00144802756 -3.11478925
76 76 83 89 2 -0.000279167958 -2.27104259
155 159 49 72 3 -0.00209317752 -0.654331446
138 142 96 131 3 -0.00337918475 -2.21605468
76 85 52 63 1 -0.133468524 -0.641117394
136 140 84 119 1 -0.000830597768 -4.53717136
104 106 34 39 2 -0.000761985139 -3.38720798
175 175 104 139 3 -0.248248026 -2.17269135
125 129 105 109 0 -0.00337068806 -2.37509704
112 113 128 136 3 -0.00504348846 -2.01302552
114 114 123 128 4 -0.00174481096 -0.667286634
56 59 136 142 2 -0.00522409659 -6.24544334
105 106 120 151 3 -0.0341438502 -4.43811035
51 51 146 151 2 -0.00119448837 -2.48444533
0 0 0 0 2 -0.00282623805 6.41730785
163 164 178 213 3 -0.0210198928 -3.58020329
38 39 60 95 3 -0.0135334823 -5.20934534
0 0 0 0 2 -0.718091786 1.73462987
20 23 94 146 2 -0.505041718 1.7427609
115 117 54 89 1 -0.0636312142 -3.91332865
11 15 110 145 0 -0.0634000376 -4.92584658
98 102 145 180 3 -0.260624379 -0.227491647
0 0 0 0 2 -0.0031055971 4.74343252
87 0 43 78 3 -2.08939624 0.336797535
0 26 72 107 3 -0.843722582 1.30051351
49 52 91 102 1 -0.0122375963 -1.75784898
72 72 82 113 3 -0.135539934 -0.41756916
51 53 70 93 2 -0.00306121912 -1.85183597
0 0 0 0 2 -0.0112561183 7.72575617
139 139 94 101 3 -0.00519636879 -3.05795693
42 47 55 61 1 -0.00260490249 -4.00213957
0 0 91 96 0 -0.472828627 1.01157808
104 107 62 73 1 -0.000521607755 -3.16162324
0 0 0 0 3 -0.00611079531 5.22501421
18 23 27 62 2 -0.246501639 -1.61375737
100 104 116 147 3 -0.00242742291 -3.34378695
171 173 50 85 2 -0.0747489184 0.583988845
41 42 140 148 3 -0.108997226 -3.79220366
160 0 0 0 1 -1.51916826 1.00346518
76 81 138 144 0 -0.000590491516 -7.02584171
88 95 136 139 0 -0.00261530001 -1.66249919
216 222 191 199 0 -0.338757575 -4.93268394
35 36 88 123 2 -0.00245956262 -3.59649515
19 19 40 47 3 -0.109759174 -0.976270378
44 48 103 138 3 -0.0123234224 -1.77026057
98 101 75 78 2 -0.000810507569 -4.56801176
57 60 76 83 1 -0.0361562669 -2.27933025
131 134 152 164 1 -0.00398130901 -2.71920943
97 101 49 84 0 -0.000498727255 -3.97741127
46 47 64 71 2 -0.106622197 -1.27202106
67 67 50 52 3 -0.0467790216 0.613718212
57 61 91 99 1 -0.0793254375 -1.34042001
31 35 77 112 1 -0.0017830627 -5.04735136
69 76 39 50 2 -0.000720288197 -3.85117698
26 32 43 49 1 -0.000632083451 -1.71123219
121 124 107 110 2 -0.00221922225 -3.92282987
180 183 203 208 2 -0.534573972 1.52742434
106 108 125 130 2 -0.00293753599 -3.60724497
12 12 17 20 4 -0.237941682 0.678409398
12 15 19 26 0 -0.20626007 -1.91969204
53 57 136 167 4 -0.114772923 -4.92393112
67 71 93 97 3 -0.0240348335 -2.62701082
55 55 68 103 3 -0.000841387897 -4.73748398
99 99 37 68 4 -0.000812665443 -2.90320683
113 114 38 45 2 -0.00784466509 -2.87105155
39 42 53 68 4 -0.00204824866 -3.08247662
53 53 131 138 3 -0.000252951169 -3.67969441
130 132 112 115 2 -0.00187271356 -2.78905559
110 114 132 163 2 -0.000484276155 -3.99735999
73 81 121 128 1 -0.000655584154 -0.996918917
131 131 67 70 4 -0.00269410433 -4.52955675
46 50 70 101 3 -0.000459386851 -4.28402233
55 59 69 84 3 -0.00252049672 -2.94891763
54 57 66 69 2 -0.0244628508 -4.36532021
36 40 44 67 1 -0.0309837312 -0.019105494
55 61 41 45 1 -0.0034417361 -4.05222225
39 42 46 52 2 -0.57643491 0.434173405
81 84 33 68 2 -0.0153291123 -3.97536349
54 63 75 110 0 -0.000484300021 -4.02195263
54 54 110 112 2 -0.000877082406 -3.24014306
76 80 88 123 3 -0.0212267265 -4.71523476
39 47 84 90 0 -0.000518962159 -3.7399869
111 111 68 74 3 -0.000763277931 -2.8130939
54 55 73 80 3 -0.0832994282 -4.99034595
65 65 82 117 3 -0.0313814208 -4.01692247
45 46 58 67 2 -0.00913909078 -0.833362699
45 45 79 114 2 -0.000118967604 -2.97281504
84 86 53 68 2 -0.00258332421 -2.88899851
90 91 33 68 3 -0.000588532421 -4.88111448
53 58 110 115 0 -0.000318148406 -4.68565035
94 95 54 62 3 -0.0150117958 -2.56824994
50 50 65 67 3 -0.0416610129 -5.41552162
41 41 152 175 3 -0.00920064375 -3.24812531
28 28 97 128 3 -0.578396499 -3.61802435
7 7 7 42 3 -0.741129756 -1.48698449
101 101 51 74 3 -0.000177259324 -4.25052214
114 115 92 99 2 -0.000720000244 -4.49570131
64 64 52 59 3 -0.0065743723 -2.43377876
26 22 34 41 2 -0.747173667 1.08830166
115 115 103 110 3 -0.000630154624 -4.21527624
104 106 118 125 2 -8.26108226e-05 -4.04536963
44 48 89 93 2 -0.000142691017 -4.08310795
35 38 62 97 2 -0.00154249964 -2.59933162
81 81 136 147 2 -0.653540432 -1.30491304
102 104 39 42 2 -0.000934810203 -4.50558853
62 65 102 137 1 -0.000358534628 -3.43917632
46 46 66 101 3 -0.00334109785 -5.10965204
60 61 146 181 3 -0.000356644479 -4.42810392
98 100 22 29 1 -0.00708542764 -1.65062284
169 172 148 150 2 -0.00196896517 -4.26024532
123 123 72 107 3 -0.000798083784 -3.44876742
139 140 48 71 3 -0.0229310803 -2.99565864
92 93 102 113 1 -0.0104307141 -3.49049544
91 94 49 84 2 -0.0127979591 -4.85877419
139 140 72 95 2 -0.000925645814 -4.47055006
17 20 41 46 2 -0.024141714 -4.05322313
86 91 27 50 1 -0.00400535995 -2.02813363
39 42 20 24 2 -0.000962760474 -4.91255188
147 148 123 131 2 -0.0015771623 -2.57724857
119 120 88 103 2 -0.000843745715 -4.39458466
0 0 0 0 3 -0.831944823 2.01933455
0 0 0 0 3 -0.0026695407 5.55407143
0 0 0 0 3 -0.232391834 4.33969402
0 0 0 0 3 -0.000455579662 5.7065239
0 0 0 0 3 -0.620070279 3.6144135
0 0 0 0 3 -0.0155206854 3.53075337
0 0 0 0 2 -0.00137653889 5.97989273
0 0 0 0 4 -0.86535579 7.23761797
0 0 0 0 3 -0.0476094447 5.22268724
0 0 0 0 3 -1.09621608 7.82747602
0 0 0 0 1 -0.0161995795 3.57790399
0 0 0 0 1 -0.0716301501 4.2951355
0 0 0 0 2 -0.00848327484 5.21299744
0 0 0 0 0 -0.0688122511 6.42521429
0 0 0 0 3 -0.558652878 5.42702579
0 0 0 0 3 -0.00397701189 3.63055968
0 0 0 0 2 -0.151421115 5.53110409
0 0 0 0 2 -0.0947598666 1.51923251
108 109 122 124 2 -0.00304134982 -1.36931276
0 0 0 0 1 -0.00175037107 1.27422667
40 49 86 94 0 -0.0154147819 -4.22340155
0 0 0 0 4 -0.422045112 6.70237732
162 166 69 104 1 -0.00249964953 -0.671545923
36 39 61 96 3 -0.0515510216 -0.968880892
64 71 51 59 1 -0.0109003456 -2.01199889
150 152 100 135 1 -0.00406727521 -3.74608016
146 146 21 0 2 -0.461479664 -1.57358098
114 114 33 40 3 -0.543687046 -3.15053988
123 126 137 144 0 -0.011184467 -3.2911942
63 67 39 47 2 -0.00317331287 -3.28491926
60 60 115 150 2 -0.00200343761 -5.05734444
35 43 53 60 0 -0.00175470149 -3.66390944
51 57 69 92 0 -0.000284897018 -4.06235313
44 47 61 76 3 -0.000887825678 -5.20252466
48 48 59 74 3 -0.000458888826 -4.77473116
34 38 117 140 1 -0.0023995447 -3.77983928
140 141 49 72 3 -0.0109678376 -1.385602
196 201 52 54 0 -0.204968691 -1.53746986
74 78 51 59 1 -0.000305760885 -3.88658714
113 117 132 143 3 -0.000268568023 -3.57847452
46 51 61 63 4 -0.00879090652 -3.42578745
55 60 82 117 1 -0.00143551757 -3.61172128
180 186 49 84 1 -0.0661182851 2.82081032
86 89 103 138 4 -0.000347824825 -2.64546561
47 51 65 88 4 -0.000238287204 -3.48301363
42 42 54 69 4 -0.0242471565 -2.4129467
104 108 30 34 4 -0.00181190809 -3.96395779
0 0 0 0 1 -0.019481089 4.0094409
109 117 156 191 1 -0.537776768 1.91051841
78 84 19 54 1 -0.00263020024 -2.47543049
180 185 90 125 0 -0.0811006799 -2.7916491
0 0 0 0 1 -0.485454559 7.21628332
0 0 0 0 3 -0.0624504499 6.59628105
173 177 128 139 2 -0.00459061237 -2.50223112
49 52 76 77 1 -0.0186168794 -3.9137001
141 147 92 127 1 -0.00227832003 -1.01183951
30 34 46 48 0 -0.00403598789 -2.14916062
186 189 59 67 0 -0.00140612479 -3.43251324
0 0 49 53 2 -1.54958212 5.18755245
72 75 107 109 2 -0.0562937967 -0.627881408
172 174 98 102 2 -0.00196421822 -1.28516722
103 107 126 131 0 -0.0142860562 -1.14207554
63 67 73 108 3 -0.00272731134 -1.94962668
0 0 0 0 3 -0.0103581715 3.50537586
145 146 76 83 2 -0.000668033259 -2.42095017
102 108 93 96 1 -0.0128662139 -1.6969676
0 0 41 0 1 -0.592585325 2.45637846
0 0 0 0 2 -0.0151556637 5.90897131
9 13 121 126 2 -0.00130673696 -3.56610608
44 50 88 96 1 -0.000259391702 -2.13275743
133 139 122 124 1 -0.00172143243 -3.87782979
89 90 143 150 2 -0.0408480167 -5.23594856
130 0 110 115 2 -0.496647239 1.24436045
0 0 0 0 3 -0.0170126781 4.53420019
114 120 91 95 3 -0.000138517382 -3.70016813
38 42 57 92 3 -0.00027881132 -4.46735048
120 130 78 113 1 -0.0035435895 -3.14970183
0 0 0 0 2 -0.167088225 3.13492084
44 45 106 121 2 -0.017388504 -2.96060014
44 54 64 67 0 -0.00176305044 -3.07483864
42 42 55 59 3 -0.00374736986 -3.07762432
153 158 101 136 3 -0.00219325325 -3.28282046
97 102 119 154 3 -0.00421995157 -2.01730084
102 102 30 32 2 -0.00780560868 -4.74405909
0 0 75 0 2 -1.11006427 2.00779223
0 0 0 0 4 -0.00866926275 5.59203053
43 47 89 0 3 -1.28688955 0.318015695
62 68 35 43 3 -0.0450790375 -1.24772835
88 92 105 116 4 -0.00114084326 -2.36279202
40 44 101 116 1 -0.16116485 -1.31295609
139 139 93 128 4 -0.00114618964 -5.11884022
0 0 0 0 2 -0.0531079099 4.55854368
46 46 58 60 4 -0.0201604906 -1.707582
44 44 77 83 4 -0.00570036331 -1.0231365
115 115 65 100 3 -0.00145735103 -3.33621407
192 192 173 177 2 -0.00166302733 -2.87510848
140 141 122 130 2 -0.0231781453 -4.01499605
58 58 154 165 3 -0.0392470993 -3.56643724
120 120 161 184 1 -0.22335574 -0.61276865
84 88 104 108 0 -0.00908644218 -2.86484599
66 66 33 35 3 -0.0184965078 -3.50277352
118 122 39 74 3 -0.000142809193 -3.4854238
41 45 126 130 1 -0.00637107948 -1.23511076
54 57 21 36 1 -0.00135682733 -1.52228928
160 165 140 142 0 -0.100113317 -5.89282703
224 231 157 166 1 -0.718501687 0.452495754
68 69 44 50 2 -0.000549830147 -3.17551446
137 0 30 0 2 -1.38465142 1.45700121
40 44 51 86 1 -0.00235403143 -3.72266984
0 0 0 0 2 -0.403791279 7.70874643
0 0 0 0 2 -0.329669178 6.65744829
101 106 43 78 2 -0.00181146408 -3.06379271
81 85 97 104 3 -0.000812338374 -2.43100953
50 54 89 120 3 -0.0310320072 -1.14958715
0 0 0 0 2 -6.54444448e-05 0.977331579
55 61 74 97 0 -0.13571468 -0.548551857
166 172 30 65 3 -0.174181402 -1.16750336
79 84 44 53 4 -0.000860712549 -2.93501592
0 0 0 0 2 -0.00624270272 4.81693602
0 0 0 0 1 -0.0697754249 4.49963856
109 113 84 89 2 -0.0620006137 -1.80907011
201 203 174 181 2 -0.00403998373 -1.73831701
64 65 51 58 2 -0.233642191 -0.941311002
92 95 119 154 3 -0.00199984619 -5.29992723
97 97 126 129 3 -0.0153677296 -4.95176506
37 40 181 216 2 -0.181795299 -0.861733556
0 0 0 0 2 -0.00206902716 3.68241572
0 0 0 0 4 -0.384578168 1.72150207
103 108 54 89 1 -0.0581555516 0.676890433
108 108 95 99 3 -0.00147144264 -1.65586638
0 28 33 40 4 -0.606909275 2.13171077
119 122 135 150 3 -0.000579548301 -4.38137102
68 74 31 38 2 -5.96041646e-05 -4.93917894
26 29 44 50 1 -0.000228028541 -4.1228447
0 0 0 0 3 -0.568319559 6.63719797
119 123 132 137 4 -0.00182091678 -2.9812572
106 106 66 101 0 -0.531845152 -1.3589077
159 162 44 79 3 -0.00226431363 -3.02416229
0 0 0 0 0 -0.027432302 6.80183983
59 63 38 44 2 -0.00042816496 -3.5587523
0 0 88 0 1 -1.70943475 5.12611628
182 182 41 56 3 -0.0725567937 -1.99182749
29 30 35 43 2 -0.396484733 -5.08983374
198 201 42 77 2 -0.242372394 -0.274470508
0 0 0 0 2 -0.0933554694 6.5476079
33 38 92 103 3 -0.00863692164 -3.03881788
174 179 16 51 1 -0.111806273 1.48683548
132 138 111 120 1 -0.00320319156 -0.943096578
85 85 113 118 4 -0.000495846092 -2.42219567
48 52 74 109 2 -0.00797546376 -3.7798667
73 77 45 60 2 -0.00267984415 -2.70493722
166 167 77 112 2 -0.995024085 2.13961697
17 23 35 40 0 -0.00490169041 -3.34195757
99 0 41 44 0 -0.472576559 0.765326202
96 99 114 149 2 -0.000174159315 -4.71400928
0 76 61 64 2 -0.960503161 -0.0419799685
65 66 80 103 1 -0.0253054705 -1.56092572
157 161 55 90 4 -0.00352990371 -0.693725288
117 122 49 54 1 -0.0018519162 -4.64607859
154 160 75 110 4 -0.000387517415 -2.76092887
21 26 78 81 1 -0.531065047 -2.86661625
123 124 42 51 2 -0.0105811693 -5.14878559
103 103 112 119 4 -0.00363578787 -0.957882643
91 95 136 141 1 -0.0118722133 -1.35367656
43 50 69 77 0 -0.00974920206 -1.05735946
78 78 107 122 2 -0.000149008571 -3.12025213
112 115 69 100 2 -0.000730122847 -4.37706852
87 90 99 134 2 -0.155407637 0.691568077
105 108 61 65 2 -0.0951256007 -1.41109014
125 129 58 63 2 -0.00545724202 -1.7889719
51 59 96 104 0 -0.0702853575 1.87996626
33 23 49 57 4 -1.06948853 -2.28176975
100 104 119 134 2 -0.0499406941 0.753560007
94 98 107 109 2 -9.75117946e-05 -2.72472548
94 94 75 79 4 -0.0015435901 -0.981482446
111 115 68 106 3 -0.345623642 0.345653892
59 62 147 154 2 -0.0019803897 -3.41973925
0 0 0 0 2 -0.0384965055 6.48220778
0 0 0 0 2 -0.192564756 4.19556999
85 85 71 78 3 -0.000301344437 -3.50351191
41 43 54 62 2 -0.00827039964 -2.90430784
47 52 104 139 3 -0.00848790724 -5.34604073
171 147 48 57 2 -0.969481349 0.110346317
0 0 0 0 3 -0.663793445 7.32208967
47 57 81 84 0 -0.00391216669 -2.6358583
31 37 81 112 0 -0.335071564 -3.07803059
148 152 165 169 4 -0.00120105082 -0.192875534
108 109 155 162 1 -0.0251840223 0.215366721
47 54 58 64 2 -0.123248309 -3.21634984
55 61 91 99 0 -0.0125649115 -3.01267743
149 151 126 129 2 -0.00127302937 -2.88136172
110 116 21 56 2 -0.0157919936 -4.23927736
42 49 75 86 2 -0.000862716523 -4.78534126
50 53 73 80 0 -0.00522232056 -2.21573138
63 65 50 57 2 -0.000571269542 -4.53201914
7 12 18 53 4 -0.178152263 -1.19864511
41 41 114 149 3 -0.0438438691 -2.5929575
55 58 96 131 2 -0.0417100787 -0.976194322
0 0 0 0 0 -0.0496762991 5.42321634
97 101 68 72 2 -0.0287832487 -1.6962595
159 163 178 184 1 -0.0046501928 -1.839149
54 54 105 110 3 -1.03958106 -0.606220663
117 118 36 71 2 -1.12707162 0.0717063546
107 111 42 77 2 -0.000858064741 -3.56652355
66 71 33 41 2 -0.00622018101 -4.30299902
24 27 35 70 2 -0.202752784 -0.728111029
0 0 0 0 2 -0.338917196 4.16866684
86 90 101 109 4 -0.00380753726 -0.348475337
110 114 125 160 2 -0.000578706677 -3.99462795
0 0 0 0 3 -0.890573919 3.59384179
0 0 0 0 1 -0.516825318 4.71105051
151 151 115 138 3 -0.0634457767 -1.25809908
12 18 30 0 2 -0.64361757 1.42814589
89 94 33 41 2 -0.00120943051 -2.86542988
13 16 29 35 3 -0.415435851 1.7517035
94 101 63 70 3 -0.000558549538 -6.04747868
96 98 96 98 3 -0.492624849 0.578502834
223 227 63 69 2 -0.175078988 -2.18763614
108 108 37 40 3 -0.000220649061 -3.72307158
48 52 65 70 0 -0.0003520053 -3.69689631
0 0 0 0 3 -0.216045231 3.0979321
57 57 116 123 3 -0.00205379864 -2.57799339
51 55 72 74 3 -0.611815453 -3.72998881
69 73 159 182 3 -0.307923168 -2.51244187
42 43 77 112 1 -0.0138033796 -2.3834548
0 0 0 0 1 -0.0764096975 6.64617157
165 166 113 128 3 -0.0173924547 0.506972492
55 61 74 109 0 -0.0435636081 -6.20401049
143 143 50 58 4 -0.015284095 -4.60714054
114 122 96 99 2 -0.000266056886 -4.19091988
158 160 77 112 1 -0.000454871828 -1.54210138
36 41 102 108 3 -0.00344913825 -4.97296238
46 50 106 112 4 -2.95637456e-05 -3.56910157
0 0 0 0 2 -0.0862100199 8.08006001
0 0 0 0 3 -0.00879299827 3.68448043
0 0 0 0 4 -0.466976881 7.38999796
31 36 56 91 1 -0.0440319069 -1.83152294
111 114 34 57 2 -0.0115193874 -2.53282356
73 74 58 61 2 -0.00120514107 -2.49511814
88 88 95 102 2 -0.0291060787 -2.7164762
16 16 32 40 2 -0.00401005754 -1.72547126
40 43 61 96 2 -0.198722064 -3.97430539
0 0 0 0 1 -0.775517821 2.46010351
95 98 45 48 1 -0.0187179185 -0.441534042
62 64 134 140 2 -0.00185511122 -2.99815249
140 143 74 97 2 -0.000304916088 -3.39995098
138 138 68 103 3 -7.58155948e-05 -4.06787539
53 59 66 72 0 -0.00239247619 -1.76772738
81 83 51 59 2 -0.00599009404 -4.71976233
0 0 0 0 3 -0.140219644 7.48972559
136 140 169 177 1 -0.000734831207 -3.49930286
128 128 110 116 4 -6.44910906e-05 -3.8780756
113 114 127 133 2 -0.00243076636 -4.26639271
114 118 57 61 2 -0.0133345313 -1.37823486
0 0 0 0 2 -0.563870192 7.08975077
77 77 167 169 2 -0.0222707614 -6.06859207
109 110 168 172 2 -0.174229234 -1.04150605
13 15 23 58 2 -0.0441813804 -2.14531708
43 47 67 90 1 -0.270945132 -4.09926844
0 0 0 0 2 -0.847501695 7.2539854
31 36 68 103 4 -0.00733420532 -1.25847888
0 0 0 0 2 -0.783889413 7.04925585
105 108 55 61 2 -0.440608978 -4.70689487
0 0 0 0 0 -0.200970516 3.46520114
0 0 0 0 2 -0.00209288555 6.87376213
186 193 78 113 1 -0.0433978215 -0.400099784
135 140 58 89 2 -0.00594141521 -2.57918501
53 56 80 85 2 -0.000612528704 -2.19081807
107 113 185 190 2 -0.525901616 2.2039187
97 97 103 106 2 -0.0194222387 -3.35533381
0 0 0 0 3 -0.107115284 6.50637341
96 100 89 91 0 -0.000110385903 -4.44992208
58 62 73 80 4 -0.0278296061 -0.475091845
99 100 156 163 2 -0.0245485604 -4.18351889
32 35 48 83 2 -0.000398850942 -3.79085898
156 157 136 141 2 -0.0410267673 -0.505568922
0 0 0 0 0 -0.496189386 6.98343563
35 43 56 91 0 -0.000182862161 -3.96358371
106 110 50 53 3 -0.00170050573 -5.03744411
39 39 51 59 3 -0.00015687455 -3.1847415
150 151 53 59 2 -0.00473145116 -2.98539758
82 86 38 43 3 -0.000233402738 -2.59560895
173 176 33 37 2 -0.00731690694 -4.33027935
112 114 45 50 2 -0.341309279 -5.6261878
95 99 108 111 3 -0.00361949299 -2.40761662
37 38 51 58 2 -0.0273925625 -2.52184653
120 124 95 104 2 -0.00167804677 -2.22367477
102 103 82 87 2 -0.0485775471 -1.94804406
45 45 64 68 4 -0.000289785996 -0.740181684
51 52 110 117 3 -1.21239364 1.26740217
107 113 55 90 0 -0.0260301307 -1.24755192
78 82 121 156 1 -0.0822303742 -2.24038363
68 70 201 207 2 -0.01191027 -5.59856081
0 0 0 0 2 -0.0035198899 4.06806946
39 42 59 94 2 -0.316914052 -4.84215593
25 27 102 113 1 -0.654735565 -2.26653051
91 94 112 147 4 -0.00795363169 -2.77174878
0 0 0 0 2 -0.133954868 4.39058304
0 0 0 0 1 -0.517333388 6.75178862
43 45 66 77 2 -0.0188704152 -2.03281379
84 84 95 99 3 -0.000753859291 -4.46062422
66 72 46 50 1 -0.00172629813 -1.74082875
58 65 119 126 0 -0.00138201879 -4.51431656
53 57 165 173 2 -0.000741707976 -4.47698641
138 141 160 171 1 -0.0112807341 -3.06976056
89 99 48 55 0 -0.0020058332 -2.96027613
0 0 0 0 2 -0.674841344 4.18698549
77 80 88 90 0 -0.000851860386 -1.20431626
92 98 115 130 0 -0.424581736 -3.81039739
0 0 0 0 2 -0.049991481 6.92359352
53 54 30 32 2 -0.299136162 -0.74444443
101 101 108 112 3 -0.0223150719 -0.993669689
140 140 96 100 3 -0.00183439464 -2.46999073
45 48 63 67 1 -0.00403828826 -2.10875249
64 64 84 88 3 -0.02470362 -4.67883205
58 65 84 93 0 -0.00849572849 -2.39534926
0 0 0 0 3 -0.00402086135 4.66966772
0 0 0 0 2 -0.308494776 2.92245269
0 0 0 0 2 -0.00479315314 6.37716246
130 130 57 92 3 -0.0382611938 -4.56761456
47 55 131 140 1 -0.00487709418 -6.23773098
134 136 157 159 2 -0.00172599277 -4.33620739
91 95 106 111 2 -0.17044352 -2.28371668
113 116 65 88 2 -0.000342340965 -2.23244882
161 162 111 118 2 -0.0572757088 -3.69369841
97 101 40 63 3 -0.000818556349 -4.39474344
0 77 90 96 0 -0.920497298 -0.954576194
97 104 113 144 0 -0.04721535 0.330244184
0 0 0 0 2 -0.00411886023 5.36377621
52 57 66 97 1 -0.00181237201 -1.75677609
66 74 50 53 0 -0.00425044913 -2.53295517
86 86 100 107 2 -0.0042762151 -1.30083179
136 139 61 96 2 -0.116405956 -3.71675539
35 39 55 63 0 -0.000698827847 -5.23371506
133 135 65 100 2 -0.000362845894 -4.84880638
88 88 186 201 3 -0.0582764968 -1.87356782
113 121 67 102 2 -0.00193550729 -1.54226923
33 33 49 56 3 -0.573297977 -4.09808302
53 56 106 110 2 -0.00224290206 -2.34057689
29 29 17 20 3 -0.0484743305 -2.26022983
126 129 106 114 2 -0.000122903119 -2.92456222
191 197 120 155 3 -0.0052066613 -1.99088907
119 122 51 66 3 -0.0447858199 -3.15528631
149 155 80 81 1 -0.00928229373 -0.742245793
89 90 131 166 2 -0.00199121749 -3.52374721
53 56 71 106 4 -0.00434371736 -1.72021794
84 87 97 120 2 -0.00155773119 -1.24200869
0 0 0 0 3 -0.00527153676 6.89882135
151 157 185 216 3 -0.790195584 -0.810800195
64 72 84 119 1 -0.0410675928 -3.28937435
0 0 0 0 2 -0.253900439 1.5273962
119 123 46 53 3 -0.00130810391 -3.79003
62 63 79 114 3 -0.0231782254 -2.79789925
124 127 139 147 2 -0.000170343847 -2.72214198
60 66 75 98 1 -0.000837161089 -2.01435709
39 39 61 70 2 -0.00242329855 -0.856526494
36 41 49 56 1 -0.00136947865 -2.08948445
0 0 0 0 4 -0.804432094 8.09948635
98 108 52 59 0 -0.000307520648 -3.00444937
85 95 112 119 1 -0.020303769 -0.292476952
70 74 119 154 3 -0.00667820545 -1.87000084
135 135 152 160 3 -0.597513855 -1.59053326
164 209 38 0 0 -1.40343428 1.73436975
74 77 98 133 2 -0.0965715572 -1.06283116
0 0 0 0 2 -0.634217083 3.08368206
102 102 56 87 3 -0.0500321724 -1.61114573
65 66 79 87 4 -0.00244104001 -3.73723459
63 65 88 111 1 -0.0419931635 -2.13893032
0 0 0 0 2 -0.181911618 3.25194335
0 0 0 0 2 -0.0314623415 3.82760787
104 106 122 157 2 -0.0666878 -1.13832259
114 121 135 166 0 -0.127877861 -1.07472563
88 92 122 126 2 -0.0884295106 -1.17487454
0 0 0 0 2 -0.0259843748 4.82698631
132 136 51 58 3 -0.00179320318 -4.05313349
65 70 42 48 3 -0.471557081 -1.30435026
168 170 114 122 2 -0.671574593 -5.38554907
120 120 136 144 3 -0.586047709 -5.07740211
174 178 88 123 3 -0.874081552 0.236052155
44 48 53 61 4 -0.020706702 -0.967585862
33 33 44 49 4 -0.189617828 0.322848439
94 97 107 109 1 -0.354465246 1.8023572
0 0 0 0 1 -0.980549574 1.41648698
42 48 155 190 0 -0.00306231668 -5.21660519
125 125 82 89 2 -0.00133636908 -4.14910793
145 148 56 63 2 -0.00392828463 -1.53611541
102 106 66 72 1 -0.000140186588 -5.45091105
73 81 59 62 0 -0.0173483919 -4.28619909
84 92 42 49 0 -0.132908508 -4.57524633
34 37 52 64 2 -0.000610036717 -5.101758
0 0 0 0 2 -0.00181058713 4.28545332
92 75 35 58 2 -1.01645017 -3.66414809
69 75 117 124 1 -0.0768612921 -5.84387541
104 109 119 142 2 -0.00348384259 -1.28763819
47 53 83 84 3 -0.0595518164 0.659951746
39 44 128 151 1 -0.921605229 -1.32537746
0 0 0 0 2 -0.0452193022 5.56440592
106 108 85 93 2 -0.000597392209 -2.55652785
232 232 86 121 3 -1.19549084 1.20392847
98 101 116 121 4 -0.000370718772 -0.629980743
46 50 63 98 1 -0.00597916404 -1.70260906
67 73 39 54 2 -0.0112800486 -1.45133781
58 60 78 113 2 -0.000687746448 -2.59310985
85 87 54 56 1 -0.00346680894 -0.713824034
72 74 42 49 1 -0.0812899098 -0.80028218
106 107 84 92 2 -0.00896059815 -2.10827756
121 125 73 78 3 -0.00290127168 -1.62321949
142 145 54 69 2 -0.000280129403 -3.01447845
0 119 93 100 1 -1.6098969 2.51888752
132 134 60 95 2 -0.00112747808 -4.06480217
126 126 46 81 3 -0.000667109503 -3.97981405
37 39 72 107 2 -0.0129192974 -4.12858629
106 107 122 157 4 -0.00305438694 -1.85533714
103 103 41 52 3 -0.00245257141 -3.9310925
118 121 65 100 3 -0.00444881804 -2.36718774
0 0 0 0 2 -0.330408394 1.78641391
125 131 75 80 2 -0.00316817476 -2.60757971
73 78 92 103 2 -0.00855415594 -4.87035513
134 139 0 79 4 -1.12044501 0.505232096
115 119 68 103 3 -0.0290269293 -2.3963449
107 116 40 75 0 -0.013958375 -5.50581598
168 171 39 74 3 -0.00661177607 -4.64297152
102 108 46 81 3 -0.0372799821 -0.810735345
53 53 81 104 2 -0.0212163515 -3.57790112
18 23 28 63 4 -0.105843097 -1.81951976
95 99 107 113 2 -0.00365384575 -1.0888896
114 118 57 92 4 -0.0142623978 -3.23435473
67 68 110 145 3 -0.00687474571 -2.62686896
41 42 52 59 4 -0.039286986 -3.74068165
0 0 0 0 1 -0.793593884 6.42034531
93 96 112 118 2 -0.00526812579 -4.92273045
88 88 98 106 2 -0.00120263058 -3.03565097
105 108 63 74 2 -0.000942042214 -5.38968563
159 163 109 144 2 -0.0224749558 -2.43348789
74 76 28 63 2 -0.0221572984 -2.24917793
21 26 49 84 1 -0.0252253655 -2.86115694
22 27 35 50 1 -0.30619067 1.10091329
107 108 130 153 3 -0.00680393493 -1.49125624
76 83 50 57 0 -0.011787801 -2.20817876
83 87 65 67 0 -0.254916936 -2.61498833
95 95 107 112 2 -0.0105811078 -3.37670922
72 80 88 92 0 -0.00122266577 -3.98355842
52 53 63 98 3 -0.198307872 -2.67175794
102 104 40 75 4 -0.000437584677 -3.97923303
0 0 0 0 3 -0.0725263208 6.51761293
81 84 63 74 4 -0.0988825187 -1.46248913
143 147 91 97 4 -0.101817533 -3.51319313
96 96 127 130 3 -0.0614999011 -0.415216446
57 57 99 134 4 -0.000654866686 -3.49420643
99 103 67 72 4 -0.00257618539 -0.920948803
131 141 84 87 1 -0.00113757129 -3.245579
0 0 0 0 2 -0.00103706424 6.51565075
0 0 0 0 2 -0.225227684 5.59715462
111 115 47 53 2 -0.00117948453 -4.55164576
50 53 37 39 1 -0.0139835738 -3.4720974
57 64 116 120 3 -0.000333641714 -3.35560131
60 60 77 79 2 -0.0181029364 0.796839058
146 150 77 112 0 -0.00235752366 -2.26995397
90 90 102 133 3 -0.444718331 -0.17339918
0 0 0 0 3 -0.0222010147 7.07400227
104 105 51 56 3 -0.00403064443 -1.96988273
152 156 48 51 4 -0.00287334179 -0.894212008
0 0 0 0 2 -0.018875571 5.53610897
28 33 37 48 2 -0.0313123018 -0.146716863
0 0 0 0 2 -0.0142268231 4.05878878
86 86 106 141 3 -0.000389876193 -3.21155596
133 138 152 187 4 -0.000192517415 -3.25957227
36 36 60 64 3 -0.00825091824 -2.67042208
115 121 65 100 1 -0.00108448393 -5.04684067
50 51 118 153 3 -0.00873401202 -3.47653317
0 0 0 0 2 -1.07515943 7.26934147
103 106 46 81 3 -0.000325299421 -2.87197328
112 115 95 101 0 -4.93521802e-05 -4.02052212
24 27 44 48 2 -0.00189396599 -3.1635716
71 75 131 166 3 -1.04620171 4.31512356
0 0 0 0 3 -0.0433392525 3.94583917
0 0 0 0 2 -0.0170136057 3.96480203
109 111 28 43 1 -0.461990952 -2.29912353
76 80 47 166 2 -0.761111617 -5.71293163
0 0 0 0 2 -0.565396965 3.31234288
148 152 93 128 4 -0.00844597258 -5.43747473
145 150 47 78 1 -0.000739685085 -3.38743138
39 45 79 86 2 -0.000368327339 -3.92511249
138 142 55 90 3 -0.447705954 -3.01590157
109 114 35 40 0 -0.100351579 -2.96859646
76 81 169 175 3 -0.464885712 -5.36692476
97 99 108 139 2 -0.00425409991 -1.70005465
106 109 118 122 3 -0.0146206412 -1.63669968
149 152 38 73 4 -0.0207005236 -2.59530807
62 62 75 79 3 -0.0281831641 -2.68072343
48 48 126 161 3 -0.172996983 -1.83755994
107 109 38 46 2 -0.000387283973 -2.80719399
52 59 130 141 0 -0.00552419666 -1.65457892
113 114 35 46 2 -0.111102276 -4.74609327
103 103 150 156 3 -0.000715371687 -3.99715567
0 0 0 0 1 -0.8128317 2.05651569
42 43 53 88 3 -0.0724887848 -5.14826965
173 176 73 0 4 -2.6635704 3.03093648
71 73 86 109 2 -0.0040822993 -3.20697474
59 62 153 159 1 -0.000529330166 -4.38297939
53 53 80 91 3 -0.245746136 -1.00168049
34 39 146 150 1 -0.0122748567 -3.85325265
120 121 55 78 2 -0.0350350775 -2.84136772
57 57 89 104 3 -0.00440832647 -3.45527911
0 0 0 0 1 -0.0372178815 2.89964104
166 166 97 106 3 -0.101576842 -1.43291879
0 0 0 0 1 -0.504927754 7.55881834
48 52 81 116 3 -0.000281675457 -3.32294846
80 83 123 146 2 -0.000679417688 -5.32642126
93 98 111 113 0 -0.00964946859 -0.832569838
137 141 111 116 1 -0.00291726622 -0.714807272
137 143 154 0 1 -0.863564968 0.383771002
120 124 138 140 3 -0.0401163027 1.28750634
139 143 47 82 3 -0.00415758742 -2.41401696
78 82 102 144 3 -0.0450642928 -1.06360614
62 65 78 109 2 -0.00793637801 -3.27183509
0 0 0 0 2 -0.981765747 7.50837946
33 35 48 35 1 -1.55264056 -0.187995121
106 108 61 64 2 -0.00906534493 -2.64714909
118 119 150 153 2 -0.0270614959 -1.22493839
65 71 83 118 0 -0.0163404234 -4.10691738
0 93 35 39 2 -1.09681702 0.367907584
130 131 71 106 2 -0.0304810777 -2.60793996
29 32 80 91 4 -0.0609982535 -2.40803599
66 73 99 103 0 -0.000918508857 -3.92094183
55 60 73 77 2 -0.0181023758 0.102106035
83 88 98 133 3 -0.0434675217 -3.40643167
83 83 96 131 3 -0.00411158055 -3.40991807
118 119 69 104 3 -0.004218366 -4.8424921
53 53 70 77 2 -0.000856519153 -4.77091122
0 0 0 0 0 -0.00632826751 5.18878317
140 144 75 86 1 -0.0359374471 0.156817853
52 55 84 87 2 -0.000359394995 -4.3099699
22 24 31 66 2 -0.159560889 -4.26505661
77 78 86 89 2 -0.0116127282 -4.49733448
0 0 0 0 1 -0.449800402 2.85836673
73 75 21 56 2 -0.00501920749 -2.283113
140 140 157 192 4 -0.00423687324 -2.62795806
0 0 0 0 2 -1.56834066 1.68356323
144 146 89 93 2 -0.120627902 -3.09646678
0 0 0 0 3 -0.00926843379 5.63750219
87 88 51 56 3 -0.0205524974 -4.48820829
49 54 129 136 3 -0.00754958484 -3.6653142
0 0 0 0 3 -0.589009225 6.35844612
32 37 75 83 1 -0.000531320809 -3.193856
60 64 21 25 1 -0.0654738396 -4.63181686
76 84 96 131 3 -0.00196457747 -3.20626044
0 0 0 0 2 -0.00509970635 5.13568878
76 80 119 154 3 -0.0152715752 -1.16148567
38 42 47 70 3 -0.49410975 -2.1753056
60 62 122 133 3 -0.0240914598 -3.76191258
99 103 119 126 3 -0.00928249676 -3.42284966
126 133 144 155 2 -0.297876924 0.0814555287
70 75 104 139 3 -0.0144783035 -3.16260862
0 0 0 0 2 -0.019086875 5.53164339
0 0 0 0 3 -0.354220808 2.59221959
126 129 36 71 3 -0.162753716 -3.79187751
18 0 93 98 1 -0.945657253 3.09243846
0 0 0 0 2 -0.0123145161 5.78230429
133 138 85 89 3 -0.0116245756 -3.97084403
47 49 62 110 2 -0.578903019 0.172462285
123 123 129 135 3 -0.112150148 0.494998634
0 0 0 0 3 -0.000470411411 4.86897993
54 59 70 93 2 -0.00202406803 -1.74031043
38 46 50 61 0 -0.0162465237 -2.91181087
107 111 22 28 3 -0.687881231 -2.24876118
59 61 119 124 1 -0.00304376101 -1.99765158
0 0 0 0 2 -0.583122015 3.82737899
41 45 59 66 3 -0.000472749991 -2.97130847
110 113 123 130 1 -0.000416935305 -2.64681053
135 137 73 108 2 -0.0308694132 -3.41634059
124 127 138 142 1 -0.00744400313 -4.18220615
129 136 59 66 0 -0.0718252361 -3.61924767
61 62 75 80 2 -0.000444146281 -2.55924535
0 0 0 0 3 -0.725655377 3.08297205
52 56 120 127 3 -0.000680812285 -5.04551125
65 67 77 88 2 -0.359921575 -0.848525763
80 83 96 101 3 -0.189363167 1.93831229
198 202 169 176 2 -0.00543354591 -4.26997662
132 140 59 94 1 -0.00155437086 -0.857252419
73 77 49 58 0 -0.00206821226 -3.05638933
188 193 101 105 0 -0.000716099341 -3.55149841
144 0 98 0 3 -1.19124031 0.612080038
102 102 115 146 3 -0.0469358414 -3.15044641
0 0 0 0 2 -0.392858893 7.51610231
86 88 78 80 1 -0.00100440206 -3.64816332
0 0 0 0 2 -0.0210226532 4.86558914
0 0 0 0 2 -0.0197442137 5.23599434
0 0 0 0 3 -0.138534799 4.3549099
0 0 0 0 0 -0.740448236 0.597664058
147 149 189 105 1 -0.789474308 0.588073671
0 0 0 0 3 -0.505211115 6.85895395
128 137 80 115 1 -0.000763923279 -1.20293891
85 88 54 61 0 -0.0572232269 -4.38666105
0 0 0 0 2 -0.0071423566 4.87004328
96 100 0 0 2 -1.34216142 0.862278163
68 71 105 111 1 -0.00172074011 -2.67364359
0 0 0 0 1 -0.207637578 5.67912626
113 119 135 150 1 -0.0310976431 -1.68103409
0 0 0 0 3 -0.00495329453 4.66513538
0 0 0 71 0 -1.38524508 1.59691095
0 0 0 0 2 -0.642940164 6.33218431
65 69 103 138 3 -0.000945052074 -5.39789057
123 126 143 178 2 -0.00326104322 -1.57601047
80 84 61 63 1 -0.00432783738 -1.81170392
102 107 38 73 2 -0.0924652144 -2.33752871
119 122 66 101 4 -0.000633634219 -3.56997943
0 0 0 0 2 -0.85033989 3.21097851
121 125 153 161 1 -0.00927186385 -4.35609245
143 145 84 88 1 -0.00191151723 -2.25394011
39 41 50 56 2 -0.571412921 -2.75318694
96 100 68 74 3 -0.0409716032 -1.3328619
17 25 30 35 1 -0.0427155048 0.588429987
0 0 0 0 2 -0.000820778601 5.74691868
114 114 95 99 2 -0.0184940863 -4.79011536
0 0 0 0 2 -0.757633448 1.75007319
62 66 42 47 2 -0.00355160516 -3.7807436
0 0 0 0 2 -0.209385023 6.1947794
0 0 0 0 1 -0.0800303668 3.95920205
86 91 51 56 2 -0.0138622113 -0.516248047
216 219 54 61 2 -0.464637935 1.73395491
78 82 93 128 4 -0.00364495022 -3.75733948
94 95 112 117 2 -0.000930837297 -4.56866455
104 108 27 62 2 -0.00159436534 -1.69928265
67 73 22 30 1 -0.0306174904 -3.23169827
67 67 19 25 3 -0.000724361802 -3.6841712
0 0 0 0 1 -0.147822037 5.84928703
111 114 37 72 1 -0.00378604 -3.64169812
193 197 0 86 2 -1.36348939 1.70176768
166 173 84 92 3 -0.0868924782 -3.97534204
131 134 144 148 0 -0.0457987152 -2.73423576
0 0 0 0 3 -0.502630353 6.9060483
54 58 69 76 4 -0.303404748 -1.02446687
44 47 73 77 2 -9.02393222e-05 -3.72702932
28 31 80 87 2 -0.012189501 -1.4097209
141 145 72 107 3 -0.00416761963 -4.08258915
150 154 133 139 0 -0.0379091986 -2.60887671
35 37 133 135 2 -0.00667583942 -1.20522511
26 34 42 77 2 -0.0426753759 -2.67619681
92 96 112 120 4 -0.000149603569 -1.42942286
127 132 74 109 2 -0.00346070528 -3.71232271
0 0 0 0 2 -0.0574689656 5.71651268
118 118 149 156 3 -0.400781542 0.168119788
118 118 97 103 3 -0.00230603083 -4.01739836
59 61 76 111 1 -0.0172009803 -3.9656055
114 117 131 162 2 -0.000282266905 -4.08342791
104 108 121 136 4 -0.006101117 -2.15562439
52 56 99 134 4 -0.000331017276 -2.40569401
61 64 30 37 2 -9.97751195e-05 -4.44545746
0 0 0 0 1 -0.656824112 3.83344293
68 72 52 56 3 -0.00374556868 -1.73508239
60 65 100 115 2 -0.167002156 -3.32377768
123 127 61 96 4 -0.0045142062 -1.86617684
0 0 0 0 1 -0.701628089 4.77625561
83 90 38 44 0 -0.00219544186 -1.17846298
92 95 59 82 2 -0.00021790649 -4.14561844
22 24 102 105 2 -0.00351100205 -4.83781672
162 164 55 86 1 -0.0384305492 -1.82340956
114 121 147 154 1 -0.0117164664 -3.28107882
120 120 190 195 3 -0.000742536504 -3.81813502
190 190 56 91 2 -0.0117848059 -3.9958086
133 139 52 59 2 -0.0011561166 -3.43977261
99 103 59 61 0 -0.0238114335 -2.30175591
88 93 152 158 1 -0.00882505439 -2.67909622
118 120 65 71 1 -0.0017839761 -2.3897481
0 0 0 0 2 -0.000336369238 5.00904751
63 64 27 31 1 -0.00276732352 -2.86290836
57 57 91 126 3 -0.397276521 -0.448430896
101 103 114 119 2 -0.00179601507 -5.37711763
0 0 0 0 1 -0.00546068838 6.95423937
44 47 108 143 3 -0.217971087 0.948013484
97 98 116 127 3 -0.0156502947 -1.60522795
103 106 134 138 3 -0.00539679592 -1.79605341
122 127 44 59 3 -0.574543118 -3.39121962
0 0 0 0 4 -0.745327532 7.36178493
90 91 101 136 2 -0.00156451552 -2.34634829
37 40 46 81 1 -0.170799628 -2.58389544
0 0 0 0 2 -0.353757828 3.07584429
86 91 52 67 2 -9.84650251e-05 -4.13432217
49 53 113 115 0 -0.013684812 -3.63784099
194 194 41 47 4 -0.100376368 -1.05824828
65 67 84 115 1 -0.000107524189 -4.64687061
187 189 168 171 2 -0.00260161608 -2.51058388
41 45 0 61 3 -2.54233265 2.17235255
138 140 122 130 2 -0.00321342563 -4.82829762
120 125 120 69 1 -0.537434876 -0.908032179
115 118 183 187 4 -0.000807141943 -2.28662395
135 139 61 69 2 -0.00196993304 -3.45113087
143 147 57 66 2 -0.000770252082 -2.44658494
34 36 22 24 2 -0.00130760972 -4.12003946
53 55 0 0 0 -1.1950407 0.66656965
90 92 48 83 1 -0.0359603465 -2.91251779
0 0 0 0 4 -0.101622872 2.74596143
0 0 0 0 2 -0.00707912631 3.48204136
57 59 122 153 2 -0.0360694304 -0.490153313
120 125 48 55 4 -0.0198046044 -2.13142729
64 71 87 122 0 -0.000554562022 -4.83669662
130 135 54 55 0 -0.0041314261 -4.16503334
120 123 138 145 3 -0.00853021257 -3.79135919
115 123 179 202 0 -0.306700647 -0.128829062
51 54 88 96 1 -0.00986784883 -1.86412621
158 162 180 185 2 -0.00225505279 -2.84481716
0 0 0 0 1 -0.0124177616 5.09730673
0 83 0 0 1 -0.603097081 1.12637639
164 167 71 94 4 -0.00560975447 -3.77073669
158 162 55 57 0 -0.0132078324 -3.18196392
0 0 0 0 3 -0.0359584168 3.04468107
52 53 126 141 3 -0.000863059424 -4.03557968
105 107 125 160 1 -0.00265751872 -1.73969388
53 53 27 34 3 -0.0169921629 -3.06504655
32 32 57 68 3 -0.00171245076 -3.18428016
143 146 119 124 1 -0.61966306 0.934929669
108 111 131 139 3 -0.00633107871 -6.09828424
82 88 47 51 3 -0.00110596803 -2.64577246
33 33 111 114 2 -0.00234912615 -2.75320745
147 152 108 113 1 -0.000605102221 -3.90567899
116 120 132 167 3 -0.000794282299 -4.69759607
0 0 0 0 2 -0.00800461601 5.05414867
80 86 34 69 2 -0.00728967832 -1.0593369
126 126 48 79 2 -0.00280122482 -4.87922096
86 91 99 106 1 -6.00805979e-05 -4.37425232
0 0 0 0 2 -0.735342205 7.73460054
0 0 43 78 2 -0.442431271 -0.870579064
69 73 45 48 1 -0.135384351 -1.73537302
44 47 61 66 2 -0.000790573715 -3.11894584
0 0 0 0 2 -0.00963663496 6.19866562
157 158 100 135 2 -0.0153393587 -4.79859066
105 105 29 30 2 -0.0067786118 -1.49621177
0 0 0 0 2 -0.882712781 7.61374617
51 52 37 39 2 -0.000699649041 -3.66415858
65 67 79 114 2 -0.115791343 -2.17013025
136 140 120 128 2 -0.00014721867 -2.79666042
66 71 16 51 4 -0.00402928097 -3.47292376
87 90 107 118 0 -0.0347956382 -2.38711143
99 100 63 67 2 -0.00124381809 -4.34387922
80 80 95 126 3 -0.00225781021 -3.50427532
125 132 73 84 1 -0.0022680487 -1.49474001
0 0 0 0 2 -0.54799509 6.22138691
44 48 62 66 1 -0.000247579301 -3.04438663
122 126 51 57 4 -0.00157699559 -2.49527216
126 128 34 65 2 -0.00111470511 -2.17756844
0 0 0 0 2 -0.809500456 5.11350536
69 74 86 109 1 -0.00156549527 -3.00458097
0 0 0 0 2 -0.000122781872 6.27745247
50 50 68 73 3 -0.33460933 -2.26259017
109 114 126 130 2 -0.000279415399 -2.3998785
141 147 95 130 0 -0.000907384616 -3.72818851
67 69 162 197 2 -0.0169312842 -3.18260407
97 109 80 88 2 -0.891268849 -0.923482299
0 0 0 0 2 -0.356179684 4.71296787
153 154 105 113 3 -0.00180495903 -0.838999152
141 141 160 195 3 -0.00123973365 -2.41883707
116 120 160 164 3 -0.0117056817 -2.97947574
132 137 81 116 2 -0.0344972685 -4.43058491
214 216 157 192 3 -0.0608507171 -2.74794626
55 55 69 75 3 -0.00115922734 -3.46143174
0 0 0 0 2 -0.0182947591 3.72993541
55 59 96 131 2 -0.0519424491 -3.64286399
35 39 43 45 3 -0.109687492 -0.732014358
131 135 103 110 2 -0.0621978454 -0.832275331
0 0 0 0 3 -0.388952047 4.11063623
161 164 74 76 1 -0.0239969771 -2.09605289
115 117 65 100 4 -0.0131884022 -3.03200269
0 0 0 0 2 -0.0363301225 3.15643024
79 84 66 68 4 -0.00303018 -2.26761293
91 91 45 80 3 -0.0168896075 -4.04598904
109 109 128 137 3 -0.163451582 0.689256608
0 0 0 0 3 -0.0230319668 3.79566455
45 51 56 58 1 -0.0159554631 -2.66440368
123 126 145 148 2 -0.000746286649 -3.92785382
42 47 64 79 1 -0.000461760908 -2.24346256
74 80 88 119 0 -0.0315383077 0.793082535
0 0 0 0 0 -0.271854848 7.86310434
18 26 89 93 0 -0.0262276791 -1.1827153
100 109 26 61 1 -0.00757664209 -3.39030457
112 116 130 133 3 -0.00531610195 -3.12082148
90 90 105 108 3 -0.0014407991 -5.48063993
102 107 29 64 4 -0.0514585301 -1.73999929
70 75 89 124 1 -0.000336385216 -4.65887356
117 117 50 85 3 -0.000652225863 -6.16953754
109 111 125 130 1 -0.00113450515 -2.99112535
103 103 113 119 3 -0.0222808551 -3.10740495
0 0 0 0 1 -1.14285386 2.53829527
108 113 42 73 1 -0.519864917 -1.76867843
48 49 112 127 2 -0.00144635222 -4.35901976
58 63 154 161 1 -0.00210967194 -2.39119244
101 103 66 81 3 -0.0023507087 -1.60121012
53 53 67 74 4 -0.00094686792 -2.26123548
168 170 91 126 2 -0.638817549 -4.38527966
117 117 98 107 3 -0.00806779042 -3.10877657
0 0 0 0 1 -0.115269192 6.0293107
161 165 118 141 2 -0.00841676351 0.495830059
81 87 40 55 0 -0.0513161644 -2.03367782
136 138 89 124 3 -0.103181668 0.138422251
159 162 36 51 2 -0.00559620466 -2.82549405
51 54 63 66 0 -0.00149694632 -2.64213347
0 0 0 0 2 -0.00301650376 5.38804722
155 156 63 109 2 -0.121756293 1.95120668
133 138 133 73 1 -0.820741296 -0.0373258591
0 0 0 0 3 -0.0015626041 5.78704977
133 137 77 112 4 -0.000507295714 -3.13485527
74 77 64 67 0 -0.00588844577 -1.22449207
0 0 0 0 3 -0.10764382 4.63881683
0 0 0 0 3 -1.33006763 0.395387292
110 111 133 140 1 -0.213681206 -1.27408075
34 34 42 57 3 -0.0452187732 -2.17917013
101 101 89 92 3 -0.0308224242 -2.19851446
57 60 142 37 4 -1.41686547 2.86054397
56 59 157 192 0 -0.551925302 -4.18873119
0 0 0 0 3 -0.304837346 4.83406591
0 0 0 0 2 -0.475845277 7.33399105
78 85 111 118 1 -0.000863780966 -2.5303731
55 61 110 117 2 -0.0111017423 -4.72497034
55 59 85 87 4 -0.00141445606 -3.31532431
68 75 114 126 4 -0.000969607849 -2.72975588
54 59 42 48 2 -0.000459592382 -4.2337575
71 74 22 26 3 -0.035170123 -3.95263577
129 136 101 108 1 -0.00168886874 -6.91152191
0 0 0 0 1 -0.573274374 7.85611582
123 131 23 58 1 -0.00242583058 0.19343859
0 0 0 0 3 -0.563386917 4.11833525
190 196 135 170 2 -0.000325662288 -3.88860631
34 35 49 55 2 -0.000279893808 -2.30787587
68 74 47 51 2 -0.000578549225 -3.32389855
52 56 64 75 2 -0.00603974238 -3.89008188
135 138 0 0 2 -0.707821548 0.0932762027
83 88 94 101 1 -0.105791606 -2.01376939
87 89 132 134 1 -0.00233628252 -3.09228611
87 93 124 130 0 -0.0153239202 -0.553368211
43 55 127 149 0 -0.564106584 -2.62777114
142 147 54 62 3 -0.0238012839 -4.47323465
144 150 89 124 2 -0.00467665121 -4.07525015
74 78 51 57 2 -0.0726703703 -1.08300245
0 0 0 0 0 -0.290050238 2.8487041
103 107 137 143 2 -0.00179525721 -4.82858706
0 0 0 0 2 -0.909528017 1.08794069
15 21 32 63 0 -0.0869465247 -4.24978113
133 133 40 46 3 -0.000930283335 -2.57309699
108 109 53 88 2 -0.0324541889 -1.84359288
155 159 85 89 3 -0.328378469 -3.34236836
22 22 96 105 2 -0.0046932837 -3.06925416
0 0 0 0 0 -0.305528492 5.33187294
51 52 83 98 3 -0.00493930094 -3.38584018
110 113 101 104 4 -0.000158542563 -1.74479103
161 166 138 142 2 -0.0102461241 -1.2855916
45 47 96 127 2 -0.693108439 2.50699663
59 60 71 106 2 -0.0636389554 -4.94489956
117 120 40 47 2 -0.00866344478 -3.74160433
57 63 79 84 2 -0.000675073185 -2.88427448
109 111 131 166 3 -0.000845503062 -2.37222457
0 0 0 0 2 -0.213063642 6.69409323
0 0 0 0 1 -1.0913887 7.56067896
242 242 141 176 1 -0.628803134 2.00057197
88 88 38 73 3 -0.0040360475 -2.24996638
62 67 103 110 2 -0.00962657481 -3.1349709
51 51 66 101 2 -0.00247839838 -2.65744281
196 200 58 65 2 -0.547207713 -2.81226659
109 109 131 133 4 -0.0412653945 -0.254647851
0 0 0 0 1 -0.00163469499 4.58265305
118 123 136 143 3 -0.00359392259 -1.84340096
165 145 34 37 0 -0.764088333 -4.69846487
44 48 66 72 4 -0.0175300576 -1.36291075
17 24 28 30 0 -0.200331867 -0.292154431
134 141 161 165 3 -0.0405129604 -1.44544721
31 38 46 50 1 -0.00981229171 -3.7533536
165 168 218 222 4 -0.0611323193 -1.01754379
0 0 0 0 1 -0.321911991 2.17861152
94 97 153 176 2 -0.598910749 -1.60408449
147 148 54 89 2 -0.00259798788 -1.96696687
0 0 0 0 3 -0.523061633 4.70579004
0 0 0 0 0 -0.328540683 5.63361979
0 0 0 0 3 -0.014677735 5.81813431
62 65 77 84 4 -0.0773178041 -4.25109959
0 0 0 0 1 -0.320172936 3.90283513
67 71 86 94 3 -0.0022755242 -2.95112848
39 44 47 62 3 -0.245040238 -0.361191958
78 79 134 145 2 -0.00570135145 -2.23227477
51 55 63 67 2 -6.49677822e-05 -4.79331779
45 48 59 74 3 -0.000272730365 -5.0950141
126 134 35 70 0 -0.00413955981 -4.1660552
0 0 0 0 4 -0.00331118726 4.71096468
0 0 0 0 3 -0.00505344942 4.09216595
51 60 73 82 0 -0.0149642536 -0.604399204
0 0 0 0 2 -0.0013377713 4.72870159
0 97 0 0 2 -1.37209487 2.71327233
47 55 74 78 0 -0.000790979364 -2.59452772
110 111 90 97 2 -0.0176071711 0.120256841
51 57 140 145 3 -0.00127442356 -5.13037205
0 0 0 0 2 -0.519382119 6.62346458
0 0 0 0 0 -0.0416405052 5.7216773
0 0 0 0 4 -0.00755926641 4.585495
116 118 133 138 2 -0.00613893848 -2.09297824
26 30 36 59 2 -0.643716753 -0.592465043
0 0 0 0 1 -0.415868819 5.68728876
141 141 94 109 2 -0.00406641606 -2.8605175
26 27 37 45 2 -0.28848511 -3.45995831
0 0 0 0 1 -0.494952619 7.60555601
111 111 35 70 1 -0.1872852 -1.37658811
58 59 85 120 2 -0.0089066634 -4.16436052
89 90 98 109 2 -0.0113136396 -1.29142141
0 0 0 0 2 -0.129373863 6.43010712
83 88 36 67 1 -0.00321538444 -3.58523369
0 0 0 0 3 -0.0424462296 6.45546818
116 118 158 181 2 -0.038912233 -2.04094982
76 79 89 120 3 -0.00172422128 -4.49917412
159 165 37 44 2 -0.00153387489 -1.12071502
56 63 110 145 3 -0.000910243078 -2.98602343
108 109 116 122 3 -0.0513571315 -1.91318393
88 92 145 151 2 -0.00267398357 -2.31972742
57 57 70 77 3 -0.0850805491 -2.30619693
101 102 58 69 2 -0.0062266863 -1.8885541
85 85 91 126 2 -0.323972493 -2.86270356
95 101 83 90 1 -0.0441462994 -0.759178698
0 0 0 0 2 -0.265796989 1.83656621
85 87 43 58 1 -0.0116422428 -0.451377392
92 92 105 120 2 -0.000740067859 -1.86965179
84 85 114 120 2 -0.00143018144 -5.23994112
144 146 122 130 2 -0.00103878696 -3.716043
94 96 64 69 2 -0.00014602684 -4.68311787
86 86 101 136 1 -0.0210221224 -1.77255464
0 0 0 0 3 -0.0937305167 1.67886734
80 83 99 110 4 -0.00156350608 -2.19768429
89 94 49 0 1 -0.983315706 1.69400954
70 76 88 95 3 -0.763426185 -1.74441051
0 0 0 0 0 -0.0240030047 5.18177414
22 26 104 111 2 -0.232626855 -1.99825811
117 123 42 46 2 -0.00315986457 -1.90945935
121 121 91 114 2 -0.00522187166 -1.9501791
14 16 20 25 2 -0.298107415 0.744931161
106 0 0 0 3 -0.410505414 1.95820713
104 106 45 80 3 -0.00122644845 -2.43259835
108 118 133 144 0 -0.00148947909 -3.18146753
44 49 86 117 2 -0.00115737645 -3.47638297
63 67 128 135 3 -0.000200976676 -3.66124201
0 0 0 0 1 -0.981324673 7.47523355
0 0 0 0 3 -0.47202459 6.89632082
151 157 189 192 1 -0.00105240662 -2.51699972
0 0 0 0 2 -0.0502753854 3.98749995
83 86 38 73 2 -0.0236170497 -3.05199075
0 0 0 0 1 -0.170926169 3.36831141
173 180 146 154 0 -0.0174324363 -0.890339792
42 42 59 94 4 -0.00828083418 -4.06269503
22 27 34 69 0 -0.0815054029 -4.33004475
65 67 92 103 2 -0.125471652 -1.29041553
0 0 0 0 3 -0.285479635 6.20917273
134 137 40 47 2 -0.00248118048 -3.26636171
0 0 0 0 3 -0.563043535 4.58844519
0 0 0 0 4 -1.16179526 7.41793871
221 221 42 49 3 -0.00371178007 -3.4428277
108 112 53 88 3 -0.000181788026 -5.11234236
96 100 49 0 3 -1.08653736 0.565903962
88 92 60 68 3 -0.00306353881 -2.72740579
0 0 0 0 3 -0.0795366392 3.56490874
138 143 65 100 0 -6.3657295e-05 -4.8040514
58 61 142 177 2 -0.156695709 -1.58784842
110 114 123 130 2 -0.420554668 -1.2317605
0 0 0 0 2 -0.542390227 5.52979565
85 92 101 136 2 -0.000932319381 -3.04392481
0 0 0 0 2 -0.846018434 1.98503304
105 110 120 128 1 -0.125481948 1.90233183
40 47 56 91 2 -0.0127719063 -5.3818202
82 82 64 70 3 -0.0215232782 -2.03191328
30 35 46 61 3 -0.00114467333 -4.93557072
0 0 0 0 2 -0.930622935 -2.13452816
163 167 108 115 1 -0.0865452141 0.921223104
88 88 99 104 3 -0.00906226411 0.718290865
106 113 65 69 0 -0.00661610952 -0.818173528
0 0 0 0 3 -0.160016268 4.0589776
38 46 50 55 2 -0.0770343319 0.472001076
124 129 96 100 1 -0.226329669 -0.761125624
107 110 60 95 3 -0.00663595274 -2.26423073
0 0 0 0 2 -0.036200922 5.13158655
58 62 100 135 3 -0.000239471527 -5.54463291
0 0 0 0 1 -0.302450657 2.45929098
108 111 130 137 2 -0.000655053882 -3.16416788
59 67 94 101 1 -0.00391000975 -2.72938299
209 235 67 102 3 -1.36982548 1.03104544
89 91 159 194 2 -0.050905142 -1.67743492
62 65 80 115 1 -0.000309810799 -6.28894472
44 44 49 52 4 -0.300101399 -0.0651351511
0 0 0 0 1 -0.387870252 3.12027645
49 53 84 92 1 -0.0170027819 -4.51815414
215 217 160 195 2 -0.0697037429 -3.13759708
30 35 101 136 2 -0.0118951341 -2.08667517
115 118 130 133 1 -0.0140822362 -2.9188323
139 142 123 127 1 -0.000242333801 -2.5738914
0 0 0 0 2 -0.856746554 7.13085175
43 43 129 133 3 -0.000920665218 -3.18612075
107 114 73 77 0 -0.379236311 -2.64077306
63 66 18 53 4 -0.00726958178 -2.38758993
0 0 0 0 1 -1.04850221 7.25409603
51 53 80 115 2 -0.095543772 -1.98277354
109 112 48 51 2 -0.0022549571 -1.40800214
129 133 110 114 3 -0.612343967 0.283829868
137 143 31 46 1 -0.124695823 -3.15233088
135 141 45 80 1 -0.000263319875 -4.51876497
99 107 84 86 0 -0.000348896516 -4.09206295
150 150 48 71 2 -0.0346347764 -3.94339132
97 102 112 116 3 -0.218596175 -2.51356602
176 177 142 151 2 -0.502268791 -2.362432
32 36 113 148 3 -0.00148237927 -4.9548502
129 136 76 78 0 -0.038692262 -6.81286573
117 118 55 60 2 -0.00261750305 -1.50190377
71 75 89 96 3 -0.0391232222 -1.85236287
0 0 0 0 4 -0.591077149 7.14563513
118 122 34 69 4 -0.00402914034 -3.86914492
61 67 45 50 0 -0.00714183273 -1.18361354
0 0 0 0 2 -0.0137149738 4.04529858
107 111 89 93 3 -0.00309685827 -3.30773139
59 66 132 139 0 -0.00381074264 -1.1938026
66 67 78 86 3 -0.655907273 -0.541336
63 64 123 134 2 -0.00342449662 -4.52721024
102 102 135 170 2 -0.0145384874 -1.2354095
128 128 103 114 2 -0.00189313851 -3.12808704
130 130 42 77 4 -0.0122829648 -0.89120245
41 41 56 87 2 -0.0951161087 -2.00195765
173 177 118 122 2 -0.0152331162 -0.236946374
48 53 151 158 2 -0.0127356127 -2.23038721
0 0 0 0 2 -0.0545009971 2.98110962
113 117 23 58 3 -0.514363825 0.244683802
0 0 0 0 1 -1.23754895 2.27659154
106 107 115 122 2 -0.00990334898 -2.77824664
45 47 65 69 2 -0.00286575523 -4.46136665
0 0 0 0 2 -0.00801651739 4.98843288
190 191 144 149 4 -0.00553858327 -4.14758921
58 58 123 123 3 -0.138303563 -2.46177769
0 0 0 0 2 -0.0594076291 5.33302116
0 0 0 0 0 -0.314311266 7.42189217
0 0 0 0 2 -0.27260685 5.94809198
0 0 0 0 3 -1.39266741 1.99274278
69 70 26 152 3 -0.216924638 -1.28036046
47 47 59 66 3 -0.142852068 -1.18827355
0 0 0 0 1 -0.00873257127 4.28293467
0 0 0 0 2 -0.0930599347 0.281051695
132 132 69 104 4 -0.00529856235 -2.85176349
61 66 139 143 2 -0.00532759633 -3.15863395
8 20 30 30 4 -1.06428456 -2.15549731
91 96 139 148 3 -0.0104407286 -4.17380476
48 52 67 71 3 -0.0512707382 -2.42526984
123 124 110 113 2 -0.00664897868 -4.00005531
74 78 60 68 3 -0.000458439463 -2.62095022
62 65 81 104 3 -0.0010807612 -3.2449944
100 104 173 208 0 -0.00718019251 -3.57975769
30 30 47 55 2 -0.0016408104 -4.21541643
67 72 20 55 2 -0.000731195731 -4.42191648
0 0 0 0 1 -0.491034478 2.31629539
48 49 108 111 2 -0.0279429462 -2.71836638
0 0 0 0 3 -0.409195244 7.69323683
151 154 45 56 1 -0.00137085537 -1.5331037
92 99 182 189 0 -0.219464183 -3.91742539
186 0 70 105 2 -1.54992092 5.15694427
114 118 53 62 3 -0.00409498531 -3.76841474
68 72 20 23 3 -0.126766652 -4.47578716
79 83 155 190 4 -0.0275803749 -1.64558887
0 0 97 116 1 -0.806451678 -1.36250877
105 107 121 123 3 -0.00232636184 -0.519169688
152 153 53 84 3 -0.0105131241 -2.43239975
118 125 136 159 2 -0.00182157883 -4.32788944
76 77 84 107 3 -0.0109423101 -1.6121912
43 48 107 113 1 -0.000653337047 -1.91370416
125 129 144 147 2 -0.00213376572 -3.62696147
64 64 112 119 3 -0.00328022754 -4.55253696
45 45 116 125 3 -0.000147934406 -2.29958844
0 0 0 0 3 -0.485824704 3.14228535
86 87 97 104 2 -0.00182477152 -4.18859148
117 124 46 57 2 -0.000196925394 -4.28100538
81 86 120 123 1 -0.0119238775 -4.04355526
87 93 105 113 3 -0.00149640744 -3.5950439
132 132 53 88 3 -0.00490060914 -3.03697038
0 0 0 0 2 -0.00916956272 3.3905592
57 62 98 109 3 -0.000744493678 -2.00450659
109 110 121 128 3 -0.0631755218 -3.7029624
73 81 127 142 1 -0.148323253 -1.0642724
148 152 170 205 2 -0.00119591865 -0.709668159
128 128 108 111 2 -0.000917810597 -1.73397446
64 69 125 148 3 -0.00209393585 -3.04198766
50 54 121 156 3 -0.000336626079 -3.7506187
79 83 59 66 1 -0.00559262326 -0.892893553
138 145 43 78 1 -0.00432305411 -4.43109751
62 66 34 41 2 -0.000144240825 -5.30821705
151 151 176 211 3 -0.858399034 -3.00384688
126 134 78 83 0 -0.0110481158 -3.97467136
109 111 126 134 3 -0.0112002045 -0.868179917
121 121 130 137 4 -0.60175848 1.33745217
163 168 61 69 2 -0.00205197628 -5.36056328
103 103 117 140 3 -0.000935064396 -4.33607578
71 72 50 55 2 -0.00622640969 -4.37603235
0 0 0 0 2 -0.00441736914 6.24616575
158 158 103 138 3 -0.527775049 -4.21801281
68 68 23 58 3 -0.000283340691 -4.84948254
202 210 48 83 2 -0.00570938271 -0.917463183
51 56 127 166 1 -0.063647598 0.0687845349
124 128 60 95 1 -0.0266902894 -3.31261587
119 124 72 107 0 -0.000994145521 -4.94604111
156 159 62 97 2 -0.459698141 -0.512245178
0 0 0 0 2 -0.0172012355 3.73206592
0 0 0 0 3 -0.860687196 5.61832285
24 30 60 95 2 -1.28344929 0.157533228
23 82 99 130 1 -1.00121033 -1.59143114
79 79 89 120 3 -1.09002805 0.525222003
59 59 76 91 2 -0.000106925982 -3.90949368
0 0 0 0 2 -0.00803287979 7.40171814
156 157 95 118 3 -0.016449023 -4.66143608
64 67 37 39 1 -0.00533170579 -3.53270316
0 0 108 114 3 -0.21476303 -0.0825043917
46 48 84 115 1 -0.00216432055 -2.49675918
0 0 0 0 3 -0.0835428834 6.06778288
16 21 25 60 2 -0.217439488 -2.16298699
103 107 119 130 3 -0.00885831844 -2.27180862
151 151 51 86 2 -0.16782549 0.599655926
98 98 117 122 3 -0.581033528 -3.15417051
135 140 39 50 1 -0.0118720988 -3.16044784
82 92 62 67 0 -0.181411371 -3.23370123
137 141 84 90 0 -0.00379713299 -1.39025521
139 142 28 35 0 -0.023821732 -5.07461071
121 123 75 110 2 -0.0323120579 -1.70620418
19 20 41 48 3 -0.139645547 -1.02166057
141 145 91 126 3 -0.0103703532 -1.76951647
112 114 99 107 2 -0.000913425931 -4.45061302
62 67 83 83 1 -0.175519019 -1.23854828
88 94 61 68 1 -0.000576614111 -3.79056954
88 92 107 142 0 -0.00129517785 -3.65842414
71 73 116 126 2 -1.07963574 0.594652116
110 110 0 124 3 -1.35036922 2.51155829
56 59 126 132 1 -0.0459704064 -2.52906656
104 109 57 92 1 -0.0114608472 -4.4444046
149 153 115 130 2 -0.0322896764 -5.09028482
31 38 49 53 1 -0.00244348031 -1.71763015
125 128 63 68 2 -0.000783101539 -4.32305193
207 209 153 160 1 -0.0942954719 -1.65071392
138 140 116 123 2 -0.00268683629 -3.62255025
12 12 17 21 4 -0.0179118011 1.3705616
12 15 19 42 0 -0.253240198 -1.89878225
115 118 127 138 4 -0.000518114248 -3.77763152
97 101 40 49 3 -0.000135656388 -3.36035085
60 61 74 109 3 -0.00930275768 -5.11637735
80 81 53 68 4 -0.00115390087 -2.72106981
28 29 37 52 2 -0.0617884398 -1.60279274
90 95 31 62 4 -0.00230116956 -1.48561764
102 102 56 61 3 -0.0125728678 -5.31140423
56 60 121 127 2 -0.000255691557 -3.80745006
59 67 85 116 2 -0.000740524847 -3.30216885
48 55 71 76 1 -0.000426733197 -1.85294127
88 89 121 125 4 -0.000506129349 -3.0656755
50 53 73 104 3 -0.000372383191 -3.20844078
57 60 70 77 3 -0.0132873869 -1.78723001
46 49 58 61 2 -0.00813996233 -3.96586251
39 42 46 57 1 -0.0170113873 -1.52570057
92 96 61 66 1 -0.000323383691 -4.41803932
37 38 42 50 2 -0.0748493671 0.917813599
37 38 51 86 2 -0.0050080088 -5.00536537
39 45 90 125 0 -0.00105369661 -4.41577816
87 89 97 105 2 -0.000368687848 -3.20087624
77 80 88 123 3 -0.00876686908 -5.68225479
68 76 95 98 0 -0.000913776516 -4.05215454
67 67 47 55 3 -0.00138290715 -2.84134507
60 60 78 85 3 -0.0408696197 -4.69998932
56 56 73 108 3 -0.0288052354 -3.37253904
50 53 65 74 2 -0.00134616368 -2.19761491
72 72 104 139 2 -0.000298475963 -3.52206326
114 120 91 98 2 -0.000215283988 -4.16889477
112 112 37 72 3 -0.000589388306 -4.869874
84 91 49 53 0 -0.0121836439 -3.70356464
50 52 79 87 3 -0.00308125 -2.18561792
90 91 67 75 3 -0.0325388238 -5.12379646
121 122 20 35 3 -0.011339101 -3.77706933
28 28 97 128 3 -0.00316340174 -2.60408211
5 6 9 44 3 -0.412411928 -1.8746438
141 141 91 114 3 -0.000499406713 -5.00263834
56 57 129 134 2 -0.0400561281 -3.51995039
129 129 44 67 3 -0.0194063708 -2.17299151
24 24 28 51 2 -0.207900017 -0.842124164
127 129 107 122 3 -0.00166819966 -4.22571135
52 54 66 73 2 -0.000116820782 -4.35781288
108 108 85 88 2 -0.035274934 -1.68049836
80 83 34 69 2 -0.00313474797 -4.06353331
105 107 126 141 2 -0.00611152174 -1.91142702
62 62 70 74 2 -0.0152071733 -1.6298449
130 136 59 94 1 -0.000363079831 -1.98847198
49 49 69 104 3 -0.0497381911 -4.82794523
86 86 115 150 3 -0.117623173 -2.69433475
71 76 46 53 1 -0.00365716079 -1.62453556
174 177 122 128 2 -0.000252592494 -3.62723136
117 117 66 101 3 -0.0220728591 -3.36635089
134 134 100 123 3 -0.0149652055 -3.03687429
101 103 75 86 1 -0.0178488083 -2.74038386
92 95 50 85 2 -0.0682110712 -3.32056212
140 143 95 118 2 -0.000341516337 -3.2590313
17 18 39 45 2 -0.145613387 -2.91774774
15 18 51 62 1 -0.00631093793 -2.54550982
70 73 85 91 2 -0.000532772101 -4.22975588
142 142 121 126 2 -0.000804976036 -5.04251242
98 98 109 140 2 -0.0185218304 -1.47808051
0 0 0 0 3 -0.0475919917 5.57091379
0 0 0 0 3 -0.00577573758 4.27020502
0 0 0 0 3 -0.363148779 1.96519685
0 0 0 0 3 -0.0012213497 5.75001001
0 0 0 0 3 -0.0293041188 4.43892717
0 0 0 0 3 -0.0104091493 2.86311173
0 0 0 0 2 -0.00103578914 5.45259762
0 0 0 0 4 -0.962476373 7.18155956
0 0 0 0 3 -0.71825248 6.22981071
0 0 0 0 1 -1.17336452 7.90374899
0 0 0 0 1 -0.0435771644 3.9084208
0 0 0 0 1 -0.201844051 3.98022485
0 0 0 0 2 -0.0284629874 4.20050144
0 0 0 0 3 -0.751155138 6.86553335
0 0 0 0 3 -0.352880478 5.09817839
0 0 0 0 3 -0.00115451997 3.9991982
0 0 0 0 2 -0.0181191806 6.25067472
0 0 43 46 2 -1.25882244 2.7726686
0 0 0 0 1 -0.400143623 4.02729273
81 83 61 65 1 -0.00168260187 -1.89206171
55 65 90 98 0 -0.0116082616 -1.96322513
21 24 28 63 2 -1.04418707 -0.766305804
78 82 123 158 1 -0.00409150776 -1.91579533
38 42 98 133 3 -0.00217084913 -2.72420907
39 47 99 103 1 -0.00231505535 -0.955615461
53 55 91 126 1 -0.00174235436 -2.50464129
128 130 103 118 2 -0.00408066809 -3.3527987
76 76 90 99 3 -0.00227735075 -2.07683611
126 131 142 147 0 -0.0196103565 -2.94536018
46 48 59 66 2 -0.00564862229 -3.50649881
72 76 109 144 2 -0.0064635938 -3.68231344
35 38 48 56 0 -0.0004624945 -2.69693756
53 56 68 75 0 -0.000189176702 -4.71635246
52 57 71 102 3 -0.00613959087 -4.08659935
137 138 101 132 3 -0.00699963607 -2.2913208
36 41 105 112 1 -0.128497601 -2.91907668
47 47 83 94 3 -0.00666032359 -2.03403354
128 235 190 198 0 -0.645929337 -1.70809007
81 88 41 46 1 -0.000169146209 -3.95228934
164 169 44 67 3 -0.00137651234 -2.63467717
43 47 57 62 4 -0.00974569377 -2.82859516
52 55 77 112 1 -0.00768260984 -3.46944427
0 0 0 0 3 -0.102842182 4.66388988
148 153 52 87 4 -0.0144440746 -2.58973026
77 82 96 107 4 -0.0133774243 -2.71438956
40 40 52 63 4 -0.0664413646 -1.08885574
20 24 55 58 4 -0.0670464933 -6.73235369
0 0 0 0 1 -0.662426531 3.69810319
0 0 0 0 1 -0.593120098 3.91637301
28 32 47 82 1 -0.000507066201 -2.46904874
111 116 146 181 0 -0.0155840144 -2.71131444
0 0 0 0 1 -0.951568604 7.54647017
0 0 0 0 3 -0.0341708511 6.34212399
114 114 73 80 2 -0.000460095645 -3.66272473
52 57 121 129 1 -0.00120642502 -3.71222329
0 0 0 0 3 -0.139152691 6.60712099
72 75 59 66 0 -0.00132966577 -2.7357657
61 67 143 149 0 -0.000832184742 -1.52194786
41 41 45 48 2 -0.484815627 3.73782611
41 45 59 64 2 -1.65585542 0.198686779
156 157 100 107 2 -0.00372311543 -1.41877389
93 98 179 181 0 -0.292042851 -2.31077051
126 130 30 65 3 -0.000523621449 -3.52836394
0 0 0 0 3 -0.0267966799 3.4814868
129 133 57 64 2 -8.29679702e-05 -4.46335077
61 65 100 103 1 -0.121454179 -1.89074254
86 90 64 71 1 -1.00301838 0.891284883
10 13 23 26 2 -0.0115680201 -0.057667464
63 65 119 126 2 -0.0125711262 -3.62423897
25 29 88 93 1 -0.0014437529 -3.29197407
0 0 0 0 3 -0.748925328 5.96694613
109 109 54 59 2 -0.122552976 -2.36448002
89 96 57 61 2 -0.0802991912 -0.52198261
0 0 0 0 3 -0.0338221453 4.97087288
109 113 39 45 3 -0.000458093535 -2.10531878
41 47 62 97 3 -0.0011343502 -4.60456133
82 88 40 75 1 -0.00704162242 -3.99535275
125 127 0 0 2 -1.66693401 1.541013
46 47 92 99 2 -0.0597946681 -4.49787188
47 55 65 71 0 -0.00633655675 -2.98102617
87 87 61 69 3 -0.0274510216 -0.523997426
48 52 94 129 3 -0.000385265448 -3.464149
70 73 90 125 3 -0.000569298863 -2.27634215
60 63 46 49 2 -0.00193368876 -5.83472204
54 54 89 124 2 -0.268648028 1.75755763
0 0 0 0 4 -0.000730530999 5.40322304
74 78 92 103 3 -0.076116018 -0.499943286
0 0 0 0 2 -0.00278472062 2.5771966
86 90 103 114 4 -0.0118716005 -3.02574396
108 110 122 129 1 -0.190949067 -0.714942694
130 130 84 119 4 -0.00442707026 -5.95709372
0 0 0 0 2 -0.0197091699 4.84579754
43 44 56 60 4 -0.00312419585 -1.96855474
54 54 27 30 4 -0.000570481643 -2.49024677
112 112 62 97 3 -0.00180885219 -2.81749916
199 200 125 132 2 -0.0199704692 -3.49166059
137 139 118 127 2 -0.000646136294 -4.16003942
126 127 87 110 3 -0.0415817797 -3.92477107
116 189 162 173 3 -1.80443919 -0.0308155715
120 131 58 61 0 -0.00820683315 -4.69188643
53 53 110 112 3 -0.0152403507 -2.60197139
48 53 85 120 3 -4.33919304e-05 -3.33961082
41 46 78 86 1 -0.00216575875 -2.09026217
27 31 90 121 1 -0.0241071582 -0.691934109
67 71 127 130 0 -0.0750768408 -5.16809177
233 197 73 80 0 -0.999976814 0.422300756
0 0 0 0 3 -0.609224081 6.73025942
32 33 49 64 0 -1.36628461 -0.00530019403
46 49 56 91 1 -0.0311115663 -3.31910586
0 0 0 0 4 -0.533347011 7.72334814
0 0 0 0 3 -0.0846632197 6.17499161
114 122 69 104 2 -0.00394747313 -3.408674
92 96 33 38 3 -0.00102799898 -3.10840774
97 101 60 67 3 -1.27982008 1.20795178
0 0 0 0 3 -0.61130178 4.29211473
55 65 99 130 0 -0.0232662 -2.16806412
161 167 99 134 3 -0.127828225 -4.14223957
100 103 47 53 4 -0.000808232755 -2.8305254
0 0 0 0 2 -0.0118576102 5.08895683
0 45 0 0 1 -1.24997449 4.0387888
120 125 96 100 2 -0.00116041733 -2.25801253
126 127 50 57 2 -0.0023011514 -2.75462651
70 70 91 95 2 -0.0914122313 -1.17537093
146 151 35 70 3 -0.00397147238 -2.57058382
44 44 141 145 3 -0.00847151317 -4.08940792
86 88 179 214 2 -0.0649179369 -0.442814291
103 104 50 56 1 -0.338054478 -0.198985308
37 0 0 0 3 -1.76699877 1.3321898
102 106 53 88 1 -0.0716329068 -0.417210758
66 66 52 57 3 -0.000814043044 -2.95837831
33 38 43 48 4 -0.00332117267 -1.83910632
110 113 126 157 3 -0.00687894924 -3.69218946
112 118 46 53 2 -0.000569526805 -3.96614337
26 27 110 119 1 -0.0105166705 -2.99230576
0 0 0 0 3 -0.416312069 6.43230581
113 118 127 135 4 -0.00670864852 -2.37454128
100 100 60 95 0 -0.881161571 -2.71471763
141 146 93 128 3 -0.00214674254 -1.86335874
0 0 0 0 0 -0.00837839954 6.32987309
42 46 103 107 2 -0.00426816801 -5.16039991
0 0 0 0 1 -0.0703155547 5.51219416
151 152 110 117 3 -0.0830433369 -3.62128234
32 35 40 52 2 -0.21925576 -4.48557806
111 115 188 223 2 -0.00388485519 0.441328645
0 0 0 0 2 -0.0445973352 6.35842896
28 32 70 93 3 -0.00156338071 -2.77291059
31 33 86 227 1 -0.520952523 1.08768439
126 133 109 114 1 -0.0009648751 -1.78710413
57 58 73 75 4 -0.0151756573 -0.781672478
0 60 0 0 2 -0.845116854 -0.774999976
81 88 45 68 2 -0.0864885002 -1.6047492
115 115 176 211 3 -0.6757406 -1.87482429
17 25 92 96 0 -0.00395501172 -3.17670107
65 0 91 95 0 -0.466486514 0.443652093
45 49 64 99 2 -3.0875075e-05 -4.52723837
52 53 81 82 2 -0.13607201 -0.221121281
60 61 75 90 1 -0.0304693431 -1.09234023
140 144 46 81 4 -0.00786389969 -0.340638936
120 126 94 101 1 -0.00366159435 -4.13223648
57 64 123 158 4 -0.000420661148 -2.91569662
87 91 75 81 1 -0.000143283251 -4.22616005
75 77 54 60 2 -0.121512584 -4.80328083
105 105 114 120 4 -0.00357586192 -1.03755987
47 52 143 149 2 -0.0923867673 -1.2510612
102 107 47 49 0 -0.00293468987 -2.53300905
87 89 56 67 2 -0.000370572263 -4.02042627
111 111 129 144 2 -0.00114531221 -5.02412415
82 88 97 132 2 -0.680270076 -2.91241503
110 118 96 98 3 -0.0830979869 -2.90685344
140 143 154 156 2 -0.00030254235 -3.33317614
101 105 49 58 0 -0.275577843 2.47839046
23 27 53 60 4 -1.37837982 -1.13520336
104 108 123 134 2 -0.24420096 1.25099921
47 53 119 122 2 -0.000306829083 -2.37985849
72 72 112 115 4 -0.00120934285 -1.68846035
0 0 0 0 3 -0.00869451836 4.4915843
108 109 128 134 2 -0.0697472617 -3.08249164
0 0 0 0 2 -0.141369253 7.06973219
0 0 0 0 4 -0.000561613764 1.81538296
83 84 72 76 3 -0.000544506358 -2.77932
40 41 52 58 2 -0.00317350077 -3.02902651
131 135 52 87 3 -0.284634948 -2.10548425
153 155 46 50 2 -0.471904665 0.587397754
0 0 0 0 3 -0.448045492 7.25557041
60 67 44 49 0 -0.00461767241 -3.11761117
75 78 39 54 1 -0.0848426074 -3.11745644
145 150 163 170 4 -0.0141743599 0.163796842
161 165 52 63 1 -0.0102048162 -0.303535521
43 51 55 60 2 -0.0518358313 -2.98827934
47 51 70 77 0 -0.000539009634 -2.8916235
57 57 100 102 2 -0.0155319907 -0.566016912
104 109 159 194 2 -0.0030993938 -1.18936181
44 49 124 135 2 -0.0107045341 -4.65110111
59 66 86 93 0 -0.390313089 -1.42779398
0 0 0 0 2 -0.00184058771 3.37234545
7 12 18 53 4 -0.0363999978 -1.6575048
41 41 50 85 3 -0.0362613387 -2.65337515
199 202 51 86 2 -0.0355469584 -3.61794901
0 0 0 0 2 -0.184259847 5.80026531
68 74 203 209 2 -0.048539713 -1.88344741
61 65 198 204 1 -0.0847848654 -1.92571521
101 102 52 60 3 -0.0578816347 -2.9306581
76 80 93 128 2 -0.0468346849 -2.07805777
37 41 55 90 2 -0.0638340935 -4.09523153
84 86 111 116 2 -0.00129859545 -5.71094751
24 28 36 71 2 -0.0381530449 -1.19695115
0 0 0 0 3 -0.0359584168 3.04468107
110 114 43 50 4 -0.00193896843 -3.06195259
109 111 122 157 2 -0.000365240441 -4.91388226
135 141 59 96 3 -0.00146630185 -1.49752569
0 0 0 0 1 -0.0120843025 6.78320408
59 59 122 133 3 -0.0296811126 -1.84985709
0 19 31 34 2 -1.40621281 2.74774408
36 43 56 63 2 -0.00101370248 -2.10978699
0 0 30 33 3 -0.849823475 2.18723464
80 88 119 125 3 -0.0019475217 -6.40748358
0 0 0 0 3 -0.354415178 3.94920993
214 218 48 56 2 -1.22622967 -1.85100174
112 112 87 92 3 -0.00140889117 -3.29737067
69 76 59 64 0 -0.000132319459 -4.4233427
0 0 0 0 3 -0.820078075 4.05802298
83 83 54 61 3 -0.133538172 -1.45259023
54 58 75 82 3 -0.00725754257 -5.18087769
140 145 82 93 3 -0.0282596834 -2.41289258
162 164 93 128 1 -0.0294365659 -2.13362002
0 0 0 0 1 -0.0123456074 7.57732058
58 58 108 119 3 -0.00525334151 -0.254642665
39 44 57 92 0 -0.00960868876 -3.15196276
48 48 69 71 4 -0.00528376177 -3.2337811
105 112 129 134 2 -0.00130841369 -2.55648565
135 140 56 91 1 -0.000481936557 -0.0391897261
59 63 124 132 4 -0.00321345986 -5.09043741
114 118 53 58 4 -0.00559529848 -1.66298985
0 0 0 0 2 -0.0213219803 6.47702646
0 0 0 0 3 -0.00692493934 4.09802103
0 0 0 0 4 -0.888250291 7.04826546
30 32 52 87 1 -0.242330819 -4.6041131
40 40 74 89 2 -0.117536657 -0.425127029
36 38 78 81 2 -0.00226567499 -3.64283156
53 55 120 122 2 -0.00315094949 -3.96805358
15 15 31 38 2 -0.0933580846 -0.871996939
103 104 50 85 2 -0.0186107401 -4.48437929
0 0 0 0 1 -0.0182795599 3.72352242
101 107 86 90 1 -0.0248514619 -2.22623396
169 171 88 96 2 -0.142187566 -1.40708816
106 112 129 136 2 -0.0127720973 -2.00455308
49 50 65 100 3 -0.00216911198 -4.8218565
55 61 39 42 0 -0.0120000374 -1.89815855
142 143 114 120 2 -0.0125577487 -4.07163811
0 0 0 0 3 -0.893885314 7.66036654
147 155 52 59 1 -0.0117447264 -3.29677415
128 128 51 53 4 -4.49413601e-05 -4.32711411
111 111 40 45 2 -0.00044866497 -4.12579918
69 75 90 98 2 -0.000136252784 -3.15438342
0 0 0 0 3 -0.886098862 7.11487055
141 143 120 124 2 -0.00490579987 -5.05221033
100 100 122 128 2 -0.00570196938 -2.07496786
103 106 62 97 2 -0.0103270141 -2.06365299
52 54 74 85 1 -0.0533034056 -1.46442556
0 0 0 0 1 -0.68512851 7.2829423
103 107 31 66 4 -0.000757370202 -2.55535555
0 0 0 0 4 -1.22250354 6.97752333
115 117 64 71 2 -0.0183821563 -1.47918248
0 0 0 0 0 -0.0557308458 4.3785615
0 0 0 0 1 -0.788572311 7.21393394
107 113 51 86 1 -0.00977957901 -2.06697249
84 87 104 127 2 -0.000851333141 -4.02050924
0 121 55 0 2 -1.56537139 2.13877749
0 0 0 0 2 -0.64446342 4.14757013
33 36 115 118 2 -0.00121141737 -2.20148444
0 0 0 0 2 -0.562260747 6.1650629
88 92 61 63 0 -0.0351154506 -1.76927638
0 0 60 65 4 -1.16164684 1.22643447
69 70 124 147 2 -0.00765171414 -4.44603872
34 34 47 82 2 -0.00100800581 -3.58615828
50 50 107 114 2 -0.0167121477 -1.41735101
0 0 0 0 0 -0.290543556 7.1586771
61 64 77 112 0 -0.13552925 -5.05405998
95 99 71 79 3 -0.000611174735 -4.71155453
42 43 55 60 3 -0.0103893569 -3.02709579
80 83 102 104 2 -0.0358820334 -2.45375037
75 80 86 89 3 -0.00293053128 -2.9247613
94 97 156 162 2 -0.000710638298 -4.81669712
115 118 47 51 1 -0.0125653353 -4.54744291
111 115 84 90 3 -0.00324862311 -2.33658099
56 57 44 46 2 -0.100638554 -1.3497771
132 133 110 116 2 -0.0223563612 -1.85321355
162 164 73 80 2 -0.296723545 -1.24605751
109 109 128 134 4 -0.00221857172 -0.808197975
69 69 98 0 3 -0.701555908 -0.286533475
111 114 59 94 0 -0.0467197821 -1.97551465
55 58 73 108 1 -0.220146492 -1.90535045
129 130 48 52 2 -0.0102752261 -4.82666397
0 0 0 0 2 -0.0194441155 4.60927248
88 90 38 73 2 -0.0331678279 -5.25216007
117 123 31 42 1 -0.0017228775 -3.31202412
59 64 105 140 4 -0.00321496464 -2.60854745
57 60 114 149 2 -0.000912068062 -0.856959343
0 0 0 0 2 -0.652696848 6.49707603
123 123 42 53 2 -0.00714060059 -0.855168641
25 25 96 98 3 -0.000733429566 -4.16203213
45 47 66 73 1 -0.00295624114 -1.43967175
50 57 63 66 0 -0.000280369801 -3.7597158
104 107 123 130 2 -0.0257857647 -4.81577873
81 84 52 59 1 -0.504855037 -3.47052336
92 97 45 53 0 -0.002276588 -3.38464952
0 0 0 0 2 -0.858985245 3.29925251
73 76 84 92 0 -0.00556152826 -0.705359936
84 87 54 59 0 -0.187883422 -2.74014521
0 0 0 0 2 -0.0398368426 7.23988914
40 44 79 80 2 -0.15970549 1.35070753
98 98 105 106 3 -0.00543225557 -1.54953551
166 166 43 50 3 -0.00547089893 -0.528686225
45 49 64 70 1 -0.00187294767 -3.22614932
0 0 0 0 3 -0.485517323 6.9349575
59 62 81 85 0 -0.0108529702 -2.38077521
0 0 0 0 3 -0.00108629419 5.47016859
0 0 0 0 2 -0.363054872 2.80124187
0 0 0 0 2 -0.0336263813 6.12688017
199 199 57 92 3 -0.0242178328 -3.78947163
149 153 105 111 1 -0.0339698233 -4.68987131
154 154 51 56 2 -0.0376226045 -0.0265235901
113 115 84 85 2 -0.00303440262 -3.44570208
103 104 83 94 2 -0.00053567061 -2.63706636
198 198 153 176 2 -0.0389048979 -3.47188282
110 114 83 94 3 -0.865182698 -0.482603967
75 79 92 94 0 -0.0739856958 -2.89691615
96 101 110 125 0 -0.0393153839 0.551423013
0 0 0 0 2 -0.000860706496 4.71871853
52 54 63 70 1 -0.175832406 -2.52889514
65 72 110 117 0 -0.00134086655 -3.75242782
92 94 108 110 2 -0.0016935512 -3.77814913
59 62 99 134 2 -0.00704743527 -3.63498497
27 35 51 59 0 -0.0459451899 -5.00002766
88 91 106 141 2 -0.000157945149 -5.5268383
0 0 0 0 3 -1.01256883 -0.275424719
113 119 55 90 2 -0.00151788921 -3.2477181
76 77 29 36 3 -0.00253479183 -3.78591776
74 75 158 165 2 -0.0390806794 0.246758819
81 81 41 48 3 -0.144242838 -0.462142825
144 145 34 41 2 -0.00243720994 -3.51897311
182 189 78 113 3 -0.017712865 -3.33422613
69 74 105 128 3 -0.166191161 -2.33331871
70 77 34 39 1 -0.00555469608 -2.42612481
142 144 88 123 2 -0.00917903706 -4.13258362
83 88 35 70 4 -0.00352409016 -1.45964408
65 73 83 114 2 -0.66001755 0.759935558
0 0 0 0 3 -0.00687759696 7.93569994
165 172 78 145 3 -0.224800944 -3.25704575
31 37 67 102 1 -0.00360138947 -3.47929573
0 0 0 0 2 -0.353162646 2.65843129
116 119 67 74 3 -0.00010692887 -4.27807713
36 36 65 100 3 -0.179023415 -1.28678989
70 70 82 87 2 -0.00040896819 -3.92179132
62 63 142 173 1 -0.0321677104 0.289665639
35 38 83 87 2 -0.00670424756 -3.51699138
142 148 42 73 1 -0.0451727472 -0.929799139
0 0 0 0 4 -0.00814313348 6.78445148
115 120 86 91 0 -0.00830865651 -3.66122723
84 93 110 114 1 -0.000587158371 -1.53341293
67 71 104 139 3 -0.00356996013 -1.61964059
122 124 141 147 2 -0.133930057 -2.27845693
44 51 177 0 0 -1.00057626 1.34753513
128 131 48 83 2 -0.124033973 -1.50487709
0 0 0 0 3 -0.276097149 3.72907758
73 73 134 145 3 -0.00048177311 -4.10022688
64 64 77 81 4 -0.000136367875 -3.67071605
59 64 74 105 1 -0.218138993 -1.74777675
0 0 0 96 2 -0.585503101 2.17171741
0 0 0 0 2 -0.0292360205 2.23406172
94 98 114 149 2 -0.029732449 -3.37573814
66 70 132 163 0 -0.0119047398 -3.09263611
31 31 55 60 2 -0.264891297 -1.3007288
0 0 0 0 2 -0.00755848363 4.30213928
68 71 87 93 3 -0.000598704384 -3.15541172
0 0 43 45 3 -0.811446071 -0.830076218
126 128 187 191 2 -0.0172314774 -4.63500738
121 121 137 149 0 -0.239774555 -4.84764528
184 188 81 116 3 -0.0247752406 -0.188101068
48 52 57 63 4 -0.724706948 -0.60630703
31 32 43 50 4 -0.669789135 -1.40717757
86 88 139 144 2 -0.659396708 1.39175701
0 0 0 0 0 -1.07596731 2.58466077
56 65 86 121 0 -0.000994784525 -5.3121891
47 51 30 35 2 -0.00180489011 -3.00522733
71 72 91 102 2 -0.0355511829 -0.928871512
25 31 89 93 1 -0.000434205518 -4.56211996
109 114 92 98 0 -0.0100408718 -5.47868824
47 52 96 103 0 -0.0133762565 -2.43823457
65 69 52 59 2 -0.00267508673 -5.58914614
0 0 0 0 2 -0.00164221751 3.97249913
39 40 70 93 2 -0.538859069 -1.79829645
99 101 115 138 1 -0.0114541426 -5.12795258
96 99 109 140 2 -0.0546110608 0.501496494
81 84 36 38 3 -0.0170005523 -0.0447734594
175 182 129 160 1 -0.421741545 -1.47620058
79 80 91 126 3 -0.00205369527 -2.7393086
65 66 47 52 2 -0.0057662148 -0.43939051
146 146 157 192 3 -0.0829857513 0.402413487
95 99 114 118 4 -0.000375961652 -0.879157364
50 56 69 104 1 -0.0118984468 -2.48236632
68 73 44 55 2 -0.00729148649 -1.30629754
58 62 80 115 2 -7.72468484e-05 -4.34291077
48 50 120 128 1 -0.000675754622 -0.461503267
43 49 59 63 1 -0.00503790285 -2.99832058
79 82 126 130 2 -0.000769094971 -2.56318188
64 68 84 90 3 -0.00147105707 -1.52270341
161 161 51 62 2 -0.000295745762 -2.3178997
112 117 49 55 1 -0.0260628108 -0.0805372
93 93 41 76 2 -0.00041719334 -4.20632601
51 52 71 106 3 -0.00908068568 -4.53088951
37 41 103 138 2 -0.00376436999 -3.87051892
84 85 163 198 4 -0.176245928 -2.38207436
40 40 94 125 3 -0.000364746549 -3.92361975
65 69 170 205 3 -0.00281852297 -2.59811163
0 0 0 0 2 -1.07346129 0.800207913
112 119 50 56 2 -0.0582557432 -1.96921277
103 106 69 80 2 -0.00486255251 -5.1078558
100 104 48 53 4 -0.0138669694 -0.248026848
22 26 53 88 3 -0.00463329442 -1.55879521
120 129 40 75 0 -0.00178929162 -4.36319208
116 120 71 106 3 -0.000496931956 -4.99558544
50 57 75 110 3 -0.00210645329 -2.3308022
91 91 53 84 2 -0.00204425468 -6.51273298
22 26 31 66 4 -0.120432854 -0.0935549438
57 61 140 143 2 -0.00704829209 -2.80186605
64 68 84 119 4 -0.0204940718 -3.77572632
143 143 72 107 3 -0.000303258159 -4.11630821
40 40 50 65 4 -0.0192820691 -2.84467316
0 0 0 0 1 -0.857431889 5.99420595
97 98 129 132 2 -0.00572489295 -4.51504707
91 95 105 112 2 -0.000515633496 -1.5672462
63 64 109 120 2 -0.00267939642 -5.75437212
140 140 64 99 2 -0.000549218326 -4.40198994
64 66 18 53 2 -0.196249709 0.442783535
123 127 23 58 1 -0.00268235616 -2.66283298
112 115 36 59 1 -0.00530906953 -0.493855238
140 140 113 120 3 -0.151450768 -2.03755689
132 140 42 48 0 -0.103850961 -1.15752208
113 117 131 138 0 -0.0188071877 -2.5825913
114 114 63 68 2 -0.0346205011 -2.92978358
97 102 110 112 0 -0.00092263188 -4.11344862
49 49 59 94 3 -0.000273203477 -3.77423644
104 104 59 94 4 -0.281524807 -5.32731676
0 0 0 0 3 -0.184367344 5.52307701
98 102 41 72 3 -0.642149866 -1.73024726
41 45 143 152 4 -0.0460269786 -3.48771811
87 87 117 120 3 -0.0282731447 0.0346689224
42 44 98 133 4 -0.0229390133 -2.26316214
46 50 80 86 4 -0.000409102184 -1.57099414
116 124 104 106 1 -0.0859396085 -3.69667935
0 0 0 0 2 -0.0024285973 6.1450839
0 0 0 0 2 -0.186428472 6.47318888
113 118 44 51 2 -0.000595268619 -5.64110708
42 43 76 83 1 -0.0161985084 -3.87898016
172 180 52 61 3 -0.0061396095 -1.92397046
140 142 106 108 2 -0.699455678 2.86914921
71 76 88 123 0 -0.0213610549 -2.89012551
90 90 102 109 3 -0.281585872 -1.39366651
0 0 0 0 3 -0.0920234099 6.44683218
70 72 87 94 3 -0.00602659862 -2.87651277
160 165 77 85 4 -0.00128546089 -2.33876848
0 0 0 0 2 -0.0135299573 4.93381166
30 36 40 63 2 -0.00949045364 -0.953095257
0 0 0 0 2 -0.00300635933 4.14645052
92 92 41 76 3 -0.000218146393 -4.24495554
178 182 38 73 4 -0.00024436909 -2.50219607
71 71 57 64 3 -0.0898813754 -2.17852402
86 94 36 71 1 -0.0122703901 -4.48099709
128 128 141 176 3 -0.00619577337 -4.72467947
0 0 0 0 1 -0.185808063 7.26004457
71 75 99 134 3 -0.538848162 -3.08796763
136 141 118 125 0 -0.000830676465 -3.3595643
40 41 78 83 2 -0.0552856922 -1.14849091
202 206 33 68 3 -0.120450579 2.80597806
0 0 0 0 3 -0.152532831 3.36859131
0 0 0 0 2 -0.203504264 3.28553939
59 65 28 39 1 -0.00518321339 -3.24400377
148 151 98 109 2 -0.00802569464 -4.94937134
0 0 0 0 2 -8.61848675e-05 2.81097555
40 45 75 110 4 -0.0497807004 -3.63482285
56 60 100 131 1 -8.14190207e-05 -2.5854454
79 84 57 64 2 -0.000156277616 -4.04987764
130 134 63 98 3 -0.0125020891 -5.09216118
36 41 157 161 0 -0.00574930292 -2.23600507
145 148 167 175 3 -0.635273278 -4.76286793
89 89 98 129 2 -0.00273554586 -2.01567316
99 103 112 120 2 -0.279567093 -2.33833337
69 72 125 160 4 -0.00244264351 -3.2927022
100 100 46 53 3 -0.0551425852 -1.5534246
52 52 71 106 3 -0.00202256534 -4.15711689
104 106 35 42 2 -0.0409978107 -3.32918096
117 127 88 99 0 -0.00677458337 -2.19627428
74 75 44 51 2 -0.111758679 -3.80645156
149 150 163 165 3 -0.602213144 -2.91379023
84 0 0 95 1 -1.96796679 0.59205693
47 47 57 92 3 -0.00101928634 -4.59283733
0 0 0 0 2 -0.412697256 7.57342958
24 25 38 45 2 -0.00491185626 -3.01470137
125 130 65 73 1 -0.000144476697 -3.52281284
91 91 72 79 3 -0.304555476 -1.29342699
101 103 148 154 1 -0.0109668346 -2.59751391
64 67 80 87 2 -0.588374913 -2.61362743
152 152 115 130 3 -0.00159383856 -3.88830876
0 0 0 42 1 -0.60166955 1.22537827
106 106 86 90 3 -0.00177940947 -1.48046613
0 0 0 0 1 -0.868351638 7.53131104
58 61 74 109 3 -0.00135740824 -2.44683456
75 76 121 128 2 -0.00283837412 -3.05908608
35 40 105 109 0 -0.0121981325 -0.819418073
51 57 179 181 1 -0.0686774552 -0.391050965
0 0 0 0 1 -0.148336843 3.14305568
79 83 97 100 3 -0.0569956191 1.33564472
155 159 134 60 3 -0.128075466 -2.84055305
0 0 108 0 3 -1.09955788 0.653749764
56 60 110 125 2 -0.00919577293 -3.23522639
0 0 0 0 2 -0.359184921 7.42292309
0 53 80 0 1 -0.812001348 0.610904038
93 96 109 116 2 -0.157280594 -3.48223972
109 0 0 0 2 -1.65679789 2.98787117
121 128 74 109 0 -0.0474474877 -2.76679516
148 151 60 68 2 -0.0208530314 -1.07302642
139 141 159 194 2 -0.0508147441 -0.896775961
28 32 48 63 4 -0.00771549297 -1.44956899
52 57 69 76 0 -0.000268209173 -3.21871614
64 69 82 86 2 -0.00225156802 -1.2023778
87 91 37 72 3 -0.00125164271 -2.274436
66 66 79 114 3 -0.572151721 -3.01398063
0 0 0 0 3 -0.235578716 5.89776611
94 95 61 63 2 -0.0160682891 -5.48067236
0 0 0 0 1 -0.0192532353 4.65552139
134 140 102 113 1 -0.589991868 -1.57830858
52 52 95 100 2 -0.00225499133 -3.99369311
22 24 31 66 2 -0.0713162571 -4.54871368
73 76 84 87 2 -0.000533652492 -4.42805862
0 0 0 0 1 -0.351395428 3.34878874
0 93 108 143 2 -1.24540675 -0.159156919
192 192 136 171 4 -0.244385451 -1.50534582
0 0 0 0 2 -0.553392649 0.672457397
56 58 69 76 2 -0.618522465 -2.36032009
0 0 0 0 3 -0.026975818 5.18091869
111 111 56 63 3 -0.00149803655 -2.31404567
139 142 52 63 3 -0.0119023677 -2.17093611
104 106 116 124 1 -0.00208705734 -4.14345455
105 109 129 135 1 -1.78813316e-05 -2.70095825
60 62 21 27 1 -0.00191648863 -4.28851318
110 117 56 91 3 -0.0360527262 -2.85566163
0 0 0 0 2 -0.00542670023 5.67666435
181 185 128 163 3 -0.197762638 0.0848577023
35 40 45 60 3 -0.327047139 -1.70376992
133 135 88 119 3 -0.00557341333 -3.08882713
123 127 26 33 3 -0.0107511245 -2.23611355
0 0 0 0 2 -0.16267477 2.32278299
161 164 50 85 3 -0.00921738334 -3.74298549
0 0 0 0 2 -0.063582316 4.90198994
197 201 0 0 3 -0.617060006 0.985313952
54 57 67 102 3 -0.031117864 -3.99617577
189 193 47 56 1 -0.0169656854 -0.74528873
0 0 0 0 2 -0.0266777556 5.66064119
42 46 114 119 3 -0.0281756483 -4.61665487
0 0 0 0 2 -0.134494886 3.65279746
79 79 43 48 3 -0.481258243 0.984027565
85 91 66 75 0 -0.114700831 -4.22926903
54 59 70 101 2 -0.0142885773 -1.05971682
29 33 37 45 0 -0.064757891 -3.93085265
112 116 98 103 3 -0.00339837652 -2.80088234
167 168 150 152 1 -0.0295155607 -1.14684892
0 0 0 0 2 -0.00411077077 3.1347034
41 45 59 82 3 -0.00156497501 -2.40826225
45 47 57 72 1 -0.000588691735 -1.99404025
139 140 75 110 2 -0.161413118 -2.15160561
80 85 144 153 1 -0.00393102039 -4.98416853
36 43 55 61 0 -0.000528612232 -2.6160965
62 62 75 81 2 -0.0137566291 -2.5590229
87 92 70 43 3 -1.6330781 -1.97877717
93 97 47 55 3 -0.000662017555 -5.1715951
37 37 82 93 2 -0.0452397168 -1.17184043
79 85 98 106 3 -0.228827283 0.892879903
154 218 182 189 2 -0.812358439 -3.4513545
62 70 131 166 1 -0.0222075116 -0.911260962
107 114 135 141 0 -0.0232189633 -3.47767544
187 192 49 55 0 -0.00996315107 -4.04346466
115 117 43 50 3 -0.0356189124 -2.18569231
105 105 164 171 3 -0.0595287271 -3.54344273
0 0 0 0 2 -0.0819505304 6.97103548
73 78 60 67 1 -0.0012203306 -3.31739354
0 0 0 0 2 -0.120882519 5.11996555
49 50 0 0 2 -0.600753427 2.88892937
102 105 120 125 1 -0.000726811413 -2.50649047
207 209 40 75 0 -0.338356256 -4.01507807
213 215 55 90 1 -1.31493616 -0.840412736
0 0 0 0 3 -0.785172284 7.1487875
93 102 113 148 1 -0.0604816154 -0.587088168
128 136 87 89 0 -0.00100170507 -4.02827358
173 102 0 0 2 -2.39320755 3.29167438
41 47 101 110 2 -0.0321003012 -1.84400439
78 84 38 42 1 -0.00746386591 -0.511280119
43 0 50 62 1 -1.13510406 4.24773169
142 146 63 74 1 -0.0284665972 -2.31950212
0 0 0 0 3 -0.00189779652 4.66753531
0 0 69 74 0 -1.56789184 0.554962695
0 0 0 0 2 -0.364483327 5.73658705
44 48 97 132 3 -0.00217858865 -6.63118553
109 109 126 161 2 -0.00431865873 -3.58429623
28 36 99 104 1 -0.00378912757 -2.87177014
71 75 94 129 2 -0.00899315067 -4.37201691
137 142 84 119 4 -0.000918240577 -2.85905695
0 0 0 0 2 -0.111686252 5.34901953
114 120 148 154 1 -0.00653883535 -4.0484519
95 97 83 85 1 -0.0256726481 -1.30664945
62 68 101 105 1 -0.631255388 -3.03398871
22 25 112 118 2 -0.0647171736 -5.63496923
17 23 28 32 1 -0.218946248 0.591895998
0 0 0 0 2 -0.00160113699 4.58161545
35 36 65 70 2 -0.250094265 -1.41748869
47 49 67 73 2 -0.00460369978 -1.64101577
77 83 99 107 2 -0.00110087579 -4.3526988
93 98 109 124 0 -0.00301585929 -3.09163117
42 45 53 58 1 -0.00442667212 -0.245894864
70 72 84 89 2 -0.443012834 0.0236295462
124 125 145 153 2 -0.0247303136 0.386376381
81 85 96 131 4 -0.0161560103 -4.16900826
97 98 115 124 2 -0.00689021312 -4.0099535
56 60 117 152 2 -0.000622608 -2.25351048
104 111 85 89 1 -0.00287455926 -0.342539132
55 55 19 21 3 -0.00436856784 -4.24742508
0 0 0 0 3 -0.511166215 6.22085619
141 146 62 97 1 -0.00712284865 -3.60464311
0 0 0 0 2 -0.311867416 1.74550724
162 168 184 191 3 -0.01977887 -4.76222706
142 149 159 167 1 -0.200369 -4.63678837
112 115 133 141 3 -0.000936739496 -5.74056005
82 126 58 61 4 -0.629601717 -0.0530189872
130 133 68 75 2 -0.000782913121 -4.31927872
113 113 32 41 2 -0.293586791 1.02115107
108 112 55 90 3 -0.0109584285 -6.16751528
88 94 74 77 0 -0.0357923731 -2.85255027
35 38 53 61 2 -0.103676215 -0.387314498
28 36 44 79 2 -0.0542223677 -0.19738239
105 109 125 131 4 -0.000209564343 -1.97750807
136 141 44 79 2 -0.000625101442 -3.48574114
0 0 63 0 2 -0.885083795 5.27415562
0 0 0 0 3 -0.0111323949 3.52969193
69 69 101 105 3 -0.0768910199 -5.53611231
47 51 102 137 1 -0.0172168221 -3.73779058
0 0 0 0 2 -0.043660745 6.70200109
124 127 140 155 4 -0.00293487497 -2.10094237
162 166 47 82 4 -0.00436129188 -3.79023337
107 109 30 35 2 -0.00349481613 -3.03089213
0 0 0 0 3 -0.266227067 4.71954966
118 122 57 62 3 -0.00714048045 -0.891664386
49 53 104 127 3 -0.00449512806 -5.53388023
104 108 54 89 4 -0.00846212078 -1.86311007
0 0 0 0 1 -0.135681525 3.16885066
107 111 85 87 0 -0.00153210748 -2.21397614
86 86 98 129 2 -0.00394337112 -5.08254623
26 26 34 37 2 -0.0856827274 -2.67557764
115 120 74 97 1 -0.720771492 -2.10341167
95 103 111 113 1 -0.0550202206 -3.6779635
184 184 98 105 3 -0.004180199 -3.90022469
73 73 122 157 2 -0.000190610415 -3.07133341
88 91 53 64 2 -0.000506227952 -2.19538546
120 125 100 103 0 -0.0326108672 -2.38526249
0 0 0 0 3 -0.79431349 4.64636135
81 81 92 96 1 -0.00384156941 -2.45376492
0 0 0 0 2 -0.000942691346 5.35341883
66 67 49 56 1 -0.00528375572 -2.51672602
94 94 109 144 3 -1.47563648 0.391328096
114 114 125 132 2 -0.00989213679 -5.29920864
0 0 0 0 1 -0.000738739443 5.9090414
44 48 109 144 3 -0.00880976208 0.229294837
44 48 112 127 3 -0.0257438421 -0.22077246
122 126 97 103 3 -0.000660795369 -2.5197835
84 88 60 71 3 -0.0672949776 -2.22505164
0 0 0 0 4 -0.739580512 7.47205925
95 96 106 141 2 -0.0803697705 -1.57684565
36 42 48 83 1 -0.313088596 -3.82967782
0 0 0 0 2 -0.0268990584 4.62606955
77 82 47 58 2 -0.00146910967 -3.57206726
59 65 116 120 0 -0.0268064309 -5.79665852
91 92 169 176 4 -0.0338437669 -1.68390632
130 135 85 116 1 -0.0014301067 -4.687181
171 175 187 192 2 -0.00178249087 -1.21445489
36 39 50 73 2 -1.09294677 -0.255576402
142 145 54 63 2 -0.0010297168 -5.95196009
32 36 47 82 1 -0.000277504121 -2.05009556
48 52 172 178 4 -9.96570743e-05 -2.92289853
47 51 132 135 2 -0.00124339969 -5.33122778
55 62 112 121 2 -0.0178349037 -1.00806427
104 108 43 50 2 -0.000927110552 -2.46465802
48 52 78 86 0 -1.06176317 1.20518827
88 90 32 67 1 -0.017709516 -2.83147001
0 0 0 0 4 -0.0889634937 3.66249299
0 0 0 0 2 -0.00141517946 4.28947735
83 85 121 132 2 -0.00142729725 -2.41452503
25 30 93 102 4 -0.00452286145 -2.86909795
99 104 120 155 0 -0.000353668176 -4.64584398
139 149 55 58 0 -0.00290162442 -4.02577877
76 80 164 172 3 -0.00417226786 -3.60936189
109 115 172 179 0 -0.0123032983 -2.76136541
101 107 44 50 1 -0.0615146011 -0.372426271
121 127 60 66 2 -0.000374152471 -3.11453247
0 0 0 0 1 -0.0545633771 4.7458272
38 44 81 0 1 -0.266554236 -0.320726633
109 112 127 134 4 -0.00593404798 -2.73178029
170 175 54 59 0 -0.369297981 -3.53774452
0 0 0 0 3 -0.00878152903 0.55222553
47 47 75 82 3 -0.714196444 -4.0515213
0 0 0 0 3 -0.91991055 6.90235424
58 59 89 96 3 -0.472369432 -2.71392179
0 0 0 0 3 -0.00874402095 5.24581194
0 54 161 166 1 -1.17138159 1.39761853
110 113 133 140 3 -0.00988689251 -5.26128817
124 130 47 51 3 -0.0452898964 -0.223534465
122 123 66 70 2 -0.00227107131 -5.42025328
111 117 38 43 1 -0.00693240203 -3.28639412
121 125 137 172 3 -0.00206964556 -4.26611948
74 80 97 0 2 -1.1246562 1.66633153
35 43 55 90 2 -0.0123882778 -0.790678501
89 91 108 131 2 -0.000296334561 -5.94724941
95 100 108 113 1 -9.70346809e-05 -4.2589426
0 0 0 0 2 -0.605713844 7.74225569
0 0 0 0 2 -0.0406304747 1.49577093
137 143 46 49 3 -0.100312747 -1.31194162
55 56 70 75 2 -0.00123881479 -4.4564743
0 0 0 0 2 -0.00366096105 5.8901248
168 168 39 74 2 -0.000810535508 -2.32388353
42 45 78 85 2 -0.134150371 -1.86233163
0 0 0 0 2 -0.00674530165 5.10362959
38 39 116 119 2 -0.00307011115 -5.18673658
86 90 41 76 2 -0.0149746602 -2.76885009
127 131 67 69 2 -0.000764278695 -4.70684814
48 52 76 111 4 -0.00130303926 -4.5897727
85 93 110 121 0 -0.0128373187 -3.29078817
106 106 48 51 2 -8.66643459e-05 -4.07165766
130 130 40 71 3 -0.00388140162 -3.39435959
144 146 55 86 1 -0.000218855726 -4.13019943
0 0 0 0 2 -0.893844664 6.10722685
58 64 40 43 1 -0.00261305808 -4.18964672
137 140 51 57 4 -0.00211244985 -3.25400972
74 76 34 57 2 -0.00302512059 -2.1504631
0 0 0 0 2 -0.00238280417 2.74397445
51 57 87 118 1 -0.0452706851 -2.95835161
0 0 0 0 2 -0.000369617075 4.92860174
48 48 55 59 3 -0.00473137945 -2.85201621
106 111 48 53 2 -0.000163906909 -3.18959928
135 142 89 124 0 -0.00100802642 -3.44009256
63 66 104 139 2 -0.00175829523 -1.9535563
85 102 118 126 2 -1.25365674 -0.635732234
64 67 44 52 2 -0.00209123502 -2.32036591
156 156 63 67 3 -0.000159257732 -2.95912194
62 63 141 176 3 -0.000993657275 -1.24929345
134 138 153 160 3 -0.00941097829 -1.36022067
81 86 30 65 2 -0.00108967989 -5.54545784
67 69 103 138 3 -0.609365642 -2.99797678
120 120 47 50 3 -0.000183933647 -4.99223518
0 0 0 0 2 -0.187614843 3.90785432
122 123 70 105 2 -0.015932627 -2.57141805
47 51 64 62 3 -0.661618352 -2.73350978
0 0 0 0 2 -0.192075521 6.32925653
47 54 68 74 2 -0.00732966233 -0.12748754
136 138 70 75 1 -0.00457888655 -2.41540146
116 116 66 101 4 -0.00309838448 -3.50132751
0 0 0 0 2 -0.391236037 4.23736191
52 55 99 106 4 -0.00577569474 -1.89833188
40 40 103 138 3 -0.0792930052 -1.85859179
52 53 96 101 3 -0.0264054183 -0.475190014
12 15 44 35 0 -1.46697628 -1.05948913
46 55 60 67 1 -0.0792915896 -2.63235116
68 68 45 51 2 -0.000112173686 -4.13828564
43 48 65 72 1 -0.00119180826 -4.26303911
137 144 48 59 0 -0.00441653654 -2.17982244
0 0 0 0 0 -0.0266691688 5.49381542
35 38 20 24 0 -0.0039420221 -2.90090871
100 105 26 61 1 -0.00958105735 -3.54969192
115 120 134 142 3 -0.05975537 -0.271100163
129 129 110 116 3 -0.000461541174 -3.60965872
108 112 50 85 4 -0.0054959543 0.256471217
121 124 59 94 1 -9.52461414e-05 -4.28925753
151 151 105 140 3 -0.000700298115 -5.88569927
106 110 124 130 1 -0.000599299907 -2.79036093
110 110 48 57 3 -0.00190208619 -2.77026939
0 0 0 0 1 -0.033379253 3.46569848
77 84 42 49 0 -0.0218204185 -4.33216238
68 69 107 138 2 -0.00876259804 -3.049963
94 97 114 121 1 -0.325369537 -0.694164574
138 138 70 101 3 -0.0829747617 -1.34392548
56 57 71 75 4 -0.0621233359 0.462745726
195 197 84 119 1 -0.530056059 -2.99761438
66 66 40 45 3 -0.00392907346 -3.4180758
0 0 0 0 1 -0.0638077036 5.96898174
64 70 157 172 2 -0.0351330414 -2.26436877
100 108 82 89 0 -0.00157480268 -1.6493876
142 144 95 130 3 -0.0546849295 0.134865642
113 113 152 159 2 -0.0415006205 -3.38461256
46 52 61 68 0 -0.00256911945 -2.27375674
0 0 0 0 2 -0.000638436642 6.54666996
162 162 92 145 2 -0.283319503 1.73261762
83 85 150 152 1 -0.809238195 -0.587506175
0 0 0 0 3 -0.0119234873 4.17844629
138 143 34 69 4 -0.0183230303 -3.83245945
30 34 107 112 0 -0.00251268269 -2.20635676
0 0 0 0 3 -0.0774459317 6.01416683
107 107 58 61 2 -0.532799721 -3.23211884
110 116 138 145 1 -0.271151006 -1.74848723
34 35 43 74 3 -0.0249618981 -1.82627201
50 50 64 66 3 -0.00118885736 -3.34406924
103 106 122 129 4 -1.26162386 3.15123725
55 61 153 188 0 -0.00817382708 -4.47826338
0 0 0 0 2 -0.0184011757 5.09160137
0 0 0 0 2 -0.950161219 7.55034494
92 98 109 116 1 -0.000160805328 -5.34999609
103 111 120 151 2 -0.00454087649 -4.44008589
74 78 49 56 4 -0.000937318138 -2.35568476
86 92 44 53 4 -0.0423538871 -3.9119153
88 90 98 101 2 -0.000408345339 -3.07476163
52 57 66 68 3 -0.0047982512 -2.57124114
96 104 145 160 1 -0.00104354986 -4.50159645
0 0 0 0 1 -0.753498971 7.47115278
100 106 23 58 1 -0.141206652 1.52581263
0 0 0 0 1 -0.675158262 3.88788104
52 58 152 187 2 -0.00302415621 -3.07616711
37 37 51 54 2 -0.00181211135 -2.29752564
106 111 61 68 2 -0.000955524913 -2.57305169
117 120 128 151 2 -0.00122070569 -4.06543398
130 133 40 47 2 -0.232933149 -1.29734445
85 89 95 100 3 -0.218810961 -1.95420933
57 62 111 113 1 -0.00356641109 -2.84492254
89 93 124 127 0 -0.00190533325 -0.763713002
43 49 126 157 0 -0.0232342556 -2.48770952
77 82 39 46 3 -0.00966003723 -4.68821287
123 131 68 103 2 -5.73391444e-05 -4.59545565
139 145 51 57 2 -0.000671966525 -3.59541988
0 0 0 0 0 -0.0516018495 4.68379354
101 105 122 126 2 -0.0137685593 -3.91483068
0 0 0 0 2 -1.01334012 1.026582
