39 42 82 117 3 -0.000191681524 -5.58743906
95 97 109 113 2 -5.30476827e-05 -3.7890873
47 51 67 75 1 -0.00582425203 -1.99654329
85 91 53 65 1 -3.56433011e-05 -4.19341564
119 123 71 106 0 -8.10622169e-06 -6.55082273
97 100 38 48 2 -7.35511421e-05 -4.98312712
48 48 54 61 3 -6.23458982e-05 -5.09934521
76 80 89 96 1 -0.000195616216 -5.12400675
49 54 69 104 1 -2.8133265e-05 -5.4403677
42 47 65 80 2 -2.5272293e-05 -4.24202061
70 76 28 32 1 -7.70082843e-05 -5.71322203
121 123 49 51 2 -3.03982524e-05 -5.27956581
197 198 49 55 2 -3.54050026e-05 -5.51313019
131 133 101 103 2 -0.000143406505 -2.23024368
12 12 17 25 4 -0.00291593862 -4.63071012
12 17 21 28 0 -0.00238719862 -3.77011704
133 137 37 68 4 -0.00108869025 -3.9803803
73 76 52 61 3 -1.47819201e-05 -5.96321106
68 68 81 116 3 -0.000380963524 -5.70900202
73 73 38 61 4 -0.000392299262 -1.83225763
37 37 109 120 2 -0.000188584818 -4.54914761
35 40 51 82 4 -0.00185012037 -2.72531176
143 143 166 168 3 -0.000399568264 -5.68526268
93 94 57 60 2 -0.000149605097 -1.8983463
155 162 50 81 2 -3.92196016e-05 -4.95130014
69 73 48 55 1 -0.000170226092 -6.09930992
121 121 56 60 4 -0.000317322003 -4.2840991
43 47 67 98 3 -0.000553668011 -4.87637663
55 59 69 100 3 -4.39879805e-05 -5.57771158
51 54 63 70 2 -0.000117657408 -5.343925
47 49 53 60 1 -0.0126660597 0.150446504
40 43 75 83 1 -0.000130412664 -5.24361992
40 44 48 55 2 -0.00014876989 -7.56080389
97 97 34 69 2 -3.32592426e-05 -4.53792048
36 45 86 121 0 -4.25571088e-05 -3.79063368
99 100 108 113 2 -4.16037437e-05 -3.85711527
61 65 73 108 3 -0.000117657917 -4.92018652
95 99 56 63 0 -1.41858727e-05 -2.82837939
68 68 82 89 3 -4.39879477e-05 -4.47525501
37 37 55 62 3 -0.000328523922 -6.55393553
56 56 73 108 3 -5.11403487e-05 -4.83771038
45 45 57 65 2 -7.53395361e-05 -4.98377991
159 162 60 95 2 -7.02135003e-05 -4.61563253
52 55 73 96 2 -6.16306352e-05 -4.017766
94 94 37 72 3 -0.000168078041 -4.01341391
97 101 80 87 0 -1.56163769e-05 -3.18027616
98 98 43 47 3 -5.59087421e-05 -5.23961973
97 97 127 135 3 -0.00015008077 -5.08193827
151 151 94 117 3 -4.98291047e-05 -6.31472492
32 32 45 76 3 -0.000165339647 -4.75858307
5 5 8 43 3 -0.00209921272 -3.65683484
151 152 60 91 3 -0.00023972163 -5.02447557
83 84 55 56 2 -4.66105557e-05 -4.68623161
126 127 60 75 3 -4.3868793e-05 -4.97669744
30 30 34 41 2 -0.562549174 -0.942587554
94 94 105 128 3 -0.00021790748 -4.60932636
127 130 86 101 2 -2.99214098e-05 -4.50627565
70 72 109 113 2 -5.94847806e-05 -4.56860542
35 39 92 127 2 -2.50338835e-05 -6.75730419
150 152 92 107 2 -0.000113247203 -5.74372196
114 117 62 68 2 -4.12461959e-05 -3.77395749
70 74 86 121 1 -5.5908713e-05 -4.99630499
54 54 74 109 3 -2.49146688e-05 -6.72026587
189 189 107 142 3 -0.000520431553 -5.37622452
76 80 21 36 1 -1.97886766e-05 -5.57204437
113 114 86 94 2 -6.79486839e-05 -3.68156075
154 154 60 95 3 -6.00808853e-05 -4.09625387
64 64 77 88 3 -0.000113724069 -4.47053146
75 79 45 60 1 -5.2809406e-05 -5.64984226
99 100 57 92 2 -0.000727541628 -4.14055729
55 57 72 79 2 -1.06096113e-05 -4.94875908
17 21 42 45 2 -0.000260927714 -7.34801054
15 17 71 82 1 -0.000298485946 -4.70921421
25 27 39 43 2 -7.06904102e-05 -4.08524847
99 103 118 120 2 -1.08480308e-05 -4.14335632
120 123 89 104 2 -2.3007331e-05 -5.00053024
0 0 0 0 3 -0.0137668755 5.47611666
0 0 0 0 3 -0.0289403033 8.14186954
0 0 0 0 3 -0.518419027 8.71891212
0 0 0 0 3 -0.0139413159 7.07824707
0 0 0 0 2 -0.541254282 8.17633343
0 0 0 0 3 -0.0115927402 9.48176575
0 0 0 0 2 -0.00349572953 8.46875858
0 0 0 0 2 -0.0729476511 9.23649406
0 0 0 0 3 -0.0109555628 6.62023783
0 0 0 0 2 -0.644358099 9.48035049
0 0 0 0 2 -0.740924835 10.5846844
0 0 0 0 3 -0.707090259 9.10476971
0 0 0 0 2 -0.0047033173 8.03017044
0 0 0 0 0 -0.0969694331 10.155385
0 0 0 0 2 -0.330797911 9.04534817
0 0 0 0 3 -0.0389558114 7.90311193
0 0 0 0 2 -0.00918660127 6.4423728
0 0 0 0 2 -0.0304416157 7.23174
110 115 128 131 2 -0.000651884126 -6.58509827
61 64 148 154 1 -7.73659849e-05 -4.17304897
53 59 81 86 0 -0.000743517478 -1.64574075
0 0 0 0 2 -0.294869244 9.58473396
111 116 131 166 1 -9.14316843e-05 -5.88369083
49 53 108 143 3 -5.88888433e-05 -5.38690758
51 58 66 68 1 -9.09550945e-05 -5.45130539
146 150 96 131 1 -0.000109313216 -3.72123909
71 74 90 113 2 -0.000257007196 -4.84025049
87 89 59 68 3 -3.46897541e-05 -6.66834164
122 125 136 141 0 -3.9219638e-05 -3.45348525
0 0 0 0 2 -0.226580679 8.22544193
51 55 89 124 2 -2.87293242e-05 -7.24968529
35 42 52 54 0 -1.96694637e-05 -2.901757
81 86 148 163 0 -8.07036558e-05 -3.23317099
47 51 65 96 3 -0.000534710009 -3.47532082
123 123 52 63 3 -0.000330195879 -4.81089354
164 169 27 50 1 -4.94715568e-05 -2.7900815
118 119 61 76 3 -0.00187965285 -5.39789391
79 87 223 226 0 -0.000173563501 -2.68787265
56 63 71 74 1 -4.32727611e-05 -6.08020306
48 51 90 101 3 -3.4928049e-05 -5.64144993
46 50 60 63 4 -0.000142809731 -3.27921081
55 60 82 117 1 -0.000119445773 -3.36004758
59 63 135 170 1 -3.32592499e-05 -5.82096434
64 68 122 157 4 -8.92862154e-05 -1.59273803
36 40 91 98 4 -0.00884422101 -3.43306565
47 47 59 66 4 -0.000378113764 -3.89423227
106 109 46 53 4 -0.000190610124 -3.08883643
0 0 0 0 3 -0.583592057 8.75302982
0 0 0 0 1 -0.00682209432 5.68025017
13 19 62 97 1 -7.17632065e-05 -6.46217585
129 137 64 99 0 -1.89542334e-05 -4.79050112
0 0 0 0 1 -0.185687184 8.03907204
0 0 0 0 3 -0.132299423 7.72145033
195 199 63 94 2 -0.000555220584 -5.28906441
103 107 46 53 1 -1.82389776e-05 -6.2047863
144 146 53 88 1 -4.72065476e-05 -4.431674
30 34 88 89 0 -6.21071522e-05 -2.43724155
143 151 126 129 0 -2.39610054e-05 -4.03346586
44 47 51 56 2 -1.68996382 1.97977316
102 102 58 66 2 -0.000132796704 -3.67350888
154 159 175 178 2 -0.000199073533 -3.74058127
88 95 30 32 0 -1.81197756e-05 -4.23641729
152 156 102 137 3 -0.000118729855 -5.78064108
0 0 0 0 3 -0.0132021438 6.98178101
75 76 94 99 2 -0.000141379001 -2.48414326
91 97 82 85 1 -5.24517018e-05 -5.78629827
0 0 0 0 1 -0.0711038411 9.01801491
10 11 21 24 2 -0.00158538041 -1.29750288
82 83 97 102 2 -1.77621405e-05 -4.28451157
43 53 72 78 1 -7.55778456e-05 -5.14666557
39 41 81 83 1 -9.54853604e-05 -3.50812364
135 135 114 116 2 -7.62932032e-05 -3.75861335
54 57 100 104 2 -5.56702398e-05 -3.8368926
0 0 0 0 3 -0.0965420529 9.17525482
38 45 67 76 3 -1.83581924e-05 -5.86406231
142 146 27 62 3 -0.000187988451 -5.34085131
81 90 39 74 1 -9.83459395e-05 -3.05707288
122 126 144 179 2 -0.00121787318 -3.88951898
36 38 91 98 2 -8.14191008e-05 -5.0729146
53 61 71 73 0 -1.96694818e-05 -3.26503229
42 42 55 62 3 -0.000189776634 -4.54386902
147 151 43 78 3 -0.000169273902 -6.47460413
45 49 66 101 3 -0.000105737141 -4.40960217
108 108 30 38 2 -0.000103949133 -3.86947775
153 153 48 83 2 -0.000305041933 -2.64930153
0 0 0 0 4 -0.013951336 0.760607362
95 99 71 82 3 -0.000297772465 -3.93679667
48 56 77 80 3 -7.37898881e-05 -4.67157888
94 98 111 134 4 -0.000113604809 -3.36833906
125 128 80 91 1 -6.48489658e-05 -6.09079456
57 57 105 140 4 -0.000405403756 -4.6100378
0 0 0 0 2 -0.011328279 8.48056316
72 72 51 57 4 -0.001976409 -2.7847898
86 86 107 109 4 -0.000213498468 -5.13489914
116 118 66 101 3 -0.000208014608 -8.10875988
49 51 111 117 2 -1.34706279e-05 -5.60800219
71 74 35 43 2 -0.00275300769 -2.6263988
40 40 57 64 3 -3.18287348e-05 -5.7534852
118 118 171 182 3 -0.000437566894 -5.80538416
71 79 45 49 0 -3.20670006e-05 -2.93026567
95 95 102 108 3 -0.000293717138 -4.40565014
117 121 39 74 3 -1.15632856e-05 -7.2054162
123 128 56 59 1 -0.000110267036 -3.69133425
27 30 44 55 1 -0.000125762934 -3.73342943
191 199 168 173 0 -2.44378316e-05 -4.67731857
215 225 89 98 1 -0.00162493368 -2.13843656
118 119 98 100 2 -1.53779674e-05 -4.68146658
76 80 26 57 2 -0.00147996098 -1.65916562
41 47 54 89 1 -0.000128143671 -4.14896059
0 0 0 0 3 -0.590930223 7.78391647
0 0 0 0 2 -0.131563008 8.02839279
48 52 63 98 2 -6.98559306e-05 -4.19285154
41 45 75 80 3 -2.36033629e-05 -5.29862738
50 55 61 68 3 -5.61472443e-05 -4.61847878
0 0 0 0 2 -0.464992732 8.06729507
55 62 97 120 0 -2.06231398e-05 -5.4278717
30 38 81 116 3 -0.0121442797 -4.66311979
115 120 83 89 4 -0.000121114615 -4.76953316
0 0 0 0 2 -0.00235207262 6.18420553
0 0 0 0 1 -0.00380022102 4.69350481
120 125 142 146 2 -0.000139471435 -5.0777669
133 133 198 203 2 -0.000203484029 -4.75259733
51 53 77 85 2 -6.56836128e-05 -3.79396486
152 156 65 100 3 -1.14440763e-05 -6.6864686
107 107 57 64 3 -0.000242582173 -6.11357164
158 160 176 211 2 -0.000828059448 -2.70676756
0 0 0 0 2 -0.47616154 8.04597378
73 73 88 91 4 -0.0286652707 0.413528174
102 107 53 88 1 -4.62528551e-05 -5.08385897
65 65 53 56 3 -0.000122545331 -4.781672
33 36 41 47 4 -0.000112173642 -5.10198736
111 115 128 159 3 -0.000122900557 -4.96489573
29 35 65 88 2 -9.31011164e-05 -4.488482
46 51 22 29 1 -8.21333961e-05 -5.39952517
0 0 0 0 3 -0.127579004 8.69701862
117 120 129 135 4 -0.000649993075 -4.41410589
107 108 67 102 3 -0.000244483643 -9.47646046
130 135 68 103 3 -3.58817633e-05 -7.19150734
0 0 0 0 0 -0.0361388959 10.2888002
101 107 65 69 2 -7.11671819e-05 -5.82228947
0 0 0 0 3 -0.681033075 9.47179127
103 105 38 69 3 -0.00189907325 -4.17326689
28 32 37 49 2 -0.000130531902 -5.24016047
67 68 145 180 2 -0.000258316169 -4.8827939
0 0 0 0 2 -0.1973809 8.51821995
69 73 88 111 3 -0.00020479504 -5.0095253
118 123 155 190 1 -9.76309675e-05 -5.80229902
129 135 112 117 1 -3.62393839e-05 -7.62340546
82 84 42 44 4 -0.000158783034 -4.17492294
48 52 74 109 2 -0.000714381225 -5.53483343
41 48 59 66 2 -0.00284923776 -0.535801709
161 163 181 216 2 -0.0010873928 -5.11110926
0 0 0 0 2 -0.109502204 7.89126444
89 95 52 55 0 -0.000297866936 -0.638922095
92 94 43 78 2 -6.58027129e-05 -3.78918862
0 0 0 0 2 -0.281131566 8.03192997
63 66 80 111 1 -0.000325782661 -4.10636473
61 64 84 119 4 -4.41072043e-05 -4.25957394
70 75 43 51 1 -1.80005591e-05 -5.0860405
63 69 109 144 4 -0.000140664008 -4.73605204
79 81 48 55 1 -6.61605882e-05 -5.8372159
47 49 121 125 2 -0.000810416706 -2.1619575
102 103 112 118 4 -7.23589037e-05 -5.61951542
100 102 121 125 1 -6.58030694e-05 -4.52105331
47 53 100 102 0 -1.96694837e-05 -1.8481853
130 132 67 90 2 -1.0013564e-05 -7.51209211
108 111 129 160 2 -0.00122253888 -4.5802989
81 88 97 132 2 -6.40143189e-05 -6.96029472
110 116 93 98 0 -4.87561665e-05 -2.38829446
177 179 38 46 2 -2.78948701e-05 -6.97617292
95 98 71 76 0 -3.62392529e-05 -2.88136554
21 26 52 59 4 -0.00143562513 -2.5505228
100 102 117 148 2 -0.000221722235 -4.90804195
0 0 0 0 2 -0.129482627 9.58318233
51 52 68 70 4 -0.000164503756 -4.90092564
0 0 0 0 3 -0.0113175903 6.39277744
50 51 70 78 2 -8.91674281e-05 -6.44581079
0 0 0 0 2 -0.0061016297 6.98535061
0 0 0 0 2 -0.326123089 8.18367767
0 0 0 0 2 -0.857760072 8.33841991
82 84 52 61 2 -0.000104902734 -3.63496852
50 54 109 144 3 -4.10076755e-05 -5.67105579
0 0 0 0 2 -0.00164429459 6.41559362
0 0 0 0 2 -0.121747747 9.20799255
98 104 66 72 0 -3.87427099e-05 -3.14328861
50 53 63 70 0 -0.000104663894 -1.61362576
147 151 164 167 4 -0.000503982184 -3.27686167
62 62 135 166 2 -0.000222915332 -4.52170658
42 46 50 57 2 -0.000332338328 -6.13388729
59 66 44 49 0 -0.000124451108 -2.67631078
161 164 56 64 2 -4.89946979e-05 -4.07263994
73 81 21 56 2 -7.30746251e-05 -5.9698782
131 137 106 117 2 -0.000210993807 -4.50509119
59 62 82 86 0 -0.0465448759 4.29937649
57 58 45 51 2 -0.000190843566 -3.90728688
8 12 18 53 4 -0.000414207578 -3.92659831
41 41 50 85 3 -9.84652725e-05 -5.54453421
100 102 163 198 2 -2.38417488e-05 -8.02685261
0 0 0 0 2 -0.284598112 10.0314932
68 72 181 185 2 -0.00046309235 -4.06702662
68 72 87 91 1 -3.63586587e-05 -5.19145441
55 55 106 110 3 -0.00661687041 -3.68709683
90 91 39 74 2 -2.01463281e-05 -5.15472078
134 138 76 111 2 -0.000129578417 -2.81853342
200 201 167 175 2 -3.38552163e-05 -7.03714323
29 34 42 77 2 -0.00278568058 -2.2633481
0 0 0 0 2 -0.372124404 8.02818871
69 73 45 49 4 -6.79486911e-05 -3.49683142
104 105 116 151 2 -0.000780374685 -3.09791017
0 0 0 0 3 -0.00282386923 4.13152742
0 0 0 0 1 -0.0329917409 9.09531975
53 53 116 127 3 -3.52857751e-05 -5.77107286
12 18 30 33 2 -0.00055868848 -2.19744682
56 61 95 96 2 -6.67563436e-05 -6.39605522
11 15 28 33 3 -0.0178488661 -0.691659451
155 163 107 112 3 -7.60546463e-05 -5.2740016
0 0 0 0 3 -0.0141720381 7.0941987
232 234 203 210 2 -0.00217832113 -4.03292799
65 66 135 136 3 -0.00184826448 -5.04391241
106 113 95 101 0 -1.71660995e-05 -4.4271884
0 0 0 0 3 -0.493810028 7.46268988
75 75 49 64 3 -4.63721481e-05 -5.00006056
59 63 80 85 3 -9.36972428e-05 -2.99332619
146 150 208 215 3 -0.00125076401 -5.61062288
42 46 64 99 1 -2.84908929e-05 -5.00080299
0 0 0 0 1 -0.125485867 7.46234179
166 166 84 99 3 -0.000265348906 -3.80391502
56 61 74 109 0 -1.10864494e-05 -3.89500499
52 52 144 152 4 -0.00175074651 -4.36245775
130 135 107 115 2 -0.000128504558 -4.12784052
108 113 133 168 1 -4.17228221e-05 -4.93320799
107 111 127 130 4 -0.000202053736 -4.17949533
45 49 61 65 4 -7.98693291e-05 -4.28919601
0 0 0 0 2 -0.00920500886 9.16217804
0 0 0 0 3 -0.52213186 8.66572571
0 0 0 0 4 -0.0343839079 7.30020952
30 34 54 89 1 -0.00211307616 -5.11427784
89 91 34 57 2 -2.57491192e-05 -5.1326685
58 60 72 77 2 -3.82659891e-05 -4.41247416
117 118 98 100 2 -0.000125881983 -3.99233627
15 18 34 42 2 -0.00120222347 -2.88158512
51 51 86 121 2 -3.70737835e-05 -4.7938838
0 0 0 0 1 -0.0349805206 8.77263832
112 118 48 55 1 -0.000142690857 -6.4412837
127 130 138 141 2 -0.000185005541 -2.85763049
143 147 74 97 2 -0.00010406736 -5.793437
71 71 110 145 3 -2.15768305e-05 -6.7759757
73 77 84 88 0 -2.09807731e-05 -1.259202
156 158 60 65 2 -2.1099997e-05 -6.40649223
0 0 0 0 3 -0.448865712 9.95183372
133 141 54 60 1 -8.76174308e-05 -4.98950577
130 130 47 55 4 -0.00139413308 -2.83843756
129 132 108 111 2 -4.50606967e-05 -4.57894993
86 93 108 114 2 -9.35782009e-05 -2.95847225
0 0 0 0 3 -0.0816633031 8.11579037
0 0 0 0 2 -0.00113909133 4.78991365
52 54 112 116 2 -5.88888724e-05 -4.19775867
89 90 13 48 2 -0.000259151653 -2.47145653
122 124 74 105 2 -0.00020073996 -7.40547705
0 0 0 0 2 -0.0334178731 8.01529408
50 53 59 94 4 -5.98426632e-05 -3.73894048
0 0 0 0 1 -0.281206697 9.95742416
104 107 53 58 2 -0.000251989637 -3.58973718
0 0 0 0 0 -0.449096322 12.126606
0 0 0 0 2 -0.0876820982 10.1990042
139 144 162 197 1 -0.000583369809 -5.32022619
142 148 56 67 2 -6.1630737e-05 -5.48980999
117 119 72 76 2 -2.83717072e-05 -7.20022583
29 33 159 164 2 -0.000448677427 -4.31894445
107 110 50 58 2 -0.000116107301 -4.72543669
0 0 0 0 4 -0.433382124 9.40285587
88 93 56 61 0 -7.35511276e-05 -0.786220491
32 35 60 63 4 -0.00338157034 -3.45784831
226 227 45 68 2 -0.000436255359 -6.59292173
30 30 43 78 2 -0.000162715587 -3.3108952
54 54 159 163 2 -0.00025867435 -4.34966087
0 0 0 0 2 -0.0100025283 6.602139
93 96 33 68 0 -4.24382124e-05 -2.490592
119 122 79 87 3 -0.000104425693 -4.34336567
41 41 53 58 3 -0.00014924632 -3.04916644
193 194 139 146 2 -9.40548925e-05 -3.87930059
129 133 38 46 3 -0.000110743684 -5.25123739
174 177 95 101 2 -0.000216477885 -4.23201513
106 110 47 53 1 -0.000325883506 -4.92349625
108 112 84 86 3 -6.56838092e-05 -5.21717167
55 58 71 74 2 -0.0001440013 -2.69955611
95 95 52 58 2 -0.000825647207 -2.00188756
104 108 125 132 2 -0.000112174188 -4.57956648
67 67 86 93 4 -0.000415779534 -4.79248905
0 0 0 0 3 -0.0619274043 8.52832985
56 61 112 147 0 -3.83852312e-05 -3.08070064
150 154 47 82 1 -0.000120399724 -2.22551227
197 199 172 175 2 -4.61337186e-05 -6.91251516
0 0 0 0 2 -0.101061389 8.13417816
39 42 98 133 2 -2.40802001e-05 -6.06649351
109 112 66 97 1 -7.80810733e-05 -3.21539569
172 177 50 85 4 -0.000269758631 -4.57443094
130 131 54 89 2 -1.82389776e-05 -6.05791473
0 0 0 0 2 -0.223208249 9.27556229
124 125 96 104 2 -9.54853313e-05 -3.34131336
23 24 83 86 3 -0.000102518403 -5.28782988
67 70 44 51 1 -4.75642228e-05 -5.14289761
74 77 59 61 0 -5.17362059e-05 -1.31588471
85 87 177 181 2 -0.000138995558 -4.2925024
103 107 70 81 1 -6.99751836e-05 -4.51014757
64 70 50 54 0 -3.08750678e-05 -2.32716322
0 0 0 0 2 -0.472490191 10.6140194
75 82 90 92 0 -1.4066668e-05 -3.62797499
113 118 196 199 0 -0.000121829282 -3.97678494
0 0 0 0 2 -0.0297960117 4.1442194
118 118 44 50 2 -0.000139233453 -5.7137146
102 103 110 117 3 -1.87158039e-05 -5.82608128
93 93 107 113 3 -0.00018619973 -4.85922337
45 51 66 70 1 -0.0715619773 -0.381189883
155 156 56 63 3 -2.47954376e-05 -7.21379423
52 59 78 85 0 -0.000129578359 -3.07260895
0 0 0 0 3 -0.0084787067 5.08047247
0 0 0 0 2 -0.0457988307 7.6256485
0 0 0 0 2 -0.00716093555 9.06327629
117 118 44 79 3 -0.000102637699 -5.30421686
68 73 149 158 1 -0.00196818635 -5.08960104
59 63 127 132 2 -5.23324998e-05 -4.97480249
43 45 102 108 2 -4.95907734e-05 -6.39614296
78 81 46 53 2 -0.000219935013 -3.76792121
208 212 68 91 2 -0.000509386591 -6.22487307
105 109 40 63 3 -8.58305975e-06 -6.90532207
81 87 100 104 0 -3.91004032e-05 -1.02872956
110 118 127 138 0 -1.91926447e-05 -4.77969027
0 0 0 0 2 -0.00364452833 6.66339159
52 55 64 95 1 -0.000158664101 -4.77769756
52 57 90 95 0 -0.000207051402 -1.93467045
92 93 107 112 2 -2.77756808e-05 -5.27974272
75 75 87 122 2 -0.000243893926 -4.41552401
31 39 55 59 0 -6.77097778e-05 -4.75139904
165 168 72 107 2 -8.79753934e-05 -5.00662994
162 162 99 122 3 -9.59618628e-05 -6.57646608
97 102 51 86 2 -8.95247867e-05 -4.82412958
34 34 63 74 3 -0.000214688698 -5.01755762
101 105 166 171 2 -3.76699609e-05 -8.50937653
18 18 28 32 3 -0.000135418755 -4.30323267
121 121 105 109 2 -5.65046284e-05 -6.41500187
159 167 182 217 3 -0.000246278563 -5.27098799
132 136 71 94 3 -9.08363581e-05 -5.25856638
84 91 62 67 1 -2.31265221e-05 -5.71491814
58 61 138 173 2 -0.000149723768 -5.20492935
83 87 35 70 4 -0.000199074842 -3.85708117
41 47 57 80 2 -7.17632865e-05 -3.98929286
0 0 0 0 3 -0.126177371 8.29563522
177 183 134 157 3 -0.00325825228 -3.55789804
115 122 30 65 1 -8.6783446e-05 -5.0930295
0 0 0 0 2 -0.0563868843 7.12029552
76 80 99 114 3 -0.000120876015 -4.1178031
110 110 55 90 3 -9.26244975e-05 -4.75973749
138 142 39 43 2 -6.16307516e-05 -5.46815252
154 157 129 144 1 -0.000172730579 -3.25442243
207 210 157 161 2 -2.87293133e-05 -5.05701447
97 99 107 130 1 -0.000295268517 -3.25547242
0 0 0 0 4 -0.0111073507 7.26660824
81 89 51 57 0 -1.65700476e-05 -4.36524773
86 93 110 116 1 -9.35761491e-05 -5.02643871
155 160 81 116 3 -0.000104306368 -4.79659843
114 116 133 142 2 -0.000344498956 -5.19127655
128 137 54 89 0 -0.000103114791 -5.62714291
146 150 34 69 2 -0.000202412004 -5.36370373
0 0 0 0 3 -0.596435726 8.88880253
51 51 126 133 3 -0.000187869126 -4.95467091
41 41 66 68 4 -0.000431394117 -4.20499182
84 90 100 111 1 -9.57238371e-05 -4.15437269
0 0 0 0 2 -0.875455081 7.94785738
0 0 0 0 2 -0.523122728 7.52663183
90 90 106 141 2 -0.000336510246 -5.94472647
50 59 88 119 0 -1.23977406e-05 -4.29819584
93 97 123 131 2 -3.87427608e-05 -5.47544765
0 0 0 0 2 -0.362273842 7.28110933
68 71 131 139 3 -7.10474487e-05 -6.18096685
61 66 41 44 3 -0.0853327811 -0.92625469
120 121 54 63 2 -0.00134969864 -6.95343971
120 120 136 143 3 -0.00527417753 -3.61824417
0 0 0 0 3 -0.0164156333 4.87395525
0 0 0 0 2 -0.297296196 9.06159782
25 25 36 41 4 -0.00012445249 -4.93401003
0 0 0 0 1 -0.0190693066 -2.3070538
0 0 0 0 3 -0.559643388 7.56195164
136 148 77 112 0 -1.23977425e-05 -5.27597904
93 93 105 110 2 -2.57491083e-05 -6.33315659
131 131 96 111 2 -7.29552412e-05 -4.18711853
86 92 105 110 1 -8.07035613e-05 -4.82028675
61 69 46 50 0 -2.12191953e-05 -3.20692277
79 84 100 103 0 -0.000354390475 -1.31489182
116 116 85 94 2 -0.00316708116 -2.40505409
0 0 0 0 2 -0.00373268896 5.0726099
68 70 84 95 2 -0.00150106335 -2.76359391
15 18 112 135 1 -0.000182146963 -6.18953609
105 111 121 136 2 -1.35898281e-05 -9.5636301
50 54 60 64 3 -7.64124634e-05 -6.14607668
128 133 146 157 0 -0.000334364566 -3.14436698
0 0 0 0 2 -0.459712505 7.31667471
143 146 159 164 2 -0.000277628453 -4.33751488
182 182 193 228 3 -0.00631259009 -2.10218215
92 97 112 120 4 -0.000435209018 0.690389037
54 60 73 108 1 -6.1391911e-05 -6.35066938
67 72 39 54 2 -9.42933984e-05 -4.03390121
65 71 89 124 2 -1.57356008e-05 -6.35663366
116 120 138 142 1 -7.0690352e-05 -3.17663264
106 110 80 83 1 -6.61605955e-05 -4.72816467
51 54 158 162 2 -0.000746388512 -2.10143805
69 72 108 112 3 -5.8292695e-05 -5.1389184
151 151 85 92 2 -0.000175709763 -6.82473803
83 89 45 50 1 -0.000148888808 -1.47740757
74 77 97 132 2 -4.08884734e-05 -4.85155153
48 49 104 139 3 -0.000160449999 -4.93065023
0 0 0 0 2 -0.112215877 9.19148445
132 132 147 182 4 -0.000274526043 -5.08633327
73 73 91 106 3 -0.000103231898 -5.25002289
165 169 59 94 3 -9.1908485e-05 -5.23740768
0 0 0 0 2 -0.00322845229 7.44429779
78 81 153 160 2 -2.70604214e-05 -5.25440168
122 126 79 110 2 -0.00131806871 -1.96393561
0 0 0 0 4 -0.00152317574 5.07228899
106 110 23 58 3 -1.3828253e-05 -6.48816681
148 157 60 95 0 -0.000273099606 -3.29012227
108 112 139 174 3 -0.000265707495 -5.87193298
136 142 46 81 3 -0.000475972716 -5.4587059
104 105 66 97 2 -4.35111542e-05 -3.62908983
18 21 26 61 4 -0.00182985631 -5.1570406
127 129 40 48 2 -1.69276846e-05 -4.4795351
86 90 134 169 4 -0.000314340956 -1.78460073
45 46 103 138 3 -0.00151830772 -3.56961298
46 46 56 79 4 -0.00031112475 -3.371387
0 0 0 0 2 -0.53967154 9.63636684
52 55 71 77 2 -2.30073274e-05 -5.49392509
86 89 99 101 2 -1.87158039e-05 -5.66459656
71 75 116 127 2 -3.37360834e-05 -6.13024473
113 115 44 79 2 -0.000228635428 -3.62909317
64 67 18 53 2 -0.000123618185 -5.98134947
18 22 46 81 1 -8.60679866e-05 -4.15714645
70 74 100 131 1 -0.000218980655 -5.58459806
65 65 74 89 3 -6.6518056e-05 -4.48753929
86 91 138 143 0 -4.20806755e-05 -3.35320377
60 64 139 142 3 -8.5948981e-05 -5.90179491
114 115 36 43 2 -0.000116107214 -3.87178755
56 66 111 114 0 -4.97095571e-05 -2.65994811
49 50 60 95 3 -3.51665694e-05 -5.11517191
72 72 85 120 4 -0.000324117282 -3.78530955
0 0 0 0 3 -0.263047487 8.5962038
40 44 68 83 3 -0.000108001856 -6.04881382
114 118 91 96 4 -0.00120990607 -3.63984942
89 89 119 127 3 -0.000221364491 -4.64807987
40 41 95 130 4 -0.00204147352 -2.54325151
107 111 70 76 4 -0.00021218718 -3.53700495
61 64 98 105 1 -5.42398193e-05 -6.3342309
0 0 0 0 2 -0.00269511295 6.83590174
0 0 0 0 3 -0.524857342 7.37064743
103 108 44 53 2 -9.72733906e-05 -6.34494543
105 106 63 68 1 -6.74719267e-05 -3.52842355
79 86 132 140 3 -0.000154491703 -6.12724733
96 96 113 117 2 -7.29552921e-05 -3.15784454
55 62 111 146 0 -9.21460596e-05 -4.38386393
110 110 122 137 3 -0.278435588 0.854411483
0 0 0 0 1 -0.0354543924 7.0806222
88 88 50 54 3 -8.89288713e-05 -4.72757006
56 60 106 112 4 -5.56703671e-05 -3.38213134
0 0 0 0 2 -0.898250401 8.16586018
18 25 29 44 2 -0.000140068019 -9.37901402
0 0 0 0 2 -0.00290121534 6.93091679
59 59 115 150 3 -0.000107644322 -4.84873867
47 51 65 100 4 -0.000191922445 -2.28147411
26 27 64 69 3 -0.000182980933 -4.92092657
38 45 57 92 1 -4.47031889e-05 -5.70848989
186 186 114 149 3 -0.000292648241 -5.15493631
0 0 0 0 2 -0.105408922 8.64506817
74 78 91 126 3 -6.40149083e-05 -6.03245068
115 118 136 142 0 -5.35242871e-05 -3.30327225
0 0 0 0 2 -0.00272276532 4.35919523
214 218 116 151 3 -0.00810726266 -3.69321728
0 0 0 0 2 -0.745720029 2.33781528
0 0 0 0 2 -1.15390456 2.99241662
19 23 32 39 1 -6.41333609e-05 -5.41922951
49 50 110 141 2 -0.00930036791 -2.22954679
0 0 0 0 2 -0.319658369 8.25375748
96 100 113 148 4 -0.000100611447 -3.29314232
48 52 123 146 1 -0.000144955644 -3.29443765
39 44 60 61 2 -4.27959058e-05 -4.64831543
47 51 82 117 3 -2.86101349e-05 -5.95322037
104 107 120 124 0 -3.02789686e-05 -2.43321609
174 179 131 139 3 -0.000225178519 -6.19814539
84 87 96 111 2 -0.000237100059 -3.18754721
107 112 121 127 3 -0.00145453273 -3.90494919
40 44 63 98 4 -0.000118968921 -4.41222715
119 119 48 52 3 -0.000752449443 -4.96701431
161 162 112 147 3 -0.000317669823 -4.88655043
47 49 37 41 2 -4.62528915e-05 -3.85870647
138 145 86 101 0 -2.26496959e-05 -4.58768797
32 36 111 142 2 -0.000278938416 -4.14241028
129 130 91 97 3 -0.000406356266 -4.67930651
0 0 0 0 3 -0.412370384 8.50259209
43 43 53 88 3 -5.74581427e-05 -5.37508297
0 0 0 0 4 -0.0438634492 7.24361753
71 74 111 142 2 -0.00838638004 -1.63381302
125 130 102 111 1 -0.000109669985 -6.59567785
53 54 67 90 3 -2.65835952e-05 -6.1857295
34 37 45 49 1 -1.59740157e-05 -5.55312204
148 152 76 107 2 -2.93253906e-05 -5.83101654
164 166 76 87 3 -4.00541394e-05 -6.40326548
72 76 31 40 1 -0.286228538 1.6178124
111 111 91 95 3 -0.000933153497 -4.41453648
0 0 0 0 2 -0.0729854703 9.0561018
98 102 115 150 3 -0.000252357131 -4.79902124
81 83 123 130 2 -3.80275451e-05 -5.74622202
35 40 53 60 0 -4.18420823e-05 -2.14969707
119 125 190 194 1 -8.17767286e-05 -5.17072868
0 0 0 0 1 -0.041702047 8.43457413
128 131 145 148 3 -6.75910778e-05 -4.84381676
18 21 67 102 3 -7.87965546e-05 -6.06891251
0 0 0 0 3 -0.00450147828 5.33858204
45 49 98 105 2 -0.00150504825 -2.69294333
0 0 0 0 3 -0.246052459 8.55318832
85 91 36 51 1 -0.00375392335 0.182366818
140 142 82 84 2 -0.000110266978 -3.56120658
106 106 137 145 2 -0.000134344678 -5.3449254
77 82 94 129 0 -1.6093225e-05 -3.60753179
122 123 58 65 2 -1.44242995e-05 -5.43855953
57 60 200 235 2 -3.75507552e-05 -7.08066463
60 64 80 95 4 -0.000454873312 -4.40171099
0 0 0 0 2 -0.26773113 10.1502724
64 71 84 87 2 -8.9048408e-05 -7.23454428
87 91 101 136 3 -5.41203408e-05 -5.70274162
114 115 44 79 3 -0.00365291955 -3.52108741
0 0 0 0 3 -0.77079308 8.00746536
78 78 95 98 2 -0.000455109053 -3.7385025
0 0 0 0 2 -0.0275546778 8.73976231
50 56 71 78 1 -0.000148650695 -3.8494029
41 44 56 64 2 -4.07693587e-05 -3.60570312
22 24 31 66 2 -0.00015186661 -6.79013395
78 79 87 93 2 -4.31535336e-05 -5.03227043
0 0 0 0 3 -0.465916812 8.99133968
137 141 85 120 2 -4.98290465e-05 -7.37738228
55 56 115 150 4 -0.000658451929 0.324649721
0 0 0 0 2 -0.00209468254 6.00221872
80 82 93 99 2 -6.2822648e-05 -7.60566807
0 0 0 0 3 -0.0105477339 7.04331875
68 69 84 85 3 -0.000190250124 -3.91675234
82 86 49 56 3 -0.000206226527 -3.40626907
97 99 84 89 1 -0.000291689998 -1.89317083
110 119 139 148 1 -4.41070661e-05 -5.46612406
43 49 21 25 1 -8.96439742e-05 -3.49021244
0 0 0 0 2 -0.626016855 7.91218615
0 0 0 0 2 -0.00777609739 3.98853493
180 184 59 94 3 -0.000131247274 -4.55696535
39 43 48 63 3 -0.000123856065 -4.05727577
107 110 121 128 3 -0.000575141807 -4.69311666
125 131 26 34 3 -5.51934791e-05 -6.25745678
163 168 123 138 2 -7.39090392e-05 -5.66935444
48 52 127 162 3 -0.000144120917 -5.01787806
0 0 0 0 2 -0.0522689186 6.58555508
47 51 87 118 3 -0.00051423558 -4.78944969
133 138 16 51 3 -5.74584956e-05 -6.87306213
134 137 157 164 1 -0.0713629648 -0.520688057
0 0 0 0 2 -0.00150994735 4.89439106
47 51 130 138 3 -4.208057e-05 -5.13287306
0 0 0 0 2 -0.02434697 7.57800341
73 73 55 58 3 -7.48623715e-05 -4.27376556
0 0 0 0 3 -0.557082415 6.42826509
56 64 75 82 2 -1.33514186e-05 -5.70032358
41 48 52 60 0 -0.00109895121 -4.17797279
46 50 59 66 3 -0.000111816546 -4.9898963
188 191 167 173 1 -5.62664063e-05 -4.37914658
0 0 0 0 2 -0.444929004 8.03474903
41 44 58 69 3 -2.98022242e-05 -5.76588964
56 57 67 90 1 -4.43455428e-05 -4.85396433
135 138 69 104 2 -0.000440277014 -5.58634377
74 83 55 60 1 -0.000102756982 -2.96083713
33 39 75 82 0 -3.32592354e-05 -3.15964079
61 65 78 84 2 -0.00804977864 0.263121098
0 0 0 0 3 -0.00553999934 3.9754982
49 53 93 100 3 -6.81870442e-05 -5.34822798
49 49 77 92 2 -0.00115852791 -2.66414762
86 90 103 111 3 -0.000134941569 -5.75405216
140 144 95 118 2 -0.00487930235 -3.61922526
105 110 128 163 1 -8.74978068e-05 -5.29583311
54 60 140 146 0 -0.00227307249 0.0698583797
189 197 101 109 0 -3.21863881e-05 -3.70465374
127 131 88 99 1 -4.19614153e-05 -2.39841366
56 58 128 151 3 -0.000118015458 -5.59409285
0 0 0 0 2 -0.0119802225 7.26467276
98 101 113 119 1 -8.18957487e-05 -5.06951857
0 0 0 0 2 -0.154695585 8.77341461
0 0 0 0 2 -0.00234735245 4.6642518
117 121 136 144 1 -5.84119407e-05 -5.21200752
212 213 166 201 2 -0.0419975109 -2.95989466
146 147 210 245 2 -0.139696971 -3.90584278
0 0 0 0 2 -0.472076654 9.86573505
110 113 47 82 1 -0.000169274135 -5.17331076
85 89 56 61 0 -2.89676973e-05 -3.10530424
0 0 0 0 2 -0.00256749825 6.40706682
41 47 58 69 2 -3.40936967e-05 -5.00896025
87 90 45 52 1 -8.594885e-05 -3.92753172
51 54 60 75 1 -1.46262372 1.38954127
52 56 86 109 1 -0.00123879651 -1.95033681
0 0 0 0 2 -0.0799711943 7.74938107
44 50 64 73 0 -0.120800041 6.2628541
0 0 0 0 2 -0.311226577 8.58298588
132 136 61 96 3 -9.58425226e-05 -6.01020861
125 128 145 180 2 -9.08361108e-05 -6.61563921
24 30 109 116 1 -0.000146981765 -4.14459181
38 42 102 137 2 -8.6306085e-05 -6.84127235
53 57 110 145 4 -0.000262367161 -4.00379419
0 0 0 0 2 -0.166782677 6.63978148
0 0 0 0 2 -0.283263594 9.98697662
154 156 46 51 1 -0.00237992918 -2.94718289
64 66 48 55 1 -8.66642076e-05 -3.55871773
46 49 105 111 3 -0.000114437891 -5.10278749
17 23 28 31 1 -5.82928224e-05 -2.57061577
0 0 0 0 2 -0.0326763913 8.40842342
53 53 64 71 2 -4.44647048e-05 -4.57698679
113 115 90 95 2 -3.15903017e-05 -5.64282131
120 126 78 83 2 -2.52722966e-05 -5.99723148
54 61 110 117 0 -2.74180311e-05 -2.75276828
0 0 0 0 2 -0.28387785 7.89787197
166 173 81 89 2 -0.000210517319 -6.48009539
231 234 136 144 2 -0.000480613438 -5.60263824
77 81 92 127 4 -0.000142571487 -3.11908507
101 103 120 126 2 -0.000397535099 -2.70498276
135 135 47 82 2 -0.000109312292 -5.53090286
94 96 108 114 1 -0.000294193218 -3.36486435
84 84 19 22 3 -0.00074043544 -3.28050351
0 0 0 0 1 -0.370627344 8.41967678
136 137 40 75 1 -0.000454630761 -2.46887994
0 0 0 0 2 -0.00423890119 6.80983591
53 59 75 79 3 -9.63198909e-05 -4.6397233
130 134 144 149 0 -3.56434393e-05 -4.83221865
116 120 138 142 3 -8.42796508e-05 -6.52841282
0 0 0 0 4 -0.685399354 7.55938721
42 43 69 73 2 -3.23055829e-05 -5.40883493
39 39 128 135 2 -0.000570840726 -6.21558809
86 89 33 68 3 -7.12861802e-05 -5.31721735
75 82 150 156 0 -1.8119772e-05 -3.41465116
0 0 0 0 2 -0.248865396 7.86121845
30 38 46 81 2 -0.000384427665 -5.5122366
96 100 116 121 4 -7.59356044e-05 -4.18516302
32 35 105 140 2 -4.79218506e-05 -5.90984488
0 0 0 0 2 -0.00653440319 8.54049492
0 0 0 0 3 -0.00298414635 5.40771294
115 115 45 47 3 -0.000804580864 -5.22354603
30 35 100 135 1 -0.000244724855 -3.23612642
111 112 126 133 2 -5.05444332e-05 -6.86286783
189 193 97 112 4 -0.000575489597 -4.68121862
100 105 122 157 4 -7.72467611e-05 -3.79998183
35 36 106 110 2 -2.03847194e-05 -6.65753746
0 0 0 0 3 -0.695068717 9.62570477
104 107 86 92 3 -4.80410708e-05 -6.44030142
81 85 102 133 3 -0.00014066459 -4.43619156
101 104 51 86 4 -0.000180359682 -3.10866094
0 0 0 0 1 -0.000766547804 6.707304
43 48 63 69 0 -8.46384683e-06 -3.2246201
85 89 34 49 2 -5.51934572e-05 -4.40956402
75 78 15 17 2 -2.03847376e-05 -4.59860754
41 45 59 70 1 -6.62794482e-05 -4.89791393
30 36 97 104 1 -3.26632362e-05 -4.72319984
162 163 195 200 3 -0.000137684227 -5.42602968
81 83 101 136 2 -1.77621387e-05 -5.83063602
86 90 158 169 2 -2.08615747e-05 -7.28038836
116 121 42 48 0 -2.6702739e-05 -2.40135241
52 56 85 93 1 -3.89811539e-05 -4.97407007
98 101 78 87 2 -0.000142808931 -6.44900084
0 0 0 0 2 -0.00333156716 5.02648783
62 65 49 52 1 -6.62797611e-05 -5.81625843
0 0 0 0 3 -0.423784465 9.51352215
104 105 116 125 2 -3.20671497e-05 -6.9898262
0 0 0 0 1 -0.0196685176 7.28646803
44 47 108 143 3 -7.78425892e-05 -5.40741873
119 121 43 58 3 -0.00062305067 -5.49479437
138 142 51 56 3 -4.61336676e-05 -4.99198341
63 67 151 166 3 -0.00102470024 -2.94826889
0 0 0 0 1 -0.375951827 8.49684143
88 91 101 136 2 -2.38417542e-05 -8.15572929
37 42 48 83 1 -0.00354512222 -2.49801588
0 0 0 0 2 -0.16822204 6.9947114
153 158 105 116 2 -0.000124929371 -3.10635757
71 77 136 142 0 -5.45972071e-05 -3.55415106
91 91 112 116 4 -0.0024876995 -2.05057597
93 97 47 58 1 -6.93789698e-05 -5.05138493
138 140 97 100 2 -7.74859654e-06 -6.93579483
0 0 0 0 3 -0.0177264437 6.98719788
78 78 88 94 2 -9.10745075e-05 -5.00205851
130 133 64 99 1 -1.95502835e-05 -5.09203196
47 51 81 88 4 -0.00010883667 -3.92567635
47 48 128 134 2 -0.00162497186 -4.30064344
139 144 109 118 2 -5.3405427e-05 -8.07649899
33 37 108 111 2 -0.000191206462 -3.70344067
0 0 0 0 2 -0.245178625 11.4637451
32 34 46 81 1 -7.52201304e-05 -3.59888053
0 0 0 0 4 -0.333943844 8.46634293
0 0 0 0 2 -0.00202713232 7.09572744
55 58 121 144 2 -0.0030981747 -3.14319324
98 101 142 145 4 -0.000597908685 -4.59535789
58 64 104 139 0 -5.69815638e-05 -4.67466307
65 70 45 52 0 -3.85043895e-05 -1.46679854
149 152 100 107 3 -6.15115132e-05 -4.65579987
42 47 59 74 0 -2.52722639e-05 -3.08755589
100 103 89 94 1 -0.000108359687 -2.59745979
166 172 141 147 2 -0.00048550978 -4.19895411
0 0 0 0 3 -0.456888109 9.53715706
125 127 77 112 1 -0.000112174246 -3.87617397
98 101 116 123 4 -0.000130055123 -4.49833488
59 63 159 166 0 -0.00020527147 -4.13727903
0 0 0 0 2 -0.468224376 8.15901756
142 144 96 127 3 -0.000217431749 -6.14086771
108 112 130 165 1 -2.3007331e-05 -6.27916622
71 71 27 38 3 -0.000281680754 -4.51151752
73 73 26 57 3 -0.000179048278 -4.82890224
178 180 154 159 1 -6.19883212e-05 -5.32349348
108 112 132 140 3 -0.000134465343 -2.96029282
97 105 116 123 3 -7.79621187e-05 -4.02939129
81 85 119 125 2 -0.000137922121 -2.64672899
146 147 45 48 1 -0.00016426685 -4.66050911
121 125 137 172 3 -0.000164624566 -5.90339231
0 0 0 0 2 -0.00165653368 6.97297287
72 76 88 123 2 -6.04383422e-05 -6.92623425
76 77 94 109 2 -3.14709469e-05 -5.39801407
0 0 0 0 2 -0.960016668 8.91167545
0 0 0 0 2 -0.097326234 8.4164772
46 49 86 121 2 -0.000100969031 -4.5670929
103 111 141 148 1 -0.000233881292 -2.23628068
55 55 69 76 2 -0.000114200753 -4.58419228
0 0 0 0 2 -0.00991242565 8.53056526
181 185 39 74 2 -0.000151272281 -4.82842541
116 117 128 136 2 -0.000268688542 -5.69636822
0 0 0 0 2 -0.0249116756 7.73409557
44 47 70 76 2 -2.18152381e-05 -5.61343431
103 103 58 93 2 -0.000542604481 -1.64070189
83 87 52 59 2 -2.13384083e-05 -5.1129899
103 107 44 79 4 -0.000404214778 -3.65927482
121 124 63 78 0 -0.000141379482 -0.417424053
83 87 67 72 2 -2.37225759e-05 -4.3906846
90 90 44 55 3 -6.6398854e-05 -5.36613035
131 135 51 74 1 -5.4001328e-05 -4.7847147
122 124 64 71 2 -0.000108717359 -4.95735121
60 63 40 45 1 -6.98560834e-05 -5.42830706
111 115 137 142 4 -0.000105021943 -4.59829569
38 42 75 106 2 -0.00270418474 -3.05548167
0 0 0 0 3 -0.0107352193 5.24761438
55 59 88 119 1 -9.59623649e-05 -5.09012985
0 0 0 0 2 -0.00381442835 5.7351532
29 30 37 42 3 -0.000103830098 -3.79938245
110 114 126 134 2 -6.449176e-05 -6.38941193
140 145 72 107 0 -0.000207416888 -0.162946552
129 136 177 212 2 -3.49281108e-05 -7.0953846
104 107 123 128 2 -0.000755031244 -3.53886199
49 52 60 65 2 -7.03334172e-06 -5.55329752
63 63 100 107 3 -1.88350277e-05 -5.51856661
161 161 102 137 3 -9.54852876e-05 -5.16750193
0 0 0 0 2 -0.380921364 8.45601273
71 77 107 142 2 -8.18956032e-05 -4.81772804
133 133 183 218 3 -0.000187153375 -7.12530375
125 126 48 55 3 -0.000114200884 -4.45698023
0 0 0 0 2 -0.595891953 8.22918987
124 127 36 71 2 -2.95637801e-05 -6.0883503
40 45 58 63 3 -0.00485970918 -5.65341616
56 56 28 35 2 -0.000139472264 -5.54713535
47 52 66 70 2 -3.23055829e-05 -5.7866621
142 146 164 167 1 -0.000246155891 -3.04775524
108 110 58 93 4 -0.000220888513 -3.39459252
0 0 0 0 3 -0.590654373 7.19479513
71 76 40 44 4 -0.000107167594 -4.66098547
112 114 44 79 3 -0.000248779979 -4.28106022
101 101 79 86 3 -3.18287639e-05 -4.76382446
0 0 0 0 1 -0.832855463 7.42078447
47 54 59 63 1 -0.000137802926 -5.54726887
91 92 58 61 2 -6.4134103e-05 -2.97293353
46 48 65 76 1 -0.000110505265 -4.38696814
146 151 117 128 0 -6.43723106e-05 -2.61346745
0 0 0 0 1 -0.471704602 9.8136158
93 97 23 26 0 -7.24779238e-05 -2.4456439
51 58 120 155 1 -0.000132081739 -4.54369879
112 115 129 134 3 -5.84119116e-05 -6.57283068
112 112 127 131 3 -0.000415301765 -5.38531828
91 95 46 81 4 -0.000281322573 -3.09379816
69 73 87 122 1 -0.000109551416 -6.50737858
84 84 99 134 3 -9.59620374e-05 -4.40427589
108 114 128 135 1 -4.17230222e-05 -5.04866028
105 105 90 98 3 -0.000271544035 -5.79070139
0 0 0 0 1 -0.0688366815 8.21896935
100 107 45 52 0 -6.71143425e-05 -4.1069212
0 0 0 0 2 -0.0176293124 7.80036116
139 143 52 58 1 -3.83851766e-05 -3.52704644
79 79 89 120 3 -0.00022792042 -4.10207987
59 59 73 78 4 -0.000176425412 -3.58108687
136 138 161 196 2 -0.000364726613 -7.78594017
116 117 97 106 3 -0.000134226837 -5.94042253
0 0 0 0 1 -1.0137651 7.49204159
57 61 130 141 2 -1.72853051e-05 -7.25363255
87 91 45 76 0 -0.00412490778 0.213135004
148 149 101 136 3 -6.85446867e-05 -6.08959198
36 38 74 85 2 -5.71008313e-05 -7.252635
47 53 62 66 0 -2.43185968e-05 -2.18709087
0 0 0 0 2 -0.0234119818 7.1397047
0 0 0 0 2 -0.00845198054 3.56133938
126 130 169 177 1 -0.000231139245 -4.82705069
0 0 0 0 3 -0.0142420856 7.68010426
42 46 77 112 4 -9.78697208e-05 -2.94783783
100 104 34 41 0 -6.28224516e-05 -2.48746228
0 0 0 0 3 -1.27271116 1.32818604
0 0 0 0 2 -0.421652943 6.28244638
110 113 135 158 1 -0.000544613053 -5.45388126
34 34 42 57 3 -3.30208386e-05 -6.6295433
99 99 113 121 3 -4.88754376e-05 -5.33421564
0 0 0 0 4 -0.0404126532 8.42633533
109 116 133 168 0 -6.47301713e-05 -4.15371323
0 0 0 0 2 -0.342922986 7.72732353
0 0 0 0 2 -0.0453193523 9.0179081
78 84 39 44 1 -4.9590737e-05 -6.59762812
52 58 94 117 2 -3.46897396e-05 -4.46758509
131 135 95 101 4 -0.000103591206 -4.64617109
44 50 75 86 4 -0.000206702447 -4.45052576
40 43 123 126 2 -8.42800073e-05 -4.17543221
47 51 22 28 3 -3.0279054e-05 -5.45009851
100 107 131 138 1 -4.1723004e-05 -5.25008011
0 0 0 0 2 -0.148679256 9.56026649
30 39 109 144 1 -5.97234466e-05 -5.37763691
0 0 0 0 3 -0.401341915 8.56116486
132 138 152 187 2 -1.80005682e-05 -8.42474365
38 40 54 62 2 -0.000115273251 -3.78392434
82 86 101 109 2 -0.000221245486 -4.75703001
182 184 37 68 2 -9.03595428e-05 -6.28126431
116 119 128 135 2 -0.00204720488 -2.6142168
88 92 98 104 3 -3.75507698e-05 -5.11823606
36 39 88 93 1 -4.76833629e-05 -2.86344814
90 95 125 130 0 -3.05174217e-05 -3.23742962
58 66 40 47 0 -2.09807786e-05 -3.28100848
68 72 42 51 3 -5.87697286e-05 -4.94079685
126 132 48 83 2 -6.00809326e-05 -4.62165976
108 115 128 133 2 -0.000257722422 -2.24043179
0 0 0 0 0 -0.219262168 10.5547504
51 55 131 138 2 -0.000281443441 -3.65056276
0 0 0 0 3 -0.703614414 9.52008915
49 52 79 102 0 -0.000224935793 -4.45788956
132 132 105 110 3 -8.80943626e-05 -5.84862518
214 215 159 194 2 -0.000144001649 -6.21316719
187 191 62 71 3 -0.000235308878 -4.48882532
39 40 20 27 2 -7.10480599e-05 -4.8809514
0 0 0 0 2 -0.0694630072 10.3099422
120 120 95 106 3 -0.000546656607 -4.31408358
39 42 115 117 4 -0.000254980376 -3.71815109
154 159 126 135 2 -0.000238172594 -3.99893355
103 106 36 59 2 -6.48492787e-05 -4.95198154
64 65 76 111 2 -1.27553685e-05 -5.41120911
112 114 40 42 2 -5.79351836e-05 -5.12241077
57 63 123 129 2 -4.37495692e-05 -4.79994583
133 133 47 82 3 -0.000232807972 -3.89634418
0 0 0 0 2 -0.0646639541 8.96154499
0 0 0 0 4 -0.0440171808 8.08489704
63 64 110 145 1 -8.91669697e-05 -5.82118082
114 114 55 90 3 -0.000315058191 -3.82454848
62 66 102 108 2 -5.19749046e-05 -5.83595467
112 119 63 98 2 -1.23977452e-05 -7.76116753
98 100 118 133 2 -0.000340085651 -3.39511824
109 109 131 138 4 -0.000227087032 -3.60968208
0 0 0 0 2 -0.248865396 7.86121845
123 126 139 145 3 -0.000144001067 -4.55007839
161 164 34 37 0 -4.74450426e-05 -4.8724637
52 57 75 78 4 -5.20941394e-05 -3.36357641
17 24 28 32 0 -6.47300694e-05 -4.58375025
52 59 82 88 3 -7.14057751e-05 -5.29274178
37 43 23 32 1 -0.00032018061 -3.73006535
59 64 130 135 4 -0.00128969993 -2.38334537
0 0 0 0 1 -0.0529438369 9.20150471
97 97 157 180 2 -6.92599569e-05 -5.82681322
127 128 82 117 2 -9.75114745e-05 -4.053267
0 0 0 0 2 -0.000913648575 3.19458532
0 0 0 0 2 -0.746240497 10.1682539
0 0 0 0 3 -0.0180590264 4.42982769
47 50 62 64 4 -3.37361016e-05 -4.52471066
0 0 0 0 1 -0.00327850413 5.41617155
119 122 137 141 3 -0.000654628733 -3.79564428
41 45 48 79 3 -0.00604394451 -3.92808151
93 94 44 75 2 -0.00124731672 -3.41883111
109 112 74 81 2 -1.12056605e-05 -5.21977282
49 49 90 105 3 -7.59351678e-05 -5.01109886
75 80 94 129 0 -1.81197702e-05 -5.65421009
0 0 0 0 4 -0.000356062985 1.34542453
0 0 0 0 2 -0.600532889 8.49335766
58 63 76 81 0 -0.000898122787 -1.1268518
0 0 0 0 2 -0.00732153421 7.07350731
93 94 37 60 2 -0.000181789495 -5.9868083
46 53 105 111 0 -0.000128147542 -1.5789721
26 27 95 101 2 -0.000159736897 -4.26276541
67 74 50 55 3 -4.6849018e-05 -5.5879035
0 0 0 0 3 -0.648002326 8.99663353
0 0 0 0 0 -0.146453008 8.6143446
0 0 0 0 3 -0.380250841 7.54009199
125 126 141 147 2 -0.00193689601 -2.95067239
25 29 35 58 3 -0.00217626197 -9.98874569
0 0 0 0 1 -0.658616424 9.8843174
98 99 43 66 2 -0.000100968886 -5.25528717
30 34 44 52 2 -2.74180311e-05 -3.97548866
0 0 0 0 2 -0.0613476485 9.46587944
210 211 151 186 3 -0.000397301337 -5.59921932
21 21 32 67 2 -0.000315412966 -2.2529304
93 94 102 113 2 -2.9086963e-05 -5.84209681
0 0 0 0 2 -0.0157334283 7.27755976
57 62 71 86 1 -4.36303744e-05 -3.57878327
0 0 0 0 3 -0.0110696778 6.2453537
240 241 58 89 2 -0.110505305 -3.1611073
72 75 85 92 3 -9.92999776e-05 -5.26316118
63 66 82 93 2 -8.48759373e-05 -4.27978802
56 61 72 107 3 -2.65835606e-05 -5.97739649
103 104 111 115 3 -5.04251984e-05 -5.78852892
80 86 56 61 2 -2.53914968e-05 -3.41978407
47 47 122 127 3 -4.55376939e-05 -4.27483892
41 41 76 87 2 -0.00020658315 -5.25747728
84 84 90 125 3 -9.59614918e-05 -5.79066801
95 101 81 90 1 -0.000168438448 -4.29384661
0 0 0 0 2 -0.388768375 8.60572243
62 64 70 85 1 -8.55913604e-05 -3.68461823
97 99 112 135 2 -7.09287488e-05 -5.99660206
122 122 59 66 2 -0.000105617662 -5.06987381
117 117 98 103 2 -7.40281685e-05 -3.51648283
81 81 89 91 2 -4.4226399e-05 -4.20994568
38 40 55 90 2 -0.000222078204 -4.75174141
0 0 0 0 3 -0.716789544 7.91452169
76 80 96 119 4 -0.000337942212 -3.7130878
153 158 52 83 1 -0.00074760546 -2.01627684
77 82 94 117 3 -3.3616845e-05 -5.44609642
0 0 0 0 0 -0.0373316072 10.5345907
36 37 113 118 2 -0.000493375759 -5.02155018
107 110 90 97 2 -0.000101207304 -4.15791178
110 112 92 103 2 -2.55107116e-05 -5.41744566
9 9 13 23 2 -0.734988153 -5.31486511
0 0 0 0 2 -0.309813619 9.22664261
58 58 138 173 3 -3.69547197e-05 -5.73894835
109 120 135 142 0 -0.000348670466 -0.785740912
75 79 34 49 2 -1.68084753e-05 -5.64171791
165 169 205 236 3 -0.0202751011 -2.56193614
0 0 0 0 4 -0.0475222431 7.64168167
0 0 0 0 3 -0.0988586172 8.22199535
118 126 201 207 1 -0.000172010972 -5.30093956
0 0 0 0 2 -0.304577738 7.46541595
96 98 17 52 2 -7.65316945e-05 -4.88174391
126 129 32 43 1 -0.00185577956 -0.730324507
206 211 133 140 0 -0.000417047879 -2.94713092
42 42 117 152 4 -0.000930192415 -3.99573898
22 28 35 70 0 -7.6888653e-05 -7.19105721
106 108 82 89 1 -3.5643443e-05 -2.56549931
0 0 0 0 2 -0.775908768 8.60190868
0 0 0 0 2 -0.115186453 9.71680927
157 165 72 107 2 -3.07558694e-05 -6.66626644
0 0 0 0 2 -0.0965318233 8.254776
164 164 213 220 3 -0.00122503727 -3.86116767
109 113 54 89 3 -3.61202256e-05 -5.12051725
0 0 0 0 3 -0.0016483044 3.96783161
60 64 83 90 3 -0.000132677073 -5.13950872
0 0 0 0 3 -0.00734739937 6.9043169
92 97 41 76 0 -4.47031416e-05 -3.79104948
76 80 128 163 2 -3.63586078e-05 -7.22806501
113 115 124 147 2 -0.0398283042 -2.75957942
0 0 0 0 1 -0.151534602 10.7005749
83 89 98 133 2 -6.85446721e-05 -3.21996403
129 131 82 117 2 -0.399899393 -4.29287529
103 109 119 125 1 -2.72988382e-05 -4.75050497
40 44 53 88 2 -6.07961993e-05 -6.6057353
129 129 100 103 3 -0.000470840256 -4.08764076
26 30 98 129 3 -8.96442507e-05 -5.24104166
0 0 0 0 2 -0.748916745 8.33158398
176 178 145 152 2 -4.23190759e-05 -7.49666643
87 87 98 102 3 -5.67432144e-05 -5.30391073
66 73 156 160 0 -0.000331137708 -2.24691033
0 0 0 0 3 -0.811894298 8.87184048
38 44 48 52 2 -0.000184052551 -4.5553112
74 77 45 50 1 -4.50607804e-05 -4.39996338
104 108 57 92 3 -0.073108837 -2.19576311
0 0 0 0 2 -0.00878040865 8.47127533
149 153 94 129 3 -4.47032107e-05 -4.62391949
0 0 0 0 1 -0.0249946285 7.65939426
117 124 56 60 2 -6.55644253e-05 -4.43052244
91 100 37 68 1 -0.00113216334 -1.58168483
123 126 204 239 2 -0.00422854582 -6.13384247
92 92 115 150 2 -0.000107167405 -5.37679958
130 134 69 104 1 -3.71931164e-05 -4.03531742
47 48 53 58 4 -0.566759408 -3.85610604
0 0 0 0 1 -0.522446513 7.64549732
78 82 58 61 1 -2.68220101e-05 -4.28783846
153 154 98 133 2 -1.58547973e-05 -6.25840807
37 41 104 139 2 -9.88230313e-05 -3.99781966
110 113 125 131 1 -5.34053761e-05 -6.40435171
138 141 105 113 1 -5.94848825e-05 -6.01085138
0 0 0 0 1 -0.194463938 8.67214203
40 40 83 86 3 -7.73659849e-05 -5.09055519
92 97 75 78 0 -2.05039414e-05 -1.93315709
70 74 25 60 4 -0.000738314993 -3.1349721
0 0 0 0 2 -0.784960747 9.6333313
112 116 45 80 2 -3.23055829e-05 -4.64903927
109 111 123 128 2 -0.000494671403 -1.96813738
90 94 71 75 3 -0.000139233976 -5.57371521
35 42 113 128 1 -5.17363842e-05 -5.314744
0 0 0 0 1 -0.213209987 8.17479515
80 87 64 67 0 -9.7751481e-06 -2.94943118
133 133 97 120 2 -8.32069054e-05 -7.17058897
102 106 116 123 3 -6.48493515e-05 -7.13535786
85 86 51 60 2 -0.00231204764 -2.23611641
138 141 23 58 3 -7.82005663e-05 -6.75335407
136 139 117 120 0 -0.000131603418 -1.80352402
121 124 58 65 2 -1.85966092e-05 -5.24448729
70 73 87 98 3 -5.91273492e-05 -5.85676956
0 0 0 0 4 -0.0241451561 7.65886641
94 97 30 65 4 -0.000111578498 -2.60908484
57 61 170 176 0 -0.000174754881 -2.00081706
0 0 0 0 2 -0.00237396127 6.22109175
89 93 31 33 3 -7.06903083e-05 -5.09048319
60 65 86 93 0 -3.4570483e-05 -3.65977049
142 142 62 66 3 -0.000100015255 -4.56374168
186 189 50 65 2 -0.0472224392 1.71727538
91 94 127 162 2 -5.73388752e-05 -6.67109108
130 131 84 99 2 -5.05443022e-05 -5.27115107
93 93 39 74 4 -0.000502312905 -2.36816478
41 43 58 65 2 -2.0503936e-05 -5.37280035
142 147 166 174 2 -0.00039038813 -2.81392455
142 149 162 169 2 -0.000356297242 -5.09147406
0 0 0 0 2 -0.00217012083 5.27623653
30 34 46 81 3 -0.000164505371 -5.10738134
129 133 111 114 1 -0.000531747937 -2.35368609
104 106 114 129 2 -4.44648067e-05 -3.65564823
138 142 160 168 2 -0.000836871099 -1.35583913
0 0 0 0 2 -0.00337698474 6.85156202
197 197 149 156 4 -0.001454668 -3.90664744
136 136 71 74 3 -0.000186319114 -5.02325392
0 0 0 0 2 -0.542860091 9.80578136
0 0 0 0 0 -0.0601227507 10.1849003
0 0 0 0 2 -0.00290912529 5.59033966
0 0 0 0 3 -0.0208825171 8.72468758
144 145 91 114 3 -0.00016366865 -6.91504192
60 60 72 77 3 -0.00132453535 -3.91934991
0 0 0 0 3 -0.6021083 8.33711815
0 0 0 0 2 -1.15518332 10.0290232
40 40 52 87 4 -0.000309096038 -5.16093636
128 132 44 51 2 -3.2186399e-05 -3.85232186
17 20 25 33 4 -0.101109594 -4.98372793
39 43 149 153 3 -0.000168556842 -4.82930899
103 108 59 63 3 -0.000111458838 -5.33266687
173 174 158 163 2 -2.95637947e-05 -3.67345905
100 103 52 52 3 -0.00619358243 -3.88045812
63 63 79 110 3 -3.03982542e-05 -4.91646433
58 64 155 190 0 -0.000138637755 -3.31450725
27 27 44 47 2 -7.87955432e-05 -10.0384035
21 27 60 95 2 -7.33130146e-05 -3.68790555
0 0 0 0 1 -0.00364818308 6.96260405
55 56 115 118 2 -6.46108456e-05 -4.62726831
0 0 0 0 3 -0.0837683007 8.90968609
56 59 97 128 1 -9.44124768e-05 -4.14623308
54 60 123 130 0 -7.35513604e-05 -1.24965727
106 106 52 87 2 -8.28486809e-05 -6.04459333
33 37 76 85 3 -7.40282048e-05 -5.09768248
93 98 111 113 3 -0.000105379804 -5.00230122
202 205 143 178 4 -0.00114420312 -4.84881258
0 0 0 0 1 -0.206327423 9.88726044
112 114 128 136 3 -3.48089852e-05 -6.12333488
136 136 110 125 3 -5.82928515e-05 -5.3177104
105 110 121 144 2 -4.04116217e-05 -7.20174837
70 73 80 111 3 -0.000214093496 -6.99496317
98 101 79 87 1 -1.57355971e-05 -6.37049341
107 108 123 126 2 -0.000100372716 -3.55312443
144 146 169 173 3 -0.00401574699 -4.41402483
65 65 79 85 3 -4.36302871e-05 -5.54604912
0 0 0 0 3 -0.686095893 8.87922764
73 74 149 160 2 -6.94983173e-05 -4.1071434
140 146 42 57 2 -1.35898408e-05 -7.14119673
41 43 58 66 1 -6.73525792e-05 -5.21449471
46 52 96 105 3 -5.90080308e-05 -5.68912077
75 75 87 122 3 -8.61873414e-05 -5.35438395
144 148 115 121 4 -0.000140067365 -4.65326214
109 113 68 75 3 -6.00811145e-05 -5.72384882
104 104 115 130 3 -0.000140187272 -4.33196211
50 55 76 83 1 -9.82269412e-05 -4.34724998
105 110 177 212 2 -0.000118848846 -6.61966085
55 57 64 67 2 -7.35513895e-05 -6.68786192
111 114 123 154 3 -0.000324234163 -4.55257845
147 151 105 140 3 -0.000116108116 -5.5527091
66 70 87 118 1 -0.000258078449 -3.85147023
142 149 90 125 1 -5.81732893e-05 -5.23052263
59 63 76 79 2 -5.23325398e-05 -3.44672537
122 123 51 86 3 -0.000740986725 -4.88286924
142 146 47 54 0 -1.01327751e-05 -6.74404478
116 116 131 134 3 -8.95249104e-05 -5.4890995
125 125 134 139 4 -0.000348425616 -5.15297651
117 124 147 152 2 -5.7816047e-05 -5.93852186
102 102 116 123 3 -3.88619883e-05 -6.73172331
104 106 123 130 2 -5.60277731e-05 -3.27296543
0 0 0 0 2 -0.00280155521 5.88350296
130 131 51 86 3 -0.000440213771 -5.08341265
21 21 51 86 3 -0.000400041288 -5.1167841
46 50 161 196 2 -0.000353046868 -7.67255545
0 0 0 0 1 -0.00281583983 5.20210028
115 118 63 98 1 -4.60145457e-05 -4.71682167
55 62 8 43 0 -1.18016997e-05 -5.39358568
0 0 0 0 3 -0.00664656935 0.926560521
0 0 0 0 2 -0.984628797 7.71718788
121 125 77 112 3 -0.000410536537 -4.6092
89 91 27 62 1 -0.000104306891 -2.16595554
76 79 93 104 1 -0.000142567122 -4.71490288
75 75 85 92 3 -0.000158067414 -4.60671329
56 58 75 106 2 -0.000100015008 -4.92045784
0 0 0 0 2 -0.00944852084 6.82922554
126 127 81 88 3 -0.00046488762 -4.05289936
88 93 73 78 1 -0.000141975353 -4.98969555
0 0 0 0 3 -1.00583899 9.54639626
103 108 47 54 1 -2.14576175e-05 -5.25224447
0 0 0 0 3 -0.00365628931 3.91556454
19 25 29 64 2 -8.91674499e-05 -11.0598373
102 106 118 125 3 -6.31803632e-05 -5.90800142
119 121 135 170 2 -0.000220411253 -6.80043888
68 68 141 146 3 -0.000163668461 -5.48583603
68 73 85 116 1 -6.12730801e-05 -5.01184082
95 100 73 80 0 -0.000124213693 -3.76447797
128 138 105 109 0 -5.09017773e-05 -3.79562473
127 130 35 41 0 -0.000101326703 -3.44146943
95 95 49 84 2 -6.44916872e-05 -5.71358204
19 19 40 44 3 -0.000345811713 -3.28689766
46 49 93 128 3 -6.03193694e-05 -5.25067425
105 109 32 39 2 -0.000154729947 -2.98442078
43 45 61 63 1 -0.000904201297 -2.75314736
109 110 79 89 1 -5.66240051e-05 -3.04384065
83 87 102 137 0 -1.91926483e-05 -4.83668423
128 131 96 105 2 -5.23325361e-05 -5.62287998
81 81 48 53 3 -7.24783968e-05 -4.24570084
106 108 43 51 1 -4.57760834e-05 -6.09768915
106 108 28 63 1 -2.43186169e-05 -4.35071707
42 49 142 173 2 -0.00508471346 -0.71041882
88 92 29 34 1 -7.64122742e-05 -5.86550236
115 115 96 104 2 -5.42397756e-05 -4.70094109
178 181 49 55 2 -0.000125642619 -7.02198076
130 132 103 105 2 -0.000113008871 -3.1335988
12 13 18 26 4 -0.000265584822 -4.33294106
12 18 22 45 0 -0.000267607858 -4.63712311
53 56 89 120 4 -0.00034318745 -3.44239259
93 97 107 113 3 -2.47954413e-05 -5.56207085
60 60 73 108 3 -0.000140545351 -6.41094112
102 102 38 69 4 -0.000433183013 -3.56755042
132 135 81 112 2 -0.000105021929 -3.41136074
40 45 67 78 4 -0.00141660625 -2.96519566
110 110 159 167 3 -0.000376916258 -6.20965815
83 84 51 56 2 -6.41341248e-05 -3.27143621
159 163 45 60 2 -2.92061395e-05 -6.17347527
97 100 116 125 1 -0.000166887476 -5.2086215
47 47 114 116 4 -0.000355224765 -4.4244113
51 55 75 98 3 -0.000138397707 -5.66209745
54 58 68 75 3 -3.68354231e-05 -5.57176018
50 51 60 65 2 -6.61604136e-05 -6.57535648
41 46 50 73 1 -0.00884591602 -0.40582034
69 73 41 46 1 -8.6902488e-05 -6.23392439
47 39 43 45 2 -0.777552307 -4.54614496
90 93 31 66 2 -2.34841427e-05 -4.59169149
128 134 81 116 0 -2.56299027e-05 -6.39112091
55 56 41 49 2 -9.21476094e-05 -3.88494945
63 67 75 110 3 -0.000100849727 -4.71446753
89 95 56 62 0 -1.45435015e-05 -2.37854838
52 53 67 69 3 -7.60548428e-05 -5.37431431
41 41 59 64 3 -0.000201576971 -7.25603104
67 67 84 119 3 -6.89021181e-05 -4.84120512
51 54 66 73 2 -5.31669757e-05 -5.31874371
124 127 65 100 2 -8.70226904e-06 -6.54834986
111 115 75 82 2 -1.99079059e-05 -4.63147259
55 55 71 106 3 -0.000109908768 -4.3717308
93 99 76 83 0 -1.80005591e-05 -3.03184032
47 47 86 92 3 -9.09550727e-05 -5.3937397
131 132 58 64 3 -0.000106213069 -4.98428202
25 26 79 86 3 -0.000116227435 -4.86392546
64 65 31 38 3 -0.000150319538 -4.91851425
5 5 8 43 3 -0.000116226693 -4.37315464
123 123 89 96 3 -0.00176045892 -4.50055456
136 136 55 60 2 -7.6889366e-05 -3.81671381
36 36 46 53 3 -0.000355226366 -4.27628613
29 30 34 57 2 -0.00137291104 -7.41793728
127 127 52 67 3 -0.000127670981 -4.75127459
86 87 99 130 2 -0.000117538279 -4.24772406
44 45 114 122 2 -2.00271061e-05 -6.23869658
135 137 89 124 2 -2.61067598e-05 -6.96362209
89 89 144 159 2 -0.000413514616 -3.06034589
75 76 62 65 2 -5.03060437e-05 -3.86501956
112 118 40 75 1 -8.30874487e-05 -5.28817701
57 57 77 112 3 -4.3272732e-05 -6.46359825
82 83 112 147 3 -0.000135538619 -6.08161354
116 119 49 72 1 -5.59087712e-05 -3.94032001
109 110 57 59 2 -0.00019466324 -2.98846078
118 118 67 102 3 -1.46627171e-05 -5.68518782
146 146 54 77 3 -0.000108955857 -4.62077093
69 73 82 113 1 -8.8451925e-05 -5.13399124
91 91 49 84 2 -0.000596827769 -4.84505749
77 79 94 101 2 -2.10999679e-05 -5.16756392
17 19 40 44 2 -0.00031097795 -6.87499237
63 65 10 25 1 -9.14320844e-05 -5.25082064
98 99 80 83 2 -0.000156399066 -4.02303839
143 143 72 75 2 -3.19479659e-05 -5.38048029
127 129 32 55 2 -4.27958948e-05 -5.27528143
0 0 0 0 3 -0.00734903011 5.20726013
0 0 0 0 3 -0.0398329198 8.15506744
0 0 0 0 2 -0.635553062 8.63971996
0 0 0 0 3 -0.0150661012 7.46233845
0 0 0 0 2 -0.410083473 8.17950058
0 0 0 0 3 -0.0141457608 8.68814087
0 0 0 0 2 -0.00517494371 8.96360779
0 0 0 0 2 -0.144648418 10.2710838
0 0 0 0 3 -0.00750269229 6.01474333
0 0 0 0 2 -0.605075896 9.96744156
0 0 0 0 2 -0.619041443 9.35026932
0 0 0 0 3 -0.704070032 9.16469669
0 0 0 0 2 -0.0120027345 8.88224792
0 0 0 0 0 -0.098154746 10.3357878
0 0 0 0 3 -0.3106547 9.88027287
0 0 0 0 3 -0.0415766761 9.23897076
0 0 0 0 2 -0.00681627495 6.9723897
0 0 0 0 2 -0.0732708499 9.35752201
0 0 0 0 2 -0.0535559803 6.39248562
0 0 0 0 2 -0.308720618 8.349617
65 73 37 41 0 -8.04653682e-05 -2.53593516
20 23 27 62 2 -0.000369408284 -5.94548368
80 85 100 135 1 -2.96829912e-05 -5.71087646
118 122 34 69 3 -7.97501853e-05 -4.71235323
61 69 51 56 1 -6.52068702e-05 -4.80608034
56 59 98 133 1 -7.90350459e-05 -4.99730682
18 20 36 67 2 -0.00039110356 -2.47200131
163 163 33 41 3 -0.000135298847 -4.56540871
122 126 137 144 0 -3.13519267e-05 -2.88284421
0 0 0 0 2 -0.0012404063 2.45669389
106 107 55 90 2 -3.17095146e-05 -7.92012405
35 41 51 55 0 -2.16960016e-05 -3.80948472
166 169 120 151 0 -0.000498024456 -2.38301563
47 51 65 80 3 -0.000203840784 -4.93024397
64 64 52 59 3 -0.000247467746 -5.20301199
25 27 157 180 1 -0.000152106615 -3.34135318
48 48 100 111 3 -0.000256287574 -5.16838408
174 178 127 135 0 -3.19479732e-05 -4.22841883
78 85 93 97 1 -8.17766486e-05 -5.81516457
48 52 67 82 3 -2.12191953e-05 -5.70313787
51 54 64 66 4 -0.00046297448 -3.50830388
59 62 84 119 1 -0.000353194715 -3.36838412
68 74 135 170 1 -3.03982488e-05 -5.43091583
129 132 76 111 4 -9.40549289e-05 -2.19347548
54 59 73 104 4 -8.33262893e-05 -4.31748533
43 43 55 66 4 -0.000545575691 -3.93354249
50 54 85 92 4 -0.000103710896 -1.74902534
0 0 0 0 3 -0.765778065 9.38332844
0 0 0 0 1 -0.00519614574 4.99678326
71 72 26 61 1 -7.16439972e-05 -4.51953793
175 180 128 163 0 -4.00540994e-05 -4.80081415
0 0 0 0 1 -0.417682648 9.36379433
0 0 0 0 3 -0.0218441561 7.78837585
121 122 58 73 2 -0.000102875092 -6.12713051
87 90 71 75 1 -2.64643531e-05 -5.27041578
0 0 0 0 1 -0.286010563 8.01053429
99 102 34 42 0 -5.49546239e-05 -2.02160025
177 184 56 64 0 -0.000176655216 -2.91919589
0 0 0 0 2 -1.0156461 2.87226963
45 45 59 67 2 -0.000101803256 -4.34928179
61 62 178 182 2 -6.00809508e-05 -5.63917875
173 176 77 83 0 -8.344456e-05 -4.28320122
126 131 55 90 3 -5.18556553e-05 -6.20418119
0 0 0 0 3 -0.0269853733 8.05492878
148 151 126 134 2 -5.48358803e-05 -3.84833884
72 77 89 91 1 -6.60412625e-05 -4.89576674
0 0 0 0 1 -0.0297668129 8.53727531
10 11 21 28 2 -0.000597782724 -2.05264115
48 49 63 67 2 -0.000102757091 -3.39686131
43 49 92 101 1 -9.40546379e-05 -4.06402016
39 41 129 134 1 -0.00014292897 -3.12503505
71 74 142 145 2 -0.000865337905 -2.84157825
72 77 120 125 2 -6.78294527e-05 -4.46063328
0 0 0 0 3 -0.0190515164 7.6950593
38 45 67 76 3 -2.13384137e-05 -5.88798141
45 49 64 99 3 -3.80275815e-05 -5.07746744
33 41 66 101 1 -3.81467798e-05 -4.55292845
126 128 146 181 2 -0.000831741025 -4.43420219
38 41 102 113 2 -3.23055865e-05 -6.2472868
58 65 75 78 0 -3.52856732e-05 -2.38964915
132 133 61 68 3 -0.000205273114 -5.24859285
77 81 96 131 3 -4.91138999e-05 -4.9632268
43 47 64 99 3 -0.000107286774 -3.90148854
53 53 61 66 2 -9.90615226e-05 -3.69906902
77 81 116 151 2 -0.00012671575 -4.17832947
0 0 0 0 4 -0.000494994747 3.16047502
79 83 55 66 3 -0.000136849849 -4.10271978
48 56 35 41 3 -8.33263475e-05 -4.87637854
89 93 106 129 4 -6.60414807e-05 -4.01541233
79 84 34 45 1 -6.40144717e-05 -5.20196486
122 122 76 111 4 -0.00052067003 -3.80154395
0 0 0 0 2 -0.0125723034 7.94384623
83 83 95 103 4 -0.000204439406 -4.3109169
90 91 100 106 4 -0.000122068253 -4.92548513
111 112 61 96 3 -0.000188942897 -5.35321665
137 138 68 70 2 -3.11134499e-05 -5.94122505
65 69 29 36 2 -0.000588253373 -3.59368086
81 82 99 110 3 -1.35898363e-05 -6.59884501
124 124 169 176 3 -0.000487652462 -5.71742105
110 114 130 134 0 -4.36300143e-05 -2.24649572
105 105 41 45 3 -0.000341995386 -3.87129235
64 69 103 138 3 -2.75372186e-05 -5.99714184
41 44 123 126 1 -0.000163789984 -2.55228496
65 71 85 116 1 -0.00151484669 -3.21848679
62 69 143 149 0 -2.16960179e-05 -5.50000477
220 228 129 133 1 -0.000738986884 -3.04805398
129 129 89 96 2 -4.73257096e-05 -3.75285268
57 61 98 129 2 -0.000455472327 -4.41108513
38 41 48 83 1 -0.000208955651 -4.02743673
0 0 0 0 3 -0.220206633 5.99108267
0 0 0 0 2 -0.0995526165 9.29074097
57 61 112 147 2 -0.000118730008 -4.57676935
117 120 97 103 3 -2.24112664e-05 -6.15044546
73 78 37 44 3 -4.91139581e-05 -6.43985891
0 0 0 0 2 -0.389599174 8.24268532
91 99 112 127 0 -0.000144121121 -3.54174495
68 74 118 153 3 -0.000311242737 -5.6609292
77 81 53 62 4 -7.64123688e-05 -4.49957609
0 0 0 0 2 -0.00256594364 6.21441936
0 0 0 0 1 -0.00185545697 4.90414524
94 97 70 74 2 -6.89023873e-05 -4.84877729
96 98 68 76 2 -2.08615693e-05 -5.94186401
41 44 84 86 2 -0.000171060761 -4.110744
87 91 102 137 3 -2.67027863e-05 -6.15565014
45 45 104 108 3 -0.000250090408 -4.77131462
197 200 124 159 2 -0.00174085912 -3.67587423
0 0 0 0 3 -0.641436815 7.65137243
37 37 88 93 4 -0.000302419707 -1.78386629
102 106 53 88 1 -3.86235733e-05 -4.48796034
67 69 105 112 3 -0.000126717248 -4.50083876
25 29 34 39 4 -8.70215445e-05 -5.40991068
111 115 128 139 3 -6.58028512e-05 -5.06379366
31 36 95 110 2 -2.46761811e-05 -6.55126476
91 94 69 74 1 -5.24514508e-05 -4.86465836
0 0 0 0 3 -0.229680404 8.97724342
110 114 123 130 4 -0.000108001339 -4.20148182
107 110 67 102 3 -0.00020694056 -9.69439793
97 102 126 161 3 -0.00033663027 -2.53816056
0 0 0 0 0 -0.0673676729 10.6048098
104 107 82 89 2 -8.33264567e-05 -4.85281897
0 0 0 0 3 -0.639114261 9.01290417
68 69 140 147 3 -0.00280033448 -3.90972328
37 39 44 51 2 -0.000138637377 -7.25917768
143 147 39 74 2 -0.000529132143 -2.75783658
0 0 0 0 2 -0.472283691 8.46634293
50 54 69 84 3 -0.000242226684 -5.21417809
78 81 23 58 1 -0.000649222406 -4.43077803
128 133 111 116 1 -4.06498875e-05 -6.9639411
82 84 56 64 4 -9.62006961e-05 -4.58502579
56 61 83 118 2 -4.68489452e-05 -8.2400322
75 83 39 62 2 -0.000150438907 -5.35534477
159 161 49 84 2 -4.66104211e-05 -10.7439518
104 112 80 88 0 -7.90342092e-05 -4.88660717
134 141 106 113 0 -5.88890143e-05 -2.0907712
93 100 44 79 2 -0.000101206475 -4.75201082
52 54 64 70 2 -1.89542261e-05 -4.3054862
69 71 85 92 1 -0.000305158028 -3.86192322
50 54 123 158 4 -8.67834824e-05 -3.97961855
121 123 48 54 1 -4.16038092e-05 -4.84802437
78 84 126 161 4 -0.000371796224 -4.6856308
73 75 87 92 1 -0.000121352452 -5.24394655
88 91 69 73 2 -0.000105618041 -4.78425837
105 106 115 123 4 -7.41469848e-05 -5.5856719
106 112 131 136 1 -0.000372750626 -3.33884645
136 144 101 106 0 -4.30342589e-05 -2.77566409
117 117 55 66 2 -4.32727393e-05 -6.17973804
90 92 46 61 2 -6.09154595e-05 -6.94926739
82 85 94 129 2 -5.35242834e-05 -5.72795343
98 104 81 86 0 -2.50338744e-05 -2.21567249
95 96 107 112 2 -6.3061183e-05 -5.06016922
137 140 71 74 0 -0.000127670777 -2.02146029
21 25 51 58 4 -0.00147896796 -3.21104264
103 109 124 147 2 -3.30208459e-05 -7.76939154
75 79 42 47 2 -4.50608495e-05 -3.46468735
127 127 41 48 4 -0.000488363672 -4.73441458
0 0 0 0 3 -0.00687303301 7.51955175
121 124 143 151 2 -0.00101241772 -5.4808445
0 0 0 0 2 -0.0992473736 9.20973206
0 0 0 0 2 -0.296732873 8.14589691
129 129 56 61 3 -8.89291186e-05 -5.22479248
64 68 79 86 2 -0.000428410538 -3.69360566
127 131 60 95 3 -2.44378371e-05 -6.01299715
0 0 0 0 2 -0.00367259304 4.80188465
0 0 0 0 2 -0.30926767 9.09544468
79 88 25 32 0 -3.95772731e-05 -2.96035194
31 35 63 70 0 -0.000235309577 -2.3470037
141 145 158 163 4 -0.000508153811 -3.23143339
124 125 54 77 2 -0.000226014497 -4.99450588
46 50 54 55 2 -0.000481201452 -4.78818655
45 49 69 73 0 -9.36961078e-05 -0.934536338
127 127 52 58 2 -0.000194901659 -4.23867083
26 30 174 209 2 -0.000190491031 -5.16611576
125 131 88 111 2 -0.00255521666 -1.96026075
59 66 86 92 0 -1.68148279 6.10085583
138 138 57 64 2 -0.000111220281 -4.71604538
8 12 18 53 4 -0.00191155996 -4.24139309
131 131 56 91 3 -0.000165458929 -5.13294554
178 178 107 142 2 -0.000111101035 -6.84138441
0 0 0 0 2 -0.0659582391 10.1838818
136 140 202 211 2 -0.00245335954 -3.80734777
158 164 179 183 1 -0.000147218059 -3.87169194
120 120 96 103 3 -0.000158783077 -5.30322075
0 0 0 0 1 -0.274610251 8.86474705
122 126 80 115 2 -0.000152584922 -3.24640107
195 197 81 89 2 -3.00406246e-05 -5.92439413
35 39 47 82 2 -0.00394644635 -2.43902564
0 0 0 0 2 -0.300342262 8.1688633
95 100 69 75 4 -0.000103114435 -3.31682158
108 112 123 158 2 -0.000128982225 -4.73866463
0 0 0 0 3 -0.00362289255 4.86987829
0 0 0 0 1 -0.0138658052 8.19024086
133 134 52 59 3 -5.42397393e-05 -5.2280302
10 14 26 33 2 -0.000130412576 -3.73048091
102 107 33 38 2 -0.000110147441 -4.87986803
13 18 31 37 3 -0.0591890179 0.570437789
88 96 58 64 3 -0.000226011631 -3.90298629
0 0 0 0 3 -0.0128187248 6.54032993
205 210 231 234 2 -0.00286462205 -2.89656901
37 38 56 61 3 -0.00123188074 -5.37411404
82 88 101 108 0 -1.96694909e-05 -4.51271486
0 0 0 0 3 -0.582723856 7.68791485
102 103 116 127 3 -0.000232808889 -4.36963463
49 52 69 77 3 -0.000115631185 -2.81033444
222 225 53 68 3 -0.000377264514 -4.94250774
131 137 61 96 1 -7.22400073e-05 -5.4113121
0 0 0 0 1 -0.141679198 7.01876926
65 65 81 88 3 -5.79351909e-05 -5.29925394
79 83 32 67 0 -8.1062235e-06 -5.07024908
50 50 124 132 4 -0.00127373484 -4.30746508
111 118 43 51 2 -0.000214450556 -4.78169966
130 131 53 88 1 -5.35243416e-05 -4.41558361
98 102 118 120 4 -0.000174280038 -4.08924866
44 49 121 126 4 -0.000183935117 -4.29096699
0 0 0 0 2 -0.0190153085 9.33421135
0 0 0 0 3 -0.37290433 8.14243889
0 0 0 0 4 -0.118166551 8.54922771
30 35 55 90 1 -0.00951835513 -3.82119846
112 112 54 77 2 -0.000211350998 -5.10211897
36 36 48 51 2 -3.45705303e-05 -4.86648846
66 67 74 75 2 -5.14980566e-05 -4.36684513
19 22 38 40 2 -0.000421020319 -3.44398928
118 122 38 73 2 -7.62938816e-06 -5.88811922
0 0 0 0 1 -0.0126411701 6.88086796
82 87 107 115 1 -0.000210993661 -4.67122889
78 79 87 89 2 -5.76967614e-05 -4.49090767
60 61 78 93 2 -1.10864457e-05 -6.15154696
123 123 48 83 3 -3.55242155e-05 -6.44214487
63 68 47 50 0 -5.93655823e-05 -0.858270943
60 62 79 86 2 -2.92061159e-05 -6.96780014
0 0 0 0 2 -0.500224471 8.87900639
73 79 152 160 1 -0.000125881779 -5.05506802
124 124 107 112 4 -0.00286752451 -2.49812555
65 68 129 132 2 -3.25439396e-05 -5.12053108
111 117 92 97 2 -2.41994167e-05 -3.83440447
0 0 0 0 3 -0.090600431 8.57785511
99 101 171 178 2 -3.9100396e-05 -5.6638279
83 86 176 183 2 -0.000218499408 -3.87692833
28 29 37 72 2 -0.000149842919 -3.81501055
91 91 23 46 2 -1.20401137e-05 -7.07223463
0 0 0 0 2 -0.0444037952 8.6169157
72 76 27 62 4 -3.52857969e-05 -3.50616169
0 0 0 0 1 -0.187064871 9.06586933
120 123 60 63 2 -0.000362236256 -4.01017427
0 0 0 0 0 -0.470187068 12.1824884
0 0 0 0 2 -0.0120392097 8.51514149
67 74 182 217 1 -4.93522675e-05 -5.91921902
186 192 111 142 2 -0.00451552728 -2.89677596
55 56 119 123 2 -6.18686609e-05 -3.19216537
111 111 183 185 2 -0.00012492825 -4.91121674
113 113 30 35 2 -0.00161011156 -2.76403356
0 0 0 0 4 -0.0596701056 8.28850651
91 95 85 86 0 -5.25707546e-05 -1.19196522
67 72 41 49 4 -0.163280755 0.795870066
151 154 179 194 2 -0.000928378548 -4.88159275
25 28 41 76 2 -0.000117776188 -3.85232973
124 126 103 109 2 -2.49146578e-05 -4.11566925
0 0 0 0 2 -0.0102041969 6.54360199
106 112 44 79 0 -0.000475246983 -1.32706439
114 118 131 135 3 -0.000139352924 -4.71105814
50 52 64 70 3 -0.000217072928 -4.13286209
54 55 124 132 2 -6.93790353e-05 -4.15684795
136 141 42 50 3 -0.000106690859 -6.41445446
156 159 37 44 2 -0.000226609933 -4.71692467
110 112 45 49 1 -0.000623545609 -5.99448681
60 64 36 40 3 -0.000102995138 -6.05984879
33 35 64 71 2 -0.00022470254 -3.26631856
102 102 69 73 2 -0.000531991711 -1.55271661
64 65 44 49 2 -0.000135419454 -4.16236258
65 65 129 136 4 -0.000394085859 -4.93323088
0 0 0 0 3 -0.037014477 7.73785257
41 48 89 124 0 -7.35514041e-05 -2.6106286
150 151 46 81 1 -6.06771209e-05 -3.24400353
70 71 45 48 2 -2.41994094e-05 -6.05914593
0 0 0 0 2 -0.139529347 7.95740271
39 42 94 129 2 -2.36033666e-05 -6.22843599
177 180 25 56 1 -0.000156517737 -2.95079827
172 175 84 119 4 -0.000244132258 -4.84499454
222 222 75 110 2 -0.00116014213 -5.5260067
0 0 0 0 2 -0.154894397 9.23947811
96 96 68 76 2 -0.000355335098 -3.29860687
28 28 39 44 3 -0.00015031881 -4.54114056
26 28 47 55 1 -0.000186200108 -3.64703631
130 136 96 102 0 -1.0609614e-05 -2.76388741
99 101 117 122 2 -0.000114796363 -4.04321003
92 96 63 70 1 -3.86236425e-05 -5.29391003
51 57 135 142 0 -5.53125537e-05 -3.04542041
0 0 0 0 4 -1.01349306 10.7751818
79 84 92 94 0 -1.3828253e-05 -4.14836836
141 146 54 57 0 -4.37495219e-05 -5.12376451
0 0 0 0 2 -0.0081193503 3.20256138
35 39 55 63 2 -0.000420664757 -3.80747008
100 101 108 112 3 -6.89021108e-05 -5.52957869
47 47 81 87 3 -0.000235905522 -4.96851349
45 50 65 67 1 -0.00641831104 -1.67566526
0 0 0 0 2 -0.637770951 7.47695017
50 54 73 79 0 -0.000102399361 -2.90610099
0 0 0 0 3 -0.00474828668 5.12642765
0 0 0 0 2 -0.0295355748 7.76811934
0 0 0 0 2 -0.0105078518 8.57490158
169 170 96 131 3 -0.000364037813 -5.02535868
98 102 33 39 1 -0.000149007799 -6.06529903
149 150 97 105 2 -4.62529279e-05 -5.35953522
69 69 95 98 2 -0.00028286202 -6.04208851
63 64 92 99 2 -0.000130531582 -3.16554213
165 166 42 73 2 -0.000276078907 -4.9712491
40 45 103 126 3 -6.52068702e-05 -5.23585749
81 88 101 108 0 -3.60008089e-05 -1.82551754
107 112 121 132 0 -7.85580269e-05 -3.26462436
0 0 0 0 2 -0.00585888326 6.74269056
52 55 64 79 1 -0.000179762181 -5.18587589
111 114 72 75 0 -1.41858727e-05 -3.56208968
99 101 115 119 2 -0.000298229948 -3.85643888
39 41 92 127 2 -3.79083795e-05 -5.36692905
29 34 50 58 0 -3.76699209e-05 -4.83625555
161 162 44 79 2 -9.28628288e-05 -4.74097061
168 168 185 196 3 -3.64778607e-05 -6.01535702
136 141 52 87 2 -0.000198000955 -5.70232248
67 67 83 106 3 -8.23726732e-05 -4.32391834
105 105 84 88 2 -0.000140068209 -8.12854671
18 19 61 66 3 -0.000141975703 -4.24404716
85 87 119 127 2 -1.60932232e-05 -5.62967968
57 65 111 146 3 -0.000106094689 -6.40128136
51 55 70 81 3 -2.27689125e-05 -3.7892313
143 152 79 84 1 -6.53255192e-05 -6.33616018
64 66 131 166 2 -9.46504297e-05 -6.22805786
107 111 126 161 4 -0.000340446364 -3.64106297
36 43 103 134 2 -0.000421498262 -3.0932281
0 0 0 0 3 -0.105489552 10.4438934
165 171 41 48 3 -0.00053317094 -4.01266479
116 123 46 81 1 -4.00541212e-05 -5.34030247
0 0 0 0 2 -0.0380675122 6.90272093
131 135 81 88 3 -7.37898081e-05 -4.8250351
142 143 66 101 3 -0.000182742631 -4.12508535
89 89 67 74 2 -4.57760252e-05 -4.89482355
121 124 133 148 1 -7.21207543e-05 -5.6396594
180 184 206 212 2 -0.000370225287 -5.07658863
81 87 110 133 1 -0.000349385431 -3.6121192
0 0 0 0 4 -0.0497867726 8.3607769
59 71 125 131 0 -8.15380554e-05 -3.5596025
90 96 113 117 1 -9.72721391e-05 -4.54562378
157 161 106 141 3 -0.000105855972 -4.70387602
133 136 153 162 2 -0.000734610774 -4.32617188
140 148 169 204 0 -0.000246513315 -4.35989237
45 52 100 135 2 -0.000141259516 -5.8632226
0 0 0 0 3 -0.52504915 9.33242798
80 80 191 222 3 -0.00420604274 -2.81717372
107 107 88 95 4 -0.000185485784 -5.25526381
100 102 78 89 1 -7.35514477e-05 -3.65120649
0 0 0 0 2 -0.844529986 8.08001041
0 0 0 0 2 -0.546184063 9.6749754
98 102 118 153 2 -0.0453453809 -5.55733967
141 150 50 65 0 -2.64643095e-05 -5.2907033
31 32 101 104 2 -1.97886948e-05 -5.16879082
0 0 0 0 2 -0.293870032 6.97262049
138 142 116 123 3 -3.58817815e-05 -5.68483257
62 66 41 45 3 -0.0176427439 -1.98408043
52 58 161 166 2 -0.00122855045 -4.43155527
120 120 136 147 3 -0.0222605411 -2.62247252
0 0 0 0 3 -0.0122798914 5.84784317
45 49 54 60 4 -0.000339000544 -4.33979464
29 29 40 44 4 -0.000949674868 -4.70389462
0 0 0 0 1 -0.00105965685 5.49314451
0 0 0 0 3 -0.592788279 8.73130322
58 66 137 172 0 -5.42398338e-05 -4.70288515
76 79 57 64 2 -1.16824922e-05 -7.40182734
92 93 49 72 2 -2.69412139e-05 -6.31008768
59 62 39 44 1 -6.61606173e-05 -5.48517466
62 65 77 83 0 -1.97886984e-05 -3.92519093
98 102 42 50 0 -1.10864512e-05 -2.56313753
73 73 43 55 2 -0.000163194141 -3.79424405
0 0 0 0 2 -0.00182677736 4.13323498
55 56 70 85 2 -2.76564606e-05 -3.87658048
122 127 11 22 1 -0.000170941552 -5.77261877
94 101 111 122 2 -9.77515083e-06 -9.30481434
50 53 59 66 3 -0.000138161238 -5.78145838
62 69 167 174 0 -7.15249407e-05 -2.56374574
58 58 69 104 3 -3.01598375e-05 -6.17425537
61 61 40 48 2 -0.000188942184 -4.75148869
35 35 100 135 3 -8.21343347e-05 -4.64285755
93 98 113 118 4 -0.000263681606 -0.79543817
54 58 71 106 1 -5.98421648e-05 -7.52949524
76 83 48 63 2 -0.000388835528 -3.49389625
56 58 76 111 2 -1.59740193e-05 -6.04764938
146 152 109 117 1 -4.60144875e-05 -3.27944899
79 82 52 56 1 -0.00021635888 -2.22722125
149 151 43 48 2 -7.98693654e-05 -4.48564005
92 95 111 117 3 -0.000150795066 -4.60188484
127 130 46 77 2 -0.000179881201 -5.34345627
45 48 85 89 1 -0.000105498286 -2.74124146
40 41 82 117 2 -2.96829894e-05 -4.62759018
47 47 66 101 3 -1.57355917e-05 -5.67771721
148 149 55 90 2 -0.00126911479 -3.60265064
92 92 183 218 4 -0.0027166307 -3.97548175
40 43 98 129 3 -0.000270469958 -4.20291805
116 119 63 98 3 -0.000106690757 -8.25853729
0 0 0 0 2 -0.00484379381 7.19838953
135 141 110 113 2 -1.81197611e-05 -6.46187973
55 58 83 106 2 -0.00035664576 -3.03373051
0 0 0 0 4 -0.00264156936 6.26852512
114 117 23 58 3 -1.78813571e-05 -6.52746344
149 156 40 75 0 -7.89155893e-05 -4.4267683
122 126 77 112 3 -6.81871461e-05 -5.32386446
52 59 108 143 3 -0.000853412203 -3.88470554
71 71 96 107 2 -3.17095437e-05 -4.21362114
22 26 31 66 4 -0.000296098005 -4.98254919
57 63 43 45 2 -1.22785405e-05 -4.90169334
59 63 131 166 4 -0.000365590531 -4.31428719
93 94 45 80 3 -6.28227426e-05 -5.16733646
37 37 47 54 4 -0.000332695985 -4.08845854
0 0 0 0 2 -0.168410972 10.2854385
127 130 45 48 2 -7.28361847e-05 -4.22453308
89 92 102 106 2 -1.5616386e-05 -4.99374533
168 168 109 120 2 -0.000129816122 -6.04026604
154 154 45 80 2 -0.000757262576 -1.94039917
69 72 23 58 2 -0.000226966135 -5.16178989
125 127 79 114 1 -4.61337004e-05 -4.43524313
84 88 20 31 1 -7.10479144e-05 -5.88574553
89 89 44 55 3 -9.39358506e-05 -5.54391146
105 113 129 132 0 -0.000209683349 -1.89170873
60 64 140 145 3 -5.93657533e-05 -6.03752565
40 44 82 87 2 -4.60145166e-05 -5.65995026
66 74 35 38 0 -2.24112864e-05 -2.23761153
51 52 62 97 3 -2.70604178e-05 -5.56261444
40 40 53 88 4 -0.000319704239 -3.63701057
0 0 0 0 2 -0.469744444 8.27599335
40 44 54 85 3 -7.47435915e-05 -5.5687747
96 100 41 50 4 -9.50078684e-05 -3.97187352
92 92 122 128 3 -7.15247879e-05 -5.39921236
65 67 81 116 4 -0.000312912511 -2.70296168
100 104 69 73 4 -0.000197286077 -4.02611542
40 48 60 68 1 -4.69682163e-05 -6.37793112
0 0 0 0 2 -0.00281792763 6.93152237
0 0 0 0 3 -0.297373414 6.86861849
110 116 46 53 2 -0.000182503165 -6.07934523
76 78 62 65 1 -7.43859055e-05 -4.03168917
105 110 126 131 3 -7.85579032e-05 -5.20481014
73 75 92 95 2 -1.51395525e-05 -4.45106316
55 61 90 125 0 -3.52856077e-05 -3.94539857
102 103 0 146 3 -2.54159999 2.54414296
0 0 0 0 1 -0.0631096214 7.41929674
107 107 71 76 3 -0.000124213519 -4.50702572
153 157 127 132 4 -0.000147936022 -4.23604727
0 0 0 0 2 -0.990373552 7.66541481
24 31 35 46 2 -7.18824449e-05 -8.28633213
0 0 0 0 2 -0.00502374349 7.10236263
100 100 120 155 3 -0.000103710481 -5.42527151
180 184 38 73 4 -0.00025604965 -3.09468961
32 32 69 73 3 -0.00048133079 -4.27233171
51 58 70 105 1 -3.58818143e-05 -6.81359434
90 90 103 138 3 -4.00541248e-05 -4.77928448
0 0 0 0 2 -0.065409109 9.57683563
91 96 121 156 3 -0.000202650001 -4.52807808
41 44 62 69 0 -2.67027572e-05 -2.77021909
85 87 29 31 2 -0.000185842277 -2.21518278
159 163 109 144 3 -0.00021218507 -4.85793591
0 0 0 0 2 -0.146447971 5.81632662
0 0 0 0 2 -0.00274063251 6.84964609
105 106 74 85 1 -6.32996744e-05 -5.07208586
144 147 182 189 2 -0.00037453408 -1.99855638
0 0 0 0 2 -0.00128898921 5.7859025
119 123 36 71 4 -9.0001864e-05 -2.64629292
53 58 127 158 1 -0.000424121128 -2.61921024
72 76 38 41 2 -4.73257605e-05 -4.8004427
63 66 81 116 3 -4.88754122e-05 -7.1055522
75 82 95 99 0 -0.000202042327 -1.45770693
201 205 133 138 3 -0.000145074402 -6.67444372
88 89 98 105 2 -0.000171300024 -4.4764967
108 111 120 125 3 -0.00221579266 -2.24277329
62 65 84 119 4 -0.000309336203 -3.89851856
51 51 87 90 3 -0.000676813361 -3.84789538
172 173 80 115 3 -0.00055760541 -5.13609171
39 45 100 102 2 -3.49281254e-05 -4.63941765
117 124 132 139 0 -0.000248655124 -3.4148643
27 27 40 71 2 -0.00135299889 -1.02720773
109 109 122 126 3 -0.000368214736 -4.23683929
0 0 0 0 3 -0.424508572 9.02126312
39 39 49 84 3 -0.000242816284 -4.74328327
0 0 0 0 4 -0.00526837911 7.01528883
24 27 40 55 2 -3.11135191e-05 -5.12855816
58 62 100 108 1 -0.000154133479 -4.55661011
56 57 70 101 3 -4.74450317e-05 -5.84534121
58 62 41 48 1 -8.43988964e-05 -6.37709856
122 124 80 103 2 -1.62124197e-05 -6.19914341
109 109 44 55 3 -3.67162938e-05 -6.13656139
63 0 0 0 1 -2.2787044 3.633919
90 90 150 155 3 -0.000313621247 -4.62886667
0 0 0 0 2 -0.0741865188 10.229311
94 98 111 146 3 -0.000276913168 -5.51247263
93 93 70 81 2 -3.57626122e-05 -4.66701984
110 117 51 58 0 -4.82793985e-05 -2.35001898
135 137 156 161 1 -8.92862445e-05 -4.73344946
0 0 0 0 1 -0.028099278 8.16078568
86 90 146 152 3 -7.03328187e-05 -4.62831259
78 81 91 126 3 -6.98558797e-05 -4.91469145
0 0 0 0 3 -0.00744673284 5.32633162
110 112 62 93 2 -0.000244489434 -3.66008115
0 0 0 0 2 -0.515510619 8.94262981
47 53 83 90 1 -0.00069683115 -2.74641919
135 135 115 121 2 -0.000269160577 -3.07273602
120 120 151 155 2 -0.000291924225 -4.35197926
103 112 36 71 0 -1.88350205e-05 -4.57419777
55 56 114 122 2 -2.75372568e-05 -4.74829197
55 55 111 146 2 -4.11269175e-05 -7.384799
84 89 58 73 4 -0.000232332197 -4.23078299
78 84 96 101 0 -3.55240409e-05 -1.42812896
64 70 83 91 2 -6.7948713e-05 -7.02156591
97 101 35 70 3 -2.59875433e-05 -5.48025751
81 81 37 72 3 -0.00345188659 -2.33483529
46 46 60 95 3 -9.84652652e-05 -5.20588636
36 39 91 95 2 -2.19344438e-05 -4.98197699
0 0 0 0 2 -0.0226717684 7.76301765
50 54 113 144 1 -0.000642595987 -3.49128008
118 119 62 65 2 -4.37495801e-05 -4.19930792
22 27 34 69 2 -0.00117310672 -8.25322628
78 78 86 92 2 -9.88231768e-05 -4.68721199
0 0 0 0 3 -0.423653334 8.87731266
39 42 100 135 2 -9.20284874e-05 -6.35779715
208 209 90 125 4 -0.000186914127 -1.2952981
0 0 0 0 2 -0.00416186498 6.17295885
85 86 97 104 2 -5.18556189e-05 -5.50603342
0 0 0 0 3 -0.00636492064 6.06511068
110 110 90 92 3 -0.000269870012 -4.38753128
119 123 86 93 3 -0.000165458056 -4.21508169
135 138 49 57 1 -8.53526144e-05 -4.58374834
125 130 107 110 1 -3.50473638e-05 -5.36491489
62 64 36 44 1 -6.74716284e-05 -3.9728446
100 108 33 68 3 -7.51017615e-06 -7.26589537
0 0 0 0 2 -0.00165095786 5.40937614
53 57 100 135 3 -0.00010823975 -5.65563726
38 41 46 53 3 -0.00995718688 -3.74483347
128 130 54 65 3 -0.000131247361 -6.9506321
26 31 47 53 3 -3.88620465e-05 -4.67461634
51 54 65 88 2 -2.16960343e-05 -7.17488861
46 49 78 113 3 -0.000595588877 -4.4620285
0 0 0 0 2 -0.0158733018 7.88783169
96 101 180 187 3 -0.000265350507 -6.04140806
80 83 34 69 3 -7.21209653e-05 -5.06374884
106 110 160 169 1 -0.00163265574 -3.14903855
0 0 0 0 2 -0.00172646274 5.1009469
125 129 57 63 3 -0.000110147615 -4.27783585
0 0 0 0 2 -0.0512492768 6.63807583
107 107 113 119 3 -8.90483134e-05 -5.03511763
90 97 74 80 0 -3.60009653e-05 -3.59516621
54 58 69 76 2 -1.45435097e-05 -5.81703615
34 39 43 54 0 -9.87032836e-05 -4.83461332
25 28 106 111 3 -0.00471704826 -2.55099177
110 115 194 199 1 -3.37360652e-05 -5.28844976
0 0 0 0 4 -0.00162152317 1.8132112
41 45 59 90 3 -0.000157710194 -5.30879259
126 130 46 69 1 -9.11936804e-05 -3.47424793
0 0 0 0 2 -0.361293823 8.16496944
96 102 78 82 1 -8.9524583e-05 -5.72212887
123 129 107 112 0 -2.12191717e-05 -3.90397048
61 64 77 80 2 -0.0107136136 0.145275414
0 0 0 0 3 -0.0552117638 7.17762518
73 77 48 56 3 -3.01598266e-05 -6.09654808
37 40 86 93 2 -0.000321729342 -3.20144773
76 80 93 100 3 -0.000183573648 -5.69256926
211 214 182 189 2 -0.00266482029 -4.43196201
146 153 76 111 1 -6.94983028e-05 -3.64009142
116 119 140 149 0 -0.000157233299 -2.39590049
67 70 49 52 0 -4.63720753e-05 -1.77543199
44 48 119 142 1 -0.0258703604 -0.0245795175
185 185 46 61 3 -0.000203962205 -4.50004053
0 0 0 0 2 -0.0188213289 8.24344158
113 115 61 64 1 -6.00810017e-05 -5.47119093
0 0 0 0 2 -0.0781090111 9.94735146
0 0 0 0 2 -0.00258711586 5.00007343
89 92 72 75 1 -1.57355917e-05 -5.68902349
231 231 185 220 2 -0.402649134 -0.284116954
145 147 212 247 2 -0.0417084247 -4.48581123
0 0 0 0 2 -0.6029948 9.40598965
67 72 101 136 1 -0.000861787295 -3.24092507
60 66 80 87 0 -2.59875014e-05 -2.58152747
0 0 0 0 2 -0.00707411673 6.77758503
105 113 124 134 2 -0.000226371514 -4.47966719
87 92 64 72 1 -6.67566565e-05 -5.11527872
51 54 66 71 1 -0.55980134 -0.985249758
0 0 0 0 2 -0.604165733 8.44116688
0 0 0 0 2 -0.300191492 8.09107876
44 49 63 69 0 -0.000210517785 1.06956255
0 0 0 0 2 -0.420972258 9.01513958
126 130 60 95 3 -4.78026268e-05 -6.06763029
130 133 150 185 2 -0.000342348707 -7.45890379
26 34 66 74 1 -0.000338631333 -3.50964022
49 51 72 107 2 -2.58683413e-05 -8.33326721
57 61 76 111 4 -0.000175590394 -5.16917419
0 0 0 0 2 -0.138282523 6.72262478
114 118 146 155 1 -0.000212424173 -5.07109833
151 157 169 177 1 -0.000203722739 -3.56364417
99 101 62 70 1 -0.00016224054 -2.81754231
95 99 70 73 3 -0.000128743763 -4.69928789
17 23 28 33 1 -3.00406282e-05 -3.20859885
0 0 0 0 2 -0.0310160518 8.54969597
32 33 93 102 2 -8.86898051e-05 -5.33205652
72 75 93 102 2 -1.28745851e-05 -7.36304855
67 71 50 52 2 -1.84773944e-05 -6.10298586
60 65 98 105 0 -1.26361547e-05 -4.36264133
0 0 0 0 2 -0.311138123 8.97737217
69 76 42 49 2 -7.71276536e-05 -7.91030598
202 206 176 180 2 -7.87959507e-05 -6.38010359
78 82 93 128 4 -0.000289666059 -2.77992415
96 96 113 122 2 -0.00076416292 -0.647334576
75 76 92 127 2 -1.18017024e-05 -6.9633193
63 64 41 48 1 -3.69546906e-05 -4.32405186
100 100 19 26 3 -0.000210635815 -3.73692918
0 0 0 0 1 -0.273792624 8.58753967
143 148 67 102 1 -8.39224376e-05 -3.59637356
0 0 0 0 2 -0.00373970647 7.31748295
129 137 50 57 3 -0.000136015384 -5.81448126
133 139 149 154 0 -4.05309729e-05 -5.09081984
115 119 137 145 3 -0.000135061069 -5.50077868
0 0 0 0 4 -1.35187912 7.3354001
129 130 114 122 2 -1.80005591e-05 -5.50085545
42 43 106 110 2 -0.000373940857 -5.75141144
28 32 82 117 3 -8.5710446e-05 -4.8982482
144 148 74 82 0 -9.0835536e-05 -2.40220809
83 83 39 41 2 -0.000603154709 -1.21919918
27 32 40 75 2 -0.0772459358 -0.700100839
86 91 107 114 4 -6.31804505e-05 -4.90610933
123 130 43 78 2 -1.20401237e-05 -7.12887526
0 0 0 0 2 -0.00313909212 6.27367353
0 0 0 0 3 -0.00901834574 6.2326479
63 63 45 48 3 -0.00047345832 -5.12421131
32 34 102 137 1 -0.000171537016 -3.02933073
0 0 0 0 2 -0.127928436 8.93500423
57 61 176 191 4 -0.000278581894 -3.86572075
105 109 49 84 4 -7.3670737e-05 -3.54061127
109 115 137 141 2 -9.34576528e-05 -7.95351887
0 0 0 0 3 -0.529444873 9.75348377
120 124 101 108 3 -4.0650164e-05 -6.44869375
84 87 63 70 3 -0.000119445431 -3.90099239
46 50 77 112 4 -0.000419591262 -2.81734037
0 0 0 0 1 -0.0013202246 7.46709681
130 133 83 88 0 -6.58028512e-05 -2.68760943
75 78 34 65 2 -0.000336033583 -3.29842877
26 30 62 64 2 -4.0888579e-05 -4.42944574
122 125 60 83 1 -0.000193467466 -5.2571311
30 35 91 96 1 -3.02790577e-05 -5.16491413
55 55 87 94 3 -8.47567571e-05 -5.37900496
185 186 128 163 2 -1.94310596e-05 -8.00545597
165 170 126 141 2 -4.30342334e-05 -5.96860456
92 97 109 112 0 -2.76563969e-05 -3.21369338
116 118 63 69 1 -7.23593403e-05 -3.96433306
77 78 100 104 2 -8.34454841e-05 -6.02462816
0 0 0 0 2 -0.00183123501 5.11110163
25 28 37 45 1 -5.86504357e-05 -5.87278891
0 0 0 0 3 -0.537154138 9.81688976
98 98 109 117 2 -4.29150641e-05 -6.59549952
0 0 0 0 1 -0.00735310977 7.09460068
44 47 108 143 3 -8.96439669e-05 -5.50007868
40 41 100 107 3 -0.000486104924 -5.27046204
139 144 114 120 3 -9.63196653e-05 -5.06632137
109 114 147 178 3 -0.00102135551 -3.59147549
0 0 0 0 1 -0.294810414 8.21022129
95 95 105 140 2 -9.15492346e-05 -7.00250912
34 35 41 76 1 -0.000525132404 -3.64076066
0 0 0 0 2 -0.338234574 6.71719646
147 150 105 128 2 -6.68759021e-05 -3.98015785
101 106 67 68 0 -3.73120965e-05 -3.27496958
172 172 69 76 4 -0.00305320974 -1.80508387
110 115 48 59 1 -3.09942916e-05 -5.3159256
141 143 46 49 2 -1.57355844e-05 -6.20050573
0 0 0 0 3 -0.00868757535 6.01767635
122 124 134 140 2 -0.000680857804 -3.24923038
101 104 34 69 1 -6.32993469e-05 -4.72607279
122 126 91 93 4 -0.000166412385 -4.13953352
66 70 131 134 2 -0.000311358948 -2.1689744
55 62 110 114 2 -6.40148864e-05 -5.64445591
22 22 93 98 2 -0.000251874328 -4.20752239
0 0 0 0 2 -0.40964061 11.5200539
90 93 37 72 1 -0.000352595613 -2.1801784
0 0 0 0 4 -0.289832503 7.82615185
0 0 0 0 2 -0.00184844923 6.05044746
37 38 74 105 2 -0.000356296921 -5.0272584
25 28 118 121 4 -0.000800385023 -4.98173618
160 163 111 146 0 -0.000133988375 -3.38119769
57 64 101 108 0 -0.000102636855 -2.29122329
72 76 110 112 3 -0.000252954138 -4.70760393
50 55 175 206 0 -0.000820428832 -1.75335658
42 44 53 55 1 -0.000348908012 -2.48228741
83 87 190 196 2 -0.00312400935 -3.43672609
0 0 0 0 3 -0.657466471 9.93190575
38 43 96 131 1 -0.00011670329 -3.22365904
52 56 140 151 4 -0.000282991241 -4.4644289
79 84 58 64 0 -6.75902702e-05 -4.67614603
0 0 0 0 3 -0.017014293 8.43221188
140 141 110 125 3 -0.00018775012 -5.98920774
107 113 131 166 1 -3.5881847e-05 -6.22731924
46 47 127 134 3 -0.00153124216 -4.63722849
0 0 0 0 3 -0.00101707212 3.5831604
58 63 144 148 1 -3.00406318e-05 -6.50861073
108 112 132 135 3 -0.000162477882 -3.46238613
52 59 104 111 3 -3.79083831e-05 -5.68662214
123 124 68 71 2 -0.000305521011 -2.64733791
41 46 164 167 1 -0.000255932973 -4.38683891
125 129 141 176 3 -0.000223749317 -5.06321716
0 0 0 0 2 -0.00950059388 7.4935689
75 78 90 125 2 -2.7775659e-05 -6.72845793
99 103 120 127 2 -2.43185914e-05 -6.06400251
89 92 100 105 1 -3.89812412e-05 -5.75637817
0 0 0 0 2 -0.128739506 9.55206966
98 98 48 83 2 -0.000221841707 -3.44079304
68 72 44 47 1 -6.31802759e-05 -3.1829915
0 0 0 0 2 -0.344673276 8.41728687
0 0 0 0 2 -0.284232408 10.18958
104 105 178 213 2 -4.80409835e-05 -5.9445715
59 61 123 127 2 -6.46108747e-05 -5.72677374
0 0 0 0 2 -0.0202268604 8.56485176
91 93 105 107 2 -1.12056587e-05 -5.73927402
106 107 41 76 2 -0.000350457587 -2.15526533
53 53 67 71 2 -4.26767147e-05 -5.09249973
108 112 58 93 4 -0.000144956022 -4.15299225
112 116 60 91 0 -8.08228506e-05 -1.96973062
46 48 66 71 2 -2.84909238e-05 -4.97956467
90 91 106 113 3 -4.62528224e-05 -6.54724503
75 77 51 58 1 -5.32860286e-05 -4.79351282
0 0 0 0 2 -0.131962806 8.45343685
89 91 69 74 1 -5.6027875e-05 -4.95769072
69 73 95 99 4 -7.58162787e-05 -4.68831968
38 40 90 113 2 -0.00310116354 -3.17694449
0 0 0 0 3 -0.127684399 8.54133224
93 98 64 75 1 -6.62796374e-05 -4.87283707
0 0 0 0 2 -0.0133797983 8.1920023
49 50 68 71 3 -0.000154849433 -5.43540239
52 58 133 139 2 -4.27958985e-05 -5.10611534
120 127 52 87 0 -5.6504854e-05 -3.44727087
195 201 138 173 2 -6.15111712e-05 -6.43842554
102 102 118 123 2 -0.000447120809 -4.08174992
0 0 0 0 2 -0.15849641 7.63416433
0 0 0 0 3 -0.00168699957 5.41691685
167 168 56 91 3 -7.35513095e-05 -5.46512413
138 142 108 116 3 -5.85312009e-05 -4.2414217
105 109 34 69 2 -2.0027097e-05 -5.87504768
61 62 98 133 3 -6.10344796e-05 -6.14219284
124 124 47 54 3 -0.000287402829 -4.47895718
0 0 0 0 2 -0.22556448 7.81782103
82 84 110 145 2 -0.000144357822 -6.51764965
35 39 49 52 3 -0.140672624 -6.30319214
87 89 28 39 2 -8.51145523e-05 -5.0080328
47 50 64 72 2 -3.09943098e-05 -5.58869123
45 48 162 168 1 -0.00146173115 -2.34387088
112 112 62 97 4 -0.000449748884 -2.65969396
0 0 0 0 3 -0.119150303 7.8875246
52 56 69 75 4 -0.000144002377 -4.02177668
85 85 101 136 3 -8.28494376e-05 -3.97694278
104 104 114 119 3 -4.32727356e-05 -5.12531662
12 18 23 30 0 -0.00485383347 -1.17597437
44 54 59 63 1 -0.000131246808 -3.74258542
0 0 0 0 2 -0.197225198 9.76732826
45 47 64 87 1 -6.28226844e-05 -4.77978754
143 151 110 125 0 -3.95772768e-05 -4.89984274
0 0 0 0 1 -0.188517883 9.01067162
62 65 24 32 0 -5.28093406e-05 -1.86104512
26 34 99 134 1 -0.000124929444 -4.63993359
107 112 126 133 3 -3.50473711e-05 -6.80496597
126 127 106 113 3 -0.000120279743 -6.88449764
38 43 49 84 4 -0.000150558903 -3.90007329
53 55 81 116 1 -6.9855887e-05 -6.86098957
47 47 115 150 3 -3.6716272e-05 -5.53168297
111 116 130 136 1 -4.08885826e-05 -5.16336727
48 48 58 62 3 -0.000221125374 -5.42061043
0 0 0 0 1 -0.0391729809 7.68768167
52 55 75 106 0 -7.41474505e-05 -3.74681282
88 92 115 126 2 -1.52587581e-05 -5.2677927
147 150 167 173 1 -0.000132318542 -3.75460505
89 89 99 122 3 -0.000388597226 -4.24479532
60 61 75 84 4 -0.00019454486 -3.6893723
176 180 96 131 2 -2.24112482e-05 -7.41788769
117 118 98 107 3 -5.84120571e-05 -6.43128252
0 0 0 0 1 -0.504857481 7.72905636
169 174 76 99 2 -6.48491987e-05 -6.03351498
92 98 124 135 0 -0.000497408793 -1.93208075
137 139 90 125 3 -7.28362938e-05 -7.08681059
173 174 99 122 2 -0.000277149753 -4.95363951
55 59 68 70 0 -3.18287312e-05 -1.40789557
0 0 0 0 2 -0.0112855425 6.93025637
0 0 0 0 2 -0.0121218152 3.77987266
59 61 124 132 1 -0.000331388001 -3.69429255
0 0 0 0 3 -0.00929988362 7.01608419
143 148 34 69 4 -0.00110225962 -3.67200065
44 48 34 37 0 -2.95637929e-05 -3.40127563
0 0 0 0 3 -0.0153155243 6.39141226
0 0 0 0 3 -0.699674189 8.10765839
125 128 150 157 1 -0.000536160893 -4.86971951
34 34 42 53 3 -4.60145602e-05 -5.74200296
0 0 0 0 3 -0.000766559504 1.93681896
0 0 0 0 4 -0.0395550802 7.18867064
184 187 54 89 0 -4.74449553e-05 -3.28955889
0 0 0 0 3 -0.514823556 7.74962425
0 0 0 0 2 -0.175530344 8.32224464
28 32 76 82 1 -0.00160559884 -4.82544899
72 78 112 143 2 -0.000957003562 -2.7132411
60 64 125 127 4 -9.32205439e-05 -4.57223272
115 120 54 66 4 -0.000164743673 -4.17814064
52 59 42 46 2 -3.92196598e-05 -4.2278657
87 90 63 68 3 -2.21728751e-05 -4.86773109
97 103 53 76 1 -2.07423673e-05 -6.31786251
0 0 0 0 2 -0.616297483 9.9841423
30 37 50 85 1 -8.7140681e-05 -4.11338234
0 0 0 0 3 -0.337110251 8.64471531
201 206 146 181 2 -9.53673225e-06 -5.24392128
45 46 60 62 2 -9.08362053e-05 -3.60310102
104 109 43 47 2 -9.96575254e-05 -5.78223467
194 195 148 159 2 -4.47032326e-05 -6.15294552
134 135 91 114 2 -0.000307665177 -3.1186192
84 87 93 99 3 -6.46109838e-05 -4.65534782
56 59 41 43 1 -2.31265312e-05 -4.47388363
85 92 119 121 0 -6.96173956e-05 -2.70923018
138 145 42 65 0 -4.83986951e-05 -3.8002696
92 96 71 75 3 -8.64257599e-05 -4.87426281
148 155 48 83 2 -0.000160213473 -4.06694555
55 60 91 93 2 -6.44917818e-05 -4.81665945
0 0 0 0 0 -0.0863696188 10.2128687
130 136 61 66 2 -0.000106810054 -4.90620327
0 0 0 0 3 -0.751438141 8.22131634
89 92 68 79 0 -2.94445654e-05 -2.91849303
118 118 90 96 3 -4.33919231e-05 -5.86838293
227 228 97 132 2 -0.00028084268 -5.17691517
184 188 136 142 3 -0.000124928454 -4.78693199
22 26 59 68 2 -3.80275669e-05 -5.10803747
0 0 0 0 2 -0.0562861748 10.5609112
118 118 86 93 3 -0.000506130105 -4.3037014
39 42 113 115 4 -0.000367265893 -3.6291647
201 206 60 64 2 -0.000596528698 -3.23585105
0 0 0 0 2 -0.44075653 9.89134502
62 65 76 111 2 -1.16824913e-05 -5.83458805
142 144 92 98 2 -0.000110743567 -4.57377672
109 114 90 98 2 -4.31534536e-05 -7.83854914
74 74 120 155 3 -0.00037870786 -3.95257235
0 0 0 0 2 -0.0371056236 8.74059582
0 0 0 0 4 -0.0383757018 7.268332
55 60 106 141 1 -6.07962538e-05 -6.22850943
123 124 73 108 3 -0.000174278073 -4.62756586
59 63 99 104 2 -4.10077409e-05 -5.51738977
161 165 93 128 2 -1.06096122e-05 -7.44435406
119 120 138 145 2 -0.000131485474 -2.39673352
0 0 0 0 2 -0.149612218 8.2724638
0 0 0 0 2 -0.428053528 8.17122459
124 129 142 149 3 -0.000198120164 -4.05915403
215 218 85 91 0 -0.000268685661 -3.57078099
44 48 66 73 4 -9.2624512e-05 -1.97076809
17 26 30 35 0 -0.000103351071 -5.11135101
142 148 159 165 3 -0.000320175604 -4.47766542
84 91 25 34 1 -8.22534275e-05 -3.77558351
108 112 219 227 4 -0.00252332143 -2.83368087
0 0 0 0 1 -0.0273217671 8.57931137
152 153 130 145 2 -3.71930983e-05 -7.10362244
141 144 56 91 2 -0.000175948546 -3.90753579
0 0 0 0 2 -0.407037348 8.25947762
0 0 0 0 2 -0.288108319 8.11836052
0 0 0 0 3 -0.0592298359 5.67790556
47 50 62 64 4 -5.86505157e-05 -4.3385129
0 0 0 0 1 -0.00396819646 5.65665865
184 188 159 166 3 -0.00213548006 -3.83741426
45 49 52 75 3 -0.0040077162 -3.62435699
118 121 45 76 2 -0.000271786092 -4.3708396
67 67 47 55 2 -1.82389813e-05 -5.18375731
61 63 89 120 3 -0.000149841304 -4.89434862
41 46 86 121 0 -1.27553694e-05 -5.53709602
0 0 0 0 4 -0.00165336649 2.65723801
0 0 0 0 3 -0.517251194 8.42401314
49 58 71 75 0 -0.000270945922 -2.02732444
0 0 0 0 2 -0.0111970603 7.04805183
36 38 139 146 2 -0.00400415203 -3.33349514
84 91 45 50 0 -3.51665731e-05 -2.62554097
43 46 94 97 2 -0.000134584669 -4.42342806
97 105 48 52 3 -0.000717317977 -5.2999649
0 0 0 0 2 -0.170059338 8.84143829
0 0 0 0 0 -0.0483908281 6.79061794
0 0 0 0 2 -0.417876184 7.29965305
123 127 142 150 2 -0.00166227645 -3.34772778
28 32 38 69 3 -0.00193826365 -7.73960829
0 0 0 0 2 -0.611601353 10.6989431
160 161 43 50 2 -0.000235311047 -5.31917429
28 28 38 45 2 -7.93921063e-05 -2.76870203
0 0 0 0 2 -0.0109148975 6.35618353
94 94 35 70 3 -0.000214092579 -6.13627243
119 121 24 59 2 -8.11807113e-05 -3.90028524
96 99 107 138 2 -0.00101821101 -4.87121201
0 0 0 0 2 -0.00905534159 7.83255053
47 53 124 131 1 -0.000292166456 -1.97608364
0 0 0 0 3 -0.0131358281 6.7460289
215 219 80 87 2 -0.000928344263 -5.40328646
77 82 92 115 3 -2.87293151e-05 -5.99418831
93 96 137 148 2 -5.50742589e-05 -5.01895094
115 123 134 169 3 -1.78813589e-05 -6.21847343
105 107 114 122 3 -5.9127342e-05 -4.46406889
58 62 83 91 2 -2.07423636e-05 -4.32794714
57 57 70 77 3 -5.92465076e-05 -4.89351273
78 79 42 57 2 -2.81332905e-05 -6.85057878
88 89 95 130 3 -7.6770033e-05 -6.43310308
93 95 40 48 1 -3.91004141e-05 -4.85985613
0 0 0 0 2 -0.359834462 8.27266407
63 66 26 49 1 -1.63316417e-05 -4.93662214
95 99 112 135 2 -5.09019083e-05 -6.32541323
141 142 56 64 2 -5.90081181e-05 -4.63810301
93 96 71 79 2 -5.55510051e-05 -4.31747389
64 68 116 120 2 -0.000124452068 -3.7712903
125 129 55 90 2 -0.000122902566 -4.78059292
0 0 0 0 3 -0.580637515 8.23713303
75 80 96 107 4 -0.000276318053 -3.71756363
140 143 116 131 1 -9.16709541e-05 -4.96978569
110 116 55 86 3 -0.00371511979 -4.65525055
0 0 0 0 0 -0.0413352326 10.4971495
114 115 33 37 2 -0.000279297237 -3.92614222
55 60 40 45 2 -4.7206544e-05 -5.03658772
96 97 118 133 2 -4.35111215e-05 -4.56160021
14 15 14 22 2 -0.647432804 -6.29728413
107 107 118 123 3 -0.00024401414 -5.17211771
163 163 83 118 3 -0.000196807727 -4.94828415
113 120 135 166 0 -0.000285734452 -3.36758089
48 52 90 113 2 -7.65315417e-05 -5.29069853
61 65 124 139 3 -0.000103114886 -6.65400124
0 0 0 0 4 -0.0515960343 6.63002491
120 128 53 60 3 -0.000117657728 -5.77452421
71 79 111 120 1 -6.84255283e-05 -5.61011124
0 0 0 0 2 -0.31346944 7.17897367
33 37 51 86 2 -3.57626341e-05 -5.22312546
62 66 21 36 1 -0.00135899824 -2.34014058
178 186 82 86 0 -7.71275372e-05 -3.0765388
46 46 63 98 4 -0.000341399485 -3.83680773
22 29 36 71 0 -0.000125406106 -6.16055202
50 58 105 128 1 -0.000125644685 -5.25577927
0 0 0 0 1 -0.804736972 8.96189594
114 118 38 45 2 -1.81197775e-05 -6.39636898
127 133 54 89 2 -1.18017015e-05 -7.59199572
0 0 0 0 2 -0.0801256821 8.14820576
64 65 213 220 3 -0.00176650996 -4.7933135
134 137 37 72 3 -0.000167485006 -5.34856606
0 0 0 0 3 -0.00218616682 4.49524403
110 113 72 80 3 -0.000138637348 -4.84763288
0 0 0 0 3 -0.00602320675 6.24982357
165 173 114 149 0 -5.75772901e-05 -4.57402897
126 127 210 245 2 -0.00245939521 -6.89531898
105 106 115 126 2 -0.0041941572 -1.70061064
0 0 0 0 1 -0.00341821415 6.17306852
85 87 96 131 2 -6.54452451e-05 -3.5032506
48 48 85 120 2 -0.124253094 -1.81028211
108 115 125 131 1 -2.49146669e-05 -4.44390202
40 45 54 89 2 -0.000110742396 -7.2130332
140 140 72 78 3 -0.000133511494 -4.8611412
119 123 80 95 3 -1.34706224e-05 -6.56959343
36 40 68 75 2 -1.14440736e-05 -5.93397331
152 154 119 128 2 -1.81197593e-05 -6.79992819
87 87 98 102 3 -4.13654197e-05 -5.73647976
101 106 152 156 0 -5.71006531e-05 -2.52686906
0 0 0 0 3 -0.810704827 8.64242554
47 53 57 64 2 -0.000637450488 -6.88593674
89 93 127 132 1 -0.000540338631 -1.62962055
107 111 60 95 3 -0.00332352892 -4.45056677
0 0 0 0 2 -0.0132919196 8.93826389
108 113 53 88 3 -6.23459127e-05 -4.96124983
0 0 0 0 1 -0.01773737 9.04792881
146 149 125 131 2 -0.000296460988 -4.34992552
112 118 53 76 1 -0.109524757 -4.35209084
70 75 144 179 2 -9.62004851e-05 -6.58947372
56 59 83 118 2 -9.54850839e-05 -5.27284575
132 137 69 104 1 -2.13384046e-05 -5.81820345
42 42 47 54 4 -0.0051722005 -3.90375924
0 0 0 0 1 -0.225876927 8.4575491
25 29 46 52 1 -5.84121262e-05 -4.04195547
147 148 92 127 2 -1.72852888e-05 -7.22285843
129 133 29 64 2 -0.000123379636 -3.77666473
114 116 128 134 1 -9.75119838e-05 -5.61023855
50 53 134 137 1 -0.00242890813 -3.43727732
0 0 0 0 1 -0.0778572038 7.38331032
114 114 173 177 3 -3.94580711e-05 -5.84957981
111 117 44 51 0 -2.06231471e-05 -3.28231502
69 72 24 59 4 -0.0028481842 -2.77070284
0 0 0 0 2 -0.0639057532 8.49800396
48 51 76 111 2 -8.84522306e-05 -3.56740165
132 133 70 78 2 -0.000135537455 -3.35404325
70 73 153 159 3 -0.135357767 0.481942385
153 161 49 80 1 -0.00164964213 -2.23312998
74 78 91 126 1 -4.79217961e-05 -4.80215073
84 89 63 71 0 -8.82147469e-06 -3.88774896
105 107 51 74 2 -0.000273932441 -6.22772026
94 99 109 115 3 -6.46108529e-05 -5.62187433
166 167 50 58 2 -0.000457140908 -2.60829473
25 28 140 175 3 -0.000368454523 -4.16611338
0 0 0 0 2 -0.830108404 7.57156754
109 110 129 136 2 -1.84774017e-05 -4.66093206
71 75 89 100 3 -0.00013565761 -5.50147676
0 0 0 0 4 -0.0555415936 8.47792053
72 75 85 120 4 -0.000273456011 -3.06755257
119 123 101 108 0 -1.95502762e-05 -2.23808742
0 0 0 0 2 -0.00303795817 7.30580902
35 39 121 124 3 -0.000200859824 -4.54815197
116 124 130 138 0 -2.61067435e-05 -4.07017279
71 71 47 55 3 -5.3286225e-05 -5.25769854
37 37 68 75 2 -0.00035284381 -3.5957787
94 97 131 166 2 -0.00108091778 -6.10888863
140 140 103 126 2 -6.77103089e-05 -6.537992
44 44 54 89 4 -0.000396710355 -3.9723351
41 44 59 66 2 -2.14576212e-05 -4.93760633
44 48 183 185 2 -0.000147814135 -3.37355781
159 164 63 68 2 -0.000318033708 -4.17957592
0 0 0 0 2 -0.00217096065 3.95664406
36 41 95 130 3 -0.000635654549 -4.47117805
87 93 139 147 1 -0.000692414527 -1.52025616
97 101 109 116 2 -6.09154558e-05 -4.10775709
64 64 82 87 2 -0.00185456336 -1.90076268
0 0 0 0 2 -0.00287309196 6.11475277
192 192 147 151 4 -0.00241105095 -3.45031667
69 69 49 57 3 -4.20805882e-05 -5.50406837
0 0 0 0 2 -0.0893210992 8.59126949
0 0 0 0 0 -0.0835290402 10.0074587
0 0 0 0 2 -0.00223825523 5.73396349
0 0 0 0 3 -0.584945738 5.05583286
101 103 116 123 3 -4.42263845e-05 -6.58939028
66 66 78 82 3 -0.000392772024 -4.34570312
0 0 0 0 3 -0.740598679 8.95330048
0 0 0 0 4 -0.72361654 10.1869783
117 117 33 68 4 -0.000358563586 -4.58708906
89 93 55 61 2 -3.26632289e-05 -4.43153715
14 18 23 31 4 -0.00665093772 -4.94985247
154 158 128 135 3 -0.000214092419 -4.56563711
44 48 79 83 3 -0.000182386255 -5.33562756
119 120 63 65 2 -0.000131127177 -3.11588693
87 92 105 111 3 -0.000151153756 -4.17445755
0 0 0 0 2 -0.439563125 8.00690556
94 99 149 184 0 -0.000284289883 -3.61303639
28 30 47 51 2 -7.84380536e-05 -8.73260498
102 105 24 59 2 -0.000302300905 -2.69279194
0 0 0 0 1 -0.00460351678 6.84389067
54 61 120 122 2 -8.17763867e-05 -4.71924925
0 0 0 0 3 -0.0983406082 8.90297794
57 61 70 93 1 -2.76564624e-05 -5.38318014
81 84 50 61 0 -3.9577164e-05 -3.13316917
182 182 128 163 2 -0.000143048295 -6.0461235
98 103 50 58 3 -5.24517345e-05 -5.23711634
101 104 20 27 3 -0.000409105676 -4.98989296
153 157 77 112 4 -0.000252476952 -4.06529474
52 58 135 170 1 -0.000118491371 -5.0568428
112 114 128 130 3 -8.96442943e-05 -5.21404886
95 96 120 135 3 -0.000230543359 -4.03153658
107 113 124 131 2 -1.97887002e-05 -7.72711134
73 73 80 95 3 -0.000333287462 -4.92418146
83 87 106 113 1 -0.00188982044 -0.73819524
105 109 124 128 2 -2.98021914e-05 -4.77312851
78 78 101 106 3 -0.000631615752 -3.73868632
70 70 48 56 3 -3.50473201e-05 -6.16343164
0 0 0 0 3 -0.425378084 9.68197823
62 62 72 83 2 -6.29418355e-05 -7.25738525
43 49 85 100 2 -8.10608326e-05 -6.37856722
92 97 112 114 1 -0.000137445124 -3.44636583
99 107 54 62 3 -2.07423673e-05 -5.27356434
129 129 61 96 3 -0.000114200942 -4.74401569
102 106 154 163 4 -8.7260014e-05 -4.37186956
68 71 107 118 3 -4.11270303e-05 -6.14731312
96 97 108 123 3 -4.36303744e-05 -5.29853916
50 58 79 86 1 -0.000197046786 -4.42592764
103 110 46 81 2 -2.39609853e-05 -7.85506535
55 58 83 90 2 -8.49952121e-05 -6.32293797
65 69 78 85 3 -0.000112412919 -5.12895966
164 168 99 134 3 -0.00025867435 -4.55844736
107 114 71 94 1 -0.000112174122 -5.09922647
138 145 47 82 1 -5.68623509e-05 -4.25931072
67 71 99 104 2 -5.24516436e-05 -4.49812078
183 183 112 147 3 -0.00180802471 -4.45423841
57 64 104 108 0 -1.56163787e-05 -4.84997463
114 114 129 136 3 -0.000263201917 -4.69640303
116 116 125 132 4 -0.00011849236 -5.08781147
67 71 94 100 2 -2.43186187e-05 -5.28192902
108 110 124 139 3 -0.000134821152 -7.24484396
155 159 75 82 2 -3.57625904e-05 -4.00345182
0 0 0 0 2 -0.00138951582 5.59585094
106 107 51 86 3 -0.000129220032 -5.10879087
79 80 23 58 3 -1.96694855e-05 -6.91139078
48 53 79 114 2 -1.60932213e-05 -8.03295422
0 0 0 0 1 -0.00764451362 5.11495924
136 140 73 108 1 -5.35245963e-05 -4.35025883
33 41 134 169 0 -1.96694928e-05 -3.09490705
0 0 0 0 3 -0.018016316 1.09961176
0 0 0 0 0 -1.48716772 7.08791685
0 0 0 0 3 -0.0381827764 5.04726744
51 56 90 125 1 -0.000672434922 -2.8875556
78 81 48 63 1 -5.8650352e-05 -2.39515519
70 71 81 92 3 -4.6968089e-05 -4.14773798
67 70 87 102 2 -5.86503375e-05 -5.74721193
0 0 0 0 2 -0.00635504397 7.57465315
152 152 73 96 3 -0.000633281423 -4.01423168
48 51 36 38 1 -0.000135060662 -5.62672377
0 0 0 0 2 -0.795140743 8.34051514
64 65 81 112 1 -3.94580711e-05 -6.26163483
0 0 0 0 3 -0.00280278898 3.58141279
19 21 25 60 2 -0.000102995029 -6.21348238
101 104 116 139 3 -6.63986575e-05 -6.39837551
63 67 81 116 2 -4.60145493e-05 -8.6406765
130 130 170 178 3 -9.59616664e-05 -5.25524521
56 59 21 44 1 -2.88485353e-05 -6.08992863
66 74 98 102 0 -0.000286448165 -1.27276278
104 110 58 61 0 -2.59875524e-05 -3.53366899
208 213 99 103 0 -0.642646492 -1.64414573
35 37 64 99 2 -1.15632865e-05 -6.36920071
19 20 41 46 3 -0.000101803496 -6.90335989
81 86 31 66 3 -3.24247849e-05 -5.32604647
108 108 101 103 2 -0.000237692933 -3.06957388
52 54 70 72 1 -0.000438056217 -2.81511188
157 160 60 71 1 -5.9127131e-05 -3.85471702
50 53 111 146 0 -2.729882e-05 -4.70453548
99 100 68 76 2 -1.99078913e-05 -5.08891964
56 56 39 41 3 -9.58425808e-05 -4.5965395
99 102 85 89 1 -7.67699676e-05 -4.42724085
73 79 26 61 1 -1.63316436e-05 -4.53783655
144 149 39 46 2 -0.000169034945 -3.57286644
78 84 63 68 1 -0.000101207028 -6.57117939
50 53 110 117 2 -2.19344529e-05 -6.35865307
176 177 197 201 2 -4.10077628e-05 -7.37375879
115 118 93 100 2 -0.000113724105 -3.45484018
12 13 18 23 4 -0.000599918771 -3.65272164
12 16 20 35 0 -0.00015282075 -6.08064461
78 82 38 61 4 -0.000106452288 -4.7572732
93 98 41 47 3 -1.78813571e-05 -5.75993633
57 57 70 105 3 -0.000128028303 -6.28523159
119 120 76 107 4 -0.000533421058 -2.94911909
29 29 37 60 2 -0.000104783496 -4.87823439
47 51 62 69 4 -0.000175114488 -3.54578829
64 64 167 172 3 -0.000357489218 -5.44491768
65 68 80 83 2 -2.81333123e-05 -3.97877908
85 93 161 184 2 -2.07423327e-05 -6.54667521
112 120 47 51 1 -9.19091108e-05 -6.00486851
48 49 131 136 4 -0.000291932287 -4.4876318
53 58 78 93 3 -0.000161044562 -5.37380743
53 57 67 78 3 -1.88350168e-05 -5.41579294
44 48 57 65 2 -7.46243677e-05 -4.55332327
44 49 53 84 1 -0.000742083997 -1.0571636
71 74 45 49 1 -5.54318176e-05 -4.98163271
38 38 42 49 2 -0.00406690873 -6.30058765
104 106 56 91 2 -2.24112864e-05 -4.5471468
47 56 68 103 0 -6.31808734e-06 -3.74956393
50 51 39 44 2 -9.91807756e-05 -3.77091646
61 66 74 109 3 -0.000224583055 -4.44809532
43 50 86 89 0 -2.64643022e-05 -3.12253404
130 131 52 57 3 -9.53663912e-05 -5.0592103
40 40 58 65 3 -0.000174279019 -6.87231159
65 65 82 117 3 -5.47165982e-05 -4.63071394
43 46 58 66 2 -1.85966092e-05 -5.8174324
49 52 84 119 2 -0.000110623245 -3.81124401
90 94 63 74 2 -3.21863554e-05 -4.18531609
37 37 68 103 3 -0.000189058919 -4.92436981
101 109 84 91 0 -1.50203377e-05 -3.85329866
87 88 99 103 3 -8.2729719e-05 -4.83164644
129 129 110 114 3 -0.000359396246 -4.65764236
21 21 55 62 3 -0.000429484266 -4.34047937
29 29 42 73 3 -0.000485146535 -4.55615473
5 5 8 43 3 -0.00151596311 -3.93711138
52 52 113 136 3 -0.000126121435 -6.61121416
110 110 122 124 2 -0.000167365448 -3.20269728
37 37 93 104 3 -8.91675299e-05 -5.58371687
26 26 30 37 2 -0.0139646474 -1.11141026
94 94 105 120 3 -0.000104187238 -4.66032982
122 125 53 60 2 -9.22669351e-05 -3.81194115
111 114 88 91 2 -4.21998629e-05 -5.42484713
76 76 88 123 2 -4.66104902e-05 -6.02606821
68 71 112 119 2 -4.06501204e-05 -5.48379421
57 57 40 47 2 -7.96308232e-05 -3.89852357
118 119 69 104 1 -3.32592172e-05 -4.96069336
57 57 77 112 3 -3.85043531e-05 -6.81567526
64 64 153 188 3 -0.000192517415 -5.90414
122 128 22 53 1 -0.000150796579 -2.88912511
80 83 57 61 2 -7.48628227e-05 -4.25002384
122 122 71 106 3 -4.73256368e-05 -5.37575626
48 48 107 114 3 -0.000129220629 -5.34875298
86 92 101 108 1 -0.000204673677 -3.27127647
99 101 57 92 2 -0.00212679314 -3.8448813
82 85 100 123 2 -1.82389704e-05 -7.40768385
17 21 42 48 2 -0.000458295573 -6.3459506
52 57 70 77 1 -0.000274051388 -4.90770531
85 86 65 70 2 -4.08884807e-05 -4.61034632
149 152 97 104 2 -1.7166105e-05 -4.6761837
39 40 61 72 2 -3.82659891e-05 -5.11107731
0 0 0 0 3 -0.00785156339 5.78815317
0 0 0 0 3 -0.0238666683 8.25895309
0 0 0 0 2 -0.385089338 8.38987064
0 0 0 0 3 -0.00991101097 6.34293938
0 0 0 0 2 -0.550539851 7.3944025
0 0 0 0 3 -0.0136901988 9.00824928
0 0 0 0 2 -0.00272429758 8.15606594
0 0 0 0 2 -0.0661613494 9.82410717
0 0 0 0 3 -0.0360400155 7.38195848
0 0 0 0 2 -0.565135241 9.76726437
0 0 0 0 2 -0.575147748 8.53841686
0 0 0 0 3 -0.819797635 8.86347866
0 0 0 0 2 -0.0141074229 8.15836048
0 0 0 0 0 -0.0989256576 9.96556187
0 0 0 0 3 -0.353560209 8.80156898
0 0 0 0 3 -0.0395427831 8.76213932
0 0 0 0 2 -0.00684177037 5.71321821
0 0 0 0 2 -0.00988357887 8.34940147
103 103 116 119 2 -0.000173560606 -6.99746656
80 85 102 109 1 -2.6583577e-05 -5.00898075
40 48 89 93 0 -0.000112649635 -2.75791931
22 25 29 64 2 -0.000794766995 -4.60595989
132 133 39 74 1 -9.7034208e-05 -4.2474761
125 129 50 85 3 -5.31669793e-05 -5.14709902
79 83 66 74 1 -0.00010228013 -3.54803705
52 54 114 149 1 -0.000571924611 -3.03679299
43 46 22 33 2 -9.8346085e-05 -5.05670977
131 134 166 172 3 -8.84521578e-05 -6.99318552
121 128 139 147 0 -4.07693115e-05 -3.84207225
68 69 142 147 2 -0.000132439163 -3.45811653
124 125 73 108 2 -3.21863554e-05 -7.84714365
35 39 49 53 0 -2.50338326e-05 -3.5457015
158 164 98 121 0 -2.03847267e-05 -4.65647459
50 54 68 91 3 -0.000115392351 -5.70559549
55 56 67 82 3 -0.000125167557 -4.8144145
49 54 163 186 1 -8.86907001e-05 -3.6249752
48 48 61 84 3 -0.00018417128 -6.32915401
149 156 228 236 0 -0.00120788487 -2.08858109
115 121 93 100 1 -3.61202547e-05 -6.08932877
95 98 136 151 3 -0.000120755089 -4.75671816
46 49 59 62 4 -0.00015687618 -3.25479341
56 59 81 116 1 -0.000382159778 -2.64336681
115 120 67 102 1 -3.13519267e-05 -6.54524565
145 149 92 127 4 -0.000149246654 -1.96959698
83 87 64 75 4 -0.000246633397 -2.22206783
41 41 53 84 4 -0.000672261638 -3.55650663
20 24 111 114 4 -0.000271548925 -1.83260942
0 0 0 0 3 -0.81388098 9.53859138
0 0 0 0 1 -0.00919912104 3.57249427
31 32 47 82 1 -3.56433848e-05 -7.09379721
104 110 57 92 0 -3.74315059e-05 -4.51304722
0 0 0 0 1 -0.483920217 9.34451294
0 0 0 0 3 -0.0614181459 8.23567581
173 175 59 70 2 -0.000153299115 -5.61504173
50 52 60 64 1 -2.01463135e-05 -5.21770668
43 45 79 114 1 -2.08615784e-05 -5.41316462
30 33 45 50 0 -5.48355783e-05 -2.39528441
140 148 60 64 0 -1.29937935e-05 -4.40671921
52 55 0 0 2 -2.04931283 2.48520994
45 48 120 128 2 -0.000198834619 -3.69171166
132 134 108 112 2 -3.21863517e-05 -5.25871706
93 96 30 37 0 -1.82389667e-05 -5.64042807
126 130 30 65 3 -2.88485535e-05 -6.09204292
0 0 0 0 3 -0.00867788214 6.94173145
50 52 91 96 2 -5.61470115e-05 -4.06239748
33 36 88 90 1 -7.85580487e-05 -7.44413328
0 0 0 0 1 -0.0247757994 7.61086941
10 11 21 26 2 -0.000537714572 -2.32402992
30 33 101 107 2 -0.000147220024 -2.54994583
25 31 92 97 1 -8.42799054e-05 -3.46646047
112 116 136 142 1 -0.000124571467 -3.02519178
123 125 29 35 2 -0.00018441226 -3.65906191
140 145 58 64 2 -0.000260820379 -4.76874971
0 0 0 0 3 -0.0333000645 8.08701229
88 94 104 108 3 -2.51530473e-05 -6.16757631
0 0 0 0 3 -0.552477479 8.40695953
122 130 43 78 1 -8.97634163e-05 -3.396734
133 134 152 187 2 -0.000621263287 -5.62169695
34 37 98 109 2 -6.13922166e-05 -5.65750837
62 70 80 83 0 -2.59875269e-05 -4.38745022
78 78 91 94 3 -0.000854145386 -4.07072687
57 60 100 135 3 -0.000136371746 -4.98219585
97 101 47 82 3 -0.000252473983 -3.80571365
47 49 30 36 2 -3.02790577e-05 -4.45659304
140 142 48 83 2 -6.71141679e-05 -4.24639845
0 0 0 0 4 -0.000436282891 1.47220814
42 48 79 94 3 -0.000141856726 -4.8014431
64 71 78 82 3 -6.29418864e-05 -5.20832777
91 95 108 115 4 -0.000203604388 -3.37434959
110 113 34 49 1 -4.39877658e-05 -6.18885326
144 144 98 133 4 -0.000290620665 -3.84193087
0 0 0 0 2 -0.0113976244 7.73925877
96 97 44 46 4 -0.000265232084 -4.59947538
68 68 95 103 4 -0.000998356729 -4.54959917
105 105 55 90 3 -0.000140783421 -4.41036415
118 120 187 192 2 -7.22399418e-05 -5.16115332
99 102 79 89 2 -0.000446413003 -3.83598518
61 61 78 89 3 -2.78948501e-05 -5.70313787
127 130 183 194 3 -0.000166770522 -7.67204523
128 134 47 54 0 -2.4676192e-05 -2.24593711
106 106 113 118 3 -8.72602031e-05 -4.08055639
133 138 56 91 3 -4.38687348e-05 -7.34410429
107 113 126 133 1 -5.32861595e-05 -4.9278636
50 54 68 75 1 -7.70083279e-05 -4.29773426
135 142 73 79 0 -1.63316327e-05 -5.5462656
221 231 128 134 1 -0.00204265467 -2.36001635
90 94 50 53 2 -1.3113e-05 -5.84911251
127 128 53 84 2 -0.000241628994 -5.19044352
49 54 61 96 1 -7.96301902e-05 -4.60753822
0 0 0 0 3 -0.717288673 7.84621382
0 0 0 0 2 -0.302829057 9.23839188
0 0 0 0 2 -0.153682262 8.98296165
86 90 48 56 3 -1.33514195e-05 -5.77630901
117 122 38 69 3 -0.000124095037 -4.72165728
0 0 0 0 2 -0.265551627 7.93228483
59 65 117 148 0 -0.000177736569 -4.86667871
31 39 154 189 3 -0.00103850791 -5.21459055
63 67 82 89 4 -0.000239242305 -4.39913177
0 0 0 0 2 -0.00443743775 5.51204157
0 0 0 0 1 -0.00213902351 5.81916237
147 150 121 127 2 -0.000153777044 -4.11521912
147 147 68 75 2 -0.0001584251 -4.68959999
74 74 61 68 2 -6.21075087e-05 -4.74623966
0 0 0 0 2 -0.0922337994 6.91238832
95 95 45 51 3 -0.000351878291 -5.02687502
201 202 32 67 2 -0.000444267062 -4.0020957
0 0 0 0 1 -0.00739456294 4.46932745
37 38 85 90 4 -0.000383120467 -2.32434702
106 111 57 92 1 -3.43320789e-05 -5.74146271
44 44 59 64 3 -0.00113120535 -3.53001189
25 29 34 42 4 -0.000132319445 -5.32045364
119 123 136 151 3 -0.000170463667 -4.82926702
127 133 83 114 2 -4.6372119e-05 -7.00026178
113 115 89 96 1 -8.59484717e-05 -5.8407917
0 0 0 0 3 -0.133639082 7.32184315
121 126 135 139 4 -0.00118734501 -4.82951975
110 112 70 105 3 -0.000307783775 -7.95440674
157 161 109 144 3 -9.71542904e-05 -4.87912989
0 0 0 0 0 -0.0721523762 10.1549377
25 30 87 91 2 -5.94849444e-05 -5.11191463
0 0 0 0 3 -0.794943035 9.0658989
102 104 147 178 3 -0.00752790552 -2.8888576
31 34 39 50 2 -0.000160451949 -7.6080966
205 205 40 75 2 -0.000235550106 -5.32781124
0 0 0 0 2 -0.277659684 8.70745373
52 55 70 93 3 -0.000195737011 -5.01781511
182 188 24 59 1 -0.000120518562 -4.0794735
126 131 109 114 1 -3.36168305e-05 -7.46162891
94 97 47 52 4 -0.000105737316 -4.52442503
50 55 77 112 2 -0.00012111455 -7.64381599
52 59 70 77 2 -0.00972641259 0.266625285
142 146 179 214 2 -2.99213298e-05 -7.87238121
17 21 82 85 0 -2.27689125e-05 -4.18684864
62 69 111 117 0 -0.000151268148 -1.9168359
93 97 112 147 2 -0.000292407232 -3.08841944
45 49 97 100 2 -0.00034163805 -0.922574818
66 71 85 116 1 -7.73660358e-05 -4.62779427
54 59 142 177 4 -7.82003481e-05 -3.94114447
120 124 67 75 1 -8.0346028e-05 -4.05863476
120 126 61 96 4 -0.000129816806 -4.19344807
84 86 71 78 1 -0.000164385565 -2.82096529
79 82 58 64 2 -0.000137444455 -5.81969976
102 102 111 116 4 -8.8451925e-05 -5.46275902
94 99 129 134 1 -0.000293839257 -3.0062356
160 164 145 149 0 -4.82794276e-05 -3.50103831
91 94 48 71 2 -1.3113e-05 -5.6704073
63 63 127 142 2 -0.000506962067 -5.82061768
85 90 99 134 2 -6.19883795e-05 -5.98484325
103 111 48 55 0 -2.93252542e-05 -2.95491076
112 115 172 178 2 -5.18553097e-05 -5.42675686
76 79 92 99 0 -2.15768268e-05 -2.30726719
22 26 53 61 4 -0.000516950735 -2.69988322
106 110 125 140 2 -2.41994076e-05 -6.72149181
79 84 66 68 2 -3.492818e-05 -3.36253881
89 90 48 52 4 -0.000305400841 -4.35256147
0 0 0 0 3 -0.0059722974 7.16189957
62 66 153 161 2 -0.000227324665 -5.68612146
0 0 0 0 2 -0.0485969745 9.6699152
0 0 0 0 3 -0.803712666 8.85916424
0 0 0 0 3 -0.47754544 9.45180225
34 34 45 49 2 -0.000235788146 -4.43837595
97 103 34 69 3 -8.1180624e-05 -4.20683336
0 0 0 0 2 -0.00136291294 6.11921549
0 0 0 0 3 -0.465358704 9.22429848
95 105 25 33 0 -7.29550738e-05 -1.95781887
50 58 86 109 0 -0.00049526908 -2.39930511
147 151 164 167 4 -0.000955201976 -3.25269413
61 64 164 195 2 -0.000114320021 -6.12435102
45 53 57 59 2 -0.00258120662 -1.28314149
105 110 54 58 0 -6.18688427e-05 -1.45946038
83 83 58 63 2 -7.64123251e-05 -5.03715754
196 200 21 56 2 -8.7856024e-05 -5.45356274
93 99 128 151 2 -0.000172371161 -5.54361868
0 0 0 0 0 -0.149881959 7.09986258
50 52 126 131 2 -0.000686818559 -4.18255424
7 11 17 52 4 -0.00195781724 -4.37063408
151 152 33 68 3 -0.000112172645 -5.72366285
109 112 59 94 2 -1.06096131e-05 -8.59005356
0 0 0 0 2 -0.0302970577 9.37928009
136 142 105 111 2 -0.000265112292 -4.75545645
141 144 58 65 1 -6.28228299e-05 -5.36111784
116 116 65 71 3 -0.000104902727 -5.38548326
34 36 98 133 2 -8.92854587e-05 -5.96782923
39 41 55 90 2 -6.16304606e-05 -5.03357172
145 145 170 172 2 -8.92861135e-05 -5.1018815
28 30 38 73 2 -0.000142213656 -5.74063826
0 0 0 0 2 -0.374385685 8.17117786
84 88 57 64 4 -5.28094097e-05 -3.44142914
110 112 123 158 2 -0.000194305379 -4.92167521
0 0 0 0 3 -0.00332057988 5.01151037
0 0 0 0 1 -0.0173151176 8.73445988
57 58 73 104 3 -0.0002690455 -3.49294043
10 16 28 32 2 -0.000161643737 -3.89659095
53 58 31 38 2 -2.55106934e-05 -5.56677008
14 18 31 36 3 -0.00522088772 -3.47397876
89 93 59 65 3 -6.9498361e-05 -4.52821302
0 0 0 0 3 -0.0312280413 8.17643833
186 186 207 213 2 -0.0169424247 -3.46825767
164 164 66 74 3 -0.000295149308 -4.78538752
82 89 51 59 0 -1.76429276e-05 -3.67345142
0 0 0 0 4 -1.01789832 7.84216499
103 103 127 142 3 -0.00050124235 -3.98984003
0 0 0 0 2 -0.298921734 9.34392738
213 218 135 166 3 -0.00691472599 -4.1459856
133 136 81 116 1 -7.43855635e-05 -4.8131218
0 0 0 0 1 -0.238724366 7.00874043
100 102 145 156 3 -0.000108120963 -5.47598219
22 25 73 108 0 -1.31130037e-05 -4.25839472
108 109 147 155 4 -0.00171635952 -4.15439701
53 61 35 38 2 -9.7392076e-05 -4.62695789
140 145 85 120 1 -7.54580687e-05 -4.12452602
119 123 47 51 4 -9.85847728e-05 -3.39595699
106 109 89 94 4 -0.000186558318 -4.62560844
0 0 0 0 2 -0.019991938 9.35908699
0 0 0 0 3 -0.602235436 8.20452499
0 0 0 0 4 -0.030736452 7.35339117
31 35 55 90 1 -0.00100610126 -5.08926868
77 77 54 61 2 -4.32726592e-05 -5.23237514
94 95 34 40 2 -1.07288215e-05 -6.00289011
63 64 44 46 2 -4.24382961e-05 -4.37711
19 22 38 45 2 -0.000256050494 -2.50685859
92 94 39 74 2 -1.41858773e-05 -3.37041211
0 0 0 0 1 -0.052368205 8.54420853
44 47 117 122 1 -0.000151034794 -4.66484594
56 60 108 113 2 -0.000392653892 -4.51182365
128 130 67 82 2 -3.94580675e-05 -5.41295719
162 162 48 83 3 -1.8954237e-05 -6.83136368
62 65 93 98 0 -4.31535263e-05 -1.32119
133 137 154 163 2 -1.87158021e-05 -7.86566496
0 0 0 0 3 -0.126761705 8.0097847
101 106 135 141 1 -0.00109567866 -2.66376901
69 69 130 137 4 -0.00182955153 -3.63157701
47 47 128 132 2 -0.000177020745 -1.4321152
55 59 92 100 2 -3.29016293e-05 -3.2563231
0 0 0 0 3 -0.62473321 8.14332104
94 94 111 113 2 -9.52468617e-05 -5.29887533
60 62 84 92 2 -2.0027117e-05 -4.86510706
13 13 21 56 2 -0.000253787206 -3.77832294
49 51 96 127 2 -3.17095291e-05 -7.7983737
0 0 0 0 2 -0.0292923786 8.22625637
31 34 66 101 4 -0.000150677821 -3.39421463
0 0 0 0 1 -0.0857291147 8.01206875
103 104 56 61 2 -0.00655582175 -1.88467717
0 0 0 0 0 -0.835970938 12.3408289
0 0 0 0 2 -0.100505628 9.90038013
126 134 189 224 1 -0.00191846804 -4.05949545
171 176 73 96 2 -0.000689673703 -3.03761697
120 123 90 98 2 -1.41858827e-05 -7.90503502
74 75 174 176 2 -0.000108477754 -5.99846697
129 129 81 85 2 -0.00010168388 -5.83174515
0 0 0 0 4 -0.0920281187 8.50616264
96 100 68 76 0 -9.87024541e-05 -1.48803961
44 48 23 26 4 -0.00022088844 -3.55707979
69 69 124 135 2 -8.59490028e-05 -6.5518775
30 32 45 80 2 -0.000165696169 -3.34401226
93 94 76 78 2 -9.25048153e-05 -4.67489481
0 0 0 0 2 -0.0337232165 6.91517544
82 85 33 68 0 -2.86100894e-05 -3.45783973
77 80 93 97 3 -0.000167483609 -4.49249983
44 44 56 61 3 -0.000134703092 -3.1395421
210 213 108 114 2 -0.0816677958 -2.94936323
56 60 66 74 3 -5.49551332e-05 -5.56148291
155 155 128 133 2 -0.000253669452 -4.00086164
100 103 46 50 1 -0.000119445191 -4.61454868
92 96 38 43 3 -7.72467756e-05 -4.8257575
59 60 28 31 2 -0.000314103556 -2.57032037
62 63 105 109 2 -0.000316246529 -3.19184661
109 113 88 94 2 -0.000111697416 -3.41596603
68 68 47 52 4 -0.000392649876 -5.1992898
0 0 0 0 3 -0.0994097218 8.4502697
86 92 34 69 0 -1.26361638e-05 -1.255108
104 109 46 81 1 -2.9325387e-05 -5.02915239
73 74 44 51 2 -5.10212194e-05 -5.66055059
0 0 0 0 2 -0.0712605119 8.29236507
39 40 57 92 2 -1.8715813e-05 -5.57288647
164 169 26 41 1 -4.38687348e-05 -3.92091012
139 144 82 117 4 -0.000507083721 -4.39287567
153 156 52 87 2 -2.84909293e-05 -7.54018593
0 0 0 0 2 -0.162793845 9.57266998
0 0 0 0 2 -0.376885712 9.69869328
71 71 93 97 3 -0.00027357295 -4.80138969
89 91 46 53 1 -5.01867871e-05 -5.24206972
105 110 128 134 0 -3.43320426e-05 -2.99320769
80 84 100 104 2 -4.23190286e-05 -4.87126875
52 55 98 113 1 -3.00406391e-05 -5.41356468
100 106 115 117 0 -3.27824018e-05 -2.73889565
0 0 0 0 2 -0.841805935 10.7028084
78 84 92 96 0 -1.58547991e-05 -4.37449551
161 167 88 90 0 -7.37896626e-05 -4.25449181
0 0 0 0 2 -0.0618757717 3.29255486
54 54 70 72 2 -0.000338773825 -3.86300492
99 99 106 113 3 -6.61603262e-05 -5.07484961
182 182 102 110 3 -0.000164743877 -4.33313131
45 47 62 67 1 -0.00586693827 -2.05373073
61 62 97 100 3 -4.62529424e-05 -6.42972088
48 52 71 80 0 -0.000125048362 -2.55503964
0 0 0 0 3 -0.00759721082 6.71871424
0 0 0 0 2 -0.0157228727 7.22613668
0 0 0 0 2 -0.00477989856 8.45367622
168 168 67 102 3 -0.000154253881 -4.9322772
145 151 82 86 1 -0.000578107429 -5.31662416
146 149 112 120 2 -3.27824346e-05 -5.06559467
63 65 47 51 2 -7.12865731e-05 -6.06034327
61 63 76 91 2 -3.94579802e-05 -3.45952535
204 206 159 182 2 -0.000129100474 -3.68994474
131 135 40 71 3 -0.00053187157 -4.27464199
83 87 100 103 0 -0.00334194675 0.299970448
103 108 117 124 0 -2.16960325e-05 -4.00419903
0 0 0 0 2 -0.00239921501 6.99505711
50 53 62 85 1 -0.000242939306 -4.90182829
109 113 89 96 0 -1.59740139e-05 -4.19089174
96 98 112 120 2 -3.9219678e-05 -3.45604372
42 45 138 173 2 -0.00025521213 -4.31014729
29 36 52 57 0 -4.39879368e-05 -4.66007757
161 162 60 95 2 -0.00016998846 -4.12860823
173 174 94 109 3 -0.000142690944 -5.47844315
105 113 125 160 2 -0.000164504294 -5.00737619
95 95 61 76 3 -0.0001087173 -4.7039485
70 74 80 83 2 -2.96830131e-05 -7.61959219
18 19 61 64 3 -0.000201458199 -4.06844473
105 106 62 70 2 -1.33514186e-05 -7.05468369
33 38 72 107 3 -6.79486911e-05 -5.72103453
47 50 65 72 3 -5.44782597e-05 -4.17679739
75 82 34 41 1 -1.95502744e-05 -6.76104641
167 167 113 148 2 -0.000142333069 -6.33900785
154 159 52 87 4 -0.000871551223 -4.2558794
103 109 119 142 2 -0.000144478516 -3.98465729
0 0 0 0 3 -0.105570301 9.76047707
101 107 135 142 3 -0.000392413902 -3.81447577
49 53 86 121 1 -0.000386308471 -5.46757889
0 0 0 0 2 -0.147651508 7.59049034
126 130 73 80 3 -0.000140068398 -4.78338957
41 43 72 107 3 -0.00130810519 -2.44185901
44 47 87 89 2 -3.02790322e-05 -5.02971601
163 169 51 82 1 -0.000249496079 -2.0177443
178 180 202 211 2 -0.000148174498 -6.35659456
33 38 108 139 1 -0.001283761 -2.28557467
0 0 0 0 4 -0.0435522757 8.03370953
76 84 119 122 0 -4.44646503e-05 -3.72884202
82 89 106 114 1 -0.000140780248 -4.58451366
68 72 105 140 3 -0.000148054503 -4.60530186
134 136 153 162 2 -0.00201813364 -2.96926332
45 53 180 215 0 -0.00017284973 -4.18857002
85 92 102 137 2 -0.00017630533 -6.77842617
0 0 0 0 3 -0.494808763 9.70644188
111 111 126 149 3 -0.000195259767 -5.20612001
56 56 36 44 4 -0.0001867963 -4.64053488
97 99 75 86 1 -4.47032544e-05 -3.21962118
0 0 0 0 2 -0.713169754 7.86584949
0 0 0 0 2 -0.344910115 9.9936285
93 97 113 148 2 -0.00254679727 -7.16353941
49 58 86 93 0 -7.54579596e-05 -2.74499226
72 74 145 153 2 -0.000251754449 -5.05287361
0 0 0 0 2 -0.587203443 5.53552103
81 85 57 66 3 -1.8477398e-05 -5.04490614
69 72 44 52 3 -0.000995137147 -2.83592987
140 145 52 57 2 -0.000618644292 -7.65032339
125 126 142 150 3 -0.00406849245 -3.29859519
0 0 0 0 3 -0.00430360343 3.76230097
48 52 57 61 4 -0.00683455728 -4.25438261
32 32 43 51 4 -8.04653246e-05 -5.54751968
0 0 0 0 1 -0.00932134595 0.662559211
0 0 0 0 3 -0.720107317 8.849823
178 187 100 135 0 -9.572407e-05 -3.46427178
110 113 45 53 2 -1.99079022e-05 -6.45731497
154 156 72 95 2 -0.000141379584 -5.85630131
43 48 61 67 1 -8.04653682e-05 -5.91326141
78 82 94 98 0 -3.06366819e-05 -2.76216149
0 0 0 0 2 -0.254579991 7.94589949
105 107 43 55 2 -0.00133155065 -1.27670884
0 0 0 0 2 -0.0014743912 3.98624945
96 99 50 81 2 -8.80947337e-05 -4.50826263
69 71 85 108 1 -0.000368094392 -5.14600134
98 101 111 134 2 -1.07288161e-05 -9.09361649
86 90 50 57 3 -0.000449753483 -3.44600964
134 139 38 69 0 -0.00355180283 -1.98926282
91 91 43 78 3 -3.40936931e-05 -5.79079628
46 49 127 134 2 -0.000117417716 -4.82448149
181 181 192 227 3 -0.000870216987 -2.76706004
102 107 122 129 4 -0.000362374441 -0.451826721
51 58 71 106 1 -6.89021836e-05 -6.83279037
83 88 39 70 2 -0.00406126631 -2.0735333
53 57 75 110 2 -1.49011357e-05 -7.82146931
71 75 145 152 1 -5.90080526e-05 -3.16871238
39 41 98 100 1 -0.000141856231 -2.83490705
93 95 140 149 2 -0.0195011292 -0.331000924
53 58 94 102 3 -6.8186826e-05 -5.02978706
86 90 68 75 2 -2.3841787e-05 -7.0836482
53 58 112 119 1 -4.00541176e-05 -3.12225246
109 113 41 76 2 -7.48623934e-05 -3.26601768
120 120 73 108 3 -2.20536622e-05 -5.45871019
107 110 38 73 2 -5.48359094e-05 -4.8088479
192 193 141 176 4 -0.000795511063 -4.89686537
40 41 75 82 3 -7.53395361e-05 -4.58525085
109 112 125 160 3 -3.57626341e-05 -5.68807316
0 0 0 0 2 -0.00608169474 7.62788773
74 79 98 104 2 -2.76564188e-05 -4.87453318
94 99 59 70 2 -7.65314107e-05 -4.10299206
0 0 0 0 4 -0.000901196559 3.61194038
122 127 23 58 3 -1.3232213e-05 -7.17967463
33 39 57 92 0 -1.71661013e-05 -5.48274612
59 64 141 176 3 -0.000205749646 -6.23082304
126 132 47 82 3 -0.000172372675 -5.93912935
119 120 81 112 2 -2.19344602e-05 -4.28670216
18 23 28 63 4 -0.101839393 -4.62936258
57 59 136 141 2 -3.03982342e-05 -3.88729119
102 105 121 156 4 -0.000576201768 -2.68248796
103 104 119 154 3 -0.000936916796 -4.42470551
45 46 56 71 4 -0.000115750547 -4.02086449
0 0 0 0 2 -0.0934516713 9.6200428
132 134 46 51 2 -2.76564733e-05 -4.88634968
91 94 104 110 2 -1.08480326e-05 -5.19667101
112 114 66 81 2 -3.45705339e-05 -6.23989677
119 119 47 82 2 -0.000593735022 -1.72483397
64 64 18 53 2 -0.000166532016 -5.24995804
65 73 84 119 1 -0.000277741085 -4.46764565
39 45 53 64 1 -3.43320862e-05 -5.48207235
93 93 58 73 3 -2.75372313e-05 -4.89341497
123 130 46 48 0 -9.34583732e-05 -2.77231884
113 117 131 134 3 -3.36168559e-05 -5.75961637
109 109 66 68 2 -0.000138280622 -2.27440858
97 104 112 115 0 -2.16959852e-05 -3.4545958
49 49 59 94 3 -5.49549295e-05 -5.00277662
125 126 62 97 4 -0.000556892948 -4.05351305
120 125 63 78 3 -6.06770955e-05 -5.0429287
40 44 54 61 3 -0.000106929496 -5.65279913
146 150 41 50 4 -0.000211709354 -4.11579514
86 86 115 122 3 -7.89155747e-05 -5.501122
41 41 71 106 4 -0.000357488694 -3.63907218
46 50 123 125 4 -0.000160691096 -3.90699267
125 129 40 48 1 -7.22394325e-05 -5.85283661
0 0 0 0 2 -0.00908055063 7.25063467
0 0 0 0 3 -0.49670434 7.14775705
105 109 47 53 2 -9.77504751e-05 -6.7362237
41 45 55 56 1 -7.53393542e-05 -3.53576136
114 121 153 159 3 -0.000177259441 -4.97347832
88 91 70 73 2 -8.82147833e-06 -5.50642443
135 138 45 80 0 -4.07692678e-05 -3.50990844
111 111 123 134 3 -0.0089569306 -1.54174864
0 0 0 0 1 -0.130310535 6.8795414
74 77 51 59 3 -2.95638056e-05 -6.28013515
110 113 133 136 4 -8.42799491e-05 -3.23523474
0 0 0 0 2 -0.433069736 7.67419815
18 26 30 45 2 -0.000461390562 -8.63296127
0 0 0 0 2 -0.0016845963 6.33030367
121 121 70 105 3 -3.74314768e-05 -4.73118973
127 131 145 180 4 -0.000215879772 -2.68811965
76 77 34 39 3 -0.000112651032 -6.34326553
36 43 85 120 1 -9.29809612e-05 -5.03789473
76 76 166 201 3 -0.000238649736 -6.22032356
0 0 0 0 2 -0.0759202018 9.03340244
125 129 59 94 3 -7.18825322e-05 -5.87246466
95 102 120 128 0 -1.00135676e-05 -3.64515185
56 57 74 79 2 -0.000227921264 -1.63662958
211 215 161 196 3 -0.00115683815 -4.36941814
0 0 0 0 2 -0.759123802 4.35518789
0 0 0 0 2 -0.00386073557 6.63536644
125 128 74 105 1 -0.000172015221 -3.16442251
111 112 128 143 2 -6.66372871e-05 -2.54407907
0 0 0 0 2 -0.362876743 8.61797333
48 53 129 164 4 -9.08363509e-05 -3.4163835
51 55 69 84 1 -3.61202219e-05 -4.71521187
98 104 57 60 2 -0.000214569882 -4.45909214
55 59 91 126 3 -7.67700112e-05 -6.3121953
36 44 137 144 0 -0.000143760539 -3.63705635
158 164 85 89 3 -0.00136190956 -4.9986105
90 91 100 131 2 -0.000249137403 -3.42931581
105 109 118 125 3 -0.000991574605 -3.57606936
174 179 39 74 4 -0.000428646221 -4.4700408
45 45 58 64 3 -0.000124929444 -4.64293003
157 157 108 143 3 -0.000182622549 -6.01403284
105 109 47 54 2 -5.66233284e-05 -4.22279215
0 0 0 0 2 -0.586589217 8.9607296
131 131 35 66 2 -0.000263444002 -2.77098823
174 174 87 92 3 -0.000533062906 -4.30201817
0 0 0 0 3 -0.382829547 8.8044548
41 41 51 86 3 -5.54317667e-05 -5.27329874
0 0 0 0 4 -0.0269751251 8.02902317
131 133 93 116 2 -6.03194203e-05 -5.62512255
50 51 127 131 1 -0.00131580734 -3.50307178
85 86 36 59 3 -2.21728715e-05 -6.23873854
100 106 88 90 1 -6.23457017e-05 -6.37133074
126 130 80 87 2 -2.63451693e-05 -5.6294651
137 139 52 83 3 -0.000313746597 -6.10655499
74 77 34 42 1 -0.190986246 1.23639178
68 68 44 52 3 -7.52202759e-05 -5.5130024
0 0 0 0 2 -0.123704992 10.1534367
71 76 89 124 3 -0.000201577539 -4.3716507
149 153 106 137 2 -0.000198240057 -5.32033634
71 77 56 60 0 -4.82793585e-05 -1.76102018
0 0 0 0 2 -0.673678339 8.29218769
0 0 0 0 1 -0.0375173427 8.05418205
106 110 58 62 3 -4.94715969e-05 -4.8048563
100 104 114 149 3 -9.84649669e-05 -6.17733145
0 0 0 0 3 -0.00822840817 6.22392273
107 109 42 73 2 -0.00312352716 -1.41703403
0 0 0 0 3 -0.371159703 8.53400517
87 91 48 63 1 -0.000179525363 -1.45411313
78 82 60 64 2 -2.03847339e-05 -3.7822535
119 121 155 163 2 -7.17625589e-05 -4.09262609
39 47 59 94 0 -9.89436012e-06 -5.08259964
137 139 35 39 2 -2.77756772e-05 -5.9652667
108 111 175 210 2 -3.23055137e-05 -8.86831284
94 99 39 46 4 -0.000316368649 -4.59827375
65 72 84 87 0 -9.82250203e-05 -1.22744012
56 61 74 79 2 -6.38957281e-05 -6.94888067
38 42 52 87 3 -4.75639863e-05 -5.02282667
88 88 44 79 3 -0.000470729254 -3.47261858
45 45 92 127 3 -0.000237933782 -5.31012583
53 55 38 41 2 -1.37090428e-05 -5.20192909
0 0 0 0 2 -0.0128940353 7.51929092
72 75 132 155 1 -0.000271549565 -3.61833668
77 79 91 98 2 -5.0663275e-05 -5.20732498
22 22 29 64 2 -0.000168556813 -6.5138135
78 82 90 98 2 -6.66374108e-05 -4.53139019
0 0 0 0 3 -0.443779945 8.41042042
73 76 91 126 2 -5.22132759e-05 -5.98145962
74 76 151 186 4 -0.000171299616 -2.11956334
0 0 0 0 2 -0.00446324563 6.49389887
121 124 110 114 2 -0.000220529677 -6.33529234
0 0 0 0 3 -0.00919328257 7.23639345
55 55 70 76 3 -0.000152224122 -3.44071889
94 99 36 51 3 -0.000129697364 -4.60143232
105 109 119 123 1 -8.98824728e-05 -4.64000702
90 98 118 123 1 -3.0636631e-05 -5.3204484
27 29 77 85 1 -8.94053519e-05 -2.91523576
122 130 38 73 3 -1.46627153e-05 -7.17084742
0 0 0 0 2 -0.0039694896 4.03569555
178 181 52 87 3 -4.42264281e-05 -6.01727295
0 0 0 0 2 -0.726827621 10.6182899
46 46 75 98 3 -9.33395422e-05 -5.81644487
26 30 120 128 3 -5.96040991e-05 -5.22502089
42 46 72 79 2 -6.75911433e-05 -5.26588392
70 74 103 138 3 -0.000472273969 -4.73063898
0 0 0 0 2 -0.0103553142 6.99642849
112 116 66 97 3 -0.000689082372 -6.37819433
21 26 61 96 3 -0.000117896139 -6.19983053
38 41 150 157 1 -0.00472882204 -1.71031594
0 0 0 0 2 -0.00148323807 4.55147839
0 0 0 0 3 -0.327709615 8.39300346
0 0 0 0 2 -0.0134874638 6.97263432
74 75 81 85 3 -9.53652852e-05 -5.25307274
54 60 86 94 0 -7.12864348e-05 -3.06446433
55 60 71 86 2 -2.90868484e-05 -6.17870045
38 44 48 57 0 -0.000458786468 -4.43529129
23 27 58 66 3 -0.000751863001 -4.11568308
193 199 122 128 1 -0.000724865939 -4.70557356
0 0 0 0 2 -0.492519498 8.15778637
41 46 60 75 3 -2.80140903e-05 -5.72160292
126 131 96 119 1 -4.79218361e-05 -5.00206804
0 0 0 0 2 -0.00247603608 1.9608711
151 157 64 73 1 -0.000164267214 -3.22728777
27 33 45 50 0 -2.00270879e-05 -2.96444154
59 60 73 75 2 -0.0619395077 1.72638083
0 0 0 0 3 -0.0197197609 5.59015179
94 98 48 53 3 -5.59087712e-05 -5.46546364
113 114 31 62 2 -0.000169391802 -3.22958684
82 86 99 106 3 -0.000114915907 -5.96834469
116 122 196 211 2 -0.000795983477 -4.59119463
71 79 120 155 1 -7.37892769e-05 -5.71898699
122 128 99 107 0 -4.37495983e-05 -2.57777548
100 105 174 178 0 -7.60546536e-05 -2.82083988
139 142 38 61 1 -5.82928442e-05 -4.85591316
72 72 54 61 3 -0.000185127152 -5.34313345
0 0 0 0 2 -0.0196851548 7.45629406
37 43 73 78 1 -7.10480963e-05 -5.23513889
0 0 0 0 2 -0.331430256 11.0143442
0 49 105 143 2 -1.8937602 3.23342085
57 60 75 79 1 -4.1246185e-05 -5.65059471
221 222 76 111 2 -0.00267574284 -5.76588631
62 62 213 248 2 -0.0333986729 -5.22518444
0 0 0 0 2 -1.04436326 10.0547647
107 111 44 79 1 -0.000324711466 -4.16960907
87 91 120 127 0 -0.000110860499 -2.94766593
0 0 0 0 2 -0.00442427909 7.16223288
58 62 33 41 2 -4.73257969e-05 -4.37106609
67 71 83 88 1 -6.9259906e-05 -5.88828802
51 56 62 66 1 -0.895481646 -1.29471397
120 124 140 155 1 -0.0168576259 -1.14145243
0 0 0 0 2 -0.371702045 8.39378834
52 59 73 82 0 -0.800255299 7.09808636
0 0 0 0 2 -0.393489748 8.68597698
43 47 81 116 3 -6.09155286e-05 -5.26021719
119 122 139 174 2 -0.000111339701 -5.87586927
88 93 20 26 1 -0.000105737083 -3.31885433
54 60 95 130 2 -0.000133748545 -8.66449928
121 124 43 78 4 -0.000289787451 -4.73681545
0 0 0 0 2 -0.163618952 8.63776875
119 121 149 157 1 -0.000497049012 -3.58322859
76 81 59 66 1 -0.000118730153 -5.22060871
100 105 60 65 1 -0.000484313874 -1.91454029
57 61 104 108 3 -8.64254835e-05 -5.17755699
17 21 26 29 1 -6.10343777e-05 -2.56557703
0 0 0 0 2 -0.0240520593 7.76203775
87 88 113 121 2 -3.55241391e-05 -5.48450947
91 93 64 73 2 -2.18152454e-05 -6.40531874
97 101 74 82 2 -2.19344511e-05 -5.20829248
141 149 101 132 0 -2.94445817e-05 -5.57313108
50 52 60 64 1 -0.000108359593 -5.99312687
115 119 141 149 2 -0.000175710389 -6.06295729
83 85 54 61 2 -3.14710669e-05 -7.69186926
80 84 95 130 4 -0.000228160352 -2.52408385
99 99 116 125 2 -0.000428285683 -1.99144208
54 58 74 109 2 -1.3589839e-05 -6.7892375
29 35 47 54 1 -2.61067489e-05 -5.40255022
43 45 84 88 3 -0.000393488561 -3.49503279
0 0 0 0 1 -0.292268097 8.20496368
41 47 83 118 1 -0.000175230758 -4.57508659
0 0 0 0 2 -0.00273211324 6.5676465
95 103 173 181 3 -0.000279056374 -5.62996244
141 146 156 159 0 -2.32457496e-05 -4.45947027
0 0 0 0 3 -0.174354613 8.88832474
0 0 119 0 4 -2.4913733 5.23653746
60 62 47 53 2 -1.70468957e-05 -5.71173096
75 78 34 38 2 -0.000207893929 -6.65513229
113 116 40 75 3 -5.88889416e-05 -5.72636604
119 123 89 92 0 -1.77621368e-05 -2.73223448
136 140 39 41 2 -0.000463935314 -2.0563364
22 26 34 69 2 -0.001881139 -4.98371601
102 106 122 129 4 -7.45050856e-05 -4.24793768
123 131 25 60 2 -1.10864512e-05 -8.13728619
0 0 0 0 2 -0.00385921448 7.96217489
0 0 0 0 3 -0.0178716779 6.82992077
44 45 90 96 3 -0.000344856642 -5.48160553
30 34 49 84 1 -2.21728587e-05 -5.61998129
113 113 127 142 2 -0.000154611131 -7.06410742
77 81 173 204 4 -0.00265288865 -3.43191385
125 129 69 104 4 -3.99348974e-05 -3.61288476
135 140 58 63 2 -0.000202758747 -6.40065575
0 0 0 0 3 -0.633651078 9.73437786
45 49 58 67 3 -2.45570409e-05 -6.6210227
44 48 80 111 3 -4.29151005e-05 -4.94189119
120 124 70 105 4 -0.000226966062 -2.74651051
0 0 0 0 1 -0.00151015958 5.48732901
131 134 43 45 0 -3.69546979e-05 -3.30958056
139 141 114 129 2 -0.0001721343 -3.83748984
80 84 18 22 2 -4.041172e-05 -4.38029432
41 42 100 107 1 -0.00114445051 -4.08087444
30 36 60 62 1 -6.05578825e-05 -4.2378602
71 71 145 151 3 -7.46242004e-05 -6.54440975
113 114 56 91 2 -1.70468938e-05 -7.66088676
167 174 54 69 2 -1.83581924e-05 -6.89168596
111 118 154 162 0 -7.72464991e-05 -3.37078571
46 49 105 110 1 -0.000102756188 -3.32586551
78 78 126 130 2 -0.000328999799 -4.3905673
0 0 0 0 2 -0.001763265 5.4970789
36 42 87 94 1 -9.38163284e-05 -5.27779007
0 0 0 0 3 -0.463474691 9.34050941
105 107 118 126 2 -5.62663809e-05 -6.68903208
0 0 0 0 1 -0.00755277462 6.34731436
45 49 110 145 3 -9.92997811e-05 -5.15676498
117 119 65 80 3 -0.000179405426 -7.23379707
139 142 51 55 3 -3.69546906e-05 -4.8756299
46 49 112 123 3 -8.58298663e-05 -5.62023544
0 0 0 0 1 -0.0830012038 7.43431807
91 93 103 138 2 -9.8943583e-06 -7.75963783
36 41 47 82 1 -0.00197092025 -4.73577976
0 0 0 0 2 -0.282173038 6.81446314
64 72 84 91 2 -8.98826838e-05 -3.61267281
95 100 130 136 0 -4.31532608e-05 -3.63029671
147 147 223 232 4 -0.00307603087 -3.55526853
104 109 67 90 1 -0.000131961802 -8.29523945
142 144 52 56 2 -8.22543188e-06 -7.1065917
0 0 0 0 3 -0.0038766372 4.12572813
102 106 141 150 2 -0.000731740147 -4.69173861
32 33 90 125 1 -0.000853647362 -2.51444721
165 168 181 187 4 -0.000198477472 -4.65669203
132 132 89 96 2 -6.73523755e-05 -4.61947012
82 88 57 61 2 -4.10076827e-05 -7.42255878
50 51 33 40 2 -7.62930867e-05 -4.09107113
0 0 0 0 2 -0.32458064 11.3646183
46 51 63 98 1 -0.000107524727 -4.03726196
0 0 0 0 4 -0.245463967 7.97418928
0 0 0 0 2 -0.00144452904 5.7564559
147 149 102 133 2 -0.0123695871 -2.57761431
115 118 93 99 4 -0.000223868061 -4.94732809
136 144 63 98 0 -3.15903453e-05 -5.13190699
150 160 113 115 0 -0.000235307831 -3.06483746
161 165 50 52 3 -0.0173857529 -4.65440607
92 97 157 188 0 -3.14711215e-05 -4.73276472
43 49 58 63 1 -0.000192517298 -3.61963868
173 180 98 106 2 -0.00316864601 -1.76855206
0 0 0 0 3 -0.692535758 8.98028851
124 126 39 74 1 -0.000841152272 -0.901811063
69 73 40 47 4 -0.000454736553 -4.49530077
59 65 131 137 0 -4.83986842e-05 -4.70659447
0 0 0 0 2 -0.215339467 8.06981373
151 153 68 91 3 -0.000273337442 -5.8249712
105 110 128 163 1 -2.5033878e-05 -6.10304022
86 86 27 38 3 -6.96176139e-05 -5.08905697
77 77 26 37 3 -0.000120041892 -4.96408939
118 123 43 48 1 -1.83581906e-05 -7.14632416
115 120 140 145 3 -0.000127432155 -2.90290642
44 48 59 62 3 -0.000123378995 -4.20240021
120 124 93 98 2 -0.000325663481 -1.17674983
164 167 81 84 1 -6.89023291e-05 -4.78834152
128 131 143 178 3 -0.000318034174 -5.24028015
0 0 0 0 2 -0.0125888633 6.90374994
136 141 34 69 2 -9.26241337e-05 -5.54016161
128 128 67 82 2 -0.000106690655 -5.15414762
0 0 0 0 1 -0.28328228 9.21906567
0 0 0 0 2 -0.165849447 9.35876942
53 53 67 102 2 -0.000192987936 -4.39868355
122 129 138 140 1 -0.00161304511 -2.69209909
48 50 64 68 2 -3.74315496e-05 -5.11717987
0 0 0 0 2 -0.00424810406 7.91754103
45 48 151 186 2 -3.32592535e-05 -7.08886623
59 59 31 35 2 -9.27436486e-05 -5.66442823
0 0 0 0 2 -0.19161658 9.55971527
107 107 119 124 2 -7.92733044e-05 -5.0630765
60 61 73 108 2 -0.000199073373 -2.63569045
49 49 127 130 2 -0.00043186589 -2.28610396
83 87 24 59 4 -0.000163670338 -3.41833091
110 113 78 89 0 -0.000497662637 -0.114636183
46 46 112 114 2 -0.000138280055 -4.83169365
107 108 76 87 3 -2.9683004e-05 -6.03737164
137 143 97 120 1 -0.000120636796 -6.14615774
0 0 0 0 2 -0.182184562 10.2842417
44 48 90 94 1 -5.19748974e-05 -4.70366859
128 133 55 63 4 -0.000104783598 -4.67313528
0 0 0 0 2 -0.48609373 8.12958145
0 0 0 0 2 -0.367074877 8.37042904
56 60 72 83 1 -0.000162118697 -5.06869364
0 0 0 0 2 -0.00537516735 5.93550539
62 62 28 36 3 -0.000352126226 -4.06782675
65 69 100 101 2 -8.35645624e-05 -5.32443714
87 92 137 172 0 -3.38553073e-05 -3.62407804
185 189 71 106 2 -6.49683425e-05 -5.13011026
102 105 121 127 2 -0.000167483697 -3.55277538
121 123 131 135 2 -6.32994052e-05 -4.0876894
63 64 82 88 3 -3.24247521e-05 -5.3734479
162 162 79 114 3 -0.000123021222 -5.68760586
133 136 107 111 3 -5.26900621e-05 -4.29528618
132 140 59 94 2 -5.36437001e-05 -5.9389801
133 134 180 215 3 -0.000170225772 -9.75517559
55 57 95 98 3 -0.000104902443 -4.24997139
0 0 0 0 2 -0.021894386 6.73888826
128 130 76 111 2 -4.70872837e-05 -6.73363304
43 47 59 62 3 -0.0102552259 -5.73391867
0 0 0 0 2 -0.050638523 8.5485239
48 52 66 73 2 -3.65970845e-05 -5.70258284
100 106 124 129 1 -8.98826765e-05 -2.99961305
109 109 59 94 4 -0.000640339858 -2.54402065
0 0 0 0 3 -0.225528449 7.33683634
41 44 72 75 4 -0.000163790392 -4.33543682
90 90 44 79 3 -0.000129815468 -3.78660941
134 134 81 88 3 -3.37361016e-05 -4.47325563
0 0 0 0 2 -0.420466453 7.69342661
46 54 59 67 1 -0.000149960688 -4.52355051
143 146 61 67 2 -9.36972428e-05 -3.94360089
43 47 64 79 1 -8.2015089e-05 -5.65818119
107 111 139 146 0 -0.000300865795 -2.42270327
0 0 0 0 1 -0.359618664 9.43915653
26 32 96 98 0 -8.21341018e-05 -2.6603806
129 133 26 61 1 -2.47954631e-05 -6.12466955
112 116 130 137 3 -2.31265349e-05 -6.36929083
137 137 53 60 3 -9.84657017e-05 -5.9246521
107 112 62 97 4 -9.63191196e-05 -4.76352072
62 66 105 140 1 -6.27035843e-05 -6.62426043
99 99 53 88 3 -5.73391917e-05 -4.90506077
109 112 126 131 1 -7.41473996e-05 -4.91742516
106 107 44 53 3 -9.1907903e-05 -6.34045601
0 0 0 0 1 -0.0429993123 8.97678661
113 117 73 88 0 -7.54584253e-05 -3.2933681
0 0 0 0 2 -0.0103245312 8.05646133
101 106 123 127 1 -7.31937325e-05 -4.30986738
61 62 105 136 3 -0.000185842393 -4.36258793
48 48 62 67 4 -0.000237935004 -3.74948454
97 99 161 196 2 -5.2094063e-05 -6.63790417
112 112 86 91 3 -0.000127073348 -5.04830408
0 0 0 0 1 -0.32615912 7.92613173
182 183 111 142 2 -0.00198620558 -4.55276108
39 48 104 135 0 -0.00708723255 -0.80286932
142 144 95 130 3 -0.000149246189 -5.96491146
112 116 66 73 2 -0.000143167592 -5.21619177
56 59 68 71 0 -5.62661553e-05 -2.35910726
0 0 0 0 2 -0.00507697556 6.84981871
0 0 0 0 2 -0.00161971175 3.66970134
58 66 143 151 1 -0.00075723487 -2.64850926
0 0 0 0 3 -0.00800773222 6.26362514
96 99 115 150 4 -0.000397064665 -3.82054448
56 63 103 111 0 -2.8848508e-05 -3.55977511
0 0 0 0 3 -0.0691868141 2.74108291
0 0 0 0 2 -0.370070755 7.52911568
123 126 148 155 1 -0.00022780271 -5.15107393
34 35 43 74 3 -0.0202633161 -2.07792449
38 38 52 60 3 -0.000119087701 -4.51295567
0 0 0 0 4 -0.0208013058 6.8350296
132 136 57 92 0 -4.39880096e-05 -3.08860826
0 0 0 0 2 -0.656307817 8.82887363
0 0 0 0 2 -0.140921637 7.47964859
67 74 99 106 1 -0.000125523831 -6.29407215
45 52 61 68 2 -5.6623936e-05 -4.15655231
54 58 71 79 4 -9.75119692e-05 -4.33838654
107 114 85 95 4 -8.2730432e-05 -5.05028725
64 69 77 82 2 -3.08751041e-05 -5.46236086
35 39 48 50 3 -4.76833447e-05 -4.83485508
142 146 114 121 1 -4.66105521e-05 -3.93234992
0 0 0 0 2 -0.0185074061 8.30913258
130 139 74 109 1 -4.04117745e-05 -5.4823966
0 0 0 0 3 -0.461695194 8.39853191
201 209 62 97 2 -6.02000764e-05 -6.36758995
46 47 61 66 2 -0.000164623169 -3.55734253
64 69 43 47 2 -6.54453324e-05 -3.88534689
161 163 171 182 2 -6.07960828e-05 -6.0132823
75 75 40 55 2 -0.000201695962 -5.029037
81 87 93 101 3 -5.85313683e-05 -5.63931131
56 61 41 43 1 -2.28881217e-05 -4.2203021
85 90 120 124 0 -2.43185532e-05 -3.48727608
134 141 40 63 0 -3.79083795e-05 -3.3494091
48 52 149 154 3 -0.000168554965 -4.99853897
66 70 118 153 2 -5.25707947e-05 -4.44462252
92 97 69 75 2 -4.55377012e-05 -4.82359695
0 0 0 0 0 -0.298642367 10.7558613
131 137 50 54 2 -7.71277118e-05 -4.64549255
0 0 0 0 3 -0.65519923 8.18638897
24 30 83 94 0 -0.000116346775 -3.29742384
46 46 128 135 3 -0.00011551132 -4.38545847
227 228 172 207 2 -0.00081371644 -6.15718651
133 136 87 91 3 -5.84119916e-05 -5.63225126
44 44 56 60 2 -0.00011646541 -4.48814631
0 0 0 0 2 -0.0702644065 10.1669292
136 136 63 94 3 -0.00174103258 -3.84384465
113 117 102 107 4 -0.000198596623 -3.45563197
136 140 112 117 2 -0.000193590327 -3.27247834
0 0 0 0 2 -0.0606021769 7.95503664
61 62 73 108 2 -1.16824931e-05 -5.10645533
119 122 141 144 2 -0.000955916301 -1.03697145
133 137 60 67 2 -8.33261875e-05 -4.82725668
158 158 102 137 3 -0.00079749804 -3.96662402
0 0 0 0 2 -0.0667629912 9.5212183
0 0 0 0 4 -0.0355011113 7.01109409
60 62 190 225 1 -0.000110861889 -6.13772964
91 91 41 76 3 -0.000133035079 -4.52730513
54 59 95 97 2 -6.50876245e-05 -5.64450073
109 113 60 95 2 -6.91413106e-06 -9.25226021
120 122 94 101 2 -9.16709032e-05 -4.35751152
0 0 0 0 2 -0.29646337 8.3593235
0 0 0 0 1 -0.40170449 4.07380342
118 122 135 142 3 -6.50876536e-05 -5.31583071
221 225 198 204 0 -0.0140032787 -2.45247531
52 56 74 81 4 -3.20671788e-05 -3.06892896
17 27 31 36 0 -4.93523476e-05 -4.90492296
99 106 117 125 3 -4.64912409e-05 -5.57319021
26 33 81 90 1 -0.000134346395 -3.46323156
114 118 208 214 4 -0.000963685336 -2.56817389
0 0 0 0 1 -0.0552613288 9.22407722
74 74 144 167 2 -0.000286327268 -5.51178455
126 126 81 116 2 -0.000232689781 -4.07237625
0 0 0 0 2 -0.356538475 8.26883125
0 0 0 0 2 -0.779590905 8.50209427
0 0 0 0 3 -0.0556852594 4.9518857
115 119 96 100 4 -7.59356335e-05 -3.31700945
0 0 0 0 1 -0.00327958749 5.45574331
173 177 127 135 3 -0.00114100846 -5.02478075
40 44 47 58 3 -0.000872100296 -5.32478762
50 53 126 133 2 -0.000144001824 -3.66838598
97 98 106 110 2 -1.20401164e-05 -5.75384808
98 98 42 57 3 -0.000213017076 -5.29739046
88 95 35 70 0 -1.26361647e-05 -5.45290899
0 0 0 0 4 -0.00107083865 1.33403909
0 0 0 0 2 -0.219019309 7.82029057
58 68 81 86 0 -0.00281518465 1.11363101
0 0 0 0 2 -0.00744979223 7.31323528
161 165 82 105 2 -0.000299441745 -4.53043747
82 89 45 51 0 -2.70603996e-05 -2.89541101
96 100 78 83 2 -5.88889088e-05 -3.92396045
48 56 71 74 3 -0.000169153733 -4.69376087
0 0 0 0 2 -0.433791995 9.25282574
0 0 0 0 0 -0.0538023151 5.99241447
0 0 0 0 2 -0.475068927 7.9988246
122 123 138 144 2 -0.00202738983 -2.17751503
28 32 38 61 3 -0.00186952646 -8.36242867
0 0 0 0 2 -0.67690593 10.4458237
116 119 73 84 2 -6.73525647e-05 -5.45615864
30 31 41 47 2 -2.38417724e-05 -4.4071269
200 204 220 231 2 -0.302823097 -2.90532422
83 83 110 145 3 -0.000192278385 -5.58075666
65 68 24 59 2 -4.29150823e-05 -3.6406343
86 87 95 118 2 -6.782938e-05 -6.80383873
0 0 0 0 2 -0.0139467381 7.12098455
117 119 34 41 1 -3.4570563e-05 -3.45723987
0 0 0 0 3 -0.017599944 7.05942297
233 236 101 132 2 -0.0230069701 -3.85915208
37 42 92 107 3 -8.63056557e-05 -5.06222773
128 130 37 68 2 -0.000197286165 -3.82354426
110 116 40 75 3 -3.52857751e-05 -4.84989834
104 104 111 116 3 -0.000134107249 -4.52556467
129 135 63 70 2 -3.76699463e-05 -3.9091537
70 70 49 58 3 -4.95906716e-05 -5.28559351
48 50 101 112 2 -0.000250447774 -3.703228
84 84 90 125 3 -4.51800188e-05 -5.66740751
76 84 62 71 1 -0.00013780297 -3.17857003
0 0 0 0 2 -0.716934621 8.15224457
43 44 50 65 1 -3.01598557e-05 -3.89399457
91 92 105 120 2 -0.0001581869 -5.26427841
92 94 56 63 2 -2.87293078e-05 -4.62258244
47 47 62 66 2 -5.48357966e-05 -4.37200212
60 62 49 54 2 -7.21209726e-05 -3.85910916
47 47 62 97 2 -9.13127515e-05 -4.92489243
0 0 0 0 3 -0.149230883 8.05099869
88 92 108 123 4 -0.000274530088 -3.38855076
50 52 130 153 1 -0.000903114502 -2.58064795
59 65 77 92 3 -5.38822351e-05 -6.28060198
0 0 0 0 0 -0.0404396541 10.1128521
69 71 32 39 2 -0.000415064947 -4.0257678
123 125 107 113 2 -3.24247958e-05 -5.56373739
57 59 67 82 2 -4.55376612e-05 -5.59453535
17 18 22 30 2 -0.447277665 -5.18059969
105 105 116 121 3 -9.97767274e-05 -5.39501619
80 80 119 154 3 -6.4610831e-05 -5.49057388
107 113 127 134 0 -0.00011407811 -4.53407001
41 44 52 63 2 -2.19344383e-05 -4.35163164
84 88 132 143 3 -0.00229702541 -6.07019091
0 0 0 0 4 -0.0315093771 6.87847996
142 150 72 76 3 -0.000474662316 -4.46698046
106 112 65 70 1 -6.13922748e-05 -5.55687428
0 0 0 0 3 -0.262143672 6.7062521
38 42 68 103 2 -5.93657533e-05 -5.17906523
70 74 85 92 1 -0.000486301724 -2.66127515
184 190 201 207 0 -0.000413464411 -3.05184102
164 165 51 86 4 -0.00187811651 -3.14311051
22 28 35 70 0 -8.40412104e-05 -7.61732817
69 73 82 89 1 -0.000222794668 -2.15417576
0 0 0 0 2 -0.653585374 9.71503544
105 109 39 70 2 -0.00011181632 -4.80610466
0 0 0 0 2 -0.00261142128 6.52118921
0 0 0 0 2 -0.351159334 9.12622547
104 104 208 211 3 -0.00236391276 -3.95347595
149 153 94 129 3 -0.000115749062 -5.29032707
0 0 0 0 3 -0.00156072888 4.19660282
80 84 115 120 3 -0.00027893862 -4.20641756
0 0 0 0 3 -0.0118862912 6.8042841
161 169 62 97 0 -2.40801746e-05 -4.99854183
58 58 76 111 2 -6.72335154e-05 -5.92948198
109 112 121 136 2 -0.000900221814 -3.55272651
0 0 0 0 2 -0.249986872 10.0225887
87 92 101 136 2 -0.000119922173 -2.13608861
63 64 189 224 2 -0.0273724068 -6.17526627
105 111 121 128 1 -2.84909165e-05 -5.26183653
40 46 55 90 2 -8.80947046e-05 -6.59708786
134 134 55 59 3 -0.000158545125 -5.05916643
120 123 93 108 3 -1.78813279e-05 -6.16992426
111 113 36 40 2 -2.19344529e-05 -5.31916189
163 164 131 139 2 -2.99213989e-05 -6.06329155
86 86 97 102 3 -4.31535555e-05 -6.14087582
42 45 64 71 0 -3.91002759e-05 -2.16818285
0 0 0 0 3 -0.401268065 8.75353146
43 51 55 58 2 -0.00770819234 -5.19352961
78 80 48 54 1 -5.17364679e-05 -4.95138407
107 111 60 95 3 -0.01698488 -3.62863779
0 0 0 0 2 -0.0122928154 8.6768055
124 128 46 81 3 -0.000117895936 -5.15529203
0 0 0 0 1 -0.0274112765 8.86341
115 120 93 100 2 -0.000153298737 -3.72299194
113 120 41 72 1 -0.000470956526 -3.15764356
58 62 131 166 2 -0.000212184736 -5.96620369
51 53 77 112 2 -5.74584155e-05 -4.90166998
116 122 66 101 1 -5.98425759e-05 -4.67214966
50 50 55 59 4 -0.0129123768 -3.22678065
0 0 0 0 2 -0.888508618 6.97978115
64 69 86 90 1 -4.02925543e-05 -5.21409655
96 97 41 76 2 -1.46627117e-05 -6.52175426
94 98 114 149 2 -0.000734249712 -2.4737463
110 116 128 135 1 -6.34187745e-05 -6.17434931
131 136 102 105 1 -0.000122783036 -5.50939894
0 0 0 0 1 -0.218394279 7.65206528
167 167 101 109 3 -7.04520207e-05 -5.42716599
118 125 96 104 0 -6.32996016e-05 -2.83117151
69 73 24 59 4 -0.00294465013 -2.89805913
0 0 0 0 2 -0.165105402 9.80776024
89 91 42 77 2 -2.51530655e-05 -4.87875271
108 111 123 126 2 -0.000570717151 -1.89428413
76 80 55 61 3 -7.97501853e-05 -5.11172533
111 117 83 90 1 -0.000106929278 -4.82647228
111 113 59 94 1 -0.000149961998 -5.17866659
89 96 68 76 0 -1.06096131e-05 -4.00216961
153 155 96 119 2 -0.000250927085 -6.45495415
100 104 114 119 3 -4.93523185e-05 -5.63768959
74 77 141 145 2 -0.00318880053 -3.46748281
58 61 125 160 3 -0.000180835021 -6.06896162
121 125 81 86 0 -1.41858809e-05 -2.83429241
128 131 51 55 2 -2.25305012e-05 -5.0037117
70 73 87 102 3 -0.000108836233 -5.60560799
0 0 0 0 4 -0.0496840104 8.06794834
96 100 30 65 4 -7.36707007e-05 -3.02690411
45 51 62 64 0 -2.14575957e-05 -3.07687593
0 0 0 0 2 -0.00407389179 6.80908108
57 60 94 98 3 -0.000114915776 -4.00668192
62 67 73 78 0 -9.8943583e-06 -3.17498136
129 129 95 102 3 -0.000238886787 -4.41828394
117 120 190 213 2 -0.167296544 -3.48196435
92 93 124 159 2 -0.0021357995 -5.81628132
63 63 38 49 2 -0.000100611403 -5.38189173
112 112 33 68 4 -0.000868222676 -2.80639291
41 43 58 81 2 -2.37225704e-05 -6.68897629
174 180 150 154 2 -0.00018417371 -3.70666146
66 71 47 54 2 -5.4716711e-05 -4.84106827
0 0 0 0 2 -0.00196741847 4.97110987
89 94 106 141 3 -0.00434696721 -1.56801009
99 107 126 131 1 -0.000236384745 -4.39937115
102 105 113 120 2 -4.47031889e-05 -3.64427423
147 148 64 68 2 -0.0111736404 -0.0950888991
0 0 0 0 2 -0.00309315464 6.78185987
124 124 78 83 4 -0.00239593978 -2.8069663
106 106 121 126 3 -0.000146026927 -4.9095788
0 0 0 0 2 -0.432195604 9.01666641
0 0 0 0 0 -0.0520393103 10.3928804
0 0 0 0 2 -0.00171081733 6.07293558
0 0 0 0 3 -0.0302316882 8.55185223
75 75 102 109 3 -8.36836407e-05 -6.32808161
0 0 0 0 2 -0.351863295 9.79959869
0 0 0 0 3 -0.575158894 8.88278961
0 0 0 0 4 -1.15398061 10.5557022
53 53 65 100 4 -0.000185483557 -5.19415236
126 129 104 111 2 -6.50876682e-05 -3.2697463
15 19 24 28 4 -0.00731178047 -4.41388416
121 125 139 148 3 -8.84522524e-05 -5.76542521
105 109 124 128 3 -0.000116703843 -5.98706484
93 93 106 111 2 -9.16707213e-05 -4.26916933
96 99 73 78 3 -0.000273337006 -4.46269655
138 140 78 101 3 -6.93790498e-05 -5.43856859
110 115 37 72 0 -4.52992645e-05 -3.40945387
30 30 47 51 2 -5.06632568e-05 -7.27214766
101 106 36 71 2 -3.12327065e-05 -3.82199073
0 0 0 0 1 -0.0086693503 7.43007135
47 53 112 118 2 -0.000195020228 -4.59578562
0 0 0 0 3 -0.0539759509 9.01837254
60 64 107 122 1 -8.83328612e-05 -5.6462307
195 199 152 175 0 -3.34976903e-05 -3.96360779
124 124 140 175 2 -0.00119330909 -4.45588636
33 37 90 94 3 -0.000259747147 -4.91223955
80 85 98 104 3 -9.38166195e-05 -5.15665627
107 111 48 83 4 -0.000315889774 -3.83445239
130 134 75 110 1 -0.00020860706 -3.53302526
110 112 126 129 3 -3.15903417e-05 -6.0748601
48 49 62 73 3 -0.000125882885 -5.14804554
105 111 122 133 2 -2.12192044e-05 -8.09903431
70 70 77 88 3 -0.000188107239 -5.83176136
116 118 97 105 1 -3.6477908e-05 -4.25956964
105 108 141 147 2 -0.00142354169 -0.0716631413
164 164 120 123 3 -0.000561915454 -3.33046293
130 130 52 59 3 -4.51800224e-05 -7.10409307
0 0 0 0 3 -1.00462055 9.27182484
141 145 120 127 2 -4.2318854e-05 -5.87016153
0 0 0 0 2 -0.195206657 9.51045704
105 109 124 128 1 -0.000449506391 -3.35836053
92 100 112 117 3 -4.16037292e-05 -5.40033102
136 136 60 95 3 -0.000110267109 -4.61522245
129 134 86 95 4 -7.59356044e-05 -4.58938885
87 92 51 66 3 -9.83465361e-05 -5.50730276
102 102 113 144 3 -0.000651419221 -4.03878021
109 117 52 67 1 -0.00014352554 -5.92120266
57 61 175 210 2 -0.000134583315 -7.36569595
108 110 87 91 2 -0.000131723646 -5.86205006
123 127 45 56 3 -0.000113247144 -5.18161058
70 75 134 169 3 -0.000158664378 -4.980721
95 99 116 139 1 -0.000382403901 -4.38570261
99 106 124 159 1 -3.12327284e-05 -5.26737595
108 112 51 57 2 -6.22266161e-05 -4.66605663
180 181 85 120 3 -0.000456657028 -4.55627918
123 127 76 80 0 -1.02519843e-05 -5.65154362
107 108 123 128 3 -0.000133869296 -5.38284683
112 112 121 125 4 -0.000110862326 -4.61363983
150 152 66 74 2 -2.75372586e-05 -6.45406723
107 107 121 144 3 -5.14980056e-05 -6.86162853
173 176 103 110 2 -0.000298009865 -2.33148456
0 0 0 0 2 -0.00167273125 5.59327507
166 167 205 240 3 -0.00168422726 -4.35940266
88 88 32 67 3 -7.27169536e-05 -5.65852547
98 102 153 188 2 -4.11268993e-05 -8.7698946
0 0 0 0 1 -0.00230857148 5.3948245
128 133 76 111 1 -6.1988263e-05 -5.01734114
11 19 88 123 0 -5.69812655e-05 -5.31500387
0 0 0 0 3 -0.0292886347 5.15997553
0 0 0 0 3 -1.289325 7.08688259
114 118 30 65 3 -0.000326262671 -4.90502357
93 94 48 83 1 -4.60144875e-05 -2.27255845
23 26 63 70 1 -0.000593233795 -0.723439693
78 78 88 95 3 -0.000199907052 -3.99802184
64 67 84 99 2 -6.50874354e-05 -5.29108
0 0 0 0 2 -0.00740796328 7.15626907
115 115 70 77 3 -0.000458806928 -4.32151461
90 94 74 80 1 -0.000142690275 -3.87030673
0 0 0 0 3 -0.263863057 10.2242432
45 48 81 112 1 -3.94580893e-05 -6.84399843
0 0 0 0 3 -0.003401889 4.13567162
16 20 24 59 2 -0.000250570243 -8.10590363
104 108 120 127 3 -0.000377745018 -5.47101307
67 68 107 142 2 -0.000105141153 -7.65266848
116 118 137 144 3 -4.82794239e-05 -7.19626427
99 101 113 144 1 -0.000429606385 -3.25174475
129 136 107 114 0 -0.000180954055 -1.36301017
78 85 55 59 0 -4.66103775e-05 -3.25436926
35 43 149 156 0 -4.16037583e-05 -4.03949928
35 37 70 105 2 -2.10999951e-05 -6.33444786
17 17 38 46 3 -0.000145075144 -5.27353621
42 46 96 131 3 -0.000122186917 -5.15184927
86 88 100 106 2 -0.000112173468 -3.30857611
49 53 69 72 1 -0.000533995917 -3.21016169
80 83 49 60 1 -6.11532887e-05 -4.0034647
135 140 87 122 0 -1.51395434e-05 -6.62037086
96 96 63 73 2 -0.000156995418 -4.28363991
73 74 51 58 3 -9.90611588e-05 -5.03454828
62 64 41 43 1 -9.95383089e-05 -6.11160183
29 30 70 105 1 -0.000188814782 -4.53308535
42 47 65 76 2 -3.4689765e-05 -4.26423836
58 65 43 48 1 -7.54586508e-05 -6.64901209
99 101 122 126 2 -2.72988473e-05 -5.4721365
228 232 100 104 2 -0.000464879035 -4.79021025
133 135 66 72 2 -8.41609799e-05 -3.55208635
12 12 17 21 4 -0.00112958951 -4.26885891
12 17 21 28 0 -0.000242573355 -5.12098122
132 135 104 115 4 -9.7392418e-05 -4.59251976
83 87 65 71 3 -1.97886766e-05 -5.70861292
65 66 79 114 3 -0.000142809804 -6.25362492
72 72 37 60 4 -0.000143644749 -2.48776507
50 51 107 122 2 -0.00012802858 -4.7086482
55 59 41 48 4 -0.000102757171 -3.80993438
158 159 31 37 3 -0.000641035207 -5.47272873
103 105 80 88 2 -2.8133305e-05 -4.02835178
56 64 109 120 2 -9.1791062e-06 -7.39339018
68 77 46 54 1 -5.86503738e-05 -6.03506565
49 50 132 134 4 -0.000385980005 -4.65685034
46 49 69 80 3 -0.000115749128 -5.34735394
57 60 70 81 3 -2.67027681e-05 -5.31035519
50 53 62 67 2 -7.21205943e-05 -6.41205359
47 50 54 85 1 -0.0198166091 0.442064136
89 93 101 105 1 -0.000119683973 -5.1264205
38 39 43 45 2 -0.221530497 -3.68058634
105 107 57 92 2 -1.63316417e-05 -4.79838037
121 133 41 76 0 -1.83581888e-05 -4.3836503
49 52 37 43 2 -0.000106929248 -3.72663116
59 64 72 107 3 -6.06770045e-05 -5.38987112
86 90 52 59 0 -2.40801655e-05 -1.31858528
133 133 71 76 3 -8.35649043e-05 -5.15946341
56 57 75 78 3 -6.21074287e-05 -6.1359148
60 60 77 112 3 -0.000126358937 -4.36130476
54 58 70 74 2 -4.11270157e-05 -4.02922964
49 50 103 138 2 -0.000263671856 -3.61354017
109 113 62 93 2 -0.00195099879 -2.9432013
79 79 95 130 3 -0.000447583268 -4.26543379
96 102 113 120 0 -3.61201128e-05 -2.94882917
107 107 82 91 3 -7.6531629e-05 -4.91230202
137 138 67 70 3 -8.72602468e-05 -5.19334984
21 21 55 62 3 -0.000293002202 -3.1977973
37 37 95 106 3 -0.00136215659 -4.296947
4 5 8 43 3 -0.00991279911 -3.76086736
82 83 52 67 3 -4.33919195e-05 -6.79707384
57 57 130 132 2 -0.000925029744 -3.76719046
86 87 108 119 3 -0.000318274368 -4.51715422
29 31 35 50 2 -0.00768279703 -5.00648117
43 43 98 121 3 -0.000102399412 -5.81756735
86 89 117 124 2 -0.000185841578 -4.04094076
115 115 41 46 2 -0.000128862754 -5.1688838
35 38 71 106 2 -1.70468957e-05 -6.92712927
59 61 144 175 2 -0.0010839171 -2.55451846
65 67 75 79 2 -4.54184919e-05 -3.54252839
42 47 59 94 1 -6.17497426e-05 -4.92976093
46 46 66 101 3 -3.21863954e-05 -6.64668512
82 82 148 183 3 -0.000178928763 -5.36518812
89 92 22 45 1 -1.74045017e-05 -4.8142333
56 56 106 111 2 -0.000159617863 -4.22174597
146 146 95 130 3 -4.1484549e-05 -5.35811996
49 49 74 81 3 -0.000277152256 -4.76351833
92 94 103 134 1 -0.000259747292 -2.91612387
90 90 48 83 2 -0.000559991051 -5.32494736
113 116 76 91 2 -6.842531e-05 -6.74046803
17 18 39 46 2 -0.00101234054 -7.08891153
15 18 71 102 1 -0.000428888685 -3.09138536
103 104 65 70 2 -5.68623873e-05 -5.26079607
77 78 145 148 2 -2.27689015e-05 -4.39666128
39 40 60 83 2 -5.40014007e-05 -6.37985325
0 0 0 0 3 -0.0103272172 5.5762291
0 0 0 0 3 -0.030295115 8.09749222
0 0 0 0 2 -0.290858626 7.88187027
0 0 0 0 3 -0.0153975012 6.52232027
0 0 0 0 2 -0.308295459 8.1527977
0 0 0 0 3 -0.0067148637 5.86838818
0 0 0 0 2 -0.00544558326 8.46596909
0 0 0 0 2 -0.0746505931 10.2790871
0 0 0 0 3 -0.0147740701 6.9769063
0 0 0 0 2 -0.784765005 8.82885838
0 0 0 0 2 -0.588822126 8.93266296
0 0 0 0 3 -0.613994658 7.89702606
0 0 0 0 2 -0.0345973298 7.94617224
0 0 0 0 0 -0.0984825566 10.2587681
0 0 0 0 2 -0.590065718 9.45436192
0 0 0 0 3 -0.0263368338 8.22817326
0 0 0 0 2 -0.011106059 7.87692928
0 0 0 0 2 -0.0339072868 10.0097818
0 0 0 0 2 -0.0444472544 5.29434776
62 66 102 110 1 -3.24247776e-05 -4.6445179
84 93 65 72 0 -4.1007781e-05 -2.76039839
0 0 0 0 2 -0.142556891 9.53223705
130 136 151 186 1 -6.7590845e-05 -5.63885403
97 101 47 82 3 -4.315353e-05 -5.19536209
43 50 58 61 1 -6.68757857e-05 -4.45990801
119 121 48 83 1 -0.000122424899 -3.99224663
0 0 0 0 2 -0.173199341 10.0814514
68 70 100 105 3 -0.00011551175 -5.75592184
119 122 133 141 0 -0.000147816609 -3.11062956
76 79 39 42 2 -2.55106934e-05 -4.18134832
147 151 59 94 2 -2.65835242e-05 -6.55007219
35 42 52 54 0 -1.76429312e-05 -3.20100141
168 171 130 153 0 -7.23591511e-05 -3.20161462
56 59 73 84 3 -0.000135536699 -5.09981012
41 42 53 60 3 -0.000143406302 -5.10241318
131 135 166 197 1 -0.000487883139 -2.60802412
142 143 156 171 3 -0.000383110048 -4.27598095
170 175 59 67 0 -3.58818215e-05 -4.75089169
69 76 84 91 1 -0.000101564663 -4.63186836
120 125 140 147 3 -4.85177552e-05 -5.38014221
45 48 58 60 4 -0.000191087471 -3.33665252
59 61 83 118 1 -0.000150199456 -4.45142508
0 0 0 0 2 -0.190454587 8.45485306
157 161 104 139 4 -0.000181431024 -2.02632594
78 82 96 127 4 -0.000673349481 -3.89111876
51 51 63 78 4 -0.000569869066 -3.4437778
20 24 55 58 4 -0.000163075063 -1.72916973
0 0 0 0 3 -0.556435823 9.23660088
0 0 0 0 1 -0.00278332573 3.70654249
100 104 39 74 1 -3.18287348e-05 -4.53339386
96 101 157 192 0 -4.23190286e-05 -4.26681089
0 0 0 0 1 -0.747782588 9.54773617
0 0 0 0 3 -0.0538793318 8.16473866
91 94 120 143 2 -3.46897505e-05 -8.40958691
78 81 42 45 1 -2.50338653e-05 -5.09160852
88 92 109 144 1 -0.000154014269 -3.4619422
30 34 75 83 0 -6.47299021e-05 -2.84717035
67 71 86 88 0 -1.03711964e-05 -2.99703598
47 49 53 55 2 -1.78751886 1.8748728
93 95 48 49 2 -0.000103591083 -2.71434999
209 210 110 112 2 -0.000144240461 -3.89392328
91 97 155 159 0 -1.87157912e-05 -4.17865705
145 149 30 65 3 -8.17755499e-05 -6.23048639
0 0 0 0 3 -0.0137451459 7.69879532
151 154 105 111 2 -0.000506606069 -1.98142469
108 114 84 89 1 -0.000113128008 -3.59026909
0 0 0 0 1 -0.073794663 8.97620869
10 11 21 29 2 -0.000962964783 -1.65343142
102 104 118 124 2 -2.21728642e-05 -3.56567907
88 96 26 32 1 -0.000205869248 -3.61161137
60 65 85 89 1 -0.000186079706 -3.51298094
40 44 56 59 2 -0.000112412119 -4.34027386
99 104 136 141 2 -0.000208369427 -4.31469488
0 0 0 0 3 -0.0157216452 8.08272076
57 63 73 78 3 -4.30343352e-05 -6.53796959
85 89 28 63 3 -5.14980275e-05 -5.26404619
45 51 107 142 1 -0.000114558323 -4.246768
130 130 148 183 2 -0.000667988264 -5.73124456
48 51 88 99 2 -0.000125286606 -4.92572832
45 51 61 67 0 -3.62392529e-05 -2.26093221
139 139 36 38 3 -0.00089155999 -3.64842343
80 84 99 134 3 -8.86898488e-05 -5.46213102
143 146 93 128 3 -0.000193233383 -5.10890579
35 36 44 51 2 -1.9788702e-05 -4.50964117
164 165 113 148 2 -5.35245163e-05 -4.81272459
0 0 0 0 4 -0.000804811832 1.17948532
71 75 43 58 3 -0.000146028542 -4.57788086
66 71 51 59 3 -6.58029749e-05 -5.30447388
89 93 106 113 4 -8.38033011e-05 -4.30817461
98 101 34 41 1 -6.62793391e-05 -5.56217194
48 48 99 134 4 -0.000783587573 -4.19913101
0 0 0 0 2 -0.035946127 8.24146938
78 78 101 106 4 -0.000540450448 -4.40862417
35 35 101 105 4 -0.00030564185 -4.78361511
104 104 54 89 3 -0.000120637065 -5.3532424
195 198 174 180 2 -9.50086978e-05 -5.72927046
93 94 106 114 2 -0.000592416967 -3.17376566
130 130 83 114 3 -0.000290979107 -4.62604189
125 125 186 197 3 -0.000593224599 -6.03517151
93 99 68 71 0 -3.00404954e-05 -2.51345754
49 50 109 111 3 -0.000229590136 -4.79306555
46 50 65 100 3 -1.45435088e-05 -6.24798107
68 72 85 90 1 -4.95906934e-05 -4.82409954
98 101 21 36 1 -4.87562029e-05 -4.5116334
131 137 170 175 0 -4.10078173e-05 -5.99475861
210 217 130 139 1 -0.0223415736 -3.17706847
126 130 102 108 2 -1.39474632e-05 -4.85268688
83 85 26 33 2 -0.000163312157 -5.0345211
40 45 52 87 1 -0.000161040793 -4.15339231
0 0 0 0 2 -0.0153614935 6.84623623
0 0 0 0 2 -0.0771542862 8.31536865
128 132 83 118 2 -4.20806391e-05 -4.14250278
61 66 43 47 3 -2.07423582e-05 -5.82757139
62 66 72 79 3 -4.14846509e-05 -6.67741203
0 0 0 0 4 -0.00108308578 -2.00144267
79 87 49 56 0 -2.22920535e-05 -4.02536011
57 63 145 180 3 -0.00177714427 -5.95891237
56 60 75 82 4 -0.000113485294 -4.21343994
0 0 0 0 2 -0.00196233648 4.90421629
0 0 0 0 1 -0.00246516918 4.42084503
138 142 70 74 2 -0.000174756497 -4.08217573
190 191 164 170 2 -3.18287603e-05 -6.01757193
53 56 44 47 2 -9.13131953e-05 -2.62914252
118 122 65 100 3 -1.77621478e-05 -7.67792034
75 75 45 47 3 -0.000491823361 -4.0361762
127 127 78 113 2 -0.0012971001 -3.61034036
0 0 0 0 2 -0.582622468 8.60422325
80 82 38 46 4 -0.00112801034 -1.61724842
96 102 47 82 1 -4.41071243e-05 -4.21684122
123 125 48 52 3 -7.52204505e-05 -6.57854462
25 30 35 39 4 -0.000171417429 -5.20508194
109 112 125 140 3 -0.000982070342 -3.35174584
33 40 115 130 2 -0.000113246962 -3.99976993
113 115 40 49 1 -4.19614444e-05 -6.17762852
0 0 0 0 3 -0.269530177 9.26590061
126 130 139 146 4 -0.000378088123 -4.24555874
104 104 64 99 3 -0.00131773332 -5.98377562
158 163 59 94 3 -4.50608532e-05 -6.2119894
0 0 0 0 0 -0.0640541464 10.0498085
25 31 106 109 2 -0.000136729912 -4.90979528
0 0 0 0 3 -0.656671405 9.05657673
73 73 144 159 3 -0.0258531254 -2.57058167
27 30 35 46 2 -0.000147101353 -5.63778162
202 205 158 193 2 -0.000749104249 -3.92621469
0 0 0 0 2 -0.40986526 8.05155277
81 85 24 39 3 -0.000267735857 -4.96050167
207 210 64 99 1 -0.000138637784 -4.4175005
130 139 109 118 1 -3.62393403e-05 -6.97672367
78 81 56 60 4 -0.000104425853 -4.24366713
50 55 77 112 2 -0.000213018924 -7.27950382
45 52 63 74 2 -0.000614715274 -1.29546535
212 212 96 131 2 -0.000319454673 -7.95269632
37 44 56 63 0 -3.62393876e-05 -2.14639091
62 69 93 99 0 -4.39877185e-05 -2.24172163
46 48 91 126 2 -5.7339199e-05 -4.67492247
41 41 51 58 2 -5.06635552e-05 -4.62533283
68 71 85 96 1 -7.45050274e-05 -4.84712315
125 129 47 82 4 -0.000171537686 -2.96281981
93 98 48 50 1 -2.92061777e-05 -3.92989802
164 172 105 140 4 -0.000305639842 -4.49815893
32 34 20 26 1 -0.000227442841 -4.34696531
107 109 90 92 2 -0.000283824513 -3.65257549
96 96 105 113 4 -4.98291629e-05 -4.95857906
46 52 71 78 1 -0.00010871733 -4.36326599
112 116 94 101 0 -9.41752569e-06 -2.36997437
77 77 105 120 2 -2.06231325e-05 -5.55834866
42 45 80 103 2 -0.000107524967 -7.9809556
85 88 97 132 2 -5.62662062e-05 -6.86944532
127 134 57 59 0 -4.93523439e-05 -2.58022499
173 177 103 111 2 -1.39474623e-05 -5.04168034
139 143 46 52 0 -6.69950095e-05 -1.56542361
22 26 52 58 4 -0.000711447618 -2.43634701
104 110 125 140 2 -4.41070042e-05 -6.94367504
0 0 0 0 2 -0.391212076 9.91150856
77 77 115 122 4 -0.000781905546 -4.135252
0 0 0 0 3 -0.00813027471 6.51842451
131 131 112 119 2 -6.47301204e-05 -5.72107029
0 0 0 0 2 -0.0449088663 9.13241291
0 0 0 0 2 -0.283282548 8.06065083
119 119 81 87 3 -0.000219576294 -4.58183432
33 36 78 86 2 -0.00021230476 -4.78262329
133 136 82 117 3 -4.42263663e-05 -5.2721982
0 0 0 0 2 -0.0009543341 5.44733238
0 0 0 0 2 -0.40517503 8.46854305
30 41 52 52 0 -0.000112411792 -2.15610552
48 55 84 115 0 -0.0148611227 -1.74873614
141 145 158 164 4 -0.00048717999 -2.25188255
173 173 115 126 2 -0.000118969023 -6.08956718
44 52 56 62 2 -0.000616126927 -5.43907022
84 87 41 42 0 -9.81079356e-05 -1.18920088
203 206 130 134 2 -3.65969354e-05 -3.93329906
44 52 167 202 2 -7.08094231e-05 -8.11333084
133 137 55 70 2 -0.00010025339 -4.91974735
51 54 74 79 0 -0.0289817844 4.03987694
135 136 123 129 2 -0.000126240222 -3.80872703
7 11 17 52 4 -0.000428027473 -3.9072206
62 63 130 165 3 -0.000899661391 -6.1771245
51 54 99 134 2 -1.9907875e-05 -7.73096514
0 0 0 0 2 -0.0717100576 9.82781029
93 96 123 131 2 -0.000331029238 -5.62032652
126 132 195 203 1 -0.000100729296 -4.98022127
52 52 103 112 3 -0.000261058594 -5.25042725
41 41 54 89 2 -2.33649644e-05 -5.59797716
76 81 95 130 2 -0.000395867159 -3.65976834
93 95 148 151 2 -2.50338417e-05 -8.51244354
30 36 44 79 2 -0.000396708114 -3.31717396
0 0 0 0 2 -0.380002648 8.58165741
107 110 80 87 4 -5.60278859e-05 -3.68691444
115 117 128 163 2 -0.000238047724 -5.50581026
0 0 0 0 3 -0.00340269087 5.48205233
0 0 0 0 1 -0.0150771216 8.29936504
152 152 68 91 3 -0.000161286356 -4.22911501
13 21 33 38 2 -0.000285493938 -2.68138003
33 40 76 80 2 -0.000132439498 -5.21570969
11 16 29 36 3 -0.0113061564 -1.04834569
107 112 77 83 3 -0.000105260318 -4.88251781
0 0 0 0 3 -0.00622497499 6.07285881
44 48 219 226 2 -0.00065708498 -5.15758181
116 116 155 159 3 -0.000240076377 -5.59992695
83 89 53 61 0 -2.80140048e-05 -2.97149563
0 0 0 0 3 -0.587736964 5.91366625
121 121 103 110 3 -0.000496947381 -4.8371048
56 60 77 80 3 -0.00013446447 -3.09668994
100 104 163 178 3 -0.000198119378 -6.33120632
90 92 110 145 1 -4.87562284e-05 -5.31556988
0 0 0 0 1 -0.139214337 7.21130848
177 177 126 157 3 -0.0127968881 -2.47300458
37 43 80 115 0 -2.59874705e-05 -3.6331768
98 98 135 143 4 -0.00123694132 -4.37312698
113 118 38 42 2 -6.37763733e-05 -5.03562689
133 135 78 113 1 -2.45570354e-05 -4.61654663
58 62 78 80 4 -0.000269166019 -3.01210952
91 94 106 112 4 -6.8544301e-05 -5.50788021
0 0 0 0 2 -0.0188967064 8.98860645
0 0 0 0 3 -0.311168551 7.59848833
0 0 0 0 4 -0.0494230986 6.92424059
30 36 56 91 1 -0.00257757585 -3.65240574
116 120 68 99 2 -7.92733044e-05 -4.04823208
123 123 103 111 2 -4.13653324e-05 -6.09135199
93 94 101 104 2 -4.31535445e-05 -3.81852794
16 19 35 38 2 -0.00149972597 -1.70063758
105 108 52 87 2 -2.0265521e-05 -4.86415339
0 0 0 0 1 -0.0310630519 7.08302021
102 108 118 126 1 -0.000143405938 -5.33839607
48 50 96 98 2 -0.000324235414 -2.58243299
109 115 54 85 2 -7.3670526e-05 -5.15602684
57 57 72 107 3 -1.49011366e-05 -6.4473443
53 59 107 115 0 -2.83716745e-05 -2.71215105
185 186 203 212 2 -0.00168093818 -6.63445616
0 0 0 0 3 -0.44346714 8.35883713
79 84 152 156 1 -0.00266744243 -2.23762369
116 116 130 132 4 -0.00366647309 -3.38094115
94 97 129 137 2 -4.25573962e-05 -4.70329857
109 112 49 54 2 -5.60279441e-05 -3.34971309
0 0 0 0 3 -0.118492164 9.34839058
0 0 0 0 2 -0.0628215373 3.09041286
80 80 50 56 2 -8.48757409e-05 -5.24473095
110 111 29 64 2 -0.000336273544 -3.47214055
50 50 92 123 2 -7.97492539e-05 -5.49783468
0 0 0 0 2 -0.0276698992 8.72545433
81 86 36 71 4 -0.000117657866 -3.1429503
0 0 0 0 1 -0.0246962812 9.02899647
110 113 54 58 2 -0.0103360554 -0.763499916
0 0 0 0 0 -0.686245561 12.3332138
0 0 0 0 2 -0.104464039 10.0757256
231 237 130 165 1 -0.0607945323 -8.79330826
134 137 48 59 2 -9.72736161e-05 -5.29005861
68 70 94 102 2 -1.83581869e-05 -6.72537947
29 35 87 91 2 -0.000315055135 -3.0120306
134 135 120 125 2 -5.5312521e-05 -5.02649641
0 0 0 0 4 -0.0563748665 8.31028461
35 41 106 113 0 -8.67824419e-05 -2.86745548
62 65 23 27 4 -0.00122933253 -2.84915781
69 72 152 183 2 -0.00039634679 -5.14208174
25 25 38 73 2 -8.26109026e-05 -3.18153024
74 74 134 137 2 -0.000163670062 -4.55207682
0 0 0 0 2 -0.0211466514 6.917346
59 62 75 110 0 -2.52722803e-05 -3.02936411
95 99 112 120 3 -0.000111458503 -5.00756884
48 48 60 68 3 -0.000354148942 -2.65828586
196 199 86 91 2 -0.000106808657 -5.31849623
109 113 40 42 3 -8.86905327e-05 -5.49632359
65 67 178 182 2 -0.000174515357 -4.07394218
99 105 42 46 1 -0.000281082874 -1.92081463
83 89 115 123 3 -8.61871595e-05 -4.85772705
51 52 65 71 2 -0.000454512308 -2.45638394
105 108 53 55 2 -0.000221960217 -2.02748632
146 149 126 131 2 -3.74315059e-05 -4.92337894
127 128 93 95 4 -0.000710519438 -4.79286098
0 0 0 0 3 -0.0720349327 9.19359303
70 74 84 119 0 -0.000150197389 -2.72430634
157 162 99 134 1 -7.80813934e-05 -2.82863522
61 63 197 201 2 -0.000101445199 -5.55107927
0 0 0 0 2 -0.0560032576 7.19092798
54 54 89 124 2 -2.68219937e-05 -5.62885904
58 64 23 46 1 -3.40936713e-05 -3.8730073
147 150 90 125 4 -0.000496714318 -4.28199053
154 155 95 130 2 -3.32592608e-05 -6.22912836
0 0 0 0 2 -0.310911238 8.77212238
0 0 0 0 3 -0.665352702 8.57472134
40 41 26 29 3 -7.3670657e-05 -4.92081976
62 64 100 108 1 -0.00043659599 -5.55492353
122 128 41 47 0 -4.62528078e-05 -2.3518517
80 83 60 68 2 -3.42128296e-05 -5.37678623
141 144 71 82 1 -8.66639311e-05 -4.05359364
92 101 44 46 0 -4.0769286e-05 -3.24547005
0 0 0 0 2 -0.757562995 10.4570665
74 77 85 88 0 -2.39609562e-05 -4.53309345
190 197 133 136 0 -0.000151631597 -2.69222879
0 0 0 0 2 -0.00230952445 5.18399429
106 109 81 85 2 -0.000125882943 -3.5483706
93 94 101 109 3 -3.76698626e-05 -5.32176971
48 48 155 159 3 -0.00117793516 -4.49710369
45 49 64 66 1 -0.00382911204 -2.24221587
114 114 82 90 3 -8.28493503e-05 -6.16172457
52 60 79 83 0 -0.000146623875 -2.95780754
0 0 0 0 3 -0.0120533444 6.62411261
0 0 0 0 2 -0.0471666567 7.54373884
0 0 0 0 2 -0.00821579434 8.75617218
62 62 148 183 3 -0.000258317508 -5.71977854
47 53 80 88 1 -6.97366049e-05 -7.56807184
144 144 73 75 2 -0.000208848825 -5.08442688
59 65 76 82 2 -4.64913646e-05 -6.3888731
99 100 46 53 2 -0.000254502171 -3.4163723
179 183 146 157 2 -0.000144478618 -4.95818949
81 85 102 113 3 -3.50473201e-05 -6.16555977
77 82 95 98 0 -1.95502635e-05 -1.96984982
103 107 116 131 0 -2.25304902e-05 -4.4691186
0 0 0 0 2 -0.00493488321 7.16102839
51 53 62 85 1 -0.00014221351 -5.25696945
96 101 80 83 0 -0.000232791033 -2.468642
90 90 104 110 2 -0.000239352245 -6.10657692
121 121 70 105 2 -0.000110863053 -4.29578209
34 42 58 65 0 -7.3789437e-05 -4.23002911
67 69 108 143 2 -5.90079799e-05 -5.64354086
117 117 40 47 3 -2.47954522e-05 -6.63626099
60 67 99 134 2 -0.0001791658 -3.69978261
90 90 42 53 3 -7.31938053e-05 -5.13178349
75 76 52 58 2 -5.11404542e-05 -8.24482059
79 79 65 70 3 -0.000500284601 -2.58200073
118 118 34 36 2 -6.37763442e-05 -6.487813
140 147 180 215 3 -0.000159379211 -5.94626617
47 50 102 113 3 -6.6756671e-05 -4.60926008
124 129 34 37 1 -1.97886948e-05 -6.6115799
58 62 146 181 2 -0.000126001396 -4.84081984
154 158 52 87 4 -0.000898720464 -4.04127455
104 106 91 98 2 -8.0941958e-05 -3.07762599
0 0 0 0 3 -0.159393311 7.82114697
150 158 39 54 3 -0.00193499145 -4.20093822
32 37 84 119 1 -0.000148769439 -5.87560511
0 0 0 0 2 -0.0917683244 6.55219364
124 127 77 84 3 -0.000111697504 -4.44405317
71 71 110 145 3 -0.000473349355 -3.08249736
96 100 139 147 2 -4.57759888e-05 -6.2606988
55 57 114 125 1 -3.48089707e-05 -6.10247755
201 205 36 44 2 -0.00012182902 -4.38285875
89 91 116 147 1 -0.000827940297 -2.20457315
0 0 0 0 4 -0.0123082213 6.75361919
70 78 92 99 0 -3.51663512e-05 -3.17951417
84 92 109 117 1 -4.98289774e-05 -4.94538975
45 49 60 95 3 -2.43186259e-05 -5.4554162
130 132 149 153 2 -0.000367144938 -5.36473608
114 123 144 179 0 -4.41072225e-05 -5.85241699
94 98 39 74 2 -0.000339131686 -5.35994911
0 0 0 0 3 -0.276494056 10.1289177
224 225 120 143 3 -0.000427792198 -5.46580935
76 76 89 97 4 -0.00013923303 -5.4376483
124 128 66 97 1 -0.000458928262 -1.920753
0 0 0 0 2 -0.674702585 7.75281
0 0 0 0 2 -0.531735182 9.47222519
92 94 110 145 2 -2.1934442e-05 -6.53608131
66 72 134 145 0 -2.7537244e-05 -4.35287285
31 31 120 123 2 -0.000202053809 -5.0374198
0 0 0 0 2 -0.552376032 7.47018719
59 62 139 147 3 -6.35376709e-05 -5.95269394
66 69 44 49 3 -0.00467652362 -2.5805347
55 61 171 175 2 -0.000294784841 -5.72646236
121 121 137 146 3 -0.0238565654 -2.96432614
0 0 0 0 3 -0.0191310104 4.00977945
0 0 0 0 4 -0.182205468 8.12870789
28 28 39 46 4 -0.000147458268 -4.94770384
0 0 0 0 1 -0.011018238 1.4567064
0 0 0 0 3 -0.585497677 8.41907597
43 51 143 178 0 -0.000144955251 -4.23988581
84 84 39 44 2 -2.20536476e-05 -6.25798798
78 79 98 113 2 -4.93522894e-05 -4.40998697
44 48 21 29 1 -6.87829888e-05 -4.81479216
46 54 111 113 0 -4.45840014e-05 -2.77098918
100 106 59 67 0 -1.68084734e-05 -2.57772183
72 73 55 66 2 -0.000275959319 -3.02484322
0 0 0 0 2 -0.00147318491 5.2566309
39 42 72 95 2 -0.0201923009 -2.30297565
92 96 65 76 1 -0.0178103596 -4.45548344
103 106 116 131 2 -1.02519843e-05 -8.50510406
84 87 61 66 3 -0.000193113738 -5.03558397
151 159 92 115 0 -0.000800276583 -2.23140264
0 0 0 0 3 -0.60422045 9.0153923
174 177 44 52 2 -7.93922591e-05 -5.96987486
183 184 85 120 3 -0.000497661589 -2.63072634
97 100 115 121 4 -0.000637354155 0.477719516
43 50 63 98 1 -4.62528915e-05 -6.23517132
48 52 63 86 2 -0.00108525006 -2.89581275
57 61 79 114 2 -1.28745842e-05 -7.95145273
71 76 94 101 1 -2.16960289e-05 -4.26897335
88 91 101 103 1 -0.000192516309 -2.91757178
145 146 79 84 2 -0.00123195362 -1.4182322
45 49 88 97 3 -5.60279732e-05 -5.1328764
43 45 104 111 2 -1.44242977e-05 -6.26252794
88 90 67 74 1 -0.000153056346 -2.71616626
133 137 81 116 2 -2.75372513e-05 -4.39874268
95 95 48 83 3 -2.55107207e-05 -4.91872406
41 41 121 156 2 -0.000118611351 -5.17929602
133 133 148 183 4 -0.000893017161 -4.22083998
74 74 92 107 3 -0.000234471809 -4.61470127
132 136 149 184 3 -2.76564733e-05 -5.96205997
0 0 0 0 2 -0.00823522266 7.4005127
92 99 66 70 2 -3.92196052e-05 -5.06414127
107 110 60 83 2 -0.000419827615 -3.36556935
0 0 0 0 4 -0.00163578836 5.31821442
56 59 73 108 3 -5.34050887e-05 -5.11275434
131 137 40 75 0 -7.78428584e-05 -4.42648125
39 43 54 89 3 -5.99618543e-05 -5.18505907
85 91 109 144 3 -0.000311476993 -4.84499741
63 65 45 56 2 -3.29016366e-05 -3.75011778
20 23 28 63 4 -0.000599426567 -4.77383471
106 113 89 94 2 -2.5510697e-05 -4.27320623
76 81 97 132 4 -0.00017642451 -3.86302185
88 90 105 140 3 -0.000411129149 -4.45463371
38 38 48 71 4 -0.000247707765 -3.65046096
0 0 0 0 2 -0.119305015 9.24771786
56 59 138 145 2 -4.81602037e-05 -6.32631731
87 91 101 107 2 -7.74859745e-06 -6.03649759
118 119 162 193 2 -9.36974611e-05 -5.62275982
44 47 66 101 2 -4.93523257e-05 -4.07003927
71 72 25 60 2 -0.000106690954 -6.09485388
110 112 55 90 1 -6.17498954e-05 -3.35106301
122 124 30 53 1 -0.000318749546 -4.40358829
119 119 128 139 3 -0.000286805705 -4.61218929
133 140 156 160 0 -0.0002576017 -2.42722893
134 139 116 118 3 -6.2226798e-05 -4.522367
80 84 36 38 2 -0.00010621392 -3.07679081
42 52 98 105 0 -5.36433581e-05 -2.58334446
47 48 58 93 3 -3.14711251e-05 -4.91329098
39 40 89 124 4 -0.000475847744 -4.276968
0 0 0 0 2 -0.861908257 9.86987877
93 97 55 86 3 -7.3909192e-05 -5.699121
69 73 94 103 4 -0.000246752577 -4.37254047
96 96 125 129 3 -0.000134942369 -5.36894178
58 59 109 144 4 -0.0125482948 -1.41757786
116 121 101 106 4 -0.000107882886 -3.80351973
39 46 124 130 1 -5.36438529e-05 -6.08875275
0 0 0 0 2 -0.00435314327 7.43273354
0 0 0 0 3 -0.513446987 7.34460735
97 103 45 49 2 -0.000358446268 -4.6874361
110 114 68 75 1 -7.45050711e-05 -4.34450817
88 96 112 121 3 -2.90869812e-05 -5.49097157
52 52 107 109 2 -0.000221004651 -3.50364351
161 166 110 145 0 -5.82923167e-05 -4.75692511
90 90 102 117 3 -0.04515424 -3.83807254
0 0 0 0 1 -0.652303517 7.38130188
51 52 67 71 3 -4.1842246e-05 -5.41559505
151 156 48 50 4 -0.000781692332 -3.92489672
0 0 0 0 2 -0.710412204 7.42879152
31 39 43 58 2 -0.00233299076 -6.19119787
0 0 0 0 2 -0.00226016506 6.31241512
88 90 136 171 3 -6.19882267e-05 -5.40854597
121 125 157 192 4 -0.00019168343 -2.69841719
75 75 37 40 3 -7.27164734e-05 -5.45522451
100 107 50 85 1 -3.73122675e-05 -6.59856176
70 71 141 176 3 -6.30611394e-05 -6.51617575
0 0 0 0 2 -0.148167372 8.0515871
44 47 80 115 3 -4.69682091e-05 -5.18150043
116 120 138 142 0 -9.00010637e-05 -2.08612657
65 65 51 55 2 -0.00114419602 -1.40820229
217 221 73 108 3 -0.00801128335 -1.17723441
0 0 0 0 2 -0.11285542 4.14904642
0 0 0 0 2 -0.0027507043 6.34204674
85 88 97 112 1 -7.30746979e-05 -3.39908767
118 120 136 151 2 -0.000279889151 -2.12816334
0 0 0 0 2 -0.258401632 7.30581284
144 149 89 124 4 -0.000198117385 -2.9081707
106 107 56 63 1 -6.23459127e-05 -4.62110996
39 42 86 94 2 -6.86636922e-05 -5.22592163
55 60 111 146 3 -0.000113008835 -4.81298399
99 105 118 126 0 -6.29416609e-05 -1.73301685
105 109 128 134 3 -0.00743059628 -3.60367513
89 92 101 116 2 -0.000174279659 -2.65762854
107 110 119 125 3 -0.00118570705 -3.05301714
93 98 149 184 4 -0.00274559343 -3.12570691
44 44 96 103 3 -0.000624963257 -3.93245077
77 77 96 131 3 -0.000540069886 -4.10250521
83 88 98 105 2 -3.24247885e-05 -3.91005635
59 68 97 104 0 -0.000202523792 -3.13684869
57 60 117 124 2 -0.000235903542 -3.86506009
145 145 158 165 3 -0.0455686375 -1.94824994
0 0 0 0 3 -0.430813611 8.92226601
42 43 53 88 3 -4.26765873e-05 -4.99427557
0 0 0 0 4 -0.0260199998 8.20159817
96 99 112 119 2 -5.05444186e-05 -5.29419374
127 130 108 113 1 -5.09018937e-05 -5.87335157
63 63 36 51 3 -1.2516959e-05 -5.75993204
53 56 41 43 1 -8.80944717e-05 -5.9974184
106 106 119 126 2 -2.80140994e-05 -5.59496498
154 154 94 117 3 -0.00012218763 -5.0750041
61 0 24 29 1 -2.03174496 3.12931061
146 147 67 71 3 -6.23459273e-05 -5.50366974
0 0 0 0 2 -0.156444117 8.7647171
124 128 51 86 3 -0.00010800219 -5.69836617
106 109 52 75 2 -2.02655301e-05 -6.39333344
35 38 85 90 0 -0.000195615154 -2.28239346
196 201 113 117 1 -3.88620683e-05 -5.35190773
0 0 0 0 1 -0.0351706333 7.17816591
114 119 46 50 3 -0.000103353144 -4.02896404
112 115 20 55 3 -7.79621259e-05 -5.57970524
0 0 0 0 3 -0.00759327691 5.65726519
56 58 106 129 2 -0.00040658447 -4.16432476
0 0 0 0 3 -0.364549518 8.95634842
89 94 64 79 1 -0.000451896194 -1.60697711
109 113 62 68 2 -3.30208386e-05 -4.4809866
111 115 144 146 2 -0.000913495198 -2.250108
136 146 73 108 0 -2.71796252e-05 -3.01013613
90 93 35 39 2 -2.40802074e-05 -4.2670846
183 183 201 236 2 -0.000187749858 -6.03200817
54 58 111 122 4 -0.000589208445 -4.26688194
60 66 91 93 0 -0.000148648935 -0.0900605321
56 61 74 76 2 -6.30612922e-05 -6.81638575
133 137 38 73 3 -0.000185245939 -4.53942823
36 36 71 106 3 -0.00108511152 -3.52910829
42 42 56 91 3 -8.02268551e-05 -5.8288064
79 80 97 101 2 -2.86101258e-05 -5.10713005
0 0 0 0 2 -0.0279207677 8.00920677
161 166 44 75 1 -0.00297582196 -2.49595118
72 75 100 102 2 -0.000161166594 -4.3510685
22 26 33 68 2 -8.8331959e-05 -6.04755402
69 69 77 79 2 -0.000301706808 -3.94796276
0 0 0 0 3 -0.517207265 8.41001129
63 66 108 143 2 -0.000102995393 -5.68903065
131 131 148 183 4 -0.0002634415 -1.93710363
0 0 0 0 2 -0.00204108236 6.09723711
123 126 107 116 2 -4.35109832e-05 -6.76981115
0 0 0 0 3 -0.0140883755 7.16408682
68 69 99 107 3 -0.00011777594 -4.49515009
148 153 99 122 3 -0.000218979374 -4.98681879
135 137 121 127 1 -0.000220050002 -4.32047892
59 66 37 44 1 -4.02925216e-05 -5.89824438
83 88 57 65 1 -0.000102756661 -2.08031082
69 75 87 122 3 -3.08750714e-05 -5.96171141
0 0 0 0 2 -0.0017832974 5.05065823
0 0 0 0 2 -0.53788358 9.3045578
39 43 48 79 3 -0.00639952254 -3.09927869
61 63 123 138 3 -0.000154968933 -5.82649326
96 99 26 33 3 -3.70738635e-05 -5.20612288
93 99 158 181 2 -0.000129339227 -5.55467939
57 61 152 187 3 -0.00021361711 -4.94843578
0 0 0 0 2 -0.0187030863 8.4514761
44 48 66 97 3 -0.000160214418 -5.81960011
39 43 73 108 3 -8.11807404e-05 -5.51998234
47 49 69 78 1 -0.000200146576 -3.88369536
0 0 0 0 2 -0.00158998789 5.09134722
50 54 97 102 3 -3.11134754e-05 -5.25940275
0 0 0 0 2 -0.0461787768 6.73215151
137 138 68 74 3 -0.000165456644 -4.209095
29 37 48 54 0 -3.75506788e-05 -2.89880157
55 60 71 86 2 -1.38282539e-05 -5.87546253
31 37 41 52 0 -0.00011837254 -5.56669569
109 113 27 29 3 -0.000531130994 -4.36442852
173 179 190 194 1 -2.77756826e-05 -4.15647697
0 0 0 0 2 -0.85649699 8.302001
41 45 59 74 3 -2.38417797e-05 -5.85961103
45 48 128 143 1 -5.6981622e-05 -4.19901323
133 135 66 101 2 -0.000717361923 -7.16770887
79 89 61 65 1 -5.66239214e-05 -4.62662935
119 125 103 108 0 -4.24379505e-05 -3.66290689
59 59 72 80 2 -0.0544976331 1.66032422
0 0 0 0 3 -0.0286777038 5.70326185
127 131 78 86 3 -5.72199497e-05 -5.80945349
98 101 31 46 2 -0.000153656685 -3.14999795
79 83 96 101 3 -0.000190252569 -6.20807362
127 131 204 215 2 -0.000509822101 -5.2132535
130 136 52 87 1 -2.40801764e-05 -6.32659435
130 134 106 115 0 -5.07827863e-05 -2.41920781
44 47 121 128 0 -1.77621387e-05 -3.66206264
130 133 37 52 1 -0.000134942136 -2.14276958
135 135 113 124 3 -0.000136730494 -5.82383156
0 0 0 0 2 -0.0243348591 7.86155081
87 89 76 81 1 -9.28628579e-05 -5.12782907
0 0 0 0 2 -0.108401708 7.14562654
0 0 0 0 2 -0.00315606035 4.88734913
106 108 123 125 1 -2.39609944e-05 -5.16289997
35 35 50 85 2 -0.000199305825 -8.62173271
60 62 162 197 2 -0.00376255624 -9.41685486
0 0 0 0 2 -0.58262074 10.9411621
133 138 70 105 1 -4.07693442e-05 -5.55946445
137 140 109 113 0 -3.14710887e-05 -3.80260944
0 0 0 0 2 -0.00473735388 6.59030724
61 69 80 89 2 -3.89811939e-05 -4.7822032
51 53 65 67 1 -5.11404578e-05 -5.44839478
54 58 68 72 1 -0.783442318 -0.390885144
61 65 81 96 1 -0.00160245155 -2.29733205
0 0 0 0 2 -0.0921638235 7.7864151
52 59 0 79 0 -1.83102345 7.9930377
0 0 0 0 2 -0.480726391 9.38522053
125 128 43 78 3 -7.30745305e-05 -5.61697435
132 135 152 187 2 -0.000271662779 -7.72372627
78 83 36 39 1 -0.000128028769 -3.14984655
137 143 34 69 2 -5.4954904e-05 -7.35986662
57 61 76 111 4 -0.000185603494 -5.06767178
0 0 0 0 2 -0.228666693 7.83730984
111 114 142 146 1 -0.000105856641 -5.89251757
78 81 122 129 1 -0.000250688725 -4.14580822
66 72 102 110 1 -0.000233166007 -3.89479637
22 26 71 76 3 -7.91541315e-05 -4.53809595
17 24 29 31 1 -0.000369515561 -2.93687654
0 0 0 0 2 -0.0103154052 7.6263752
29 29 97 104 2 -0.000102279999 -4.15489721
87 88 45 50 2 -2.36033793e-05 -7.26336718
69 76 120 123 2 -4.0054103e-05 -5.31100368
76 83 109 132 0 -1.51395479e-05 -6.00065565
50 51 59 66 1 -8.48760683e-05 -5.37027979
84 88 48 53 2 -0.000181311363 -6.33721685
148 151 66 72 2 -5.7815796e-05 -7.04785538
80 84 95 130 4 -0.000175948415 -3.20745373
94 94 111 119 2 -0.000838258886 -0.560163736
53 57 106 141 2 -8.55913386e-05 -3.97866058
89 97 50 54 1 -2.25304993e-05 -4.46494007
98 98 43 48 3 -0.000343064195 -3.97523141
0 0 0 0 1 -0.277643681 8.66831112
68 74 90 125 1 -4.95906061e-05 -4.69400549
0 0 0 0 2 -0.0029247764 6.13472795
128 135 107 111 3 -9.083646e-05 -5.60546112
132 135 145 148 0 -2.75372531e-05 -5.18365383
112 116 134 141 3 -0.000128027852 -5.42055464
0 0 0 0 4 -0.418735445 7.09156752
106 108 121 127 2 -0.000104067687 -4.26905584
60 62 37 44 2 -0.000244965573 -7.03969479
90 93 37 72 3 -4.49416366e-05 -5.13584614
77 84 64 66 0 -1.95502544e-05 -3.22918892
84 84 70 72 2 -0.000632708601 -1.70510721
24 29 37 72 2 -0.000884636771 -1.85704446
100 104 120 127 4 -6.68758294e-05 -4.41007519
32 36 50 85 2 -3.46897577e-05 -5.96386433
0 0 0 0 2 -0.00203592866 7.50045395
0 0 0 0 3 -0.00444794539 5.26490307
91 91 45 47 3 -0.000396585267 -5.44245911
57 63 78 113 1 -3.0159832e-05 -5.41609526
119 120 134 145 2 -3.5047342e-05 -7.96974993
139 143 156 171 4 -0.000339130289 -5.182374
129 133 73 108 4 -8.12998696e-05 -3.71864057
86 91 30 36 2 -3.08750568e-05 -6.77005386
0 0 0 0 3 -0.633201182 9.74185276
62 66 119 128 3 -0.000100492034 -5.23900127
63 68 85 116 3 -3.64778789e-05 -5.16855145
118 123 49 84 4 -0.000400282966 -2.07569599
0 0 0 0 1 -0.00168601389 8.4133997
45 50 115 122 0 -1.74045017e-05 -3.51276565
139 142 62 77 2 -0.000218503381 -3.93515134
41 45 53 58 2 -8.08230834e-05 -3.50724506
110 113 35 42 1 -6.85442428e-05 -4.86621809
126 131 118 120 1 -0.000140305783 -5.01054335
182 182 53 56 3 -0.00050767936 -4.84757757
78 79 97 132 2 -2.77755953e-05 -5.89822149
132 140 43 58 2 -1.80005591e-05 -6.4702673
47 54 66 69 0 -5.57890962e-05 -2.93426323
55 58 87 94 1 -4.81602037e-05 -4.78466511
64 65 76 80 2 -6.89020235e-05 -5.23582792
0 0 0 0 2 -0.00359899038 4.81336927
27 32 106 110 1 -0.000107882202 -6.38089037
0 0 0 0 3 -0.979534149 9.06349087
108 112 123 128 2 -4.13654088e-05 -6.51617527
0 0 0 0 1 -0.00596032944 6.77878809
45 49 110 145 3 -0.000101207028 -5.2016902
105 105 47 70 3 -0.000385141873 -4.5276351
123 126 138 147 3 -7.71275736e-05 -4.26156044
166 170 105 120 3 -5.92465731e-05 -5.11586285
0 0 0 0 1 -0.178567648 8.31724548
90 92 102 137 2 -3.02789158e-05 -6.91050196
35 36 42 77 1 -0.0214938708 -2.2545898
0 0 0 0 2 -0.20859471 8.0215559
98 101 64 79 2 -6.0915314e-05 -3.6159606
80 87 39 46 0 -2.28880835e-05 -3.81337714
141 141 119 123 4 -0.00150623196 -2.66925931
128 134 83 114 1 -9.81080375e-05 -6.24096107
102 104 144 150 2 -1.311299e-05 -7.93914986
0 0 0 0 3 -0.00812844187 6.88961411
49 51 132 141 2 -0.000677407545 -4.00245857
60 63 100 135 1 -0.000403145736 -3.80947399
114 118 183 186 4 -0.000119445584 -3.70564699
47 48 130 137 2 -0.000103352781 -4.30428696
131 135 55 62 2 -5.137892e-05 -7.64227915
37 39 21 27 2 -7.92731953e-05 -3.66223431
0 0 0 0 2 -0.177443787 11.085577
98 101 43 78 1 -8.5114385e-05 -3.65360522
0 0 0 0 4 -0.327971548 7.70664549
0 0 0 0 2 -0.0019648564 6.09988451
75 77 38 61 2 -0.000156637689 -6.08272696
122 125 139 144 4 -0.00138853013 -3.827811
142 145 65 100 0 -3.65969972e-05 -5.1321125
122 133 169 175 0 -0.000353795447 -1.52045977
115 120 50 57 3 -0.000154849724 -4.72298479
105 112 173 188 0 -0.000233161059 -2.84875393
43 46 100 102 1 -0.000553916441 -3.01292324
66 69 135 141 2 -0.000276435283 -2.33277988
0 0 0 0 3 -0.585962117 9.69670105
38 42 58 93 1 -7.22398399e-05 -5.11167049
160 164 115 138 4 -0.000298245403 -4.06463814
60 64 119 126 0 -3.62393475e-05 -4.63640213
0 0 0 0 2 -0.376642883 8.78506374
77 77 47 62 3 -0.000146505045 -5.33851147
104 106 124 159 1 -5.82929351e-05 -5.11675882
131 131 97 112 3 -0.000195615721 -4.69988775
67 67 40 51 3 -7.89158221e-05 -4.90825796
137 139 95 101 1 -2.67027845e-05 -5.38783121
109 113 133 135 3 -3.76699281e-05 -7.30744696
89 96 54 58 3 -7.34322239e-05 -4.54169416
33 36 51 54 2 -0.000172252709 -3.83220172
67 71 49 56 1 -5.4358974e-05 -6.83529425
129 134 146 181 3 -0.000188465419 -6.09156084
0 0 0 0 2 -0.00326440739 6.77584314
35 42 109 144 2 -4.79218324e-05 -6.60370588
96 97 55 70 2 -1.43050884e-05 -7.59248829
88 89 97 99 1 -4.18422605e-05 -4.70565891
0 0 0 0 2 -0.250577211 8.36274433
95 95 45 80 2 -0.000155803325 -3.57459521
122 128 137 142 1 -0.000346407876 -2.55208635
44 44 58 66 2 -0.000196332257 -5.16232681
0 0 0 0 2 -0.0186308715 9.34718037
71 74 183 218 2 -0.00024198115 -5.89690065
60 63 29 36 2 -7.18822266e-05 -5.68552208
0 0 0 0 2 -0.0442684554 7.79892206
130 130 82 89 2 -5.88888288e-05 -5.6048131
49 53 85 120 2 -0.000475017296 -2.58205247
121 125 47 49 2 -1.66892714e-05 -5.40787125
25 29 53 88 4 -0.000334010983 -4.01495409
110 117 58 89 0 -6.93790425e-05 -2.20742416
41 44 62 65 2 -2.05039505e-05 -4.9615097
57 57 116 127 3 -6.43725143e-05 -5.63262129
121 126 78 85 1 -9.67963933e-05 -4.40822458
55 55 105 112 2 -9.19086233e-05 -5.05216885
103 109 86 88 1 -8.43992893e-05 -4.50600767
56 60 145 149 4 -9.16708086e-05 -4.68015862
59 61 89 104 2 -0.00357807102 -1.99817526
0 0 0 0 2 -0.262301683 8.03974724
73 80 105 128 1 -4.42263663e-05 -5.65561914
0 0 0 0 2 -0.00958523806 5.90310431
54 54 31 39 3 -0.000180716888 -4.61383057
127 133 110 116 2 -0.000163312085 -4.77193832
76 83 102 137 0 -2.13384028e-05 -3.22531819
0 0 0 0 2 -0.313042194 8.24953175
110 113 129 131 2 -0.000801033515 -3.10473204
68 72 51 56 2 -1.63316399e-05 -4.58402205
61 61 79 88 3 -0.000102160731 -4.25961018
73 73 92 127 3 -0.000113843103 -4.70010471
58 61 126 134 3 -4.4345652e-05 -4.23851442
130 136 79 114 2 -0.000331133808 -4.4762702
215 216 142 177 3 -0.00532577839 -6.2663269
54 54 92 98 3 -0.0004893117 -3.41393757
0 0 0 0 2 -0.359588504 7.50360107
113 113 61 96 2 -0.000157471775 -4.54950237
38 42 54 62 3 -0.00334895146 -5.71349287
136 138 104 115 2 -8.4995394e-05 -6.48877859
0 0 0 0 2 -0.428354621 8.41809559
156 160 90 98 1 -9.38167068e-05 -4.08336115
112 113 62 97 4 -0.000873225858 -2.97734308
0 0 0 0 3 -0.147472426 7.19980812
56 60 93 97 4 -0.000407317799 -4.73312616
40 42 58 93 3 -0.00010371067 -5.21185732
103 103 84 88 3 -2.61067544e-05 -5.8148098
12 17 22 33 0 -0.00011098144 -3.61464286
46 53 58 63 1 -0.0009438587 -2.93066478
0 0 0 0 2 -0.375253737 9.46784973
43 45 62 73 1 -9.57235898e-05 -4.50992346
135 141 47 54 0 -8.07031174e-05 -3.00304151
0 0 0 0 1 -0.356248468 8.98626995
86 90 73 75 0 -5.65046721e-05 -1.47272253
26 35 95 130 1 -0.000187509271 -4.84491682
116 120 134 143 3 -4.57760543e-05 -5.43473768
121 124 106 108 3 -0.00013613436 -6.75270462
74 78 29 64 4 -3.83851984e-05 -4.04546642
148 153 57 92 1 -7.99885893e-05 -6.55540228
115 116 131 166 3 -6.48492787e-05 -5.48785639
107 110 124 130 1 -4.50608495e-05 -5.39352846
38 38 106 113 3 -0.000126002356 -5.12257385
0 0 0 0 1 -0.0183790401 7.31642199
66 70 99 130 0 -0.000341280829 -0.746910989
0 0 0 0 2 -0.0127415145 8.2677536
58 60 105 111 1 -3.62394167e-05 -6.21003532
61 61 106 137 3 -0.0026718853 -3.54592085
51 52 66 74 4 -0.000129459353 -4.14047861
0 0 0 0 2 -0.694880545 8.32016182
34 34 108 114 3 -0.000136372488 -5.30752754
0 0 0 0 1 -0.138124615 7.91963339
88 89 53 68 2 -1.75237255e-05 -5.95970011
42 51 127 142 0 -0.000555933744 -2.30259514
150 150 103 138 3 -0.000301110325 -5.46253633
165 167 48 63 2 -0.000234476 -5.53056097
45 48 57 64 0 -8.61861263e-05 -1.60178685
0 0 0 0 2 -0.00966811366 6.9516778
0 0 0 0 2 -0.0105644651 3.4226644
66 74 139 143 1 -0.000378349738 -3.24331951
0 0 0 0 3 -0.0257967208 7.74346828
48 52 137 172 4 -0.000266066258 -3.98427367
30 38 86 94 0 -5.57893291e-05 -2.92555928
0 0 0 0 3 -0.0358401388 6.61693096
0 0 0 0 3 -0.74538058 6.61872959
112 114 136 143 1 -0.000354630523 -4.49328709
34 34 42 73 3 -0.002378579 -3.22827816
69 70 42 46 3 -1.9073439e-05 -5.35820866
0 0 0 0 4 -0.11675629 8.65582752
55 61 114 149 0 -0.00203476427 -2.39411187
0 0 0 0 3 -0.49426204 7.77855778
0 0 0 0 2 -0.0755808428 8.85839844
85 92 42 51 1 -3.67162829e-05 -5.87231445
101 107 37 60 2 -2.16960289e-05 -5.76259375
75 79 92 96 4 -0.000215402237 -3.9760766
100 108 42 53 4 -9.47703666e-05 -4.77503061
129 135 90 98 2 -6.77103308e-05 -4.01224709
34 39 68 74 3 -4.51800734e-05 -4.65072203
45 52 142 149 1 -4.8756312e-05 -5.6399622
0 0 0 0 2 -0.490266383 9.45406818
30 35 71 106 1 -2.65835934e-05 -5.68820763
0 0 0 0 3 -0.28085345 7.75645781
115 121 42 77 2 -1.10864503e-05 -7.99594355
45 46 60 62 2 -0.000190729799 -2.46408415
102 109 63 68 2 -7.2359413e-05 -5.55208492
113 117 38 53 2 -2.46762465e-05 -6.20027161
77 77 42 57 2 -0.000389310066 -5.71427631
91 95 101 107 3 -7.95118904e-05 -4.18129969
93 94 41 45 1 -1.29937871e-05 -3.59057999
85 91 120 122 0 -2.03847267e-05 -3.47023392
43 53 110 117 0 -4.91139363e-05 -3.31216216
126 129 144 151 3 -0.000373692659 -3.77947783
43 51 102 137 2 -3.17095364e-05 -5.62664938
132 137 48 50 2 -6.98557924e-05 -4.09829998
0 0 0 0 0 -0.0724619702 10.1856632
76 81 54 60 2 -5.4239852e-05 -4.29470062
0 0 0 0 3 -0.686357319 9.78299904
44 50 77 88 0 -4.11270048e-05 -3.47087836
46 46 63 65 3 -5.66238159e-05 -4.54066277
54 58 74 109 2 -1.3232213e-05 -7.12313366
112 115 62 70 3 -2.88485553e-05 -5.8380599
22 25 83 90 2 -6.22266525e-05 -5.40764666
0 0 0 0 2 -0.0123337964 8.09281349
88 88 108 123 3 -0.000235073559 -5.01670074
117 121 41 48 4 -8.18959234e-05 -3.90654016
186 190 58 63 2 -0.00021921398 -3.91102362
0 0 0 0 2 -0.585415542 8.96330738
62 65 76 111 2 -1.20401201e-05 -5.15305901
68 71 90 93 2 -0.000195617205 -3.26366353
59 65 106 112 2 -0.000102280341 -4.19690228
0 0 0 0 3 -0.0195614342 3.84764075
0 0 0 0 2 -0.0934203342 9.38415718
0 0 0 0 4 -0.0223980993 6.72150564
161 165 81 116 1 -8.32067235e-05 -4.93986177
36 37 47 82 3 -0.000152344044 -5.14174414
56 63 99 101 2 -4.24382524e-05 -5.42091084
53 55 124 159 2 -2.09807476e-05 -6.21297073
246 247 39 70 2 -2.0434792 1.32919681
105 105 127 131 4 -0.000273337035 -3.33566713
0 0 0 0 2 -0.269361168 8.11816883
116 120 133 141 3 -5.85311791e-05 -5.30399752
56 60 34 39 0 -5.82925422e-05 -3.84629536
48 52 70 79 4 -5.17365042e-05 -3.26524019
17 25 29 33 0 -0.000431248307 -5.8859601
61 68 79 88 3 -9.11937314e-05 -4.49597263
31 37 45 53 1 -5.3286105e-05 -5.27669573
182 186 204 206 4 -0.00140367181 -2.74378324
0 0 0 0 1 -0.0323086567 8.94298458
138 139 147 154 2 -0.000123736987 -3.89418769
48 52 67 102 2 -6.02001928e-05 -4.54050732
0 0 0 0 3 -0.220189914 8.73087692
0 0 0 0 2 -0.255920649 9.92774296
0 0 0 0 3 -0.00878235605 4.63370419
121 126 103 106 4 -0.000140664109 -4.21512985
0 0 0 0 1 -0.00378115592 5.69417667
45 49 64 70 3 -0.00011038607 -5.19619751
43 47 50 73 3 -0.000994379167 -4.11860323
116 119 41 56 2 -8.21341673e-05 -5.38534498
53 55 107 113 2 -2.18152436e-05 -5.58405495
110 110 46 69 3 -4.39879841e-05 -6.01372385
41 47 102 137 0 -2.31265094e-05 -5.85917616
0 0 0 0 4 -0.000442065299 4.03625011
0 0 0 0 2 -0.42235741 8.33996391
58 66 79 88 0 -0.000325306202 -1.4084096
0 0 0 0 2 -0.00785337109 7.00967503
147 148 37 48 2 -0.000282753987 -5.0996089
46 52 87 93 0 -9.09556038e-05 -1.28811848
101 103 80 88 2 -4.02925434e-05 -5.15203524
52 59 142 146 3 -0.000297651975 -5.00826645
0 0 0 0 2 -0.3083314 8.96256638
0 0 0 0 0 -0.0659040511 6.854527
0 0 0 0 3 -0.00115988567 1.58651507
111 113 128 137 2 -0.00164640252 -3.93255472
27 31 37 52 3 -0.00122219673 -6.5189867
0 0 0 0 2 -0.347546965 10.0850611
166 169 43 54 2 -0.000389077817 -4.7592411
27 27 37 41 2 -7.951101e-05 -3.52311087
0 0 0 0 2 -0.00531459553 8.23471165
33 33 156 191 3 -0.000280011969 -5.35628128
37 40 86 121 2 -0.000190490886 -3.5651226
98 101 109 132 2 -0.000107882523 -5.70940304
0 0 0 0 2 -0.00564353867 7.42530251
86 91 118 141 1 -0.000132199144 -3.20631027
0 0 0 0 3 -0.0356032327 6.78900385
187 187 204 215 2 -0.00120862515 -2.82325888
95 99 77 88 3 -1.84773999e-05 -5.97380495
87 90 58 73 2 -5.23324925e-05 -3.95521784
155 159 57 92 3 -2.86101349e-05 -5.62724543
102 103 110 116 3 -2.59875287e-05 -5.3851819
55 62 123 131 2 -7.90349732e-05 -3.60646605
48 48 125 129 3 -4.39879259e-05 -5.61870956
48 49 77 100 2 -0.000378228695 -3.88196516
90 91 97 132 3 -0.0001963338 -4.35949421
28 32 71 77 1 -0.000708949869 -5.14438772
0 0 0 0 2 -0.280818701 8.22321033
64 70 76 87 1 -0.000126240499 -3.13256001
94 97 110 133 2 -5.9961807e-05 -5.81288671
95 98 59 66 2 -4.58952672e-05 -4.34971237
166 167 149 152 2 -5.73392426e-05 -4.76350403
69 70 118 122 2 -0.236789316 3.44261837
80 82 97 132 2 -6.46108456e-05 -4.94633389
0 0 0 0 2 -0.761491001 8.58136845
90 93 109 124 4 -0.000400402583 -3.41798401
90 96 124 139 1 -0.000173325883 -3.00460005
92 100 72 83 3 -3.57626232e-05 -5.7103343
0 0 0 0 0 -0.0138952043 10.3564501
119 123 82 90 2 -0.000157830189 -3.65084982
112 116 122 129 2 -5.14980275e-05 -5.39007854
49 51 119 134 2 -8.74986945e-05 -5.64309502
8 17 21 26 2 -0.299848348 -6.18054533
96 97 108 113 3 -0.000113485323 -5.00127888
51 51 70 105 3 -2.96830003e-05 -5.52957773
115 125 140 155 0 -0.000452071719 -2.41640997
110 116 67 98 2 -2.62259127e-05 -5.82593918
108 111 48 55 3 -0.000534613151 -4.92259216
0 0 0 0 4 -0.0298658181 7.5397253
0 0 0 0 3 -0.231215522 9.27596378
175 179 132 139 1 -0.000215523076 -4.0878067
0 0 0 0 2 -0.426868558 6.65700245
116 118 23 58 2 -0.000136015413 -4.66288614
122 126 43 50 1 -0.000552496698 -1.72701001
154 162 52 59 0 -7.71268533e-05 -1.9589504
108 108 54 89 4 -0.00108642795 -2.85394049
22 30 37 72 0 -0.000107882028 -6.56642675
90 92 50 73 1 -0.000119445293 -1.46288002
0 0 0 0 2 -0.813189626 9.08694649
49 54 134 157 2 -0.000185722281 -4.10700703
0 0 0 0 2 -0.21622628 8.13430119
0 0 0 0 2 -0.0988099724 9.13138294
110 110 38 42 3 -0.000905230641 -4.85434008
144 148 37 72 3 -4.66105594e-05 -5.89751673
0 0 0 0 3 -0.00286539947 4.69084597
111 114 133 141 3 -0.000147816521 -4.66600609
0 0 0 0 3 -0.0108915465 6.39143848
166 172 67 102 0 -2.16960343e-05 -5.80278254
162 162 48 83 2 -7.08095686e-05 -5.56668186
110 113 122 153 2 -0.0102876844 -1.18424439
0 0 0 0 2 -0.601179361 8.12745667
88 92 101 136 2 -9.51275724e-05 -3.28025508
204 223 54 89 2 -1.25779653 -2.13129568
110 118 128 133 1 -1.83581942e-05 -5.29421711
40 44 53 88 2 -8.12993021e-05 -6.59741783
137 137 122 125 3 -0.000487650395 -4.24419165
114 118 77 88 3 -1.6570053e-05 -6.69465399
53 54 66 70 2 -1.38282549e-05 -4.86735392
129 129 147 151 2 -6.32994124e-05 -5.08779907
84 84 95 102 3 -2.86101313e-05 -6.03173828
67 71 90 98 0 -0.000423865567 -3.194695
0 0 0 0 3 -0.716765344 9.71646786
46 52 56 64 2 -0.000413363159 -7.10704041
112 115 86 88 1 -0.000405759638 -3.21505928
106 110 59 94 3 -0.00405136356 -3.41947532
0 0 0 0 2 -0.00673351018 8.30163288
82 85 98 133 3 -0.000150915337 -4.77904606
0 0 0 0 1 -0.0206025895 8.77039623
151 155 101 104 2 -0.00183514459 -2.49284697
134 142 48 79 1 -0.0267153587 -2.14113045
49 55 111 146 2 -2.00271115e-05 -6.40091848
178 182 133 168 2 -0.000132796747 -4.73823357
59 62 90 125 1 -0.0001552045 -5.97195435
46 46 51 59 4 -0.0382817835 -3.73766875
0 0 0 0 1 -0.260215312 7.90691328
61 67 84 85 1 -0.000670113834 -3.09453511
53 56 122 157 2 -1.62124197e-05 -7.28477335
168 168 29 64 2 -0.000216597517 -4.55390406
112 115 127 133 1 -5.1617124e-05 -6.09411192
127 131 113 115 1 -0.000201099974 -5.46858406
0 0 0 0 1 -0.259658754 8.64356041
51 51 69 77 3 -2.56299281e-05 -6.8855896
95 99 40 45 0 -1.64508419e-05 -1.62759745
68 72 23 58 4 -0.00229732762 -2.09878039
0 0 0 0 2 -0.123699449 9.53651333
51 51 59 94 2 -5.22132214e-05 -4.28776121
74 76 88 90 2 -0.000121590958 -2.96707821
123 126 57 64 3 -0.000231854778 -4.75164318
75 81 31 54 1 -3.74315605e-05 -6.30581427
74 80 115 150 1 -0.00036165581 -3.61971593
118 125 102 105 0 -1.16824922e-05 -3.09220982
92 94 131 138 2 -0.0740257651 0.742288709
90 95 105 108 3 -5.72200479e-05 -6.18521929
162 165 112 120 2 -0.0015013162 -3.09253597
85 90 107 142 3 -0.000130174216 -5.28226662
82 89 58 66 0 -4.74445333e-05 -2.0327673
94 94 113 116 2 -2.94445945e-05 -4.7745924
71 75 89 96 3 -8.64257818e-05 -5.35504293
0 0 0 0 4 -0.0806996673 8.66129303
151 154 41 76 4 -0.000546298921 -2.14800739
103 111 45 48 0 -1.35898354e-05 -4.71014309
0 0 0 0 2 -0.0022893562 5.85093069
33 38 115 117 3 -0.000159259391 -3.70612025
125 129 42 48 0 -1.46627135e-05 -2.99490166
53 53 64 69 3 -0.00015258498 -4.58462048
89 92 65 80 2 -8.702177e-05 -3.16050863
102 103 137 172 2 -0.0211159606 -6.29616308
102 105 122 153 2 -0.0439947359 -2.00769591
41 42 101 136 4 -0.00419413578 -1.49822867
41 45 60 91 2 -4.23189776e-05 -5.44143295
64 68 179 181 2 -5.96039536e-05 -4.83618879
167 172 148 155 2 -0.00013136628 -5.75054312
0 0 0 0 2 -0.00153450505 4.91126776
126 129 23 58 3 -0.000119445511 -8.93709469
71 79 98 101 1 -0.00114230847 -2.57727432
105 105 113 124 2 -0.000203604577 -4.41772795
97 101 119 127 2 -0.000730805914 -1.58107531
0 0 0 0 2 -0.00290706754 6.05682278
193 194 77 81 4 -0.00194857793 -3.89484501
136 136 122 124 3 -0.000175589928 -5.10446405
0 0 0 0 2 -0.416062802 9.27815151
0 0 0 0 0 -0.106755801 10.1215372
0 0 0 0 2 -0.0046821651 6.41101265
0 0 0 0 3 -0.0101502482 7.48329449
75 75 34 41 3 -0.00023757678 -4.9150486
0 0 0 0 2 -0.661435664 10.2750702
0 0 0 0 3 -0.755217969 9.0428524
0 0 0 0 4 -0.849200368 9.74215412
103 104 29 64 4 -0.000139233438 -5.34060431
51 57 117 121 2 -4.99483467e-05 -4.30111599
14 18 23 27 4 -0.00287591852 -5.03775024
129 132 50 57 3 -0.000149723986 -5.75333309
44 48 94 102 3 -0.000115512274 -5.22445011
158 158 103 107 2 -0.000144598147 -4.95979834
84 89 102 107 3 -0.000106690437 -4.38857174
100 100 116 123 3 -0.000139829703 -5.12216568
156 159 104 139 0 -0.000149603118 -3.33867812
34 37 54 58 2 -0.000154009307 -8.72944832
105 110 41 76 2 -0.000330546638 -3.40592313
0 0 0 0 1 -0.00266913185 6.42010164
46 53 112 120 2 -0.000134465387 -4.52168846
0 0 0 0 3 -0.124458164 9.73642254
53 56 157 168 1 -0.000240078662 -3.08415985
56 61 175 186 0 -7.20010357e-05 -1.67969429
149 149 50 85 2 -0.000254973304 -3.58082962
118 122 81 84 3 -4.05309256e-05 -5.19979286
29 32 83 90 3 -0.000151750253 -4.97865105
127 131 46 81 4 -0.000730788452 -3.77278638
0 0 0 0 1 -0.15873234 8.46074677
110 110 124 132 3 -6.12729345e-05 -5.58536911
127 129 47 58 3 -4.55377085e-05 -5.63438892
101 105 116 131 2 -1.85966001e-05 -7.52231979
84 84 91 102 3 -0.000281435932 -5.57230473
82 85 128 131 1 -0.00029062145 -2.08503723
0 0 0 0 2 -0.00203013793 2.64607334
55 57 160 162 3 -0.000489205588 -5.67576885
127 127 52 56 3 -5.11404542e-05 -6.21612883
0 0 0 0 3 -0.772931039 9.29868507
82 82 53 68 2 -2.87293242e-05 -5.79149771
122 128 139 162 2 -5.26901058e-05 -6.0160799
102 103 118 125 1 -0.000263918657 -2.44312572
107 114 50 59 3 -3.49281727e-05 -5.44713926
104 104 51 86 3 -0.000143762591 -4.6399889
78 82 132 141 4 -0.000233045561 -4.67857265
57 61 79 90 3 -0.000149366359 -4.58139849
99 99 110 121 3 -8.67834024e-05 -4.72964621
134 141 82 97 1 -0.00028799643 -4.12751961
81 87 176 211 2 -0.000164383149 -6.0347681
123 123 45 45 2 -0.000586819253 -5.33686352
117 122 66 97 3 -0.000518765533 -4.50153875
124 128 82 117 3 -0.000159140487 -4.58904982
118 125 53 68 1 -0.000103114653 -4.87168074
134 139 46 81 1 -0.000107763393 -3.75601077
102 104 73 81 2 -4.55376176e-05 -5.23892689
226 226 58 93 3 -0.000679184101 -3.93766499
58 65 149 157 0 -1.58548046e-05 -5.24637604
106 106 121 123 3 -0.000326022564 -4.37261438
114 115 124 131 4 -0.000257713778 -5.67311096
83 90 113 118 2 -3.11135154e-05 -5.67218256
108 109 123 134 3 -2.21728442e-05 -8.30002594
151 153 129 135 2 -8.5352709e-05 -3.48649883
0 0 0 0 2 -0.00314124813 6.25755262
80 80 186 221 3 -0.000367621135 -4.52680922
68 69 23 58 3 -0.00113722845 -7.414217
80 87 95 130 2 -1.78813571e-05 -8.79459
0 0 0 0 1 -0.00635961024 4.61351585
72 75 84 119 1 -3.77891811e-05 -5.19614553
158 165 75 110 0 -1.15632774e-05 -6.4666214
0 0 0 0 3 -0.124779589 7.48831224
0 0 0 0 2 -1.08878267 7.45079708
77 82 33 68 3 -0.000583603629 -4.18671751
95 99 27 62 1 -0.000182861899 -3.41988897
23 25 65 72 1 -0.0139446268 -0.414748043
75 76 86 109 3 -0.000141379423 -4.13146305
52 53 70 81 2 -9.70347974e-05 -4.49007463
0 0 0 0 2 -0.010440967 7.35838032
116 116 67 78 3 -0.000146624283 -5.10196352
65 68 76 79 1 -8.24917443e-05 -6.55274963
0 0 0 0 2 -0.792135775 7.55367661
45 49 65 80 1 -3.18287384e-05 -6.38531208
0 0 0 0 3 -0.00497465255 3.95563412
18 23 27 62 2 -0.000192394291 -6.26962662
101 106 118 141 3 -7.31939144e-05 -6.64876366
55 56 70 105 2 -7.56971567e-05 -7.60730886
121 121 191 195 3 -0.000108717337 -6.24742699
161 163 118 149 1 -0.000103352635 -4.82139874
101 106 78 86 0 -0.000207057892 -2.34749174
129 133 106 110 0 -3.11135191e-05 -2.453017
201 205 75 83 0 -8.15382809e-05 -0.762489855
114 117 68 103 2 -2.5153091e-05 -7.13461447
15 15 37 45 3 -0.000500046765 -4.05389833
135 140 85 120 3 -4.73257896e-05 -5.51403666
97 100 112 115 2 -0.000290611788 -2.90220571
61 66 82 85 1 -0.000623038097 -3.40696478
98 102 53 63 1 -3.32592135e-05 -4.90055895
143 147 53 88 0 -1.16824922e-05 -5.46568775
46 47 64 74 2 -6.23456945e-05 -4.04350948
59 59 78 84 3 -7.39085735e-05 -5.02899265
64 67 48 54 1 -8.5710366e-05 -6.43548489
28 31 46 81 1 -3.62393985e-05 -5.22678423
42 47 121 152 2 -0.000455710047 -4.14869356
30 38 86 90 1 -0.000105021812 -5.56621933
50 50 70 75 2 -2.88485571e-05 -5.74937248
82 83 179 183 2 -0.000134702263 -6.54842949
47 49 124 131 2 -0.000363214232 -2.68409419
12 13 18 26 4 -0.000791971572 -4.36692762
12 16 20 35 0 -0.000271886645 -6.38401747
76 80 36 59 4 -0.000106810097 -4.77799416
72 77 53 60 3 -1.29937862e-05 -5.82611275
61 61 74 109 3 -0.00011360483 -6.58199883
30 31 63 70 4 -0.000277980696 -3.10721445
36 39 109 124 2 -0.000263673603 -4.11083078
71 76 41 64 4 -0.00035916199 -3.24608493
156 156 33 35 3 -0.000486342586 -4.73981667
55 55 93 100 2 -0.000338898215 -3.38016295
133 140 102 109 2 -3.33784228e-05 -6.03765678
135 142 46 50 1 -0.000100730453 -4.85613251
39 39 57 59 4 -0.000156518508 -4.62299681
51 55 75 86 3 -9.4054456e-05 -5.0774169
56 60 70 101 3 -2.44378061e-05 -5.37496901
47 49 58 62 2 -0.000695120718 -3.4914763
38 42 46 57 1 -0.0086775003 -1.42933607
97 100 108 115 1 -0.000124929036 -5.60756207
38 40 44 52 2 -0.000290248106 -6.79318953
47 48 76 111 2 -1.32322075e-05 -4.9863143
47 53 65 100 0 -5.8412511e-06 -3.89427137
52 54 39 46 2 -7.11671964e-05 -3.61310577
70 75 83 118 3 -9.54852876e-05 -4.92585659
62 67 123 129 0 -1.37090447e-05 -2.38266969
56 56 70 73 3 -8.23725859e-05 -4.85319471
50 50 68 74 3 -0.000213485589 -6.8052125
58 58 75 110 3 -7.93924264e-05 -4.38817215
43 46 58 63 2 -2.68220119e-05 -5.26220894
45 48 124 159 2 -4.74446897e-05 -5.35347033
114 122 54 69 2 -6.36565092e-05 -5.48357725
118 118 42 77 3 -0.000385622581 -4.98970699
101 105 116 120 0 -3.86235188e-05 -2.78560877
98 98 74 82 3 -6.62798557e-05 -5.08793449
64 64 79 84 3 -0.00015425295 -4.01210499
25 25 153 160 3 -0.000310645206 -3.75717425
82 83 107 122 3 -0.000178689894 -5.0426755
4 5 8 43 3 -0.000274049351 -3.97730517
112 112 128 143 3 -0.00085534656 -4.84717035
121 124 104 106 2 -0.00026606585 -1.93837273
90 90 100 131 3 -0.000174995206 -4.41582155
29 29 33 40 2 -0.379365325 -2.06673837
88 88 49 72 3 -0.00180125958 -5.39146948
131 133 106 121 2 -9.95383598e-05 -4.83451033
89 90 109 111 2 -0.000175826222 -3.2072072
114 117 47 82 2 -4.82794821e-05 -6.75608969
161 161 56 67 2 -0.000260582136 -4.3391571
63 63 71 75 2 -0.000133988855 -3.62288833
137 140 63 98 1 -5.71007768e-05 -6.01916504
46 46 66 101 3 -3.27824455e-05 -6.40376568
79 79 108 143 3 -9.92999994e-05 -6.21369553
104 107 46 57 1 -5.16172731e-05 -4.04599142
154 158 61 69 2 -0.000106333086 -5.120543
153 153 75 110 3 -3.23055938e-05 -4.96311951
98 98 111 126 3 -4.42263954e-05 -4.71874762
56 59 68 91 1 -4.64912519e-05 -5.92320299
92 93 50 85 2 -0.000362610997 -4.94725752
77 77 92 107 2 -6.22265725e-05 -4.88095856
17 17 38 46 2 -0.0004876967 -5.79087114
53 56 10 17 1 -7.00943056e-05 -5.72978592
42 45 102 105 2 -7.93925064e-05 -5.20632982
100 100 143 151 2 -6.22266452e-05 -5.36591005
111 111 32 39 2 -0.000120876357 -4.46067476
0 0 0 0 3 -0.0126552638 5.57789946
0 0 0 0 3 -0.0369536914 8.27255821
0 0 0 0 2 -0.703285038 8.98549271
0 0 0 0 3 -0.00989647675 6.33072567
0 0 0 0 3 -0.00715120602 5.19697094
0 0 0 0 3 -0.0118265525 9.32092857
0 0 0 0 2 -0.0031887982 9.26734257
0 0 0 0 2 -0.0424279571 9.27427959
0 0 0 0 3 -0.0207854901 6.63783073
0 0 0 0 2 -0.889003456 9.27453709
0 0 0 0 2 -0.751704097 7.05931139
0 0 0 0 3 -1.13029647 7.89534187
0 0 0 0 2 -0.0317215547 7.86448002
0 0 0 0 0 -0.108096495 9.88284206
0 0 0 0 2 -0.683911622 9.645401
0 0 0 0 3 -0.0533453524 7.68811178
0 0 0 0 2 -0.00491261948 6.16043377
0 0 0 0 2 -0.0169458594 9.00007439
112 112 125 131 2 -0.000130648856 -6.18265438
94 98 51 59 1 -3.33784483e-05 -4.69229078
78 84 38 43 0 -0.000433772511 -2.51866293
22 26 30 65 2 -0.00482672453 -4.28699064
131 136 69 104 1 -4.01732905e-05 -5.62866735
138 144 33 68 3 -8.70217264e-05 -5.50306988
41 48 56 61 1 -3.7550737e-05 -4.92993069
141 144 91 126 1 -6.66373817e-05 -3.82136273
39 40 119 126 2 -0.000333412143 -4.35382223
40 40 175 180 3 -0.000214807224 -4.7079215
126 134 145 153 0 -3.11135227e-05 -4.40771008
64 65 99 102 2 -0.00010764422 -2.38078642
49 49 106 141 2 -4.67297214e-05 -6.59988737
35 43 53 56 0 -2.36033411e-05 -3.88657928
103 107 143 150 0 -0.000189058745 -3.22842503
47 51 65 72 3 -0.000169512001 -5.11620998
123 124 51 62 3 -0.0003195834 -4.47141981
82 88 170 201 1 -0.000278222782 -2.05721784
64 64 157 168 3 -0.000183933487 -5.0513854
203 208 109 111 0 -9.14324337e-05 -2.37935042
91 96 104 110 1 -6.17499172e-05 -6.33789635
47 51 140 155 3 -7.04519334e-05 -4.920506
54 58 68 70 4 -0.000298129802 -3.28868246
48 52 74 109 1 -0.000176902715 -3.47451115
171 176 123 158 1 -0.000397302472 -3.094275
151 154 83 118 4 -9.54854841e-05 -2.61762023
40 44 78 89 4 -0.000103233782 -4.05103874
44 44 56 67 4 -0.000177618334 -3.89614177
58 61 30 35 4 -8.43993475e-05 -2.22893238
0 0 0 0 3 -0.854597986 9.65949249
0 0 0 0 1 -0.00372266257 4.70629025
64 69 19 54 1 -8.89290095e-05 -6.11899137
187 192 56 91 0 -5.04251075e-05 -4.7031498
0 0 0 0 1 -0.782846034 8.56587219
0 0 0 0 3 -0.0421146341 7.74932289
70 71 112 123 2 -9.04788903e-05 -4.81265879
94 99 64 66 1 -2.64643604e-05 -4.55242634
51 55 117 152 1 -0.000128028361 -4.82229424
101 107 119 126 0 -3.19479223e-05 -3.63253784
61 66 147 154 0 -1.12056587e-05 -4.40491199
0 0 0 0 2 -0.134214923 3.24869442
107 108 96 99 2 -0.000200146911 -1.67277968
81 83 99 102 2 -4.19614298e-05 -4.27900267
80 85 144 152 0 -2.1219179e-05 -4.58355951
143 147 30 65 3 -4.99483576e-05 -5.87838268
0 0 0 0 3 -0.0105978353 6.59839296
155 155 58 66 2 -0.000824330724 -3.39696217
44 51 91 93 1 -9.19092709e-05 -5.86884737
0 0 0 0 1 -0.0590891615 9.47813702
10 14 24 30 2 -0.000351172988 -3.74233818
29 32 46 52 2 -0.000393013062 -2.40661216
89 99 46 53 1 -6.05577952e-05 -4.1981616
90 92 134 136 1 -0.000465004356 -2.72625113
83 84 96 99 2 -4.64913319e-05 -4.11770153
62 65 84 90 2 -6.81870442e-05 -4.14749718
0 0 0 0 3 -0.0181876887 8.01222801
108 114 48 55 3 -1.62124306e-05 -5.9277029
69 73 88 123 3 -0.000152704029 -5.73039818
42 49 59 94 1 -6.87830616e-05 -3.55220628
132 132 150 185 2 -0.000724248821 -6.52152872
42 43 88 95 2 -8.39223576e-05 -5.19994068
49 59 69 73 0 -0.00044896602 -2.71613503
53 53 112 118 3 -0.000155922098 -4.43345404
124 128 47 82 3 -9.94185393e-05 -5.2970109
45 49 85 120 3 -0.000147459155 -4.21723413
35 35 104 107 2 -0.000147100771 -4.14846945
57 61 99 134 2 -7.64123906e-05 -4.81818342
0 0 0 0 4 -0.001885409 5.33415031
0 0 0 0 2 -0.379545391 8.57609177
62 68 47 55 3 -0.000104425882 -4.77289677
90 94 107 114 4 -9.13131444e-05 -4.13942289
40 43 123 130 1 -7.81993949e-05 -5.54455471
73 73 109 144 4 -0.000499565504 -3.97766757
0 0 0 0 2 -0.0130569031 7.88937378
92 93 45 50 4 -0.000331507064 -4.91673851
108 109 67 71 4 -8.27304175e-05 -4.99670601
116 116 66 101 3 -0.000783681346 -4.13089085
94 97 112 114 2 -2.03847376e-05 -5.11698771
142 144 102 112 2 -0.00537937228 -1.73048294
118 118 40 63 3 -2.70604196e-05 -6.68026161
114 115 152 167 3 -0.0011174496 -4.46186543
58 68 141 147 0 -4.37492345e-05 -3.52523661
97 98 66 67 3 -0.000343541265 -3.98703814
135 140 41 76 3 -5.4001408e-05 -6.66095686
72 76 108 111 1 -0.000284540321 -1.93959045
65 67 81 88 1 -0.000123260383 -3.44486856
85 90 163 170 0 -0.000325186353 -3.31707215
152 159 191 197 1 -0.00062031881 -2.57261753
58 60 107 114 2 -4.07693879e-05 -4.02012253
24 26 96 111 2 -0.000283944944 -5.99892092
40 45 52 87 1 -0.000176058791 -4.16833353
0 0 0 0 2 -0.0263679475 8.01516628
0 0 0 0 2 -0.0474408455 7.97741079
48 53 64 99 2 -5.13788946e-05 -4.24855661
78 82 94 102 3 -2.1457603e-05 -5.44210243
78 81 55 62 3 -0.000104545128 -5.16314793
0 0 0 0 2 -0.297366112 8.04890347
79 90 121 152 0 -0.024574047 -3.70950699
103 110 56 91 3 -0.00233791815 -5.10728312
66 70 43 51 4 -8.04654337e-05 -4.19201517
0 0 0 0 2 -0.00287007424 6.48798704
0 0 0 0 1 -0.00229633693 4.68014479
61 66 100 108 2 -2.9802206e-05 -4.4944272
120 121 189 197 2 -6.27033805e-05 -4.3304944
84 86 106 111 2 -8.39224158e-05 -4.58632946
0 0 0 0 3 -0.00119929132 1.23842418
106 106 70 75 3 -0.000268567819 -5.1612525
37 39 173 208 2 -0.00110420096 -3.04876041
0 0 0 0 1 -0.00459740078 6.47615433
37 37 52 53 4 -0.000493961503 -2.16907597
94 97 45 80 1 -4.98290756e-05 -4.77545452
85 85 73 76 3 -7.52203196e-05 -4.15843248
24 29 34 38 4 -0.000551247213 -5.49663258
119 123 136 159 3 -0.000448661973 -4.68529367
49 55 114 137 2 -4.63721117e-05 -6.87458467
114 118 22 31 1 -5.40011788e-05 -6.57192802
0 0 0 0 3 -0.212992325 9.10108662
119 123 132 138 4 -0.000192515683 -4.57668018
103 103 63 98 3 -0.00452967267 -5.52487469
50 55 124 159 3 -0.000703829573 -3.83460236
0 0 0 0 0 -0.142980382 10.6978292
100 102 82 85 2 -7.21209872e-05 -5.12419844
0 0 0 0 3 -0.670819283 10.0357208
90 90 161 172 3 -0.0872853696 -1.44483185
30 34 39 51 2 -0.000361182727 -5.98950815
122 125 41 76 2 -6.10346069e-05 -4.23041487
0 0 0 0 2 -0.29337579 7.66072512
53 57 72 79 3 -0.000181551935 -5.16761637
82 84 27 62 1 -0.000118492106 -4.50846434
116 121 100 104 1 -3.89811721e-05 -7.41728687
85 85 113 115 4 -0.00377043616 -3.60009003
52 58 80 115 2 -0.000258076936 -7.58275509
52 60 71 86 2 -0.000714829948 -1.92543638
129 132 57 92 2 -2.1457603e-05 -8.40011787
78 84 11 15 0 -0.000162356562 -2.69886518
105 113 55 59 0 -2.1099986e-05 -3.1986599
42 46 105 140 2 -8.91672826e-05 -4.27877474
0 0 0 0 2 -0.570985734 8.42904854
68 72 86 117 1 -9.73925344e-05 -4.3000288
109 113 133 168 4 -0.000281561399 -3.12599754
103 105 49 57 1 -3.06366601e-05 -5.17885017
150 158 69 104 4 -0.00042924154 -4.85895824
69 71 20 22 1 -0.00034020812 -4.70820808
106 108 42 47 2 -0.00697335042 -1.1248616
101 101 110 117 4 -5.13788364e-05 -5.33034849
112 116 90 96 1 -5.92466095e-05 -5.29595518
114 118 96 103 0 -1.49011375e-05 -1.62605107
74 77 47 54 2 -7.03334126e-06 -5.57052755
44 47 65 80 2 -3.48089416e-05 -8.33628082
79 84 93 128 2 -4.70872801e-05 -6.0265789
53 57 111 114 0 -4.30342589e-05 -2.27256465
177 181 110 115 2 -3.57625904e-05 -5.41188717
73 76 125 129 0 -3.07558112e-05 -2.50154591
19 23 49 57 4 -0.000332219613 -3.61966062
107 107 122 133 2 -0.000218981382 -5.63624382
56 60 69 76 2 -3.4093704e-05 -3.72921562
109 109 52 55 4 -0.000678478507 -3.66278505
0 0 0 0 3 -0.00624128757 6.29581404
77 79 60 65 2 -1.69276864e-05 -6.72597408
0 0 0 0 2 -0.0591230877 5.51787615
0 0 0 0 2 -0.376205713 8.25042629
0 0 0 0 3 -0.531403124 8.54683208
63 64 32 37 2 -0.000788124744 -2.99312735
57 62 75 110 3 -1.22785386e-05 -7.0433197
0 0 0 0 2 -0.00261687138 6.10299635
0 0 0 0 2 -0.102117658 8.94332027
94 103 26 29 0 -3.24247521e-05 -2.4872272
88 94 20 27 0 -3.89812158e-05 -2.16387415
140 145 158 165 4 -0.000328168971 -3.90174222
83 85 158 181 2 -0.000176783738 -4.63938761
46 53 57 63 2 -0.000576674473 -3.88955331
76 81 64 66 0 -4.47031198e-05 -2.33728909
114 115 131 133 2 -3.13519195e-05 -4.0052557
26 30 108 143 2 -7.91537459e-05 -6.86565161
62 65 126 137 2 -6.2465122e-05 -4.26287937
0 0 0 0 0 -0.78101182 7.33967543
0 0 0 0 2 -0.625936508 7.71639585
7 11 17 52 4 -0.000303713896 -3.72873306
147 147 60 95 3 -0.000254380779 -5.19825172
44 47 111 146 2 -2.49146033e-05 -8.35641956
0 0 0 0 2 -0.123173513 9.89402771
142 147 61 69 2 -0.000200742768 -5.32676125
132 137 200 208 1 -0.0545978174 -5.47221184
130 130 88 96 3 -0.000121591191 -5.20260811
141 144 90 125 2 -0.00124193565 -5.18659449
61 62 102 137 2 -0.000197404239 -4.19159937
112 114 81 87 2 -1.47819064e-05 -7.36937761
24 29 37 72 2 -0.000154848633 -4.14173603
0 0 0 0 2 -0.0184953175 7.10126638
67 70 41 47 4 -3.87428408e-05 -3.14440274
110 110 121 156 2 -0.000411487301 -6.02349377
0 0 0 0 3 -0.00435907673 5.23856497
0 0 0 0 1 -0.0133975539 7.24783945
75 76 55 62 3 -4.19614262e-05 -5.19851732
0 0 0 0 2 -0.00397134712 4.00381565
67 72 85 93 2 -2.05039541e-05 -6.00927353
13 18 31 33 3 -0.157298774 0.819034934
68 75 106 110 3 -0.000123498408 -4.83950996
0 0 0 0 3 -0.0390858911 8.72828102
144 148 41 45 2 -7.77235909e-05 -4.78407717
162 162 110 112 3 -0.00181836053 -3.75866365
81 88 54 61 0 -2.31265039e-05 -3.32291508
0 0 0 0 3 -0.419437677 6.90468597
49 49 119 142 3 -0.000301349384 -4.56001949
50 54 71 76 3 -0.000124332932 -2.89115977
69 72 180 203 3 -0.000633403019 -6.89779663
162 166 92 127 1 -0.000100729871 -4.197299
0 0 0 0 1 -0.118207447 7.69108725
94 94 67 74 3 -6.55645781e-05 -5.19097281
71 75 24 59 0 -9.1791062e-06 -4.73338175
131 132 110 116 4 -0.000155087706 -4.87588501
75 83 45 48 2 -0.000162240176 -3.96336842
82 88 108 143 1 -3.81466671e-05 -5.38680696
56 59 47 48 4 -0.000101803234 -3.37391591
107 111 45 51 4 -7.58163515e-05 -4.65112543
0 0 0 0 2 -0.00894415379 8.3467207
0 0 0 0 3 -0.278884858 8.29739571
0 0 0 0 4 -0.108876586 7.82558966
31 35 55 90 1 -0.000305519643 -6.13580751
97 100 34 41 2 -5.17364897e-05 -3.10112166
36 36 92 95 2 -3.46896923e-05 -5.12519264
96 99 106 113 2 -4.37495473e-05 -4.12825727
18 20 36 43 2 -0.000628406298 -2.82526517
103 106 39 74 2 -8.94068671e-06 -5.31039429
0 0 0 0 1 -0.0471917652 8.37175274
100 102 45 49 1 -0.000132558445 -3.91576767
131 132 140 146 2 -9.42930055e-05 -3.97183871
92 94 45 68 2 -4.30343425e-05 -4.62987089
170 171 75 110 3 -1.59740048e-05 -7.26535702
49 55 62 65 0 -0.000106928564 -1.15197897
143 148 56 63 2 -4.08885717e-05 -6.36383009
0 0 0 0 3 -0.463828593 8.94692707
76 84 113 120 1 -0.00272518164 -2.68871069
51 51 127 131 4 -0.00348696322 -3.93166685
130 132 88 94 2 -2.81332141e-05 -4.24321795
70 76 111 113 2 -3.73123003e-05 -4.28157282
0 0 0 0 3 -0.500552893 8.8908577
80 83 100 106 2 -1.82389776e-05 -6.64412212
171 172 56 63 2 -0.000108598157 -4.21275282
53 55 12 47 2 -0.000493611791 -2.76093006
24 26 46 61 2 -8.22543279e-06 -7.14957762
0 0 0 0 2 -0.0390782617 8.88862038
98 103 53 88 4 -8.8571418e-05 -3.90473652
0 0 0 0 1 -0.0185915884 7.81536722
113 116 64 70 2 -0.0997574329 0.0368310735
0 0 0 0 0 -0.70608294 12.4588423
0 0 0 0 2 -0.275829762 8.4401207
163 170 62 97 1 -4.17229239e-05 -5.79889297
88 93 51 66 2 -6.29418792e-05 -5.45289946
119 121 93 97 2 -5.28093769e-05 -6.92099094
182 186 32 38 2 -0.00102465553 -3.28402424
86 86 92 98 2 -0.000401234487 -5.17150879
0 0 0 0 4 -0.0463858396 8.39368534
69 75 42 49 0 -4.29150205e-05 -1.39757752
47 51 62 67 4 -0.229220867 -0.231981367
97 101 157 188 2 -0.0915553421 -1.78566337
24 28 41 76 2 -0.000592161727 -2.48776412
72 75 126 128 2 -9.53663257e-05 -4.40834904
0 0 0 0 2 -0.0819441527 7.31854963
107 112 31 66 0 -4.11268375e-05 -2.87969947
52 57 70 78 3 -4.75641864e-05 -4.35776234
41 43 55 62 3 -0.000351649825 -3.38570619
110 114 209 212 2 -0.000173086883 -3.94306207
101 104 110 114 3 -6.84255938e-05 -4.83830118
178 179 66 70 2 -0.000325891975 -4.37332869
111 115 46 52 1 -0.000276190549 -5.07374048
37 41 50 53 3 -5.56703853e-05 -5.04453659
64 66 46 54 2 -2.67027899e-05 -4.3935318
53 55 72 76 2 -0.00012802839 -3.63408065
45 47 28 30 2 -0.000292645127 -3.27941847
48 48 130 135 4 -0.00121202436 -3.813869
0 0 0 0 3 -0.0599338226 8.64159679
131 137 46 81 0 -2.87293369e-05 -2.03002262
113 115 55 90 1 -7.31936161e-05 -4.2967577
44 47 141 143 2 -1.40666752e-05 -6.53358603
0 0 0 0 2 -0.100586116 8.06769085
102 102 52 87 2 -5.45972289e-05 -5.63705587
145 147 67 82 1 -5.11401668e-05 -3.83250427
66 71 89 124 4 -0.000146147475 -4.4352746
191 194 132 167 2 -3.02790213e-05 -5.48035765
0 0 0 0 2 -0.14065142 9.60396385
112 112 84 92 2 -0.000244607887 -2.90985489
39 40 21 28 3 -4.25574253e-05 -5.27907848
67 72 47 51 1 -7.42666889e-05 -5.40020132
82 89 65 69 0 -3.69546397e-05 -1.65326571
51 52 68 77 2 -4.62528769e-05 -4.54010391
74 77 145 168 1 -8.58296116e-05 -4.84333086
111 122 131 134 0 -8.86907146e-05 -3.06934667
0 0 0 0 2 -0.551164925 10.0879269
78 84 92 97 0 -1.51395489e-05 -4.48849916
56 60 150 154 0 -0.000349727983 -3.54630113
0 0 0 0 2 -0.0033717826 4.81741142
125 127 83 85 2 -0.000140545177 -5.69318151
94 94 101 104 3 -0.000106332205 -5.18780088
48 49 134 142 3 -0.000280603766 -4.41788626
45 49 64 68 1 -0.000281679677 -4.70064354
110 110 130 136 3 -3.27824237e-05 -5.87937069
59 63 82 91 0 -0.000126479135 -3.17006898
0 0 0 0 3 -0.00854988303 6.13777971
0 0 0 0 2 -0.0150495842 7.33393908
0 0 0 0 2 -0.00512166927 8.09736252
173 173 81 116 3 -0.00143406563 -3.8344214
145 153 102 107 1 -0.000172847678 -5.24896383
92 95 116 122 2 -5.31669575e-05 -4.32708549
45 50 61 65 2 -0.000156871873 -6.45375013
78 80 46 53 2 -9.42934857e-05 -3.79018831
139 139 154 169 2 -7.72466592e-05 -5.6205225
0 0 0 0 3 -0.306634158 9.28727722
83 89 102 104 0 -0.00026652473 -0.490867436
103 109 118 133 0 -2.6583577e-05 -5.55487394
0 0 0 0 2 -0.00372839114 7.58325338
53 58 67 90 1 -0.000111458896 -5.24815989
66 73 105 110 0 -0.000616372854 -1.16019714
96 97 111 118 2 -4.69680817e-05 -4.16798878
51 52 123 158 2 -0.000110265522 -4.45501328
38 42 58 62 0 -0.000115033909 -3.8239944
138 140 44 79 2 -0.00011741936 -4.43404341
126 126 95 110 3 -6.48492278e-05 -6.06542015
114 122 134 169 2 -0.000219695416 -4.95244408
65 65 81 112 3 -0.00117604877 -3.56432819
122 122 43 50 2 -0.00014424033 -9.64172077
34 34 17 25 3 -0.00015031964 -4.10928297
136 137 78 80 2 -1.80005554e-05 -6.00884151
135 140 155 190 3 -0.000100253048 -5.53441286
70 73 107 122 3 -4.55376903e-05 -4.77313519
116 122 97 99 1 -2.07423655e-05 -6.32613087
167 167 93 128 2 -0.000128624219 -6.12725353
154 158 106 141 4 -0.00102266169 -4.29725456
110 114 124 139 2 -6.55643089e-05 -3.57538486
0 0 0 0 3 -0.0873804316 6.81063271
78 86 164 175 3 -0.000551771722 -3.72001314
77 81 27 62 1 -7.17630319e-05 -5.12539387
0 0 0 0 2 -0.238484547 7.30156422
74 78 97 104 3 -0.000116584779 -4.30718851
45 45 108 143 3 -0.00185999437 -2.93405366
140 144 39 47 2 -0.000113008289 -4.81921291
134 136 145 168 1 -0.00021301923 -4.02043915
122 125 198 207 2 -5.8292615e-05 -7.24982834
33 37 107 114 1 -0.00034711929 -4.26059198
0 0 0 0 4 -0.0405445732 8.78723907
61 69 83 85 0 -2.07423473e-05 -4.40312767
82 92 109 117 1 -3.01598084e-05 -5.81016302
46 50 111 146 3 -6.59221914e-05 -5.08568907
123 123 140 146 2 -0.0055070552 -3.45547247
40 51 193 228 0 -0.000331372838 -3.24140024
147 151 92 127 2 -0.000187391532 -5.76712799
0 0 0 0 3 -0.25203076 9.34391117
140 141 208 239 3 -0.00983671844 -3.86263394
99 99 51 55 4 -0.000161406104 -4.75685787
100 105 63 70 1 -0.000102876358 -3.94536328
0 0 0 0 2 -0.882134795 7.84051037
0 0 0 0 2 -0.514463067 10.2087717
100 102 118 153 2 -0.000759524992 -5.01932096
141 151 101 112 0 -1.14440745e-05 -5.08439064
66 68 52 59 2 -1.8119772e-05 -5.52821684
0 0 0 0 2 -0.324264407 7.85797167
117 121 137 142 3 -4.42263554e-05 -5.52967882
62 66 44 45 3 -0.0243649781 -2.08200312
107 108 129 135 2 -0.00192246889 -4.56641531
120 121 137 144 3 -0.040963728 -2.3606143
0 166 0 0 3 -1.09684551 3.23087573
40 44 49 53 4 -0.0278634205 -3.36895967
26 27 38 44 4 -0.0175378658 -1.99629116
0 0 0 0 1 -0.01597495 3.79071808
0 0 0 0 3 -0.558528543 9.46192551
43 52 159 194 0 -0.000165339356 -2.98372245
60 61 73 79 2 -1.88350223e-05 -6.77180958
142 146 98 105 2 -5.00676033e-05 -4.29735565
60 63 39 45 1 -8.58297863e-05 -5.05588722
103 107 42 44 0 -4.51798624e-05 -2.84875584
97 103 42 50 0 -1.99079041e-05 -2.78182673
112 114 96 106 2 -6.00809944e-05 -4.82240105
0 0 0 0 2 -0.00115228072 4.91188145
97 97 35 50 2 -0.0763192847 -3.35084844
118 122 11 18 1 -0.000345687877 -5.480196
92 97 107 118 2 -8.58306066e-06 -8.55443478
73 76 48 55 3 -0.000305046211 -5.34263039
120 127 160 183 0 -0.000673831091 -1.16661251
114 115 66 101 3 -5.51934645e-05 -6.8931613
140 141 172 179 2 -0.000137564653 -5.54948092
230 231 34 69 3 -0.0100228982 -4.23470545
94 97 112 121 4 -0.000152704102 -1.27711046
46 54 67 102 1 -9.20283783e-05 -5.88490582
44 48 59 74 2 -0.000893245684 -1.93730509
58 64 82 117 2 -2.16960416e-05 -7.18291426
54 60 150 156 1 -4.38687784e-05 -3.50763631
39 40 87 95 1 -0.000164504629 -2.96508408
130 132 110 116 2 -0.000162359735 -2.51670456
98 102 44 48 3 -0.000395154319 -5.03909922
135 135 93 124 2 -5.10211939e-05 -6.25104618
128 129 46 53 1 -0.000122664453 -2.76257825
112 113 60 95 2 -6.40147337e-05 -3.42358398
67 67 102 137 3 -0.000140902281 -3.75701404
104 108 31 66 2 -5.22132032e-05 -4.57573843
118 118 171 206 4 -0.00597331952 -4.51929712
40 40 58 73 3 -3.49281581e-05 -4.75908947
67 70 172 207 3 -3.13519231e-05 -5.67998552
0 0 0 0 2 -0.00442803977 7.49976921
92 96 139 142 2 -4.76833957e-05 -4.96482563
72 76 90 97 2 -0.000153775327 -2.96755004
0 0 0 0 4 -0.00663298834 6.66786861
22 27 81 116 3 -1.82389813e-05 -6.51745701
103 111 40 75 0 -2.20536494e-05 -2.9665935
55 59 136 171 3 -7.98694673e-05 -5.66673088
187 194 45 80 3 -0.00119534601 -5.91118383
62 66 44 55 2 -1.07288233e-05 -4.57599211
22 26 31 66 4 -0.00014030539 -4.67697001
68 71 48 56 2 -1.2516959e-05 -5.44429302
58 62 102 137 4 -0.000141736688 -4.29753971
68 68 110 145 3 -0.00177982124 -4.41673183
40 40 50 81 4 -0.000436402799 -2.96262717
0 0 0 0 2 -0.333007336 10.3891354
48 51 83 87 2 -0.000176300906 -5.60139275
88 90 100 104 2 -1.38282521e-05 -4.89614201
164 164 74 81 2 -0.000238530134 -3.82470369
45 45 82 117 2 -5.47167074e-05 -4.91910362
71 74 25 60 2 -0.000101803409 -5.86948729
103 110 57 92 1 -7.93925574e-05 -4.76902103
23 29 85 100 1 -8.11805949e-05 -4.98104334
110 111 59 90 3 -8.89290532e-05 -4.27967453
116 123 44 49 0 -3.15902944e-05 -3.34924698
60 63 137 145 3 -8.43990856e-05 -5.43719578
66 67 105 109 2 -9.65582076e-05 -3.49317956
113 120 81 88 0 -2.12191771e-05 -1.83711433
49 50 60 95 3 -4.06501349e-05 -5.2689085
120 121 59 94 4 -0.00055475207 -3.91363287
98 103 74 85 3 -5.93658333e-05 -5.49849415
81 85 43 74 3 -6.02002656e-05 -5.95835209
143 147 69 75 4 -0.000881648797 -4.4844327
84 84 114 121 3 -0.000192637148 -5.40281534
75 77 109 144 4 -0.000841994653 -2.34635377
100 104 85 90 4 -0.000135419483 -3.5863111
141 143 40 43 1 -0.00015365718 -5.84347296
0 0 0 0 2 -0.00912137143 7.3086338
0 0 0 0 3 -0.342740625 6.90222311
113 118 48 57 2 -0.00037917748 -5.2041564
70 75 85 91 1 -3.79083831e-05 -5.29221296
110 116 156 163 3 -0.000112293506 -6.12771463
122 124 82 90 2 -5.96042446e-05 -4.58279753
92 95 41 76 0 -5.1497751e-05 -4.37164974
91 91 103 134 3 -0.0302293897 -1.72457254
0 0 0 0 1 -0.118278116 7.84420824
54 56 103 105 3 -3.88620392e-05 -5.60556602
54 57 157 164 4 -0.000113366492 -3.35939169
0 0 0 0 2 -1.08139205 7.63719177
25 29 33 40 2 -0.000571889395 -7.54718876
0 0 0 0 2 -0.00396812148 6.41850138
145 145 94 129 3 -4.07693005e-05 -5.70594788
47 51 86 121 4 -7.5935568e-05 -3.29345226
61 62 29 35 3 -0.000193111468 -5.80601645
99 105 31 66 1 -0.000114796814 -5.795825
179 179 129 164 3 -0.000388365384 -3.73570013
0 0 0 0 2 -0.0829804316 9.32676983
133 137 76 111 3 -8.17765176e-05 -5.57653093
58 63 81 86 0 -8.42799855e-05 -1.47455704
0 0 0 0 2 -0.33385545 8.58915138
47 50 108 143 3 -0.000230661739 -5.27516842
0 0 0 0 2 -0.308526039 2.67535686
0 0 0 0 2 -0.00134177424 6.3618679
65 71 80 95 1 -2.837172e-05 -4.55686378
74 76 170 201 2 -0.0318335518 -0.0407776199
0 0 0 0 2 -0.298178583 8.29698372
127 130 72 107 4 -8.89291041e-05 -2.17189741
151 154 83 114 1 -8.36838881e-05 -3.93872428
56 60 76 84 2 -2.03847449e-05 -5.41866159
114 118 46 81 3 -4.38687857e-05 -7.81216431
84 92 138 145 0 -0.000109073437 -2.72443199
157 161 114 122 3 -0.000186199366 -6.72733784
85 85 94 117 2 -0.000401952479 -4.06680918
109 113 122 129 3 -0.000758455426 -3.69712162
109 113 147 182 4 -0.000534608844 -4.71449184
53 54 67 70 3 -4.02924634e-05 -5.10357237
126 126 77 112 3 -0.00015639684 -5.23049498
91 91 101 103 2 -0.00132641918 -2.13574219
132 143 59 70 0 -2.14576103e-05 -4.5108285
106 107 41 56 2 -5.81735985e-05 -3.77808571
100 100 150 153 3 -0.000570362376 -4.08439827
0 0 0 0 3 -0.380447268 9.01320457
47 47 57 92 3 -7.48621824e-05 -4.98082972
0 0 0 0 4 -0.0128950942 7.29229689
24 26 111 134 2 -0.00200242386 -2.39421391
105 107 82 91 1 -4.35110487e-05 -6.21540737
0 0 0 0 2 -0.202511087 7.97604704
34 38 149 151 1 -0.000187748723 -5.05674076
106 109 122 137 2 -1.1324868e-05 -7.15291882
127 127 90 105 3 -8.66641785e-05 -5.18527699
71 0 31 39 1 -1.84070754 3.2864852
52 52 73 81 3 -0.000470124709 -5.40265751
0 0 0 0 2 -0.0660107881 9.14452171
54 58 117 152 3 -0.000414109731 -4.76405239
77 80 117 148 2 -0.000681210193 -2.32897258
35 42 95 103 0 -0.000164741796 -2.89096856
147 152 44 45 1 -4.33918613e-05 -3.56067467
0 0 0 0 1 -0.039859999 8.3461132
121 126 73 80 3 -0.000104902763 -4.6028924
118 121 72 107 3 -5.75776212e-05 -6.00380564
0 0 0 0 3 -0.00314148585 5.34041834
86 88 58 69 2 -7.1882394e-05 -3.95658779
0 0 0 0 3 -0.189719662 8.10157871
0 0 0 0 2 -0.317442566 8.4769249
147 148 41 47 2 -9.02403699e-05 -4.1630497
114 118 147 154 2 -7.65310542e-05 -4.91394234
129 135 64 99 0 -0.000169150459 -4.21122646
125 126 108 114 2 -4.27959094e-05 -4.91685629
223 224 126 161 2 -6.6875873e-05 -6.06191015
125 130 53 76 4 -0.00150330737 -4.19409275
66 73 85 89 0 -1.66892532e-05 -1.67475617
56 62 75 79 2 -6.37765188e-05 -6.65828609
37 41 88 123 3 -6.83062608e-05 -5.02929783
100 100 56 91 3 -0.00209301966 -4.12003088
0 0 0 0 3 -0.363653779 7.74773884
36 36 105 112 2 -0.000194901892 -3.85099316
0 0 0 0 2 -0.0432887338 9.35665226
123 128 44 59 1 -0.00025473701 -4.36080551
52 53 94 96 2 -8.8809109e-05 -4.58249903
22 22 29 64 2 -0.000106332773 -6.4654665
79 80 88 90 2 -0.000150081163 -4.6476326
0 0 0 0 3 -0.461018175 8.42345905
70 74 104 139 2 -0.000256167346 -5.04933262
175 176 119 154 4 -0.000122067679 -2.97917342
0 0 0 0 2 -0.00409212522 6.85720015
106 107 90 99 2 -3.8981234e-05 -6.36754704
0 0 0 0 3 -0.0166407898 7.03823233
107 107 58 61 3 -0.000285372022 -3.40906048
49 53 65 72 3 -0.00016867755 -3.76638317
50 53 63 67 1 -4.80408889e-05 -5.44831562
126 130 41 43 1 -5.84120535e-05 -5.19971371
78 81 21 26 1 -0.000205626246 -2.51555324
105 113 51 86 3 -9.65593881e-06 -7.76606846
0 0 0 0 2 -0.00172592595 6.32558346
75 79 153 188 3 -0.00011253103 -6.07953835
0 0 0 0 2 -0.649795353 9.77737141
42 44 55 86 3 -0.000580624037 -4.39445734
100 104 120 128 3 -4.6729725e-05 -4.97101402
105 108 87 94 2 -4.79217379e-05 -5.70418453
159 163 72 107 3 -0.00216044253 -4.01009512
0 0 0 0 2 -0.034581691 7.9816699
76 80 117 132 3 -0.000789314858 -5.69858122
91 95 105 140 3 -0.000191444182 -4.34920692
18 21 126 135 1 -0.000415290211 -4.75423002
0 0 0 0 2 -0.00178675563 4.38667679
74 78 119 125 3 -2.96830021e-05 -5.11975861
0 0 0 0 2 -0.0155699803 7.32007313
117 118 47 54 3 -0.000354033924 -3.81389117
0 0 0 0 2 -0.994702399 7.17415619
55 62 73 84 2 -1.52587645e-05 -5.65738201
32 35 39 47 0 -8.0822545e-05 -4.26510143
107 112 25 28 3 -0.00184691569 -3.82424116
54 59 186 193 1 -2.51530728e-05 -6.34228134
0 0 0 0 4 -0.000859535066 2.18915939
41 45 59 90 3 -0.000315291982 -4.87533188
95 101 111 134 1 -5.38820896e-05 -3.99696469
47 49 100 135 2 -0.000879125204 -4.14045525
135 143 114 121 1 -0.00017320714 -2.30906367
117 121 103 106 0 -1.38282503e-05 -3.36867189
59 62 75 77 2 -0.0487420149 1.7882843
0 0 0 0 3 -0.00370081677 2.9198463
91 94 70 74 3 -4.75641755e-05 -5.01876116
93 97 48 79 2 -0.000442947348 -4.00666714
78 83 96 104 3 -0.000232211998 -6.32453108
115 121 198 213 2 -0.00102744706 -5.0850482
131 135 52 87 1 -2.5629899e-05 -6.55916595
43 47 127 135 0 -0.00035009539 -1.4277364
101 106 127 135 0 -2.26496941e-05 -3.99831009
56 62 120 151 1 -0.00228623324 -1.2228862
185 185 54 61 3 -0.00020276921 -4.84626102
0 0 0 0 2 -0.0278940052 7.15107012
44 46 58 64 1 -5.00675596e-05 -6.06335449
0 0 0 0 2 -0.145615429 8.19007397
0 0 0 0 2 -0.00188408862 6.03829861
118 122 137 144 1 -4.62528042e-05 -5.01630783
176 179 194 229 2 -0.00297282846 -5.0562973
216 216 164 199 2 -0.01031355 -5.86757898
0 0 0 0 2 -0.54502666 9.67188072
127 133 79 114 1 -5.87697214e-05 -4.96357393
0 0 0 0 2 -0.633042037 10.2059908
0 0 0 0 2 -0.00321398699 7.08263826
41 48 102 113 2 -0.000277977495 -4.83208895
96 101 41 43 1 -4.50608313e-05 -5.82462549
0 0 0 0 1 -0.340757996 5.18029118
0 0 0 0 3 -0.660430551 7.6656332
0 0 0 0 2 -0.170147777 8.25134659
0 54 0 73 0 -1.29731536 7.74340534
0 0 0 0 2 -0.82304287 8.68130589
92 96 43 78 3 -0.000108835797 -4.89666176
121 124 141 176 2 -0.000211589475 -5.91226435
75 81 50 58 1 -3.58817815e-05 -4.91875458
93 97 107 142 2 -8.24917443e-05 -7.73052216
54 58 73 108 4 -0.000187151716 -5.04359484
0 0 0 0 2 -0.105367124 7.82685232
116 120 148 152 1 -0.000146028833 -4.83709288
115 118 130 133 1 -0.000305994938 -5.40940666
81 87 96 104 1 -0.000335438264 -1.94398963
81 86 107 109 3 -0.000136490751 -4.95855045
17 25 30 33 1 -9.0597925e-05 -1.46913421
0 0 0 0 2 -0.0224529877 7.39726973
87 90 101 110 2 -0.000145429774 -6.16996145
89 89 67 71 2 -0.00012361737 -3.33889532
108 115 91 93 2 -0.000259984285 -4.77371931
72 75 44 51 0 -1.16824922e-05 -4.31074572
95 99 84 90 1 -6.11537544e-05 -4.38024187
59 63 157 166 2 -0.000114438939 -6.33257103
216 220 171 175 2 -9.95384326e-05 -5.92491436
80 85 96 131 4 -0.000153181027 -2.64652538
98 99 116 122 2 -0.00024949215 -3.20753002
85 88 104 139 2 -1.84773944e-05 -5.43478632
78 80 22 27 1 -3.76699609e-05 -4.89314556
19 19 30 38 3 -0.000299796287 -3.75169158
0 0 0 0 1 -0.192161024 8.56984425
144 146 90 125 1 -0.000181072057 -3.2743485
0 0 0 0 2 -0.00331558799 6.58764029
140 147 163 169 3 -7.76043889e-05 -6.79496193
132 139 149 151 0 -5.74584301e-05 -3.93954706
113 117 135 142 3 -0.000189775281 -5.69900322
0 0 0 0 4 -0.728184164 7.54912949
61 62 49 54 2 -1.59740157e-05 -5.39139462
28 28 58 64 2 -0.000218742454 -7.48833847
124 128 71 106 3 -4.62529424e-05 -5.73389626
82 86 143 149 0 -2.26496486e-05 -3.08918476
87 88 132 136 2 -0.000533187471 -2.80383587
30 37 45 80 2 -0.000193825515 -5.1260581
83 87 103 109 4 -3.40937113e-05 -4.85147572
52 58 119 154 2 -1.585481e-05 -7.94878292
0 0 0 0 2 -0.00148534169 6.81249571
0 0 0 0 3 -0.0101152351 6.10683298
81 81 97 105 3 -0.00023459681 -5.30518293
76 78 29 64 1 -1.12056532e-05 -5.511446
0 0 0 0 2 -0.112120152 8.86731339
139 142 38 49 4 -0.000474657863 -4.68562555
144 147 45 80 4 -0.000181432086 -3.32590437
138 142 107 114 2 -4.69676888e-05 -6.99659824
0 0 0 0 3 -0.574510932 9.59374714
71 75 51 59 3 -3.94580929e-05 -6.3102622
0 0 0 0 3 -0.00328888348 4.47720575
45 49 58 93 4 -9.02405081e-05 -3.10130239
0 0 0 0 1 -0.00177930749 7.02288485
83 86 101 108 0 -8.61858498e-05 -2.05224109
34 37 76 99 2 -4.36303308e-05 -5.52732801
97 99 107 111 2 -4.58952491e-05 -3.23963833
133 135 35 66 1 -0.000193112341 -4.65200472
78 85 144 146 1 -0.000130770059 -3.66880035
102 103 57 62 3 -9.29817252e-05 -5.12592983
186 189 82 117 2 -3.7789061e-05 -8.04432297
173 178 126 149 2 -3.7908354e-05 -6.35398865
182 189 31 36 0 -4.64913137e-05 -4.08317471
48 52 81 90 1 -0.000164740588 -4.30484676
133 136 54 62 2 -0.000100611265 -5.56356144
0 0 0 0 2 -0.00519634178 5.86184168
30 33 42 47 1 -3.4212906e-05 -6.9005971
0 0 0 0 1 -1.05584812 8.4097271
101 103 114 118 2 -5.24517163e-05 -6.08919668
0 0 0 0 1 -0.0096441824 7.00192833
44 48 109 144 3 -5.72200042e-05 -5.71293974
97 99 42 53 3 -0.000200147755 -6.79948568
131 136 43 47 3 -3.96964206e-05 -5.7222538
159 162 55 62 3 -0.000407434418 -4.78422022
0 0 0 0 1 -0.491672367 8.97963428
87 90 100 135 2 -1.6570044e-05 -7.37756968
34 38 44 79 1 -0.000264625938 -2.861624
0 0 0 0 2 -0.204206884 7.26363993
81 83 51 62 2 -2.62259673e-05 -4.59045124
0 0 0 0 2 -0.542719841 7.94846392
224 224 41 47 4 -0.000299085135 -3.42533612
50 52 69 76 1 -5.13788145e-05 -5.13309145
186 186 116 124 2 -2.07423527e-05 -6.02845049
0 0 0 0 3 -0.0101370253 6.68294239
134 137 50 54 2 -0.00012326015 -4.62274933
44 45 56 91 1 -7.65315272e-05 -3.87140298
116 119 169 171 4 -0.000169630948 -3.44902229
134 139 108 116 2 -3.09942952e-05 -4.27238512
77 81 132 140 2 -6.55645999e-05 -5.68596029
48 48 32 38 2 -0.000168557395 -4.29736423
0 0 0 0 2 -0.272514403 11.1222925
99 105 32 67 1 -5.43590359e-05 -4.39529181
0 0 0 0 4 -0.25184527 8.98521519
0 0 0 0 2 -0.00318454974 6.44384766
67 67 38 53 2 -9.62007325e-05 -6.14133358
74 78 116 124 4 -0.00080691505 -4.48452044
69 75 136 171 0 -8.12994622e-05 -4.10728455
144 149 71 78 0 -3.43320353e-05 -3.33146882
77 81 113 121 3 -0.000150797146 -5.41946459
107 112 171 186 0 -0.000707656553 -1.49981976
84 86 47 49 1 -0.00025819891 -2.4967792
140 147 67 73 2 -0.000593255216 -2.45067835
0 0 0 0 3 -0.569456756 9.89853287
0 0 0 0 2 -0.299086124 10.0620985
75 79 94 109 4 -0.000178690403 -4.65849924
188 191 57 64 0 -0.000168430895 -3.25159955
0 0 0 0 3 -0.0211460907 7.91573763
46 47 76 107 3 -0.00017320746 -5.92409754
110 114 132 167 1 -0.000387962005 -5.93400288
91 91 27 58 3 -0.00495969504 -2.62188816
41 41 71 78 3 -0.000522208982 -3.88519526
164 170 115 121 1 -1.54971749e-05 -5.53464174
109 113 133 135 3 -3.31400188e-05 -7.48399353
60 66 43 49 3 -0.000149246887 -4.76929283
99 101 116 121 2 -0.000338056649 -1.91201794
118 124 82 84 1 -6.96173665e-05 -5.27514553
128 131 143 178 3 -0.000228755685 -4.94966412
0 0 0 0 2 -0.00605382072 7.20058584
114 121 55 90 2 -1.66892714e-05 -7.05788898
131 133 94 105 2 -0.000272382022 -4.89035797
79 82 90 96 1 -5.65047594e-05 -4.96504593
0 0 0 0 2 -0.227811649 7.71083403
73 75 89 124 2 -2.0384743e-05 -5.85638523
67 74 43 46 1 -3.13519049e-05 -5.24149752
47 50 64 69 2 -2.5868334e-05 -6.07857561
0 0 0 0 2 -0.0183941014 8.51953602
207 207 124 159 2 -7.03327969e-05 -5.68137169
134 136 51 59 2 -9.47703666e-05 -6.18857622
0 0 0 0 2 -0.0883566141 8.33294392
75 78 61 63 2 -6.19882703e-05 -4.76994896
107 110 41 76 2 -0.000518043584 -1.92922568
62 65 79 86 2 -1.16824949e-05 -5.86911964
91 94 41 76 4 -0.000598017243 -3.26581478
110 113 78 89 0 -0.000238290115 -1.15096366
78 81 64 67 2 -2.08615729e-05 -4.77491093
49 50 65 76 3 -4.37495546e-05 -4.7851162
114 119 70 77 1 -0.000255336694 -3.97258806
85 85 127 136 2 -0.000164264493 -3.7397778
87 89 40 43 1 -7.02135876e-05 -5.19550133
55 58 95 102 4 -7.3074516e-05 -4.84660244
78 81 94 117 2 -0.00581172248 -2.1085279
0 0 0 0 2 -0.12649481 8.17209148
48 53 95 106 1 -4.68489379e-05 -4.90318727
0 0 0 0 2 -0.00843578763 6.70384312
26 27 61 68 3 -0.00035236837 -4.14721823
137 139 82 84 2 -6.29420247e-05 -3.96290827
127 132 81 116 0 -6.96176285e-05 -0.89605391
0 0 0 0 2 -0.0947407037 4.46967554
103 105 121 125 2 -0.000786569377 -3.13273358
0 0 0 0 2 -0.44653061 8.10892105
67 70 88 94 3 -4.12461304e-05 -5.02999544
112 112 53 88 3 -8.23727751e-05 -5.55070496
84 89 104 109 3 -0.000337939156 -3.77409029
41 48 60 95 2 -2.46762465e-05 -5.85012102
57 59 155 190 3 -0.000147339364 -6.93342543
73 75 47 55 3 -5.38822715e-05 -5.62675858
0 0 0 0 2 -0.000695633527 2.72227645
99 99 47 82 2 -0.000893245044 -4.64858007
35 39 51 58 3 -0.00377777196 -5.16059542
132 132 104 111 2 -0.000684415456 -4.46856499
48 51 65 72 2 -5.69816402e-05 -5.3639822
139 143 161 168 1 -0.000626382593 -1.17015934
111 111 61 96 4 -0.00134242 -2.53115368
0 0 0 0 3 -0.777208626 7.73173666
75 80 43 45 4 -0.000519717345 -3.75243783
40 41 115 150 3 -0.00031708504 -5.33563566
129 129 77 85 3 -8.6306638e-05 -4.1759696
12 18 23 30 0 -0.0108728018 -1.75529623
44 51 56 58 1 -0.000198832946 -3.77605796
46 48 140 144 2 -6.84255574e-05 -3.97224498
45 47 64 75 1 -7.91541825e-05 -4.94041872
56 64 133 144 0 -0.000163784265 -2.17587209
0 0 0 0 1 -0.203962728 9.10271549
25 29 59 67 0 -8.67825947e-05 -1.80398536
51 57 99 134 1 -3.80275487e-05 -5.92870569
112 115 129 135 3 -2.96829767e-05 -6.1671772
67 67 82 88 3 -6.10346397e-05 -6.37859201
90 95 45 80 4 -0.000209206977 -3.73723102
54 60 85 120 1 -5.61469024e-05 -6.74624825
70 71 123 158 3 -5.10212303e-05 -5.08470583
111 115 129 132 1 -5.36437838e-05 -4.95095205
119 120 94 101 3 -0.00865071453 -2.81648254
0 0 0 0 1 -0.0593728721 8.14839554
130 136 84 115 0 -0.000274767284 -2.59709311
51 52 93 108 2 -2.05039487e-05 -4.76738358
154 159 68 72 1 -8.84521578e-05 -3.87796497
89 91 101 116 3 -7.67696984e-05 -5.03113222
60 60 74 82 4 -0.000236385094 -3.78797317
0 0 0 0 2 -0.0857512355 9.47531319
34 34 109 118 3 -9.34588461e-05 -5.17343998
0 0 0 0 1 -0.36197564 7.91065931
129 133 102 109 2 -2.69411776e-05 -5.93931103
42 50 78 101 0 -4.26767328e-05 -3.95365477
144 145 97 132 3 -7.61739939e-05 -6.7442255
51 53 128 135 2 -0.000681814679 -3.41940165
49 55 64 70 0 -5.09018791e-05 -1.307742
0 0 0 0 2 -0.104826398 3.55166125
0 0 0 0 2 -0.00925280806 3.83912659
126 132 171 176 1 -0.00149786181 -2.92109704
0 0 0 0 3 -0.0153767131 7.84900808
88 92 108 143 4 -0.000176783855 -4.19352055
87 92 77 80 0 -2.18152454e-05 -4.08898926
0 0 0 0 3 -0.013684053 6.9156332
0 0 0 0 3 -0.325630695 6.83475161
122 124 146 157 1 -0.00138790405 -5.66305208
34 34 42 57 3 -3.48089816e-05 -6.59230375
0 0 0 0 2 -0.258048534 7.94797754
0 0 0 0 4 -0.138942882 8.0529108
162 167 109 144 0 -0.000599480525 -4.59231901
0 0 0 0 3 -0.746211052 7.44889212
0 0 0 0 2 -0.0416094363 8.42367649
72 79 36 42 1 -5.245172e-05 -6.9569931
82 86 114 137 2 -8.94057739e-05 -4.41379452
127 132 103 109 4 -5.34053834e-05 -4.94547749
111 117 76 88 4 -0.000193829692 -3.57514739
122 125 112 116 2 -4.55376903e-05 -4.10086679
57 61 70 76 3 -1.91926538e-05 -5.25709391
104 112 136 159 1 -0.000133630165 -3.7921474
0 0 0 0 2 -0.0428564884 8.47842312
146 154 46 81 1 -0.000223272305 -3.2089529
0 0 0 0 3 -0.230474681 8.76785564
202 208 121 156 2 -2.24112628e-05 -6.70442057
35 38 52 57 2 -0.000103829909 -3.76085472
49 53 100 104 2 -3.86236061e-05 -3.95131779
52 52 60 71 2 -4.85178425e-05 -5.51381922
100 101 126 133 2 -0.0014129288 -1.59423602
88 92 98 104 3 -3.96965224e-05 -5.48157978
60 62 41 47 1 -1.03711936e-05 -5.27609491
88 91 118 126 0 -2.15768014e-05 -3.77331948
135 142 109 124 0 -2.46762502e-05 -4.88901615
49 53 68 75 3 -6.03194276e-05 -5.22021055
43 51 78 113 2 -2.37225649e-05 -6.06932878
53 57 138 145 2 -0.000131007895 -5.47539473
0 0 0 0 0 -0.0784792677 10.1863546
53 59 87 93 2 -3.27824273e-05 -5.76640844
0 0 0 0 3 -0.48657304 9.20017147
89 92 64 79 0 -4.89944869e-05 -2.35557914
119 119 40 47 3 -2.61067507e-05 -5.75174284
222 224 50 85 2 -0.000248657278 -6.68332958
156 161 194 200 3 -9.93000576e-05 -5.45655012
60 60 44 48 2 -0.000410052482 -4.17284727
0 0 0 0 2 -0.0334312283 9.42863083
113 113 84 99 3 -0.000387172302 -4.39823484
40 44 114 116 4 -0.000475605484 -3.44745016
143 145 163 169 2 -0.000379065837 -4.26852942
147 149 106 137 2 -0.000342588057 -4.57032013
64 68 79 114 2 -1.4424294e-05 -5.32034636
94 96 115 120 2 -4.99483358e-05 -4.37742996
96 100 144 152 2 -0.000115988529 -4.59879541
83 83 121 156 3 -0.000293357938 -3.8944993
0 0 0 0 2 -0.0523762219 8.69861794
0 0 0 0 4 -0.0641210303 8.14834785
59 62 134 169 1 -0.00158694712 -5.28768587
75 75 94 129 3 -0.00024544014 -4.73492527
62 65 101 104 2 -7.23593839e-05 -5.57314825
100 102 51 86 2 -5.24520328e-06 -7.77058792
65 67 39 46 2 -2.01463263e-05 -5.7797389
114 114 136 141 4 -0.000497310073 -3.41458559
0 0 0 0 2 -0.286282182 8.05759621
115 120 133 137 3 -0.000139353011 -4.95204306
214 221 34 36 0 -0.00024878027 -3.06350636
41 45 63 68 4 -0.000104545143 -2.69471598
17 25 29 31 0 -0.00045411344 -6.04196167
128 134 95 101 3 -6.29420392e-05 -5.00779724
46 52 18 25 1 -0.000414824899 -3.88917136
128 132 194 198 4 -0.000446173246 -3.69036913
0 0 0 0 1 -0.0433832034 8.58675575
115 115 97 108 2 -0.000134703703 -3.30343032
154 154 58 93 2 -0.000585862901 -3.67138577
0 0 0 0 2 -0.324227661 8.07835865
0 0 0 0 2 -0.371935219 10.4752512
0 0 0 0 3 -0.023901714 4.6501441
114 117 129 132 4 -0.000206106037 -4.37762165
0 0 0 0 1 -0.00322276005 5.27642107
47 51 137 142 3 -0.000218265573 -4.70397663
40 43 46 61 3 -0.000749000057 -5.42511129
101 101 130 161 2 -0.00134278217 -3.37107682
67 71 47 55 2 -1.08480308e-05 -5.74395323
70 71 45 60 3 -2.78948755e-05 -7.14547682
61 65 113 148 0 -2.53914986e-05 -5.53748226
0 0 0 0 4 -0.000267377909 1.91732919
0 0 0 0 2 -0.431653738 8.32527924
55 65 78 83 0 -0.000399324723 -0.768529177
0 0 0 0 2 -0.00808827765 6.99040413
118 118 82 105 2 -0.000615188386 -5.57922792
64 69 101 109 0 -0.00246758433 -0.383697182
96 96 64 68 2 -0.000205749733 -3.95301628
69 75 51 57 3 -0.000299439009 -5.17320013
0 0 0 0 2 -0.155016705 9.08969307
0 0 0 0 0 -0.129503652 8.07876301
0 0 0 0 2 -0.487010479 8.25544834
113 116 131 135 2 -0.00462180516 -2.45192194
25 29 35 58 3 -0.00130141689 -8.75542068
0 0 0 0 2 -0.465449274 10.0050421
176 176 70 93 2 -0.00397740724 -2.4683826
27 29 39 46 2 -4.02924416e-05 -3.20043015
0 0 0 0 2 -0.0616519526 4.80218029
198 198 123 158 3 -0.000167366336 -6.5491581
98 98 42 77 2 -0.000853559235 -3.19229126
93 97 105 136 2 -4.60145275e-05 -6.25889921
0 0 0 0 2 -0.0368507914 6.55626011
89 92 121 144 1 -0.000119802266 -3.89432979
0 0 0 0 3 -0.0216488503 6.81765699
214 216 156 171 2 -0.000355097029 -4.37865496
66 70 96 103 3 -8.96442943e-05 -5.24650049
37 43 115 122 2 -0.000532824779 -2.69858098
131 139 57 92 3 -2.83717036e-05 -6.84299612
102 103 110 113 3 -5.35246254e-05 -4.7722106
129 136 52 54 2 -7.90350023e-05 -3.67902517
74 74 56 62 3 -4.02924743e-05 -6.12628222
102 104 78 93 2 -6.89023145e-05 -4.85637283
84 84 90 125 3 -3.40937113e-05 -5.92314053
91 99 81 86 1 -0.000210870858 -2.70886564
0 0 0 0 2 -0.258048534 7.94797754
0 0 0 0 2 -0.319583386 8.74790668
98 101 114 125 2 -0.000126955303 -5.00696945
94 96 60 65 2 -1.90734427e-05 -5.13261604
78 79 94 99 2 -6.98560107e-05 -3.67425346
61 64 49 55 2 -4.02925252e-05 -3.68687797
139 139 91 126 2 -0.000284540904 -4.65412712
0 0 0 0 3 -0.614581227 8.66454601
86 90 106 121 4 -0.000354631979 -3.18544149
143 148 103 134 1 -0.00182311679 -2.1961174
112 120 88 103 3 -2.70603177e-05 -6.32591343
0 0 0 0 0 -0.0221572407 9.98592663
33 37 97 105 2 -5.57895291e-05 -5.03222847
74 81 44 50 2 -4.63721735e-05 -5.37234831
81 87 63 74 2 -4.95907516e-05 -5.79740524
6 15 13 21 2 -0.204090759 -7.22162771
106 108 119 127 3 -0.000105975625 -5.60166883
51 52 133 168 3 -5.14981039e-05 -5.08260393
120 127 142 153 0 -0.000223738418 -5.61876249
53 58 34 41 2 -3.79083976e-05 -5.11734962
111 115 51 58 3 -0.00415532244 -4.16379261
0 0 0 0 4 -0.0489847101 7.26281834
160 167 117 125 3 -0.000123141333 -5.86133909
81 87 119 123 1 -0.000118372263 -4.58940315
0 0 0 0 2 -0.19719097 6.09665346
114 115 39 74 2 -0.000106929365 -4.72774696
0 0 0 0 1 -0.842780232 9.56770229
146 153 96 103 0 -1.66892351e-05 -3.11656451
47 48 124 159 4 -0.000605522946 -4.20909357
22 25 32 67 0 -5.59085238e-05 -5.67812777
137 141 88 119 1 -0.000106810177 -1.94681334
0 0 0 0 2 -0.449164063 9.08351517
75 80 40 55 2 -2.51530746e-05 -6.73741388
57 65 83 118 2 -3.50473565e-05 -8.96295357
0 0 0 0 2 -0.388836473 7.68236351
187 187 210 214 3 -0.00134094467 -4.26490164
108 112 126 161 3 -6.93790353e-05 -5.40457869
0 0 0 0 3 -0.0021082256 4.70871592
59 64 83 89 3 -0.000100372665 -5.04307365
0 0 0 0 3 -0.00747914426 6.55230808
39 45 65 100 0 -1.99078822e-05 -4.33463478
219 221 160 195 2 -6.04384259e-05 -5.86593962
112 113 122 137 2 -0.00125428499 -3.58511019
0 0 0 0 2 -0.266646594 10.1937876
88 93 102 137 2 -0.000124451224 -2.62394047
215 218 122 157 2 -0.362407506 -1.25523925
103 109 119 123 1 -2.12192026e-05 -4.92717361
40 44 53 88 2 -0.000118491269 -6.36069775
120 120 101 108 3 -0.000129219537 -4.95877981
45 49 22 33 3 -0.00017046521 -4.08793449
108 110 92 96 2 -1.02519862e-05 -6.25006628
208 212 56 64 2 -6.46100452e-05 -7.29441595
84 84 95 100 3 -5.6027995e-05 -5.86394215
130 136 87 89 0 -5.14980529e-05 -3.67223859
0 0 0 0 3 -0.299525708 8.86341
0 0 0 0 2 -0.255334646 8.11331844
60 66 79 83 1 -7.77235618e-05 -3.51208711
107 111 60 95 3 -0.00320768426 -4.0242734
0 0 0 0 2 -0.0341831371 8.94039345
66 69 112 147 3 -0.000101445679 -5.01898479
0 0 0 0 1 -0.0216814633 8.71604538
85 91 123 127 2 -0.000141022159 -4.07194042
55 64 77 100 1 -6.43719395e-05 -5.63886452
134 138 179 214 2 -0.00015413425 -6.47095299
154 156 109 144 2 -0.000295268808 -3.83005857
110 112 60 95 1 -5.0306011e-05 -5.33489227
42 42 47 49 4 -0.0589014478 -3.5408833
0 0 0 0 2 -0.807108879 7.50856352
27 28 45 47 1 -4.94715459e-05 -3.87772918
50 54 167 202 2 -1.68084753e-05 -7.26240826
153 157 104 139 2 -0.000298845174 -3.50990891
111 117 129 137 1 -3.99349265e-05 -5.61466026
71 74 57 59 1 -5.72200879e-05 -5.03680801
0 0 0 0 1 -0.0858477652 7.72957277
114 114 132 139 3 -3.42128988e-05 -6.2190733
116 123 32 39 0 -0.000227085824 -3.46199226
76 80 31 66 4 -0.00146791036 -3.1507895
0 0 0 0 2 -0.103038557 8.3744669
101 102 54 89 2 -1.74045108e-05 -4.16532946
84 86 47 52 2 -7.51009138e-05 -2.75131702
110 115 170 175 3 -0.0012960633 -3.33413219
87 93 112 127 1 -3.03982433e-05 -6.73725271
94 99 42 77 1 -0.000223984069 -5.60917473
115 123 81 84 0 -8.51141012e-05 -2.73458242
67 69 135 146 2 -0.00223803753 -3.01589155
97 100 110 116 3 -8.43990056e-05 -5.72349548
59 61 94 99 2 -0.000477862544 -3.83760595
87 91 108 143 3 -0.000187749436 -5.0392251
78 84 127 134 0 -8.08227705e-05 -1.75908875
118 119 55 58 2 -2.58683431e-05 -4.75055599
70 74 88 119 3 -0.00197802694 -4.13735771
0 0 0 0 4 -0.0298423339 8.31092834
71 76 86 121 4 -8.96439524e-05 -3.73781228
104 112 44 49 0 -1.28745814e-05 -3.87345195
0 0 0 0 2 -0.00367330504 6.84306955
122 127 53 61 3 -0.000155207032 -4.23340845
51 56 122 125 0 -4.19612588e-05 -3.51265001
116 117 128 133 3 -7.65313307e-05 -5.18192768
179 180 69 84 2 -0.000856539293 -1.99070919
97 98 132 167 2 -0.00206707232 -6.64933777
37 37 100 107 2 -0.000267734082 -4.6352067
133 135 41 76 4 -0.00235338509 -1.97359622
41 42 57 64 2 -2.70604196e-05 -5.08980656
178 186 62 66 2 -0.00101757131 -4.67411327
176 182 50 53 2 -0.000140545497 -5.29520178
0 0 0 0 2 -0.00173858157 4.69962215
35 39 103 138 3 -0.00200388487 -3.49151516
78 86 105 111 1 -7.54588109e-05 -4.04859114
108 111 119 130 2 -0.000108121014 -3.73968554
117 120 138 146 2 -0.000700749282 -2.31486034
0 0 0 0 2 -0.0117575219 6.73529959
79 79 187 195 4 -0.00121820928 -3.56745982
61 61 76 78 3 -0.000113603433 -4.86456871
0 0 0 0 2 -0.0276343767 9.32245159
0 0 0 0 0 -0.0865520164 10.0088816
0 0 0 0 2 -0.00454739248 6.51293898
0 0 0 0 3 -0.108718477 5.14758253
94 94 128 143 3 -0.000226845354 -5.03236294
47 47 59 62 3 -0.001481015 -4.23559713
0 0 0 0 3 -0.501845062 8.68061733
0 0 0 0 4 -1.18139386 10.6150541
40 40 52 87 4 -0.000186915626 -5.41517067
76 82 56 61 2 -4.6133744e-05 -6.53628016
17 21 26 29 4 -0.0838989615 -4.4333744
100 105 31 36 3 -0.000224461488 -5.26557875
119 122 149 153 3 -0.00193060562 -2.28231263
55 57 114 121 2 -6.59221114e-05 -4.86837435
40 43 56 62 3 -0.00032495163 -3.81338859
86 88 120 131 3 -6.92596659e-05 -5.09951544
135 142 161 196 0 -0.000165220335 -3.8713553
35 36 53 57 2 -5.86500355e-05 -9.81089592
17 20 72 107 2 -0.00019442325 -3.58524323
0 0 0 0 1 -0.0116026402 8.20452881
49 51 110 113 2 -0.000109193912 -4.1654973
0 0 0 0 3 -0.0719231367 9.15168858
177 179 50 73 1 -0.000109908629 -4.79642963
128 133 53 76 0 -2.69411903e-05 -3.66573095
173 173 33 68 2 -0.000111934998 -4.54094791
76 81 56 63 3 -2.61067617e-05 -5.20169783
29 33 122 124 3 -0.000194425142 -4.06847954
79 83 172 207 4 -0.000422330864 -4.05896997
179 183 124 159 1 -0.000129577122 -4.80506706
113 113 127 134 3 -3.37360907e-05 -5.06896448
67 67 126 133 3 -9.93001158e-05 -5.21833754
107 110 121 144 2 -6.54452451e-05 -7.12336397
70 70 77 84 3 -0.000319825398 -5.76373672
85 86 129 135 1 -7.56971858e-05 -3.40738177
53 55 86 94 2 -2.02655283e-05 -5.31809807
131 132 181 189 3 -0.00264089694 -5.46750546
110 110 124 130 3 -0.000116942552 -5.93329144
0 0 0 0 3 -0.381859392 9.70906925
144 146 40 47 2 -0.0001093131 -6.20845413
48 56 67 78 2 -1.68084662e-05 -6.01341724
102 105 120 123 1 -0.000314814621 -4.78636074
0 0 0 0 2 -0.839592934 9.87347698
105 105 52 87 3 -0.00011527371 -4.321064
0 0 0 0 2 -0.29091078 7.75199604
110 114 74 89 3 -0.000172253815 -5.55766916
103 104 115 138 3 -0.000112770133 -5.127913
75 80 101 112 1 -6.99749507e-05 -4.34565449
77 82 171 206 2 -0.00153873127 -4.32302809
51 53 120 126 2 -8.90482697e-05 -6.49016953
78 82 91 106 3 -4.9471575e-05 -6.04873037
90 95 48 83 3 -0.000167008388 -5.13023758
119 124 57 88 1 -0.000171061401 -4.16684151
151 157 99 134 1 -5.90080817e-05 -4.91561794
45 49 62 68 2 -8.38022243e-05 -3.97430038
89 90 191 226 3 -0.000599909457 -5.33511019
0 0 0 0 2 -0.727261245 10.0496407
111 111 126 134 3 -0.000124928425 -5.34758282
122 123 132 141 4 -0.000184768855 -5.4601469
67 72 110 117 2 -3.73123439e-05 -4.70297194
110 110 124 135 3 -0.000128147352 -6.25788403
139 139 182 186 2 -0.000289784046 -3.52348089
0 0 0 0 2 -0.00280422182 6.29040623
81 82 188 223 3 -0.000418515701 -5.06076956
44 44 52 87 3 -4.66105303e-05 -5.88782692
200 207 64 99 2 -0.000501155388 -6.42433596
0 0 0 0 1 -0.00803498458 5.00380516
80 84 93 128 1 -3.77891847e-05 -5.11805248
76 79 90 125 0 -1.88350132e-05 -7.32117558
0 0 0 0 3 -0.00277909404 1.73681486
0 0 0 0 4 -1.32880938 6.7583456
27 30 57 92 3 -0.000594083103 -4.01271248
24 30 64 99 1 -0.0127128083 -2.81411099
89 94 43 74 1 -0.000271190685 -1.70265079
79 80 90 97 3 -7.95112719e-05 -4.76213074
62 65 82 105 2 -5.01867544e-05 -5.86420012
0 0 0 0 2 -0.0043326756 7.2210927
92 92 132 143 3 -0.000102041857 -5.15334034
65 66 74 79 1 -0.000143524943 -5.78576899
0 0 0 0 2 -0.928152561 8.56419659
114 117 87 102 1 -5.82927605e-05 -6.8263979
0 0 0 0 3 -0.0028424745 3.45697856
17 20 24 59 2 -0.00228464184 -6.57196903
94 97 109 120 3 -0.000123737482 -4.85983133
155 156 52 87 2 -0.00154877175 -5.03821898
143 143 123 125 3 -0.000468817947 -3.82458353
24 30 42 73 1 -0.000225059834 -3.48937535
61 67 119 124 0 -7.76042361e-05 -3.76651049
86 96 62 67 0 -2.92061432e-05 -3.59442067
85 88 198 207 0 -9.51270049e-05 -2.57789826
35 37 49 84 2 -1.56163896e-05 -7.81005049
17 17 38 42 3 -0.000227564131 -4.88195705
97 102 37 72 3 -4.0530962e-05 -5.71713209
94 95 107 112 2 -0.000601680251 -2.93792439
55 60 76 79 1 -0.00022982771 -4.44077253
59 65 131 140 1 -0.000144478356 -4.44615173
46 51 88 123 0 -1.93118321e-05 -4.81585121
46 48 65 72 2 -5.36436528e-05 -3.79141283
74 75 39 45 3 -8.85709305e-05 -4.80339336
80 84 105 107 1 -0.000246396463 -4.96592474
77 81 30 65 1 -1.74045199e-05 -4.54020262
98 101 119 150 2 -0.000152108012 -4.07357931
94 99 35 40 1 -4.26766928e-05 -6.00960445
120 123 96 99 2 -2.52723039e-05 -5.9864645
184 188 77 82 2 -0.000160208612 -5.72620869
117 120 137 139 2 -0.000274648832 -2.24884319
12 12 17 21 4 -0.000896526733 -3.84813309
12 19 23 34 0 -0.000684908126 -4.66990995
121 126 93 104 4 -0.00014781658 -4.43387508
104 107 88 92 3 -3.21863445e-05 -5.62963152
65 65 78 113 3 -0.00019895412 -6.25811911
56 56 37 44 4 -8.12998842e-05 -3.17721653
39 42 98 121 2 -0.000681337086 -4.09929371
30 34 67 82 4 -0.00108105992 -4.0667057
98 98 55 57 3 -0.000678449171 -4.55037498
114 117 129 136 2 -8.3803061e-05 -4.15992451
147 153 39 50 2 -3.12327174e-05 -6.01527309
124 133 105 110 1 -0.000154372479 -4.60265017
56 57 75 82 4 -9.63198036e-05 -4.67999744
54 59 79 90 3 -0.000225412979 -4.71570921
56 59 69 76 3 -4.10076682e-05 -5.04260778
51 52 61 65 2 -6.37762714e-05 -6.18762684
46 48 52 75 1 -0.00288884132 -0.993166566
49 51 36 39 1 -8.85713307e-05 -4.76431656
39 41 45 49 2 -0.000507023477 -5.77874327
35 39 52 87 2 -9.89435739e-06 -5.75005007
57 65 96 131 0 -1.34706224e-05 -4.20146656
53 57 65 73 2 -4.37495873e-05 -4.34785748
66 71 79 114 3 -0.000111578011 -4.94319487
67 75 131 134 0 -1.54971785e-05 -3.28627014
45 45 106 108 3 -0.000151511776 -4.70899248
56 57 75 83 3 -0.00020955925 -5.81826258
68 68 85 120 3 -7.16439754e-05 -4.55231762
54 57 69 73 2 -8.85714981e-05 -4.20303917
90 93 106 141 2 -4.21998338e-05 -4.22995281
130 133 78 101 2 -4.47031416e-05 -4.82826138
37 37 71 106 3 -7.08094012e-05 -4.70232058
51 54 94 99 0 -9.57213488e-05 -2.69327354
82 82 43 51 3 -6.55644544e-05 -5.28261805
120 120 135 143 3 -9.42929037e-05 -4.46321058
118 118 22 29 3 -0.000523171271 -4.20816612
59 59 26 33 3 -0.00022398727 -4.70289707
5 5 8 43 3 -0.000965694431 -4.10554314
46 46 120 143 3 -0.00108487613 -4.99359655
123 125 44 48 2 -8.60682921e-05 -3.38550901
44 44 54 69 3 -3.7908394e-05 -5.27778959
29 33 37 60 2 -0.00211178162 -8.89778805
128 128 48 79 3 -0.00377643784 -2.9042244
86 87 99 122 2 -3.00406209e-05 -4.7255311
107 109 41 43 2 -7.12864639e-05 -4.58447075
35 38 83 118 2 -2.6583597e-05 -6.79250097
97 97 49 60 2 -5.57895546e-05 -4.45502472
92 94 102 110 2 -0.000138637261 -2.14858437
75 79 110 145 1 -5.87697323e-05 -4.8664608
53 54 74 109 3 -6.87831416e-05 -6.24660158
120 121 169 204 3 -0.000172014872 -6.10144472
25 27 96 119 1 -0.000117893564 -4.60351896
151 155 176 180 2 -6.23459782e-05 -4.10028076
62 62 104 139 3 -6.38956044e-05 -5.074512
69 69 47 58 3 -3.8266e-05 -5.25388527
99 103 56 63 1 -7.76046363e-05 -4.58769417
92 94 50 85 2 -0.00051505462 -4.06843042
141 144 96 119 2 -0.000108954875 -6.25976706
17 17 38 40 2 -0.000245323754 -5.01167917
74 76 30 41 1 -0.000171537104 -4.10831738
25 26 101 107 2 -0.000688481145 -4.41189051
50 50 117 120 2 -4.25574544e-05 -4.67085218
39 41 52 59 2 -2.33649625e-05 -4.65096474
0 0 0 0 3 -0.0130998809 5.09246016
0 0 0 0 3 -0.0379930548 8.0566349
0 0 0 0 2 -0.261527151 8.04536533
0 0 0 0 3 -0.0145450793 7.07734489
0 0 0 0 3 -0.00190023612 4.55977154
0 0 0 0 3 -0.0113477409 9.09945393
0 0 0 0 2 -0.0082413312 9.08485508
0 0 0 0 2 -0.117964581 8.69548702
0 0 0 0 3 -0.0226895846 6.53324223
0 0 0 0 2 -0.631112576 8.72702026
0 0 0 0 2 -0.535265923 10.4281559
0 0 0 0 3 -0.903726935 9.38791561
0 0 0 0 2 -0.0100538228 8.40692234
0 0 0 0 0 -0.537076533 10.2036381
0 0 0 0 2 -0.400800049 9.32991505
0 0 0 0 3 -0.0242631994 7.9941268
0 0 0 0 2 -0.0144264894 7.75224924
0 0 0 0 2 -0.0524786636 9.01192379
106 110 123 125 2 -0.0217339657 -4.89700413
52 57 74 80 1 -3.56433957e-05 -3.97266054
40 48 70 76 0 -4.68489197e-05 -2.635602
20 22 26 61 2 -0.00183807197 -3.98680329
50 55 70 105 1 -3.38552927e-05 -4.70424795
60 63 86 121 3 -8.46375406e-05 -5.32276678
84 90 75 79 1 -7.37898372e-05 -3.06286097
52 57 73 108 1 -8.80945227e-05 -4.23627758
0 0 0 0 2 -0.190641537 10.2531586
110 110 31 37 3 -0.000120398967 -5.33590364
125 130 141 142 0 -4.14845963e-05 -3.34815931
146 148 38 44 2 -3.64778243e-05 -3.30106664
119 120 51 86 2 -4.10077773e-05 -7.08494377
35 39 49 52 0 -1.83581869e-05 -3.65616798
147 154 52 59 0 -0.000112411231 -3.46146345
50 53 67 90 3 -8.6782602e-05 -5.33354998
51 51 62 73 3 -0.000305045163 -4.18566799
107 109 27 34 1 -2.62259528e-05 -4.39959955
71 72 155 162 3 -0.000197046669 -4.8750267
160 167 181 188 0 -4.78025249e-05 -4.44312286
79 85 61 64 1 -9.10747476e-05 -5.26003742
116 120 135 146 3 -4.94715096e-05 -5.48220491
54 59 69 76 4 -0.000346281158 -3.15668035
51 57 79 114 1 -0.000187391721 -4.17460489
0 0 0 0 1 -0.00853483938 7.28004646
151 155 83 118 4 -0.000134704314 -2.05800462
52 56 37 44 4 -3.60010563e-05 -3.36103106
51 51 63 86 4 -0.000466668978 -3.49987054
20 23 54 56 4 -0.000927572371 -0.342703342
0 0 0 0 1 -0.853613377 9.88277626
0 0 0 0 1 -0.00658539822 5.06767225
81 85 23 58 1 -6.9021422e-05 -3.66775155
166 171 119 154 0 -7.46238948e-05 -4.81418133
0 0 0 0 1 -0.180053547 8.58279705
0 0 0 0 3 -0.222012401 7.82242727
177 177 128 143 2 -0.000465121586 -5.34584808
49 54 104 107 1 -4.94715205e-05 -4.93279409
43 47 64 99 1 -2.63451402e-05 -5.46184015
80 87 99 101 0 -0.000142690682 -1.84784269
156 159 139 142 0 -2.43186041e-05 -4.852211
45 45 49 52 2 -0.0287006143 -1.42570686
67 67 81 84 2 -0.000183339507 -4.30339003
56 58 203 211 2 -0.00011193419 -5.23931074
34 41 49 53 0 -1.56163842e-05 -3.7388308
39 43 72 107 3 -8.33251033e-05 -5.83111858
0 0 0 0 3 -0.0274606459 8.22254753
127 129 108 113 2 -0.00235110917 -0.372043878
61 66 101 105 1 -9.39355887e-05 -5.48440266
0 0 0 0 1 -0.0914840549 8.52555561
10 10 20 23 2 -0.000551289413 -1.26557696
61 64 47 50 2 -0.000233046798 -3.73046732
92 101 69 76 1 -0.000308859133 -2.43941832
0 0 0 0 1 -0.209448099 8.46882153
26 29 41 46 2 -0.000112293608 -4.71907425
76 83 57 61 2 -2.90869648e-05 -5.52655125
0 0 0 0 3 -0.0177030656 7.67060518
37 43 110 115 3 -3.45705193e-05 -5.63113832
0 0 0 0 3 -0.158450633 8.88554573
111 115 33 68 1 -0.000165816498 -3.25551057
124 127 145 180 2 -0.000529482844 -5.46076536
42 45 82 97 2 -6.07960974e-05 -5.62175035
54 60 70 76 0 -0.000204901633 -3.11759734
134 135 36 44 3 -6.7710178e-05 -5.13172293
121 125 69 104 3 -3.29015966e-05 -6.31361532
73 77 115 150 3 -0.000356414879 -4.28702736
35 37 104 110 2 -3.8981183e-05 -5.06259727
74 77 111 146 2 -0.000106452004 -3.60633063
0 0 0 0 4 -0.00148799887 4.20516586
79 82 96 103 3 -0.000314580975 -3.94980431
36 43 50 58 3 -5.19749265e-05 -4.42940521
99 103 116 139 4 -6.93792826e-05 -4.04431772
40 43 126 141 1 -0.00025758642 -4.62627363
104 104 58 93 4 -0.000238529639 -4.46793556
0 0 0 0 2 -0.00950439554 8.23174381
113 113 96 98 4 -0.00114874379 -3.00130272
88 89 37 43 4 -0.000128267275 -4.94534874
111 113 61 96 3 -0.000167246719 -6.56850815
136 139 71 74 2 -4.66105266e-05 -5.23409462
93 93 124 135 2 -0.017910175 -3.54520941
125 125 102 109 3 -7.89156838e-05 -6.67066669
120 123 164 195 3 -0.000704817125 -5.36776066
117 124 93 95 0 -3.03981833e-05 -1.39943457
67 68 75 80 3 -5.57894746e-05 -4.22027349
68 73 88 123 3 -1.49011339e-05 -7.36806965
41 47 60 62 1 -4.31535154e-05 -4.93014193
70 72 86 109 1 -0.000803489296 -2.83988571
191 196 80 85 0 -5.59087675e-05 -5.03502178
223 231 98 107 1 -0.00295939157 -2.08032799
47 51 106 111 2 -3.24247449e-05 -4.79810762
81 82 98 109 2 -0.000161644159 -4.18531466
38 40 47 82 1 -0.000123734513 -2.84119081
0 0 0 0 3 -0.252925038 7.66256428
0 0 0 0 2 -0.451147407 8.9349699
0 0 0 0 2 -0.244603455 8.90922832
76 80 92 98 3 -2.40801928e-05 -5.45457554
97 100 70 81 3 -0.000136967996 -4.8536582
0 0 0 0 2 -0.395479858 8.16297722
133 139 87 110 0 -2.3245675e-05 -7.65616035
104 110 121 156 3 -0.00253539975 -5.27023077
51 55 86 91 4 -0.000352481438 -3.76450229
0 0 0 0 2 -0.00294241309 6.15355253
0 0 0 0 1 -0.00842825882 4.2751174
81 88 105 113 2 -3.74315423e-05 -5.50976229
105 105 194 200 2 -0.00019203838 -4.71007156
74 74 82 84 2 -8.95250269e-05 -3.94850588
144 147 46 81 3 -5.75776576e-05 -5.86645126
44 44 104 108 3 -0.000477635622 -3.93234849
36 36 127 162 2 -0.00214386638 -2.60127139
0 0 0 0 2 -0.327173144 8.20616341
37 37 88 91 4 -0.000309689902 -1.88012159
97 103 48 83 1 -5.06634387e-05 -4.62600565
128 130 97 101 3 -7.31938999e-05 -5.98887348
26 30 35 40 4 -0.000128623855 -4.81433201
111 114 127 158 3 -0.000121232653 -4.68310118
27 34 93 104 2 -2.20536676e-05 -5.45796776
114 120 43 50 1 -2.65835697e-05 -5.72908831
0 0 0 0 3 -0.427532434 9.79668999
121 124 133 140 4 -0.000508089026 -4.74816179
103 103 63 98 3 -0.00219730404 -4.72935724
163 167 115 150 3 -7.80810369e-05 -5.35855198
0 0 0 0 0 -0.152640998 10.6500015
86 87 99 106 2 -8.38031629e-05 -4.79026747
0 0 0 0 3 -0.802884161 9.94935608
69 69 162 185 3 -0.00848564971 -3.21301103
41 42 47 55 2 -0.000157947594 -4.87814283
79 83 120 155 2 -0.00057561358 -3.33597064
0 0 0 0 2 -0.212748796 9.56659508
89 92 39 70 3 -0.00028072609 -5.49624586
122 127 160 195 1 -0.000177497684 -4.40274906
122 127 104 110 1 -3.91003741e-05 -7.47923946
68 68 43 50 4 -0.000369766029 -4.71699667
59 61 83 118 2 -7.85579177e-05 -7.81103992
72 79 48 59 2 -0.000368336652 -4.0446806
106 107 125 160 2 -2.01463117e-05 -7.37882042
34 41 11 18 0 -4.72064567e-05 -3.57877994
126 131 81 89 0 -2.76564733e-05 -3.73931599
53 60 116 151 2 -4.51800261e-05 -5.46375561
0 0 0 0 2 -0.00153795455 2.2461884
70 72 86 117 1 -8.36839608e-05 -4.55983019
167 171 110 145 4 -6.2346e-05 -4.26147699
103 105 121 127 1 -0.00130259409 -1.57804239
152 160 53 88 4 -0.00039670564 -4.62124205
16 19 74 81 1 -0.000184531615 -3.65919137
49 51 128 132 2 -0.00029145446 -5.10644245
102 102 111 116 4 -7.79619295e-05 -5.18509102
123 125 103 107 1 -4.35111542e-05 -5.38748741
87 92 72 76 0 -6.31802832e-05 -2.09695268
112 115 61 92 2 -8.02266586e-05 -7.54701996
159 161 50 81 2 -0.00252070138 -4.17794228
81 86 95 130 2 -4.63720098e-05 -6.01502848
114 118 130 133 0 -5.13787236e-05 -2.07565928
46 48 174 177 2 -0.000151985791 -5.28234625
96 99 69 77 0 -0.000154009496 -1.67228103
23 27 54 62 4 -0.00230683177 -3.97605085
104 105 120 127 2 -4.56569105e-05 -6.69680643
57 63 42 46 2 -4.39879877e-05 -3.51204157
43 43 122 126 4 -0.000557381369 -4.43273926
0 0 0 0 3 -0.0064383503 6.19575357
121 121 140 146 2 -0.000256291474 -6.19974041
0 0 0 0 2 -0.00797004532 6.62108231
0 0 0 0 2 -0.22264123 8.18188
116 116 49 56 3 -0.000183220429 -4.51190281
29 33 64 69 2 -0.000203722826 -5.26012039
155 158 41 76 3 -3.83851802e-05 -4.89882088
0 0 0 0 2 -0.00190336804 5.24672699
0 0 0 0 2 -0.114777014 8.97400856
90 94 43 47 0 -1.8596591e-05 -2.44443011
86 92 40 47 0 -5.37629858e-05 -1.78476369
145 150 163 165 4 -0.00106364687 -2.85970044
61 61 161 172 2 -8.77368439e-05 -4.71988249
45 51 55 59 2 -0.000984749408 -4.03696489
46 51 117 122 0 -0.000159615622 -2.14224577
170 172 188 192 2 -8.84522742e-05 -4.85155582
89 97 112 147 2 -2.28881254e-05 -7.32184744
91 95 121 136 2 -0.000375011761 -3.64657044
0 0 0 0 0 -0.0553980842 9.47756004
76 76 84 91 2 -5.93656405e-05 -5.48493767
7 12 18 53 4 -0.000879107218 -4.12163973
61 61 138 173 3 -0.0010764224 -6.38115501
55 59 100 135 2 -1.77621387e-05 -7.83512735
0 0 0 0 2 -0.0822427124 9.71611309
111 116 78 86 2 -0.000131366309 -4.80003834
106 108 123 129 1 -6.54453979e-05 -5.52854681
75 75 107 116 3 -0.000776517671 -5.0064826
131 133 80 115 2 -6.28225243e-05 -5.37277555
127 127 85 120 2 -0.000198835129 -3.70385337
64 66 151 153 2 -1.66892623e-05 -7.59470034
32 38 46 81 2 -0.00162691448 -4.85950422
0 0 0 0 2 -0.230959684 7.9923625
86 90 119 126 4 -5.09020429e-05 -3.7689352
107 110 121 156 2 -0.000266900053 -5.13307095
0 0 0 0 3 -0.00311263301 3.50967455
0 0 0 0 1 -0.0264987815 8.47309017
57 58 86 97 3 -0.000200385752 -4.5433588
14 22 34 36 2 -0.000173087552 -3.51145649
75 77 54 60 2 -3.23055901e-05 -4.88968229
12 17 30 38 3 -0.00670190156 -1.13193178
58 66 150 154 3 -6.53260722e-05 -5.55640936
0 0 0 0 3 -0.00236464548 5.26357937
103 105 217 221 2 -0.000262836955 -4.57311487
67 67 155 161 3 -0.000214807733 -6.47641277
105 112 98 100 0 -1.66892696e-05 -3.7560885
0 0 0 0 3 -0.945914149 8.38285446
48 49 74 81 3 -0.000125286839 -5.07379675
58 63 80 86 3 -8.32071964e-05 -3.07082891
99 103 217 224 3 -0.000909522118 -6.19635248
42 44 132 167 1 -0.000100133868 -6.15693998
0 0 0 0 1 -0.179270834 7.40064621
122 122 138 169 3 -0.000571326062 -3.30638814
121 128 42 77 0 -1.96694873e-05 -4.65500212
81 81 64 66 4 -0.000244252326 -4.19002724
96 103 120 127 2 -0.000214689891 -4.11558294
159 163 78 113 1 -6.06770118e-05 -3.94343066
123 126 107 115 4 -2.44378225e-05 -3.70620346
88 93 105 113 4 -5.37628912e-05 -5.33666992
0 0 0 0 2 -0.0107158497 9.16804028
0 0 0 0 3 -0.32385698 7.14153862
0 0 0 0 4 -0.0529691055 7.36705971
30 34 54 89 1 -0.000859863358 -4.01353407
58 59 34 41 2 -3.50474002e-05 -3.94138265
105 105 86 93 2 -3.0398227e-05 -5.72272635
105 108 47 54 2 -0.000133034031 -3.22789264
18 20 36 42 2 -0.000353673182 -3.9798727
38 38 82 117 2 -3.75506606e-05 -3.86808896
0 0 0 0 1 -0.0348006226 8.60531139
109 113 93 98 1 -8.08230689e-05 -5.33498478
143 145 73 78 2 -0.000129338179 -5.20393276
110 112 75 86 2 -1.74045199e-05 -5.37188959
56 56 95 130 3 -1.91926483e-05 -6.58996201
92 100 61 63 0 -5.12596234e-05 -2.1375227
217 217 121 125 2 -9.38161247e-05 -6.01197529
0 0 0 0 3 -0.617857575 8.25864029
107 113 54 59 1 -0.000150557928 -4.88008547
101 101 130 136 4 -0.00372645818 -4.00498867
47 47 127 131 2 -7.85579905e-05 -4.70969439
112 119 50 58 2 -3.83851984e-05 -4.26518202
0 0 0 0 3 -0.272018194 9.01784801
182 185 83 90 2 -2.82525143e-05 -7.31099939
63 66 177 179 2 -0.000876010396 -4.57186079
56 56 15 50 2 -0.000263086025 -3.68243694
104 105 25 32 2 -0.000324692111 -7.56913471
0 0 0 0 2 -0.0348170102 8.84863949
107 111 62 97 4 -0.00011157769 -2.94945192
0 0 0 0 1 -0.189714789 9.44446659
120 124 60 65 2 -0.00010108704 -4.31486988
0 0 0 0 0 -0.4991166 12.1627331
0 0 0 0 2 -0.289460123 9.05380726
214 220 158 193 1 -5.93657969e-05 -4.40707207
115 120 137 160 2 -0.000191802828 -4.1839633
102 104 74 80 2 -9.17910347e-06 -8.52387047
77 78 102 106 2 -2.8252507e-05 -4.98716974
33 33 92 96 2 -0.000199192582 -5.23527622
0 0 0 0 4 -0.0388438739 8.13386631
44 51 65 67 0 -0.000115986935 -0.827550948
62 66 22 27 4 -0.000357253797 -2.80268955
69 71 159 190 2 -0.000786330551 -4.528162
31 31 44 79 2 -0.000111458328 -3.33297276
115 118 137 143 2 -0.000117538162 -5.08556652
0 0 0 0 2 -0.0116790971 6.56810427
38 41 67 102 0 -5.01866634e-05 -2.79000807
69 73 104 108 3 -0.000237933287 -4.60989761
43 45 57 66 3 -9.20283201e-05 -4.33736897
62 63 180 185 2 -6.4968408e-05 -4.78874254
59 64 70 77 3 -9.90618428e-05 -5.46414089
173 177 146 151 2 -0.000263081718 -5.29595423
98 103 44 50 1 -8.11804348e-05 -3.49973512
55 59 112 115 3 -7.97501416e-05 -5.4866271
36 39 52 57 2 -3.82660073e-05 -3.54365611
91 94 68 75 2 -4.26766637e-05 -4.15703058
114 118 94 99 2 -0.00160576566 -2.54495001
47 47 66 73 4 -0.000224107003 -4.75275183
0 0 0 0 3 -0.0751159936 8.01180363
93 97 107 142 0 -2.64643786e-05 -2.51630044
146 147 66 101 1 -7.98693873e-05 -3.48597527
59 61 82 85 2 -2.58683267e-05 -5.29011345
0 0 0 0 2 -0.0926954895 7.96228266
102 104 38 73 2 -2.2768887e-05 -6.14524937
71 73 148 179 1 -0.000785235781 -1.23058629
175 179 87 122 4 -0.000173445267 -4.40835667
74 75 155 190 2 -0.000425782637 -2.77092004
0 0 0 0 2 -0.0926721096 9.78534317
0 0 0 0 2 -0.0435875803 7.86763382
35 36 47 53 3 -4.10077919e-05 -5.05292368
26 27 87 90 1 -0.000208843558 -4.87005472
105 112 90 92 0 -2.01462972e-05 -3.06530142
165 168 102 106 2 -0.000198714421 -3.01624775
57 62 81 112 1 -3.52857751e-05 -4.42504692
123 131 111 113 0 -3.37360907e-05 -2.58407545
0 0 0 0 2 -0.28684473 10.4020214
76 80 88 96 0 -2.18152054e-05 -3.83058333
191 196 85 89 0 -5.86505121e-05 -4.23316145
0 0 0 0 2 -0.0137694124 2.52520967
61 64 98 100 2 -0.000199909031 -4.13659286
97 97 104 107 3 -3.94580784e-05 -4.8927145
168 169 141 150 3 -9.23858461e-05 -4.58474636
45 49 64 69 1 -0.00339584681 -2.14465523
103 104 124 128 3 -1.9788693e-05 -6.8009553
52 57 76 80 0 -0.000173922221 -2.41562557
0 0 0 0 3 -0.00634866068 6.54499054
0 0 0 0 2 -0.0219381042 7.84208298
0 0 0 0 2 -0.0037980515 8.54812241
162 162 49 84 3 -0.000176186411 -4.89911842
149 157 54 62 1 -6.86636922e-05 -5.93893671
69 69 90 98 2 -0.00012552469 -4.40130615
110 110 79 81 2 -0.000678712036 -3.6663065
71 73 86 109 2 -0.000115631294 -5.02484226
58 59 182 213 2 -0.00184975169 -4.8184433
40 44 82 105 3 -2.63451675e-05 -5.61884403
88 94 107 109 0 -0.000169508334 -1.60040295
102 109 118 133 0 -1.39474596e-05 -4.92994642
0 0 0 0 2 -0.00430542184 7.15367508
53 55 64 87 1 -0.000126836472 -5.71742201
49 55 92 98 0 -0.000562524714 -2.87834072
101 101 115 122 2 -0.00018703143 -5.92920589
133 134 70 105 2 -4.51800079e-05 -4.6758399
35 40 56 60 0 -4.73257387e-05 -4.66012239
159 159 60 95 2 -0.000173803419 -4.82774687
145 145 181 192 3 -5.59086329e-05 -6.16604471
98 104 52 87 2 -6.36571422e-05 -5.41050243
34 34 50 65 3 -9.10748495e-05 -4.96309376
113 114 160 166 2 -0.000134226837 -7.16906118
46 46 56 61 3 -0.000806953292 -2.02191305
153 153 34 40 2 -7.06903957e-05 -4.98314714
63 68 159 194 3 -0.000182385586 -5.50049114
112 116 72 79 3 -0.000311239535 -4.06181622
105 110 120 123 1 -1.76429403e-05 -5.79831028
69 69 88 123 2 -8.42799418e-05 -6.58065319
155 159 35 70 4 -0.00108833157 -4.29748201
53 58 68 83 2 -2.9086963e-05 -4.26141596
0 0 0 0 3 -0.0530495308 9.33921814
148 154 44 67 3 -0.00165730633 -3.9496088
114 120 29 64 1 -4.80410308e-05 -5.63403082
0 0 0 0 2 -0.0499980599 6.79947662
50 54 111 118 3 -4.45839396e-05 -4.58672905
45 46 76 111 3 -0.000380738988 -3.47302198
70 73 137 140 2 -4.10077118e-05 -5.04300499
78 81 90 97 1 -4.50608131e-05 -4.61773157
202 205 90 98 2 -0.00018047409 -4.16190004
33 35 106 113 1 -0.000521863461 -3.13832092
0 0 0 0 4 -0.168889821 8.71329975
60 68 122 126 0 -5.34051396e-05 -3.26034188
81 89 106 114 1 -4.88752557e-05 -4.13439608
113 117 62 97 3 -5.98425904e-05 -5.23404074
124 125 142 148 2 -0.000700167206 -4.35536051
222 231 109 144 0 -0.0012519639 -2.02591944
108 115 32 67 2 -0.000180119547 -6.75849199
0 0 0 0 3 -0.502361953 8.8890686
148 149 209 220 3 -0.000507550314 -5.05899334
45 45 112 119 4 -0.000231972808 -4.26640797
88 93 54 77 1 -2.92061795e-05 -4.08768749
0 0 0 0 2 -1.04429865 7.7627883
0 0 0 0 2 -0.673288226 10.5302696
100 102 118 153 2 -0.000402550388 -5.68454695
0 0 0 0 0 -0.0117146168 5.69323206
114 117 71 74 2 -3.8266e-05 -5.96773577
0 0 0 0 2 -0.424409688 6.92954397
136 140 56 62 3 -3.34976503e-05 -5.51991558
62 67 42 45 3 -0.0482807644 -1.20304489
166 170 88 97 2 -0.000609106035 -4.38698483
122 123 139 149 3 -0.00942694023 -3.8530376
0 0 0 0 3 -0.00227199215 1.98160398
0 0 0 0 4 -0.0735433251 8.24061871
24 24 35 43 4 -0.000100611447 -4.54032421
0 0 0 0 1 -0.00127416058 -1.75853848
0 0 0 0 3 -0.592428744 8.42547989
56 64 135 170 0 -8.30872887e-05 -5.2638154
43 44 70 78 2 -4.82794894e-05 -6.41778469
103 104 144 175 2 -0.00270666578 -2.40449953
55 57 21 25 1 -0.000106809952 -5.90055466
58 64 41 47 0 -2.19344274e-05 -3.39344001
48 54 70 76 0 -2.82524998e-05 -1.7289412
89 89 117 128 2 -0.000717203831 -0.959506929
0 0 0 0 2 -0.00157045689 5.2584796
99 99 50 65 2 -0.000652657996 -5.04728842
92 94 65 76 1 -0.00407276675 -4.21674347
97 102 112 119 2 -1.09672346e-05 -9.88107109
51 54 84 91 3 -0.000208014812 -5.77113533
39 42 71 102 0 -0.00203568651 -1.15236902
87 87 19 54 3 -2.27689161e-05 -5.47806549
44 44 77 82 2 -0.000271787401 -4.78472757
184 184 138 173 3 -0.000242345312 -3.45317149
96 100 115 122 4 -0.000215404958 -1.01954591
51 57 70 105 1 -7.23592239e-05 -6.32210207
41 43 54 65 2 -0.0102143446 -0.697159052
53 58 76 111 2 -1.80005663e-05 -7.26500225
91 95 73 80 1 -2.71796289e-05 -4.0620656
114 120 30 37 1 -0.000113128037 -3.49079633
147 148 125 133 2 -0.0001965712 -2.85063362
42 45 61 67 3 -2.12191881e-05 -5.03091049
0 0 0 0 2 -0.2824682 9.65840149
44 47 96 100 1 -9.02394822e-05 -3.56933236
113 116 61 96 2 -8.72597448e-05 -3.75194383
72 72 91 126 3 -4.44648031e-05 -4.55719614
141 145 90 125 2 -0.00134963403 -4.7995286
44 44 119 154 4 -0.000717218325 -4.18276405
40 41 96 103 3 -0.000114079463 -4.68757629
117 121 134 169 3 -0.000144121412 -5.75026369
0 0 0 0 2 -0.00660180394 7.47875834
81 85 104 107 2 -3.44512227e-05 -3.74065161
53 59 96 107 2 -0.000114914852 -4.0336771
0 0 0 0 4 -0.00116668502 4.2605319
106 110 23 58 3 -1.10864476e-05 -6.70883703
33 41 59 94 0 -1.692769e-05 -5.19188833
39 43 103 138 3 -7.22402256e-05 -5.10270309
154 158 98 133 3 -0.000805488031 -4.48068142
66 67 79 110 2 -1.96694764e-05 -5.0642314
22 27 32 67 4 -0.000466620375 -4.74489164
139 142 74 81 2 -2.27689088e-05 -4.88188982
136 139 79 114 4 -0.000337936275 -3.55505919
139 139 72 107 3 -0.000129101332 -5.19192934
44 44 54 85 4 -0.000544270268 -3.54905224
0 0 0 0 2 -0.0864765272 9.85426044
56 56 120 122 2 -0.000120399265 -4.78304529
86 88 98 101 2 -2.02655247e-05 -5.73636293
181 184 127 150 2 -0.000113723814 -5.86437607
117 117 46 81 2 -0.000160094787 -2.75197363
78 81 32 67 2 -0.000128147934 -5.60216522
89 93 43 78 1 -0.000338894897 -1.80412602
44 48 24 39 1 -6.21075887e-05 -4.31390095
61 61 83 114 3 -0.000106689185 -5.4677515
99 103 136 138 0 -6.00809362e-05 -1.68459892
49 54 68 70 3 -3.05174763e-05 -5.29250908
96 96 108 114 2 -0.000145313476 -3.38331914
95 101 51 57 0 -1.76429094e-05 -2.88795567
51 52 62 97 3 -3.03982542e-05 -5.67393398
119 120 74 109 4 -0.000406006613 -3.82326555
112 118 88 99 3 -0.000106571642 -5.46948862
55 58 81 96 3 -0.000119802782 -6.60289907
114 118 91 96 4 -0.00242095557 -4.03489113
96 96 125 130 3 -0.000149604253 -5.67537594
138 139 40 75 4 -0.0095224902 -1.16054189
77 81 110 116 4 -0.000438307645 -3.48258233
150 156 91 94 1 -8.95249905e-05 -4.99928427
0 0 0 0 2 -0.00423637126 7.05826473
0 0 0 0 3 -0.295268476 6.9401598
119 125 48 56 2 -0.000339852006 -4.79761505
76 80 36 41 1 -8.48760756e-05 -4.50939989
52 58 102 109 3 -4.4703258e-05 -5.1486454
77 77 140 145 2 -7.67696038e-05 -5.57693052
128 132 41 76 0 -3.05173489e-05 -3.07147717
103 104 116 139 3 -0.0168238711 -1.76460648
0 0 0 0 1 -0.145465687 7.16287184
71 71 102 105 3 -5.0306e-05 -5.15266848
109 113 159 163 4 -0.000104426079 -2.86872983
0 0 0 0 2 -1.157341 8.00346661
19 25 29 44 2 -0.00129381754 -9.58141708
0 0 0 0 2 -0.00127100886 5.73172569
80 80 100 135 3 -0.000126000537 -5.13416958
191 195 80 115 4 -0.000187153331 -2.98103809
68 68 30 32 3 -8.64252797e-05 -5.60934162
55 62 92 127 1 -0.000171180523 -6.60795116
116 116 66 101 3 -9.0121117e-05 -5.55749369
0 0 0 0 2 -0.133956686 8.74904919
104 107 47 82 3 -0.000198120761 -5.0409379
60 67 46 49 0 -9.41752114e-06 -3.76215601
42 44 61 64 2 -0.0013418186 -0.113266721
64 68 78 113 3 -8.53528836e-05 -5.42394161
0 0 0 0 2 -0.100395747 5.83532906
0 0 0 0 2 -0.00402570982 6.30540228
86 88 97 128 1 -3.39745129e-05 -4.70903921
0 0 0 0 2 -0.530474663 3.68008447
0 0 0 0 2 -0.259270132 8.29038239
105 109 50 85 4 -0.000148651321 -2.30344629
81 85 99 110 1 -2.61067362e-05 -4.67980719
39 43 82 87 2 -5.00674869e-05 -6.26940107
0 0 0 0 3 -0.00586140109 1.26767123
36 39 107 115 0 -0.000105258441 -3.34496379
168 172 90 95 3 -0.000204437994 -6.93893051
90 91 100 131 2 -0.000291336997 -3.8544786
113 117 126 131 3 -0.000758100417 -4.21978235
142 146 38 73 4 -0.00212497311 -3.41610885
96 96 125 127 3 -0.0071155699 -2.77123213
119 119 55 90 3 -3.27823509e-05 -5.16280222
38 42 63 67 2 -6.40145736e-05 -4.43968439
135 143 66 73 0 -2.56299099e-05 -3.46037006
121 126 100 115 2 -0.00111807836 -5.73219347
108 109 53 60 3 -0.00045332592 -3.96802306
0 0 0 0 3 -0.543347478 8.86110497
49 49 59 94 3 -3.87427717e-05 -4.88434982
0 0 0 0 4 -0.0200677942 8.04435825
136 139 90 121 2 -0.000212067185 -4.49168968
140 142 51 60 1 -3.62394167e-05 -5.53018236
93 94 50 81 3 -1.78813607e-05 -5.8439455
126 129 100 105 1 -0.000110981535 -6.34238625
133 135 75 86 2 -1.41858836e-05 -5.49085188
100 102 55 78 3 -6.47300913e-05 -6.48971033
74 80 35 42 1 -0.41549629 2.71898007
216 216 228 234 3 -0.00317678135 -5.19443607
0 0 0 0 2 -0.128870249 10.3150406
104 108 121 156 3 -0.000326737994 -5.02125931
140 140 80 111 2 -0.000133272857 -5.14609671
83 90 35 39 0 -7.14051421e-05 -2.10606527
0 0 0 0 2 -0.263291419 8.42385674
0 0 0 0 1 -0.0436594784 8.17086887
129 132 98 105 3 -6.27035843e-05 -4.54711771
62 66 121 156 3 -0.000152703942 -5.51006222
0 0 0 0 3 -0.00968960859 6.31192541
103 104 47 54 2 -0.000419236894 -1.81912196
0 0 0 0 3 -0.183786064 8.00487137
0 0 0 0 1 -0.0763587803 5.58736515
46 50 80 83 2 -5.28093115e-05 -2.76583648
114 114 143 145 2 -0.000461174175 -2.99566483
150 156 75 110 0 -2.4080191e-05 -4.6034565
35 37 50 55 2 -2.24112791e-05 -4.77218819
158 159 177 212 2 -3.6716141e-05 -8.10904217
126 130 42 73 4 -0.00289639831 -3.25885153
56 60 36 42 0 -0.000121589088 0.764196754
57 64 77 79 2 -6.06770991e-05 -6.04135895
50 54 64 99 3 -3.03982724e-05 -4.95961475
47 47 60 95 3 -0.000807203061 -4.42984629
115 116 45 80 3 -0.00015675716 -5.05786657
74 74 56 62 2 -3.55242082e-05 -3.86759901
0 0 0 0 2 -0.0206932649 7.0636363
145 151 109 124 1 -0.000365939544 -4.4745903
95 97 40 43 2 -2.57491156e-05 -5.1871767
22 24 31 66 2 -0.000144119433 -5.72552538
81 83 91 96 2 -7.10480817e-05 -4.16949654
0 0 0 0 3 -0.556263804 8.43055058
123 123 57 92 2 -0.000102995458 -6.02928448
142 142 47 82 4 -0.0052009793 -0.180698663
0 0 0 0 2 -0.00326440972 5.93470097
107 110 121 130 2 -0.000451889995 -5.53389072
0 0 0 0 3 -0.0101473657 7.44389105
107 108 87 89 3 -6.65179541e-05 -5.23309946
77 82 36 51 3 -8.46373732e-05 -3.70802879
97 103 113 119 1 -2.86101022e-05 -4.68959332
37 44 131 137 1 -0.000115511139 -6.27353668
77 83 37 43 1 -8.41603323e-05 -3.17013049
42 50 75 110 3 -6.06770664e-05 -7.64225626
0 0 0 0 2 -0.00155967881 4.73540306
59 63 82 117 3 -2.74180529e-05 -6.78319883
46 49 54 65 3 -0.000117656826 -4.14755344
80 80 59 66 3 -5.16172731e-05 -6.06908941
92 96 74 77 3 -3.27823509e-05 -5.16253567
35 40 99 110 2 -2.03847449e-05 -8.2042942
67 71 100 135 3 -0.000234595456 -4.40712214
0 0 0 0 2 -0.0130637754 6.96039581
77 81 145 160 3 -0.00025283455 -5.18295527
103 107 57 92 3 -0.000107167696 -5.25806522
82 87 131 139 1 -0.000111816873 -3.95423651
0 0 0 0 2 -0.00127298315 4.34327316
60 64 88 93 3 -2.92061668e-05 -5.38214445
0 0 0 0 2 -0.0393068939 6.55392504
60 60 132 137 3 -7.33129782e-05 -4.65252304
89 95 36 43 0 -2.0503925e-05 -3.7324729
54 58 69 80 2 -1.27553676e-05 -5.9001174
38 41 45 57 0 -0.000111458721 -4.48801041
48 52 109 115 3 -0.000130651111 -5.12070608
201 207 54 61 1 -0.195628494 -3.9986248
0 0 0 0 2 -0.422718585 8.0454855
41 44 58 89 3 -0.0017290879 -4.73989868
34 40 117 124 1 -0.000143405763 -2.90492153
0 0 0 0 2 -0.314736843 7.94963503
60 69 141 148 1 -0.000220412359 -4.15569353
44 49 27 33 0 -1.3113e-05 -3.15273452
62 64 77 83 2 -0.0036183917 -1.01339066
0 0 0 0 3 -0.0220381506 5.09291601
119 122 50 54 3 -6.79485966e-05 -5.76245356
37 38 48 79 2 -0.000367025146 -3.54375625
87 91 104 108 3 -0.000159975534 -5.60576057
167 172 122 145 2 -0.00104017754 -5.4029355
55 62 127 162 1 -6.78287761e-05 -5.91145706
47 50 71 78 0 -0.000114556897 -2.09878325
120 125 100 105 0 -1.96694891e-05 -3.86351943
108 113 82 93 1 -0.000101086262 -2.4407413
100 102 178 201 3 -0.000338420388 -4.71404409
0 0 0 0 2 -0.0145398732 6.90459681
87 90 75 81 1 -4.43455428e-05 -5.39751101
0 0 0 0 2 -0.379900187 10.0219612
67 69 85 122 2 -0.389736772 1.670344
117 120 135 141 1 -6.93791299e-05 -4.95557594
159 160 175 210 2 -0.000237218323 -5.46316099
215 218 163 198 2 -0.0113487067 -5.07885647
0 0 0 0 2 -0.623865724 10.8979635
72 77 88 123 1 -2.32457351e-05 -5.59338903
121 126 155 160 0 -0.000589843141 -2.87540245
0 0 0 0 2 -0.00389766344 6.70204926
41 45 76 85 2 -7.54586727e-05 -4.3966279
93 96 40 42 1 -5.00676033e-05 -5.54602003
45 47 60 64 1 -0.275783747 0.225363284
151 152 68 83 1 -0.000324354478 -3.2100904
0 0 0 0 2 -0.246146023 8.3260498
43 47 61 66 0 -8.53529054e-05 -0.428257704
0 0 0 0 1 -0.682841539 9.0915041
44 47 62 97 3 -3.49281872e-05 -5.17351246
125 128 145 180 2 -9.7511911e-05 -7.37299347
85 87 23 27 1 -8.3445746e-05 -3.46312237
85 88 32 67 2 -2.20536567e-05 -7.74835157
138 142 51 86 4 -0.00247622002 -3.44626474
0 0 0 0 2 -0.166385263 7.24046993
119 124 152 160 1 -0.000495974382 -4.39259195
175 180 117 121 1 -0.00176625035 -2.51959157
52 56 41 43 1 -0.000857262872 -3.15290713
22 26 47 47 3 -0.00425320491 -3.75742292
17 25 30 33 1 -4.82794494e-05 -2.22142506
0 0 0 0 2 -0.0335137174 8.22378635
43 44 74 82 2 -4.36301125e-05 -5.61757278
49 50 90 99 2 -1.40666689e-05 -6.1503644
80 85 63 65 2 -2.59875414e-05 -5.25220299
41 45 76 91 0 -1.14440745e-05 -4.50423717
0 0 0 0 2 -0.304009497 7.95006704
179 186 111 119 2 -0.000489920203 -4.95640087
225 226 179 187 2 -0.000160333468 -6.10168791
81 85 96 131 4 -0.000176902191 -3.21770811
92 95 112 120 2 -0.000223150535 -2.42087841
142 146 87 122 2 -1.16824949e-05 -7.59370756
60 70 42 45 1 -4.10076791e-05 -5.60487652
19 19 82 86 3 -0.000860443048 -3.51831722
0 0 0 0 1 -0.378471076 8.38563538
40 41 83 118 1 -9.64380524e-05 -5.54538393
0 0 0 0 2 -0.00144211517 5.38245916
70 77 167 176 3 -0.000158545023 -5.6462822
135 139 149 155 0 -3.1351934e-05 -4.65329885
109 114 132 140 3 -0.00010406784 -5.90066671
0 0 0 0 4 -0.767192602 7.25980949
52 55 68 72 2 -2.38417924e-05 -5.21977949
99 100 29 36 2 -8.09423436e-05 -6.99853086
125 129 72 107 3 -7.99883928e-05 -6.96455526
113 121 140 146 0 -2.49146451e-05 -2.50317883
35 38 80 86 2 -0.00010311458 -2.90559936
23 27 35 70 2 -0.000495987304 -5.35852909
88 91 107 112 4 -3.77891884e-05 -4.42173243
50 58 72 107 2 -2.03847467e-05 -5.78861332
0 0 0 0 2 -0.00676086778 8.204072
0 0 0 0 3 -0.0158598665 6.47933674
114 114 77 83 3 -0.000121591089 -5.65662956
45 49 64 99 1 -1.8238974e-05 -5.71202803
117 119 133 140 2 -8.08218028e-05 -6.52455759
139 142 42 65 4 -0.000579072395 -4.18789434
76 80 97 132 4 -0.000141737168 -2.57958221
88 93 56 64 2 -4.44644611e-05 -6.6069417
0 0 0 0 3 -0.573024929 9.82304859
90 94 113 122 3 -0.000132558678 -4.85559273
0 0 0 0 2 -0.244826496 8.0404768
55 60 87 122 4 -0.000142690449 -4.23545599
0 0 0 0 1 -0.00123574492 6.25452757
40 47 62 69 0 -1.16824885e-05 -3.16228342
51 53 34 41 2 -4.99483358e-05 -4.41192484
90 90 98 105 2 -6.58026183e-05 -3.35249662
103 109 123 146 1 -5.87694631e-05 -5.34232044
42 51 30 36 1 -5.30477773e-05 -5.84613419
172 172 87 92 3 -0.000892357377 -5.06232119
186 186 101 136 2 -0.000137922034 -7.508986
159 165 124 135 2 -4.45838596e-05 -6.12816954
173 180 77 82 0 -0.000141969707 -5.58611917
80 85 58 63 1 -0.000152941007 -3.15162802
137 138 85 90 2 -0.00030039082 -5.29117918
0 0 0 0 2 -0.00233707437 5.48968935
57 61 70 75 1 -7.53394852e-05 -6.20275593
0 0 0 0 3 -0.435442477 9.47730637
110 110 121 127 2 -5.45974399e-05 -7.45170784
0 0 0 0 1 -0.0051636775 6.10302162
45 48 109 144 3 -5.51934427e-05 -5.28301668
48 49 87 98 3 -0.000123379403 -5.30079317
91 95 64 72 3 -6.37761987e-05 -4.1441741
137 141 95 110 3 -7.90350241e-05 -5.80188751
0 0 0 0 1 -0.212663844 8.43524456
87 87 97 132 2 -3.39743747e-05 -6.45025206
36 41 47 82 1 -0.00220971345 -4.53491974
0 0 0 0 2 -0.22896947 7.09045649
106 111 47 70 2 -0.000182862816 -3.78847075
0 0 0 0 2 -0.63336271 8.10649681
193 194 169 175 4 -0.000968449167 -2.87784362
87 89 106 113 1 -0.000158424285 -4.10413074
68 72 48 52 2 -9.41752023e-06 -6.52192736
0 0 0 0 3 -0.0172555428 5.6711359
142 142 54 63 2 -8.35647952e-05 -5.03168344
35 39 102 137 1 -0.000242223847 -3.81381273
108 112 182 184 4 -0.000394443865 -4.22287846
110 112 40 44 2 -0.000104067498 -3.84995198
56 58 109 113 2 -3.60010417e-05 -6.94368362
34 36 93 100 2 -8.35647224e-05 -4.12644672
0 0 0 0 2 -0.126081929 11.0804443
80 84 38 73 1 -4.52991262e-05 -4.4559288
0 0 0 0 4 -0.429068357 8.82158375
0 0 0 0 2 -0.00201598252 5.97125101
83 86 123 134 2 -0.000544849434 -4.43670893
93 96 20 28 4 -0.000199907707 -4.9446559
133 136 84 119 0 -8.04651645e-05 -3.68010521
82 93 108 116 0 -6.73525283e-05 -1.63301861
80 83 44 46 3 -0.000108955617 -4.70813131
92 95 107 118 0 -3.36168305e-05 -2.81893206
55 59 43 49 1 -0.000156399576 -4.08413124
106 110 167 171 2 -0.0638820827 -1.13917661
0 0 0 0 3 -0.552773476 9.87213421
56 60 97 132 1 -6.90214874e-05 -4.13265467
50 54 117 148 4 -0.000809101737 -3.33922172
91 94 53 61 0 -2.30072983e-05 -3.83053279
0 0 0 0 3 -0.0166312885 8.06224442
96 97 113 128 3 -7.43858982e-05 -5.69767809
107 109 127 162 1 -2.76564606e-05 -6.62260103
32 34 75 98 3 -0.000172373067 -5.37917185
0 0 0 0 2 -0.370084733 7.85017157
109 114 71 74 1 -1.47819237e-05 -7.31264162
104 107 127 130 3 -0.000166769431 -2.67235804
91 97 55 62 3 -7.78427566e-05 -4.15667772
82 83 51 56 2 -7.55779329e-05 -3.46292686
62 64 45 51 1 -7.18824595e-05 -6.66495895
128 132 144 179 3 -0.000485980359 -4.93672419
0 0 0 0 2 -0.00600975612 6.90465212
128 132 82 117 2 -2.22920789e-05 -6.64351368
66 66 122 137 2 -0.000138517484 -4.13501072
87 89 97 100 1 -7.99885238e-05 -5.31060028
0 0 0 0 2 -0.0906975195 8.28344345
44 47 84 119 2 -7.59356044e-05 -5.17258739
142 146 115 121 1 -0.000193829386 -3.15865016
46 48 62 70 2 -2.55107152e-05 -5.22662687
0 0 0 0 2 -0.13928856 9.97396469
183 183 126 161 2 -0.000120041965 -5.70564175
124 126 78 81 2 -0.000125883147 -5.02292967
0 0 0 0 2 -0.0173227377 7.63108397
56 58 79 87 2 -1.47819283e-05 -5.85068369
61 64 76 111 2 -0.000551778241 -2.00375175
124 126 63 66 2 -3.23055428e-05 -5.01733017
118 123 68 103 4 -0.000252596277 -3.0706265
66 70 105 120 0 -0.000113841503 -2.20099306
41 45 63 65 2 -2.37225795e-05 -4.651999
81 81 112 143 3 -8.89289076e-05 -4.59028101
49 51 90 105 1 -7.22398836e-05 -4.78968048
0 0 0 0 2 -0.208853438 9.90530586
45 47 61 69 1 -4.61337258e-05 -4.98255062
54 58 129 135 4 -9.63197963e-05 -4.77234745
68 69 36 51 2 -0.000435325812 -2.93877792
0 0 0 0 2 -0.26516363 8.12129116
122 129 57 88 1 -7.4624244e-05 -4.86212635
0 0 0 0 2 -0.00339736207 6.70040512
31 34 41 45 3 -5.5908793e-05 -4.8794632
45 51 141 144 2 -4.19614698e-05 -4.40947199
50 56 129 164 0 -2.13384046e-05 -3.0447681
139 143 82 117 2 -2.37225831e-05 -5.89193773
101 102 118 121 2 -0.000266062474 -3.42044282
61 67 42 49 2 -1.33514186e-05 -5.15398502
58 60 145 151 3 -9.63191706e-05 -5.07250309
164 165 52 87 3 -8.22533839e-05 -5.7175746
104 107 79 82 3 -0.000155206493 -4.43616867
67 73 104 139 2 -6.50873844e-05 -6.05608845
219 221 46 81 3 -7.40282121e-05 -7.14321852
121 122 47 51 3 -0.000136372953 -4.13080978
0 0 0 0 2 -0.378562659 8.03657246
88 90 36 71 2 -4.75640918e-05 -5.80741119
43 47 58 60 3 -0.317282408 -4.69378328
31 31 73 104 2 -0.00133035774 -4.90394211
47 54 68 75 2 -2.78948864e-05 -6.25534487
148 150 82 88 1 -6.72334791e-05 -4.12015009
115 115 65 100 4 -0.00100600079 -2.61964989
0 0 0 0 3 -0.624092281 6.75289869
49 53 80 85 4 -0.000241272064 -4.2101922
40 41 57 92 3 -0.000131127497 -4.91621876
74 77 87 91 3 -7.23594421e-05 -6.06058979
12 17 22 45 0 -0.000757997972 -2.1342628
44 52 57 63 1 -0.000329472619 -2.86846519
72 74 49 55 2 -4.07693733e-05 -4.46167374
38 43 60 83 1 -6.47300549e-05 -4.71652651
153 159 68 91 0 -6.5802873e-05 -5.14134741
0 0 0 0 1 -0.490833461 10.7540169
99 102 82 88 0 -3.1828713e-05 -3.0914526
126 135 74 109 1 -5.24517309e-05 -6.06938934
115 120 134 143 3 -5.00676069e-05 -7.35502672
41 41 120 126 3 -0.00329382089 -4.92425919
38 41 47 82 4 -6.81871461e-05 -4.09484053
160 164 110 145 1 -9.13130716e-05 -5.4477458
67 67 82 117 3 -7.10480745e-05 -4.92217159
101 103 117 124 1 -3.8385162e-05 -5.33826542
121 123 94 101 3 -5.6385481e-05 -6.88001299
0 0 0 0 1 -0.037744116 7.45792818
49 56 65 88 0 -2.36033593e-05 -4.85057688
99 102 56 79 2 -2.13384119e-05 -5.55516529
58 63 149 153 1 -9.98953037e-05 -5.91080284
110 112 67 90 3 -0.000204080367 -5.7641387
51 51 65 71 4 -0.000182028743 -3.6023097
201 204 148 183 2 -4.47032435e-05 -7.27857494
45 45 62 67 3 -7.998824e-05 -4.89990425
0 0 0 0 1 -0.166860774 8.4628315
111 113 149 160 2 -3.02790395e-05 -6.99908733
50 58 69 84 0 -4.91139108e-05 -2.50743699
149 151 102 137 3 -0.000315771729 -5.29386616
51 55 151 166 2 -0.00023161553 -6.03416824
44 48 57 61 0 -3.67161847e-05 -2.4694829
0 0 0 0 2 -0.00329434616 6.99597216
0 0 0 0 2 -0.00261446717 4.8919816
159 167 73 80 1 -0.0669704601 -2.22485089
0 0 0 0 3 -0.0142370667 6.95046949
150 155 94 129 4 -0.000368687615 -4.59354877
100 107 85 93 0 -2.56299136e-05 -3.09328866
0 0 0 0 3 -0.0491351634 7.39901066
0 0 0 0 2 -0.522628665 7.86293697
130 131 153 160 1 -0.000522341754 -4.85022688
34 34 42 53 3 -7.71276682e-05 -6.09800386
51 51 65 67 3 -5.2332387e-05 -4.78241205
0 0 0 0 4 -0.0644681528 8.25855255
186 194 57 92 0 -0.00105293689 -3.77416873
0 0 0 0 2 -0.785637438 8.43208504
0 0 0 0 2 -0.106081247 8.61870861
32 37 48 56 1 -7.39088573e-05 -6.06605768
57 64 92 123 2 -6.84251499e-05 -4.16837072
63 67 128 130 4 -0.000113247217 -4.55558157
110 118 56 65 4 -0.000120041441 -4.2964859
72 79 61 66 2 -5.11404432e-05 -4.42337799
35 39 87 89 3 -4.14845526e-05 -4.57871962
154 162 110 133 1 -4.97099682e-05 -4.25738811
0 0 0 0 2 -0.0998861939 8.29430676
30 39 119 154 1 -4.25575017e-05 -5.44233274
0 0 0 0 3 -0.419914097 8.66481018
174 179 100 135 2 -1.84773926e-05 -5.92965984
38 40 54 62 2 -0.000128862594 -3.65884495
50 55 90 99 2 -6.17498881e-05 -4.25413847
182 186 115 122 2 -2.68219919e-05 -5.51830339
53 57 83 98 2 -0.000202767609 -4.56738329
88 92 98 106 3 -4.45840669e-05 -4.97547007
79 80 102 104 1 -0.000123736594 -2.44344449
89 92 123 126 0 -2.76564169e-05 -2.37617898
50 61 134 145 0 -0.000178928472 -2.48496342
63 67 82 89 3 -0.000100014229 -4.50084639
65 73 100 135 2 -3.88619992e-05 -5.84599257
74 76 51 57 2 -2.65835934e-05 -6.37212515
0 0 0 0 0 -0.0658109784 9.74071503
125 131 100 109 2 -4.64913464e-05 -6.36132908
0 0 0 0 3 -0.308793217 9.42744637
51 58 69 76 0 -2.6345162e-05 -3.33276844
112 112 129 133 3 -0.000179997209 -5.120821
111 113 178 213 2 -0.000884991256 -7.60467911
209 213 64 71 3 -0.0542244427 -5.39705372
61 62 20 25 2 -0.000126955711 -4.86663103
0 0 0 0 2 -0.037746314 8.55421257
58 58 78 109 3 -0.001048306 -3.01726818
113 118 85 91 4 -0.000127790452 -3.73345804
128 135 208 214 2 -0.000722685247 -4.84903622
68 69 93 116 2 -4.78025686e-05 -6.37910986
63 64 75 110 2 -3.26631889e-05 -5.68357229
42 43 62 65 2 -2.99214225e-05 -5.12122631
76 81 59 65 2 -4.26767074e-05 -5.15438652
155 156 99 134 3 -0.000111458634 -5.41270971
0 0 0 0 2 -0.00846895948 7.1173625
0 0 0 0 4 -0.0173851363 7.01311874
210 215 57 92 1 -0.000220291928 -3.37792659
115 115 56 91 3 -0.000728056708 -3.82151055
63 66 102 107 2 -6.47300258e-05 -5.24370241
58 59 118 153 2 -1.04904047e-05 -6.41825867
42 44 149 160 2 -0.000154134468 -4.61637545
0 0 0 0 2 -0.321277708 8.59607029
0 0 0 0 2 -0.28465578 8.20887947
112 116 129 135 3 -0.000202766882 -4.80711412
41 49 121 122 0 -0.000136848714 -2.23245859
44 48 66 74 4 -5.26901713e-05 -2.64288855
17 26 30 37 0 -0.000731256034 -4.65548897
157 164 58 65 3 -0.000178929084 -4.34178877
91 99 26 34 1 -3.14711251e-05 -4.38732052
190 195 213 220 4 -0.000509944337 -3.51004696
0 0 0 0 1 -0.011585949 6.3138237
164 164 102 109 2 -7.71276973e-05 -5.60328865
138 141 51 86 2 -0.000368697103 -3.49736285
0 0 0 0 2 -0.331230283 8.59121513
0 0 0 0 2 -0.256296337 9.5071106
0 0 0 0 3 -0.0382794589 4.92858934
90 94 121 128 4 -0.000144121412 -3.36109567
0 0 0 0 1 -0.00262515806 5.75168467
75 79 178 187 3 -0.000736028072 -4.74451303
41 45 48 55 3 -0.000343896012 -5.67285872
114 114 45 68 2 -0.000103472361 -4.2605319
80 82 107 112 2 -2.1934422e-05 -5.24238682
54 57 68 83 3 -3.23055065e-05 -5.52832699
122 129 69 104 0 -1.60932068e-05 -8.55389118
0 0 0 0 4 -0.000243056522 1.9895364
0 0 0 0 2 -0.478823245 8.53600979
58 67 80 85 0 -0.00138756773 0.394685
0 0 0 0 2 -0.0132069094 6.96746159
77 78 139 154 2 -0.000868213363 -4.67037249
76 83 102 109 0 -0.00059122697 -0.778924346
118 118 102 105 2 -0.00020384221 -4.88885689
155 161 110 118 3 -0.000468917191 -5.23256493
0 0 0 0 2 -0.268191427 9.08963108
0 0 0 0 0 -0.0624464825 7.43214464
0 0 0 0 2 -0.459695369 8.32475948
117 117 132 137 2 -0.00828626007 -1.82269073
30 34 40 47 3 -0.00137173582 -7.68717623
0 0 0 0 1 -0.462664425 9.90577412
67 70 158 173 2 -0.00048228784 -3.95440602
26 27 37 44 2 -8.67830677e-05 -2.10147142
0 0 0 0 2 -0.058912497 7.87426758
146 147 35 70 3 -0.000423739577 -6.43736172
41 42 68 103 2 -6.49684371e-05 -3.44164276
93 94 102 133 2 -6.44916508e-05 -5.87888718
0 0 0 0 2 -0.0156437904 7.90438128
120 123 33 40 1 -6.42533123e-05 -3.764256
0 0 0 0 3 -0.0163993798 6.77232552
204 205 222 0 2 -2.48983526 3.0124557
58 62 92 115 3 -0.000179760915 -5.21455431
57 60 101 112 2 -3.93388655e-05 -5.00202847
56 64 75 110 3 -2.95637292e-05 -6.2601862
98 98 105 107 3 -6.46107437e-05 -4.76350498
150 155 124 131 2 -0.000128267086 -3.57134914
140 141 54 63 3 -2.13384046e-05 -6.4260602
40 43 59 90 2 -0.000101207392 -5.59342909
86 87 93 128 3 -6.07962647e-05 -6.34424782
50 60 41 45 1 -0.000119684279 -5.05972004
0 0 0 0 2 -0.842363715 8.7945509
101 106 56 87 1 -2.87293406e-05 -3.92501807
97 99 112 119 2 -0.000183338198 -4.82740068
62 62 91 93 2 -7.27169609e-05 -4.63814211
59 62 167 169 2 -0.00010227938 -4.60631943
105 110 92 99 2 -0.000655826123 -3.16255283
132 135 84 119 2 -5.11404578e-05 -6.38812447
0 0 0 0 3 -0.31347996 7.59316015
87 91 107 122 4 -0.000770963379 -3.30778956
137 139 97 128 1 -0.000500521506 -3.56202769
69 75 87 94 3 -4.23190868e-05 -5.65751219
0 0 0 0 0 -0.0315260068 10.68678
112 112 95 100 2 -0.000135181064 -4.66855907
60 65 71 78 2 -0.000111459085 -4.76326084
125 128 59 70 2 -4.01733378e-05 -4.43399334
8 14 13 21 2 -0.620282233 -6.5199194
98 99 110 118 3 -8.98827348e-05 -4.96320772
112 113 53 88 3 -2.16960252e-05 -6.1541729
120 130 145 160 0 -8.67829876e-05 -3.23453236
41 46 54 65 2 -2.03847321e-05 -5.04222298
69 73 198 213 3 -0.00149832794 -7.04302025
0 0 0 0 4 -0.0491297916 7.64906311
0 0 0 0 3 -0.404532492 8.65151405
109 117 208 213 1 -0.000341013481 -6.12610388
0 0 0 0 3 -0.508455038 5.23717737
15 16 52 87 2 -4.29150314e-05 -6.03993559
0 0 0 0 1 -1.08601224 9.21248531
112 120 183 191 0 -2.30073219e-05 -4.20708418
43 44 89 124 4 -0.000422928715 -3.97312665
22 27 34 69 0 -4.04116872e-05 -5.17770338
63 69 79 90 1 -0.000163789402 -2.82655239
0 0 0 0 1 -0.287508219 8.03615189
0 0 0 0 2 -0.031057097 8.65037823
59 63 96 131 2 -1.03711955e-05 -6.8478694
0 0 0 0 2 -0.680133224 10.0101585
188 188 39 43 3 -0.0011521061 -4.00105238
68 72 86 121 3 -0.000307308073 -4.99154377
0 0 0 0 3 -0.00523989322 3.5065167
85 88 107 113 3 -0.000283946196 -3.7771914
0 0 0 0 3 -0.0179172754 7.18747377
39 47 91 126 0 -1.70468902e-05 -4.43804121
56 58 175 210 2 -2.37225704e-05 -9.71069813
107 109 118 149 2 -0.00361230085 -3.77035451
0 0 0 0 2 -0.221414685 8.64322376
85 89 98 133 2 -6.34187163e-05 -2.82440448
54 54 128 163 2 -0.0208410677 -3.28450394
111 115 125 129 1 -5.68622236e-05 -2.96285057
40 46 55 90 2 -0.000124451355 -5.43096161
134 135 102 109 3 -0.000105378611 -4.87186384
78 83 106 113 3 -2.1219168e-05 -6.24757481
57 59 40 45 2 -1.18017015e-05 -5.62042189
153 154 125 129 2 -4.42263408e-05 -7.27327394
79 79 90 95 3 -5.07827826e-05 -6.03845263
92 95 137 144 0 -3.38552127e-05 -1.82607043
0 0 0 0 3 -0.957060575 8.94402218
0 0 0 0 2 -0.473337054 7.44828701
95 97 41 48 1 -7.0690483e-05 -3.77533364
97 100 50 85 3 -0.0554631054 -2.15254998
0 0 0 0 2 -0.0331589356 8.25765228
145 149 44 79 3 -0.000194304899 -4.49844217
0 0 0 0 1 -0.0113153895 7.64814854
148 151 65 72 2 -0.000439138385 -4.11064911
105 112 71 82 1 -0.00010704669 -4.88453341
188 192 119 154 2 -0.000112531576 -5.64065456
162 164 117 152 2 -0.000111935813 -4.4876771
84 86 113 148 1 -8.58294952e-05 -4.32157612
42 42 47 53 4 -0.0223490596 -3.35880232
0 0 0 0 1 -0.178994209 8.46452522
83 91 22 30 1 -0.000146504142 -3.64949656
168 171 41 76 2 -0.000152227614 -4.11240244
193 197 144 179 2 -8.61873195e-05 -4.70335245
114 118 130 137 1 -4.38687675e-05 -5.97788715
105 110 140 144 1 -0.000193829474 -3.96314692
0 0 0 0 1 -0.224270284 8.7671814
105 105 88 92 3 -5.59087493e-05 -6.01761103
66 72 85 92 0 -2.07423636e-05 -2.23373485
77 81 32 67 4 -0.00169825507 -2.39417863
0 0 0 0 2 -0.241271079 8.70325089
48 51 59 94 2 -2.03847267e-05 -5.24411201
118 119 52 59 2 -0.000136849063 -2.65179539
99 103 61 64 3 -0.000102041791 -4.77620363
153 158 101 132 1 -0.00044902321 -2.96885371
88 89 102 137 1 -7.70081606e-05 -4.36225128
124 132 108 111 0 -1.85966019e-05 -3.70425606
141 143 66 81 2 -3.34976576e-05 -7.51694202
97 102 112 119 3 -5.76969214e-05 -5.87160635
58 60 146 154 2 -0.000955785043 -4.13443232
132 136 153 188 3 -8.11806967e-05 -6.21976852
124 132 101 108 0 -4.61336749e-05 -2.06179118
130 133 83 87 2 -9.56046933e-05 -3.90294337
69 73 87 110 3 -6.86639178e-05 -5.98742008
0 0 0 0 4 -0.0352087393 8.29236889
128 131 63 98 4 -6.96175848e-05 -3.27279711
153 160 44 48 0 -1.59740121e-05 -4.00095892
0 0 0 0 2 -0.00231621577 5.6584053
57 62 119 125 3 -0.000586577575 -2.84050918
124 132 41 46 0 -2.64643113e-05 -3.19707751
141 141 73 77 3 -8.34455714e-05 -4.67530441
171 171 50 61 2 -0.000538188033 -3.88141966
97 97 131 166 2 -0.000145430706 -7.31549072
37 37 74 105 2 -0.00355449854 -2.31081533
69 69 89 124 4 -0.000426268438 -2.99201703
41 45 60 91 2 -5.37628293e-05 -5.62758303
132 138 183 188 2 -0.000275957806 -3.88200688
100 105 156 160 2 -0.00012349803 -3.68065786
0 0 0 0 2 -0.00132922665 4.34332228
72 75 23 58 3 -8.61873996e-05 -6.79686451
49 51 123 128 1 -0.000178452508 -2.03031206
101 103 111 118 2 -2.33649644e-05 -4.90204096
90 91 109 115 2 -0.000313029159 -1.95502412
0 0 0 0 2 -0.00363422791 6.9477067
133 133 88 92 4 -0.00100942072 -3.35699606
75 75 56 63 3 -4.62528988e-05 -5.53937531
0 0 0 0 2 -0.350786775 9.65162373
0 0 0 0 0 -0.0478447452 10.3072262
0 0 0 0 2 -0.00518682413 5.64629412
0 0 0 0 3 -0.0253811833 7.24307394
157 157 33 64 3 -0.000209683654 -4.76397276
0 0 0 0 2 -0.484266877 9.38277435
0 0 0 0 3 -0.643484473 8.8621273
0 0 0 0 2 -0.908470273 8.41843414
52 52 64 99 4 -0.000194543434 -4.86799717
87 92 64 72 2 -2.34841718e-05 -5.3851757
17 21 26 31 4 -0.105325758 -5.06450319
129 133 104 110 3 -0.000215165841 -6.14742231
154 157 132 138 3 -0.000213378487 -4.85505342
62 65 50 52 2 -2.81333087e-05 -4.83102226
122 127 66 74 3 -0.000130889355 -5.56879616
59 59 75 106 3 -9.71543195e-05 -4.71675348
178 181 38 73 0 -0.00086720637 -2.18448734
30 32 49 57 2 -8.39215791e-05 -8.69633484
84 90 23 58 2 -2.43186223e-05 -4.09893179
0 0 0 0 1 -0.00639802776 7.75391102
51 52 111 116 2 -0.000178928341 -4.087677
0 0 0 0 3 -0.077590555 8.98008251
81 87 157 188 1 -0.0001769027 -3.53878593
152 158 172 183 0 -9.83460777e-05 -2.93338275
187 187 30 65 2 -0.000327807327 -5.06063795
34 38 69 73 3 -0.000137564333 -4.74405003
102 106 42 47 3 -0.00019502081 -5.9283514
147 150 170 205 4 -0.00164877088 -3.03220034
101 103 118 153 1 -6.63988394e-05 -4.05703926
111 111 125 128 3 -5.94847661e-05 -5.19883871
127 127 93 116 3 -8.65449838e-05 -4.82086134
101 104 115 146 2 -7.70082988e-05 -4.79836559
79 79 86 93 3 -0.000390270958 -5.70042753
96 100 134 140 1 -7.66508747e-05 -2.65023565
0 0 0 0 2 -0.159503579 8.0143671
64 64 135 141 3 -0.000311123411 -5.09037209
117 117 94 103 3 -7.37897208e-05 -5.36026669
0 0 0 0 3 -0.425046057 9.49691105
87 89 99 130 2 -2.86101058e-05 -7.7665801
121 129 140 151 2 -0.000184764664 -4.62860966
37 41 122 127 1 -0.000294791709 -3.37352467
49 57 84 90 3 -4.66105739e-05 -4.77435541
137 137 68 103 3 -0.00015043914 -4.33081341
73 78 44 50 4 -3.94581002e-05 -4.58127356
93 97 57 72 3 -7.91542843e-05 -6.97989941
104 104 115 122 3 -0.000199431714 -4.44199944
0 0 0 0 2 -0.472853184 8.68784237
152 160 178 213 2 -0.000282502675 -4.94353533
132 133 108 115 2 -5.80545311e-05 -6.16480541
57 60 116 139 3 -0.000146267266 -4.40694427
46 50 110 145 3 -0.000883104978 -3.65884614
113 122 71 82 1 -0.000135776718 -4.51691055
59 65 83 118 1 -6.49685535e-05 -6.10496712
105 109 34 38 2 -4.55376976e-05 -4.55444574
233 234 86 121 3 -0.00383681478 -4.46706247
85 88 104 112 0 -7.74859291e-06 -5.8231678
113 113 128 132 3 -0.000103114318 -5.31834602
109 109 118 125 4 -9.54853094e-05 -5.20414305
137 140 163 167 2 -4.83986223e-05 -4.91935635
111 111 125 132 3 -0.000232802311 -6.84149837
111 111 155 162 2 -0.000127432082 -4.08603382
0 0 0 0 2 -0.00136577024 5.48472643
65 65 159 194 3 -0.000383595296 -4.52171469
26 26 45 80 3 -6.29418937e-05 -5.52635622
197 204 70 105 2 -4.10077191e-05 -7.02766991
0 0 0 0 1 -0.00236206735 5.72858334
64 65 85 120 1 -0.000124333208 -3.51142979
56 61 72 107 0 -9.65593699e-06 -6.31556797
0 0 0 0 3 -0.0828946978 6.08946133
0 0 0 0 2 -1.0577029 7.3088522
0 0 0 0 2 -0.309961349 7.98136282
44 49 62 97 1 -0.000123618171 -3.13574243
112 113 74 97 1 -5.86504793e-05 -4.13099957
71 71 81 96 3 -5.16172695e-05 -4.53939724
52 53 70 81 2 -9.20284219e-05 -5.15579319
0 0 0 0 2 -0.00579713657 6.93147564
0 0 0 0 2 -0.577060521 7.98953676
95 98 37 39 1 -0.000101922451 -5.44285631
0 0 0 0 3 -0.454087913 9.72799873
46 51 107 118 1 -0.000137207579 -4.01863909
0 0 0 0 3 -0.00234309584 3.62064099
18 20 24 59 2 -0.000715762726 -8.43696976
94 98 110 121 3 -6.98560252e-05 -5.27587938
83 86 100 135 2 -3.76699791e-05 -8.58455563
68 70 170 177 3 -0.000366426248 -4.80211163
90 92 104 115 1 -2.74179765e-05 -5.80645132
122 128 101 107 0 -0.00138957938 -1.76497316
54 63 140 147 0 -4.19614153e-05 -2.95140624
211 216 38 44 0 -0.000625975139 -0.708942413
51 54 91 126 2 -6.65177795e-05 -6.94407606
17 17 38 41 3 -0.000170465864 -5.17205429
140 144 90 125 3 -5.40014153e-05 -5.11771107
56 59 49 51 2 -0.000174756642 -4.80375719
56 58 74 79 1 -0.000495372864 -4.15339804
128 131 149 158 1 -0.000146504273 -4.07924032
46 51 82 117 0 -4.02923069e-05 -5.04720497
96 98 141 150 2 -0.000132914167 -6.46854353
101 101 119 121 3 -6.71142625e-05 -5.12552118
112 114 123 127 1 -0.000195377739 -3.62677097
102 106 27 62 1 -2.25304939e-05 -4.64129591
118 123 141 172 2 -0.00200148113 -0.396264434
30 35 82 91 1 -8.69024298e-05 -6.59003258
124 126 49 56 2 -3.21863954e-05 -5.43958616
121 122 207 213 2 -0.000737844093 -7.46007061
134 135 117 119 2 -8.49952921e-05 -1.85106945
12 13 18 20 4 -0.00133081106 -4.22429323
12 18 22 33 0 -0.000131363384 -4.74465942
56 60 69 100 4 -0.000172611064 -3.92954636
88 92 37 44 3 -2.1219199e-05 -5.59443045
56 57 70 105 3 -0.000107882501 -5.90840435
75 75 91 114 4 -0.000338892016 -2.78454089
118 119 37 52 2 -6.61606173e-05 -3.29076362
89 93 30 61 4 -0.000653331517 -2.91389203
161 161 89 95 3 -0.000182147167 -5.04690218
50 54 66 74 2 -6.50877919e-05 -4.55342674
91 97 52 67 2 -9.89435739e-06 -5.66000462
72 79 119 125 1 -9.46505606e-05 -6.35305929
61 62 48 49 4 -0.000132081754 -4.71909094
46 52 72 87 3 -0.000469617837 -4.40297985
52 55 65 88 3 -2.58683249e-05 -5.28848886
51 52 61 64 2 -0.000133748545 -5.54480457
37 41 45 52 1 -0.00114391174 -1.84891033
79 83 42 49 1 -0.000102518563 -6.82618284
37 37 41 44 2 -0.142191663 -2.74503088
38 41 65 100 2 -1.21593266e-05 -4.57278538
101 112 54 89 0 -7.98701512e-06 -4.17092514
115 115 41 47 2 -0.000238649489 -3.81219316
65 68 76 111 3 -8.36839463e-05 -4.8511858
46 51 117 122 0 -6.6279521e-05 -2.84108067
79 79 65 67 3 -6.1034676e-05 -4.42679596
46 47 65 70 3 -9.88227039e-05 -7.04317904
68 68 85 120 3 -8.26111063e-05 -4.32021046
47 51 63 72 2 -0.000114081231 -4.12562466
167 171 38 73 2 -4.69680817e-05 -5.43420458
53 60 78 93 2 -2.40801528e-05 -4.52293396
53 53 69 104 3 -0.000216119515 -3.84106541
84 92 56 63 0 -2.20536404e-05 -2.80887985
49 49 92 99 3 -3.93388909e-05 -6.07656908
113 114 129 137 3 -5.42397684e-05 -5.23884249
39 39 132 163 3 -0.000322208216 -5.48719549
73 74 27 58 3 -0.000142213627 -5.77004099
4 4 7 42 3 -0.00224186108 -4.45756769
58 59 120 127 3 -0.000384906161 -5.48214197
60 60 72 76 2 -0.000230663485 -4.60648298
119 120 37 68 3 -0.000217786306 -4.2753067
27 29 33 40 2 -0.508839071 -5.46416855
132 132 96 127 3 -0.000445696845 -4.22134876
52 53 65 80 2 -0.000115034549 -3.74741101
114 116 41 45 2 -4.69681145e-05 -5.63982487
127 131 81 116 2 -4.32727393e-05 -6.26808834
55 55 124 131 2 -3.48089488e-05 -4.91401863
104 107 87 94 2 -6.5803004e-05 -4.00288677
119 125 70 105 1 -7.79619804e-05 -5.45951796
57 57 77 112 3 -3.05174726e-05 -6.76203966
80 81 110 145 3 -0.000101207399 -6.31265593
73 77 44 55 1 -1.26361638e-05 -6.04735565
106 107 81 87 2 -5.10212667e-05 -3.68265414
140 141 89 124 3 -4.8398615e-05 -5.64109039
121 121 57 64 3 -0.0001709426 -4.51409245
74 78 44 59 1 -7.28362793e-05 -4.94127464
96 100 54 89 2 -0.00407392532 -2.1126101
120 121 46 77 2 -0.00013541909 -5.46807718
17 19 40 45 2 -0.000462331867 -6.52981091
81 83 50 65 1 -0.000252476137 -3.10603118
25 25 97 102 2 -8.42798327e-05 -5.36076975
148 150 127 132 2 -2.32457387e-05 -5.18442583
70 70 43 54 2 -6.98560616e-05 -4.46062756
0 0 0 0 3 -0.00967760384 4.9293623
0 0 0 0 3 -0.0563601404 8.50720787
0 0 0 0 2 -0.678292453 7.7973876
0 0 0 0 3 -0.00515154842 5.69400406
0 0 0 0 2 -0.32504198 8.06523514
0 0 0 0 3 -0.0145065626 9.27616978
0 0 0 0 2 -0.00539033301 8.70157719
0 0 0 0 2 -0.13054271 9.48106003
0 0 0 0 3 -0.0163445212 6.6015234
0 0 0 0 2 -0.697725058 9.88754368
0 0 0 0 2 -0.99450326 10.7815237
0 0 0 0 3 -0.503939211 9.10369873
0 0 0 0 2 -0.0631596893 7.56985998
0 0 0 0 0 -0.0632826984 10.3014669
0 0 0 0 2 -0.703098536 8.93369484
0 0 0 0 3 -0.0386266112 8.34153938
0 0 0 0 2 -0.00554268342 6.0129962
0 0 0 0 2 -0.00560580008 6.10247564
111 114 127 135 2 -5.54318249e-05 -6.28507328
0 0 0 0 2 -0.383028835 10.01647
40 48 59 64 0 -7.39087336e-05 -1.70616257
18 20 24 59 2 -0.0892926976 -2.03443861
101 105 39 74 1 -2.09807858e-05 -5.5205822
117 120 42 77 3 -0.000152107241 -4.49598932
84 92 51 55 1 -0.000130293425 -2.29273963
60 65 122 157 1 -0.000421501667 -4.33913946
99 102 118 129 2 -0.00119898713 -3.32429504
160 161 136 141 3 -0.000157351373 -5.88442755
121 124 135 140 0 -2.37225868e-05 -3.52803349
0 0 0 0 2 -0.245671526 8.06015205
67 71 88 123 2 -3.79083358e-05 -6.22184324
35 39 49 56 0 -2.00270952e-05 -4.19324255
71 79 45 56 0 -3.48088215e-05 -4.25038481
43 47 61 68 3 -0.000813838036 -3.35721612
73 73 53 68 3 -8.43991947e-05 -5.16443777
123 125 77 100 1 -1.88350186e-05 -5.52444267
56 56 69 100 3 -0.000108359272 -5.97026873
81 89 50 57 0 -1.71660977e-05 -1.62611091
99 105 113 118 1 -4.14846181e-05 -6.2903471
47 51 89 96 3 -4.57760834e-05 -5.49348068
43 47 57 65 4 -0.000292524899 -3.46341062
51 56 78 113 1 -0.000804093084 -2.49814796
120 126 72 107 1 -2.81332832e-05 -5.72860289
111 114 58 93 4 -6.06770809e-05 -2.29443216
95 99 56 67 4 -0.000200980954 -3.3954947
43 43 55 66 4 -0.000619235099 -3.66796708
37 42 73 76 4 -0.00018035945 -2.49597859
0 0 0 0 3 -0.81431812 9.34714222
0 0 0 0 1 -0.00317354896 4.3539691
98 100 53 88 1 -1.95502762e-05 -4.67579794
71 78 92 127 0 -2.06231471e-05 -3.37154222
0 0 0 0 1 -0.14616996 8.03616905
0 0 0 0 3 -0.0501682609 8.13956165
190 192 73 104 2 -0.00293294666 -2.49385929
78 83 44 49 1 -2.03847158e-05 -5.08308935
136 142 46 81 1 -2.71796143e-05 -4.96388817
94 100 84 88 0 -4.07693551e-05 -2.59954715
67 71 86 94 0 -6.19887851e-06 -3.86319256
0 0 0 0 2 -0.0960947648 5.32792234
86 89 72 78 2 -4.85178753e-05 -4.42747164
55 61 205 208 2 -0.0003587752 -5.36566353
85 92 137 142 0 -4.79214905e-05 -3.91927385
129 133 139 174 3 -9.00018931e-05 -5.7881074
0 0 0 0 3 -0.0151630156 7.03620386
181 183 109 118 2 -0.00208872743 -2.13192534
99 103 70 75 1 -9.2982089e-05 -5.16231394
0 0 0 0 1 -0.0412540883 9.16645432
0 0 0 0 2 -0.240327165 7.71277571
102 105 64 71 2 -2.26496923e-05 -4.28385115
48 52 71 80 1 -8.8452216e-05 -4.94951105
70 75 55 61 1 -2.81332905e-05 -3.65018988
114 115 102 109 2 -0.000282396999 -3.83903456
83 90 66 68 2 -0.00019299479 -3.46214485
0 0 0 0 3 -0.0203412864 7.62593412
46 52 120 124 3 -0.000187987855 -4.39084482
61 65 104 139 3 -9.14322954e-05 -4.98714638
113 119 49 84 1 -0.000116227224 -2.98424578
132 133 151 186 2 -0.000264874368 -6.9309907
48 48 101 132 2 -0.00404309947 -4.41910696
53 60 70 78 0 -3.17094818e-05 -3.04208159
114 114 93 96 3 -0.000380733225 -4.18546534
131 134 54 89 3 -7.86773744e-05 -5.46213484
65 69 86 121 3 -0.000266541727 -3.94253111
61 61 30 32 2 -5.67432362e-05 -4.67682838
69 69 106 141 2 -0.000186199381 -3.91635418
0 0 0 0 4 -0.000824153831 3.59703493
67 72 43 54 3 -0.000109909568 -4.25932693
0 0 0 0 2 -0.265220493 8.16004467
92 95 108 119 4 -0.000116584808 -4.1151886
82 85 97 108 1 -0.000132557354 -5.01104689
133 133 54 89 4 -0.000241390837 -4.08543491
0 0 0 0 2 -0.00694643706 7.77351427
43 43 55 62 4 -0.000141260738 -4.16162205
77 77 62 65 4 -0.000206227181 -4.85002518
115 115 65 100 3 -0.000258075655 -4.82052374
171 171 186 189 2 -0.0001672465 -5.48218536
32 36 87 97 2 -0.00276816939 -2.69227552
144 144 113 128 3 -0.000146027363 -6.69507408
118 120 165 188 3 -7.37899027e-05 -7.3243413
67 73 43 45 0 -3.56432647e-05 -1.92473972
46 46 98 105 3 -0.000257481559 -4.18003178
131 135 74 109 3 -4.0530871e-05 -7.88572121
104 106 34 42 1 -5.93658042e-05 -2.97588849
27 31 84 115 1 -0.00488309842 -1.94814277
80 86 181 185 0 -9.429278e-05 -3.73329329
146 152 69 74 1 -0.000162476674 -5.85164928
63 67 42 45 2 -2.61066489e-05 -5.7066412
62 62 100 111 2 -0.000163670702 -6.09646893
45 48 55 90 1 -0.000107165135 -3.90013266
0 0 0 0 3 -0.376333505 8.10063839
0 0 0 0 2 -0.0685846582 7.44363976
49 52 112 147 2 -0.000107644504 -4.03498173
85 89 101 105 3 -1.83581724e-05 -5.53882742
81 86 92 99 3 -0.000443784782 -4.84488916
0 0 0 0 2 -0.222126856 9.37432575
104 112 58 81 0 -3.0875075e-05 -6.05707502
50 56 111 146 3 -0.00128688698 -5.06750298
115 119 93 100 4 -7.74852524e-05 -4.75990725
0 0 0 0 2 -0.00293855136 5.71958685
0 0 0 0 1 -0.00972476322 4.68740892
124 130 56 60 2 -3.8146798e-05 -5.77168322
98 100 60 61 2 -4.74449371e-05 -4.97661781
101 104 76 83 2 -5.88889852e-05 -3.34631133
55 59 115 150 3 -2.63451602e-05 -6.96975374
73 74 90 97 3 -0.000935901538 -4.77372932
34 34 167 202 2 -0.00217652111 -3.35559082
0 0 0 0 2 -0.532226205 8.04588318
105 105 38 44 4 -0.000548321521 -1.42046309
98 102 49 84 1 -3.08750532e-05 -4.84670687
85 86 71 76 3 -4.75641064e-05 -4.1184845
25 30 35 39 4 -0.000240911642 -5.18377972
101 105 118 149 3 -0.0002089646 -4.74173546
113 117 23 38 2 -6.72334063e-05 -5.87385607
92 97 112 118 1 -7.66501835e-05 -5.19854212
0 0 0 0 3 -0.309785455 8.19778728
121 125 134 139 4 -0.000114676834 -4.41881704
106 106 66 101 3 -0.000435765163 -7.78598356
126 130 78 113 3 -6.62796592e-05 -6.86505079
0 0 0 0 0 -0.0624752641 10.3105259
55 56 35 40 2 -7.27169827e-05 -4.81610775
0 0 0 0 3 -0.596263289 8.76872635
67 69 140 147 3 -0.00057537033 -5.50756884
27 30 35 45 2 -7.06904029e-05 -5.48522234
152 152 165 200 2 -0.000133750262 -4.1163311
0 0 0 0 1 -0.857631385 8.0188694
112 115 70 93 3 -0.000202173018 -4.61720896
51 56 174 209 1 -0.000146624079 -4.84830427
123 128 107 111 1 -4.98290065e-05 -6.66327381
106 107 43 51 4 -0.000204676413 -4.02858734
59 63 85 120 2 -7.34321293e-05 -7.85070372
44 49 60 71 2 -0.000132320245 -3.87439084
203 203 89 124 2 -3.55242082e-05 -7.34397936
82 87 59 66 0 -0.000305861613 -1.26444292
55 62 119 126 0 -0.000516440719 -1.37423158
89 97 112 147 2 -0.000128979969 -3.98193264
0 0 0 0 2 -0.331563175 7.68044472
65 69 83 106 1 -8.57104897e-05 -5.41285563
156 160 77 112 4 -8.46376934e-05 -4.09566307
88 93 67 69 1 -3.14711324e-05 -4.96902227
68 76 138 173 4 -0.000140425662 -4.90559864
50 54 42 44 1 -0.000448911102 -4.65173006
130 133 145 149 2 -0.000321374944 -5.61955261
110 110 119 124 4 -0.000149603962 -4.72928476
117 119 138 142 1 -0.000653097173 -2.57098627
61 67 86 91 0 -1.1324868e-05 -2.48339152
116 118 51 62 2 -1.08480308e-05 -7.59228468
152 156 96 119 2 -9.84655635e-05 -7.59509516
79 86 95 130 2 -6.78293e-05 -6.05974817
115 118 100 103 0 -0.000124333252 -1.74122953
46 50 107 115 2 -1.60932232e-05 -7.61730862
53 59 72 76 0 -0.000155202739 -1.83893466
22 25 52 59 4 -0.00166055723 -3.25124454
102 108 123 146 2 -3.07558839e-05 -6.81464195
48 52 61 66 2 -0.000108716653 -2.84446216
108 108 66 73 4 -0.000284896116 -4.31699371
0 0 0 0 3 -0.00718551734 6.27641916
53 56 120 125 2 -5.62663809e-05 -6.57736731
0 0 0 0 2 -0.00560396304 6.92854166
0 0 0 0 2 -0.215571582 8.02047729
0 0 0 0 3 -0.581396759 8.29836845
47 47 22 27 2 -0.0003714388 -4.50682688
143 148 92 127 3 -3.11135154e-05 -5.86667156
0 0 0 0 2 -0.00310354703 5.4567852
0 0 0 0 2 -0.175691545 9.44851208
82 90 27 31 0 -4.48222127e-05 -2.21530914
49 52 62 85 0 -0.000224821459 -2.00726008
146 150 163 171 4 -0.000569294963 -3.55707836
158 160 56 87 2 -0.000358087971 -3.37849689
44 50 54 58 2 -0.000938689453 -4.35764647
44 51 60 63 0 -6.37756457e-05 -1.05413663
182 182 58 61 2 -0.000101326543 -4.487041
26 33 65 100 2 -1.89542297e-05 -7.37344265
67 73 38 53 2 -0.000213020816 -3.92030644
0 0 0 0 0 -0.239220649 6.52151346
57 58 66 75 2 -8.34443854e-05 -4.8408432
8 12 18 53 4 -0.000481916009 -4.21715307
152 153 77 112 3 -0.000152581546 -5.49528646
200 200 51 86 2 -5.10212558e-05 -6.91169453
0 0 0 0 2 -0.0778709576 9.70091057
134 139 166 170 2 -0.00105008192 -4.57535076
105 110 179 185 1 -0.000108240325 -2.96698356
123 123 102 106 3 -0.00021755026 -4.78966761
129 129 78 113 2 -7.77237074e-05 -5.05085468
131 133 63 98 2 -0.000110743611 -3.97296786
36 36 149 156 2 -9.71535628e-05 -7.00048494
33 39 47 82 2 -0.00436695293 -3.21210337
0 0 0 0 2 -0.0160082225 7.19755507
54 58 119 127 4 -8.03462317e-05 -3.7362709
111 112 123 158 2 -8.38032865e-05 -5.45200825
0 0 0 0 3 -0.0244835205 3.57743239
0 0 0 0 1 -0.0287029035 8.64731503
143 143 99 130 3 -9.89423716e-05 -5.01478672
0 0 0 0 2 -0.014165245 5.61663437
33 40 86 94 2 -0.000169988285 -4.72835588
11 14 27 32 3 -0.00443223817 -2.62723804
143 150 61 66 3 -0.00012266422 -4.54976892
0 0 0 0 3 -0.0224657562 8.14973354
222 226 113 119 2 -0.000742420088 -3.46586943
88 88 154 159 3 -0.00219226698 -4.02712774
108 115 64 72 0 -4.24382051e-05 -3.78684735
0 0 0 0 4 -1.18643391 8.07005501
57 57 70 81 3 -0.000135538648 -4.68388939
53 57 74 81 3 -0.000127074571 -3.08814788
100 104 162 177 3 -0.000472267246 -5.82403135
142 145 90 125 1 -0.000278818188 -3.12083578
0 0 0 0 1 -0.175369814 6.99093962
168 170 102 125 3 -3.07558876e-05 -5.36013556
71 74 24 59 0 -1.19209135e-05 -4.09721041
123 123 144 152 4 -0.00321549713 -3.96824265
114 119 94 99 2 -8.51143413e-05 -4.38249636
80 85 105 140 1 -3.05174108e-05 -5.75528812
43 46 62 64 4 -3.58818434e-05 -4.33986616
58 62 42 46 4 -4.5180037e-05 -3.88124704
0 0 0 0 2 -0.0305962414 9.2233963
0 0 0 0 3 -0.214306965 7.42137098
0 0 0 0 4 -0.0432656668 6.07271719
30 33 53 88 1 -0.00203984696 -4.722363
120 124 34 65 2 -0.000150319494 -1.5335443
36 37 49 57 2 -1.31129991e-05 -5.28378439
67 69 43 50 2 -2.47954576e-05 -5.06929922
18 20 36 38 2 -0.00110858132 -3.6691041
38 38 56 91 2 -4.25574253e-05 -3.81153154
0 0 0 0 1 -0.0558802299 9.08649635
63 64 50 52 1 -0.000117538373 -6.07021904
101 101 70 74 2 -0.000245206465 -1.9147681
136 137 97 112 2 -5.03059819e-05 -5.42903185
60 61 76 111 3 -1.37090428e-05 -8.6341362
53 57 87 90 0 -3.39744802e-05 -1.91989481
59 64 81 86 2 -3.98156662e-05 -6.56545544
0 0 0 0 3 -0.748999298 9.37198257
75 83 131 136 1 -0.00095126091 -2.52406502
53 53 67 75 4 -0.000627938949 -3.45570302
46 46 107 112 2 -2.92060831e-05 -6.15283108
78 81 115 123 2 -3.61202547e-05 -3.87919068
0 0 0 0 3 -0.191815794 8.90902328
176 178 155 159 2 -8.64257308e-05 -6.36696815
141 141 163 169 2 -0.000678092358 -4.02527952
79 82 38 73 2 -9.67965243e-05 -3.70890737
50 52 72 79 2 -2.44378261e-05 -6.58356762
0 0 0 0 2 -0.0923682973 9.09363365
107 111 49 84 4 -8.48758937e-05 -3.56399727
0 0 0 0 1 -0.508716106 9.54172993
107 111 56 63 2 -0.00443069777 -2.50456262
0 0 0 0 0 -0.688688695 12.2245741
0 0 0 0 2 -0.0538895726 10.18752
64 71 89 124 1 -2.55106752e-05 -6.14475441
54 58 75 82 2 -2.96829876e-05 -4.5128932
77 78 102 107 2 -2.70603923e-05 -6.83019638
56 60 156 160 2 -0.000570850039 -2.16423273
33 35 95 99 2 -7.61738775e-05 -5.43197632
0 0 0 0 4 -0.146982834 9.04842949
101 107 73 79 0 -0.000105974199 -2.30858326
32 36 68 76 4 -0.00124160596 -2.93168163
221 222 124 147 2 -0.000972941634 -4.3915329
28 31 44 79 2 -0.000143642683 -3.3833003
117 120 74 78 2 -0.0012240269 -2.14223933
0 0 0 0 2 -0.0131627209 6.61483335
36 43 82 117 0 -6.42528976e-05 -3.38828444
53 57 70 75 3 -6.56836492e-05 -4.5166297
48 50 62 66 3 -0.000137087482 -4.26149511
54 57 178 182 2 -0.000159018353 -4.29096937
55 58 108 112 3 -0.000107406056 -4.51899385
41 44 65 69 2 -0.000235188025 -3.60220981
108 112 47 51 1 -0.000172729429 -5.18197393
91 94 82 86 3 -3.88620429e-05 -4.88113213
61 62 49 51 2 -2.57491229e-05 -4.18984556
0 0 0 0 2 -0.000747852551 3.5905807
47 49 30 32 2 -0.000485983852 -3.13970327
129 129 49 52 4 -0.000786451914 -4.36685944
0 0 0 0 3 -0.0698553026 8.73955727
116 119 34 69 0 -2.03847412e-05 -2.23955274
150 154 68 103 1 -0.000117657699 -2.54017925
205 206 179 183 2 -8.91667805e-05 -4.18757105
0 0 0 0 2 -0.0974639654 7.38958645
39 42 59 94 2 -1.49011321e-05 -5.91645479
23 25 37 48 1 -5.38820168e-05 -3.92691088
58 61 128 163 4 -0.000226728444 -4.23213148
118 118 59 94 2 -0.000119564967 -6.19553947
0 0 0 0 2 -0.314384043 9.25536156
74 75 42 54 2 -0.000197760659 -3.29409909
41 41 52 56 3 -7.37897499e-05 -4.93727875
26 30 49 53 1 -4.45840087e-05 -4.91418839
107 111 117 124 0 -4.97096335e-05 -3.45248747
169 173 130 134 2 -0.000174516856 -4.1722455
99 101 55 62 1 -2.93253725e-05 -5.52221489
75 83 92 100 0 -1.64508456e-05 -4.22366905
0 0 0 0 2 -0.782132685 10.3028555
75 79 87 90 0 -2.67027699e-05 -3.60127831
56 62 192 200 0 -0.000360211357 -3.35231185
0 0 0 0 2 -0.00918930024 5.90435028
68 72 39 47 2 -6.00810672e-05 -6.94274473
94 94 101 108 3 -0.000164861965 -5.37426424
148 148 43 50 3 -0.000283587957 -3.39388537
45 48 63 69 1 -0.00108498952 -3.38268232
146 146 54 57 3 -6.09154813e-05 -6.37618876
50 54 73 79 0 -9.75119619e-05 -3.02694869
0 0 0 0 3 -0.00795500819 6.75053787
0 0 0 0 2 -0.0251945592 7.05031729
0 0 0 0 2 -0.00464139786 8.8177948
64 64 122 157 3 -0.000184293123 -5.40019369
47 51 147 151 1 -0.00010824042 -5.4038434
163 165 130 137 2 -3.83852021e-05 -5.45377207
99 103 80 87 2 -0.000359861035 -5.27806044
102 105 70 93 2 -2.68220065e-05 -5.31254816
175 178 193 200 2 -9.5723728e-05 -5.46286297
0 0 0 0 3 -0.113821134 7.98455095
76 81 94 99 0 -2.41993785e-05 -1.05107319
105 112 121 136 0 -3.62393912e-05 -5.88848591
0 0 0 0 2 -0.00246891216 6.9366188
51 53 62 69 1 -0.000125763327 -5.33635378
49 53 68 69 0 -0.000338272221 -0.906512797
96 96 110 118 2 -0.000640897313 -4.64803934
161 161 44 79 2 -0.000219457448 -3.91671038
31 39 55 60 0 -9.23852058e-05 -4.94905519
121 125 140 175 2 -8.58296553e-05 -4.59797621
230 231 133 144 3 -0.0103328954 -3.97296572
50 56 81 116 2 -8.28494085e-05 -4.63861895
49 50 86 117 3 -0.00207554875 -3.87351251
166 168 79 81 2 -4.87562902e-05 -8.47138691
80 80 66 71 3 -0.000382399943 -2.95860958
49 52 34 37 2 -1.76429312e-05 -6.52323532
33 41 56 91 3 -6.12730582e-05 -5.57856989
63 67 82 105 3 -7.71273335e-05 -4.705688
41 50 88 90 1 -1.94310578e-05 -7.03791714
121 122 67 102 2 -1.63316363e-05 -7.43975973
36 41 110 145 4 -0.000334129378 -3.19373369
132 135 46 57 2 -3.37360761e-05 -4.55867481
0 0 0 0 3 -0.0442710072 9.57770252
167 174 132 147 3 -0.000539504632 -3.70951962
113 120 30 65 1 -9.29821617e-05 -5.31359577
0 0 0 0 2 -0.0300850291 6.51678085
129 133 72 87 3 -8.535292e-05 -4.90328407
135 135 49 84 3 -0.000319345971 -2.59828568
139 141 64 72 2 -0.000180717208 -3.89793754
115 118 50 57 1 -3.88620065e-05 -6.23336887
179 181 203 209 2 -0.000212782659 -6.44931316
131 133 63 78 1 -3.62394785e-05 -5.23708677
0 0 0 0 4 -0.0262316838 7.89174652
68 80 94 101 0 -2.55106297e-05 -3.51030922
88 94 111 117 1 -5.57891581e-05 -4.55049992
153 157 39 74 3 -9.47700028e-05 -4.58681536
129 132 149 153 2 -0.000923882413 -4.35894299
216 223 136 171 0 -0.00325056678 -3.0227015
48 53 63 98 2 -0.000138756921 -6.21249819
0 0 0 0 3 -0.610126257 10.5237103
238 238 192 223 3 -0.00450097956 -3.96203423
107 108 59 63 4 -7.98694527e-05 -5.74459314
46 52 89 112 1 -0.000210398837 -3.48992896
0 0 0 0 2 -0.689016759 7.75994539
0 0 0 0 2 -0.530820966 8.78297329
105 106 122 157 2 -0.00244145817 -5.02632141
140 150 119 126 0 -0.000136250528 -4.99728727
72 76 85 89 2 -1.7166105e-05 -5.20283604
0 0 0 0 2 -0.230150387 8.14333057
134 138 111 119 3 -2.83716872e-05 -6.48185921
63 66 41 46 3 -0.00222452939 -2.70813251
153 154 87 96 2 -0.000576437043 -3.49872947
124 125 141 148 3 -0.00671716034 -4.1398139
0 0 0 0 3 -0.0278373361 6.55806923
41 45 50 55 4 -0.00261872192 -4.67268991
30 31 42 45 4 -0.000371538044 -4.52752447
0 0 0 0 1 -0.00170049781 1.03456426
0 0 0 0 3 -0.763548493 8.69882584
125 135 156 191 0 -0.000134465648 -3.32423759
33 37 120 122 2 -2.06231616e-05 -6.08626699
157 160 106 137 2 -0.00208807341 -1.25046563
25 29 87 94 1 -6.35377219e-05 -5.12662697
95 102 114 121 0 -4.31534645e-05 -3.1555655
97 103 55 63 0 -1.09672401e-05 -2.67437601
102 103 43 52 2 -0.00198099809 -0.121563233
0 0 0 0 2 -0.00407200679 5.35199499
89 92 51 74 2 -0.000178331466 -3.77909231
92 93 65 76 1 -0.00367780076 -4.4286828
94 101 111 122 2 -8.22543097e-06 -8.71488094
79 83 35 37 3 -0.000308741 -4.76468515
107 110 77 92 0 -0.000279296481 -0.377381176
111 112 63 98 3 -6.4729953e-05 -6.60716963
171 173 153 158 2 -0.000122068326 -4.09409714
187 187 141 176 3 -0.000669769361 -4.24998474
90 94 109 113 4 -0.000242941765 -0.69375515
54 62 75 110 1 -9.97755269e-05 -6.67087841
52 56 67 90 2 -0.000346761633 -2.95861745
53 58 76 111 2 -1.59740157e-05 -7.84291363
75 77 60 64 1 -2.87293224e-05 -4.06615067
65 69 40 42 1 -8.05847521e-05 -3.2769773
60 60 148 155 2 -0.00934548955 -1.02127147
98 102 50 55 3 -0.00048405648 -4.77393627
46 50 67 82 2 -1.37090483e-05 -7.49313402
64 66 46 50 1 -2.14576266e-05 -4.12135267
76 77 97 132 2 -4.33918904e-05 -4.80748177
95 95 48 83 3 -2.94445999e-05 -5.24019814
150 153 82 117 2 -0.000370823836 -5.97142076
147 147 162 197 4 -0.00158062275 -4.05868053
112 113 41 64 3 -2.56299209e-05 -4.90128613
59 63 92 127 3 -5.11404578e-05 -5.75787878
0 0 0 0 2 -0.00432404457 7.49253893
86 89 126 134 2 -2.13383937e-05 -5.66641951
99 105 80 87 2 -7.21206743e-05 -3.5726254
0 0 0 0 4 -0.0259396099 5.83884239
22 27 73 108 3 -5.63855865e-05 -5.02420092
53 60 114 149 0 -4.32727393e-05 -3.87408447
55 58 69 104 3 -3.03982579e-05 -5.18162727
154 162 98 133 3 -0.00016617433 -6.42946291
85 88 67 78 2 -2.45570372e-05 -3.53935122
19 23 28 63 4 -0.000863896043 -5.20275831
141 148 121 129 2 -1.90734463e-05 -4.47290134
64 68 120 155 4 -0.000475008972 -3.87306666
41 41 56 91 3 -5.35246363e-05 -5.44177866
39 39 49 64 4 -0.000861788227 -3.57900071
0 0 0 0 2 -0.337074518 10.0761642
140 140 116 123 2 -8.63066525e-05 -3.60329366
88 88 98 102 2 -4.88754304e-05 -6.40700531
175 176 112 127 2 -0.00027476612 -4.92203283
113 116 63 98 2 -2.72987363e-05 -4.95563602
69 70 23 58 2 -0.000183101176 -4.53564262
85 89 39 74 1 -8.10612837e-05 -2.99018264
87 88 27 34 1 -4.92331201e-05 -5.84806871
57 57 80 87 3 -0.000285482558 -5.06792974
54 61 77 81 0 -3.21863263e-05 -2.21932387
69 74 88 92 3 -3.67163193e-05 -5.979671
40 41 79 82 2 -2.41994203e-05 -5.71279526
91 99 120 125 0 -4.63718752e-05 -2.50388908
51 52 62 97 3 -2.89677482e-05 -5.39127398
40 42 88 123 4 -0.000296820217 -4.03495216
129 136 85 116 3 -9.3339826e-05 -5.53822088
58 62 86 117 3 -5.85312009e-05 -7.32800722
146 150 119 128 4 -0.000353079056 -4.45215464
90 90 119 121 3 -0.000224821502 -5.23459387
92 92 106 141 4 -0.00269170222 -1.31804311
95 99 43 50 4 -0.000309098192 -3.77378106
137 141 153 156 1 -9.41739127e-05 -6.21096373
0 0 0 0 2 -0.00635215454 6.94681406
0 0 0 0 3 -0.633428693 7.21148729
105 111 44 53 2 -7.90348131e-05 -7.59183455
106 109 92 95 1 -9.62008344e-05 -3.6742816
80 88 104 108 3 -0.00015270368 -5.11462879
111 114 68 70 2 -4.24382997e-05 -4.28818035
90 94 106 141 0 -7.09278465e-05 -4.40194654
111 111 123 154 3 -0.708665013 0.161057949
0 0 0 0 1 -0.0254871082 7.51036358
108 109 51 58 3 -0.000120041303 -5.05603266
83 88 108 114 4 -0.000169035513 -2.3293891
0 0 0 0 3 -1.03888631 7.68345547
26 34 38 45 2 -0.000304200075 -8.77618885
0 0 0 0 2 -0.0059482716 7.92398691
36 36 100 135 3 -0.000325060682 -4.70898247
80 84 98 133 4 -0.000243059578 -2.66494632
69 69 31 35 3 -0.000104545092 -5.34359264
86 91 36 71 1 -6.28224952e-05 -4.97057867
147 147 43 78 3 -0.00011968374 -6.03199005
0 0 0 0 2 -0.130585 9.4290514
45 49 62 97 3 -0.000115631323 -5.58444881
50 56 90 94 0 -5.93657896e-05 -1.7400341
86 90 28 31 2 -0.00027500483 -1.9301455
210 213 89 124 3 -0.0454332717 -3.20506644
0 0 0 0 2 -0.445287555 5.28909492
0 0 0 0 2 -0.00178600661 6.60055876
109 111 54 69 1 -6.13922457e-05 -3.55733705
171 175 191 222 2 -0.29015705 0.831353366
0 0 0 0 2 -0.000934975047 2.44705009
195 198 96 131 4 -0.000113247319 -3.25169873
45 49 63 78 1 -3.77891411e-05 -3.64820147
101 106 38 45 2 -8.83330067e-05 -5.44002533
116 119 48 83 3 -1.87158148e-05 -7.38868713
145 149 119 127 0 -7.43856872e-05 -3.39318705
162 166 85 93 3 -0.000976793235 -4.82540131
83 86 95 110 2 -0.000379536446 -3.80180788
108 113 122 131 3 -0.00270694052 -2.62050867
197 202 124 159 4 -0.000625072105 -4.39239073
95 95 85 87 3 -8.47567499e-05 -5.19793987
60 60 94 129 3 -6.71139424e-05 -4.76803112
101 103 47 50 2 -1.692769e-05 -3.59604764
117 126 134 165 0 -0.000941643724 0.396257132
98 103 116 147 2 -0.000197643967 -4.35247087
158 158 110 116 3 -0.000363684405 -3.94086671
0 0 0 0 3 -0.50051266 9.01188183
51 51 61 96 3 -6.15113022e-05 -4.99249601
0 0 0 0 4 -0.0292414837 7.87656784
24 27 87 110 2 -9.91807028e-05 -4.87208509
114 119 93 100 1 -5.03059273e-05 -6.59388351
36 36 49 60 3 -1.50203441e-05 -5.69303131
56 59 41 46 1 -7.05711645e-05 -5.92552376
144 147 102 125 2 -7.80808259e-05 -6.09648228
153 154 97 108 3 -3.56433848e-05 -5.65838671
73 74 32 41 1 -0.0723278001 0.848199666
119 120 48 53 3 -0.00014948583 -4.85187149
0 0 0 0 2 -0.0377535224 8.30438614
48 52 65 100 3 -0.000179406081 -4.99880362
89 90 109 124 2 -2.36033593e-05 -6.63089991
60 67 80 88 0 -2.47954558e-05 -2.16222095
132 134 175 181 1 -4.89945014e-05 -4.91281509
0 0 0 0 1 -0.0261615608 6.76618385
63 67 97 103 3 -4.4703218e-05 -4.74631453
149 154 75 110 3 -7.02136022e-05 -5.48246813
0 0 0 0 3 -0.00866430067 5.81039286
107 111 75 90 2 -5.0306e-05 -2.63681102
0 0 0 0 3 -0.407627076 8.53387165
48 54 79 110 1 -0.00115328224 -1.60715556
45 45 144 146 2 -0.000985412975 -2.96347976
114 117 147 154 2 -0.000106570427 -3.94961596
101 110 41 76 0 -1.51395434e-05 -4.30223608
117 119 79 85 2 -1.83581924e-05 -6.51531219
214 218 47 82 2 -0.000134225585 -4.94273472
97 100 49 72 4 -0.000629363407 -3.71396375
52 59 103 108 0 -0.000202285228 0.204886675
56 61 74 80 2 -7.60547409e-05 -7.54763603
49 53 63 98 3 -2.01463208e-05 -5.39166451
43 43 56 91 3 -0.00119247637 -3.6549747
140 140 91 126 3 -0.000276078703 -5.56310987
85 86 65 73 2 -3.09942552e-05 -5.51557207
0 0 0 0 2 -0.0312393289 9.09687424
79 83 133 144 1 -0.000175711073 -4.08742476
117 118 46 50 2 -4.29151223e-05 -4.37880707
22 26 33 68 2 -0.000147339189 -7.27544069
73 74 82 89 2 -0.000147578277 -3.62330556
0 0 0 0 3 -0.43185094 8.10867119
82 85 114 149 2 -0.000114439099 -6.94873762
99 99 172 207 4 -0.00024127074 -1.75229728
0 0 0 0 2 -0.00251270644 6.30218124
131 132 65 73 2 -7.92732753e-05 -5.1233058
0 0 0 0 3 -0.00928208698 7.04839277
103 103 62 68 3 -0.000342703192 -3.31735921
63 68 80 103 3 -7.28362356e-05 -4.22546864
0 0 0 0 1 -0.173020333 8.21629143
34 41 61 68 1 -2.95637765e-05 -6.17414474
60 61 75 83 1 -0.000239240559 -3.07291341
45 50 77 112 3 -0.000110862828 -7.37976074
0 0 0 0 2 -0.00133756397 4.74622822
0 0 0 0 3 -0.205819502 8.65971947
36 40 45 60 3 -0.000289065589 -4.16897249
68 69 39 54 3 -4.756415e-05 -5.17912436
26 30 74 78 3 -4.86370336e-05 -5.07512808
97 102 153 160 2 -0.000109313361 -4.55903244
163 168 101 136 3 -0.000242577677 -5.05428696
0 0 0 0 2 -0.0182844922 7.43848896
102 106 148 163 3 -0.000335677789 -5.65562296
67 71 106 141 3 -0.000264396513 -5.05020523
158 160 135 139 1 -0.00407318445 -1.92024291
0 0 0 0 2 -0.00147480518 5.21358109
0 0 0 0 2 -0.437320471 9.24378872
0 0 0 0 2 -0.03651274 7.14766645
73 73 127 132 3 -0.000173682885 -4.27920961
0 0 0 0 2 -0.210820884 7.91383314
55 59 70 81 2 -1.43050875e-05 -5.99661303
41 44 48 58 0 -0.000297989871 -3.89865327
107 111 95 98 3 -0.000241388421 -5.03247166
186 187 96 102 1 -6.68756984e-05 -4.0101862
0 0 0 0 4 -0.00837731827 7.61867428
41 44 58 65 3 -3.58818397e-05 -5.08934498
38 44 123 130 1 -6.02002037e-05 -3.85225701
70 71 89 124 2 -0.000780918461 -7.1403513
141 150 71 79 1 -5.29285971e-05 -3.75075221
70 73 56 59 0 -3.0994288e-05 -2.76328516
60 62 75 80 2 -0.00783750601 0.107003234
0 0 0 0 3 -0.020272458 5.22446394
116 120 49 56 3 -3.58818143e-05 -6.36889887
86 90 44 51 2 -0.00132794701 -1.26075721
85 89 102 105 3 -0.000138995165 -5.84512711
66 69 90 113 2 -0.000223510055 -5.77341604
82 86 127 162 1 -7.10477034e-05 -4.3364501
137 140 103 109 0 -6.9021422e-05 -2.88657308
44 52 139 147 0 -0.000106211715 -3.43843746
88 92 100 115 1 -0.00012171056 0.0324101225
47 47 171 182 3 -0.000269284239 -4.86752081
0 0 0 0 2 -0.00917065889 7.68220282
52 58 44 46 1 -0.000110505338 -5.84907103
0 0 0 0 2 -0.14975597 9.74416161
0 0 0 0 2 -0.00400361093 4.12033558
93 96 75 79 1 -1.8477398e-05 -5.43901587
214 217 168 203 2 -0.0674260631 -6.07740879
216 218 57 92 2 -0.0115185631 -4.40446854
0 0 0 0 2 -0.844046235 10.6825542
53 60 105 140 1 -0.000520673115 -4.07823515
89 94 108 111 0 -2.67027044e-05 -2.84688616
0 0 0 0 2 -0.00419189688 6.64962816
41 49 60 72 2 -3.25440051e-05 -5.40949869
103 107 80 88 1 -2.96830076e-05 -6.41135979
52 58 64 66 1 -0.254728705 -1.22152698
132 138 44 51 1 -8.39224522e-05 -5.21340132
0 0 0 0 2 -0.0940825343 7.77144384
41 47 61 69 0 -4.10077882e-05 -1.86886263
0 0 0 0 2 -0.318587333 8.97304535
65 69 84 119 3 -4.36303817e-05 -5.83826685
120 122 139 174 2 -0.000136848626 -5.48307323
47 51 68 76 1 -8.22529182e-05 -3.7476387
151 155 98 133 2 -7.22398181e-05 -6.92015266
82 86 101 136 4 -0.000598851999 -4.32324028
0 0 0 0 2 -0.543526649 7.53742552
115 121 149 157 1 -0.000124571598 -5.13834572
135 138 118 125 1 -0.000149722706 -5.89404869
79 81 64 70 1 -4.97099645e-05 -3.7029345
101 104 51 56 3 -0.000160332842 -4.78969383
17 24 29 32 1 -3.87428008e-05 -3.67301321
0 0 0 0 2 -0.0532422289 8.93968391
79 82 93 97 2 -4.18422023e-05 -6.53888702
71 72 90 95 2 -1.57355953e-05 -7.12024879
111 116 67 72 2 -9.08364091e-05 -3.78450584
110 118 90 101 0 -1.84773908e-05 -4.22316074
86 90 42 46 1 -3.49281654e-05 -4.79827166
128 132 144 148 2 -0.000258196204 -4.86597776
150 151 108 113 2 -4.02923979e-05 -7.35501289
80 83 94 129 4 -0.000169750536 -1.72563565
91 92 109 115 2 -0.000252590748 -2.01940894
101 104 27 62 2 -2.10999879e-05 -6.45098591
57 58 89 94 1 -0.00044534175 -2.07540011
57 57 19 22 3 -0.000769177452 -2.60490751
0 0 0 0 1 -0.264812738 8.41009521
98 100 44 79 1 -4.82790238e-05 -5.09864044
0 0 0 0 2 -0.00246078754 6.82923746
111 119 151 159 3 -4.25575126e-05 -6.49567986
137 144 154 160 0 -1.84773999e-05 -5.67141819
114 118 136 145 3 -0.000275241269 -5.04457092
0 0 0 0 4 -0.400328547 7.68045712
125 127 111 118 2 -1.99079041e-05 -5.23329735
54 56 115 124 2 -0.000113127797 -6.91124964
27 31 59 94 3 -6.68757639e-05 -5.33533955
98 106 125 128 0 -1.52587563e-05 -2.36674905
140 143 121 128 2 -0.000203485019 -2.78030658
26 32 40 75 2 -0.000388354092 -3.46028852
107 112 128 136 4 -9.67966917e-05 -4.67256212
120 125 67 102 2 -1.00135694e-05 -8.19160843
0 0 0 0 2 -0.00185901718 7.36955595
0 0 0 0 3 -0.00795695931 5.84154272
64 64 44 49 3 -0.000569526979 -5.41405058
71 73 102 137 1 -0.000316602614 -2.42798805
110 112 126 157 2 -6.09151793e-05 -6.91489553
194 198 110 141 4 -0.00226054201 -4.14982319
127 130 50 85 4 -8.18960179e-05 -3.10208368
109 112 78 85 2 -1.21593275e-05 -7.72356224
0 0 0 0 3 -0.6343714 9.71852684
117 120 86 93 3 -5.11404141e-05 -6.45143986
88 92 63 74 3 -7.24786296e-05 -3.85603571
116 121 55 90 4 -0.000282037858 -2.4956336
0 0 0 0 1 -0.00127574208 7.9085784
81 88 124 126 0 -2.98021423e-05 -2.48128986
55 56 34 45 2 -4.98291047e-05 -4.21053648
107 111 44 49 2 -0.000110386063 -2.95767617
162 166 35 42 1 -9.2504808e-05 -4.5655961
30 35 94 99 1 -4.94715059e-05 -3.91455269
96 96 128 133 3 -0.000124690909 -4.98463917
198 202 141 176 2 -3.17095291e-05 -7.48352385
89 94 42 65 2 -1.71660977e-05 -6.46268559
166 170 121 126 0 -0.000188100516 -4.36208963
113 116 62 68 1 -4.75642119e-05 -4.30169106
134 134 119 123 2 -0.000283347676 -3.86643672
0 0 0 0 2 -0.00240011513 5.52308607
69 74 30 34 1 -9.94188595e-05 -5.70185375
0 0 0 0 3 -0.371783286 9.15455532
102 102 113 118 2 -3.34975957e-05 -5.86131859
0 0 0 0 1 -0.0142539116 7.14529181
45 48 109 144 3 -4.43455647e-05 -5.28392839
72 72 108 115 3 -0.000151869637 -4.53772783
119 123 92 100 3 -5.45972689e-05 -4.07624865
57 61 145 152 3 -9.41742983e-05 -5.42948818
0 0 0 0 1 -0.296688318 8.43374538
93 94 104 139 2 -1.99078877e-05 -6.77257299
36 37 43 78 1 -0.00143290043 -3.7305491
0 0 0 0 2 -0.211261138 6.76542854
56 60 91 98 2 -3.21863918e-05 -4.43407726
45 49 80 86 0 -2.37225504e-05 -2.55220461
198 198 219 224 4 -0.00171285321 -2.9285717
50 53 70 81 1 -4.88754013e-05 -5.7326951
174 175 125 131 2 -1.37090447e-05 -6.51938677
0 0 0 0 3 -0.0219072104 7.81902885
71 75 132 138 2 -0.000489664613 -4.08725119
55 58 69 104 1 -3.26631634e-05 -4.86915827
138 141 121 127 4 -0.000148293489 -4.52840948
128 132 41 44 2 -0.000216119181 -1.34771955
142 144 115 121 2 -3.95772149e-05 -7.40745926
30 33 104 112 2 -6.30612485e-05 -4.7398634
0 0 0 0 2 -0.422446191 11.4387074
106 111 34 69 1 -7.02131438e-05 -4.79597092
0 0 0 0 4 -0.275334626 8.1466465
0 0 0 0 2 -0.00242839498 6.60643625
37 38 55 78 2 -8.40412831e-05 -6.47148561
98 102 143 147 4 -0.00124100246 -4.73988008
86 91 107 142 0 -4.17229567e-05 -4.93501377
67 73 88 91 0 -3.01598302e-05 -3.931319
48 52 160 167 3 -0.000116108 -5.07648516
60 67 170 177 0 -0.000932438415 -1.5101769
71 75 84 91 1 -0.000458211405 -3.52598906
69 74 176 185 2 -0.00094342127 -2.94257498
0 0 0 0 3 -0.442057431 9.26980305
128 131 39 74 1 -0.000115988369 -3.00336146
150 155 44 59 4 -0.000263920461 -3.88356042
110 117 131 135 0 -0.000528177188 -0.947869182
0 0 0 0 2 -0.374893844 8.31661987
60 60 121 136 3 -0.000452728709 -5.19350004
109 112 130 165 1 -3.25440051e-05 -5.88374043
97 97 27 58 3 -0.00232921052 -3.22222018
56 57 25 40 3 -9.94190923e-05 -5.90839434
74 79 114 121 1 -1.31129946e-05 -6.45589781
105 110 130 138 3 -0.000103471633 -3.05872011
68 74 85 92 3 -9.21473256e-05 -4.69501877
124 127 51 55 2 -0.000278580963 -2.68445039
110 113 49 54 1 -7.05710772e-05 -6.0931983
129 133 145 180 3 -0.000100015466 -6.66097784
0 0 0 0 2 -0.00741684204 7.24663496
135 140 34 69 2 -8.21343856e-05 -5.97121859
83 83 122 145 2 -7.21208562e-05 -5.20530748
88 90 98 104 1 -4.16038238e-05 -4.83618021
0 0 0 0 2 -0.148831651 7.75996161
46 48 62 97 2 -3.37361053e-05 -5.39075375
118 125 45 49 1 -7.17633084e-05 -4.43938065
55 56 70 76 2 -3.71931346e-05 -4.78862238
0 0 0 0 2 -0.0135620637 8.51541996
45 45 175 210 2 -0.000103709732 -5.59114265
127 127 46 52 2 -0.000152703273 -6.11997318
0 0 0 0 2 -0.0714368224 9.02754974
123 123 98 100 2 -6.81868987e-05 -5.957973
102 104 57 92 2 -0.00109284988 -0.827453792
53 54 134 139 2 -7.80811388e-05 -4.94701719
26 30 79 114 4 -0.000263563008 -4.31385899
65 68 102 125 0 -0.000279413187 -1.11539519
102 102 84 91 2 -6.63988976e-05 -3.67789054
119 120 40 55 3 -3.05174544e-05 -6.39635134
97 102 69 80 1 -8.40412249e-05 -4.94724751
0 0 0 0 2 -0.119827569 9.38723373
44 45 59 61 1 -6.92599278e-05 -3.92165804
53 57 128 132 4 -0.000121472345 -4.75603676
96 100 72 79 2 -0.0196420401 -0.0525398143
0 0 0 0 2 -0.222437352 7.86205912
85 92 104 127 1 -7.48624298e-05 -4.54056072
0 0 0 0 2 -0.00844101794 7.95403051
61 61 26 29 3 -0.00114136306 -2.88872528
113 117 129 130 2 -4.91139435e-05 -6.00536537
73 79 123 158 0 -5.59087348e-05 -1.77321434
148 151 167 202 2 -0.000140902441 -5.15109062
101 105 121 123 2 -0.00026306996 -3.57499266
78 80 134 138 2 -5.91270473e-05 -5.54844332
0 0 0 0 2 -0.682911217 9.13899708
106 107 126 161 3 -8.85708578e-05 -5.53150606
58 63 104 106 3 -7.29555104e-05 -4.81290483
30 38 102 137 2 -0.000140662552 -6.27756214
138 138 153 188 3 -9.47699518e-05 -6.55508184
107 107 145 149 3 -0.00915659498 -1.86445343
0 0 0 0 2 -0.46810919 7.98596716
74 76 88 123 2 -4.06501495e-05 -8.50906467
46 50 54 69 3 -0.550464213 -5.06053066
57 58 75 106 2 -0.0114672612 -1.68280232
48 51 65 68 2 -6.6994995e-05 -4.46813059
63 65 39 41 1 -0.00016688797 -4.0747695
107 107 57 92 4 -0.000609822222 -3.31028461
0 0 0 0 3 -0.378067374 7.29607201
89 92 43 46 4 -0.000471324951 -3.42694569
62 62 96 131 3 -0.000150915599 -3.8638711
155 155 123 131 3 -0.000134941874 -4.19355774
12 20 25 36 0 -0.00105046609 -0.954407394
47 55 60 63 1 -0.0025618705 -4.68858385
76 77 96 100 2 -3.54049662e-05 -4.26994896
46 49 66 81 1 -6.02001965e-05 -4.37451172
96 104 130 161 0 -0.000376077689 -2.14373827
0 0 0 0 1 -0.158299103 9.83740139
110 117 33 41 0 -0.000140663396 -2.04402494
64 71 108 143 1 -0.000117180891 -2.67353201
109 114 128 132 3 -5.03058836e-05 -6.75473833
58 60 75 78 3 -7.05710845e-05 -6.50909424
101 106 29 64 4 -4.66103302e-05 -3.72844315
120 123 53 88 1 -0.000112889626 -6.67617321
150 151 79 114 3 -5.23325216e-05 -5.60848856
101 104 118 125 1 -2.57491229e-05 -6.18566179
60 60 48 53 3 -3.38552709e-05 -6.37523556
0 0 0 0 1 -0.031677112 7.60128069
97 105 114 129 0 -2.5153071e-05 -5.08124352
113 116 78 93 2 -4.19614262e-05 -4.26951456
148 150 167 172 1 -0.000170343614 -3.53797626
119 119 76 99 3 -0.000253668084 -4.96372414
60 61 75 83 4 -0.000178332761 -3.83673215
0 0 0 0 2 -0.124362707 8.20823097
116 118 51 60 3 -5.04251948e-05 -5.67055416
0 0 0 0 1 -0.444108546 7.27810907
54 57 126 137 2 -5.65048103e-05 -6.05097055
42 48 104 127 0 -0.000229945945 -3.08282876
137 137 90 125 3 -0.000113366266 -5.74454737
118 119 34 57 2 -0.000127909501 -4.94888163
48 52 61 69 0 -4.87559228e-05 -1.17457318
0 0 0 0 2 -0.00884562824 6.83052874
0 0 0 0 2 -0.025660431 3.16786003
82 87 126 132 1 -0.00376366288 -2.28417325
0 0 0 0 3 -0.0143080121 7.7638936
51 55 86 121 4 -0.000122664671 -4.08982992
30 36 49 54 0 -9.03594046e-05 -2.90206647
0 0 0 0 3 -0.0317895189 6.91306877
0 0 0 0 2 -0.667186022 8.08849525
118 124 146 157 1 -0.000271787227 -5.85639143
34 34 42 65 3 -5.40014735e-05 -6.46196985
98 99 113 120 3 -3.54049589e-05 -5.51016092
0 0 0 0 4 -0.00608825777 6.27500772
113 119 157 192 0 -0.000121828154 -3.80784345
0 0 0 0 3 -0.543394208 8.0954628
0 0 0 0 2 -0.127690077 9.76916504
60 66 89 93 1 -0.00028191664 -5.74490166
68 74 44 55 2 -2.07423618e-05 -4.19125509
89 92 55 59 4 -0.000116346382 -4.2356143
88 94 53 65 4 -0.000122187674 -4.31265688
63 66 122 127 2 -6.58029749e-05 -4.77531433
84 88 43 47 3 -2.28881254e-05 -4.99797249
135 142 103 114 1 -2.96830058e-05 -4.12278366
0 0 0 0 2 -0.0599733293 8.34405136
50 55 89 124 1 -6.35380566e-05 -4.82090139
0 0 0 0 3 -0.0865132958 7.78656292
131 138 170 205 2 -1.8715813e-05 -8.44893837
45 45 59 66 2 -0.000221960508 -3.71686578
103 107 47 53 2 -0.000126359679 -5.54019213
123 127 46 61 2 -1.82389722e-05 -7.97463322
86 86 43 66 2 -0.000318389066 -6.20490503
87 90 96 101 3 -0.000108598346 -4.95478868
102 104 126 129 1 -8.24918898e-05 -2.59903431
89 92 120 125 0 -3.96963733e-05 -2.87923193
126 135 41 52 0 -1.57356008e-05 -3.56705666
143 147 105 111 3 -9.19093218e-05 -4.50674105
103 110 48 83 2 -9.21472456e-05 -4.62107038
81 88 101 108 2 -3.25440233e-05 -5.69254255
0 0 0 0 0 -0.0615868941 10.46595
131 137 107 115 2 -3.64778753e-05 -5.03271341
0 0 0 0 3 -0.29472962 8.78902149
88 92 63 78 0 -2.71796034e-05 -3.03863263
61 61 128 130 3 -0.00011658344 -5.25569534
128 128 47 82 2 -4.5060835e-05 -6.12650776
181 185 111 118 3 -8.72602468e-05 -5.51240873
44 46 74 81 2 -5.14981002e-05 -4.68958092
0 0 0 0 2 -0.0113807218 7.89829302
55 55 107 118 3 -0.000245562522 -4.71377802
38 41 62 64 4 -0.000283945992 -3.5757587
196 199 124 129 2 -0.00044450257 -2.93418694
69 72 109 120 2 -0.000238647845 -5.19463396
57 59 70 105 2 -3.00406173e-05 -5.14140892
85 89 40 42 2 -4.67297032e-05 -4.81593323
76 82 143 149 2 -0.000178690549 -5.07256746
163 163 55 90 3 -0.000107644308 -4.51458311
0 0 0 0 2 -0.0241062678 8.73168945
0 0 0 0 4 -0.0265675168 6.82188797
130 135 188 223 1 -0.00207187468 -4.68211699
148 148 98 133 3 -0.000163074728 -4.01261187
55 59 95 102 2 -4.17230294e-05 -5.78702831
93 95 127 162 2 -1.04904029e-05 -8.26014042
98 99 196 211 2 -0.0171443559 -3.72161722
0 0 0 0 4 -0.0884661227 9.06203938
0 0 0 0 2 -0.278785557 7.89964819
122 126 139 147 3 -8.94056138e-05 -5.03513288
128 133 197 204 0 -0.00118838344 -4.14000559
44 47 65 74 4 -4.78026013e-05 -3.08411932
17 26 30 35 0 -0.000115988121 -5.38796616
142 149 160 168 3 -0.00013076952 -5.25989389
15 23 77 83 1 -0.000468927086 -3.92746568
223 227 138 144 4 -0.0476476215 0.0661783442
0 0 0 0 1 -0.0674295276 9.16460896
63 66 41 56 2 -1.75237328e-05 -7.58106041
139 140 70 105 2 -0.000533418613 -3.9042542
0 0 0 0 2 -0.388341635 8.0233078
0 0 0 0 1 -0.0282207914 8.58337688
0 0 0 0 3 -0.0115168411 4.44729185
121 124 43 46 4 -0.000141378783 -3.27307057
0 0 0 0 1 -0.00317515526 5.34263277
176 180 101 108 3 -0.00179295265 -4.07229424
44 49 52 75 3 -0.00131872878 -4.98739195
92 95 132 163 2 -0.00188076624 -4.08896828
36 36 106 111 2 -3.07558039e-05 -4.39033699
109 109 76 99 3 -5.14978601e-05 -5.47812986
58 66 80 115 0 -1.27553694e-05 -5.45373154
0 0 0 0 4 -0.000415025395 2.56411552
0 0 0 0 2 -0.406347215 8.22406578
57 66 79 87 0 -0.000591462012 -1.35424054
0 0 0 0 2 -0.00687692873 6.5785408
170 174 37 68 2 -0.0140651679 -2.36037374
70 76 46 52 0 -2.46762429e-05 -2.22815108
102 102 81 89 2 -6.61606246e-05 -5.15978813
112 118 166 171 3 -0.00067347649 -4.56034708
0 0 0 0 2 -0.521231413 8.73019505
0 0 0 0 0 -0.0946927518 7.97343969
0 0 0 0 2 -0.405087113 8.28602791
125 125 140 146 2 -0.00249631261 -3.2368803
27 31 37 60 3 -0.0015568746 -8.99469852
0 0 0 0 1 -0.536558509 9.66058922
187 188 73 104 2 -0.00706496462 -1.45219016
27 29 39 45 2 -4.19612843e-05 -3.8480649
0 0 0 0 2 -0.0362851396 9.3679781
33 33 112 147 3 -0.000402901671 -5.3787961
52 54 83 118 2 -0.000137803552 -4.49284887
86 88 96 127 2 -0.000116584401 -6.37968397
0 0 0 0 2 -0.00727457134 7.55821943
88 93 121 152 1 -0.000343302789 -2.33843327
0 0 0 0 3 -0.0279308148 7.00846815
129 129 146 153 2 -0.000265827024 -3.72366071
83 89 99 106 3 -4.14845199e-05 -4.9728632
93 97 113 124 2 -4.49415966e-05 -5.2022934
48 55 66 101 3 -3.3497683e-05 -5.92393923
105 106 113 115 3 -3.85043713e-05 -5.0585146
60 66 114 122 2 -4.35111724e-05 -4.01306915
99 99 112 120 3 -3.5047342e-05 -5.86100149
78 81 97 112 2 -6.52069284e-05 -6.72225714
84 84 90 125 3 -3.9696457e-05 -5.94821835
39 43 75 82 1 -0.000713109155 -3.97172523
0 0 0 0 2 -0.269979149 7.96567011
79 81 58 65 1 -3.02790486e-05 -3.61646104
96 98 111 122 2 -0.000131246212 -4.47591686
148 151 111 119 2 -9.62002014e-05 -4.74369144
54 55 91 96 2 -3.49281363e-05 -4.16046238
56 58 45 50 2 -0.000106452455 -2.87693024
39 42 95 130 2 -0.000126717074 -4.92557478
0 0 0 0 3 -0.67564261 9.32216358
81 85 101 108 4 -0.00280129258 -1.24002385
80 83 47 58 1 -6.09154231e-05 -3.72940087
104 112 80 95 3 -7.7246892e-05 -5.97007132
0 0 0 0 0 -0.0489248708 10.3951426
119 119 84 90 2 -0.000160332478 -3.75846839
123 129 41 50 2 -0.000242345559 -3.2658546
45 47 103 118 2 -4.07693333e-05 -6.05253553
11 12 16 20 2 -0.279602587 -7.37530661
99 99 110 114 3 -0.000151153276 -4.87906313
84 84 103 138 3 -3.09942698e-05 -5.46825647
105 111 126 157 0 -0.000666811538 -2.99942303
89 95 35 50 2 -1.49011339e-05 -7.03075409
213 218 55 78 3 -0.000650783535 -5.56583214
0 0 0 0 4 -0.0522874556 7.50761318
119 124 57 61 3 -0.000314446836 -5.4170475
160 166 73 81 1 -0.000121233978 -4.59659767
0 0 0 0 2 -0.475414634 7.69878531
16 17 43 78 2 -0.000101564932 -4.81827068
25 30 97 104 1 -0.000437229464 -3.19146132
187 194 73 81 0 -7.3551164e-05 -4.29755545
97 97 114 149 4 -0.00130857131 -3.43115187
22 29 36 71 0 -0.000566721777 -5.35277319
93 95 104 115 1 -6.00810454e-05 -1.82673168
0 0 0 0 2 -1.07289124 9.61639595
49 53 66 97 2 -2.94445908e-05 -6.23004532
141 147 84 119 2 -3.81468017e-05 -9.66147995
0 0 0 0 2 -0.270694345 8.83035851
139 140 163 165 3 -0.00335862557 -5.2994585
116 119 37 72 3 -5.59087312e-05 -5.42783833
0 0 0 0 3 -0.0022821282 4.81760311
99 102 47 55 3 -3.20671825e-05 -5.57390547
0 0 0 0 3 -0.00855204184 6.9754982
137 145 65 100 0 -3.40936313e-05 -4.48011541
55 55 184 219 2 -5.18556153e-05 -7.51273918
105 105 114 137 2 -0.00295794988 -4.16982031
0 0 0 0 2 -0.237634778 8.39523411
0 0 0 0 2 -0.333673596 8.17950249
208 209 115 150 2 -0.708809853 -3.83143783
107 114 124 129 1 -4.57760543e-05 -3.5126195
40 46 55 90 2 -9.66775988e-05 -5.39415026
133 133 68 71 3 -0.000396466057 -4.46867895
107 111 24 35 3 -2.00271134e-05 -5.8065691
49 51 63 67 2 -2.06231543e-05 -4.59477425
84 84 102 110 2 -8.10609708e-05 -5.95524645
80 80 91 97 3 -4.13654052e-05 -5.51647949
85 91 155 158 0 -0.000150794687 -3.1467979
0 0 0 0 3 -0.770999372 8.98533154
40 44 48 56 2 -0.000202404903 -6.59026098
76 78 113 117 1 -0.000341041741 -3.67943597
97 100 50 85 3 -0.0358123183 -1.76861107
0 0 0 0 2 -0.0176997613 9.38605976
36 40 53 88 3 -8.4518404e-05 -4.79790449
0 0 0 0 1 -0.0156277306 7.3121767
91 96 115 121 2 -2.94445999e-05 -5.56186771
73 78 91 106 1 -3.20671461e-05 -4.21916962
47 53 93 128 2 -2.71796198e-05 -4.51548386
103 106 143 178 2 -0.000766552053 -3.63009953
65 71 113 148 1 -0.000208128564 -4.51883078
50 50 55 62 4 -0.00476011634 -3.09513116
0 0 0 0 1 -0.221661776 8.95565224
50 51 83 90 1 -0.000218861416 -3.16132236
108 110 124 159 2 -2.41994112e-05 -7.09339857
86 87 143 178 2 -0.00025033066 -3.59252071
108 113 125 128 1 -4.93523112e-05 -5.90544939
49 53 84 86 1 -0.00019251724 -5.75815535
0 0 0 0 1 -0.476085693 9.11467457
134 134 152 155 3 -7.72469066e-05 -6.66443396
60 65 44 46 0 -2.84909202e-05 -1.28480971
62 66 17 52 4 -0.00208763196 -2.19964957
0 0 0 0 3 -0.690072238 8.10864162
51 52 81 116 2 -0.000113604714 -3.58060479
65 69 51 54 2 -8.05844902e-05 -2.68999219
65 69 80 84 3 -4.98291665e-05 -6.18726778
143 149 83 106 1 -3.06366746e-05 -5.86057806
55 57 90 125 1 -4.19614298e-05 -4.5950079
123 129 86 90 0 -0.000100968478 -4.12718868
143 143 50 65 2 -0.000194544176 -6.69851828
93 97 107 110 3 -5.25709584e-05 -7.38767242
146 147 100 106 2 -0.00100313406 -2.74387717
150 154 26 61 3 -0.000497292669 -4.67699337
111 116 74 76 0 -0.000138515708 -1.41676664
132 132 101 109 2 -4.6848967e-05 -4.94018555
70 74 88 111 3 -0.000211828999 -5.10165739
0 0 0 0 4 -0.0205713511 8.30770874
150 154 96 131 4 -0.000196690758 -2.39262843
143 149 78 83 0 -3.40936931e-05 -3.42962575
0 0 0 0 2 -0.00240054983 5.24443245
60 65 98 102 3 -0.000101326295 -3.97520828
56 60 127 131 0 -3.64777625e-05 -3.24297833
146 146 108 114 3 -6.98560325e-05 -4.39562845
178 179 154 169 2 -0.000272024714 -2.96968389
100 100 132 167 2 -0.000254261162 -7.12279844
54 56 119 126 2 -4.8041049e-05 -4.65981483
104 106 50 85 4 -0.000403251965 -2.96120596
41 42 57 64 2 -2.14576157e-05 -4.75546789
150 157 69 75 2 -0.000302660395 -2.99263
63 67 47 51 2 -5.19749665e-05 -4.8235507
0 0 0 0 2 -0.00168106705 4.80266094
58 62 102 137 3 -0.000341396488 -4.72444582
69 71 53 55 1 -0.000389412133 -3.50919414
98 98 106 137 2 -7.11669491e-05 -5.83228493
104 107 52 56 2 -0.000175948648 -2.62684822
0 0 0 0 2 -0.00355580333 5.75702238
194 194 97 102 4 -0.00136028847 -4.07624531
110 110 125 133 3 -0.000156874608 -4.64039278
0 0 0 0 2 -0.156680092 9.18618965
0 0 0 0 0 -0.0568253137 10.3686419
0 0 0 0 2 -0.00577057991 5.87335587
114 115 85 89 3 -1.11147559 1.87236023
158 158 32 63 3 -0.00100313255 -4.27893305
56 56 68 73 3 -0.000342708547 -4.40722036
0 0 0 0 3 -0.493484378 8.64163589
0 0 0 0 4 -1.24271715 10.3965111
99 100 46 81 4 -0.000499454793 -4.86396313
130 133 65 67 2 -3.06366892e-05 -3.85018849
17 22 27 34 4 -0.0322031416 -4.13081837
112 116 35 40 3 -0.000202173105 -6.04203081
83 88 103 111 3 -8.48761483e-05 -5.25572348
146 147 160 166 2 -8.58294297e-05 -4.50876999
60 63 47 54 3 -9.23861662e-05 -4.88828135
85 87 103 126 3 -2.64643604e-05 -5.1358037
67 70 124 159 0 -0.000112409864 -4.3573494
32 32 49 57 2 -8.88089853e-05 -10.5499229
43 47 81 116 2 -0.000256170635 -2.01604152
0 0 0 0 1 -0.0176120047 8.1330719
56 61 120 126 2 -0.000123856269 -5.2255888
0 0 0 0 3 -0.0816258565 9.61091423
164 165 174 205 1 -0.00184199342 -1.48537993
72 75 121 144 0 -4.07693478e-05 -1.83023512
82 85 28 63 2 -5.24516472e-05 -4.98693085
98 102 78 85 3 -6.05578534e-05 -5.65352774
29 33 98 106 3 -0.000102518381 -5.1218853
55 60 98 133 4 -0.000110386325 -4.0008297
130 133 56 91 1 -0.000233282539 -4.06206751
109 109 123 127 3 -4.7444908e-05 -5.42987823
105 105 118 125 3 -0.000144118094 -4.52607775
104 106 117 124 2 -3.95772295e-05 -7.28670597
83 85 92 107 3 -3.02790504e-05 -7.15945435
72 78 121 123 1 -0.000197762565 -3.53616977
115 115 130 132 2 -0.00912815891 0.0960486606
162 162 34 39 3 -0.000336151628 -4.96609449
106 106 120 127 3 -0.000241271817 -5.23481274
0 0 0 0 3 -0.469036102 9.24038124
73 75 36 59 2 -4.16036964e-05 -5.87114191
91 99 41 56 2 -7.15255146e-06 -7.9910326
126 129 65 73 1 -5.97233084e-05 -5.00624418
0 0 0 0 3 -0.702543378 10.1932707
54 55 96 131 3 -0.000438063056 -6.20522928
96 100 112 118 4 -6.0319464e-05 -4.12098742
65 68 116 147 3 -0.000613627606 -4.35657454
108 109 120 151 3 -0.0006530924 -4.49559021
81 89 110 117 1 -5.29283971e-05 -4.18037558
203 209 100 135 2 -0.000149961517 -4.58251476
135 135 66 74 2 -0.000208014841 -4.89795351
126 130 139 162 3 -0.00026308588 -4.99303865
47 52 91 126 3 -0.000369293062 -4.09080791
121 129 56 87 1 -0.000711844827 -3.36841226
117 122 65 100 1 -3.81468126e-05 -5.68890667
95 99 56 57 2 -9.98952237e-05 -4.43864155
166 167 192 227 3 -0.000331013551 -5.79129457
51 56 96 101 0 -6.67571112e-06 -6.09232616
111 112 127 132 3 -0.000205748482 -4.86433744
114 114 123 130 4 -0.000108955799 -5.29825592
56 59 151 156 2 -2.12191881e-05 -6.0156455
107 107 121 152 3 -9.40545724e-05 -6.86599541
181 184 108 112 2 -8.46377516e-05 -4.22706461
0 0 0 0 2 -0.00209224038 5.732759
230 230 96 131 3 -0.000524360687 -4.9169836
91 91 46 81 3 -0.000156637223 -5.46734619
88 95 132 167 2 -0.000147812141 -10.0932121
0 0 0 0 1 -0.00639971346 4.61208439
134 138 82 117 1 -7.9988713e-05 -4.41012907
125 129 54 89 0 -2.51530801e-05 -7.95104599
0 0 0 0 3 -0.0632600859 6.4050808
0 0 0 0 2 -1.35749817 7.54525852
58 61 76 111 3 -0.00045118283 -4.58985758
116 121 71 106 1 -0.000303367531 -2.08670998
95 97 44 55 1 -0.000757856935 -1.40169573
75 75 85 108 3 -7.97500979e-05 -4.64742088
62 62 79 90 2 -0.000192636508 -4.26978111
0 0 0 0 2 -0.129145265 9.37275505
135 136 66 97 3 -0.00112457899 -3.2116313
96 98 69 74 1 -0.000148412233 -5.53021431
0 0 0 0 3 -0.905875504 8.07312775
107 111 50 57 1 -3.80275887e-05 -3.30775523
0 0 0 0 3 -0.00471959403 4.26829672
16 22 26 61 2 -9.53663111e-05 -9.2652626
96 99 111 126 3 -0.000115750605 -5.77694798
80 81 120 155 2 -9.39354359e-05 -6.77964067
171 172 148 153 3 -0.000109313078 -5.89236593
101 104 20 43 1 -3.63586078e-05 -5.89094257
83 91 143 152 0 -0.000143286466 -3.01417017
86 90 63 67 0 -1.43050893e-05 -3.40224528
216 219 36 42 0 -0.000267612515 -3.70536637
95 96 49 84 2 -3.83852021e-05 -5.88313341
17 17 38 41 3 -0.000153658009 -5.34723997
57 60 70 105 3 -4.63721444e-05 -4.67153454
79 80 92 95 2 -7.78426038e-05 -3.39356804
56 59 75 78 1 -0.00031099777 -4.3348074
140 144 61 72 1 -4.73256005e-05 -3.55621314
53 59 94 129 0 -2.24112828e-05 -5.72659492
130 131 68 80 2 -0.000154968642 -4.63768196
130 130 96 101 3 -0.000204318334 -3.23334026
61 65 49 51 1 -0.000122306519 -6.05437803
43 47 76 111 1 -6.50873408e-05 -4.89827394
42 46 142 165 2 -0.000167842314 -4.02742815
39 45 76 85 1 -0.000105617786 -5.67933941
63 65 49 52 2 -1.37090483e-05 -6.22367144
151 152 172 179 2 -0.000107405387 -7.7409234
92 94 111 117 2 -0.000104902851 -3.59478951
12 12 17 24 4 -0.00725365244 -4.48762798
12 17 21 44 0 -0.000327092683 -4.1292429
74 78 42 57 4 -0.000123260077 -4.69886971
57 62 39 45 3 -2.46762338e-05 -6.03050566
54 54 67 102 3 -7.9273399e-05 -6.75944042
72 73 89 104 4 -0.00013422643 -3.79960775
90 91 78 85 2 -4.51800806e-05 -3.2537756
56 61 31 38 4 -0.000310528121 -3.63073206
138 139 162 165 3 -0.00148475845 -5.2283535
81 81 47 53 2 -0.000128744156 -4.00229597
84 88 106 137 2 -1.45435033e-05 -6.63115597
105 111 82 91 1 -7.62930213e-05 -5.34133577
40 41 59 65 4 -7.28361701e-05 -4.94071865
45 48 68 91 3 -9.10745584e-05 -5.33599615
56 61 71 82 3 -1.32322111e-05 -5.99873304
50 54 63 66 2 -9.70347028e-05 -5.5498457
50 54 58 65 1 -0.00168975303 -0.635192871
78 80 88 93 1 -0.000189892482 -5.831779
39 40 44 52 2 -0.000284416572 -6.4110136
47 50 74 109 2 -4.33919413e-05 -4.12013388
70 80 92 127 0 -1.00135658e-05 -4.34140778
55 59 115 123 2 -0.000109193978 -4.96341085
67 71 79 114 3 -0.000326010952 -5.02661133
83 89 69 72 0 -3.5166493e-05 -2.37937927
68 68 55 56 3 -0.000155565242 -4.40294695
56 57 75 81 3 -0.000129457912 -6.40515137
56 57 74 109 3 -6.60413498e-05 -4.47320843
43 43 55 60 2 -6.69950678e-05 -5.23812342
151 153 60 95 2 -3.64778571e-05 -5.71087885
69 73 104 127 2 -0.000358318997 -3.48925591
123 123 66 101 3 -0.00031266833 -3.90712714
93 99 110 114 0 -2.75372022e-05 -3.26473022
47 47 86 94 3 -8.67826675e-05 -5.46920776
96 96 126 129 3 -0.000182504184 -4.70769787
21 22 39 46 3 -0.000219218578 -5.29775143
34 36 105 112 3 -0.00032208956 -5.70117044
4 4 7 42 3 -0.00219172798 -5.78732109
55 55 71 94 3 -0.000134465809 -6.01535797
60 61 87 95 2 -9.17900179e-05 -4.77153635
119 119 41 56 3 -5.48358912e-05 -5.47186852
29 32 36 59 2 -0.000400158955 -5.88418293
127 127 88 111 3 -0.000496340683 -4.56597996
75 75 34 65 2 -0.000196569861 -3.62520361
63 65 84 87 2 -1.87158075e-05 -5.53738976
92 94 34 69 2 -4.19614407e-05 -4.96121216
99 101 120 143 2 -0.000126597879 -5.01198721
101 101 83 91 2 -0.000212423649 -4.0486393
161 164 89 124 1 -6.73526083e-05 -3.87644887
57 58 78 113 3 -5.01867835e-05 -6.05313969
84 84 170 205 3 -0.000375370728 -5.7085619
113 114 72 95 1 -0.00011992261 -3.84722614
87 88 65 68 2 -0.000114915922 -2.26258326
148 149 97 132 3 -9.35774879e-05 -4.82324362
48 49 120 135 3 -0.000111101479 -5.14676094
94 96 64 79 1 -5.60279586e-05 -4.18451834
95 96 53 88 2 -0.000193829299 -5.86671686
120 122 75 98 2 -4.75641209e-05 -6.89590216
17 19 40 43 2 -0.000201452931 -6.2187109
54 57 70 93 1 -0.000303731766 -4.3469491
41 44 56 58 2 -3.73123512e-05 -5.25983095
123 124 139 145 2 -9.29814705e-05 -4.35511303
39 40 51 66 2 -3.9219678e-05 -5.62145615
0 0 0 0 3 -0.00909122173 5.20741606
0 0 0 0 3 -0.0426850878 7.88607359
0 0 0 0 2 -0.394307941 8.2201643
0 0 0 0 3 -0.0139696356 7.5498805
0 0 0 0 2 -0.24652566 8.72003365
0 0 0 0 3 -0.0229435153 10.2301865
0 0 0 0 2 -0.00420640269 8.6365509
0 0 0 0 2 -0.422580749 9.79342937
0 0 0 0 3 -0.00848639198 6.08111858
0 0 0 0 2 -0.483515114 9.97000027
0 0 0 0 2 -0.36678353 9.19856644
0 0 0 0 3 -0.565883458 9.08161926
0 0 0 0 2 -0.0146684293 8.36715317
0 0 0 0 0 -0.0788350031 10.1175699
0 0 0 0 2 -0.345395803 9.55418491
0 0 0 0 3 -0.0575306863 7.8319726
0 0 0 0 2 -0.00656219153 7.24015188
0 0 0 0 2 -0.0077148336 7.87864208
110 111 124 126 2 -0.000452687236 -5.34078407
134 138 52 59 1 -6.41340594e-05 -3.77454162
82 92 51 56 0 -2.92061522e-05 -3.00605774
18 19 23 58 2 -0.00770136015 -1.5446521
159 165 67 102 1 -6.7948371e-05 -4.43916464
115 119 30 65 3 -4.8517817e-05 -5.11904764
53 60 43 48 1 -7.76043526e-05 -4.67657185
125 128 52 87 1 -0.000134226575 -4.70902681
68 69 113 124 2 -0.0001215909 -5.38656044
42 42 129 132 3 -0.000223269977 -5.62264538
120 127 138 146 0 -2.89677337e-05 -3.30087924
45 48 59 66 2 -4.05309038e-05 -4.94005489
61 64 81 116 2 -3.15903308e-05 -7.04005671
35 38 48 54 0 -1.84773871e-05 -4.03318453
83 87 99 114 0 -1.21593303e-05 -3.49166346
53 57 71 102 3 -0.000378947239 -3.79045296
85 85 107 138 3 -0.00238795672 -4.75826359
160 164 75 86 1 -5.1855699e-05 -3.42554045
93 94 53 76 3 -0.000273799524 -4.62870359
117 123 203 209 0 -0.00347051816 -3.02571201
53 60 68 75 1 -4.45839978e-05 -6.14891386
42 46 61 68 3 -5.81736094e-05 -5.58800507
52 56 66 73 4 -0.000493938045 -3.18142867
51 54 76 111 1 -0.000502777868 -2.98892498
56 62 152 187 1 -0.000391805748 -4.29854441
71 75 89 124 4 -9.20283273e-05 -2.15117455
56 61 75 106 4 -4.94713604e-05 -5.162467
41 41 53 68 4 -0.00027929456 -3.52145267
37 40 71 75 4 -0.000388841261 -1.51142395
0 0 0 0 3 -0.96490562 9.55374718
0 0 0 0 1 -0.003870958 3.8153913
15 20 35 70 1 -4.01733232e-05 -5.26661587
59 66 154 189 0 -9.44126077e-05 -3.85076571
0 0 0 0 1 -0.426789314 9.1776762
0 0 0 0 3 -0.0695605874 8.27463055
90 90 168 183 2 -0.000256409723 -5.86309624
63 68 45 51 1 -1.966948e-05 -5.91904163
99 103 50 85 1 -3.42128551e-05 -5.59676218
108 113 62 68 0 -5.10212885e-05 -2.48285389
157 163 106 110 0 -3.17095182e-05 -3.62913871
0 0 0 0 2 -0.345315516 3.99148035
63 66 116 122 2 -0.000140902499 -4.05555344
79 81 55 59 2 -3.21863699e-05 -5.19767952
80 83 152 157 0 -2.72988254e-05 -3.90142059
39 42 48 83 3 -2.98022205e-05 -6.27481842
0 0 0 0 3 -0.00639594113 6.14590502
132 133 109 118 2 -0.000117538402 -3.20293951
77 81 48 56 1 -4.39879077e-05 -5.49682426
0 0 0 0 1 -0.067657873 9.10893345
10 11 21 28 2 -0.000451060303 -2.37173009
29 32 10 18 2 -6.99751618e-05 -4.61103964
94 101 26 35 1 -0.000336629862 -2.65888619
136 139 101 107 1 -5.5670338e-05 -4.38993454
85 85 32 35 2 -0.000473231339 -3.56252146
83 88 61 68 2 -8.12997605e-05 -5.07727242
0 0 0 0 3 -0.0286083687 7.55051184
66 72 41 48 3 -5.32861923e-05 -5.6850853
67 71 118 153 3 -7.6412427e-05 -5.09583426
91 97 107 142 1 -0.000103590501 -4.46173382
120 121 139 174 2 -0.000318750273 -6.18780756
40 43 80 91 2 -0.000131366396 -5.16328812
61 67 77 83 0 -2.55106934e-05 -3.39926982
88 89 127 129 3 -8.55907638e-05 -4.88349342
99 102 117 152 3 -6.31804869e-05 -5.76513529
152 155 68 103 3 -0.000136968796 -5.13016176
35 35 61 68 2 -5.30477628e-05 -4.20145321
144 146 70 105 2 -4.11270084e-05 -4.88156605
0 0 0 0 4 -0.000279652188 1.26340127
42 45 59 70 3 -0.000117419557 -4.11422157
50 56 63 65 3 -6.48493806e-05 -5.04470158
88 92 105 128 4 -9.71544432e-05 -3.81570983
128 133 105 112 1 -0.000254737504 -4.57506895
50 51 66 101 4 -0.000119445263 -4.8233633
0 0 0 0 2 -0.0177521836 8.09789181
47 47 59 61 4 -0.000167008984 -4.46783876
41 41 127 135 4 -0.000198955182 -4.48082638
109 111 59 94 3 -0.000159141317 -7.10466194
93 96 73 78 2 -1.93118613e-05 -6.66399765
134 137 116 124 2 -0.000611366297 -3.46747184
129 129 82 113 3 -0.000148767984 -5.6620717
127 127 168 191 3 -0.0064505944 -3.90293908
82 90 43 48 0 -2.34840918e-05 -2.76072812
99 99 80 84 3 -0.000308263232 -3.98383045
65 69 84 119 3 -1.41858809e-05 -6.89913273
41 44 57 61 1 -3.37361016e-05 -4.3552928
45 49 82 97 1 -0.00092152803 -2.42699337
130 137 170 177 0 -3.03982742e-05 -6.74342632
163 170 86 91 1 -0.000297295279 -4.13232851
79 80 113 116 2 -2.84908074e-05 -5.32890463
77 79 95 126 2 -0.000105975239 -6.45922613
46 48 55 90 1 -8.66635237e-05 -3.94613409
0 0 0 0 2 -0.0504534021 7.83516836
0 0 0 0 2 -0.110995159 8.70740318
0 0 0 0 2 -0.396383852 9.81934357
57 62 35 43 3 -9.05989509e-06 -5.44787788
111 115 72 95 3 -0.000115869138 -5.737041
0 0 0 0 2 -0.298211306 8.00325584
95 104 117 148 0 -0.000279771193 -3.15535045
118 126 43 78 3 -0.0769496858 -3.73669624
47 51 115 124 4 -0.000269159995 -4.25455809
0 0 0 0 2 -0.00216439879 5.18290806
0 0 0 0 1 -0.00176217034 4.50352335
57 63 100 108 2 -2.53915005e-05 -4.63832998
127 130 195 202 2 -6.55644617e-05 -6.36278963
99 102 87 93 2 -7.71277628e-05 -2.39384651
151 155 83 118 3 -2.84908547e-05 -6.22572947
59 59 75 80 3 -0.000312910939 -4.89365149
173 174 105 140 2 -0.0010724928 -4.30171585
0 0 0 0 2 -0.28304702 7.87393522
96 96 38 42 4 -0.00134429627 -0.917921185
103 105 54 89 1 -5.40013498e-05 -5.70790243
116 118 65 70 3 -3.33784847e-05 -5.76550913
26 31 36 43 4 -0.00011408003 -5.15739727
105 109 122 133 3 -0.000280236796 -4.76655579
98 106 32 39 2 -2.4199373e-05 -4.79635096
44 47 22 27 1 -8.38028791e-05 -4.04064417
0 0 0 0 3 -0.257209033 8.44385624
126 131 140 144 4 -0.000159974501 -4.06812477
103 105 63 98 3 -0.00108737731 -8.76211166
123 127 48 83 3 -3.98156881e-05 -7.50819635
0 0 0 0 0 -0.0697846264 9.95558262
62 64 39 47 2 -4.07692714e-05 -4.9740243
0 0 0 0 3 -0.848635852 9.55528545
113 116 36 59 3 -0.00060683256 -5.32441092
36 36 41 48 2 -0.000550185738 -7.45731068
39 40 119 154 2 -0.000407551386 -4.11624575
0 0 0 0 2 -0.108369432 8.55617619
56 60 26 37 3 -0.000544865034 -4.44640732
34 37 120 155 1 -0.0164580513 -1.45380354
128 135 109 116 1 -4.68488142e-05 -7.39699459
132 132 107 114 4 -0.000229471043 -4.49251223
50 57 79 114 2 -8.82137829e-05 -8.7391243
52 58 69 80 2 -0.00111359591 -1.10191607
171 174 50 85 2 -1.08480299e-05 -7.44013453
17 20 32 40 0 -2.5987536e-05 -3.2232585
61 68 113 117 0 -0.000242689377 -0.439392596
97 99 114 149 2 -7.89153419e-05 -4.27307415
52 56 102 109 2 -0.000182501943 -3.6402657
66 71 85 116 1 -6.23458473e-05 -4.41474438
53 57 77 112 4 -5.26900913e-05 -4.16809273
54 60 76 84 1 -3.25440014e-05 -5.67483711
128 136 69 104 4 -0.000144240228 -4.42705727
30 34 46 50 1 -7.47434315e-05 -4.15879726
104 108 62 66 2 -0.000130055094 -6.02466202
96 96 105 109 4 -6.2465122e-05 -4.63079834
60 62 90 96 1 -3.87428336e-05 -6.08051634
113 119 56 61 0 -2.02655156e-05 -1.33323586
54 58 110 141 2 -0.000875840138 -3.43491435
46 48 66 89 2 -4.6014502e-05 -7.88680696
80 84 93 128 2 -9.69148605e-05 -5.6934433
52 59 119 121 0 -3.2424774e-05 -2.37687993
162 164 175 179 2 -0.000115033159 -4.85667324
117 122 45 51 0 -4.16038529e-05 -2.82496119
23 27 54 60 4 -0.000871662749 -3.47851467
105 105 120 127 2 -5.32862032e-05 -6.45208693
94 100 50 57 2 -4.48224127e-05 -2.90128636
84 85 101 106 4 -0.000344613392 -4.15791607
0 0 0 0 3 -0.0141558358 6.63722944
123 126 145 152 2 -0.000182146934 -5.70291138
0 0 0 0 2 -0.00562614156 6.81517887
0 0 0 0 2 -0.274508744 7.81718254
106 107 66 71 3 -3.36168887e-05 -5.60241365
55 57 39 45 2 -0.000101326652 -3.80876589
89 93 106 141 3 -4.21998629e-05 -5.58169222
0 0 0 0 2 -0.000820420915 5.70441532
0 0 0 0 2 -0.098556079 9.35335445
110 119 28 36 0 -4.25574653e-05 -2.22128034
31 39 88 103 0 -0.000101445534 -2.0747149
145 149 162 169 4 -0.000338777812 -3.89353108
106 107 52 63 2 -0.000132677014 -5.24235678
47 55 59 64 2 -0.00177665264 -3.44885683
114 121 53 59 0 -8.15381136e-05 -1.97173345
154 155 126 134 2 -4.49416038e-05 -5.3579607
150 157 172 207 2 -0.000341873587 -4.05023241
139 145 53 76 2 -0.000137563969 -6.28476906
0 0 0 0 0 -0.0423983522 7.28277826
96 99 107 113 2 -0.000127312582 -4.34913683
8 12 18 53 4 -0.00954980683 -4.09565067
64 65 74 109 3 -0.000153299814 -6.01593685
183 184 55 90 2 -0.000665248488 -8.19050217
0 0 0 0 2 -0.114646859 9.61905861
133 139 69 74 2 -0.00747025385 -3.13036633
57 59 74 81 1 -7.4028314e-05 -5.70224524
107 107 50 54 3 -0.000237336499 -4.98559713
54 56 99 134 2 -4.0650124e-05 -6.36630583
51 52 90 125 2 -0.00040302315 -2.71509433
92 94 60 67 2 -1.64508383e-05 -8.33617878
24 27 35 70 2 -0.00083061459 -4.2616725
0 0 0 0 2 -0.546556115 7.98950434
107 112 43 48 4 -7.02130783e-05 -3.2640512
110 113 124 159 2 -0.000563094625 -2.57918477
0 0 0 0 3 -0.00403793948 4.56381226
0 0 0 0 1 -0.0133082997 8.10151863
50 51 114 121 3 -3.32592499e-05 -5.5988512
12 19 31 33 2 -0.0012651647 -1.40750909
35 40 76 78 2 -5.38822278e-05 -6.01187897
15 19 32 35 3 -0.00569190644 -3.26712179
140 147 109 116 3 -0.000165339065 -4.715343
0 0 0 0 3 -0.0840636492 9.94618893
235 238 144 152 2 -0.00271133496 -2.79370713
38 39 138 142 3 -0.00403356692 -4.96172667
101 109 57 64 0 -5.38822787e-05 -3.30778265
0 0 0 0 3 -0.476739824 6.30054092
54 54 124 131 3 -0.00080930558 -4.73716402
52 57 74 77 3 -0.000124451893 -2.95314789
144 147 53 68 3 -9.67968226e-05 -6.12199306
42 48 66 101 1 -2.80140594e-05 -6.8925848
0 0 0 0 1 -0.139158145 7.03752279
171 173 116 131 3 -0.000101326223 -4.99891663
47 52 76 111 0 -1.62124288e-05 -3.98577762
72 72 49 57 4 -0.000216953369 -4.32809067
39 45 62 68 2 -7.54585344e-05 -4.4090333
54 58 123 158 1 -0.000213014457 -4.65593338
103 108 47 50 4 -8.5710577e-05 -2.7628901
103 107 119 126 4 -0.000125524355 -5.38336182
0 0 0 0 2 -0.0280393511 9.67162514
0 0 0 0 3 -0.595470369 8.52636242
0 0 0 0 4 -0.523679972 7.91964769
30 36 56 91 1 -0.0011944701 -4.88355017
40 42 93 104 2 -4.23190577e-05 -4.4727006
56 56 93 101 2 -5.75775557e-05 -4.93094254
100 102 66 70 2 -5.05443277e-05 -3.30315876
15 15 31 39 2 -0.00275526056 -2.52554369
53 54 72 107 2 -1.26361629e-05 -4.31113005
0 0 0 0 1 -0.0178586487 8.16172123
88 90 100 106 1 -0.000175828114 -4.43009377
123 127 53 61 2 -4.83986332e-05 -4.32649183
144 144 76 99 2 -0.000103829603 -5.70669317
60 60 119 154 3 -1.74045181e-05 -8.05010796
46 49 56 60 0 -4.94715132e-05 -1.09577787
83 87 57 61 2 -1.80005627e-05 -7.04757071
0 0 0 0 3 -0.427371472 9.28898239
92 97 126 134 1 -0.000488235673 -3.36618662
49 49 63 68 4 -0.00130000268 -3.31265879
81 83 59 63 2 -0.000210159895 -0.615517557
87 93 69 73 2 -2.07423655e-05 -3.73154521
0 0 0 0 3 -0.448341042 8.24395084
176 176 99 104 2 -0.000278458174 -5.60771465
168 169 117 125 2 -8.47568881e-05 -4.3671999
13 14 22 57 2 -0.000225417549 -3.22995067
46 46 22 29 2 -2.90869084e-05 -6.85571432
0 0 0 0 2 -0.0665679649 8.81014824
47 51 57 92 4 -8.20151326e-05 -2.55079627
0 0 0 0 1 -0.135047957 8.76761913
120 121 57 64 2 -1.90734318e-05 -5.13556528
0 0 0 0 0 -0.686502159 12.2538586
0 0 0 0 2 -0.00925264973 8.2721777
106 113 50 85 1 -3.00406173e-05 -6.72066832
65 68 159 190 2 -0.0169733036 -0.70475316
121 123 90 99 2 -1.95502798e-05 -7.83829927
130 131 176 182 2 -0.000541855581 -5.34392691
119 119 68 75 2 -9.21476385e-05 -5.5400238
0 0 0 0 4 -0.613703132 9.53442955
41 45 81 83 0 -0.000299552485 -1.3893137
71 75 45 53 4 -0.0518843457 -0.48547706
142 145 45 68 2 -7.37894588e-05 -5.35272408
28 28 41 76 2 -0.000180952804 -2.61001086
72 72 114 118 2 -8.15382955e-05 -4.65940857
0 0 0 0 2 -0.00617246144 6.1532402
108 116 59 94 0 -9.11938259e-05 -3.64595222
77 80 54 61 3 -6.7590925e-05 -4.17859459
45 47 59 67 3 -0.000148769628 -4.11415005
197 200 62 64 2 -0.000229352125 -2.85114717
109 114 84 86 3 -7.18824231e-05 -5.13047314
172 173 36 42 2 -0.00124878308 -4.21373081
110 112 45 53 1 -0.000102518388 -5.66336632
102 106 95 97 3 -0.000334127981 -4.3412075
62 63 27 33 2 -7.16440481e-05 -3.72591376
114 118 60 64 2 -9.58428136e-05 -4.02161884
39 41 166 171 2 -0.00175613002 -3.74471879
64 64 46 48 4 -0.000358206453 -4.98014021
0 0 0 0 3 -0.0463160165 8.81241417
116 123 64 99 0 -1.33514213e-05 -3.55233979
160 161 102 137 1 -0.000118969023 -2.39050245
0 0 0 0 2 -0.210225731 7.77899075
0 0 0 0 2 -0.0829264671 7.74990034
60 62 79 114 2 -1.28745851e-05 -6.07070971
98 100 112 123 1 -1.90734336e-05 -6.51374054
58 62 80 115 4 -8.76177073e-05 -4.92413378
194 197 100 135 2 -3.73123039e-05 -6.58731747
0 0 0 0 2 -0.119292997 8.63575649
0 0 0 0 2 -0.052857589 8.62542152
81 81 92 96 3 -0.00015675521 -4.88645601
26 28 47 51 1 -5.00675487e-05 -5.32568312
114 122 51 53 0 -3.32591699e-05 -2.65300298
165 165 77 82 2 -0.000629844726 -3.50807428
52 54 97 128 1 -7.51010666e-05 -4.94747829
75 81 110 118 0 -7.06903156e-05 -3.03361297
0 0 0 0 2 -0.507065535 10.2689953
75 80 88 96 0 -1.3113e-05 -4.37583351
208 216 175 183 0 -0.000108001106 -4.49717426
0 0 0 150 2 -2.55914068 2.0524087
103 103 26 32 2 -0.000253310864 -4.8745451
94 95 102 109 3 -4.85178643e-05 -5.36034966
84 84 42 46 3 -0.000218027708 -4.52738094
45 50 65 71 1 -0.000784788106 -3.37448621
174 174 143 150 3 -6.41339939e-05 -5.86892319
59 67 86 90 0 -0.000322448788 -2.22988176
0 0 0 0 3 -0.00948814303 6.75184774
0 0 0 0 2 -0.0904163644 7.26210785
0 0 0 0 2 -0.00435062125 8.80190277
159 160 86 121 3 -0.000334122626 -4.76145792
148 155 33 39 1 -0.000161524338 -7.28054857
86 87 143 145 2 -5.44780669e-05 -4.84240294
84 84 70 72 2 -0.000635298144 -4.82125092
97 99 41 56 2 -0.000212662853 -3.36341166
195 198 53 64 2 -2.81332941e-05 -6.73393869
122 127 83 106 3 -3.11135082e-05 -6.30390358
86 91 104 111 0 -1.76429367e-05 -2.64022875
104 111 120 143 0 -2.53915041e-05 -4.86530638
0 0 0 0 2 -0.0120787797 7.82820272
51 53 62 69 1 -9.66769876e-05 -5.56202555
110 114 73 77 0 -1.66892605e-05 -3.6650393
96 100 114 121 2 -6.12731819e-05 -2.78601098
106 109 121 156 2 -0.000109312517 -4.31126738
25 30 46 55 0 -6.1272789e-05 -4.69671869
114 114 41 76 2 -5.91272037e-05 -4.73877192
79 80 40 63 3 -0.000180476534 -6.69101858
132 136 66 101 2 -0.000105617903 -5.267169
34 35 51 66 3 -7.66508892e-05 -5.56307602
144 148 154 159 2 -0.000108955654 -6.59443712
42 42 92 99 3 -0.00110713835 -3.49481988
36 39 122 128 2 -1.93118431e-05 -6.77300501
83 90 172 207 3 -6.23453161e-05 -6.44685173
87 91 64 71 3 -0.000110505513 -3.2072022
145 152 76 78 1 -4.19611897e-05 -6.92559385
173 174 104 139 2 -7.85579978e-05 -7.01515675
36 39 125 160 4 -0.000289906253 -3.29331851
52 56 116 123 2 -6.07960465e-05 -4.37757254
0 0 0 0 3 -0.0631808192 9.31466293
57 65 129 144 3 -0.000131604931 -4.60047531
33 39 51 86 1 -0.000489678408 -2.70071912
0 0 0 0 2 -0.0567528829 6.80123663
155 158 74 105 3 -0.000965588901 -3.63024044
38 39 104 139 3 -0.000955112337 -4.20291901
134 137 39 42 2 -7.25977516e-05 -4.76417637
152 155 119 142 1 -0.000104902356 -4.41424704
148 148 117 126 2 -4.97097462e-05 -5.44099855
44 48 56 87 1 -0.000130651111 -3.49586558
0 0 0 0 4 -0.0845302716 8.44928741
63 69 120 125 0 -3.11134863e-05 -4.3197422
80 84 101 107 1 -4.75640118e-05 -3.11694241
45 48 124 159 3 -8.57102277e-05 -5.53692865
119 123 140 146 2 -0.000524961215 -5.59685564
41 51 124 159 0 -0.000440914097 -3.72487283
119 127 43 78 2 -0.000432335772 -6.48953247
0 0 0 0 3 -0.807595134 10.0673132
212 212 50 65 3 -0.000647810521 -3.62070084
94 95 53 58 4 -9.21475366e-05 -5.2891798
75 79 89 96 1 -0.000197286456 -3.36818361
0 0 0 0 2 -0.787558794 8.25070667
0 0 0 0 2 -0.49431482 9.92215252
90 92 108 143 2 -4.11269211e-05 -5.84940243
106 116 130 145 0 -3.52857314e-05 -7.20991087
31 35 62 68 2 -1.29937907e-05 -5.56613493
0 0 0 0 2 -0.333172977 7.5846529
50 55 71 79 3 -1.84773999e-05 -5.45548582
66 69 44 49 3 -0.00354035478 -2.78027678
104 104 77 83 2 -0.000459525618 -5.29139423
121 121 137 143 3 -0.0159069858 -2.5175333
0 0 0 0 3 -0.0112372441 3.86872363
48 52 57 62 4 -0.00106515968 -4.86096811
29 29 40 48 4 -0.000409926666 -2.48965621
0 0 0 0 1 -0.0011667395 0.436242133
0 0 0 0 3 -0.610256374 8.93474865
179 190 120 155 0 -0.000154969166 -2.55067301
131 134 71 74 2 -2.241127e-05 -5.53717184
152 153 91 98 2 -0.000117538169 -4.92149925
86 89 21 26 1 -6.30610884e-05 -4.45393276
104 110 64 69 0 -2.68219846e-05 -3.589504
47 53 84 88 0 -0.000293122081 -0.553877473
68 69 41 49 2 -0.000548795913 -1.52876806
0 0 0 0 2 -0.00175458926 5.21690226
109 110 63 94 2 -0.00221218355 -4.26315165
76 81 37 60 1 -0.000154015113 -5.54264021
94 97 107 118 2 -9.65594245e-06 -9.73110104
76 80 86 93 3 -0.000186794816 -6.44686747
166 174 57 80 0 -0.000746308651 -3.32159376
100 100 52 87 3 -6.10347124e-05 -5.15752125
174 174 117 125 2 -0.000189538434 -5.42411709
79 80 91 126 3 -0.000593358942 -3.63058758
101 105 120 125 4 -0.000482635282 -0.992743611
50 58 71 106 1 -6.09152266e-05 -6.22421741
68 74 48 55 2 -0.000699199038 -1.84588301
57 64 82 117 2 -0.000117534837 -7.58344698
119 124 52 56 1 -2.30073238e-05 -4.64784575
39 41 95 97 1 -0.00014972387 -2.18137217
71 75 50 57 2 -5.9484948e-05 -3.52083278
91 94 62 69 3 -2.03847376e-05 -5.14943457
85 87 104 135 2 -6.11538853e-05 -5.60980606
71 76 49 57 1 -3.45705485e-05 -3.74527097
40 42 62 97 2 -4.73257533e-05 -3.84798098
91 91 44 79 3 -3.03982724e-05 -4.84978199
37 37 49 84 2 -4.60145602e-05 -4.22245741
61 62 137 172 4 -0.00024830419 -4.25146151
109 109 56 71 3 -1.63316363e-05 -5.53517199
68 73 86 121 3 -0.000159732881 -5.56906176
0 0 0 0 2 -0.00833892543 7.50013304
99 105 146 150 2 -8.94047844e-05 -5.3346262
90 98 60 67 2 -3.00406282e-05 -4.01098537
0 0 0 0 4 -0.000734107511 3.31607461
0 0 0 0 2 -0.329528302 9.56400681
33 40 58 93 0 -1.90734427e-05 -5.30509233
167 171 39 74 3 -0.000100968799 -4.97691298
105 110 161 196 3 -0.000182979624 -5.27869511
0 0 0 0 2 -0.421661139 9.8625145
22 26 31 66 4 -0.010490777 -5.01989412
57 64 72 74 2 -1.33514222e-05 -5.00646019
93 96 112 147 4 -0.000397541269 -3.70439386
64 65 99 134 3 -0.00110996433 -4.97622633
39 40 50 65 4 -0.000128028521 -3.89664674
0 0 0 0 2 -0.0603102334 9.05195904
81 82 60 64 2 -1.77621514e-05 -5.3090601
90 90 100 107 2 -4.10077337e-05 -5.70749378
127 128 153 168 2 -0.000242103721 -4.05476141
46 47 66 101 2 -9.28629815e-05 -3.20369959
63 66 17 52 2 -0.000223988056 -5.39614582
114 120 12 47 1 -4.14846254e-05 -5.29477644
65 71 29 60 1 -0.000173326567 -5.1064024
137 137 106 117 3 -0.000265824347 -4.40334129
101 107 123 125 0 -0.000117299001 -1.8597554
76 80 55 60 3 -3.05174617e-05 -5.30871677
55 55 36 39 2 -6.75910123e-05 -5.09321642
42 51 100 108 0 -8.1537095e-05 -2.6320641
51 51 61 96 3 -9.73923889e-05 -5.14218378
125 126 80 115 4 -0.000344976637 -4.12456989
0 0 0 0 2 -1.06956494 10.3923197
38 42 52 83 3 -0.000199431408 -4.94337559
141 145 118 123 4 -0.000425431645 -4.74122095
90 90 119 126 3 -0.000280605658 -4.89173937
40 41 103 138 4 -0.00350866793 -2.04899549
47 51 63 66 4 -0.000135300361 -3.73670721
133 143 155 161 1 -5.06635879e-05 -5.12495041
0 0 0 0 2 -0.00741873868 7.46063709
0 0 0 0 3 -0.353787988 6.6653676
101 109 45 50 2 -0.000289905875 -4.05666924
56 59 40 45 1 -6.3776446e-05 -4.1471591
152 158 114 118 3 -5.94850135e-05 -5.77177477
60 62 135 142 2 -6.34183962e-05 -5.50294828
99 107 119 154 0 -8.58276981e-05 -4.71578169
110 112 124 139 3 -2.04652548 2.81119418
0 0 0 0 1 -0.187846705 7.48484278
0 0 0 0 2 -0.629078269 9.11800861
71 74 48 50 4 -7.60548573e-05 -3.89513278
0 0 0 0 3 -0.9502033 7.45781422
30 38 42 65 2 -0.000252950471 -7.34552097
0 0 0 0 2 -0.00365333003 6.69152784
114 115 63 98 3 -2.05039505e-05 -5.1382246
47 52 66 101 4 -0.000125167906 -2.6676867
64 64 34 42 3 -0.000184172794 -5.14993572
103 107 53 88 1 -4.95905988e-05 -5.79882526
168 168 118 153 3 -7.72469139e-05 -5.66719103
0 0 0 0 2 -0.0605493449 9.28268337
43 46 106 141 3 -0.000202531199 -4.29099989
92 100 134 136 0 -3.6716312e-05 -3.17885113
0 0 0 0 2 -0.154217109 7.52716064
97 100 35 70 3 -2.15768177e-05 -6.18275309
0 0 0 0 2 -0.398183554 3.08191895
0 0 0 0 2 -0.0475832373 5.31836319
39 44 53 76 1 -2.87293242e-05 -5.34398794
0 0 0 0 2 -0.263264775 3.05212021
0 0 0 0 2 -0.00322929048 3.19036698
160 164 42 77 4 -0.000763910939 -1.48633552
129 130 49 64 1 -0.000201338742 -2.73927045
99 105 63 68 2 -0.000138279633 -5.47149038
61 65 80 115 3 -8.92867538e-05 -7.25424147
95 103 38 45 0 -3.43320135e-05 -2.24733615
75 79 167 173 3 -0.000157948409 -6.88599062
82 82 91 98 2 -0.000864761998 -4.47483683
100 104 113 117 3 -0.000500051712 -3.92998123
94 97 38 73 4 -0.000334960758 -4.35079861
59 59 49 51 3 -0.000744262885 -3.35737109
59 59 78 113 3 -2.33649625e-05 -5.42103624
37 39 94 101 2 -4.10077919e-05 -4.22914124
64 72 96 103 0 -5.68622127e-05 -4.96595287
90 92 105 112 2 -0.00134838233 -2.27991438
140 140 168 173 3 -0.00437690597 -2.9761169
0 0 0 0 3 -0.545205235 8.70816517
40 40 50 85 3 -0.000120278259 -5.10081339
0 0 0 0 4 -0.0305836443 8.50926876
124 124 94 109 2 -0.000147101338 -5.25716782
132 133 112 118 1 -4.58952345e-05 -5.51699924
114 115 36 67 3 -0.000172610831 -4.70097971
34 37 129 132 1 -0.000114677459 -4.79072809
155 158 105 136 2 -6.81868623e-05 -7.00575638
73 73 44 51 3 -0.000267252297 -4.87530947
69 72 32 37 1 -0.194058478 1.48476911
137 138 160 164 3 -0.000189895538 -7.0345788
0 0 0 0 2 -0.323428869 9.78455925
97 101 50 85 3 -0.000136968709 -5.02951813
144 146 81 112 2 -5.16172477e-05 -5.85616398
52 60 73 76 0 -3.63586551e-05 -2.41019893
170 171 44 49 1 -2.93253615e-05 -4.30738163
0 0 0 0 1 -0.0425799042 8.10726929
132 136 76 82 3 -7.06902501e-05 -5.00974607
96 100 22 57 3 -9.03594773e-05 -4.7471242
0 0 0 0 3 -0.00539643876 5.96161938
87 91 59 70 2 -0.0653025955 0.0690539703
0 0 0 0 3 -0.225753576 8.1701746
60 64 77 108 1 -0.00171582121 -1.73745382
85 85 98 104 2 -4.29151114e-05 -4.71121502
117 117 149 153 2 -0.00576942088 -4.1530323
48 60 119 154 0 -2.20536513e-05 -4.09343958
58 58 116 118 2 -0.00023447469 -3.5072999
212 214 71 106 2 -0.000121471894 -6.60722542
66 70 86 93 4 -0.000255695864 -4.44114637
88 94 50 56 0 -4.2676249e-05 -2.50919485
64 72 85 91 2 -7.40283649e-05 -7.33879757
139 143 89 124 3 -4.48224346e-05 -5.27623224
131 131 48 83 3 -0.00058419886 -3.42881322
0 0 0 0 2 -0.407102853 8.99554443
55 57 74 80 2 -2.07423327e-05 -5.01067162
0 0 0 0 2 -0.0357429981 9.16174507
116 118 133 148 1 -0.000186677556 -4.56251001
49 49 61 66 2 -9.62005724e-05 -4.71125603
22 26 33 68 2 -0.000368205074 -6.2526927
78 81 89 92 2 -0.000109432716 -4.93118048
0 0 0 0 3 -0.563028157 8.65644455
93 94 109 144 2 -2.92061777e-05 -6.52309132
216 218 79 114 4 -0.000185245051 -2.88084602
0 0 0 0 2 -0.00504650781 6.29557276
129 129 90 95 2 -0.000122425801 -5.93392324
0 0 0 0 3 -0.0114416992 7.61249256
62 62 107 111 3 -0.0001400662 -4.29946804
151 156 102 125 3 -0.000300632761 -4.94438887
133 137 119 125 1 -0.000132199522 -4.76329422
110 116 136 140 1 -6.72331589e-05 -5.5378952
27 31 62 71 1 -5.16172076e-05 -3.05496812
41 45 57 92 3 -2.98021987e-05 -6.92110348
0 0 0 0 2 -0.00223403657 5.23807907
80 84 125 160 3 -5.54318467e-05 -6.76381588
42 46 51 66 3 -0.000715358532 -3.30941319
107 110 121 128 3 -0.000220649963 -4.90627861
119 123 26 28 3 -6.05578462e-05 -5.76986027
82 88 141 148 2 -2.9206185e-05 -6.55794811
111 116 145 180 3 -0.000264157978 -4.98148727
0 0 0 0 2 -0.0191734508 8.0332365
122 125 49 64 3 -7.39089664e-05 -6.73652172
17 20 110 145 3 -0.00111908745 -4.03236103
18 21 95 103 1 -6.17497863e-05 -5.46716833
0 0 0 0 2 -0.0015468637 5.33553791
41 45 69 74 3 -8.98820435e-05 -4.79319715
0 0 0 0 2 -0.0320201591 7.1680336
107 107 42 44 3 -8.27301628e-05 -5.44902039
90 94 39 47 0 -3.95772622e-05 -2.5449481
54 61 72 103 2 -2.44378225e-05 -6.62780237
34 37 41 52 0 -0.000137086172 -4.81325102
27 32 89 91 3 -0.000675369054 -4.23370504
129 134 93 93 1 -0.0498138145 -2.36110759
0 0 0 0 2 -0.36239022 8.45390224
41 45 59 82 3 -3.70739144e-05 -5.8493433
60 66 42 53 1 -4.13654161e-05 -5.31433964
51 53 105 140 2 -0.00221042777 -4.92224503
123 132 143 151 1 -0.000134703776 -5.07121658
61 64 76 81 0 -3.13518831e-05 -2.45068741
59 61 74 76 2 -0.121430859 2.44161797
0 0 0 0 3 -0.00967244711 5.75340605
116 121 48 55 3 -5.82928769e-05 -5.85246801
50 53 84 115 2 -0.000606009329 -3.38951397
86 90 103 110 3 -0.000169392006 -6.10786247
142 149 71 86 2 -0.00573286833 -4.3251214
82 89 131 166 1 -6.29417627e-05 -4.51061392
43 48 83 89 0 -6.69946676e-05 -2.39207292
123 130 199 206 0 -0.00108598289 -1.17091763
105 109 83 90 1 -0.000247098913 -1.77172267
90 90 48 79 3 -0.000492660562 -4.47091722
0 0 0 0 2 -0.00965183042 7.88241768
64 69 53 58 1 -9.65577419e-05 -5.29176044
0 0 0 0 2 -0.0932420269 4.80784893
0 0 0 0 2 -0.00159963151 5.2260704
0 0 0 0 2 -0.551458716 8.50078487
0 0 0 0 0 -0.205689028 13.4229994
78 78 201 236 2 -0.00592032727 -6.68596125
0 0 0 0 2 -0.71258229 10.0308495
131 139 66 101 1 -3.18287639e-05 -5.64032507
61 65 79 87 0 -1.52587627e-05 -3.546175
0 0 0 0 2 -0.00908558536 7.70803976
107 114 80 90 2 -4.72065913e-05 -5.6171155
108 113 88 93 1 -5.73387188e-05 -5.80422115
43 49 64 70 1 -0.536439896 -0.127798781
159 163 47 78 1 -0.0016953859 -1.92739511
0 0 0 0 2 -0.131758481 8.32543945
41 47 61 67 0 -6.10347088e-05 -1.31745851
0 0 0 0 2 -0.792834282 8.14530945
125 129 76 111 3 -9.45317151e-05 -5.30445957
119 120 137 172 2 -5.28093587e-05 -6.90335369
67 71 88 96 1 -0.000149008643 -2.97622061
123 127 70 105 2 -1.84774035e-05 -8.48901939
137 142 51 86 4 -0.000182981894 -4.93908834
0 0 0 0 2 -0.197837353 7.35185289
0 0 0 0 1 -0.00986403506 6.27969122
112 114 97 102 1 -0.000111935224 -4.55798101
48 53 106 109 1 -0.000313983852 -2.26548266
80 83 20 23 3 -3.81467762e-05 -5.81216288
17 24 29 36 1 -0.000406672712 -3.9376924
0 0 0 0 2 -0.0369406529 8.69976902
34 37 85 93 2 -3.08750568e-05 -4.76654053
67 69 87 91 2 -6.62797538e-05 -5.16134405
62 69 45 47 2 -2.26496959e-05 -5.94702053
40 47 58 81 0 -1.75237274e-05 -5.37768888
64 70 40 41 1 -0.000185127836 -4.69723415
51 55 144 148 2 -0.000203961667 -5.8378129
162 162 78 82 2 -0.000152465713 -6.08645773
83 88 99 134 4 -0.000183101263 -2.66030717
98 99 116 124 2 -0.000367967528 -2.55568337
127 128 27 62 2 -1.77621514e-05 -5.69354248
29 34 91 95 1 -0.000193590575 -4.25037146
86 86 19 24 3 -0.00032220647 -3.95587516
0 0 0 0 1 -0.591242969 8.1215086
45 47 110 145 1 -0.000246743206 -4.85347128
0 0 0 0 2 -0.0040752464 7.20022154
122 128 180 186 3 -0.000110743378 -5.85140038
129 135 145 151 0 -3.18287712e-05 -5.5550375
115 118 136 141 3 -0.000158305833 -5.21350718
0 0 0 0 2 -1.34746778 7.44393063
90 92 105 108 2 -3.76699354e-05 -4.23054457
46 49 79 87 2 -0.00014114134 -6.24935532
95 99 42 77 3 -3.09943061e-05 -5.52454519
141 144 84 86 0 -9.90609915e-05 -1.30745184
133 135 91 94 2 -0.000287759729 -1.95148814
35 41 49 84 2 -0.000501086004 -5.9071312
88 92 108 112 4 -0.000101684302 -3.8146894
32 34 48 83 2 -5.54319413e-05 -5.5339694
0 0 0 0 2 -0.00341770053 7.94211721
0 0 0 0 3 -0.00661152415 5.45829296
44 44 77 84 3 -0.000158782961 -5.60712099
129 134 39 74 1 -2.4795434e-05 -6.61829901
117 118 132 155 2 -3.20671679e-05 -8.12591934
60 64 77 92 4 -0.000162121505 -4.2180624
169 173 47 82 4 -6.78295692e-05 -3.44240999
35 37 132 137 2 -2.75371822e-05 -6.91505098
0 0 0 0 3 -0.244015232 9.9556818
46 49 114 121 3 -9.48888046e-05 -4.56423473
50 55 72 83 3 -1.89542297e-05 -4.61166477
107 111 39 74 4 -0.000162240671 -3.10112524
0 0 0 0 1 -0.00100914889 6.48941565
140 146 89 97 0 -5.82927969e-05 -2.83648682
34 34 73 96 2 -7.21208053e-05 -4.65730381
31 35 114 116 2 -5.1617295e-05 -4.81594229
62 67 141 152 1 -0.000564270071 -4.208673
30 38 145 149 1 -0.000132081652 -3.44628406
75 76 96 104 3 -4.25574326e-05 -5.24501371
145 145 56 91 2 -0.000177736962 -6.82591105
137 141 159 174 2 -2.90868666e-05 -7.29142046
118 122 134 141 0 -7.04517734e-05 -2.12511134
0 0 0 0 2 -0.211862907 7.79890776
123 126 47 52 2 -9.7392578e-05 -4.38326883
0 0 0 0 2 -0.00269768899 5.45805264
71 74 54 61 1 -3.64778607e-05 -6.76602697
0 0 0 0 3 -0.432184368 9.57559299
105 107 118 123 2 -7.47435624e-05 -6.06780338
0 0 0 0 1 -0.0101072341 6.88541842
44 49 110 145 3 -7.85580341e-05 -5.60057068
51 52 113 136 3 -0.000523647293 -4.79953337
136 140 48 54 3 -6.24647073e-05 -5.21209621
145 148 75 82 3 -0.000263085123 -4.65420341
0 0 0 0 1 -0.390567631 8.27228642
86 88 98 133 2 -1.58547828e-05 -7.19847727
35 38 44 79 1 -0.000406703854 -2.75913286
0 0 0 0 2 -0.284918308 7.66343498
126 133 145 168 2 -0.00107115984 -0.870520294
75 78 91 97 0 -1.58547937e-05 -3.11632729
223 223 41 46 4 -0.00764867384 -0.0394388214
118 123 50 65 1 -6.09155104e-05 -5.44681311
78 78 55 62 2 -2.02655301e-05 -6.66763544
0 0 0 0 3 -1.15811062 -0.096136339
57 60 117 120 2 -0.000241150381 -4.18757248
103 109 55 90 1 -7.76040106e-05 -4.76679516
122 125 179 186 4 -0.000388472923 -4.1968646
85 91 63 67 2 -0.000434919086 -3.26993704
126 131 154 160 2 -7.51011103e-05 -8.34311008
33 34 91 96 2 -0.000156756316 -3.80163097
0 0 0 0 2 -0.345564723 10.9428892
107 112 65 100 1 -5.24516945e-05 -3.54478812
0 0 0 0 4 -0.219698653 8.96358967
0 0 0 0 2 -0.0029234197 6.64556217
37 40 120 131 2 -0.000788605306 -3.76219249
48 52 92 100 4 -0.000399920595 -3.97631264
66 69 85 120 0 -1.45435033e-05 -4.8739996
87 97 68 74 0 -4.02923652e-05 -3.03992319
101 104 163 166 3 -9.52461778e-05 -4.42820168
116 120 49 60 0 -2.19344256e-05 -3.54784322
75 80 89 97 1 -0.000191683124 -3.98296332
156 160 191 200 2 -0.000381091435 -3.24704385
0 0 0 0 3 -0.559151649 9.77526188
104 110 39 74 1 -6.94978953e-05 -3.60319042
61 65 102 109 4 -0.000121949255 -4.35266256
59 63 128 134 0 -6.42531013e-05 -3.76802135
0 0 0 0 2 -0.379047185 8.16488838
138 139 55 66 3 -0.000115750503 -5.53807259
104 107 125 160 1 -3.67162866e-05 -5.76506901
61 61 27 42 3 -0.000160452269 -4.5353694
32 32 70 93 3 -0.000182266624 -3.91423631
147 152 100 104 1 -2.1696007e-05 -4.37256193
107 110 130 135 3 -0.000120756187 -3.14132047
66 73 110 117 3 -0.00010680961 -5.08903933
44 45 106 109 2 -0.000609564886 -2.80661511
118 120 133 137 1 -6.81870879e-05 -4.99647856
131 134 146 181 3 -0.000155207439 -6.30786419
0 0 0 0 2 -0.00642694393 7.62248993
133 140 34 69 2 -6.52068484e-05 -5.00691986
66 66 83 90 2 -3.26631562e-05 -4.24922752
81 84 92 98 1 -0.000122425714 -5.5218153
0 0 0 0 2 -0.192689374 8.50575352
72 75 89 124 2 -3.07558948e-05 -6.03318357
120 128 43 51 1 -4.88754958e-05 -4.81259775
48 49 63 67 2 -4.80410745e-05 -4.41753244
0 0 0 0 2 -0.00571848685 7.6293726
45 45 172 207 2 -9.89420369e-05 -5.11949921
112 113 82 88 2 -6.12730219e-05 -6.82560635
0 0 0 0 2 -0.0239246301 7.9684453
113 117 129 134 2 -5.1020972e-05 -6.48281622
104 105 41 76 2 -0.00044152388 -1.6985625
69 71 135 137 2 -0.00045761629 -1.9610635
26 29 96 131 4 -0.000364047941 -4.17301893
61 66 105 128 0 -0.00231115753 0.105726756
85 86 66 74 2 -2.02655174e-05 -4.82687044
81 82 112 127 3 -2.65835879e-05 -5.98892784
70 77 115 130 1 -0.000221959082 -5.79988718
79 83 132 138 2 -0.000103352613 -4.97897816
130 134 112 115 1 -6.58030331e-05 -5.04362297
117 121 49 52 4 -6.2107596e-05 -4.56584883
54 57 92 103 2 -0.00211536931 -2.69123173
0 0 0 0 2 -0.305097431 8.94299412
70 74 86 117 1 -5.30476173e-05 -5.30829096
0 0 0 0 2 -0.0208576471 6.57918882
77 77 28 34 3 -0.000358204008 -3.5193851
97 102 114 116 2 -5.1021274e-05 -4.54220104
142 145 96 131 0 -0.000205271703 -1.45953941
152 157 173 208 2 -9.82270867e-05 -5.35821819
0 0 0 0 2 -0.0516031608 4.11315966
57 62 70 76 2 -1.49011357e-05 -5.18391705
83 83 52 61 3 -2.44378389e-05 -5.39895582
82 82 101 136 3 -4.81602037e-05 -5.33567762
0 0 0 0 2 -0.305184782 8.07442093
126 131 48 83 2 -4.81600509e-05 -5.1098094
107 109 50 85 3 -0.000109550849 -7.71891212
53 55 121 123 3 -9.14322009e-05 -5.58231974
143 145 111 117 2 -2.02200937 3.99799061
119 119 50 85 2 -6.50877701e-05 -5.84880066
47 51 55 65 3 -0.00564133609 -4.61997032
0 0 0 0 2 -0.0741742849 9.21362305
47 52 66 68 2 -6.09153612e-05 -6.22944117
94 97 39 46 1 -4.99483722e-05 -3.93211508
111 111 61 96 4 -0.00124373357 -2.57798719
0 0 0 0 3 -0.361094683 6.75669622
48 51 76 82 4 -0.000169988882 -4.32304478
133 133 87 122 3 -9.09556402e-05 -4.55676174
139 140 101 106 3 -0.000248898228 -4.17751932
12 18 23 34 0 -0.000193470987 -1.98102891
46 52 57 60 1 -0.00133335066 -4.59771013
130 132 46 51 2 -0.000206224795 -3.05137444
40 43 60 83 1 -8.5114465e-05 -4.72245502
53 60 133 144 0 -0.000143403522 -2.23781848
0 0 0 0 1 -0.637770116 10.3468809
37 40 93 99 0 -5.75772974e-05 -2.9815414
26 30 46 81 1 -5.68624382e-05 -5.12226582
110 115 129 134 3 -4.11268957e-05 -6.63264942
74 74 59 61 3 -8.38032429e-05 -6.96611214
35 39 75 110 4 -0.000116823452 -4.4674058
64 68 110 145 1 -0.000146147693 -5.24888563
112 113 66 101 3 -4.49416111e-05 -5.42514181
98 101 115 123 1 -2.78948719e-05 -5.96494865
57 57 113 119 3 -0.000221480746 -5.58510971
0 0 0 0 1 -0.011199018 6.29064417
117 124 87 102 0 -5.04251948e-05 -3.18528748
90 94 117 132 2 -1.57355971e-05 -5.62629843
57 62 123 129 1 -3.19479295e-05 -5.67896461
65 65 75 98 3 -5.61471898e-05 -4.98730421
50 51 65 74 4 -0.000112413058 -4.03953218
0 0 0 0 2 -0.376270801 8.69003487
91 92 109 115 3 -5.40013971e-05 -5.47501087
0 0 0 0 1 -0.448330104 7.492733
163 165 120 143 2 -3.03982379e-05 -6.69657755
39 45 75 86 0 -7.16439899e-05 -2.83942819
135 135 88 123 3 -4.93523548e-05 -5.68830824
99 100 28 51 2 -6.44917454e-05 -5.74642086
51 59 68 75 0 -2.36033611e-05 -2.5142684
0 0 0 0 2 -0.00651260745 6.29395008
0 0 0 0 2 -0.011885752 3.17898345
68 70 108 111 1 -0.000375607488 -3.87787819
0 0 0 0 3 -0.0138987685 6.8311944
111 114 55 90 4 -0.000143287209 -3.88511467
30 34 96 102 0 -0.000176423433 -2.90873694
0 0 0 0 3 -0.0245321523 6.95033026
0 0 0 0 2 -0.720654905 7.64397001
122 125 147 154 1 -0.000344376953 -4.30958414
34 34 42 73 3 -0.000720313285 -4.31303501
37 38 52 58 3 -3.83851875e-05 -5.3729372
0 0 0 0 4 -0.0861549005 8.71856785
182 189 57 92 0 -0.00418094918 -1.12779796
0 0 0 0 3 -0.663860798 8.07127285
0 0 0 0 2 -0.123025239 9.48407459
71 75 86 93 1 -0.000187151483 -6.56770706
51 55 118 129 2 -5.48358148e-05 -3.76582289
139 143 113 121 4 -0.000287401432 -3.90223432
113 119 45 54 4 -8.58297426e-05 -4.50423145
88 93 101 108 2 -4.5418481e-05 -3.3514998
34 37 101 107 3 -0.000128146392 -4.63935328
39 46 70 85 1 -3.74314441e-05 -5.52369547
0 0 0 0 2 -0.119777508 7.24264526
30 35 92 127 1 -3.21863845e-05 -5.72203875
0 0 0 0 3 -0.347380489 7.50301456
184 191 41 76 2 -3.05174417e-05 -6.86084604
42 42 56 63 2 -0.000155922418 -3.17909837
106 111 80 89 2 -0.000180597359 -5.83868313
162 162 94 125 2 -0.000254026527 -4.89616728
92 96 57 72 2 -0.000864037895 -4.02719545
80 84 90 94 3 -5.2213305e-05 -5.31804132
100 103 125 127 1 -6.41338556e-05 -3.21654749
84 89 117 122 0 -2.99213461e-05 -3.2836349
50 56 84 115 0 -8.23726878e-05 -2.46640086
95 99 114 120 3 -7.98692272e-05 -4.66112232
43 51 101 136 2 -5.48358657e-05 -5.02391005
62 65 146 154 2 -0.000232329417 -4.09809589
0 0 0 0 0 -0.17427434 9.49933434
133 138 61 69 2 -9.71543486e-05 -5.69250679
0 0 0 0 3 -0.75614208 9.34010983
41 49 60 75 0 -2.47954413e-05 -4.54896355
135 135 105 113 3 -7.33130146e-05 -5.85829115
131 134 150 185 2 -0.000111338835 -6.92080116
134 139 88 92 3 -9.28626687e-05 -6.4067297
70 73 85 91 2 -8.12988583e-05 -5.8411746
0 0 0 0 2 -0.00986596476 6.9591856
87 87 58 73 3 -0.000118849835 -4.28013992
49 54 38 43 4 -9.82273632e-05 -3.59815764
159 164 118 125 2 -0.000124451602 -4.42959356
97 100 42 49 2 -2.61067598e-05 -3.39569402
56 60 71 106 2 -1.00135685e-05 -4.45491171
116 119 92 98 2 -1.84773926e-05 -6.3800292
104 110 63 67 2 -3.40936931e-05 -5.2851243
171 171 55 90 3 -0.000113247079 -4.45776892
0 0 0 0 2 -0.0456896573 9.21732521
0 0 0 0 4 -0.0277549196 6.99778318
231 233 178 213 1 -0.000841518864 -3.51129365
37 37 82 117 3 -0.000121591729 -4.82791948
55 60 96 103 2 -4.08885862e-05 -5.5941391
148 152 99 134 2 -7.74859654e-06 -7.56564808
123 127 201 212 2 -0.00100811571 -4.1585927
0 0 0 0 2 -0.191412002 8.14542198
0 0 0 0 2 -0.362109005 8.07738876
130 133 146 153 3 -0.000129458844 -5.05780554
221 229 146 153 0 -0.000298839266 -2.9855063
49 52 70 77 4 -4.94715132e-05 -3.20059609
17 27 31 38 0 -0.000251753692 -4.70618916
67 74 48 52 3 -0.000102280101 -4.79707241
42 49 57 64 1 -4.67297286e-05 -3.94666147
50 54 72 74 4 -0.000108479057 -3.45475435
0 0 0 0 1 -0.0448937565 9.01131725
147 148 44 55 2 -8.96441197e-05 -5.2572813
106 107 61 96 2 -0.000172491244 -3.19926262
0 0 0 0 2 -0.429144889 8.01511765
0 0 0 0 2 -0.401157379 8.26157856
0 0 0 0 3 -0.015337266 4.84594965
123 127 44 48 4 -0.00019418649 -2.59456944
0 0 0 0 1 -0.00470361253 5.52579594
142 146 115 124 3 -0.000141141354 -6.21076488
40 44 47 70 3 -0.00049181853 -4.62511396
75 77 114 129 2 -0.000123141028 -4.12477255
36 38 46 52 2 -1.01327778e-05 -5.07817936
112 112 41 72 3 -7.02135658e-05 -5.75575399
128 132 53 88 0 -1.8477398e-05 -7.04762554
0 0 0 0 4 -0.00059302547 1.16569662
0 0 0 0 2 -0.219312623 7.87919235
53 64 77 84 0 -0.000196688532 -1.41852903
0 0 0 0 2 -0.00239871838 6.743433
106 106 82 93 2 -0.000234477367 -5.23705053
47 53 102 107 0 -0.000834842504 -0.915415406
51 52 99 103 2 -0.000100492049 -4.26206255
53 61 76 85 3 -0.000272851496 -5.77849722
0 0 0 0 2 -0.425189704 9.70213985
0 0 0 0 0 -0.0808828697 9.15332603
0 0 0 0 2 -1.04283094 8.4625721
120 121 136 145 2 -0.00166655693 -3.50658011
27 31 37 60 3 -0.0021022181 -8.68716812
0 0 0 0 2 -0.384867877 10.3689079
135 139 43 74 2 -0.00730956625 -2.43511438
29 30 40 47 2 -2.21728387e-05 -4.08579302
0 0 0 0 2 -0.0233322456 6.95260286
101 102 173 208 3 -0.00165838154 -5.07231188
116 117 55 90 2 -0.00352893537 0.21457386
99 100 108 119 2 -4.26766783e-05 -6.23665667
0 0 0 0 2 -0.0127563551 8.06966496
98 103 51 82 1 -0.000126478626 -2.96938515
0 0 0 0 3 -0.0597097687 7.30429077
62 62 163 174 2 -0.000137683528 -5.26061773
64 68 99 110 3 -0.00015949746 -5.20879793
62 69 37 48 2 -3.24247812e-05 -5.13957644
111 117 128 163 3 -3.87428081e-05 -5.87365675
99 99 106 114 3 -0.0001150342 -4.82762814
154 160 131 135 2 -0.000187154263 -2.29511428
49 49 112 117 3 -3.52857824e-05 -5.53424311
78 81 46 69 2 -3.43320607e-05 -6.51550865
86 86 92 127 3 -5.29285026e-05 -5.81014824
27 35 83 88 1 -0.000265704264 -3.6742177
0 0 0 0 2 -0.344360262 8.32184315
79 81 22 45 1 -2.50338817e-05 -4.02400446
93 96 109 124 2 -0.00012111463 -4.5807271
110 113 142 145 2 -5.29285971e-05 -3.93677235
88 91 50 52 2 -0.000718015246 -3.94851637
94 96 85 88 2 -4.04117018e-05 -4.82515287
84 86 117 152 2 -0.000301936758 -4.72045803
0 0 0 0 3 -0.165685445 9.0869112
80 85 101 124 4 -0.000972273818 -2.86446118
125 129 45 56 1 -3.34976648e-05 -5.60067558
92 99 68 83 3 -3.64778789e-05 -5.58740664
0 0 0 0 0 -0.119809113 10.5468378
33 35 113 121 2 -0.000350458635 -4.82889128
118 124 91 96 2 -5.10212121e-05 -5.14102411
44 46 115 126 2 -0.000141379511 -4.70808172
12 12 16 24 2 -0.00822105445 -5.9223299
0 0 0 0 2 -0.726100862 8.34715843
155 155 65 100 3 -8.33262966e-05 -4.78664589
109 115 130 145 0 -0.00020419358 -1.2597127
86 94 51 62 2 -4.04115599e-05 -4.54280853
110 113 129 136 3 -0.00118630356 -4.87940598
0 0 0 0 4 -0.0600175746 7.70278358
0 0 0 0 3 -0.119014546 8.56841469
174 182 214 222 1 -0.000392528251 -4.07760811
0 0 0 0 2 -0.504330635 5.21795082
80 82 35 70 2 -3.89812631e-05 -4.30821943
35 37 48 63 1 -0.00175788393 -1.79141414
115 120 131 137 0 -1.77621223e-05 -4.0443821
224 224 101 136 4 -0.00114620605 -4.14120626
22 27 34 69 0 -0.000179517956 -5.78997803
49 53 63 74 1 -3.99349228e-05 -3.78031969
0 0 0 0 1 -0.272529989 8.04182243
157 160 89 120 2 -9.58430828e-05 -5.26588011
157 164 100 135 2 -6.31803923e-05 -6.04598713
0 0 0 0 2 -0.148371354 7.81430054
117 118 141 144 3 -0.00179723254 -4.42092943
132 136 37 72 3 -4.88755395e-05 -5.9844799
0 0 0 0 3 -0.00403182348 4.11891794
57 61 120 123 3 -0.000684317609 -3.57213688
0 0 0 0 3 -0.0078879958 6.74740553
124 131 73 108 0 -7.40278483e-05 -3.71775579
240 241 110 145 2 -0.400531232 -3.91030788
115 118 127 142 2 -0.000808851444 -3.96572518
0 0 0 0 2 -0.245455146 8.81344223
82 85 94 129 2 -3.67162502e-05 -3.94810677
96 97 177 212 2 -0.109796122 -3.9491663
97 103 113 118 1 -2.20536604e-05 -4.54664898
40 46 55 90 2 -0.000116227289 -6.17445326
49 49 64 68 3 -0.000131484572 -4.67197657
50 54 65 72 3 -1.46627135e-05 -6.25610828
116 119 86 88 2 -1.23977479e-05 -5.24676561
151 154 123 127 2 -2.59875233e-05 -6.37731504
83 83 94 98 3 -5.16173022e-05 -5.72370434
67 71 133 139 0 -6.43723033e-05 -2.32054448
0 0 0 0 3 -0.80158484 8.91117668
38 44 48 55 2 -6.78295546e-05 -7.56592226
76 81 48 52 1 -5.12596926e-05 -3.95234728
101 105 54 89 3 -0.0185991302 -3.84680963
0 0 0 0 2 -0.0102226269 8.79933357
110 113 33 68 3 -2.3841787e-05 -5.66047668
0 0 0 0 1 -0.0346104503 9.06377602
168 171 151 153 2 -0.000187391401 -4.67771912
108 116 54 85 1 -0.000392983871 -4.17783546
84 86 105 140 2 -6.21075669e-05 -6.66372108
51 52 101 136 2 -3.62394676e-05 -5.39722586
62 66 94 129 1 -7.02135658e-05 -5.31721878
47 47 52 60 4 -0.00791044533 -3.65061951
0 0 0 0 1 -0.167246372 8.06049824
28 30 47 54 1 -3.2663218e-05 -4.43281507
107 111 164 199 2 -3.45705121e-05 -7.17597532
179 179 58 93 2 -0.000610065821 -4.75198793
109 112 124 129 1 -0.000206225552 -4.08541822
112 115 132 136 1 -0.000484436139 -3.34079742
0 0 0 0 1 -0.125925303 7.68901491
73 73 55 60 3 -0.000125286504 -5.95339441
45 49 62 66 0 -2.20536422e-05 -3.57999563
72 76 27 62 4 -0.00231935084 -2.98221278
0 0 0 0 3 -0.481869876 8.57334328
40 41 49 84 2 -1.83581833e-05 -4.70488644
105 108 120 124 2 -0.000254381303 -1.98951161
121 125 136 144 3 -0.000336272235 -3.85695124
153 161 101 132 1 -0.000298008381 -3.33692527
0 0 0 0 1 -0.785614073 8.68630219
117 124 83 85 0 -0.000131723529 -3.08153296
69 71 49 56 2 -3.34976248e-05 -7.77324629
92 96 106 114 3 -5.99618397e-05 -5.34033442
105 108 125 133 2 -0.000475848938 -3.22762656
49 53 137 172 3 -0.000283945468 -5.64162636
80 83 118 121 0 -4.36302798e-05 -2.72425461
116 119 50 56 2 -2.20536658e-05 -4.1875205
69 73 87 102 3 -8.96441634e-05 -5.71377611
0 0 0 0 4 -0.0298703983 7.68806124
64 67 77 112 4 -8.55914695e-05 -3.09397554
99 103 138 142 0 -4.70873165e-05 -2.57539582
0 0 0 0 2 -0.00590477791 7.47004604
33 37 113 121 3 -0.000164505167 -4.07891321
99 104 110 115 0 -1.97886857e-05 -2.39974499
79 79 59 63 3 -0.000110028501 -4.76276731
0 0 0 0 2 -0.881477475 5.24615335
97 97 131 166 2 -0.000182383432 -7.09809351
105 108 38 45 2 -4.24382451e-05 -4.57194901
82 85 95 130 4 -0.000183696407 -4.53850746
41 42 57 72 2 -1.83581906e-05 -6.24655056
104 111 186 188 2 -7.45044017e-05 -5.40953493
94 98 111 117 2 -5.8769725e-05 -4.5337491
0 0 0 0 2 -0.00132106699 4.8100338
128 132 37 72 3 -0.000310883159 -6.5428443
46 50 69 73 1 -0.000747360406 -1.54366493
106 106 114 145 2 -0.000767970923 -5.07581854
63 65 48 54 2 -5.19749083e-05 -3.91553307
0 0 0 0 2 -0.00192966359 6.12207794
131 131 88 90 4 -0.00222542742 -2.44125414
134 134 54 59 3 -0.00014650551 -6.04215765
0 0 0 0 2 -0.266810149 9.58143806
0 0 0 0 0 -0.126140878 10.3675585
0 0 0 0 2 -0.00331700174 5.54835892
0 0 0 0 3 -0.0398731455 6.20058823
118 119 99 106 3 -4.30342843e-05 -7.35853529
0 0 0 0 2 -0.538594186 9.53280163
0 0 0 0 3 -0.715091109 9.38352585
0 0 0 0 4 -1.07620418 10.2618885
41 41 53 88 4 -0.00107379002 -5.00659323
52 57 129 131 2 -6.03194312e-05 -4.6653409
15 18 23 29 4 -0.106754959 -4.99534082
118 123 34 39 3 -0.000692185014 -4.93019581
146 149 124 130 3 -0.0002161171 -4.59437084
110 112 125 130 2 -4.27958876e-05 -4.51104069
55 58 71 75 3 -8.70216027e-05 -4.0419302
58 60 94 117 3 -4.74450135e-05 -5.60715103
85 88 141 176 0 -0.000126359155 -3.40136814
34 35 52 56 2 -5.29283498e-05 -8.99692726
99 103 20 55 2 -9.22666804e-05 -4.28357124
0 0 0 0 1 -0.0215218384 8.18895817
53 53 112 114 2 -8.69025607e-05 -4.29410458
0 0 0 0 3 -0.0668679625 9.71789742
115 118 127 134 1 -0.0014692609 -1.66443455
125 130 42 57 0 -2.729878e-05 -2.94089508
70 73 152 187 2 -0.000265695242 -6.53036451
98 101 77 85 3 -4.78026523e-05 -4.99971151
59 63 113 120 3 -0.000361425162 -4.50915194
207 211 148 183 4 -0.00232646032 -3.33174729
47 50 130 165 1 -0.000115988485 -4.79263258
111 111 125 128 3 -5.42397756e-05 -4.99713612
134 134 108 123 3 -0.000108359789 -5.179739
104 110 121 136 2 -1.40666734e-05 -8.34874058
70 70 77 92 3 -0.000143883139 -5.76327181
69 74 54 58 1 -3.08750896e-05 -3.97387385
48 50 84 88 2 -1.21593293e-05 -5.88684273
83 83 38 42 3 -0.000238052904 -5.08533192
88 88 102 110 3 -5.19747227e-05 -5.73316145
0 0 0 0 3 -0.677527249 9.51756573
40 41 98 109 2 -5.34050014e-05 -5.78998327
69 76 135 142 2 -4.73257896e-05 -5.12818766
107 113 128 129 1 -0.000171060616 -5.51957703
94 102 74 81 3 -3.80275778e-05 -5.50630808
66 66 104 139 3 -9.44125131e-05 -4.8457303
0 0 0 0 2 -0.305265576 8.11457634
68 72 90 113 3 -3.82660073e-05 -5.32290745
105 105 116 131 3 -0.000127432548 -4.66842127
58 67 108 115 1 -0.000421739183 -3.28521204
208 214 81 116 2 -9.05973138e-05 -6.57082415
54 54 61 65 2 -0.000170346117 -4.74380541
135 139 53 68 3 -0.000200743511 -5.12206841
94 98 52 87 3 -0.000109790053 -5.64509201
51 57 94 105 1 -0.000307070208 -4.76870489
65 71 115 150 1 -5.80545493e-05 -5.12126732
45 47 60 68 2 -2.05039523e-05 -5.44485569
130 131 59 94 3 -0.000641103485 -5.75129938
130 134 50 54 0 -1.75237019e-05 -5.88832378
118 119 134 139 3 -6.15114841e-05 -6.97270918
111 111 120 125 4 -0.000280721259 -4.32651758
129 137 160 169 2 -7.54583525e-05 -6.07736731
107 107 121 136 3 -3.89811867e-05 -6.83885431
53 56 187 189 2 -9.73926071e-05 -5.12180424
0 0 0 0 2 -0.00221626624 6.25424528
212 212 49 84 3 -0.000302065106 -4.39227009
35 37 59 94 3 -3.48089525e-05 -6.10127354
202 208 64 99 2 -9.79878459e-05 -8.23220539
0 0 0 0 1 -0.00328945462 5.92445517
82 85 94 129 1 -5.7339319e-05 -3.51720285
75 82 137 172 0 -2.65835915e-05 -3.87714601
0 0 0 0 3 -0.193121806 6.66260242
0 0 0 0 3 -1.53070903 7.27718115
85 89 29 64 3 -5.49551187e-05 -5.26105261
71 75 88 123 1 -5.65048067e-05 -2.66380429
93 98 44 51 1 -0.000400521967 -1.92192328
77 78 88 119 3 -0.00152147387 -3.07223797
57 58 75 98 2 -9.53659182e-05 -5.0952282
0 0 0 0 2 -0.00532268034 7.53331614
108 108 130 145 3 -0.000634608557 -4.50248098
49 54 114 121 1 -9.29818489e-05 -5.42034054
0 0 0 0 4 -0.663978517 9.02700043
103 108 46 69 1 -2.25304757e-05 -7.14813042
0 0 0 0 3 -0.0055946894 3.6350615
16 21 25 60 2 -0.000216351851 -8.74435234
93 97 109 124 3 -0.000138518852 -6.07396555
63 67 103 138 2 -8.14192099e-05 -8.03464985
93 94 113 116 3 -9.42930565e-05 -4.6332469
131 137 88 119 1 -0.000103471641 -3.77328777
72 81 133 140 0 -9.66775333e-05 -3.84488177
55 66 135 139 0 -6.15114986e-05 -3.38335085
94 97 162 167 0 -0.0014390609 0.068602629
35 35 103 138 2 -5.18557026e-05 -6.70856285
16 18 39 43 3 -0.00019299463 -5.72573137
44 48 58 93 3 -5.68624237e-05 -5.0590415
105 109 33 37 2 -9.00016894e-05 -3.85605955
67 71 87 93 1 -0.000701823737 -3.73036337
131 135 153 160 1 -0.000172729604 -3.64568067
134 140 44 79 0 -1.07288197e-05 -5.63512182
46 48 123 134 2 -8.23725568e-05 -4.38624191
120 120 89 93 3 -0.00585172186 -1.96550918
91 96 105 110 1 -0.000102399143 -4.59615898
104 106 45 80 1 -2.15768159e-05 -5.52592564
144 150 118 125 2 -0.000114200637 -3.94727302
58 65 32 36 1 -0.000171656226 -5.91048574
74 77 58 63 2 -1.47819283e-05 -6.70266008
88 89 109 116 2 -0.00215691258 -5.90087175
103 107 137 140 2 -0.000549515593 -1.28609812
12 12 17 22 4 -0.00033925203 -4.16276884
12 19 23 38 0 -0.000382742001 -4.61474371
93 96 105 116 4 -9.1670925e-05 -4.45346594
43 46 56 63 3 -2.03847339e-05 -5.24709558
68 68 81 116 3 -0.000155205838 -6.02184343
85 85 37 52 4 -0.0001115782 -3.2229526
121 124 81 104 2 -7.39090901e-05 -4.1390028
48 52 73 88 4 -0.000441885728 -3.35053778
107 107 61 66 3 -0.000547948061 -5.03005075
130 130 111 115 2 -0.000240437716 -3.67990422
58 64 106 117 2 -9.05989509e-06 -6.89851665
92 96 70 78 1 -5.6743047e-05 -5.03761673
38 38 56 61 4 -0.000157710863 -4.57614088
43 47 67 78 3 -0.000191441301 -5.16545343
53 56 66 97 3 -3.02790431e-05 -5.49670935
55 57 66 74 2 -0.000146623381 -5.40155077
37 40 44 67 1 -0.00346380565 -1.77475333
54 57 36 44 1 -7.30745523e-05 -5.26504087
41 41 45 51 2 -0.0527860969 -6.12520742
92 92 33 68 2 -3.12326702e-05 -4.29796457
41 50 92 127 0 -3.95772222e-05 -3.62870646
101 104 112 117 2 -4.81601019e-05 -3.98018456
81 85 93 128 3 -0.000132677582 -4.9034152
91 94 113 121 0 -1.52587527e-05 -2.61088228
106 106 45 47 3 -0.000112651112 -5.47748995
37 37 55 57 3 -0.000653797528 -5.52412558
56 57 74 109 3 -5.94848789e-05 -4.47898769
50 53 65 72 2 -3.62394603e-05 -4.85955811
95 96 36 71 2 -1.15632856e-05 -4.47862005
106 112 75 90 2 -0.000109909 -3.93912005
58 59 90 125 3 -0.000154610869 -4.68319607
104 108 87 94 0 -2.3126453e-05 -3.34175467
90 90 114 120 3 -0.000103114478 -4.63850641
59 60 75 77 3 -5.88889015e-05 -4.8420639
94 94 150 173 3 -0.000427575578 -4.25696945
37 37 107 138 3 -0.00233179005 -4.42128897
4 5 8 43 3 -0.00101288653 -3.91179109
151 152 47 78 3 -0.000419950578 -4.77780724
123 123 105 108 2 -0.000153061352 -3.87014127
41 41 63 78 3 -8.88098948e-05 -5.36723328
26 29 33 48 2 -0.000637710094 -6.7738843
117 118 57 68 3 -8.94059776e-05 -4.981534
123 123 86 97 2 -0.00012063772 -4.42427969
69 71 111 112 2 -5.20939066e-05 -4.55898237
35 35 77 112 2 -6.44916508e-05 -5.74544144
83 84 56 63 2 -6.54453033e-05 -3.30261517
68 70 102 109 2 -7.4504911e-05 -3.81578469
112 117 42 77 1 -7.1405535e-05 -5.75458622
57 57 77 112 3 -4.73257896e-05 -6.58764935
67 67 115 150 3 -9.21475657e-05 -5.76200151
23 29 74 105 1 -0.000143045792 -4.11842918
175 175 123 129 2 -0.00108856556 -2.81764674
123 123 57 92 3 -2.32457023e-05 -5.31944942
134 134 96 111 3 -6.67566346e-05 -4.65263891
113 118 48 79 1 -0.000339607795 -3.85630941
99 101 57 92 2 -0.000934553856 -3.98606086
86 88 53 64 2 -1.41858636e-05 -5.82139587
17 19 40 46 2 -0.000467216509 -6.20432281
49 53 66 97 1 -0.000165458245 -4.71111345
25 25 37 40 2 -7.9273319e-05 -4.41923618
131 133 148 154 2 -5.12594124e-05 -5.3484726
82 82 43 66 2 -6.96176867e-05 -4.80741024
0 0 0 0 3 -0.00645046448 4.47048855
0 0 0 0 3 -0.0312342513 7.37785435
0 0 0 0 3 -0.000595651974 1.04021585
0 0 0 0 3 -0.00610221503 6.57612658
0 0 0 0 2 -0.171850905 7.90723848
0 0 0 0 3 -0.0162282679 9.499156
0 0 0 0 2 -0.0108149843 8.6481905
0 0 0 0 2 -0.17766577 10.0641212
0 0 0 0 3 -0.0112826182 6.32551289
0 0 0 0 1 -0.135100648 8.84414482
0 0 0 0 2 -0.771790624 10.3804274
0 0 0 0 3 -0.565491974 8.84583759
0 0 0 0 2 -0.0082445126 8.61168385
0 0 0 0 0 -0.136116818 10.3978138
0 0 0 0 3 -0.603930473 9.12714958
0 0 0 0 3 -0.091716595 8.27219677
0 0 0 0 2 -0.00643455051 6.67248821
0 0 0 0 2 -0.0158297196 9.4282198
107 107 120 121 2 -0.000623002532 -5.1503334
126 130 102 110 1 -6.54452379e-05 -3.24693608
69 74 50 57 0 -2.99214189e-05 -2.21290088
18 18 22 57 2 -0.111314327 -2.56006575
172 178 81 116 1 -0.00034768699 -3.70686412
92 96 42 77 3 -5.74583246e-05 -4.9042263
108 112 51 59 1 -3.45705448e-05 -4.61485004
129 134 60 95 1 -7.56971422e-05 -4.92193031
130 133 105 120 2 -0.00038466914 -4.34373093
96 96 110 114 3 -9.59615718e-05 -5.25782776
119 122 133 139 0 -4.55377012e-05 -3.87855721
141 142 38 40 2 -5.55511651e-05 -2.76857662
74 75 92 127 2 -2.36033775e-05 -7.48112679
35 39 49 53 0 -2.34841391e-05 -3.49746776
98 105 72 83 0 -4.55375448e-05 -2.70999622
53 58 72 103 3 -0.00030492447 -3.25742745
47 47 69 92 3 -0.000269640121 -5.01031923
132 136 92 123 1 -1.74045126e-05 -4.69626474
131 131 144 155 3 -0.000596941507 -4.21044922
63 71 225 229 0 -0.000128861822 -3.99023628
94 102 40 43 1 -5.09020974e-05 -5.04465437
86 90 35 66 3 -4.62529242e-05 -4.78852034
43 47 57 64 4 -0.000274648919 -3.57148194
56 60 82 117 1 -0.000175470777 -3.16844702
0 0 0 0 2 -0.188662603 8.02180767
150 153 58 93 4 -0.000221244802 -1.60015917
43 47 78 101 4 -6.341876e-05 -4.24373579
40 40 52 75 4 -0.000175233872 -3.75394249
40 44 121 128 4 -0.000403023965 -2.31049943
0 0 0 0 3 -0.613539696 9.37123871
0 0 0 0 1 -0.0037527699 3.72728038
16 20 35 70 1 -4.45839105e-05 -5.01126337
67 74 88 123 0 -1.40666689e-05 -3.98512149
0 0 0 0 1 -0.169660658 8.26056099
0 0 0 0 3 -0.0403512418 7.79496336
179 182 130 145 2 -0.000124571859 -4.30205107
100 104 47 55 1 -1.23977443e-05 -5.90376186
131 134 66 101 1 -3.34976467e-05 -5.77792025
46 53 34 40 0 -3.21863845e-05 -2.23073769
109 113 175 182 0 -4.8517868e-05 -4.14984608
48 50 54 59 2 -1.30376577 0.856749415
101 105 47 49 2 -0.000341755338 -1.96542788
62 65 108 111 2 -2.32457514e-05 -5.41214752
176 181 30 38 0 -2.56299045e-05 -4.70369244
155 159 30 65 3 -3.09942843e-05 -6.02227449
0 0 0 0 3 -0.0143956924 6.47108698
80 84 169 175 2 -0.000161167569 -4.42595768
56 60 48 50 1 -6.48492642e-05 -5.1826849
0 0 0 0 1 -0.0246845912 8.2331686
10 12 22 25 2 -0.0162369125 1.72341549
96 96 83 85 2 -6.74717012e-05 -4.1641531
25 32 71 75 1 -9.32203257e-05 -3.21439528
129 130 117 120 1 -5.41206246e-05 -5.60599947
70 70 127 131 2 -0.000162478827 -4.48520184
116 122 85 88 2 -4.87563011e-05 -5.9569478
0 0 0 0 3 -0.0248743389 7.72395945
60 65 48 53 3 -1.96694909e-05 -6.53021622
147 151 30 65 3 -0.000122306592 -4.60680532
77 85 35 70 1 -6.49685098e-05 -3.75270319
120 122 140 175 2 -0.000308380695 -6.38575697
47 47 84 91 2 -0.000249138451 -3.93923926
61 70 80 88 0 -0.00024746501 -2.15451741
145 146 36 44 3 -9.95383234e-05 -4.42659521
98 103 46 81 3 -9.98961186e-05 -4.35378981
93 96 113 148 3 -0.000223271476 -4.25427628
47 51 30 36 2 -1.99079077e-05 -4.90992165
73 76 89 124 2 -5.49550969e-05 -4.70771122
0 0 0 0 4 -0.000538256951 2.4294889
101 105 43 58 3 -0.000131128181 -4.70558548
48 54 61 66 3 -4.52992717e-05 -4.85927343
93 96 109 132 4 -7.47434824e-05 -3.48803997
107 111 123 154 1 -6.79486548e-05 -4.73839331
155 155 109 144 4 -0.000763089338 -3.88075709
0 0 0 0 2 -0.0108666737 8.11341
108 109 48 50 4 -0.00050970912 -3.29861665
68 68 88 96 4 -0.000798493391 -3.80124187
112 113 62 97 3 -0.000169750376 -4.72212601
49 52 67 74 2 -4.79217852e-05 -4.35507917
139 141 87 95 2 -0.000805294607 -3.70381594
152 152 71 94 3 -0.000152584689 -5.70564079
121 121 158 189 3 -0.00155778567 -4.07117605
79 89 119 125 0 -3.40935549e-05 -2.59908366
117 117 41 43 3 -0.000396704418 -3.71786904
71 76 107 142 3 -1.31129991e-05 -7.13612652
108 113 126 130 1 -0.000152465611 -3.66118383
54 59 21 36 1 -7.49817918e-05 -4.47159815
184 189 144 146 0 -4.14845781e-05 -3.08698821
112 117 149 156 1 -0.000209800986 -4.80204105
105 106 49 55 2 -3.21863663e-05 -4.53941965
87 87 45 68 2 -0.00055546558 -3.88783169
45 51 58 93 1 -0.000113126662 -4.91370249
0 0 0 0 3 -0.284960389 7.81798267
0 0 0 0 2 -0.354544371 7.73949766
0 0 0 0 2 -0.422435045 9.61245728
42 47 59 62 3 -1.56163824e-05 -5.58048058
49 54 75 82 3 -6.55646436e-05 -5.38369656
0 0 0 0 4 -0.00124719064 -3.03582716
118 129 84 95 0 -2.12191753e-05 -6.04302502
31 37 150 185 3 -0.0018037759 -4.64494801
104 109 42 47 4 -0.000133392969 -4.38723326
0 0 0 0 2 -0.00488771405 6.80193281
0 0 0 0 1 -0.00209935266 5.22587347
79 85 52 59 2 -4.51800515e-05 -4.27654457
151 151 73 76 2 -0.00023018528 -4.06255579
64 65 107 113 2 -0.0242937636 2.1007576
92 95 106 141 3 -2.92061377e-05 -6.9943018
93 93 44 51 3 -0.000239480156 -4.81763887
100 104 196 231 2 -0.00303685106 -3.04734278
0 0 0 0 2 -0.523050487 9.10216236
72 72 87 92 4 -0.00382316438 -0.00684849918
96 102 47 82 1 -4.4345521e-05 -4.06388569
101 102 68 73 3 -3.94580711e-05 -5.04169416
33 37 42 50 4 -8.71404918e-05 -5.05135393
119 124 137 168 3 -6.62798047e-05 -5.35587692
26 32 91 106 2 -2.9325287e-05 -6.54182529
26 32 115 123 1 -0.000160330746 -4.55217695
0 0 0 0 3 -0.295289278 9.19598484
119 123 132 137 4 -0.000168435712 -4.48996639
111 112 71 106 3 -0.541069329 -8.16486454
94 97 124 159 3 -7.879638e-05 -5.79607058
0 0 0 0 0 -0.0863793418 9.89433956
100 102 65 69 2 -5.84120207e-05 -5.23924541
0 0 0 0 3 -0.664685607 8.87818718
116 118 140 163 3 -0.00130984501 -4.47477531
33 35 40 49 2 -0.00021671546 -4.89234209
42 42 71 106 2 -0.000793966872 -1.80425632
0 0 0 0 1 -0.75018388 8.01607513
121 126 49 80 3 -0.00171904801 -4.23139811
172 175 190 225 1 -0.00159055716 -3.31302881
138 148 121 126 1 -8.24908493e-05 -5.84706211
54 54 82 88 4 -0.000180120973 -4.21439362
52 56 78 113 2 -0.000236620806 -7.37950563
59 67 39 46 2 -0.000495878514 -1.81235075
115 115 133 168 2 -7.54585708e-05 -7.77252293
57 64 11 19 0 -9.85846054e-05 -1.36491024
114 117 124 131 0 -0.000209436359 -1.86089516
109 111 44 79 2 -0.000122425248 -3.83835578
49 49 59 65 2 -7.85578595e-05 -3.8556776
66 69 83 90 1 -0.000117895768 -5.14808941
161 166 55 90 4 -0.000168557861 -3.87743139
119 122 96 100 1 -8.48760974e-05 -3.46103191
68 76 97 132 4 -0.000185127545 -4.35130548
42 44 31 36 1 -8.15380336e-05 -4.81187439
149 149 46 54 2 -0.000354749354 -5.93540192
99 99 108 115 4 -3.85043932e-05 -4.92584705
47 50 69 76 1 -6.78295328e-05 -4.49883699
80 83 118 126 0 -3.12327065e-05 -1.28246284
92 94 107 122 2 -1.28745796e-05 -7.68722582
138 138 65 80 2 -0.000104545114 -6.95004892
77 84 93 128 2 -5.07827426e-05 -6.77915573
89 95 107 113 0 -4.91138999e-05 -2.44006205
167 167 149 151 2 -7.92732098e-05 -4.69038343
71 76 46 52 0 -1.84773871e-05 -2.94358611
21 25 51 58 4 -0.000595992897 -3.07577991
102 103 118 129 2 -1.53779674e-05 -7.24679327
81 85 64 70 2 -2.72988418e-05 -3.07813692
51 52 68 71 4 -0.000191919651 -4.4953661
0 0 0 0 3 -0.00707964459 6.47936106
131 131 150 159 2 -0.000439735362 -5.51040363
0 0 0 0 2 -0.00408990774 6.64722824
0 0 0 0 2 -0.271719903 7.94157076
135 136 81 87 3 -0.000103948943 -4.78748226
77 77 26 34 2 -0.00038085389 -4.50007439
133 137 35 70 3 -6.79487202e-05 -4.73197412
0 0 0 0 2 -0.00253905775 4.88837337
0 0 0 0 2 -0.104087003 8.72788143
29 34 98 105 0 -3.50473929e-05 -3.5202899
31 37 47 62 0 -5.61470697e-05 -1.82199192
143 147 160 164 4 -0.000469775521 -3.54898834
62 65 84 91 2 -0.000104783656 -3.25601554
48 54 58 60 2 -0.000390743488 -5.24701977
78 81 61 68 0 -4.33917812e-05 -3.02792072
207 210 180 187 2 -3.80275596e-05 -6.34917116
58 64 113 148 2 -4.43456229e-05 -5.66043615
60 67 39 46 2 -9.52471164e-05 -3.82256222
52 56 76 85 0 -0.599880099 5.88027859
57 59 135 144 2 -0.000234354622 -4.91247129
8 13 19 54 4 -0.00052002829 -3.54630113
41 41 123 158 3 -0.000249374629 -5.42931652
207 208 157 192 2 -8.10614074e-05 -7.58776951
0 0 0 0 2 -0.0969929099 10.2020493
115 117 144 152 2 -0.0017467984 -5.28591824
60 65 94 100 1 -3.96965152e-05 -5.52441883
97 99 57 63 3 -5.519353e-05 -5.74782896
0 0 0 0 2 -0.00168213551 3.96785927
123 126 43 78 2 -4.83985423e-05 -3.82136226
122 126 151 156 2 -5.30474827e-05 -8.10523891
29 37 45 80 2 -0.000793230662 -4.47735691
0 0 0 0 2 -0.153443575 7.43036842
51 55 104 111 4 -7.97502071e-05 -3.35898757
111 112 123 158 2 -7.68892351e-05 -6.5178442
0 0 0 0 3 -0.00704329368 6.19141102
0 0 0 0 1 -0.032534413 9.10224915
66 66 129 160 3 -0.000329955423 -3.92193294
11 19 31 33 2 -0.000506004842 -2.18343019
111 114 73 75 2 -8.34456878e-05 -4.02757168
13 17 30 34 3 -0.0558273941 0.466321975
51 56 106 108 3 -6.62797684e-05 -5.74802542
0 0 0 0 3 -0.0053790547 6.58755493
117 122 164 167 2 -8.0942169e-05 -4.35930967
115 116 37 44 3 -0.000236503445 -5.17544031
71 77 90 98 0 -5.30476755e-05 -4.42988348
0 0 0 0 3 -0.754232585 8.12271595
149 149 95 126 3 -0.000255218241 -4.38061476
50 54 71 78 3 -0.000128147571 -3.00841761
139 142 53 68 3 -0.000108240361 -6.17998552
64 68 116 151 1 -0.000114676528 -4.47127628
0 0 0 0 1 -0.210264981 6.9875226
173 173 79 110 3 -5.99618252e-05 -4.06432486
111 118 64 99 0 -1.15632829e-05 -4.74630117
126 127 51 58 4 -0.000270357326 -3.82553554
122 130 102 107 2 -0.000266180432 -3.79129243
150 156 74 109 1 -6.75910051e-05 -4.38034678
108 112 96 100 4 -4.52992899e-05 -3.48226619
120 123 57 64 4 -0.00010657098 -4.74449682
0 0 0 0 2 -0.0125092193 9.07904911
0 0 0 0 3 -0.77056551 8.73263931
0 0 0 0 4 -0.0660026893 6.50695086
30 33 53 88 1 -0.000320176594 -4.43515444
40 41 54 77 2 -3.25440196e-05 -4.14083052
87 90 102 108 2 -3.74314623e-05 -5.43657827
62 63 43 45 2 -3.26632071e-05 -4.83349371
18 21 37 42 2 -0.000221601586 -3.28681946
42 45 77 112 2 -1.03711909e-05 -4.16929722
0 0 0 0 1 -0.0316160992 8.28368282
114 119 129 133 1 -0.000142690507 -4.9324832
110 112 140 145 2 -0.00030134496 -2.22953534
63 63 124 131 2 -9.41738908e-05 -5.39744425
60 60 99 134 3 -2.31265331e-05 -6.74769402
81 87 61 68 0 -2.86100767e-05 -0.580574632
58 62 209 217 2 -5.62660825e-05 -6.46419334
0 0 0 0 3 -0.219758958 8.64966583
79 87 132 139 1 -0.00345443678 -2.37575579
50 51 80 87 4 -0.00147701264 -3.9198792
129 133 61 63 2 -0.00017821425 0.141051739
54 58 92 94 2 -3.29016257e-05 -3.61001229
0 0 0 0 3 -0.0894057825 8.38519573
0 0 0 0 2 -0.621699691 8.00104618
158 158 81 89 2 -0.000105975589 -3.88496184
30 31 59 94 2 -0.000288953102 -3.0714097
107 109 47 62 2 -0.000112053087 -7.9490819
0 0 0 0 2 -0.0360567383 8.59522724
74 78 29 64 4 -6.02002619e-05 -2.06430864
0 0 0 0 1 -0.166753545 9.12150192
116 117 64 72 2 -0.0146608111 -1.62104285
0 0 0 0 0 -0.61266005 12.1606102
0 0 0 0 2 -0.0675180629 10.2674932
211 218 134 169 1 -8.07038596e-05 -5.12504482
126 133 51 82 2 -0.000596593833 -4.65693331
94 94 118 126 2 -8.21342474e-05 -5.96132183
129 131 178 183 2 -0.00080256816 -6.0314889
88 89 95 102 2 -0.000629112124 -4.13189411
0 0 0 0 2 -0.586133242 8.81230164
37 44 73 75 0 -0.000125643055 -1.53871024
32 36 62 64 4 -0.199184865 -0.228391171
69 73 128 143 2 -7.7008488e-05 -6.73165655
23 24 37 72 2 -0.00018941742 -3.09740782
71 74 93 97 2 -4.08885462e-05 -4.75863361
0 0 0 0 2 -0.0103324708 6.51023054
52 58 82 117 0 -2.09807768e-05 -2.95048976
114 118 92 98 3 -0.000139233627 -4.44300604
40 40 52 58 3 -0.000112650894 -3.65158939
136 138 157 161 2 -4.54183755e-05 -4.68779755
128 132 39 46 3 -8.47568663e-05 -5.76439333
35 39 84 88 2 -0.000604685396 -2.35974431
108 113 44 51 1 -0.000103471531 -5.36769247
111 115 81 88 3 -6.17499536e-05 -4.80340242
65 69 29 35 2 -4.62529315e-05 -4.7649312
61 63 124 129 2 -0.000752474531 -2.77571702
176 179 35 43 2 -0.000152703753 -5.1300621
128 129 109 112 4 -0.000416962546 -5.80665302
0 0 0 0 3 -0.0649206042 8.76410961
58 65 75 110 0 -1.43050893e-05 -4.42886543
150 155 70 105 1 -0.000122068537 -2.36082506
44 47 68 70 2 -2.40801983e-05 -5.51911116
0 0 0 0 2 -0.104673274 8.03260612
111 111 61 96 2 -2.4676232e-05 -6.6438756
156 162 72 79 1 -4.36303671e-05 -5.07858753
67 71 116 151 4 -0.000240311652 -4.26188469
197 200 138 173 2 -5.06636243e-05 -6.61401129
0 0 0 0 2 -0.315584123 10.1433973
0 0 0 0 2 -0.180088967 9.00605011
33 33 104 106 3 -0.000143524929 -4.94440842
90 96 55 58 1 -3.50473747e-05 -5.03533649
123 126 107 110 0 -4.21998411e-05 -2.36598825
61 62 100 106 2 -0.000309807598 -3.82069826
52 57 115 146 1 -0.000118253593 -3.24105453
55 61 94 98 0 -0.000208720317 -3.19411683
0 0 0 0 2 -0.557875097 10.3903313
77 80 88 92 0 -1.52587545e-05 -3.98873711
187 191 81 83 0 -0.000148054794 -2.31939387
0 0 0 0 2 -0.00829417631 4.28904724
79 80 96 99 2 -0.000158068287 -4.48502493
96 97 104 108 3 -2.455703e-05 -5.30922556
185 186 62 67 3 -8.26108735e-05 -5.5712471
45 48 63 71 1 -0.00100253953 -3.00089335
0 0 0 0 3 -0.400615245 8.11258316
58 66 85 89 0 -0.000132201138 -2.95213223
0 0 0 0 3 -0.00574029237 5.41325951
0 0 0 0 2 -0.0280100666 8.19058895
0 0 0 0 2 -0.00650103996 8.92699814
121 121 48 83 3 -0.000808593177 -3.49268317
148 149 82 88 1 -0.000165814534 -6.85104227
141 141 52 54 2 -0.000196928668 -4.36541939
48 50 76 82 2 -7.65316508e-05 -6.09504938
65 66 79 102 2 -4.93523185e-05 -4.67595196
167 167 138 145 2 -0.000206821715 -5.1308856
0 0 0 0 3 -0.678074956 8.21972847
76 79 92 100 0 -1.57355862e-05 -2.25801826
102 105 114 145 0 -0.000108359425 -4.93991756
0 0 0 0 2 -0.00504618371 7.56656218
50 53 62 85 1 -0.000127909414 -5.26719904
62 69 45 49 0 -0.000243296789 -0.3897551
92 93 107 112 2 -5.60275948e-05 -6.20689917
42 43 119 154 2 -8.97631762e-05 -4.80358315
30 35 51 59 0 -0.000107166721 -4.42399263
137 137 88 123 2 -8.66641931e-05 -4.61937666
94 95 185 200 3 -5.88889015e-05 -6.47582436
70 77 89 124 2 -2.89677591e-05 -5.54983044
86 87 44 67 3 -3.48089598e-05 -4.99860954
165 167 146 148 2 -6.17497572e-05 -6.26340628
33 33 17 24 3 -0.000141498196 -4.22441816
36 38 72 75 2 -3.64778753e-05 -6.57704449
65 70 140 175 3 -4.87562902e-05 -5.89307928
109 113 86 93 3 -0.000157709117 -4.58897686
65 73 83 85 1 -5.519353e-05 -7.43516827
62 62 131 166 2 -0.000110862944 -6.23732042
154 157 35 70 4 -0.00105783576 -4.2651906
145 150 115 138 2 -0.000132558198 -3.81304479
0 0 0 0 3 -0.0462638326 9.19751072
134 141 99 114 3 -0.000164147525 -4.99217749
116 122 66 101 1 -3.64778898e-05 -4.9252243
0 0 0 0 2 -0.25895232 6.63884783
99 103 122 133 3 -7.86770397e-05 -4.29989147
49 49 65 100 3 -0.000158068608 -4.48472834
110 112 40 43 2 -3.32592026e-05 -4.36813641
157 162 124 147 1 -5.99617997e-05 -3.63224745
68 72 156 164 2 -0.00130860892 -4.29856014
37 42 68 91 1 -5.9127331e-05 -4.23302221
0 0 0 0 4 -0.0072736349 6.71671724
77 85 49 53 0 -3.74313568e-05 -3.92855835
87 95 112 119 1 -0.000186675796 -3.85214996
139 144 39 74 3 -9.52469491e-05 -4.8936348
129 132 149 154 2 -0.000445574813 -4.70090723
93 104 34 69 0 -4.39879477e-05 -3.26167989
106 111 51 86 2 -0.000502907089 -5.78721952
0 0 0 0 3 -0.549002588 9.37902069
160 160 175 182 3 -0.000517662265 -4.21201181
68 69 51 56 4 -0.000106094849 -4.51821089
102 106 47 58 1 -9.10749368e-05 -3.24294186
0 0 0 0 2 -0.658650577 7.89872646
0 0 0 0 2 -0.69894582 10.1780643
87 87 103 138 2 -6.58030622e-05 -6.27196074
0 0 0 0 2 -0.307141334 7.39894104
118 121 104 111 2 -2.50338653e-05 -5.20522594
0 0 0 0 2 -0.256913781 7.32186842
134 138 51 59 3 -2.09807804e-05 -6.2063427
65 70 41 48 3 -0.00158718042 -3.12512684
83 87 145 148 2 -0.00607408956 -3.03538942
127 127 143 150 3 -0.00303371996 -4.20881033
0 0 0 0 3 -0.00826668926 5.94194174
48 53 58 64 4 -0.000257240608 -3.11267233
30 30 41 45 4 -0.00032148778 -4.38627958
0 0 0 0 1 -0.00148108613 0.973216534
0 0 0 0 3 -0.631012738 9.0992136
52 62 154 189 0 -0.000265347917 -2.77851057
41 45 57 62 2 -1.40666652e-05 -6.75671768
100 100 119 126 2 -0.000209438964 -2.95791721
105 108 21 28 1 -5.44782779e-05 -6.00786638
39 44 76 81 0 -3.67162502e-05 -3.2481699
60 67 83 88 0 -4.24382852e-05 -2.00298262
38 38 97 104 2 -0.000278820167 -3.66098976
0 0 0 0 2 -0.00151798408 4.62965679
76 80 50 61 2 -2.3007331e-05 -5.22414064
15 18 112 127 1 -0.000217312307 -6.04940081
91 95 105 116 2 -8.58305884e-06 -8.86761475
47 50 67 74 3 -0.000143287005 -5.53116226
152 158 93 116 0 -0.000180121744 -3.48698902
35 35 70 105 3 -7.62931886e-05 -5.63010216
77 77 40 47 2 -0.000346884102 -5.2082839
93 93 142 177 3 -0.000250808545 -4.3432169
100 105 120 127 4 -0.000150200736 -1.43455815
43 51 64 99 1 -7.35514768e-05 -6.38388777
52 56 67 82 2 -0.00122058112 -1.31133616
64 67 85 120 2 -1.64508529e-05 -6.88889313
85 89 70 74 1 -3.40937077e-05 -3.85252857
52 55 74 78 1 -0.000432576722 -2.70115685
98 100 116 123 2 -0.000144239835 -2.70304942
86 90 34 42 3 -3.32592535e-05 -4.9186573
41 42 96 127 2 -3.18287639e-05 -5.6476531
53 58 67 69 1 -0.000141021912 -2.17338562
93 95 41 76 2 -3.70738853e-05 -4.23604727
130 131 51 86 3 -4.80410999e-05 -6.85224676
41 43 128 163 2 -0.000331863732 -5.509758
158 158 107 142 4 -0.00040135489 -4.71869135
40 40 74 89 3 -0.000148530133 -4.82066011
116 120 171 206 3 -0.0010793691 -5.25639915
0 0 0 0 2 -0.00334824901 7.22258854
138 144 91 96 2 -2.74180475e-05 -6.45635462
56 62 76 91 2 -4.38686257e-05 -4.21286154
0 0 0 0 4 -0.00148648419 3.80626941
46 50 64 99 3 -1.34706188e-05 -6.92605734
84 91 40 75 0 -1.54971749e-05 -4.45252895
75 79 90 125 3 -4.00541212e-05 -5.59563351
52 60 110 145 3 -0.000948551518 -4.64964151
66 70 82 89 2 -1.2755374e-05 -4.0412879
18 22 27 62 4 -0.000207894569 -4.61454535
110 115 48 52 2 -2.1099997e-05 -4.70298004
161 165 76 111 4 -0.000403706479 -3.21673608
94 95 46 81 3 -7.06902283e-05 -5.12198305
42 43 53 84 4 -0.000753560162 -3.08458257
0 0 0 0 2 -0.265897453 10.9317341
85 85 61 68 2 -2.41994112e-05 -5.54146862
90 90 100 103 2 -6.18689082e-05 -5.53934431
165 168 111 134 2 -8.02269351e-05 -4.74065733
143 143 45 80 2 -0.000176425878 -3.10378838
77 78 31 66 2 -6.07962465e-05 -5.62738848
18 20 42 77 1 -0.000129100532 -3.6586349
23 25 81 88 1 -0.000141498429 -4.78052092
139 139 95 106 3 -0.000128266838 -4.24812269
90 97 160 164 0 -3.58817633e-05 -3.95541453
72 75 54 56 3 -7.22402183e-05 -4.74791813
113 113 66 73 2 -0.000214690081 -3.05221105
92 100 38 42 0 -7.04514314e-05 -2.42300534
50 50 60 95 3 -5.35244653e-05 -5.48928881
40 41 69 104 4 -0.000195498724 -4.03873587
117 123 63 94 3 -0.000172253756 -4.47359085
102 106 42 65 3 -4.87562756e-05 -6.47063541
63 67 41 45 4 -0.000263320602 -3.8977921
96 97 127 132 3 -3.70739217e-05 -5.95372152
138 138 77 112 4 -0.00106986461 -2.4870739
80 85 65 70 4 -0.000184651202 -3.59883714
117 121 106 107 1 -7.00943347e-05 -6.45898581
0 0 0 0 2 -0.00468860194 7.15056705
0 0 0 0 3 -0.464672387 7.03485966
103 108 46 52 2 -0.000228755205 -5.61261654
125 129 112 114 1 -0.000130054803 -4.36106014
145 153 86 91 3 -0.000540098874 -5.11632442
98 102 52 57 2 -2.72988182e-05 -3.25338411
135 142 41 76 0 -3.17093873e-05 -4.04477835
111 112 124 131 3 -0.0150155257 -0.727076411
0 0 0 0 1 -0.0902467966 6.93246222
84 84 99 106 3 -3.9100396e-05 -5.44796705
72 76 47 51 4 -0.000110863184 -3.58944941
0 0 0 0 3 -1.00409472 8.10380745
20 26 30 37 2 -0.000352483126 -9.27300644
0 0 0 0 2 -0.00394448126 7.10410213
64 64 84 119 3 -2.19344292e-05 -5.95780754
159 163 68 103 4 -0.000430917193 -3.06839538
46 46 72 74 3 -0.000184292672 -4.70463896
53 60 91 126 1 -0.00027893245 -5.54552269
46 46 152 187 3 -0.000147578306 -5.69581366
0 0 0 0 2 -0.107569315 9.9692955
46 49 74 109 3 -8.64257672e-05 -5.15029001
43 46 64 67 0 -1.53779674e-05 -3.37837124
88 88 105 110 2 -0.000219812297 -2.48454785
215 219 37 72 3 -0.00433008 -2.98687077
0 0 0 0 2 -0.0376034454 6.98271275
0 0 0 0 2 -0.00251234765 6.23331785
101 103 8 15 1 -4.45840233e-05 -4.65542126
116 120 136 167 2 -0.137618259 2.62394261
0 0 0 0 2 -0.376829714 7.53609085
156 160 101 136 4 -0.000674659386 -2.88584375
55 60 97 120 1 -3.86235843e-05 -5.19310617
55 58 38 40 2 -2.50338817e-05 -5.76161814
129 133 79 114 3 -0.000102160862 -6.55171919
39 46 140 148 0 -0.000172609143 -2.11265397
102 106 125 129 3 -7.58161259e-05 -6.299613
85 85 94 125 2 -0.000497428642 -3.27808237
110 113 122 131 3 -0.00131356204 -3.14144683
40 44 63 98 4 -0.000277149898 -4.60900974
104 104 49 52 3 -0.000138161238 -4.99032831
91 91 127 162 3 -0.000160331663 -5.85295725
39 39 94 96 2 -4.64913755e-05 -4.38609028
78 84 136 147 0 -0.000178210234 -3.08655977
35 39 52 59 2 -9.22660911e-05 -4.48617315
122 122 46 54 3 -0.000449274259 -4.28643274
0 0 0 0 3 -0.403153569 9.02493095
44 44 54 89 3 -5.32860358e-05 -5.24897385
0 0 0 0 4 -0.0305420049 5.85036325
123 123 93 108 2 -0.000103591374 -5.31560278
143 149 124 129 1 -3.76699354e-05 -5.70555115
94 95 36 47 3 -1.3947465e-05 -6.28888512
69 72 30 32 1 -6.84253027e-05 -7.53242254
117 120 133 144 2 -1.46626953e-05 -6.32894087
50 52 135 158 3 -0.000261774636 -4.68772268
63 64 27 31 1 -0.709274828 2.0665462
65 65 87 92 3 -0.000563570648 -5.02424908
0 0 0 0 2 -0.144432008 9.59424877
55 58 123 158 3 -0.000444147212 -5.05568266
55 58 100 131 2 -2.67027935e-05 -6.02582884
89 92 71 78 0 -7.4385709e-05 -1.82187569
197 200 169 176 1 -0.000227681798 -4.01569796
0 0 0 0 1 -0.0413988382 7.87041044
103 107 74 79 3 -6.59222787e-05 -5.11013126
17 21 120 155 3 -0.00235592294 -3.21559715
0 0 0 0 3 -0.00277137803 5.16598749
122 125 82 105 2 -0.000510773039 -2.00824857
0 0 0 0 3 -0.0932892859 7.62513065
33 35 78 93 1 -0.00338160247 -1.27681983
45 45 104 112 2 -0.000272381061 -3.48091984
107 109 139 145 2 -6.36566183e-05 -4.8829999
43 51 122 157 0 -8.15380336e-05 -3.7112813
141 144 127 130 2 -5.1021183e-05 -4.13965607
114 114 193 228 2 -0.00162902498 -4.68551016
65 69 108 139 4 -0.00691260677 -3.36480284
67 73 85 90 0 -5.50741061e-05 -1.10230303
53 57 70 76 2 -4.98292211e-05 -6.57669687
128 132 78 113 3 -4.79218688e-05 -5.40491486
121 121 37 72 3 -0.000358801335 -3.33775425
50 51 99 134 3 -0.000260344503 -4.83840418
58 58 38 46 2 -6.02002547e-05 -4.44463682
0 0 0 0 2 -0.0423126444 9.05107498
150 156 62 85 1 -0.000136372269 -5.46285677
118 122 49 56 2 -2.25304993e-05 -5.75420237
22 25 32 67 2 -3.61202619e-05 -7.98462009
77 79 87 88 2 -9.75120201e-05 -4.00773859
0 0 0 0 3 -0.443579674 9.13652802
143 147 36 71 2 -4.35111433e-05 -5.49325991
120 121 47 82 4 -0.000253073435 -0.266148448
0 0 0 0 2 -0.00366003369 7.235075
136 139 88 93 2 -0.000154013687 -6.24499035
0 0 0 0 3 -0.022196494 7.53783607
58 58 103 105 3 -0.000263076712 -3.81929016
135 139 36 59 3 -0.000509792764 -4.22253752
91 96 51 58 1 -3.5166493e-05 -4.49453497
131 136 110 116 1 -4.38686984e-05 -5.75077915
44 50 83 87 1 -0.000164741708 -3.18030667
43 49 90 125 3 -2.52722839e-05 -5.96793461
0 0 0 0 2 -0.0014938945 5.05173254
180 184 78 113 3 -0.000101803351 -5.6806531
40 44 49 56 3 -0.000257351319 -4.35203838
76 78 39 62 3 -8.0465441e-05 -7.33164644
125 129 74 82 3 -3.86236134e-05 -5.35548306
156 163 86 97 2 -0.000138757125 -4.72763968
46 49 94 129 3 -0.000395866926 -4.37609911
0 0 0 0 2 -0.0606797785 7.22597551
185 189 163 170 3 -0.000563105044 -5.12917376
103 107 45 80 3 -0.000218145738 -5.4826169
99 103 145 149 1 -0.000148768973 -2.66147184
0 0 0 0 2 -0.00324082188 4.57672644
58 63 111 119 3 -4.68489161e-05 -5.03150797
0 0 0 0 2 -0.0106760915 6.37834978
84 84 67 69 3 -8.12995131e-05 -4.67297411
0 0 0 0 2 -0.714003563 8.81895924
55 60 71 86 2 -2.96829894e-05 -6.25426102
39 47 51 63 0 -0.000148291103 -4.49955654
27 31 40 44 3 -0.00218015513 -3.74083567
189 191 50 56 1 -2.57491138e-05 -5.45584393
0 0 0 0 4 -0.00838044845 6.63897276
41 45 59 66 3 -4.49416038e-05 -5.29401827
103 106 85 96 1 -2.51530746e-05 -4.99656963
147 149 61 96 2 -0.00136907795 -6.35179615
129 138 149 154 1 -0.000388714194 -4.03962517
125 132 60 62 0 -4.52990134e-05 -3.26263857
59 60 73 81 2 -0.0120003875 0.26354
0 0 0 0 3 -0.0430295281 5.85498428
127 131 78 87 3 -6.81868769e-05 -5.85410023
97 100 50 65 2 -0.000185127516 -3.8681345
75 79 92 98 3 -0.000489917467 -6.0947814
211 214 148 163 2 -0.000205391552 -5.86941385
58 64 82 117 1 -2.31265385e-05 -5.16716385
135 138 68 72 0 -7.73660649e-05 -2.23169541
92 96 189 197 0 -0.000141258948 -3.69332027
41 44 115 126 1 -0.00534212915 -0.918771148
54 56 69 84 3 -5.10212703e-05 -6.60186625
0 0 0 0 2 -0.0251894686 8.10734272
52 58 107 115 1 -0.00040648022 -5.50396442
0 0 0 0 2 -0.0438238867 9.22028255
0 0 0 0 2 -0.00288974494 3.24256492
68 71 52 54 1 -1.97886857e-05 -5.48770666
132 134 193 228 2 -0.00607880577 -2.22943306
163 166 184 219 2 -0.0025744806 -4.64895105
0 0 0 0 2 -0.553103328 9.07376862
91 97 43 78 1 -5.01868453e-05 -3.76930022
152 160 109 113 0 -4.4941371e-05 -4.38059664
0 0 0 0 2 -0.00528711313 6.30216742
65 70 102 110 2 -6.7948713e-05 -5.34399176
97 103 40 42 1 -3.69547051e-05 -5.97512722
51 54 60 68 1 -0.56584543 -1.45683825
61 66 82 89 1 -0.00078873965 -2.42110085
0 0 0 0 2 -0.0843987316 8.24137592
41 45 59 64 0 -6.81870588e-05 -0.247595578
0 0 0 0 2 -0.453754216 8.89974308
43 46 61 96 3 -3.76699754e-05 -4.90020704
121 121 138 173 2 -0.000419813063 -5.65299892
99 100 78 82 1 -0.00014054554 -3.28654003
130 135 77 112 2 -2.37225759e-05 -9.78118515
46 50 82 117 4 -0.000191799161 -4.49086666
0 0 0 0 2 -0.223445609 7.0982461
112 115 143 148 1 -0.000131009176 -5.33329058
145 147 108 114 1 -0.00084901182 -3.14432788
69 75 37 40 1 -8.12998987e-05 -3.37819195
114 118 84 92 3 -5.93657387e-05 -6.24966669
17 23 28 31 1 -5.80540982e-05 -3.40901923
0 0 0 0 2 -0.0241503548 8.48968124
35 38 81 88 2 -3.83851875e-05 -6.37264919
50 52 88 92 2 -3.85044004e-05 -3.15359521
64 68 45 49 2 -2.15768177e-05 -5.41482496
93 100 37 60 0 -8.22543007e-06 -5.59290934
70 72 43 47 1 -8.89289804e-05 -5.63741875
52 57 69 75 2 -6.80679004e-05 -7.26464367
86 87 57 64 2 -4.66104902e-05 -6.46111965
77 82 93 128 4 -0.000163670062 -3.52191639
98 101 118 127 2 -0.000267011783 -3.09925652
154 157 27 62 2 -3.09943061e-05 -5.03780937
109 115 43 50 1 -1.74045163e-05 -6.09276009
91 91 102 109 3 -0.000327566871 -4.53593826
0 0 0 0 1 -0.485478073 8.42905807
133 137 57 92 1 -7.10480381e-05 -4.48908424
0 0 0 0 2 -0.0114253266 5.17697191
67 75 166 172 3 -0.000207298945 -5.76608944
128 131 141 145 0 -2.68220101e-05 -4.44969177
0 0 0 0 3 -0.173370928 8.78391838
0 0 0 0 4 -0.460014582 8.1258831
122 125 108 115 2 -1.75237255e-05 -5.66604662
46 49 66 70 2 -0.000219577385 -4.8234539
57 61 74 109 3 -2.70604323e-05 -5.61961126
43 50 141 146 0 -2.93252979e-05 -2.63038993
109 112 39 45 2 -0.000165101592 -3.17462707
35 39 47 82 2 -0.00115683116 -1.09785151
99 103 119 121 4 -6.34187745e-05 -4.58267736
129 137 25 60 2 -2.02655356e-05 -7.28465891
0 0 0 0 2 -0.00636718562 8.39511776
0 0 0 0 3 -0.00527152931 5.93181419
84 84 45 52 3 -0.000304329471 -4.91622114
80 83 33 68 1 -1.80005663e-05 -4.74311352
0 0 0 0 2 -0.0374397002 7.67689753
52 57 149 160 4 -0.000922877167 -3.90164137
132 135 76 111 4 -6.24651948e-05 -3.35506916
60 60 30 36 2 -1.25169527e-05 -5.01163006
0 0 0 0 3 -0.59587127 9.78511715
118 121 101 106 3 -4.79218506e-05 -6.5187273
0 0 0 0 2 -0.277021766 8.63722515
103 107 40 75 4 -0.000216596993 -2.59969497
0 0 0 0 1 -0.00205786014 8.59932899
109 117 85 89 0 -4.3272692e-05 -2.65485144
34 35 74 81 2 -0.00013518089 -4.34735489
70 70 78 85 2 -3.1590338e-05 -3.84843254
90 94 108 131 1 -5.78159525e-05 -5.60784054
39 45 30 33 1 -4.48224819e-05 -4.6679635
66 66 98 102 3 -0.000145551676 -5.42633247
137 140 49 84 2 -3.85043895e-05 -7.52055645
126 132 150 173 2 -4.0650084e-05 -5.83422184
61 65 97 98 0 -2.84908911e-05 -2.37983298
111 116 58 67 1 -5.1140436e-05 -3.46319461
81 83 105 109 2 -0.000129816341 -6.07692766
0 0 0 0 2 -0.002065307 4.32403851
22 27 61 66 1 -8.86905909e-05 -6.04655361
0 0 0 0 3 -0.97062403 8.5438633
109 113 124 128 2 -8.95250196e-05 -5.92333317
0 0 0 0 1 -0.0149700306 7.02684832
44 47 108 143 3 -4.91138417e-05 -5.62105751
63 63 103 118 3 -0.00037942268 -4.58663321
132 136 43 49 3 -4.93523112e-05 -4.60504293
48 52 86 101 3 -6.30611903e-05 -5.06025457
0 0 0 0 1 -0.265809864 8.56689548
84 86 96 131 2 -2.6345142e-05 -7.10914803
36 42 48 83 1 -0.000231253769 -3.59657693
0 0 0 0 2 -0.20669432 7.39097595
129 135 47 58 2 -0.000116703835 -3.74358535
87 90 50 56 0 -6.71132439e-05 -3.36576748
144 144 41 49 4 -0.00103889825 -2.75333476
90 92 49 56 1 -6.81867896e-05 -5.17811203
58 59 176 183 2 -1.74044981e-05 -6.72222567
0 0 0 0 3 -0.00187034172 5.47515011
77 78 135 143 2 -0.000772741972 -3.5600071
126 127 56 91 1 -4.19614335e-05 -4.00398779
57 61 74 76 4 -0.000102757142 -4.18841982
111 115 40 45 2 -3.52857314e-05 -5.5158639
110 113 58 65 2 -2.72988491e-05 -7.42107916
21 22 35 41 2 -0.00012218667 -3.59868741
0 0 0 0 2 -0.303416789 11.7404213
83 86 41 76 1 -7.54585635e-05 -2.93418312
0 0 0 0 4 -0.334602475 8.08788204
0 0 0 0 2 -0.00246389164 6.31561947
101 103 120 143 2 -0.000480025366 -4.51076126
74 78 92 97 4 -0.00152146397 -3.88872623
65 69 140 175 0 -0.000114557624 -4.35375977
51 59 74 78 0 -3.61201819e-05 -2.15772939
155 159 133 138 3 -0.000202292998 -4.41906977
158 162 87 102 0 -5.25706891e-05 -4.21065664
68 69 78 85 1 -0.000524485426 -3.65333629
167 172 190 196 2 -0.000617668673 -4.01434946
0 0 0 0 3 -0.680454493 9.96791267
125 130 77 112 1 -0.000108359716 -3.34689975
127 132 51 82 4 -0.000542719383 -3.75324368
122 126 104 107 0 -3.81467216e-05 -4.54174376
0 0 0 0 2 -0.555143654 7.03312492
110 111 51 82 3 -0.000470005878 -5.22722578
107 113 131 166 1 -2.75372367e-05 -6.00893497
61 63 109 140 3 -0.00230052462 -5.26343298
94 94 26 49 3 -4.55377231e-05 -4.73948431
165 170 187 194 1 -0.00010633198 -3.76172495
115 120 140 146 3 -0.000123378442 -2.94937658
70 75 106 108 3 -0.000140663687 -5.08655882
37 37 117 119 2 -0.000611008145 -2.57197833
167 169 115 117 1 -4.57760834e-05 -5.48446369
118 122 134 169 3 -0.000177736947 -5.43879604
0 0 0 0 2 -0.00910700485 7.09578848
35 41 53 88 2 -1.77621514e-05 -6.82407665
58 58 93 116 2 -3.87426808e-05 -4.97862148
0 0 0 0 2 -0.305762231 8.85759735
0 0 0 0 2 -0.164662972 9.2262125
114 115 41 76 2 -0.000967503176 -2.24921513
70 78 46 49 1 -4.49416875e-05 -3.94479489
0 0 0 0 2 -0.0585955679 4.76044607
0 0 0 0 2 -0.00999058131 8.45184612
100 103 121 156 2 -2.92061086e-05 -6.70824432
40 40 69 73 2 -0.000104783154 -5.98623037
0 0 0 0 2 -0.0579314865 8.57802296
128 129 96 98 2 -1.59740157e-05 -5.78845501
107 110 62 97 2 -0.00028036724 -1.43013513
49 51 80 86 2 -3.38552491e-05 -4.95492029
65 69 15 50 4 -0.000127671025 -4.0659008
62 67 104 135 0 -0.00991731882 0.774356544
125 128 112 114 2 -0.000154730224 -3.81226468
120 120 89 100 3 -5.78160907e-05 -5.53267193
116 122 88 99 1 -0.000235788393 -4.3951726
54 57 77 85 2 -3.6001009e-05 -4.81987953
83 87 66 68 1 -0.000222557021 -3.76904821
68 72 50 52 4 -0.000114677496 -4.84320164
56 56 90 101 2 -0.000728160376 -4.50907803
0 0 0 0 3 -0.0257203877 7.26831055
51 57 104 135 1 -0.000161644028 -4.14812279
0 0 0 0 2 -0.00704885274 7.21403599
38 38 62 64 3 -0.00106499135 -2.78037
66 72 51 55 2 -0.000119803488 -4.01994705
127 130 81 116 0 -7.18825977e-05 -1.71171761
78 83 175 210 2 -4.14846072e-05 -7.14993525
102 106 122 126 2 -0.00035271456 -3.03694439
85 88 69 73 2 -2.12191953e-05 -4.6704998
156 156 62 67 3 -0.000157948554 -4.99409914
53 53 72 107 3 -5.53127284e-05 -5.57666969
58 63 106 114 3 -4.23190941e-05 -5.18791294
97 101 27 62 2 -2.57490847e-05 -6.64808512
218 218 45 80 3 -0.00010371067 -6.37951517
69 69 47 51 3 -0.00019227984 -4.40945482
0 0 0 0 2 -0.21877037 9.23396969
41 42 64 99 2 -9.91806592e-05 -5.26406765
40 44 54 57 3 -0.018216094 -5.87245703
0 0 0 0 2 -0.0251389723 9.02523708
47 51 65 68 2 -3.40936931e-05 -3.95361471
108 110 39 46 1 -1.69276827e-05 -5.15739727
107 109 57 92 4 -0.00029717767 -4.06310606
0 0 0 0 3 -0.289570332 7.30761337
85 88 101 109 4 -0.000203127158 -4.33476257
90 91 44 79 3 -8.54716054e-05 -4.51299095
60 61 148 157 3 -8.82137829e-05 -6.25531721
0 0 0 0 2 -0.187672466 8.14651203
47 55 60 66 1 -0.000189775601 -4.14535332
80 80 61 63 2 -0.000373579329 -3.7268703
47 50 67 90 1 -6.02001492e-05 -4.8144412
140 147 47 78 0 -0.00233777217 -0.690133035
0 0 0 0 1 -0.423753649 9.47445965
97 101 79 86 0 -2.94445199e-05 -2.94476509
128 133 76 111 1 -8.42800146e-05 -5.90927982
113 116 130 137 3 -2.55107079e-05 -5.87648106
99 102 134 142 3 -0.00132071646 -4.17864656
111 114 32 67 4 -3.46897577e-05 -3.73538899
49 51 65 100 1 -9.52469854e-05 -6.10293627
50 52 88 123 3 -2.63451711e-05 -5.26860714
108 112 126 130 1 -3.06366601e-05 -5.19948244
37 37 104 111 3 -8.153823e-05 -5.88338184
0 0 0 0 1 -0.0399357341 7.90650034
86 93 102 125 0 -8.40417706e-05 -3.42573881
129 132 78 109 2 -9.31013492e-05 -5.5622406
151 156 173 178 1 -0.000135774055 -4.56767797
115 117 51 62 3 -4.08885935e-05 -6.16538954
57 57 71 78 4 -0.00020372335 -4.11076212
129 131 179 214 2 -0.000105497566 -7.59158039
34 34 97 104 3 -9.4412273e-05 -5.36764002
0 0 0 0 1 -0.267693788 7.99059629
53 55 143 150 2 -4.49416111e-05 -5.90040398
95 105 116 123 0 -0.000123617676 -1.7139014
148 149 101 136 3 -0.000112412476 -6.0918231
61 63 77 108 2 -0.000189299288 -7.78494549
44 48 57 60 0 -7.4265954e-05 -2.14830399
0 0 0 0 2 -0.00511679798 7.03734064
0 0 0 0 2 -0.00125136226 2.90316415
177 182 67 72 1 -0.00551720709 -2.79320264
0 0 0 0 3 -0.0126951598 6.73270845
93 97 113 148 4 -0.000402310427 -3.97714734
91 99 77 84 0 -1.53779729e-05 -4.56298637
0 0 0 0 3 -0.0175413974 5.83655024
0 0 0 0 2 -0.641356587 7.43429422
113 118 140 163 1 -0.000190252918 -5.23701859
34 34 42 49 3 -7.92733044e-05 -5.4260211
0 0 0 0 3 -0.000760146126 2.65132189
0 0 0 0 4 -0.0838608816 8.28453922
97 100 150 185 0 -0.000438772637 -2.47361422
0 0 0 0 2 -0.593852282 7.84451294
0 0 0 0 2 -0.152232766 8.76104832
77 82 93 97 1 -0.000232924693 -5.7863307
49 55 78 85 2 -6.21075014e-05 -3.97386837
113 116 129 133 4 -0.000114200928 -4.50764608
79 85 110 121 4 -0.000628708862 -5.22926044
99 105 40 45 2 -4.57761234e-05 -4.06077766
70 75 49 51 3 -2.70604141e-05 -4.85676527
142 148 38 53 1 -8.20151181e-05 -3.48221588
0 0 0 0 2 -0.409659594 9.25683117
58 67 101 136 1 -8.60682048e-05 -4.85241508
0 0 0 0 3 -0.133619532 8.77927017
76 84 98 133 2 -2.26497086e-05 -6.06175947
42 42 56 64 2 -9.60813049e-05 -3.80963254
68 72 45 51 2 -4.93523257e-05 -5.11884212
103 103 35 66 2 -2.08615711e-05 -7.06164122
135 137 108 115 2 -0.000334366312 -3.12805915
83 86 92 94 3 -5.50743425e-05 -5.40622568
109 112 41 47 1 -8.1657483e-05 -3.10322404
86 92 121 125 0 -4.01731995e-05 -2.587744
153 163 94 125 0 -0.000338537939 -4.11998844
143 146 106 113 3 -9.03596811e-05 -5.70097113
66 74 101 136 2 -4.23190359e-05 -5.38160086
128 135 148 151 2 -0.000120280318 -4.50005484
0 0 0 0 0 -0.129061833 10.246851
62 68 85 89 2 -9.69155517e-05 -4.86355543
0 0 0 0 3 -0.258752882 9.16910172
35 40 77 100 0 -7.28362647e-05 -4.41730595
114 114 40 42 3 -7.47434315e-05 -5.15327215
133 135 151 186 2 -9.0359099e-05 -5.75141525
74 78 200 205 3 -4.0054103e-05 -6.25406742
37 41 20 25 2 -4.58952891e-05 -4.79971266
0 0 0 0 2 -0.0110892272 8.67104244
61 61 112 127 3 -0.000265827868 -4.94248533
116 120 41 49 4 -7.20017997e-05 -4.07622433
61 67 85 90 2 -0.000206700875 -4.99895382
65 68 129 144 2 -0.000433297391 -4.60332537
58 60 71 106 2 -1.12056587e-05 -4.94796562
68 71 142 149 2 -0.000970109249 -1.65480995
119 121 165 169 2 -0.000746143283 -4.61507559
74 74 94 129 3 -0.000190371633 -3.63954926
0 0 0 0 2 -0.0259425696 8.13223839
0 0 0 0 4 -0.0439894795 7.27576447
219 221 86 121 1 -0.00014078345 -3.58262038
49 49 84 119 3 -0.000851501129 -4.3609581
62 70 106 108 2 -5.96042082e-05 -5.53580093
95 96 111 146 2 -1.97886566e-05 -8.11461258
145 145 95 126 2 -0.0700683221 -2.51920605
0 0 0 0 4 -0.0859825239 8.92567921
0 0 0 0 2 -0.907423973 11.6594505
118 122 135 141 3 -7.6769873e-05 -4.87495804
219 225 59 67 0 -0.00181254593 -2.00908494
52 56 74 78 4 -3.83852093e-05 -3.10833168
17 24 28 32 0 -8.66637129e-05 -6.3014822
98 105 47 53 3 -0.000126240717 -5.3702426
30 37 97 105 1 -0.000146384176 -3.98357987
188 192 170 172 4 -0.000738186529 -4.26884413
0 0 0 0 1 -0.0626907274 9.21414185
151 153 161 184 2 -0.000230065547 -5.97847176
158 160 73 108 2 -0.000308144168 -3.40642667
0 0 0 0 2 -0.22556448 7.81782103
0 0 0 0 2 -0.470170557 8.16173267
0 0 0 0 3 -0.00701620942 4.47569656
107 111 123 130 4 -7.53394852e-05 -4.00563049
0 0 0 0 1 -0.00614495529 5.85559559
183 187 123 131 3 -0.00145943125 -4.14972401
43 47 50 81 3 -0.0290330164 -3.26647091
107 110 137 152 2 -0.000248897588 -4.16862726
107 110 45 51 2 -1.70468957e-05 -4.31193686
38 40 85 92 3 -0.000217191438 -4.89319754
41 49 63 98 0 -1.47819228e-05 -6.69407988
0 0 0 0 4 -0.000265350362 1.58749771
0 0 0 0 2 -0.354714125 8.17886448
50 56 69 76 0 -0.000304088986 -1.94162881
0 0 0 0 2 -0.0104018589 6.87333441
77 77 93 124 2 -0.000930546783 -3.80967021
47 55 74 81 0 -3.24247885e-05 -1.60807681
107 107 33 39 2 -0.000445937039 -4.65817261
87 92 107 113 3 -0.000316471589 -5.07654858
0 0 0 0 2 -0.275847852 9.03435516
0 0 0 0 0 -0.136232227 8.45188332
0 0 0 0 2 -0.443581581 8.3811388
124 127 142 149 2 -0.0034469883 -3.19259214
30 34 40 63 3 -0.000265827053 -8.30816078
0 0 0 0 1 -0.508538008 10.1139927
112 113 73 80 2 -0.00199362193 -3.81367087
27 31 41 45 2 -2.45570263e-05 -4.27393866
0 0 0 0 2 -0.019501105 5.97591782
109 109 136 171 3 -0.0004738149 -5.96092081
56 59 85 120 2 -8.77367856e-05 -4.36786795
80 83 91 114 2 -8.23727314e-05 -6.82245779
0 0 0 0 2 -0.0081541324 7.26480818
144 150 97 128 1 -0.000624346314 -2.9326334
0 0 0 0 3 -0.0158523545 6.3270421
196 200 217 248 2 -0.0360505059 -3.0599916
35 39 66 97 3 -2.57491138e-05 -6.00712013
137 140 156 187 2 -0.000296340499 -2.54473639
45 51 79 114 3 -5.20941467e-05 -5.5941925
105 105 112 117 3 -9.918047e-05 -5.05482244
86 91 63 67 2 -3.24247449e-05 -3.39573717
126 126 45 52 3 -3.73123403e-05 -5.82331276
102 104 61 72 2 -0.000163908684 -4.53627777
80 80 86 121 3 -5.26901204e-05 -5.77701712
43 45 93 99 1 -0.000267017633 -4.69195414
0 0 0 0 2 -0.310958683 7.79309607
25 26 61 72 1 -0.000217550376 -3.05152273
90 90 103 126 2 -0.000179525116 -5.94269943
60 64 93 99 2 -4.73257169e-05 -4.51178217
90 93 108 111 2 -0.000190849387 -3.04409695
99 99 89 93 2 -8.73791068e-05 -3.07493353
53 56 88 123 2 -6.37763442e-05 -4.97458267
0 0 0 0 3 -1.09134948 9.19420528
84 87 103 114 4 -0.000638311263 -3.29776788
91 96 123 154 1 -0.000542831491 -1.45576799
118 123 71 94 3 -0.000206582932 -5.92934561
0 0 0 0 0 -0.0405134633 10.5458021
29 32 109 114 2 -0.000616973848 -2.89170527
104 109 90 94 2 -5.23325252e-05 -5.04123735
114 118 126 157 2 -0.000205391116 -5.41537476
8 13 17 23 2 -0.101479866 -5.32796621
105 105 116 122 3 -4.06501713e-05 -5.2979846
53 54 73 108 3 -1.95502798e-05 -5.7777276
110 116 131 154 0 -0.000550386205 -4.51053143
111 114 43 66 2 -3.39743929e-05 -6.23136711
89 93 52 63 3 -8.57106861e-05 -6.43856001
0 0 0 0 4 -0.0495859161 7.55474901
97 101 77 82 3 -0.00017725864 -5.12301922
116 124 156 163 1 -0.000200145703 -5.1480751
0 0 0 0 3 -0.537092984 4.94412184
111 111 19 54 2 -0.000223270021 -5.90261126
0 0 0 0 2 -0.590504766 9.75753689
139 144 178 184 0 -1.81197738e-05 -3.00846124
47 47 189 224 4 -0.00425783778 -3.56523299
22 26 33 68 0 -5.99617379e-05 -6.33135366
103 111 43 66 1 -0.000869389041 -4.40387678
0 0 0 0 1 -0.934569418 7.9753871
138 140 107 118 2 -2.4318615e-05 -5.32856846
0 0 0 0 3 -0.0293068867 5.91230202
0 0 0 0 2 -0.0879228115 8.2343998
64 64 192 199 3 -0.000700266508 -5.56456423
92 96 37 72 3 -8.91666277e-05 -4.37167692
0 0 0 0 3 -0.00270557497 4.48828793
59 63 122 130 3 -0.000164624376 -5.18303251
0 0 0 0 3 -0.00984751247 6.44098425
63 71 91 126 0 -0.000106212989 -3.87978745
165 166 184 219 2 -2.77756662e-05 -7.11064816
114 115 124 155 2 -0.00269088219 -3.55889106
0 0 0 0 1 -0.00379936839 5.67933321
0 0 0 0 2 -0.0585596636 7.87041712
162 163 69 104 2 -0.00564887747 -5.37681484
108 114 124 129 1 -3.14710451e-05 -5.180933
40 45 54 89 2 -4.64912737e-05 -7.85241461
78 78 63 66 3 -0.000205867313 -4.04528809
107 110 39 50 3 -1.04904038e-05 -6.08175135
103 107 43 46 2 -1.7642933e-05 -6.08440924
67 70 103 107 2 -2.61067562e-05 -6.91275167
84 84 95 100 3 -6.47301495e-05 -5.75750685
117 121 67 74 0 -0.000143402343 -3.28863621
0 0 0 0 3 -0.823181629 9.72494888
40 47 51 56 2 -0.000193829226 -6.28108168
96 100 68 72 1 -8.02269933e-05 -3.63260365
100 104 53 88 3 -0.00254114717 -4.62978125
0 0 0 0 2 -0.00964157749 7.82010841
64 68 81 116 3 -4.66105666e-05 -5.22875357
0 0 0 0 1 -0.00657803658 7.32546139
89 94 70 74 2 -7.27166698e-05 -5.28436375
127 131 73 104 1 -0.000308859802 -3.02296782
193 198 52 87 2 -0.00438283989 -6.4327383
56 56 158 193 2 -0.000780256058 -4.14401531
71 74 89 124 1 -9.63188722e-05 -5.43641615
43 43 48 54 4 -0.00551436516 -3.66271806
0 0 0 0 1 -0.0765128955 9.61723423
76 80 42 46 1 -6.4968568e-05 -3.37032318
105 108 164 199 2 -0.000110624504 -5.66512442
28 30 94 129 2 -0.000280608045 -3.34216166
114 116 128 131 1 -9.965762e-05 -4.56076097
50 53 133 139 1 -0.000806120806 -3.71402979
0 0 0 0 1 -0.238096073 8.90386009
180 180 160 167 3 -8.97636201e-05 -6.38517666
65 72 43 51 0 -2.71796325e-05 -1.37645769
64 67 19 54 4 -0.00161734107 -2.29562974
0 0 0 0 2 -0.127015501 9.83917904
112 113 45 80 2 -5.75775884e-05 -3.97300363
117 119 54 62 2 -8.65444599e-05 -2.92569304
57 61 37 42 3 -0.000196213441 -4.88337994
35 44 63 94 1 -0.000827684999 -4.10739994
0 0 0 0 1 -0.681464016 9.26346111
125 129 107 112 0 -3.11134536e-05 -3.02886748
123 124 48 63 2 -0.000101206948 -6.72947693
91 95 105 109 3 -6.93791226e-05 -6.12306452
167 168 86 90 2 -0.00141724688 -3.4780798
111 115 132 167 3 -0.00116905035 -5.45800638
141 147 54 62 0 -2.45569936e-05 -3.09499002
86 87 106 108 2 -3.83851948e-05 -2.89458942
69 73 87 94 3 -4.37495728e-05 -6.21898699
0 0 0 0 4 -0.0273490436 7.89005947
88 93 34 69 4 -0.000137684576 -2.12778354
166 170 150 155 0 -1.87158203e-05 -3.99857235
0 0 0 0 2 -0.000687284628 2.65008354
69 73 84 87 3 -0.000190372055 -4.77243662
52 58 79 84 0 -3.51664894e-05 -4.0641036
87 87 63 71 3 -9.88231259e-05 -5.04686022
39 39 55 66 2 -0.000101564932 -4.85645199
89 91 125 160 2 -8.85700429e-05 -6.51771736
101 101 118 129 2 -0.000117657044 -5.5952692
52 54 64 99 4 -0.000144598525 -3.75440454
41 45 60 91 2 -5.61468187e-05 -5.54947805
71 78 97 103 2 -8.82139066e-05 -2.50737023
120 124 55 60 2 -6.92598696e-05 -4.206563
0 0 0 0 2 -0.00151675276 4.43693876
24 28 89 124 3 -0.00803839974 -0.386827528
116 120 139 142 1 -8.74984471e-05 -3.90446019
94 95 103 134 2 -7.82004063e-05 -5.89738131
0 0 0 0 2 -0.0334292836 6.91512823
0 0 0 0 2 -0.00248964806 6.63046932
188 188 70 77 4 -0.00421120133 -3.62610555
86 86 58 61 3 -7.73658539e-05 -5.03076553
0 0 0 0 2 -0.0453926474 8.96321678
0 0 0 0 0 -0.0857668296 10.3675356
0 0 0 0 2 -0.00471303472 5.54687643
0 0 0 0 3 -0.204409733 3.25351405
99 101 72 87 3 -1.95502689e-05 -6.64457226
54 55 67 72 3 -0.000216954169 -5.42232037
0 0 0 0 3 -0.513219595 8.62899113
0 0 0 0 3 -1.24486804 10.5377703
122 122 58 93 4 -0.000460952317 -4.35433865
113 119 131 138 2 -6.85441191e-05 -4.76158714
17 21 26 28 4 -0.0951099768 -4.68910599
113 116 32 40 3 -9.03594046e-05 -4.66822672
151 155 126 135 3 -8.69024225e-05 -5.24294233
133 136 101 108 2 -5.28094024e-05 -5.46732473
42 45 88 93 3 -0.000849382603 -4.23860359
0 0 0 0 2 -0.545814097 9.09210873
35 41 136 171 0 -7.65315344e-05 -4.29307365
34 34 51 60 2 -0.000100967176 -9.81411552
109 113 62 97 2 -6.16306934e-05 -4.49225187
0 0 0 0 1 -0.00582529278 7.00377989
49 55 114 119 2 -0.000174995192 -5.41017151
0 0 0 0 3 -0.115600467 9.90444183
99 101 110 121 1 -5.88889161e-05 -3.36145091
149 155 186 209 0 -8.69010255e-05 -3.92446733
94 94 110 145 2 -0.000139232696 -5.56012917
49 53 32 36 3 -4.17230767e-05 -5.21968842
67 70 141 143 3 -0.00507875811 -3.60500073
193 196 134 169 4 -0.000639858597 -4.53322458
61 67 140 175 1 -0.00018596201 -4.14865017
106 108 122 128 3 -2.55107225e-05 -6.05947447
102 102 115 130 3 -6.60412989e-05 -4.9756608
115 120 131 154 2 -7.23590201e-05 -7.11373043
71 73 80 111 3 -0.000110266832 -7.05000401
85 87 106 111 1 -0.00041053092 -1.93773067
57 59 74 81 2 -1.88350223e-05 -6.10506725
157 157 33 36 3 -0.00351487612 -3.46421623
53 53 67 73 3 -5.19748974e-05 -5.70999622
0 0 0 0 3 -0.439762563 9.55742073
152 152 123 138 2 -8.61870649e-05 -7.54262924
145 149 122 133 2 -2.51530564e-05 -5.74670935
34 40 102 104 1 -0.000398490462 -3.22287679
65 73 43 52 3 -3.1471136e-05 -5.93735838
63 63 104 139 3 -0.00011253199 -5.04974365
0 0 0 0 2 -0.461970478 8.2693491
94 98 62 73 3 -5.16172877e-05 -5.65224886
106 106 117 124 3 -0.000159618095 -3.63194537
0 0 0 0 2 -0.531537116 8.36434555
149 157 70 105 2 -0.000172251079 -5.33329105
55 56 63 67 2 -0.000110862311 -5.50509834
104 109 136 151 3 -0.000247113348 -4.92798042
93 98 51 86 3 -0.000144001649 -4.60622501
119 126 75 106 1 -0.000167485327 -4.24766064
145 153 93 128 1 -6.19883212e-05 -3.91556954
61 62 34 40 2 -4.05309729e-05 -4.27314854
226 226 79 114 3 -0.000973085931 -4.73730659
128 134 49 56 0 -1.88350114e-05 -7.38940763
111 111 126 132 3 -0.000151511093 -4.98193502
117 118 127 134 4 -0.000140901524 -5.34332037
141 143 112 119 2 -3.45705375e-05 -4.67930937
106 106 120 151 3 -0.000237692482 -5.41524506
164 165 86 91 2 -0.000108836313 -2.51249194
0 0 0 0 2 -0.00247185817 5.86751032
0 0 0 0 3 -0.0041870852 6.81922245
87 87 17 52 3 -7.65316654e-05 -5.71339321
104 108 155 190 2 -0.000874755206 -7.31462622
0 0 0 0 1 -0.00337458635 6.71460819
71 75 95 130 1 -0.000174876244 -3.86874247
79 83 32 67 0 -2.38417815e-05 -7.05949211
0 0 0 0 3 -0.0761748925 5.67420816
0 0 0 0 2 -1.33194327 7.50837517
105 109 61 96 3 -0.000716021168 -4.16394901
92 97 47 82 1 -0.000108359345 -3.1803
22 25 92 99 1 -0.000238162203 -3.17177057
77 77 87 102 3 -0.000217310502 -4.08282995
53 55 72 103 2 -0.000239839428 -4.5636282
0 0 0 0 2 -0.0132298153 7.02157974
166 166 97 128 3 -0.00902259722 -3.22635388
46 50 93 101 1 -0.000272976176 -5.69561958
0 0 0 0 3 -0.856179416 9.69705296
120 125 49 72 1 -3.49281545e-05 -5.87520695
0 0 0 0 3 -0.00340337935 3.69185066
16 23 27 62 2 -0.000387736829 -9.37841988
99 103 115 138 3 -7.10481763e-05 -5.42483902
66 68 105 140 2 -6.34189055e-05 -7.97738457
140 141 41 45 3 -0.000204318829 -4.58058214
52 57 113 136 1 -2.68219956e-05 -6.73025274
78 87 59 63 0 -3.45705485e-05 -3.57060218
64 72 91 96 0 -2.80140284e-05 -2.89244223
61 68 39 44 0 -2.55106534e-05 -2.91331005
101 106 55 90 2 -3.00406246e-05 -6.57620716
18 19 41 47 3 -0.000451518688 -5.30633545
43 46 93 128 3 -6.1153718e-05 -5.23280191
32 34 59 64 2 -9.6319869e-05 -3.88588834
43 46 62 67 1 -0.00201077294 -1.62505543
120 126 144 153 1 -0.000175947745 -3.49855685
127 134 53 88 0 -9.17910256e-06 -5.94542885
96 100 38 47 2 -5.76966304e-05 -4.32024479
56 57 122 128 3 -0.000102756589 -5.21963644
102 104 113 116 1 -0.000168438826 -3.71252418
105 108 58 93 1 -3.83851839e-05 -4.30446291
65 70 39 46 2 -2.82524961e-05 -4.96868181
77 84 26 35 1 -7.55777655e-05 -5.58090687
117 117 103 106 2 -0.000128385815 -3.35931563
111 114 56 64 2 -9.50080212e-05 -6.42371655
131 131 68 70 2 -0.000217670633 -3.90873146
12 12 17 23 4 -0.000743523124 -4.21165228
12 15 19 42 0 -0.000698525051 -4.99518776
47 51 130 161 4 -0.00144490565 -3.47104836
67 70 49 55 3 -2.03847303e-05 -5.61751461
60 60 73 108 3 -0.00017714093 -6.6933856
30 31 47 70 4 -0.00111670967 -3.30966783
57 58 37 52 2 -5.98426122e-05 -3.9999969
80 84 62 73 4 -0.000413157773 -3.07391572
57 57 80 83 3 -0.000525178621 -5.15522099
76 77 59 61 2 -0.000358925347 -0.259880573
157 162 126 133 2 -2.77756553e-05 -5.41093731
107 111 127 133 1 -0.000137087045 -5.42055941
110 110 128 134 4 -0.000192279869 -4.07206154
51 54 74 89 3 -0.000104305764 -4.79250002
55 59 69 92 3 -3.01598193e-05 -5.33128548
51 51 60 62 2 -0.000116942079 -5.00694132
39 42 46 53 1 -0.012684851 0.390120566
45 49 97 103 1 -9.90615008e-05 -5.44826651
40 41 45 51 2 -0.000240069756 -6.78164339
104 105 56 91 2 -2.7179638e-05 -4.89037895
117 125 57 92 0 -1.06096122e-05 -4.3924408
114 117 86 94 2 -5.67432326e-05 -3.83516932
78 81 89 124 3 -0.000131843335 -4.43220854
86 92 47 50 0 -1.57355971e-05 -2.22415638
138 138 118 126 3 -9.60812104e-05 -5.37343407
60 60 78 83 3 -0.000336843834 -6.48842478
59 59 76 111 3 -9.44125204e-05 -4.31117725
47 47 59 66 2 -0.000102399528 -4.76396751
48 51 64 99 2 -2.37225831e-05 -4.4901185
79 84 56 63 2 -1.66892696e-05 -4.03561592
36 36 52 87 3 -0.000109073604 -4.54052782
134 141 72 79 0 -2.61067471e-05 -4.17198277
80 80 91 97 3 -0.000165337362 -5.12493372
142 143 67 75 3 -8.84519541e-05 -5.49164295
44 45 62 85 3 -4.14846436e-05 -6.79199648
109 109 31 38 3 -0.000176306377 -5.84828997
5 6 9 44 3 -0.00143875508 -3.93503737
48 48 64 75 3 -0.000104425701 -6.61320829
60 63 135 138 2 -0.000249377423 -3.1976943
97 97 107 130 3 -0.000109551802 -5.30955601
25 29 33 64 2 -0.00322548975 -6.95826006
103 103 114 129 3 -0.00019061091 -4.78960657
67 70 34 57 2 -7.61739284e-05 -4.33702755
65 66 114 119 2 -3.80275233e-05 -5.53939962
65 65 77 112 2 -5.04252566e-05 -6.09144354
55 56 94 109 2 -2.70604232e-05 -5.44621372
43 46 78 80 2 -9.14324555e-05 -3.79890633
90 93 41 76 1 -0.000179284252 -3.1398077
46 46 66 101 3 -3.54050208e-05 -6.26055574
163 163 66 101 3 -0.000163551653 -5.16812515
76 82 100 115 1 -0.000102516438 -5.0842123
61 64 85 90 2 -0.0001050219 -3.78062224
149 149 75 110 3 -3.67162684e-05 -5.22541142
59 60 119 142 3 -0.000135896204 -4.95496702
87 91 100 111 1 -4.83985859e-05 -4.31555986
90 91 48 83 2 -0.000215880515 -5.07540846
75 75 90 105 2 -5.71007622e-05 -5.39501381
17 17 38 42 2 -0.000238048102 -6.40276957
86 90 47 70 1 -0.000367265922 -3.22556925
25 28 101 109 2 -0.000117538002 -4.35017586
149 150 125 133 2 -2.51530837e-05 -5.45564318
85 87 98 109 2 -5.49549986e-05 -4.38131952
0 0 0 0 3 -0.0147551177 5.81473684
0 0 0 0 3 -0.034186963 8.35798454
0 0 0 0 3 -0.000374415307 1.44183528
0 0 0 0 3 -0.00910154916 6.42462587
0 0 0 0 3 -0.00239589997 5.95638275
0 0 0 0 3 -0.0196350217 9.4815855
0 0 0 0 2 -0.00599320745 9.27515507
0 0 0 0 2 -0.0452341549 9.81922626
0 0 0 0 3 -0.0146683641 6.49517536
0 0 0 0 1 -0.123418257 9.09479141
0 0 0 0 2 -0.336699009 9.03003025
0 0 0 0 3 -0.988413513 8.62843323
0 0 0 0 2 -0.00865056086 8.00282097
0 0 0 0 0 -0.17818588 10.1547203
0 0 0 0 3 -0.413901418 9.37125587
0 0 0 0 3 -0.0151042705 8.5062151
0 0 0 0 2 -0.0168476366 6.24253941
0 0 0 0 2 -0.0603497103 10.7715874
107 109 122 128 2 -0.000280010543 -4.82476664
106 109 126 132 1 -0.00013029309 -2.97517848
65 72 83 92 0 -4.39878786e-05 -4.02939939
22 22 26 61 2 -0.00988493953 -3.20096779
50 55 149 184 1 -3.60010417e-05 -4.8544116
138 142 51 86 3 -9.57237644e-05 -4.09818697
75 82 42 46 1 -0.0001140815 -3.60430813
147 150 79 114 1 -8.21343274e-05 -4.18039751
16 19 35 58 2 -7.4862779e-05 -4.54760933
61 61 75 83 3 -0.000105617299 -6.43647575
125 129 140 147 0 -4.37495728e-05 -4.23400116
45 47 83 89 2 -3.64778825e-05 -4.45183945
50 50 83 118 2 -4.07693406e-05 -6.51300287
35 42 52 54 0 -2.2649665e-05 -3.48311472
150 153 128 135 0 -0.00028655972 -2.53863502
50 54 68 83 3 -0.000132081288 -5.0957284
115 115 44 55 3 -0.000137445997 -5.27415991
112 117 30 53 1 -2.28881127e-05 -4.97237587
143 143 104 111 3 -0.000902465312 -4.19623852
216 224 188 192 0 -0.00499903644 0.106589042
112 117 49 54 1 -4.04117745e-05 -6.7668581
145 149 89 104 3 -0.000115630697 -4.49814844
48 51 61 69 4 -0.000335556048 -3.58207798
56 61 83 118 1 -0.000266780116 -3.33036447
157 161 58 93 1 -6.81870952e-05 -4.30256939
147 151 66 101 4 -0.000135657552 -2.72020435
104 109 41 56 4 -3.74315568e-05 -4.63675261
41 42 54 61 4 -0.000286688883 -3.9293623
104 107 60 62 4 -0.000290741125 -1.63994896
0 0 0 0 3 -0.62554425 9.1558733
0 0 0 0 1 -0.00299879513 3.86029983
77 83 32 67 1 -6.54452306e-05 -3.33277965
171 175 124 159 0 -7.39088646e-05 -4.74057817
0 0 0 0 1 -0.226072252 8.3160305
0 0 0 0 3 -0.0750121549 7.77034473
197 198 132 163 2 -0.00157978339 -2.0382328
84 86 110 115 1 -4.35111324e-05 -5.30702686
45 48 108 143 1 -0.000157351533 -4.01626492
72 76 59 66 0 -5.40014771e-05 -1.90694797
107 114 129 135 0 -1.91926447e-05 -2.58627033
45 45 49 52 2 -0.18577069 -0.683506608
101 103 57 65 2 -3.91004469e-05 -3.61253142
56 57 73 76 2 -1.16824949e-05 -5.60425091
79 85 131 139 0 -2.28881036e-05 -3.37700367
151 155 52 87 3 -7.79618713e-05 -5.55418158
0 0 0 0 3 -0.0134085882 7.87840033
91 94 51 58 2 -7.79621259e-05 -3.65402722
85 93 37 41 1 -2.50338708e-05 -5.2242651
0 0 0 0 1 -0.0877598524 8.99310017
0 0 0 0 2 -0.254857033 7.67602062
84 87 101 108 2 -1.9073439e-05 -3.75108743
46 52 71 79 1 -0.000146980979 -4.52588606
0 0 0 0 1 -0.80998385 8.26951027
70 73 143 145 2 -0.00011777669 -5.4500761
59 63 95 103 2 -9.20280436e-05 -4.71604347
0 0 0 0 3 -0.0273289196 8.11782169
109 115 94 102 3 -2.12192062e-05 -6.37196875
144 148 58 93 3 -8.35648389e-05 -5.08156204
125 129 83 118 1 -9.82267811e-05 -4.21018171
124 126 144 179 2 -0.00138774572 -3.69226956
35 35 72 83 2 -0.00011586969 -5.12465
58 62 72 76 0 -4.26764818e-05 -3.43557906
88 88 126 132 3 -0.000346164627 -4.61884212
74 77 119 154 3 -9.33394476e-05 -5.54746485
89 93 110 145 3 -0.00018381502 -4.13980198
108 109 93 97 2 -3.9219678e-05 -3.62165594
50 50 63 98 2 -0.000105975429 -5.10505056
0 0 0 0 4 -0.0007166125 2.28222775
87 92 43 74 3 -0.0108618718 -2.12473631
36 42 72 75 3 -7.40283722e-05 -4.78009129
94 98 111 142 4 -0.000137088413 -3.77024174
148 150 54 65 1 -0.000149245257 -4.55202007
82 83 98 133 4 -0.000175588953 -4.8880558
0 0 0 0 2 -0.00739218807 8.1929121
82 83 95 98 4 -0.000504577358 -4.61417675
101 101 121 127 4 -0.000259151886 -5.70181942
108 108 58 93 3 -0.000148174397 -5.08821583
48 51 195 198 2 -7.33128545e-05 -5.49430656
139 141 118 129 2 -0.00515474798 -3.12682986
132 132 40 63 3 -1.77621478e-05 -6.43715668
115 115 168 179 3 -0.000436634698 -4.42218924
74 79 45 52 0 -2.15767795e-05 -2.0582056
92 92 99 107 3 -0.000182026881 -3.96921277
66 70 85 120 3 -3.75507661e-05 -6.9877038
109 112 125 128 1 -0.00156833278 -0.69141078
70 74 88 99 1 -0.000250204117 -3.4545188
63 69 191 193 0 -3.94579947e-05 -5.10782862
80 88 237 243 1 -0.517845273 -3.83857083
0 0 0 0 2 -0.233890817 8.96835518
119 119 77 100 2 -0.000246152136 -5.94022942
42 47 54 89 1 -0.000121110934 -3.34236312
0 0 0 0 3 -0.534983754 7.67003155
0 0 0 0 2 -0.0345595442 6.85043716
133 139 88 123 2 -0.000118849814 -3.59224916
42 46 76 84 3 -1.45435006e-05 -5.3139987
47 50 56 79 3 -5.80544911e-05 -5.20916653
0 0 0 0 2 -0.27007097 8.23294353
76 88 101 116 0 -1.26361383e-05 -4.32272911
169 175 76 111 3 -0.00176693336 -3.61393094
95 100 73 80 4 -0.000428771484 -4.48725367
0 0 0 0 2 -0.00516805984 5.92154169
0 0 0 0 1 -0.00192900898 5.23603487
96 103 120 124 2 -6.10346724e-05 -5.09848976
124 124 102 104 2 -0.000103233593 -5.20959806
105 107 95 99 2 -8.96443016e-05 -3.83673906
121 124 36 71 3 -2.10999933e-05 -7.06274605
65 65 44 50 3 -0.000429485721 -4.25936413
109 112 192 227 2 -0.00464666449 -2.93497753
0 0 0 0 2 -0.13833262 7.73601913
37 37 63 69 4 -0.000808112905 -1.31412995
97 103 48 83 1 -4.315345e-05 -4.67359829
67 67 119 127 3 -0.000268211763 -4.11685324
26 30 35 39 4 -0.000388472166 -5.39031935
108 111 124 147 3 -0.000287393865 -4.02772141
86 90 42 73 2 -0.00016092915 -6.1093545
93 96 111 120 1 -4.3034157e-05 -7.49142647
0 0 0 0 3 -0.0810141787 7.92579317
118 121 130 138 4 -0.000263074064 -4.76471043
108 108 68 103 3 -0.000942671963 -5.93563271
65 70 79 114 3 -2.69411976e-05 -6.67241859
0 0 0 0 0 -0.0598201118 10.2681046
43 49 61 63 2 -7.96299355e-05 -5.26181173
0 0 0 0 3 -0.728936553 9.46624565
52 53 168 199 3 -0.0103017297 -3.32031131
39 41 46 58 2 -0.000169631006 -6.62897348
156 160 173 208 2 -0.000193351108 -3.68096614
0 0 0 0 2 -0.582568944 8.09504604
51 55 70 93 3 -0.000266781484 -4.92818689
230 233 175 210 1 -0.00378623954 -4.35132694
126 131 110 114 1 -3.02790104e-05 -8.19762707
57 58 117 121 4 -0.000246398064 -4.27767849
55 58 80 115 2 -0.000140902819 -7.94642115
43 50 61 84 2 -0.00262760557 -2.39733601
113 114 132 167 2 -2.72988291e-05 -9.36699581
0 0 0 0 2 -0.277522266 9.1225996
106 111 81 85 0 -0.000353877083 -2.95634341
108 112 59 94 2 -7.83195574e-05 -4.79007578
0 0 0 0 2 -0.00273700571 2.98970866
65 71 85 116 1 -0.000100968886 -4.60637665
130 134 73 108 4 -5.26901422e-05 -4.16655684
122 124 100 103 1 -5.79351799e-05 -3.70421004
148 156 89 124 4 -0.000386696251 -4.45894146
70 74 22 25 1 -0.000144836784 -4.84976864
63 65 143 150 2 -0.000433177513 -4.60356283
98 98 107 113 4 -6.94981572e-05 -5.41239834
77 81 47 50 1 -8.12999497e-05 -4.06192589
150 156 111 114 0 -0.000283216272 -1.49967611
63 63 76 107 2 -3.8981234e-05 -6.78839684
44 47 111 126 2 -7.86772944e-05 -7.73890829
80 84 93 128 2 -4.78024085e-05 -5.47697163
89 97 50 53 0 -3.09942734e-05 -1.86589932
46 46 73 77 2 -0.000805070507 -4.62225866
97 100 113 118 0 -3.67161992e-05 -3.68349195
21 24 51 59 4 -0.000363928266 -3.29213142
106 110 125 132 2 -1.6450851e-05 -6.49700212
48 54 107 114 2 -0.000131723442 -3.48242617
104 104 85 89 4 -0.000356655393 -4.37749815
0 0 0 0 3 -0.0173670277 6.42831087
80 83 102 109 2 -7.74846849e-05 -6.30222988
0 0 0 0 2 -0.0210804865 8.13556767
0 0 0 0 2 -0.275114954 8.21331406
58 58 91 94 3 -0.00022529866 -5.31611919
92 94 33 42 2 -0.000126717452 -4.69486618
44 48 61 96 3 -1.19209089e-05 -6.41289568
0 0 0 0 2 -0.00428867247 7.15202141
0 0 0 0 3 -0.626138866 8.64363384
27 36 79 87 0 -2.72988327e-05 -3.58646679
45 52 62 73 0 -3.07558694e-05 -3.07304716
136 139 152 157 4 -0.000527699362 -3.48463392
59 60 163 174 2 -3.71931128e-05 -6.94626379
43 49 53 60 2 -0.000367370521 -5.64671421
96 102 111 117 0 -3.1351894e-05 -2.01533484
133 136 58 62 2 -3.73123185e-05 -4.89009905
26 33 179 214 2 -7.72466883e-05 -6.65979719
127 132 90 113 2 -9.75119401e-05 -5.7001586
55 58 78 87 0 -0.0252794232 3.39640546
102 105 134 139 2 -0.000659280806 -4.08585644
7 11 17 52 4 -0.00411854638 -3.63537621
138 139 86 121 3 -0.00043245923 -5.18150711
145 147 168 203 2 -6.27030968e-05 -6.50872993
0 0 0 0 2 -0.0302754603 9.50377369
57 64 194 201 2 -0.000699811848 -4.19402599
114 116 96 99 1 -3.37360361e-05 -5.45022917
69 69 48 52 3 -9.31009563e-05 -5.20889139
130 134 79 114 2 -0.000124926388 -4.63568592
39 41 70 105 2 -5.59086402e-05 -5.03670406
91 91 189 194 2 -6.5444452e-05 -7.28402376
32 38 46 81 2 -0.000657127181 -5.84441376
0 0 0 0 2 -0.0158441756 6.87193584
50 53 64 72 4 -4.00540994e-05 -3.4777503
110 114 125 160 2 -0.000130293527 -5.90240717
0 0 0 0 3 -0.00330035319 4.6421752
0 0 0 0 1 -0.0287736189 8.63997078
50 51 127 138 3 -5.5908793e-05 -5.52858734
11 17 29 31 2 -0.000466199301 -2.10070109
76 78 91 96 2 -7.24777856e-05 -4.9588275
14 18 31 37 3 -0.00812825561 -2.02679992
80 85 169 173 3 -0.000913675409 -3.8495245
0 0 0 0 3 -0.0326263122 9.1142168
133 134 107 111 2 -3.88620538e-05 -4.88924694
159 160 34 39 3 -0.000951367256 -4.16859007
63 69 95 97 0 -7.15247952e-05 -3.80275369
0 0 0 0 3 -0.800607979 7.14055824
107 107 120 131 3 -0.000358088175 -4.49875975
55 58 75 80 3 -0.000118253854 -2.98904467
136 140 53 60 3 -0.00024746664 -6.84039164
141 144 41 76 1 -0.000104068131 -5.2165556
0 0 0 0 1 -0.17854172 7.15127516
154 154 106 117 3 -0.000223510171 -4.14103079
41 44 57 92 0 -1.37090456e-05 -4.06138229
118 118 48 50 4 -0.000373579562 -3.953655
127 134 95 101 2 -0.000124451937 -3.70242858
164 166 61 96 1 -0.000150437496 -3.75835395
44 48 80 81 4 -0.000236861801 -3.49144912
125 128 105 113 4 -0.000111696922 -4.95136595
0 0 0 0 2 -0.019871762 9.60412502
0 0 0 0 3 -0.628791451 8.00808907
0 0 0 0 4 -0.0437591709 7.00475788
31 35 55 90 1 -0.000144716061 -4.8689208
90 91 34 57 2 -1.54971822e-05 -4.30801201
72 73 56 60 2 -1.91926429e-05 -5.33042669
100 101 108 113 2 -4.86370554e-05 -3.7647016
18 18 34 37 2 -0.000796335284 -3.282691
89 90 36 71 2 -3.23055901e-05 -2.98415828
0 0 0 0 1 -0.0514598936 8.94057274
100 104 86 89 1 -0.000131246969 -4.56622553
70 73 81 83 2 -7.60545954e-05 -4.07413673
76 79 117 148 2 -0.00102287543 -2.04242468
106 106 55 90 3 -1.18016997e-05 -7.55768061
66 72 79 86 0 -2.7179527e-05 -1.59967566
197 202 52 59 2 -6.28223788e-05 -6.92630816
0 0 0 0 3 -0.354250371 8.89412212
56 64 132 140 1 -5.74583319e-05 -6.78611422
124 125 110 112 4 -0.00151292235 -2.62894273
46 46 107 115 2 -2.71795361e-05 -5.93891525
78 83 98 105 2 -2.12192044e-05 -4.35912418
0 0 0 0 3 -0.114997141 8.37177467
55 55 171 174 2 -9.32204784e-05 -5.22318268
118 122 169 172 2 -0.000111339556 -2.89746666
45 47 55 90 2 -0.000348432251 -3.93815303
24 26 100 123 2 -6.0080336e-05 -8.14344025
0 0 0 0 2 -0.058317665 8.99084377
59 62 68 103 4 -9.65579457e-05 -3.84913325
0 0 0 0 1 -0.408897251 9.78735065
110 111 64 66 2 -0.0264821406 -1.17335999
0 0 0 0 0 -0.624402225 12.2061911
0 0 0 0 2 -0.0144244041 9.16758251
208 214 127 162 1 -5.76967468e-05 -5.81680012
156 162 111 134 2 -0.000290859374 -4.30742884
54 57 81 87 2 -1.47819264e-05 -7.19474602
29 35 111 119 2 -6.81870588e-05 -4.84460211
124 126 108 115 2 -0.000128027285 -3.23956013
0 0 0 0 4 -0.111632176 8.14501762
62 68 82 85 0 -0.000100729929 -1.43343532
61 65 76 78 4 -0.028832918 1.29647911
151 152 74 105 2 -0.000196451787 -7.35027981
29 31 44 79 2 -0.000120518132 -4.01357555
106 109 66 71 2 -7.87962344e-05 -4.40813494
0 0 0 0 2 -0.0113473805 6.80952263
38 45 58 93 0 -5.09018828e-05 -3.08761454
81 85 58 65 3 -6.29419665e-05 -4.61260176
39 40 52 61 3 -9.20285165e-05 -3.8801856
106 106 54 59 2 -8.86903581e-05 -4.59878588
66 70 40 43 3 -6.90215165e-05 -5.74407864
136 137 31 40 2 -0.00010990935 -5.65476322
99 105 47 50 1 -0.000222911171 -3.41433382
98 102 111 115 3 -0.000156398994 -4.02602673
27 29 42 49 2 -7.11671673e-05 -3.42354798
53 56 94 99 2 -6.4968408e-05 -4.44066
174 177 85 90 2 -0.00087810331 -1.21747267
129 129 66 68 4 -0.000676089083 -4.83350801
0 0 0 0 3 -0.0298251901 8.36220837
86 93 34 69 0 -1.14440745e-05 -1.63439488
128 130 70 105 1 -3.89812012e-05 -4.48892307
63 65 86 94 2 -2.41994148e-05 -5.70546818
0 0 0 0 2 -0.107123576 7.72759533
88 92 38 73 2 -1.59740157e-05 -4.93680239
144 150 75 82 1 -1.9431056e-05 -4.07982206
104 108 152 187 4 -0.000449035695 -3.96229362
112 114 53 88 2 -2.61067398e-05 -6.16026402
0 0 0 0 2 -0.618720651 10.1092701
120 123 42 49 2 -0.000319704122 -2.68805361
103 103 86 92 3 -6.1630737e-05 -5.06173325
26 29 87 93 1 -0.000153415342 -4.72618151
63 70 42 50 0 -2.74180275e-05 -2.33284521
175 178 104 113 2 -6.2465173e-05 -5.10253382
93 94 157 188 1 -0.00417009788 -0.766577959
111 116 53 55 0 -4.63720717e-05 -2.74452186
0 0 0 0 2 -0.842744112 10.7684717
78 81 89 93 0 -1.29937898e-05 -4.46288538
176 184 144 151 0 -0.000131008463 -3.5850246
0 0 0 0 2 -0.741333067 1.19235122
112 113 43 51 2 -0.000112650945 -4.39405775
96 97 104 111 3 -2.74180311e-05 -5.49485445
65 66 42 47 3 -4.69681654e-05 -5.33339453
45 51 66 69 1 -0.00204970594 -2.83631372
168 168 79 82 3 -6.02002037e-05 -6.69796515
56 60 79 85 0 -8.48761993e-05 -3.31613708
0 0 0 0 3 -0.00783643685 5.87637186
0 0 0 0 2 -0.0949199051 7.76538992
0 0 0 0 2 -0.00417760247 8.8181057
123 123 149 184 3 -0.00108590291 -2.59308004
96 104 150 157 1 -0.000328027265 -5.09881115
62 62 83 91 2 -0.000101922502 -3.87494326
52 54 82 90 2 -5.90081181e-05 -5.73889828
103 105 79 94 2 -0.000103114508 -3.4586904
53 54 133 140 2 -4.27957675e-05 -5.68667698
40 43 60 91 3 -3.86235733e-05 -4.70835209
78 83 96 104 0 -2.34841482e-05 -1.20090103
107 113 122 133 0 -1.8238974e-05 -3.94254541
0 0 0 0 2 -0.00870709959 7.24698925
53 57 66 81 1 -0.000127193838 -5.61029291
41 48 104 109 0 -0.000131722263 -2.04044318
106 106 120 128 2 -0.000105617757 -6.41406202
167 167 102 137 2 -0.00011110065 -4.6034708
34 38 54 62 0 -5.18555898e-05 -4.83686686
127 128 52 87 2 -4.3391934e-05 -4.90682459
220 220 173 204 3 -0.000853428093 -4.71500921
56 62 132 167 2 -0.000114319533 -5.16063261
79 79 29 60 3 -7.3670526e-05 -4.47160053
103 104 58 64 2 -0.000231491707 -7.74182034
73 73 57 64 3 -0.000118253782 -3.95799613
82 85 97 104 2 -1.10864466e-05 -7.43563223
179 185 70 105 3 -0.000103353224 -5.104671
137 140 51 82 3 -0.000558213447 -4.46200323
57 62 123 126 1 -3.6239464e-05 -4.57266903
47 49 68 103 2 -2.46762465e-05 -5.96899223
53 57 126 161 4 -0.000210279235 -4.11882877
102 105 115 126 2 -0.000248182565 -3.26948285
0 0 0 0 3 -0.0962318331 8.69571686
182 188 131 162 3 -0.00137589697 -3.67529202
113 121 45 80 1 -2.63451748e-05 -5.81228781
0 0 0 0 2 -0.153089255 7.65830612
132 135 77 108 3 -0.000896461192 -3.56982279
54 54 103 138 3 -0.000904897926 -2.87565494
140 142 40 48 2 -0.000114558403 -4.71542549
134 140 149 160 1 -0.000298128463 -4.51845455
119 123 91 97 2 -3.54049407e-05 -5.97284031
114 118 36 47 1 -4.60145093e-05 -4.96505737
0 0 0 0 4 -0.0572164692 8.59237671
62 69 83 85 0 -1.96694746e-05 -4.12883568
79 89 106 111 1 -8.8093926e-05 -3.55158138
131 136 80 115 3 -6.36572513e-05 -5.35566711
134 138 155 164 2 -0.00377049204 -3.3719027
109 117 35 70 0 -2.37225831e-05 -5.80816603
48 51 90 125 2 -0.00010979033 -6.66292953
0 0 0 0 3 -0.541078746 9.5550499
128 128 195 206 3 -0.0143474713 -2.63161683
71 72 52 59 4 -0.000110863162 -5.21436167
89 91 55 78 1 -5.78160434e-05 -3.63434315
0 0 0 0 2 -0.685905516 7.99333811
0 0 0 0 2 -0.707653403 9.24390411
99 101 117 152 2 -0.000174274275 -6.02103758
0 0 0 0 2 -0.183002591 8.43652916
60 63 46 53 2 -1.75237274e-05 -5.48817778
0 0 0 0 2 -0.275188595 8.27127934
131 134 66 72 3 -3.64778243e-05 -5.93494749
64 68 41 47 3 -0.00975150708 -1.83058596
138 142 163 172 2 -0.00208717538 -5.60003185
115 116 132 142 3 -0.00732185272 -2.30803919
0 0 0 0 3 -0.0120474407 5.69627285
52 56 61 69 4 -0.00225717714 -2.3326838
31 31 42 47 4 -0.000126955594 -4.20443964
0 0 0 0 1 -0.0974348783 0.225571215
0 0 0 0 3 -0.582690179 7.26957941
46 52 109 144 0 -2.74180511e-05 -4.18854713
107 111 123 127 2 -1.84773926e-05 -7.07405996
136 137 75 90 2 -0.00352901709 -2.27268314
87 89 102 110 1 -9.17897269e-05 -6.17725134
39 47 59 64 0 -2.90869102e-05 -2.38173366
96 104 71 77 0 -2.1219199e-05 -2.49219036
64 64 48 58 2 -0.000245205301 -2.70535469
0 0 0 0 2 -0.00128938514 4.85042381
56 57 71 82 2 -0.000777645851 -2.00505161
15 18 32 55 1 -0.000116346506 -5.10093546
98 104 114 121 2 -1.10864466e-05 -9.23268986
80 83 46 48 3 -0.000296341954 -4.30211926
127 130 143 174 0 -0.02207857 0.821653783
123 124 31 66 3 -5.67432508e-05 -5.29904652
89 92 173 178 2 -0.000114677241 -3.9830451
35 36 154 189 3 -0.000110385867 -5.00609827
102 107 122 131 4 -0.000505397737 -1.38271606
51 57 70 105 1 -0.000154369423 -7.00212955
45 51 62 93 2 -0.0192927923 -1.7913835
62 68 86 121 2 -3.0159812e-05 -6.26135778
56 59 148 156 1 -4.45840124e-05 -4.70189381
59 60 30 36 1 -0.000102041435 -2.33215666
147 151 128 133 2 -0.00370608224 -2.6215589
83 88 31 38 3 -8.71409575e-05 -5.74257183
133 134 151 166 2 -3.26631562e-05 -6.75108194
49 51 60 66 1 -5.82928842e-05 -3.07480121
74 74 94 129 2 -8.26110045e-05 -4.4917469
94 94 47 82 3 -3.8266011e-05 -4.67581177
41 45 106 141 2 -0.000231137383 -5.63976812
124 124 160 195 4 -0.00194774289 -4.05138588
77 79 97 112 3 -4.61336022e-05 -5.40588856
205 209 152 187 3 -8.23726878e-05 -4.49861574
0 0 0 0 2 -0.00904134661 7.14671135
101 106 143 145 2 -3.03981888e-05 -6.06497622
56 62 86 117 2 -0.000209443955 -2.95631051
0 0 0 0 4 -0.00182083633 5.86950445
114 117 67 102 3 -1.29937944e-05 -6.91762733
52 63 81 116 0 -1.03711973e-05 -5.09029102
40 43 135 170 3 -0.000115393021 -5.27542925
105 109 159 194 3 -0.000457722897 -4.5914197
61 63 89 100 2 -6.1034596e-05 -3.9527061
0 0 0 0 2 -0.423339695 7.90088701
48 53 61 63 2 -1.20401146e-05 -5.2003665
57 61 123 158 4 -0.000297529623 -4.03660727
68 68 110 145 3 -0.00347090233 -3.97179127
50 50 60 67 4 -0.000333415053 -3.45197201
0 0 0 0 2 -0.11599721 10.2453203
92 92 53 61 2 -4.8041089e-05 -4.01171684
93 95 105 109 2 -1.75237237e-05 -5.41767502
145 147 172 179 2 -0.000319584011 -3.75958586
94 94 113 148 2 -0.000297532737 -2.47846651
66 66 20 55 2 -0.000297295745 -4.94174004
101 105 55 90 1 -6.19882849e-05 -4.50914717
12 18 88 119 1 -0.000788015197 -2.89502192
82 83 42 49 3 -2.16960361e-05 -5.21485138
136 143 109 117 0 -7.93925501e-05 -2.97003651
103 106 133 139 3 -0.000126120984 -5.2340498
64 65 77 80 2 -0.000179286304 -4.04840755
45 53 106 114 0 -0.000267241703 -2.05289698
50 52 62 97 3 -3.36168923e-05 -5.69763565
122 123 77 112 4 -0.000319945131 -4.51359034
111 117 72 79 3 -0.000124094964 -4.96763897
91 96 77 84 3 -3.20671315e-05 -5.96449471
116 120 91 98 4 -0.00106801139 -4.61754322
86 87 116 123 3 -4.1246145e-05 -5.73446035
131 131 59 94 4 -0.00240998971 -1.69639111
67 70 50 57 4 -0.000102995509 -3.62696528
65 67 121 129 1 -7.6889206e-05 -7.08459425
0 0 0 0 2 -0.00388774299 6.7784586
0 0 0 0 3 -0.639273405 7.07911968
109 115 45 50 2 -0.000192514999 -5.23501539
107 110 120 127 1 -0.000235310799 -3.03431773
115 121 92 98 3 -5.48359094e-05 -5.06842041
101 104 57 60 2 -1.15632838e-05 -4.18926239
117 124 38 73 0 -3.98154225e-05 -5.17403889
87 87 99 106 3 -0.00195028097 -3.11989617
0 0 0 0 1 -0.350399196 7.69345427
0 0 0 0 2 -0.427462399 8.86346149
79 82 102 108 4 -0.000154134585 -2.81180477
0 0 0 0 2 -0.957146406 7.73882866
23 29 33 44 2 -0.000594738114 -8.91310692
0 0 0 0 2 -0.00284242327 5.68523169
42 42 62 97 3 -4.14845781e-05 -5.54676533
47 51 128 163 4 -9.94192233e-05 -3.08470345
68 68 58 61 3 -5.04251148e-05 -5.33672714
45 49 79 114 1 -3.05174581e-05 -6.4907794
54 54 89 124 3 -8.73794634e-05 -6.35588789
0 0 0 0 2 -0.0678020641 9.75428867
90 93 44 79 3 -0.00010335281 -4.72234058
114 117 51 54 0 -2.44378189e-05 -2.10246778
55 55 38 45 2 -0.000464645389 -1.73325038
234 238 127 162 3 -0.303637832 0.709654868
0 0 0 0 2 -0.108797848 7.71965837
0 0 0 0 2 -0.00149355386 6.23561954
19 23 99 106 1 -0.000187146346 -4.81856394
78 79 167 198 2 -0.000443065626 -3.64033008
0 0 0 0 2 -0.427078813 9.96210384
193 197 138 173 4 -8.84518449e-05 -3.26343441
133 136 78 93 1 -5.74584592e-05 -4.05115414
96 102 38 41 2 -0.000334007753 -3.96484375
0 0 0 0 2 -0.355342597 8.20298386
132 135 148 151 0 -9.9656274e-05 -2.87793589
135 138 157 161 3 -0.00024317723 -7.51865625
89 92 101 132 2 -0.00039265104 -3.74594474
114 117 126 132 3 -0.00190368795 -2.95656109
125 128 38 73 4 -0.000239245492 -4.50004339
63 64 49 55 3 -3.43321226e-05 -5.81766129
160 161 111 146 3 -5.92465876e-05 -6.52859306
58 59 38 43 2 -0.000207770456 -3.38520265
56 67 139 154 0 -0.000201335584 -3.08265018
61 63 32 39 2 -4.7087342e-05 -4.87938833
53 53 66 73 3 -0.000199549861 -5.46741104
0 0 0 0 3 -0.471344709 8.90802383
43 44 54 89 3 -2.90869466e-05 -6.02155924
0 0 0 0 4 -0.00848792586 7.77232122
117 120 20 31 2 -7.4743497e-05 -4.64282274
86 90 162 168 1 -0.000195377157 -5.38266087
36 37 83 90 3 -0.000375727133 -4.58205843
54 59 124 128 1 -5.93657242e-05 -5.90472651
94 97 64 75 2 -9.77515083e-06 -5.9850769
61 63 144 151 3 -6.58030331e-05 -6.1809063
68 69 32 36 1 -0.72079289 1.66725886
158 158 213 219 3 -0.000924123335 -4.43532181
0 0 0 0 2 -0.0762997866 9.14535236
95 99 128 163 3 -0.000261892623 -5.22909307
80 80 120 131 2 -8.71410302e-05 -5.29278612
54 57 111 115 0 -0.000248178723 -1.68568015
176 178 67 70 1 -5.42398484e-05 -4.88357306
0 0 0 0 1 -0.0474484712 8.13809872
139 143 110 115 3 -0.000125048391 -4.55629396
16 19 112 147 3 -0.00018417243 -5.21908522
0 0 0 0 3 -0.0606858023 3.62390161
109 113 69 92 2 -0.000147577899 -3.93192148
0 0 0 0 3 -0.751699746 8.52651691
78 82 53 68 1 -0.000152822919 -2.80795288
44 46 117 120 2 -7.68892132e-05 -3.33235693
115 116 151 158 2 -3.79082412e-05 -4.52051973
103 109 39 74 0 -6.04383313e-05 -4.90252447
72 76 35 40 2 -2.80140994e-05 -4.64614725
226 229 167 202 2 -5.71008095e-05 -6.25027275
111 115 36 43 4 -0.000750587205 -4.35590601
93 99 73 79 0 -5.23319613e-05 -1.80095625
65 71 84 90 2 -0.000127671272 -6.00175095
136 141 39 74 3 -6.38956553e-05 -4.76834345
47 47 102 137 3 -0.0763097703 0.920060396
49 50 102 137 3 -0.000653445139 -4.90656805
55 56 92 99 2 -0.00014078214 -4.2068634
0 0 0 0 2 -0.0447215848 8.05212879
66 68 83 94 1 -0.00019453658 -3.81384563
113 114 41 45 2 -7.99885456e-05 -4.35932398
22 23 30 65 2 -0.000431700813 -6.52832174
72 74 82 84 2 -0.000120637887 -4.23022747
0 0 0 0 3 -0.530378103 8.98419952
39 42 57 92 2 -5.37629603e-05 -7.15683889
208 209 56 91 4 -0.000266185962 -0.799853027
0 0 0 0 2 -0.00212230021 6.36970568
73 77 114 119 2 -5.42397174e-05 -6.72830391
0 0 0 0 3 -0.0315707028 7.92456579
94 94 51 59 3 -0.000112173577 -3.16654062
119 123 86 93 3 -0.000101325932 -4.63604259
91 96 75 83 1 -8.12994986e-05 -3.28232574
130 138 106 115 1 -4.01732977e-05 -5.76753044
44 48 62 67 1 -9.01207823e-05 -3.19465518
91 97 37 72 3 -8.58305521e-06 -7.08157301
0 0 0 0 2 -0.00189655356 4.85225773
62 66 85 120 3 -2.94445927e-05 -6.47943115
35 38 43 66 3 -0.000698274351 -4.2403717
45 45 120 135 3 -0.000410296401 -5.05464268
52 56 72 75 3 -5.65047594e-05 -4.60961008
88 91 156 171 2 -8.92863609e-05 -6.55031013
140 144 78 113 3 -0.000646887114 -4.20577049
0 0 0 0 2 -0.00590740982 7.74760389
127 132 150 181 3 -0.000165697042 -5.62222385
138 141 20 55 3 -5.4359065e-05 -6.1738863
153 157 51 59 1 -0.000652257528 -2.69082499
0 0 0 0 2 -0.0015616212 5.28156376
95 99 63 69 3 -2.87292823e-05 -5.21800804
0 0 0 0 2 -0.0431625359 6.64454031
80 80 58 65 3 -5.18555607e-05 -4.57734489
89 95 31 38 0 -3.50474002e-05 -4.43329287
53 56 67 82 2 -3.33783864e-05 -5.63636303
35 43 47 55 0 -0.000264036731 -5.00297928
93 97 106 110 3 -0.000462974596 -5.31420898
182 188 159 167 1 -0.00053418777 -3.9147234
0 0 0 0 4 -0.00120647228 2.91734529
41 45 59 66 3 -2.75372477e-05 -5.62198162
45 48 73 80 1 -6.72333554e-05 -4.17871666
51 54 72 107 2 -0.000630739203 -7.32487011
133 141 66 71 1 -4.13653652e-05 -4.70479107
103 110 35 40 0 -1.47819128e-05 -3.84380269
62 62 75 80 2 -0.0154639017 0.54792732
0 0 0 0 3 -0.106068343 8.23491478
49 53 116 124 3 -8.28493648e-05 -5.5538764
75 76 86 93 2 -0.0011909001 -1.57898712
85 89 102 104 3 -8.36840409e-05 -5.78335285
190 195 216 227 2 -0.00107701612 -3.29382133
74 79 114 149 1 -8.22530055e-05 -5.73630047
58 63 132 140 0 -0.000297531835 -1.03189731
109 113 182 184 0 -3.21863918e-05 -2.39414787
43 44 115 146 1 -0.478417754 1.61258948
93 93 48 71 3 -0.000130651199 -4.11873341
0 0 0 0 2 -0.0168445911 7.67576838
61 65 77 84 1 -5.29284553e-05 -5.71064949
0 0 0 0 2 -0.0693653747 10.4017906
0 0 0 0 2 -0.00144378562 5.35515881
134 136 95 102 1 -3.51665622e-05 -5.107584
169 171 186 221 2 -0.000452014152 -5.25593901
138 141 209 244 2 -0.0976735651 -5.35854864
0 0 0 0 2 -0.382306635 9.34277058
78 85 111 146 1 -0.000122545403 -3.3664825
78 83 97 101 0 -1.38282521e-05 -2.79656315
0 0 0 0 2 -0.00108612364 5.043962
41 47 58 69 2 -3.49281108e-05 -4.57013178
50 52 101 104 1 -8.34454477e-05 -4.81940556
52 57 63 73 1 -0.852539062 -0.887486517
57 59 75 98 1 -0.0136554111 -1.03504002
0 0 0 0 2 -0.0666120723 7.94110632
48 51 65 74 0 -0.00032185149 2.08354282
0 0 0 0 1 -0.254504502 8.09339809
127 130 78 113 3 -0.000115988791 -5.82265472
122 125 142 177 2 -0.00026558229 -6.81136751
26 32 103 109 1 -0.000118730219 -4.02005863
86 90 112 147 2 -5.1974559e-05 -6.29320049
71 75 131 166 4 -0.000703614322 -4.12648869
0 0 0 0 2 -0.28274253 7.32755804
113 117 145 152 1 -0.00013494282 -5.53706551
38 43 126 132 1 -0.00018464966 -4.11537123
61 63 72 77 1 -2.39609908e-05 -5.66403913
102 106 51 55 3 -5.35245636e-05 -5.69785023
17 24 29 31 1 -7.15244678e-05 -3.14109993
0 0 0 0 2 -0.028678339 8.31405067
51 53 104 111 2 -5.00674614e-05 -4.33442974
89 91 109 117 2 -1.31130018e-05 -7.95367002
89 94 50 54 2 -2.82524925e-05 -5.68824625
78 85 96 127 0 -1.01327751e-05 -5.93535662
0 0 0 0 2 -0.245671526 8.06015205
162 168 126 131 2 -0.000630090362 -3.69893479
84 86 58 62 2 -3.46897359e-05 -6.75882912
82 86 97 132 4 -0.000157710921 -2.77144337
95 97 114 122 2 -0.000260579603 -3.36306834
34 37 53 88 2 -7.5458709e-05 -5.11742306
29 33 45 48 1 -1.28745824e-05 -6.17167187
87 87 19 25 3 -0.000401112688 -3.4014039
0 0 0 0 1 -0.453040123 8.62375355
116 120 36 71 1 -4.208057e-05 -5.18554163
0 0 0 0 2 -0.00553488126 7.2856617
78 85 181 190 3 -0.000127311592 -6.14279699
133 141 151 157 0 -4.06501276e-05 -5.13968849
119 122 140 148 3 -6.23457454e-05 -6.36044407
0 0 0 0 4 -1.043437 6.27460527
122 126 49 54 2 -1.58548046e-05 -4.80116463
51 54 117 126 2 -7.06905412e-05 -7.57267761
39 43 56 91 3 -5.91274147e-05 -5.17348909
63 69 88 95 0 -1.49011294e-05 -2.02194166
56 57 39 44 2 -0.000512802333 -0.496269792
33 39 47 82 2 -0.000988559332 -3.6590991
95 99 115 121 4 -5.8173744e-05 -4.96878767
117 124 64 99 2 -9.53673134e-06 -7.66640711
0 0 0 0 2 -0.00375873921 7.25366306
0 0 0 0 3 -0.00728676701 6.09543514
69 69 85 92 3 -0.000181789947 -4.67895555
115 117 55 90 1 -3.50473492e-05 -6.48337555
114 115 129 160 2 -0.000265096518 -6.95867252
56 60 129 136 4 -0.000157829374 -4.1001277
99 104 121 156 4 -6.65182743e-05 -2.87050009
35 41 137 145 2 -6.50866787e-05 -7.69566154
0 0 0 0 3 -0.622534335 9.6916275
118 122 87 94 3 -9.56043368e-05 -5.74372292
64 68 85 92 3 -3.76699827e-05 -5.13070202
43 46 85 120 4 -0.00111145247 -2.75937271
0 0 0 0 1 -0.00114202744 6.87757111
99 104 119 127 0 -2.76564024e-05 -3.34198332
111 112 124 139 2 -0.000374883995 -2.75540686
52 56 64 70 2 -5.47167074e-05 -4.41667223
41 43 154 161 1 -0.000161044649 -4.4622798
132 137 145 147 1 -0.000155683723 -5.36452007
99 99 131 137 3 -0.000178333037 -5.3296032
154 154 172 207 2 -6.0676859e-05 -6.31499481
148 151 101 124 2 -2.06231562e-05 -6.98238754
147 152 192 199 0 -0.000307545706 -2.9408896
133 135 79 88 1 -0.000366548193 -3.1932466
68 70 54 57 2 -4.38687312e-05 -6.46621227
0 0 0 0 2 -0.00121712196 4.57143688
52 55 92 98 1 -0.000133749854 -6.11861753
0 0 0 0 3 -0.619548798 9.76150703
108 110 121 129 2 -3.24247667e-05 -7.2147646
0 0 0 0 1 -0.0162623078 7.14425421
45 49 110 145 3 -6.63987958e-05 -5.19924116
43 44 104 119 3 -0.000820547342 -5.12758446
58 63 137 145 3 -0.000241259113 -3.97033978
166 170 75 90 3 -0.000177975235 -4.22514868
0 0 0 0 1 -0.244101927 8.33761787
87 87 97 132 2 -2.98021514e-05 -6.26763248
37 42 48 83 1 -0.000421842793 -3.46585822
0 0 0 0 2 -0.272703558 7.74677896
89 94 47 70 2 -4.2915126e-05 -5.25049543
0 0 0 0 2 -0.62869823 9.09230137
171 171 68 76 4 -0.000913269934 -3.76710677
66 72 89 104 1 -5.61470479e-05 -6.11392975
128 131 165 168 2 -1.82389431e-05 -7.61141634
0 0 0 0 3 -0.00383067783 5.43908787
111 113 94 103 2 -0.000111339832 -4.98868847
105 111 37 72 1 -6.62796447e-05 -4.64189339
168 171 116 118 4 -0.00039706353 -4.62000942
95 96 109 111 2 -0.000152346431 -4.63699436
142 150 58 67 2 -0.000105021136 -6.48466778
19 21 48 50 2 -0.000122187615 -3.72788334
0 0 0 0 2 -0.370510519 11.1636362
99 102 57 92 1 -3.81467762e-05 -3.46107268
0 0 0 0 4 -0.327400446 7.6215992
0 0 0 0 2 -0.0025089425 6.67709732
113 116 38 53 2 -0.000812566665 -5.06147528
120 124 20 27 4 -0.000373102783 -4.9132247
157 162 69 104 0 -6.74717376e-05 -4.02873135
58 66 81 83 0 -4.02924052e-05 -1.30430448
81 85 166 172 3 -0.000111935966 -5.03583431
42 49 147 178 0 -0.000156993221 -2.97866726
44 50 104 111 1 -0.0001866768 -3.94472933
81 85 57 62 2 -9.54853895e-05 -3.93228436
0 0 0 0 3 -0.516447425 9.57570076
61 67 99 134 1 -0.000127431616 -3.37596345
77 81 40 55 4 -0.000106452593 -4.55780458
181 187 107 110 0 -5.41206573e-05 -3.63543701
0 0 0 0 3 -0.0309937503 8.36166477
93 96 55 78 3 -9.26244393e-05 -6.24083662
0 0 0 0 1 -0.600902975 9.35864925
48 48 64 75 3 -0.000296938611 -4.9005332
0 0 0 0 2 -0.45959869 7.77269888
141 144 117 122 1 -1.47819228e-05 -5.83317804
108 112 132 135 3 -0.000144240345 -2.86540437
134 139 54 61 3 -0.000136968956 -5.25188351
44 45 80 83 2 -0.000362732622 -2.87952924
63 68 45 52 1 -0.000103233091 -7.051507
129 132 144 179 3 -0.000347120978 -5.7110734
0 0 0 0 2 -0.0173534397 8.13536072
136 141 49 84 2 -3.94580929e-05 -7.10825729
111 111 70 85 2 -5.53123245e-05 -5.51761818
91 95 103 107 1 -7.65316072e-05 -5.12941074
0 0 0 0 2 -0.666979432 8.98177242
119 119 49 84 2 -6.90208908e-05 -4.76858282
124 130 139 146 1 -0.000263324473 -3.68523359
46 46 60 67 2 -7.52203559e-05 -5.66781139
0 0 0 0 2 -0.0157524627 8.50248337
106 108 126 161 2 -1.8119772e-05 -6.97273779
109 109 29 34 2 -6.49685317e-05 -6.13665485
0 0 0 0 2 -0.0249974784 9.16651917
82 85 44 50 2 -1.19209135e-05 -6.5990057
49 49 61 96 2 -0.000490394188 -2.35673594
110 111 97 102 2 -1.22785405e-05 -6.07833385
111 114 61 96 4 -0.000125763923 -3.99682236
62 69 111 118 0 -0.000200622206 -1.92662382
116 116 101 105 2 -0.000201336967 -3.16174197
94 94 109 120 3 -4.0530882e-05 -5.72234488
74 76 116 123 1 -8.14187952e-05 -5.53444767
50 51 71 77 2 -3.5166584e-05 -4.8450613
108 113 87 93 1 -6.29419083e-05 -5.36272335
92 95 130 133 4 -7.87966565e-05 -4.88187933
0 0 0 0 2 -0.372172624 9.28935146
0 0 0 0 2 -0.437761039 9.97686768
109 115 84 91 1 -3.91004469e-05 -4.83892679
0 0 0 0 2 -0.00474027544 7.84860897
68 72 29 35 3 -0.000133154666 -5.41946411
67 72 84 89 2 -2.58683485e-05 -5.00591898
124 127 146 181 0 -3.58818361e-05 -2.51551604
113 116 132 167 2 -2.86101294e-05 -7.14350367
98 98 114 118 2 -0.00979248248 -3.2634871
49 51 128 135 2 -3.85043895e-05 -4.19680786
137 137 58 66 3 -6.17498954e-05 -5.4619565
185 185 126 161 3 -0.000556774728 -4.49424839
0 0 0 0 2 -0.44572109 8.18257141
30 37 98 133 2 -0.000128026935 -6.41234016
218 218 126 161 3 -0.000272622303 -5.93307304
143 143 122 125 3 -0.00100977684 -5.00966454
0 0 0 0 2 -0.0464682654 7.00924015
41 44 56 91 2 -4.57760725e-05 -5.43206644
42 45 56 58 3 -0.0110163353 -5.09568262
59 61 127 142 2 -0.000458450406 -5.9899478
47 51 65 69 2 -4.92331601e-05 -6.07176113
158 160 128 136 1 -5.92466167e-05 -3.22751379
107 107 57 92 4 -0.000435090507 -3.3016367
0 0 0 0 3 -0.0587495416 7.3739562
62 67 96 104 4 -0.000198955444 -4.46295166
112 112 66 101 3 -0.000188465434 -3.37859774
57 57 126 130 3 -7.14057169e-05 -4.93006945
12 17 22 29 0 -0.000426818064 -2.88739157
47 55 60 67 1 -0.000647928799 -3.14241672
49 53 97 103 2 -2.74180293e-05 -4.92126846
41 45 62 73 1 -7.49818864e-05 -4.92544365
153 161 92 115 0 -0.000178451504 -2.58828688
0 0 0 0 1 -0.211586386 9.23881531
73 76 41 46 0 -5.5074197e-05 -1.11810768
26 33 71 106 1 -3.58818506e-05 -5.57471132
111 114 128 134 3 -6.13921875e-05 -6.58101654
86 89 49 56 3 -8.48760974e-05 -6.17159414
89 94 44 79 4 -0.000125525446 -2.45160675
85 91 117 152 1 -0.000152227367 -6.22437382
137 137 42 77 3 -0.000332459545 -4.63518238
100 102 116 123 1 -5.44781906e-05 -5.18992233
72 73 56 65 3 -2.38417961e-05 -6.76825666
0 0 0 0 1 -0.0202092957 6.96919632
60 63 72 79 0 -0.000235071697 -1.88118541
118 122 75 98 2 -2.61067507e-05 -4.83064032
99 100 145 151 1 -6.22265943e-05 -4.1893878
66 66 93 116 3 -0.000127551466 -4.35106897
57 57 71 76 4 -0.00021373629 -3.91857648
165 168 89 124 2 -2.95637328e-05 -7.41859055
34 34 109 118 3 -7.4266427e-05 -5.35531759
0 0 0 0 1 -0.172081605 7.69071436
166 168 49 80 2 -0.00146533037 -3.36513114
47 52 108 119 0 -0.000243653951 -2.57513809
141 144 94 129 3 -0.000162836324 -6.25665045
83 85 99 130 2 -0.000840910187 -6.20750475
56 59 68 70 0 -3.8027476e-05 -2.21223855
0 0 0 0 2 -0.00704272324 6.69617081
0 0 0 0 2 -0.00516779209 3.06442213
60 65 104 107 1 -0.000397974538 -4.41564608
0 0 0 0 3 -0.0338228904 8.05063152
114 117 58 93 4 -0.000652855262 -3.15156627
30 37 112 118 0 -8.74981779e-05 -2.25968075
0 0 0 0 3 -0.0221715439 7.09429693
0 0 0 0 3 -0.669746697 8.26565075
133 136 158 165 1 -0.00518814102 -2.92781949
34 35 43 54 3 -5.45974908e-05 -6.35234594
86 86 100 103 3 -7.99880218e-05 -5.08427286
0 0 0 0 4 -0.0720045567 8.0185194
56 63 134 169 0 -1.65700603e-05 -4.13276768
0 0 0 0 2 -0.554037452 7.65680981
0 0 0 0 2 -0.0311263986 7.97990847
33 38 98 107 1 -0.000152225024 -5.84017372
65 71 37 52 2 -1.15632847e-05 -5.19202089
64 68 129 136 4 -8.11805076e-05 -4.79535675
84 90 64 72 4 -0.000125287072 -4.56296635
112 117 125 131 2 -4.20806318e-05 -4.57060242
85 89 63 66 3 -1.81197793e-05 -5.39556074
85 91 41 64 1 -4.32726738e-05 -5.45320511
0 0 0 0 2 -0.0314685851 7.56017447
144 151 67 102 1 -7.65313598e-05 -4.36343956
0 0 0 0 3 -0.468451202 7.57161522
136 142 63 98 2 -1.00135685e-05 -7.48963833
37 38 52 58 2 -0.00010526026 -3.75535464
104 110 81 87 2 -0.000138995558 -5.66692162
167 168 176 183 2 -5.85313246e-05 -5.74362135
125 126 90 105 2 -0.000199550763 -3.75848079
82 86 92 94 3 -5.79353182e-05 -4.83954859
57 59 81 85 1 -3.0279034e-05 -3.846668
89 93 120 126 0 -2.44378007e-05 -3.29335618
151 160 94 125 0 -0.000296341255 -4.1321187
140 144 55 62 3 -0.000111578236 -5.21293402
43 51 102 137 2 -5.8769645e-05 -5.09436512
113 117 130 133 2 -0.000109074819 -3.68209982
0 0 0 0 0 -0.0653601661 10.5658512
55 59 76 80 2 -5.80544001e-05 -5.02782297
0 0 0 0 3 -0.162470311 8.52230358
60 64 16 23 0 -6.29415445e-05 -2.83539128
135 136 90 98 3 -2.58683285e-05 -5.87610579
154 156 50 85 2 -4.69681909e-05 -7.06191111
189 193 138 147 3 -0.000148768711 -4.88662529
81 81 20 24 2 -0.000277747924 -4.00190973
0 0 0 0 2 -0.0612946562 10.6778507
115 115 69 80 3 -0.00091327657 -3.3955462
37 41 114 117 4 -0.000231616097 -3.71532941
193 196 119 126 2 -0.000152584762 -3.34052539
131 134 90 121 2 -0.000452009059 -4.9047575
61 64 75 110 2 -2.75372349e-05 -5.24841547
70 73 144 148 2 -0.00353034632 -0.55755806
83 86 129 138 2 -8.41608053e-05 -5.08763742
151 152 52 87 3 -0.000357603538 -5.16475916
0 0 0 0 2 -0.0870855004 9.45798206
0 0 0 0 4 -0.0222460739 7.26866293
160 166 189 224 1 -0.00180594414 -2.94115853
35 35 45 80 3 -8.03460716e-05 -4.62486839
54 61 97 105 2 -3.3259239e-05 -6.50288534
117 119 68 103 2 -8.10622259e-06 -7.06408882
193 196 214 229 2 -0.00784947723 -2.60917616
104 104 126 130 4 -0.00034891002 -3.69481277
0 0 0 0 2 -0.258048534 7.94797754
119 123 136 140 3 -0.000318632345 -4.01806259
154 159 223 227 0 -0.000768781232 -2.99279785
48 52 70 75 4 -0.000107406122 -2.36054134
17 24 28 30 0 -6.47301786e-05 -3.68125319
87 94 105 112 3 -5.26901495e-05 -4.99974251
19 27 67 74 1 -0.000298845582 -2.84458303
131 135 208 216 4 -0.00601870194 -2.31470704
0 0 0 0 1 -0.0548828058 8.37474346
167 169 129 160 2 -7.77236201e-05 -5.05661392
144 147 99 134 2 -0.000422453275 -3.45531344
0 0 0 0 2 -0.203255147 7.86616325
0 0 0 0 1 -0.766701281 9.90472984
0 0 0 0 3 -0.00402827933 4.72827053
45 50 122 128 4 -7.17633156e-05 -4.43844652
0 0 0 0 1 -0.0322689638 4.7338953
47 52 67 76 3 -8.04653537e-05 -5.49600458
39 43 46 69 3 -0.000935390592 -5.35554123
105 106 64 87 2 -6.43725289e-05 -5.9753933
36 40 92 98 2 -1.59740121e-05 -5.32223606
61 61 72 79 3 -6.44916072e-05 -5.4809165
63 69 83 118 0 -1.62124088e-05 -5.60324669
0 0 0 0 4 -0.000234715815 1.32619131
0 0 0 0 2 -0.303876519 8.49102116
55 63 76 85 0 -0.000133749229 -2.30860472
0 0 0 0 2 -0.0141921612 7.3922739
80 81 142 157 2 -0.00377771771 -4.01374435
47 54 102 108 0 -0.000246276351 -2.07835412
58 60 88 96 2 -6.61606027e-05 -4.36712265
138 144 123 126 3 -0.000303714274 -5.45295477
0 0 0 0 3 -0.458978474 9.60588551
0 0 0 0 0 -0.182041943 8.3577795
0 0 0 0 2 -0.403335005 8.21492004
124 125 140 146 2 -0.00222727261 -3.24989605
27 31 37 52 3 -0.000656045857 -7.3544426
0 0 0 0 1 -0.473364592 10.0171747
177 180 122 145 2 -0.00120403804 -3.6475544
30 33 43 46 2 -4.81602219e-05 -2.95318007
0 0 0 0 2 -0.0181295108 8.58177185
207 207 35 70 3 -0.000439497031 -5.63038206
99 102 41 76 2 -0.000391934416 -2.95267868
90 91 99 130 2 -7.98691835e-05 -6.97825766
0 0 0 0 2 -0.00677831145 7.40988398
38 42 68 75 1 -0.000166770376 -3.52553368
0 0 0 0 3 -0.00939310156 6.73584795
103 103 58 81 2 -0.000113604539 -6.94128656
113 118 44 67 3 -2.47954449e-05 -6.64201927
164 169 93 104 2 -0.000140902819 -3.29832125
136 143 82 117 3 -8.76174454e-05 -6.76429129
109 110 117 123 3 -3.58818143e-05 -5.03094053
112 118 86 93 2 -4.74448098e-05 -3.24024606
78 78 62 66 3 -8.92866155e-05 -5.71635294
48 51 98 109 2 -0.000199907197 -4.17939949
87 87 93 128 3 -7.24781348e-05 -5.73912525
66 72 92 99 1 -0.000602530723 -4.02649069
0 0 0 0 3 -0.000706092862 2.47637987
32 36 42 57 1 -4.68489452e-05 -4.07197571
97 99 112 143 2 -0.000846595969 -5.47462988
119 119 84 90 2 -6.71141897e-05 -4.30822325
138 142 118 124 2 -5.82928405e-05 -4.66068363
49 56 64 71 2 -3.5643403e-05 -3.9775548
38 41 56 91 2 -7.06902138e-05 -5.15474272
0 0 0 0 3 -0.682949722 9.06707573
80 84 100 107 4 -0.00026392049 -3.80962372
156 159 68 99 1 -0.000340564933 -2.00394297
88 94 64 79 3 -4.10077155e-05 -6.2933588
0 0 0 0 0 -0.0702449828 10.705884
121 124 54 63 2 -0.000172373009 -4.08078337
47 50 56 63 2 -0.000140068674 -4.38526011
110 110 118 149 2 -0.000371437694 -4.62783623
8 8 20 26 2 -0.389138222 -5.26890707
108 108 119 124 3 -4.75642155e-05 -5.30973387
90 92 134 169 3 -3.63586842e-05 -6.28175592
114 122 137 144 0 -0.0014696304 -2.33527756
54 57 79 86 2 -0.000181069307 -4.93710852
79 82 190 205 3 -0.000267139461 -5.61934185
0 0 0 0 4 -0.0564168058 7.52250862
71 76 149 154 3 -0.00126172428 -5.37201357
185 189 70 78 1 -0.000136253744 -5.48772907
0 0 0 0 2 -0.613448262 8.10939407
61 65 79 114 2 -0.00012624028 -4.48352051
0 0 0 0 2 -0.55066359 9.88078308
98 103 53 58 0 -1.88349986e-05 -3.59058619
146 146 38 73 4 -0.000783838099 -4.52605915
22 26 33 68 0 -3.07558912e-05 -4.98258018
67 73 99 114 1 -4.68489961e-05 -4.66512251
0 0 0 0 1 -0.904168487 9.0879488
136 139 55 66 2 -3.63586187e-05 -5.57877541
0 0 0 0 2 -0.00287566357 6.08369112
0 0 0 0 2 -0.408998519 9.96302891
192 193 88 94 3 -0.00226451643 -3.99760318
111 115 129 164 3 -5.19748864e-05 -5.89040852
0 0 0 0 3 -0.00331031508 4.9556675
48 52 104 109 3 -0.000411725312 -4.05284739
0 0 0 0 3 -0.00970962457 7.29514551
87 93 134 169 0 -3.63586005e-05 -4.86395836
107 109 48 83 2 -1.57355953e-05 -7.61593342
101 103 112 143 2 -0.00330562936 -3.61268759
0 0 0 0 2 -0.15241006 8.26705647
83 87 96 131 2 -3.63586187e-05 -3.64044833
218 96 49 84 2 -0.513811231 -5.4554286
113 117 127 134 1 -2.01463172e-05 -5.33511543
40 45 54 89 2 -8.79744111e-05 -7.82262516
52 53 118 120 3 -0.000104544284 -4.69403315
33 37 48 79 3 -5.91274293e-05 -6.04270935
0 0 0 0 2 -0.585600615 8.11940098
90 92 110 117 2 -3.71931237e-05 -6.71618938
85 86 97 104 3 -4.01733123e-05 -6.13035917
65 73 92 100 0 -3.52857605e-05 -3.21991825
0 0 0 0 3 -0.723607838 9.40881443
42 47 51 54 2 -6.79485238e-05 -6.41157198
106 108 121 126 1 -0.000700759818 -2.68356228
103 108 56 91 3 -0.0012829476 -5.08016253
0 0 0 0 2 -0.0113792391 9.07096291
149 152 94 129 3 -5.54318831e-05 -4.58125305
0 0 0 0 1 -0.0177523792 7.4073925
64 66 152 157 2 -0.000549735036 -3.49804449
47 52 65 72 1 -4.82792311e-05 -6.21660805
182 188 207 242 2 -0.00208751205 -5.1710906
47 48 146 181 2 -7.7485056e-05 -5.1543417
61 63 104 139 1 -0.000683966267 -2.97211099
43 43 48 54 4 -0.00352205453 -4.13982964
0 0 0 0 1 -0.72425133 7.67813587
24 31 72 77 1 -0.000156516486 -3.48492813
194 197 84 119 2 -1.75237255e-05 -7.87654829
26 30 144 179 2 -0.000273335201 -3.38330984
110 115 127 130 1 -4.21997938e-05 -6.01438856
120 123 140 142 1 -0.000506247568 -3.75215006
0 0 0 0 1 -0.165239289 8.36080456
181 181 115 120 3 -5.48358985e-05 -6.12924957
45 51 89 91 0 -3.51665549e-05 -3.4800477
66 69 21 56 4 -0.00152356143 -2.89721918
0 0 0 0 3 -0.437224329 9.05742645
65 67 75 110 2 -2.92061686e-05 -4.66351414
67 67 102 107 2 -0.000399566779 -2.20120835
175 178 158 160 3 -0.000227921279 -4.54745388
53 62 81 96 1 -4.88754667e-05 -5.28807116
0 0 0 0 1 -0.935281575 9.17745972
65 73 133 139 0 -1.64508474e-05 -4.82089949
47 48 114 145 2 -0.00023876864 -6.28691339
83 87 97 104 3 -4.38687493e-05 -7.32208729
84 86 50 59 2 -0.000260464818 -3.61336446
79 84 101 136 3 -0.000146386141 -5.19278622
75 81 54 59 0 -1.28745733e-05 -1.36285973
117 118 75 79 2 -2.24112591e-05 -5.05107307
70 75 89 104 3 -0.000115392861 -5.49959373
0 0 0 0 4 -0.0404636487 8.07473183
145 148 46 81 4 -0.000383120379 -2.06024122
161 165 99 104 0 -2.74180329e-05 -3.62668586
0 0 0 0 2 -0.00396034215 7.1366086
44 48 87 92 3 -8.74985344e-05 -4.31932926
73 76 39 44 0 -1.35898354e-05 -2.72834945
67 67 89 93 3 -8.30874487e-05 -5.05715561
37 37 113 124 2 -0.000106690932 -5.15389872
92 94 128 163 2 -0.00780101633 -6.43059587
76 77 38 45 2 -1.89542388e-05 -5.87355757
46 47 78 113 4 -0.000214210522 -4.14406395
41 44 59 66 2 -3.95772076e-05 -4.97295761
138 142 161 166 2 -0.000123856618 -2.41191506
52 54 67 69 2 -2.72988309e-05 -4.68036509
0 0 0 0 2 -0.00170044042 5.29326916
100 103 37 72 3 -0.000105737345 -5.72196722
77 81 146 153 1 -0.000116465599 -4.62562752
102 104 112 135 2 -4.82794676e-05 -5.22917604
151 152 136 142 2 -0.000626632886 -1.69512284
0 0 0 0 2 -0.00435957545 7.03020763
121 122 77 80 4 -0.000468340033 -4.34468126
83 83 50 58 3 -6.73525428e-05 -5.37105942
0 0 0 0 2 -0.0346031934 8.58475208
0 0 0 0 0 -0.271093518 10.3104239
0 0 0 0 2 -0.00194792368 5.33189774
0 0 0 0 3 -0.0282048248 7.94909811
94 95 67 82 3 -0.00211888482 -6.66026163
61 62 74 81 3 -0.000189061364 -5.11206388
0 0 0 0 3 -0.671765029 8.56362438
0 0 0 0 2 -0.898099363 10.5593119
131 132 31 66 4 -0.00022231802 -4.88770199
60 64 124 125 2 -6.58030767e-05 -4.39315605
16 19 24 32 4 -0.0200737696 -5.00037098
43 48 78 87 3 -0.00022422208 -4.60566711
135 140 112 119 3 -9.57236625e-05 -6.21844196
108 110 50 54 2 -0.000107405911 -3.04350877
67 71 98 103 3 -0.000246751064 -4.77232218
96 96 112 135 3 -3.91004578e-05 -5.0639286
170 175 118 153 0 -7.66507947e-05 -3.0639317
30 32 49 54 2 -8.86896669e-05 -7.33309412
22 27 77 112 2 -0.000120160825 -4.01958132
0 0 0 0 1 -0.0186552312 8.10888195
56 59 118 126 2 -7.46240112e-05 -5.24998665
0 0 0 0 3 -0.0534136519 8.47810173
84 88 49 56 1 -8.42800655e-05 -2.33474207
115 123 189 204 0 -5.94848898e-05 -3.91279674
145 146 91 126 2 -0.000364746607 -3.80729961
51 56 34 38 3 -3.06366783e-05 -5.30153275
145 149 20 24 3 -0.000784514355 -4.5207634
74 78 116 151 4 -0.00109191053 -3.37125874
101 105 120 155 1 -6.43720341e-05 -5.53965712
104 104 118 124 3 -4.17229603e-05 -5.68672562
98 99 53 76 3 -3.85044368e-05 -4.85269499
105 109 120 135 2 -2.02655028e-05 -8.11620522
71 73 80 103 3 -5.45974799e-05 -7.50195456
43 45 89 92 1 -4.66105885e-05 -3.59014726
74 75 142 148 2 -9.15508499e-05 -4.64560556
61 61 109 112 3 -0.000201816016 -5.26675177
124 124 45 53 3 -4.31535154e-05 -5.916049
0 0 0 0 3 -0.76331991 9.11743927
165 167 36 67 2 -0.000129339256 -6.71756506
121 127 86 109 2 -1.78813534e-05 -6.92874765
42 48 81 84 1 -7.49818282e-05 -5.10056639
53 60 120 128 3 -5.78160398e-05 -5.43555737
131 131 78 113 3 -0.000233046332 -4.89129114
93 97 54 58 4 -0.000105260435 -4.10215616
64 69 87 94 3 -0.000167366015 -4.51981831
102 102 113 120 3 -9.9299883e-05 -4.79202271
140 147 77 100 1 -0.000109670669 -3.58111668
198 205 66 101 2 -0.0018744627 -5.03781462
79 81 132 140 2 -0.000119445496 -4.44401598
148 152 101 112 3 -0.000122545272 -4.19412661
100 105 118 153 3 -0.000533662795 -4.91929483
125 132 81 112 1 -0.000290263153 -4.61496019
71 75 108 143 1 -6.47301858e-05 -4.27424431
75 81 111 119 2 -0.000199193382 -2.94280457
91 91 116 151 3 -0.00025879321 -4.53936291
76 79 123 129 0 -7.98700876e-06 -6.29472542
110 110 125 130 3 -9.87036619e-05 -5.55162048
127 128 137 144 4 -0.000448549457 -5.64709616
63 71 165 170 2 -4.95906716e-05 -6.18291283
107 108 122 129 3 -2.14575957e-05 -8.54612732
174 174 99 104 2 -0.000292170269 -3.5959177
0 0 0 0 2 -0.00166918442 5.46772242
65 66 204 239 3 -0.00974709168 -4.20649004
35 35 65 100 3 -9.79886536e-05 -6.14217281
91 99 123 158 2 -2.93253579e-05 -9.76758575
0 0 0 0 1 -0.00574062765 5.21296501
63 69 88 123 1 -4.51800952e-05 -5.41660786
98 101 51 86 0 -1.09672355e-05 -7.72153044
0 0 0 0 3 -0.00441847928 3.27751899
0 0 0 0 3 -1.24369693 7.58172703
73 78 29 64 3 -0.000325426576 -4.46370506
99 103 54 89 1 -9.8822522e-05 -3.01178169
113 117 22 45 1 -6.52069575e-05 -3.92310095
80 81 91 102 3 -6.36570112e-05 -5.02367353
63 63 80 91 2 -0.000167246311 -4.63447714
0 0 0 0 2 -0.0383642949 5.7786212
89 89 111 142 3 -0.00594864646 -3.28811598
98 102 110 114 1 -7.2478404e-05 -5.97838974
0 0 0 0 4 -0.617406607 10.5766153
111 112 70 77 1 -2.31265403e-05 -5.56403971
0 0 0 0 3 -0.00321981544 3.72419715
18 24 28 63 2 -0.000350449292 -5.58537436
97 100 112 123 3 -0.000154611451 -5.59505367
173 175 117 152 2 -0.00018393519 -6.88153982
41 41 60 67 3 -0.00010084972 -4.7453208
145 147 118 133 1 -5.38819586e-05 -4.77676296
84 91 62 69 0 -6.35379256e-05 -4.23066902
103 109 59 62 0 -2.52722657e-05 -3.12509251
149 156 172 178 0 -0.000441121665 -2.39520168
118 118 34 69 2 -0.000102160106 -3.43738747
17 17 38 40 3 -0.000154015652 -5.225914
88 93 38 73 3 -0.000153894944 -4.64237165
107 108 38 41 2 -0.00028811532 -3.18513346
51 53 69 77 1 -0.00261336518 -1.14783967
149 155 100 110 1 -0.000253550068 -2.91787004
46 51 66 101 0 -4.45835794e-05 -4.86640263
72 75 38 49 2 -7.71272826e-05 -3.92841506
128 129 109 113 3 -0.000305866561 -3.49593616
56 60 103 111 1 -0.000125048216 -5.61931705
32 35 79 114 1 -0.000240188485 -4.29718637
65 70 88 111 2 -4.5776098e-05 -4.27253866
61 69 28 35 1 -6.78293654e-05 -6.44214678
116 118 46 50 2 -6.27035406e-05 -4.34357691
146 148 76 84 2 -0.000126716099 -6.65755367
81 81 59 66 2 -0.000121591278 -4.09570646
12 13 18 21 4 -0.00123419974 -3.86701274
12 16 20 43 0 -0.000572371646 -4.06260109
119 123 132 163 4 -0.00580791105 -1.99725235
99 102 68 75 3 -2.38417779e-05 -5.6342659
56 56 69 104 3 -0.00011539297 -6.65909243
93 93 58 81 4 -0.000345092179 -2.67016029
36 38 46 77 2 -0.000247470918 -4.96813059
28 32 64 71 4 -0.0062826667 -2.45939326
163 163 119 122 3 -0.000177498005 -5.4248805
60 60 72 79 2 -0.000344857865 -4.39942026
160 168 94 109 2 -3.21863372e-05 -6.1210475
91 98 114 123 1 -9.44119747e-05 -4.36012316
111 112 46 50 4 -0.00015711489 -4.55613852
53 56 76 99 3 -0.000145431201 -5.86924458
56 61 71 78 3 -1.3828253e-05 -5.76607561
44 45 54 56 2 -9.6558033e-05 -3.9737699
46 48 52 75 1 -0.00455943681 -0.671369195
50 55 36 40 1 -0.00010156491 -4.9927206
39 40 44 49 2 -0.0115939463 -7.18225145
35 38 72 107 2 -9.34588024e-05 -3.06628919
61 69 98 133 0 -1.83581888e-05 -3.73105693
96 96 40 42 2 -0.000163670062 -3.96501899
62 66 74 109 3 -0.000217192108 -4.38352251
105 110 52 57 0 -2.4080131e-05 -1.47693884
56 56 88 90 3 -0.000149961968 -4.51333666
37 37 55 58 3 -0.000258793356 -6.50538874
57 58 75 110 3 -0.000162119759 -4.07774544
54 55 67 71 2 -6.10346797e-05 -4.27326107
140 141 37 72 2 -1.44243004e-05 -5.80440044
72 78 96 111 2 -9.15514393e-05 -4.30775213
86 86 29 64 3 -0.000133033333 -4.31548071
60 66 77 83 0 -1.85966092e-05 -3.1367867
50 50 61 66 3 -6.55644399e-05 -5.28065872
66 66 45 51 3 -8.85714471e-05 -4.77916288
41 41 132 155 3 -0.000461547927 -4.83409166
117 117 34 57 3 -0.000108479013 -5.34274054
4 4 7 42 3 -0.0148570286 -4.04050255
59 59 75 106 3 -0.00019871688 -5.30504751
86 89 69 71 2 -5.75777012e-05 -4.05095911
41 41 109 140 3 -0.00100385235 -4.30386925
29 31 35 58 2 -0.000545576273 -7.51398182
108 109 92 103 3 -0.000165697056 -5.37162399
143 146 34 65 2 -0.000613759155 -2.69120598
114 114 88 94 2 -0.000149127853 -5.05833292
35 35 68 103 2 -3.37360871e-05 -7.16165113
173 176 49 80 2 -0.00153886655 -2.46087742
41 45 53 58 2 -3.95772768e-05 -3.53372097
89 93 105 140 1 -0.00011026609 -3.94546986
57 57 77 112 3 -3.99348901e-05 -6.59029531
130 130 66 101 3 -0.000199310729 -6.09017038
77 83 101 132 1 -9.83453356e-05 -4.00043774
130 131 152 155 2 -0.00038109126 -2.92606235
69 69 112 147 3 -6.78290089e-05 -5.09594965
148 149 49 80 3 -0.000204200216 -4.17616606
50 52 90 101 1 -0.000849452394 -1.76629627
91 92 49 84 2 -0.000225298078 -5.0192275
127 127 76 83 2 -0.000108121269 -5.69858408
17 20 41 44 2 -0.000264390867 -7.82609749
15 17 49 56 1 -0.000346858898 -4.91991806
85 87 20 25 2 -0.000112174166 -4.34852505
89 89 71 73 2 -2.49146669e-05 -4.29127073
51 55 66 77 2 -2.30073256e-05 -5.3741827
0 0 0 0 3 -0.0111640636 5.32732058
0 0 0 0 3 -0.0415307097 7.45708895
0 0 0 0 2 -0.216526091 8.09914207
0 0 0 0 3 -0.0141852899 7.21368456
0 0 0 0 3 -0.190824017 6.56919575
0 0 0 0 3 -0.0102431793 8.20480442
0 0 0 0 2 -0.00524483994 8.31926441
0 0 0 0 2 -0.0327053927 9.29384518
0 0 0 0 3 -0.00473806495 5.32841396
0 0 0 0 2 -0.449076802 9.58006096
0 0 0 0 2 -0.297848523 9.73371124
0 0 0 0 3 -0.728380382 8.57692719
0 0 0 0 2 -0.00726205762 8.37014389
0 0 0 0 0 -0.0869139284 10.4381552
0 0 0 0 3 -0.276141703 8.18258953
0 0 0 0 3 -0.0355324857 8.86606884
0 0 0 0 2 -0.00692932494 6.39246321
0 0 0 0 2 -0.0124201234 8.41477776
103 106 119 126 2 -6.00809581e-05 -6.49957561
53 59 126 128 1 -7.1286413e-05 -3.53558969
69 79 50 57 0 -2.2888089e-05 -2.25357533
22 23 27 62 2 -0.00104706385 -4.17385101
50 51 66 101 1 -5.68617543e-05 -4.66455507
133 136 70 105 3 -3.33784556e-05 -5.12299824
103 108 92 98 1 -5.26901204e-05 -3.95947886
143 146 93 128 1 -9.53661802e-05 -4.34900427
0 0 0 0 2 -0.363035887 10.0587845
125 126 98 106 3 -0.000105498315 -6.64280128
124 131 142 147 0 -7.56967784e-05 -4.03857613
113 114 125 131 2 -0.000100015153 -5.23697948
128 131 77 112 2 -2.27688943e-05 -6.93063736
35 42 52 58 0 -1.66892551e-05 -3.41582847
156 160 126 141 0 -0.000131485343 -2.56567192
55 59 73 104 3 -0.000145670041 -4.60560799
132 133 104 127 3 -0.000513020728 -6.06563997
141 145 51 82 1 -3.70738708e-05 -4.09669495
52 52 88 99 3 -0.000118849501 -5.35993433
94 102 214 220 0 -0.00439560506 -2.31109715
60 66 74 76 1 -6.91407986e-05 -6.23728418
73 77 92 123 3 -4.86371027e-05 -5.36340427
46 50 60 67 4 -0.000533236307 -3.34016967
52 57 79 114 1 -0.00031504975 -3.86024022
55 57 116 151 1 -3.20671352e-05 -6.23233652
71 74 113 148 4 -0.000129816675 -1.06991684
96 101 37 68 4 -0.000138399628 -2.48497057
37 37 49 60 4 -0.000232570979 -4.18186426
20 24 120 123 4 -0.000337942707 -1.6503644
0 0 0 0 3 -0.68424952 8.80615616
0 0 0 0 1 -0.00342547474 4.42398977
21 23 38 73 1 -8.74978577e-05 -3.99812269
53 57 111 146 0 -4.41071461e-05 -4.31116724
0 0 0 0 1 -0.176588491 8.78182316
0 0 0 0 3 -0.0862391964 7.20002651
91 95 121 128 2 -5.24517563e-05 -5.46991968
52 56 121 124 1 -5.12596744e-05 -4.48051596
0 0 0 0 1 -0.75631398 8.50510788
72 77 89 94 0 -1.3232212e-05 -3.49653363
118 124 139 141 0 -1.51395489e-05 -4.13210154
0 0 0 0 2 -0.00359644089 5.57394361
134 135 74 82 2 -0.000364525273 -4.07340527
87 91 107 109 2 -5.50742698e-05 -5.10689926
34 40 48 50 0 -2.43186096e-05 -4.61434126
138 142 88 123 3 -4.62529424e-05 -5.73135662
0 0 0 0 3 -0.0262698531 9.23113728
127 130 77 85 2 -0.00060683355 -2.98415804
115 123 59 67 1 -9.56047879e-05 -4.26852036
0 0 0 0 1 -0.0730442032 9.15234852
10 12 22 25 2 -0.00231913105 -0.514725864
9 13 123 126 2 -0.000876400038 -3.18645525
25 30 91 95 1 -0.000147339044 -2.93574071
66 72 55 57 1 -4.23190759e-05 -3.48362517
98 100 53 56 2 -9.7035183e-05 -4.18101835
58 62 118 121 2 -6.03192821e-05 -5.29078245
0 0 0 0 3 -0.030150814 8.16778374
48 54 64 72 3 -5.86503229e-05 -6.0346365
113 118 56 91 3 -8.96440615e-05 -5.17838478
119 123 51 86 1 -0.000104544641 -4.15207577
126 128 146 181 2 -0.000477520109 -5.19622374
44 47 92 99 2 -0.000273930928 -3.8762784
61 69 79 85 0 -1.84773962e-05 -4.43071461
114 115 36 38 3 -0.000117419171 -4.9508276
151 154 51 86 3 -7.97501998e-05 -5.32447338
144 148 44 79 3 -0.000176306392 -4.77290773
90 91 74 79 2 -2.95637947e-05 -4.25422239
97 97 110 145 2 -0.000142094737 -4.3677187
0 0 0 0 4 -0.00033269421 1.02707946
100 104 42 73 3 -0.0228520222 -1.21534681
76 84 46 54 3 -4.79218652e-05 -5.62765455
89 94 107 118 4 -4.89946797e-05 -4.68668795
155 161 108 139 1 -0.000160928757 -4.0498414
130 130 59 94 4 -0.000252712955 -4.04107714
0 0 0 0 2 -0.0135325883 8.08500385
86 86 37 40 4 -0.00348925032 -3.43916082
104 104 65 70 4 -0.000212544721 -5.56421757
112 112 62 97 3 -0.000144598118 -5.05604696
195 198 99 106 2 -0.000105498308 -5.74121094
135 135 76 83 2 -0.000509942765 -3.75918269
81 81 40 47 3 -2.83717018e-05 -5.46276045
119 121 166 177 3 -0.000102995298 -7.00895643
112 118 51 53 0 -3.58817269e-05 -1.75911665
75 75 82 84 3 -0.000239960224 -3.65037036
46 49 64 99 3 -1.46627171e-05 -6.39230394
60 66 79 84 1 -0.000112531488 -4.64057159
101 102 38 61 1 -7.3551164e-05 -4.45006084
110 117 90 92 0 -0.000113127564 -4.84823084
200 205 135 142 1 -0.000253068923 -5.43419504
0 0 0 0 2 -0.244345993 8.51706123
23 26 77 88 2 -0.000481208903 -5.57020426
41 43 50 85 1 -0.000204188895 -3.28715348
0 0 0 0 2 -0.669196188 7.02813339
0 0 0 0 2 -0.0506959446 7.7732048
151 156 70 105 2 -9.91809575e-05 -4.13878155
39 43 55 58 3 -2.45570372e-05 -5.33909512
92 97 40 63 3 -0.00017857131 -5.92993498
0 0 0 0 2 -0.358946174 8.09144974
54 63 76 87 0 -1.80005572e-05 -5.57676983
118 126 71 106 3 -0.000369409681 -6.09285402
71 74 89 94 4 -0.000871889526 -4.34403276
0 0 0 0 2 -0.00242179492 5.8881135
0 0 0 0 1 -0.00331287226 5.90894604
91 96 113 121 2 -7.61739939e-05 -3.71122551
197 200 55 63 2 -2.63451548e-05 -6.52350855
40 42 50 58 2 -3.57626159e-05 -4.37243557
148 151 35 70 3 -2.07423655e-05 -5.92048597
45 45 61 65 3 -0.000216000597 -5.10270262
175 175 109 144 2 -0.00987087563 -1.71794045
0 0 0 0 1 -0.00368693005 3.95926428
95 96 38 42 4 -0.00161638006 0.3464261
101 104 52 87 1 -5.24515708e-05 -4.46348763
44 44 75 78 3 -0.000349265145 -3.61116171
29 33 38 47 4 -0.000112650676 -4.90857077
118 122 135 150 3 -0.000195852321 -4.46964741
50 54 30 37 2 -4.99482521e-05 -3.87964821
45 48 22 28 1 -7.42663105e-05 -4.32938814
0 0 0 0 3 -0.548421621 10.0422125
115 120 129 136 4 -0.000136490009 -4.56596708
106 108 66 101 3 -0.00652756728 -7.59903908
68 71 80 115 3 -4.4703258e-05 -6.14509439
0 0 0 0 0 -0.0725357756 10.7052507
42 46 20 27 2 -7.30743996e-05 -4.7101841
0 0 0 0 1 -0.819432795 9.40778065
118 120 163 186 3 -0.00436292216 -4.57426453
39 39 44 55 2 -0.000109789697 -5.69196939
218 220 105 140 2 -0.00768245477 -2.2135551
0 0 0 0 2 -0.147608399 8.60822678
72 77 92 103 3 -7.11672328e-05 -5.68989468
136 142 157 192 1 -0.000527097844 -3.57044792
117 123 99 105 1 -2.12191662e-05 -6.69106627
63 63 78 81 4 -0.0005721575 -4.03313589
56 59 81 116 2 -0.000139352298 -7.69570303
49 57 68 83 2 -0.000180120551 -3.55938101
58 61 174 209 2 -2.89677373e-05 -8.26150894
69 75 87 90 0 -0.000131246619 -2.32077003
75 82 110 113 0 -0.000834389357 0.206259042
121 123 48 83 2 -0.000112769689 -3.38907671
117 118 42 47 2 -0.000119803299 -3.91453028
61 63 77 84 1 -7.92733772e-05 -6.03636312
93 97 117 152 4 -0.000163551624 -3.14451313
95 98 73 76 1 -7.99886038e-05 -3.60444117
97 102 123 158 4 -0.000171776919 -4.42662954
75 76 38 42 1 -0.000208609097 -5.20954323
128 132 65 69 2 -0.000530205492 -5.68916178
103 104 113 119 4 -5.30475008e-05 -5.87835884
115 120 139 144 1 -0.000828292803 -3.39630365
110 114 96 99 0 -1.21593275e-05 -3.71245122
74 75 104 135 2 -4.50606713e-05 -5.51404428
91 91 126 141 2 -0.000259865395 -5.45906258
78 84 93 128 2 -4.1126983e-05 -6.54933929
48 55 81 85 0 -3.56432938e-05 -3.53938293
170 173 39 41 2 -3.08749768e-05 -5.17279196
72 79 48 53 0 -4.23190504e-05 -3.33220911
23 26 52 58 4 -0.000617192651 -2.97441006
103 107 122 133 2 -2.63451748e-05 -7.0638938
116 121 86 88 2 -5.63855428e-05 -3.1137023
66 66 49 51 4 -0.000269759505 -4.90534163
0 0 0 0 3 -0.00499821594 5.74693537
79 83 102 107 2 -0.00012635946 -6.09452724
0 0 0 0 2 -0.111269549 6.03861809
0 0 0 0 2 -0.277749985 8.21838856
127 127 103 105 3 -0.000215643493 -4.82636261
63 65 76 80 2 -8.52336379e-05 -4.45962715
90 94 123 158 3 -0.00011455662 -5.18207216
0 0 0 0 2 -0.00127846538 4.42329407
0 0 0 0 2 -0.118387021 8.43638134
48 60 30 37 0 -3.89811539e-05 -2.84299541
31 37 83 98 0 -0.000133750305 -2.22962809
142 145 158 162 4 -0.00036762486 -3.25506616
130 132 151 162 2 -0.000143644356 -3.91716719
44 50 54 59 2 -0.000631951902 -4.89451599
58 65 74 81 0 -2.00270842e-05 -2.7358048
152 153 99 104 2 -2.84909202e-05 -5.75503922
73 81 21 56 2 -2.88485244e-05 -6.76748562
46 53 80 95 2 -0.000155563786 -2.49603391
0 0 0 0 0 -0.0405777916 7.82651806
100 102 110 117 2 -6.65181869e-05 -4.31582689
7 10 16 51 4 -0.000455098983 -4.51462126
41 41 71 106 3 -0.000255454594 -5.13139009
48 49 70 105 2 -1.56163842e-05 -7.24730778
0 0 0 0 2 -0.158336177 9.62361336
68 74 149 158 2 -0.000570703996 -4.88662291
174 176 191 195 1 -0.000150200125 -3.04910779
63 63 78 86 3 -0.000171537613 -4.74149418
0 0 0 0 2 -0.017046513 3.9514184
57 59 98 133 2 -0.000266421644 -3.90864277
62 64 89 96 2 -2.82524197e-05 -5.95932674
30 34 42 77 2 -0.00124753849 -2.65482831
0 0 0 0 2 -0.262360752 8.32756233
54 58 107 111 4 -7.03328333e-05 -3.58887935
107 111 122 157 2 -0.000154253765 -5.36463642
0 0 0 0 3 -0.0035575584 5.17963791
0 0 0 0 1 -0.0118882414 7.91354036
49 50 126 149 3 -0.000159379313 -4.14151573
12 20 32 36 2 -0.000252594997 -3.844275
34 39 108 113 2 -9.7391996e-05 -5.98151684
11 16 29 34 3 -0.0322519019 0.688143313
102 108 139 147 3 -6.99752782e-05 -5.00201082
0 0 0 0 3 -0.00165807933 3.95951176
43 45 211 218 2 -0.000159614749 -5.32986403
36 36 155 158 3 -0.000137564886 -4.90239429
103 111 65 68 0 -2.82524488e-05 -3.57524061
0 0 0 0 3 -0.403618634 6.1156435
115 115 93 104 3 -0.000598239654 -4.9551096
59 63 80 82 3 -0.000127432373 -2.95347428
69 72 213 228 3 -0.00229243282 -5.80986691
141 143 60 95 1 -0.000101207479 -5.296
0 0 0 0 1 -0.127824172 7.14126635
112 112 54 61 3 -0.000117419462 -5.6129694
48 54 78 113 0 -1.23977479e-05 -4.04846668
51 52 73 76 4 -0.000202770025 -4.49164057
92 97 114 119 2 -0.000432461326 -1.89677083
51 57 103 138 1 -0.000115509785 -5.30059481
82 87 55 57 4 -0.00013506168 -2.41677904
61 65 77 81 4 -0.000182265954 -4.71029711
0 0 0 0 2 -0.0147179924 9.41447163
0 0 0 0 3 -0.25871557 7.77730989
0 0 0 0 4 -0.0284186117 6.51477528
30 32 52 87 1 -0.0140284747 -5.12587118
40 44 78 101 2 -2.05039451e-05 -5.46916485
104 105 34 40 2 -1.01327778e-05 -6.99452209
118 120 83 86 2 -4.58952018e-05 -4.49049664
18 18 34 39 2 -0.000626626657 -4.00230122
42 45 63 98 2 -7.15254919e-06 -5.80596828
0 0 0 0 1 -0.0662119687 8.41434574
56 59 42 45 1 -8.79753934e-05 -5.90861082
86 86 53 56 2 -7.08096632e-05 -3.71903896
52 54 71 86 2 -1.64508529e-05 -5.6458497
80 81 115 150 3 -1.8119772e-05 -7.06642485
78 82 40 48 0 -2.59875196e-05 -1.46519065
209 213 180 187 2 -0.011895217 -7.32550335
0 0 0 0 3 -0.287798226 9.0464077
96 102 167 176 1 -0.00107985619 -3.10829306
55 55 84 88 4 -0.000857139588 -3.69640899
114 117 130 132 2 -0.000295859936 -0.790374875
88 94 53 56 2 -4.12462177e-05 -3.01142931
0 0 0 0 3 -0.178797707 8.7808609
0 0 0 0 2 -0.220851645 8.07936954
52 52 74 77 2 -7.06903375e-05 -4.83128166
15 18 68 103 2 -0.000346763118 -2.88889146
46 48 96 111 2 -0.000142209479 -7.36949444
0 0 0 0 2 -0.0462405831 9.02198219
31 34 40 75 4 -0.000148174484 -3.43532991
0 0 0 0 1 -0.147296891 8.96920586
103 104 56 59 2 -0.00485493569 -1.56432819
0 0 0 0 0 -0.708733022 12.2086573
0 0 0 0 2 -0.270224571 9.60539913
154 160 61 96 1 -4.24382124e-05 -5.07274437
54 58 75 106 2 -6.1153929e-05 -4.39773083
120 121 94 98 2 -1.45435079e-05 -7.89130592
29 32 56 61 2 -0.000161763324 -3.1280539
83 85 91 95 2 -3.34976539e-05 -5.3393693
0 0 0 0 4 -0.0578732044 8.50750256
80 87 101 103 0 -0.000692635949 -0.551300049
53 57 68 74 4 -0.0288390517 -0.908588052
117 119 172 195 2 -0.00022684611 -5.58796549
25 25 38 73 2 -5.2690033e-05 -3.9588778
83 86 118 124 2 -3.56434102e-05 -4.66444302
0 0 0 0 2 -0.0133760273 6.59560871
46 50 63 98 0 -5.71002674e-05 -3.16539979
75 78 57 59 3 -0.000101922342 -4.24392462
48 48 60 68 3 -0.000206702287 -2.87692714
145 146 192 194 2 -0.000224221629 -2.96692395
55 59 127 131 3 -8.49952485e-05 -5.07281923
42 43 174 179 2 -0.00018214513 -3.97246099
110 115 47 54 1 -0.000152583409 -5.31113291
89 95 38 40 3 -0.000125406033 -4.67257786
30 30 43 46 2 -0.000169629988 -3.21391153
84 87 104 113 2 -0.000452724489 -3.12634373
93 94 157 163 2 -8.60680011e-05 -4.87870169
89 89 65 73 4 -0.000351770374 -4.59069014
0 0 0 0 3 -0.0659239516 8.35889339
41 44 92 127 0 -0.00016533985 -2.07042384
110 115 52 87 1 -4.79218579e-05 -5.22624302
148 151 65 71 2 -4.49416475e-05 -4.89021826
0 0 0 0 2 -0.126155645 7.88597059
39 41 58 93 2 -1.18017015e-05 -6.02120972
30 36 94 105 1 -9.16705176e-05 -4.6627121
92 97 115 150 4 -0.000483720039 -4.04780388
97 97 171 206 2 -0.00147041259 -4.08130693
0 0 0 0 2 -0.495816886 10.3024673
43 43 124 131 2 -0.000221241964 -3.9846139
103 103 87 92 3 -4.36303526e-05 -5.14095974
51 52 27 35 1 -0.00101131666 -5.02497005
97 103 125 131 0 -5.09014899e-05 -3.25591254
153 156 172 177 2 -0.000364163425 -3.30556226
50 54 73 84 1 -3.96965152e-05 -4.63698959
109 119 96 99 0 -4.1723044e-05 -2.81954861
0 0 0 0 2 -0.579367757 10.5190992
75 81 89 93 0 -2.3722534e-05 -4.47991705
190 195 79 86 0 -0.00026165595 -2.66948295
0 0 0 0 2 -0.286934733 1.33547199
43 43 107 115 2 -0.00109069457 -2.33881545
95 96 103 110 3 -3.39744802e-05 -5.83563995
101 101 115 121 3 -0.000263202674 -4.56006289
45 47 62 68 1 -0.000632120762 -4.64001608
171 171 98 103 3 -8.39224085e-05 -5.41880894
59 64 83 91 0 -0.000184054457 -2.3162632
0 0 0 0 3 -0.00647531264 6.52620029
0 0 0 0 2 -0.0472841188 7.31856537
0 0 0 0 2 -0.00410054252 8.41855907
59 59 85 120 3 -0.000111220819 -5.05291557
66 72 148 154 1 -0.00679874746 -2.95157862
62 64 85 88 2 -3.36168669e-05 -4.96308279
52 53 64 66 2 -9.36971919e-05 -5.87773132
79 80 59 70 2 -4.26766928e-05 -3.61772537
58 58 153 164 2 -0.000119922166 -4.7157321
40 44 105 128 3 -3.7312333e-05 -5.33449316
86 89 102 105 0 -4.31531917e-05 -2.74588203
111 119 128 143 0 -3.29016293e-05 -4.95707798
0 0 0 0 2 -0.002292783 7.0817132
54 56 65 88 1 -0.000103233862 -5.14610481
59 62 100 108 0 -0.00235666172 -1.32487357
99 99 113 117 2 -0.000103113984 -6.52842379
112 115 127 162 2 -4.970999e-05 -6.4475317
34 41 57 63 0 -5.35244471e-05 -4.89596796
101 102 133 168 2 -3.08750532e-05 -5.4305048
156 156 91 122 3 -0.000407156855 -6.73272038
115 123 53 88 2 -6.41340448e-05 -5.96552086
33 34 86 93 3 -8.43991438e-05 -5.28096151
62 62 139 143 2 -0.000129935303 -6.41709661
18 18 92 99 3 -0.000826362986 -3.85279846
145 146 59 63 2 -3.96964861e-05 -5.90056276
214 221 111 146 3 -0.00905879587 -5.37627506
48 51 81 92 3 -3.56434211e-05 -4.56610107
61 67 77 84 1 -4.48224382e-05 -7.32416248
166 166 112 147 2 -0.000166650483 -5.44841909
36 40 109 144 4 -0.000290382857 -3.70973372
42 47 57 64 2 -6.75910705e-05 -3.76548743
0 0 0 0 3 -0.0540160649 8.96257305
109 115 167 182 3 -8.36839608e-05 -4.36439276
53 61 73 108 1 -1.90734463e-05 -6.6064887
0 0 0 0 2 -0.0748125836 7.32404423
52 57 76 107 3 -6.18691556e-05 -4.53732014
67 67 83 118 3 -0.000101803329 -3.79400373
138 142 119 123 2 -0.000115035116 -5.65498829
55 58 115 146 1 -0.000213017178 -5.04728985
185 189 93 96 2 -0.00025950413 -6.25023365
36 41 49 60 1 -7.56969384e-05 -5.41707468
0 0 0 0 4 -0.0150834695 7.47252941
72 83 97 105 0 -1.68084625e-05 -2.97798681
86 93 110 117 1 -6.79479926e-05 -4.54395199
145 150 39 74 3 -6.52068629e-05 -5.14881182
120 122 139 147 2 -0.0221679639 -1.07362282
61 69 162 197 0 -0.000326141308 -3.13754749
54 57 67 102 2 -4.32727647e-05 -7.48870373
0 0 0 0 3 -0.601607621 10.2181177
59 59 136 167 3 -0.00101266231 -3.84589791
55 55 92 95 4 -0.000329594855 -4.35852718
133 137 55 86 1 -0.00023853124 -3.07724547
0 0 0 0 2 -0.71938175 7.96405268
0 0 0 0 2 -0.772362173 10.3989229
101 101 117 152 2 -0.00012039952 -6.21956301
155 160 56 79 0 -2.00270915e-05 -7.39289999
129 130 76 83 2 -2.65835733e-05 -5.077703
0 0 0 0 2 -0.814152777 6.34984016
76 80 56 61 3 -2.34841336e-05 -5.64398003
69 74 44 52 3 -0.00121188653 -2.56883073
145 147 118 124 2 -0.000400509918 -3.97197413
116 116 132 141 3 -0.00923000928 -2.78656793
0 0 0 0 3 -0.0134215122 6.49755049
40 44 49 56 4 -0.000427788851 -4.52682543
27 28 39 43 4 -0.0080902176 -3.57029605
0 0 0 0 1 -0.0435581505 2.05840278
0 0 0 0 3 -0.623248458 9.30423737
46 52 123 158 0 -0.00011109998 -4.22124577
60 64 41 48 2 -1.77621441e-05 -7.49550486
128 132 151 174 2 -0.00229828153 -0.73719424
88 91 21 28 1 -5.45974181e-05 -4.7442565
63 67 49 52 0 -1.88350259e-05 -2.39773965
47 51 67 72 0 -2.69412212e-05 -2.07116103
37 39 98 105 2 -0.00019454358 -3.9034133
0 0 0 0 2 -0.00216599205 4.91700506
113 116 35 66 2 -0.000753867964 -5.08344269
15 20 34 49 1 -8.7141023e-05 -5.0314641
96 102 112 127 2 -1.0132776e-05 -8.04128361
84 88 50 55 3 -0.00018787013 -5.27169609
88 94 123 134 0 -0.000570596429 -1.93514216
31 32 43 78 3 -1.90734409e-05 -6.0909152
98 99 112 120 2 -4.27958694e-05 -6.2152319
81 82 184 219 3 -0.000198716676 -4.5583806
99 104 119 125 4 -0.000376675947 -0.549458802
45 52 65 100 1 -9.45306092e-05 -6.61371803
52 54 65 80 2 -0.00196510018 -1.1604991
55 60 78 113 2 -1.83581833e-05 -7.60387468
57 62 148 156 1 -6.50875882e-05 -3.62406421
54 58 27 31 1 -0.000101206882 -2.86113143
77 79 124 133 2 -0.016459994 -0.969753444
55 58 74 78 3 -3.00405991e-05 -5.32530022
105 108 141 164 2 -6.48490895e-05 -6.51769018
110 114 70 78 1 -0.000189179977 -3.99429059
129 132 77 112 2 -3.20671679e-05 -4.15143585
48 48 67 102 3 -1.91926447e-05 -4.92424822
80 81 29 64 2 -3.27823436e-05 -4.76548195
55 55 87 122 4 -0.000988110318 -3.6608243
100 102 41 64 3 -1.58548046e-05 -6.83776569
81 84 97 132 3 -3.24247958e-05 -5.65020084
0 0 0 0 2 -0.0102384463 7.69669247
143 147 117 121 2 -2.08615802e-05 -6.95666265
102 110 48 79 2 -0.0443759933 -2.20821428
0 0 0 0 4 -0.00519314595 6.46509027
22 26 80 115 3 -2.16960434e-05 -6.90805578
33 41 81 116 0 -9.65594154e-06 -4.8941021
106 110 121 156 3 -8.10614583e-05 -5.4425087
192 198 47 82 3 -0.000267853437 -5.86697531
83 83 45 60 2 -9.52470436e-05 -3.24876118
18 21 26 61 4 -0.00290287938 -2.34106088
55 61 40 43 2 -2.28881054e-05 -4.57223272
128 133 55 90 4 -0.000574525795 -2.88650656
143 144 68 103 3 -0.000157709452 -6.08288431
40 41 51 66 4 -0.000144956066 -3.73243928
0 0 0 0 2 -0.455076635 10.4355135
61 64 128 135 2 -4.99483358e-05 -5.84758759
83 87 97 104 2 -1.01327778e-05 -5.46851063
164 167 58 81 2 -7.78427857e-05 -6.55741596
44 46 65 100 2 -7.99886402e-05 -3.8522296
74 74 28 63 2 -7.72468193e-05 -6.22831821
27 35 66 101 1 -0.00013196237 -4.71431303
87 91 19 34 1 -5.32862359e-05 -4.49606085
71 72 81 92 3 -2.59875451e-05 -4.83984423
142 145 59 65 0 -0.000155322123 -2.56162024
119 123 96 103 3 -3.80275924e-05 -5.76868868
95 96 108 110 2 -0.000114558425 -4.42216873
42 52 60 62 0 -2.76563442e-05 -1.901806
48 48 58 93 3 -6.00808999e-05 -5.20660591
39 39 72 107 4 -0.00027357589 -4.70556641
99 106 71 86 3 -2.87293551e-05 -5.68874121
72 76 86 93 3 -0.000124452228 -5.48381233
63 68 41 45 4 -0.000203005504 -3.90395689
96 96 125 131 3 -0.000152942026 -4.80968618
127 129 83 118 4 -0.000228039004 -3.7250576
100 105 47 49 4 -0.000196213761 -3.40717745
39 43 55 62 1 -3.32592572e-05 -4.55061007
0 0 0 0 2 -0.00387336174 7.07991362
0 0 0 0 3 -0.656138599 7.12518597
111 115 47 51 2 -0.000163192861 -5.97584867
75 77 61 64 1 -0.000109432716 -3.53349781
68 75 91 97 3 -6.05578462e-05 -4.99167728
50 51 68 71 2 -8.58305975e-06 -4.31307697
71 77 109 144 0 -0.000184641816 -3.71967864
102 102 114 137 3 -0.165774569 -1.12730265
0 0 0 0 1 -0.0993179083 7.81914091
0 0 0 0 2 -0.347355127 8.92071247
134 139 51 59 4 -7.09289525e-05 -4.0517168
0 0 0 0 2 -0.541746736 8.24747086
26 34 38 49 2 -8.45183531e-05 -8.42342472
0 0 0 0 2 -0.00547663914 7.37700653
119 119 68 103 3 -4.38687857e-05 -4.40835142
47 51 116 151 4 -0.000168200277 -3.00583267
52 52 61 68 3 -5.55509359e-05 -5.27828026
90 95 40 75 1 -3.57625431e-05 -5.26756191
200 200 93 128 3 -9.17899815e-05 -4.61102819
0 0 0 0 2 -0.0706194192 8.24428082
92 98 46 81 3 -5.60279477e-05 -5.12781525
113 117 48 53 0 -2.63451311e-05 -2.73484182
103 103 86 93 2 -0.000388719433 -1.54483068
215 218 165 200 3 -0.0401819423 -0.66505748
140 152 47 82 2 -1.49887919 -3.03724408
0 0 0 0 2 -0.00177807908 5.96159506
105 107 54 85 1 -0.000109313303 -4.62483025
0 0 0 0 2 -0.0562907085 4.0838728
0 0 0 0 2 -0.316694826 8.1516161
97 101 42 77 4 -0.000218027388 -1.71192181
133 137 86 101 1 -0.000138399177 -3.72891545
101 106 38 41 2 -0.000136014773 -5.21088362
64 68 102 137 3 -0.000442830526 -4.64898825
48 54 170 177 0 -8.16569664e-05 -2.33735323
179 183 202 207 3 -0.000219336216 -6.7177124
97 98 107 130 2 -0.000146147926 -3.81928873
99 102 111 120 3 -0.000123379854 -4.51669979
40 44 95 130 4 -0.000400280871 -4.31424761
53 53 119 121 3 -0.000657622993 -4.06381083
60 61 122 157 3 -3.96965042e-05 -6.71781206
61 61 47 55 2 -0.000191206229 -2.52783585
76 86 138 149 0 -0.00011849148 -2.50633192
104 106 119 134 2 -0.000159379037 -5.33027315
81 81 49 52 3 -0.000896323705 -4.1825943
0 0 0 0 3 -0.414641082 8.80057144
51 51 61 96 3 -8.58294225e-05 -4.9704442
0 0 0 0 4 -0.017801486 6.57360554
97 100 67 82 2 -4.01732941e-05 -5.98373842
141 143 122 127 1 -0.000125763021 -5.98051071
0 0 0 0 2 -0.452803493 9.44833755
57 61 69 72 1 -7.03325059e-05 -6.84464359
82 82 95 106 2 -1.80005663e-05 -4.29549789
146 148 55 62 3 -8.76179547e-05 -6.3176446
63 67 27 31 1 -0.882422805 1.72067571
60 60 72 77 3 -0.000105259809 -7.10405111
0 0 0 0 2 -0.15346244 8.58404255
138 143 54 89 3 -0.000366432039 -5.64669514
52 53 72 79 2 -3.18287603e-05 -5.63688993
51 57 103 110 0 -0.000219571433 -2.51325035
182 185 44 48 1 -5.35245999e-05 -4.42878056
0 0 0 0 1 -0.0432487018 7.32212687
83 87 101 109 3 -4.20806027e-05 -4.46067476
81 86 35 70 3 -4.1126983e-05 -5.64321041
0 0 0 0 3 -0.00274044974 5.25233793
67 68 81 88 2 -0.000228875244 -0.516061544
0 0 0 0 3 -0.127745375 8.19077015
33 35 64 79 1 -0.075311251 0.419817179
46 46 59 64 2 -0.000347575638 -4.50438499
105 108 137 139 2 -0.00039323041 -3.13357258
47 59 71 106 0 -2.19344383e-05 -3.39687347
54 57 135 137 2 -0.000236262247 -3.07045436
77 78 96 131 2 -1.59740175e-05 -8.09247208
60 64 28 35 4 -0.00033830083 -4.34032917
60 68 80 84 0 -5.72197969e-05 -0.792215526
62 67 80 84 2 -4.10077555e-05 -6.11016703
125 128 38 73 3 -0.000139829936 -4.80522823
39 39 95 130 3 -0.00307399035 -3.13899112
49 50 64 99 3 -6.30610011e-05 -5.75766611
57 59 38 45 2 -1.9550278e-05 -5.32423115
0 0 0 0 2 -0.0390492864 8.32162476
50 53 68 79 1 -0.000102518723 -3.92671704
73 74 54 60 2 -3.49281581e-05 -4.76585674
22 23 30 65 2 -0.000490699313 -4.62077141
76 79 87 95 2 -0.000129696404 -4.21209812
0 0 0 0 3 -0.488092244 8.57157326
26 27 97 132 2 -0.000122902478 -5.73404646
92 92 109 144 4 -0.000280248583 -1.26142502
0 0 0 0 2 -0.00386719545 5.79885674
66 68 52 59 2 -8.21340072e-05 -6.27654123
0 0 0 0 3 -0.0288837627 8.19928169
71 71 86 94 3 -0.000158780225 -4.36081934
49 53 65 80 3 -0.00844403356 -4.37730742
54 60 141 147 1 -0.000198238355 -4.44811678
108 117 137 144 1 -5.10210084e-05 -5.41401052
59 60 74 83 1 -0.000149245796 -3.58447886
121 125 51 86 3 -1.10864457e-05 -6.83746958
0 0 0 0 2 -0.00178625458 5.07167721
173 176 120 155 3 -0.000349264068 -5.02805185
46 50 55 70 3 -0.000269278768 -3.49704933
42 45 105 120 3 -0.000219697424 -5.38047981
120 124 53 57 3 -0.000104306746 -4.93653011
31 38 49 64 2 -3.68355213e-05 -6.04275608
46 49 117 152 3 -7.00942983e-05 -5.34820938
0 0 0 0 2 -0.060309954 7.63563919
165 169 207 222 3 -0.000610774034 -4.49556208
49 53 108 143 3 -0.000162955999 -5.21727991
133 136 17 26 1 -0.000401354308 -4.32742167
0 0 0 0 2 -0.00148144073 5.65362549
0 0 0 0 3 -0.790787101 8.12800884
0 0 0 0 2 -0.0197510011 7.41485643
134 135 113 119 3 -4.24381797e-05 -4.65586758
88 95 106 112 0 -4.33918904e-05 -3.53116202
53 55 66 77 2 -1.40666752e-05 -5.43062496
40 46 50 57 0 -0.000474147411 -4.07253885
95 100 109 116 3 -0.000191564643 -4.80639267
158 164 175 180 1 -0.000100968915 -3.96365976
0 0 0 0 4 -0.00222323672 0.809673011
41 45 59 74 3 -4.66105921e-05 -5.22129154
53 57 117 124 1 -4.10077482e-05 -4.98376036
126 126 57 92 2 -0.000326489535 -6.83172226
91 99 56 64 1 -8.59489664e-05 -2.95640182
42 49 24 31 0 -1.25169545e-05 -3.44794917
59 62 75 78 2 -0.0341281779 1.61025929
0 0 0 0 3 -0.0160459746 5.44626999
48 51 67 71 3 -7.4028263e-05 -4.95481586
37 37 86 117 2 -0.00188211061 -3.06438828
79 82 95 98 3 -0.000238883105 -5.60258102
99 103 66 77 2 -0.00352496235 -3.14778137
132 140 52 87 1 -2.01463063e-05 -6.38514709
68 73 49 53 0 -3.86235515e-05 -1.64846909
190 196 102 107 0 -5.67432035e-05 -3.27495432
90 93 39 62 1 -0.000144596212 -1.63370311
157 159 172 195 3 -0.000533899758 -4.67904806
0 0 0 0 2 -0.0129754739 8.6053009
96 100 44 49 1 -0.000117180651 -4.85525799
0 0 0 0 2 -0.0851729214 8.9418478
0 0 0 0 2 -0.00191572134 5.59592104
128 130 47 51 1 -3.94580638e-05 -3.71501613
58 61 112 147 2 -0.00160025433 -5.94855833
214 214 162 197 2 -0.0271034762 -7.93345213
0 0 0 0 2 -0.704660237 9.47254086
130 137 49 84 1 -0.000133512338 -3.83091211
127 131 72 78 0 -0.000219213602 -1.90294158
0 0 0 0 2 -0.00433557527 6.65489292
59 64 33 42 2 -6.02001819e-05 -4.96457815
103 107 81 88 1 -3.87428227e-05 -6.386271
46 48 64 70 1 -1.28163731 1.07719028
113 116 132 163 1 -0.0610089749 -0.168928236
0 0 0 0 2 -0.159029916 8.67122746
45 49 63 70 0 -6.15115569e-05 -0.188496441
0 0 0 0 2 -0.302046835 8.80162716
126 130 44 79 3 -0.000110385809 -5.69828749
116 120 137 172 2 -0.000102876336 -6.63264942
71 73 21 28 1 -7.20017852e-05 -3.50533843
120 126 38 73 2 -7.78427057e-05 -8.93145466
145 148 92 127 4 -0.000317917176 -4.62874985
0 0 0 0 2 -0.155671582 6.80155373
112 113 141 146 1 -0.000167247374 -5.15779877
66 68 80 87 1 -0.000101445752 -5.06587124
80 83 45 51 1 -5.00676069e-05 -4.01642466
22 25 67 75 3 -0.000255336927 -4.21348047
17 21 26 34 1 -0.000339953753 -3.41438246
0 0 0 0 2 -0.0587711483 6.38474369
31 32 76 85 2 -4.42263845e-05 -4.05904484
95 96 48 55 2 -3.68354849e-05 -6.6102972
95 101 45 52 2 -3.52858042e-05 -5.10361958
69 77 127 150 0 -3.17095182e-05 -3.65976071
73 78 44 50 1 -0.000126598286 -5.41123152
132 138 51 59 2 -5.53127393e-05 -8.99572563
188 188 208 217 2 -9.09557275e-05 -6.5136342
82 87 98 133 4 -0.000107763844 -3.13306928
93 96 113 118 2 -0.000219811511 -2.41487265
54 57 73 108 2 -1.16824967e-05 -5.99479389
84 91 64 69 1 -9.22665131e-05 -4.04435205
19 19 82 90 3 -0.000918257167 -3.62560487
0 0 0 0 1 -0.531127393 8.19274139
41 46 62 97 1 -6.11534124e-05 -5.44039297
0 0 0 0 2 -0.00213169982 6.36139965
51 57 171 179 3 -9.04781045e-05 -6.25477457
132 140 150 155 0 -5.32861959e-05 -4.5701232
0 0 0 0 3 -0.678475261 9.76288795
0 0 0 0 4 -0.552346051 7.61782598
43 43 104 108 2 -6.4610882e-05 -5.23903561
106 106 35 41 2 -0.000239244429 -5.99567652
132 137 24 59 3 -6.7471803e-05 -6.45990324
39 44 96 102 0 -3.54048716e-05 -1.93042386
35 35 50 53 2 -0.000194066481 -2.85710549
27 35 43 78 2 -0.003309716 -2.98569775
93 97 113 119 4 -6.90216766e-05 -4.89745188
78 83 25 60 2 -1.77621478e-05 -4.84291029
0 0 0 0 2 -0.00507857464 7.33582354
0 0 0 0 3 -0.0082216002 5.13872814
82 82 98 106 3 -0.00017451786 -5.36763477
129 131 27 62 1 -2.72988109e-05 -5.25847197
119 120 134 141 2 -8.39213681e-05 -6.92351627
100 103 116 123 4 -0.00054141297 -3.48200274
127 131 51 86 4 -6.43725652e-05 -3.43478322
135 135 104 111 2 -3.54050135e-05 -5.22321606
0 0 0 0 3 -0.610855222 10.0261002
123 127 104 111 3 -8.7379216e-05 -6.44653225
104 108 75 90 3 -0.00010430636 -4.12427521
101 104 51 86 4 -0.000213378924 -2.97243547
0 0 0 0 1 -0.000718846335 7.29284096
123 129 39 47 0 -2.26497068e-05 -3.47365236
86 86 124 155 2 -0.000959626457 -2.39614487
88 90 74 78 2 -3.62394348e-05 -3.90718079
171 175 58 89 1 -0.000314818521 -3.66751385
90 97 78 84 1 -3.51665913e-05 -4.57632923
63 63 144 151 3 -0.000138756775 -6.38591242
168 172 111 146 2 -3.64778498e-05 -6.60851765
128 135 43 54 2 -1.82389776e-05 -7.04988194
61 69 39 44 0 -4.63718752e-05 -2.97395325
133 137 84 93 1 -0.000136611197 -3.71868014
56 57 146 154 2 -0.000170939195 -5.5012846
0 0 0 0 2 -0.00248894142 4.24381971
95 98 54 61 1 -5.61470733e-05 -6.63252258
0 0 0 0 3 -0.345096678 9.5808363
105 107 118 122 2 -8.01078641e-05 -5.45175648
0 0 0 0 1 -0.0222991668 7.36537218
45 49 110 145 3 -3.82659709e-05 -5.41839743
60 60 78 85 3 -0.000523410214 -3.62896848
51 55 80 85 3 -0.000176304166 -3.66696191
45 50 149 172 3 -0.000291335688 -4.39189577
0 0 0 0 1 -0.22457923 7.90421534
91 94 104 139 2 -1.40666652e-05 -7.4065671
37 42 48 83 1 -0.0186553486 -0.630524874
0 0 0 0 2 -0.217199817 7.65842056
125 128 140 151 2 -0.000319462473 -3.52425575
66 72 115 120 0 -5.35243453e-05 -3.8715539
201 201 68 75 4 -0.00195897324 -3.63361979
91 94 47 62 1 -6.0200131e-05 -5.37180424
102 104 142 148 2 -7.27175848e-06 -7.12917137
0 0 0 0 3 -0.0359146781 8.31793022
58 61 95 102 2 -0.00011515386 -4.81438351
129 133 60 95 1 -0.000121233963 -3.73670149
56 60 73 77 4 -9.83464488e-05 -4.05444241
134 138 89 96 2 -3.19479223e-05 -4.03499413
53 57 80 84 2 -3.69547051e-05 -5.99763823
79 81 94 101 2 -1.96694873e-05 -4.00731421
0 0 0 0 2 -0.197759241 11.34126
27 29 41 76 1 -9.52466798e-05 -3.34646201
0 0 0 0 4 -0.305814236 8.09798336
0 0 0 0 2 -0.00231763883 6.65834284
132 133 57 72 2 -8.03462681e-05 -5.21283436
67 70 45 51 4 -0.000411842804 -4.40200567
70 75 111 146 0 -9.34588024e-05 -4.114007
152 160 137 139 0 -0.0084252432 -4.28765535
56 59 141 149 3 -6.83064281e-05 -4.3998208
194 200 49 72 0 -2.69412121e-05 -4.86133814
81 82 91 95 1 -0.000388242537 -3.56282306
80 87 153 162 2 -0.000180239309 -3.19767308
0 0 0 0 3 -0.585466504 9.74676037
56 58 74 109 1 -3.60010235e-05 -4.75759554
152 156 51 82 4 -0.000838787877 -3.48597646
56 63 149 155 0 -5.76966304e-05 -3.95053363
0 0 0 0 2 -0.372390419 7.74968576
81 83 59 66 3 -0.000100015423 -6.15390587
109 115 133 168 1 -3.15903562e-05 -5.84013081
32 33 117 124 3 -0.000395398558 -5.2588253
87 87 36 59 3 -6.91408277e-05 -4.54457331
110 113 130 132 1 -2.8610124e-05 -6.06085157
109 113 133 140 3 -7.74847285e-05 -2.7629354
123 130 54 56 3 -7.99885529e-05 -5.85336733
83 86 117 123 2 -0.000271904457 -2.47701383
88 89 73 77 1 -8.7736611e-05 -5.61214447
123 126 138 173 3 -0.000269879325 -4.74340725
0 0 0 0 2 -0.00469169021 7.19190979
47 53 106 141 2 -8.65446054e-05 -6.72380733
66 68 123 134 2 -4.76832356e-05 -5.80743837
87 89 97 101 1 -0.000127789594 -4.4169035
0 0 0 0 2 -0.158794969 8.32882309
112 113 41 76 2 -4.49416257e-05 -4.31481552
138 142 90 97 1 -0.000104068284 -2.68733907
52 52 66 72 2 -0.000103352853 -5.22785759
0 0 0 0 2 -0.00535277789 8.14697266
184 186 127 162 2 -2.08615693e-05 -6.09350061
55 57 28 31 2 -0.000130053944 -5.35081911
0 0 0 0 2 -0.0295142438 8.5097599
39 40 52 57 2 -5.35246145e-05 -5.37096071
66 67 79 114 2 -0.000294314057 -2.08435488
130 132 115 122 2 -1.89542206e-05 -5.18928909
25 29 78 113 4 -0.000197882357 -4.20014715
95 99 59 74 0 -1.57355753e-05 -3.42177129
122 124 62 70 2 -0.00018429308 -2.47774005
97 97 112 119 3 -0.000166292331 -4.79719496
100 104 52 83 1 -0.000146742153 -3.59495616
0 0 0 0 2 -0.35748294 8.9070015
128 132 111 113 1 -8.29688506e-05 -4.60832214
51 55 138 146 4 -0.000205271237 -4.75627375
0 0 0 0 2 -0.535239577 7.57865
0 0 0 0 3 -0.145338088 4.73275423
76 84 96 119 1 -0.000143997298 -5.38325834
0 0 0 0 2 -0.00808324106 7.45038462
30 31 56 59 3 -0.00031684601 -3.24958873
142 147 57 64 2 -0.00010430679 -4.84404659
91 97 116 151 0 -3.75507516e-05 -3.53416991
198 202 61 96 2 -6.68754801e-05 -7.56076765
107 110 126 129 2 -0.000264392438 -2.87932491
78 83 91 97 2 -8.9406858e-06 -4.70249319
61 61 128 136 3 -5.6743098e-05 -5.36679459
78 80 99 134 3 -5.29284953e-05 -5.18222523
157 162 56 60 3 -0.000131960012 -5.02639675
109 113 30 65 2 -7.71264749e-05 -6.74030495
200 202 44 79 3 -0.000328288035 -8.14203262
53 53 67 75 3 -7.17631629e-05 -4.69492722
0 0 0 0 2 -0.000802795286 2.62136054
92 95 107 142 2 -0.000115988834 -6.30977726
46 50 62 68 3 -0.191536486 -4.73322868
0 0 0 0 2 -0.0662849173 9.1296072
0 0 0 0 2 -0.449559361 8.23372746
45 48 104 110 1 -9.66770967e-05 -3.94030643
109 112 59 94 4 -0.000181551848 -3.80900383
0 0 0 0 3 -0.692413092 7.33291626
99 102 86 88 4 -0.000243775721 -4.03246593
157 157 69 104 3 -0.000168916042 -4.22948503
77 80 55 62 3 -2.1099997e-05 -6.32228661
12 18 23 34 0 -0.000177853799 -2.17995453
47 54 59 61 1 -0.0065019303 -5.46849632
46 49 128 135 2 -7.64123397e-05 -4.47873974
35 37 54 61 1 -8.40414941e-05 -4.02000475
105 111 138 169 0 -0.000541521411 -2.86061072
0 0 0 0 0 -0.127133816 9.66287708
29 33 45 49 0 -4.12461013e-05 -2.8594389
139 145 26 61 1 -4.73258078e-05 -6.26459932
111 116 130 137 3 -3.08751005e-05 -5.91321325
49 49 111 113 3 -0.000338539074 -5.97825623
106 109 30 65 4 -2.0623158e-05 -3.63550997
153 156 103 138 1 -5.07828227e-05 -5.65569067
151 151 81 116 3 -0.000186318255 -4.82908154
107 113 127 130 1 -8.07036995e-05 -5.24379539
39 39 49 54 3 -5.38822642e-05 -6.06190634
0 0 0 0 1 -0.0414583646 7.46946812
73 78 87 118 0 -6.38957135e-05 -1.5756551
52 55 115 122 2 -1.68084771e-05 -5.09306335
171 173 57 62 1 -0.000658216828 -3.44340968
122 122 70 85 3 -9.09555383e-05 -5.53310013
59 60 74 83 4 -0.000134346352 -4.02414656
0 0 0 0 2 -0.0879077837 8.65780163
113 113 51 57 3 -0.000102875958 -4.65480137
0 0 0 0 1 -0.954524219 7.43740749
148 152 52 59 2 -4.32726229e-05 -6.17927217
95 104 45 68 0 -0.000155564063 -2.02287054
141 141 94 129 3 -0.000126598199 -5.83852243
161 165 87 102 2 -0.000215286331 -4.81761026
55 62 71 77 0 -2.7179598e-05 -3.02485871
0 0 0 0 2 -0.00649004988 6.28007936
0 0 0 0 2 -1.60512745 3.47443438
68 70 108 111 1 -0.000419591845 -3.56045341
0 0 0 0 3 -0.0264518708 7.53516722
168 173 112 147 4 -0.000685030129 -3.73224068
65 72 85 93 0 -1.44242958e-05 -3.96805477
0 0 0 0 3 -0.0577980243 7.12783146
0 0 0 0 3 -0.593300343 7.45017672
109 113 135 166 1 -0.00148407917 -4.10481644
34 34 42 49 3 -6.71143061e-05 -5.66945171
99 100 114 122 3 -1.96694782e-05 -5.84787607
0 0 0 0 4 -0.00744106341 6.55334854
59 67 84 119 0 -1.47819273e-05 -3.94653893
0 0 0 0 3 -0.598703146 8.10504436
0 0 0 0 2 -0.0398852564 8.81155014
67 73 84 92 1 -0.000144954873 -6.19380856
133 137 37 60 2 -3.68355031e-05 -4.43017101
63 68 81 85 4 -6.4134023e-05 -4.41917229
43 48 62 74 4 -0.000134942617 -3.60255885
123 125 40 46 2 -3.26632216e-05 -4.01867151
90 95 45 49 3 -2.70604232e-05 -5.15481663
31 39 129 136 1 -0.000248064112 -4.51283407
0 0 0 0 2 -0.0801986456 8.25467777
54 62 111 146 1 -3.94580929e-05 -6.47158384
0 0 0 0 3 -0.308080763 8.79270649
98 106 43 78 2 -8.9406858e-06 -7.61216736
41 44 58 60 2 -6.89022709e-05 -3.28905177
50 55 89 95 2 -5.24517054e-05 -3.8215189
134 140 39 46 2 -3.8861981e-05 -6.07002974
130 133 87 110 2 -0.000314578036 -4.49039888
82 86 92 97 3 -7.49818573e-05 -4.72820854
71 76 119 127 1 -2.22920753e-05 -3.90734768
81 88 120 127 0 -3.15902435e-05 -3.70988798
111 121 133 144 0 -8.28492775e-05 -3.50827622
65 69 84 88 3 -0.000142928329 -4.94220781
147 153 48 83 2 -0.000391701818 -3.45778084
83 86 63 66 2 -3.34976794e-05 -5.09526443
0 0 0 0 0 -0.0692865923 10.1022139
107 111 139 143 2 -0.00032268709 -3.59631157
0 0 0 0 3 -0.582697392 7.71666861
48 51 62 93 0 -4.45839978e-05 -6.24125624
115 117 40 43 3 -1.82389813e-05 -6.5322361
56 59 75 110 2 -2.2292068e-05 -6.27564144
193 198 125 129 3 -0.000138994394 -5.03919554
59 61 20 27 2 -3.27824346e-05 -6.1907382
0 0 0 0 2 -0.0145544242 9.28062248
114 114 77 100 3 -0.000483715587 -4.24763727
88 92 101 104 4 -0.000203127405 -3.3896265
133 138 204 212 2 -0.000456185197 -3.27813959
76 78 86 97 2 -3.24247922e-05 -5.5583396
59 60 71 106 2 -1.26361665e-05 -4.57286167
89 89 69 71 2 -6.60412188e-05 -4.52068186
150 155 54 58 2 -0.000154132882 -5.78624344
113 113 133 168 3 -0.000115273542 -4.9231391
0 0 0 0 2 -0.0260615498 8.13136959
0 0 0 0 4 -0.0208450444 7.1910243
52 54 184 219 1 -0.000146978477 -7.00530863
37 38 85 120 3 -0.000229468729 -5.46096659
58 62 98 102 2 -3.87427899e-05 -5.348629
73 77 92 127 2 -1.34706279e-05 -7.95936203
218 219 188 199 2 -0.000546628376 -2.58032417
0 0 0 0 4 -0.0487059876 8.36078262
0 0 0 0 2 -0.237651512 7.96485281
124 128 141 146 3 -0.00029896319 -4.47583628
67 72 219 225 0 -0.000411604298 -2.74022245
49 52 70 78 4 -4.25574472e-05 -3.2638154
17 28 32 37 0 -0.000109550128 -5.49442577
158 165 105 114 3 -6.24652239e-05 -5.09354258
73 79 62 68 1 -7.06905121e-05 -5.59771967
51 55 204 208 4 -0.00106210704 -2.79161406
0 0 0 0 1 -0.0243084673 8.37297726
62 65 44 55 2 -5.74584847e-05 -5.92131042
80 83 117 152 2 -0.000659759506 -2.8331821
0 0 0 0 2 -0.702029407 10.6671181
0 0 0 0 2 -0.223310366 8.08123493
0 0 0 0 3 -0.030152807 5.52500439
62 66 42 47 4 -2.94445981e-05 -4.64009714
0 0 0 0 1 -0.00407961383 6.2303524
95 98 54 58 3 -0.000434970309 -4.47665834
42 46 49 72 3 -0.00056369137 -5.35787439
117 120 131 142 2 -0.000418519659 -3.08910656
98 99 107 109 2 -2.99212388e-05 -5.3275075
94 95 62 69 3 -5.51935591e-05 -5.72007942
62 69 83 118 0 -1.28745796e-05 -5.23105812
0 0 0 0 4 -0.0474999212 -0.879132926
0 0 0 0 2 -0.500302076 8.28771877
47 58 71 75 0 -0.000328280265 -2.24800777
0 0 0 0 2 -0.00441094814 7.18010807
102 104 37 44 2 -0.000256649277 -5.45701313
76 83 102 110 0 -0.000136968622 -1.88818848
52 55 122 126 2 -0.000175949099 -4.29723597
139 146 52 61 3 -0.000114439157 -7.42010641
0 0 0 0 2 -0.163669378 8.39542389
0 0 0 0 0 -0.0550641641 7.07215261
0 0 0 0 2 -0.221749142 7.84708834
111 111 126 130 2 -0.00369105535 -3.80399537
26 31 37 60 3 -0.0139252916 -7.82194138
0 0 0 0 1 -0.571483433 10.0919333
69 70 107 114 2 -8.42799709e-05 -5.61867189
26 29 39 47 2 -0.000128742628 -2.27062798
0 0 0 0 2 -0.00700187963 7.86529922
33 34 105 140 3 -0.000106690728 -6.51495647
51 52 63 98 2 -2.83717054e-05 -4.70403385
87 91 99 114 2 -0.000181074225 -5.85802364
0 0 0 0 2 -0.0226807073 8.4753294
98 103 55 62 1 -8.80945736e-05 -3.95436478
0 0 0 0 3 -0.0340435728 7.10333252
54 55 125 148 2 -4.24382852e-05 -7.09184217
46 51 76 107 3 -2.06231634e-05 -6.15110254
175 180 93 116 2 -0.000143048033 -4.5974412
56 64 75 110 3 -1.91926501e-05 -6.6507144
106 106 113 121 3 -4.49414692e-05 -5.2209239
85 89 141 143 2 -0.000274523336 -1.48939979
83 83 52 57 3 -3.42129315e-05 -6.0203681
78 80 62 69 2 -4.32727575e-05 -4.37422705
87 87 93 128 3 -5.34051906e-05 -5.74828577
43 48 80 85 1 -0.000273336394 -3.58508945
0 0 0 0 2 -0.264357805 9.83113003
52 54 73 80 1 -0.000315412472 -2.87005591
97 98 111 118 2 -0.00011765735 -4.57399321
58 59 137 145 2 -9.96575109e-05 -4.66660452
129 129 109 115 2 -7.84387084e-05 -4.23005009
48 52 60 67 2 -4.55376976e-05 -3.46962523
68 69 84 119 2 -4.24382415e-05 -5.64091015
0 0 0 0 2 -0.644080341 9.87487888
81 85 101 124 4 -0.000193114567 -3.55400395
146 147 106 137 1 -0.000350697432 -3.5533247
96 102 76 87 3 -4.00541321e-05 -5.91197348
0 0 0 0 0 -0.0343737938 10.2831869
78 78 92 100 2 -0.000108955632 -3.64252138
63 68 74 81 2 -0.000158425813 -3.89237976
0 0 0 0 2 -0.208374277 7.45098162
14 15 19 21 2 -0.841625273 -6.2165556
97 97 108 114 3 -0.000163907796 -5.31407881
115 117 56 91 3 -6.44916727e-05 -6.73088694
116 123 138 153 0 -0.000404923194 -2.58968377
65 70 90 113 2 -4.1246185e-05 -6.09088182
160 163 197 220 3 -0.00192116806 -4.9121604
0 0 0 0 4 -0.0627970099 8.49397278
141 147 118 126 3 -0.000771188817 -5.20943022
148 156 188 197 1 -0.000105856408 -4.3398385
0 0 0 0 2 -0.575909376 5.99359465
79 81 34 69 2 -0.000151510147 -5.36005688
135 139 66 89 1 -0.00112851127 0.318927258
91 95 44 49 0 -2.51530346e-05 -3.47971177
43 44 192 227 4 -0.0148922345 -2.77151561
22 27 34 69 0 -2.38417979e-05 -5.74502516
49 57 102 117 1 -0.000166650469 -5.26142168
0 0 0 0 1 -0.31185925 8.65510368
0 0 0 0 2 -0.0437272415 8.77748299
111 117 54 89 2 -3.46896995e-05 -8.21848106
0 0 0 0 2 -0.417656958 8.37559414
212 212 117 120 3 -0.00229965197 -3.53240228
140 144 53 88 3 -9.47702792e-05 -5.7118454
0 0 0 0 3 -0.00227342569 4.25631237
80 84 103 109 3 -0.000869024894 -3.1910491
0 0 0 0 3 -0.00775624951 6.31123877
111 117 137 172 0 -2.20536549e-05 -4.35021782
221 223 108 143 2 -7.0690352e-05 -6.84044695
106 110 119 130 2 -0.000467508566 -4.38310003
0 0 0 0 1 -0.00395510066 7.2498045
84 87 96 131 2 -4.95906534e-05 -3.75845075
226 226 162 197 2 -0.337834984 -2.07963085
114 121 131 137 1 -2.16960343e-05 -5.19585896
40 43 52 87 2 -7.02131074e-05 -8.20832825
50 50 65 70 3 -0.00018095324 -4.10638475
46 50 106 113 3 -4.76830719e-05 -5.26914644
0 0 0 0 1 -0.243862435 7.66780949
59 62 169 176 2 -3.4689685e-05 -7.18723392
78 78 89 94 3 -8.94055702e-05 -5.8539257
42 45 106 107 0 -3.00406136e-05 -1.38194633
0 0 0 0 3 -0.631763995 9.13799572
37 44 48 51 2 -0.00049385376 -6.42487288
75 78 48 51 1 -3.83851802e-05 -4.87388515
110 114 63 98 3 -0.000848680851 -4.34434605
0 0 0 0 2 -0.00706551736 8.13849258
103 107 48 83 3 -7.92732899e-05 -4.72168827
0 0 0 0 1 -0.0177178103 7.80096817
104 109 50 52 2 -0.000162597586 -3.2832036
67 75 88 99 1 -0.000210753555 -4.67350531
189 195 63 98 2 -0.000110147259 -5.86446381
153 153 108 143 2 -0.000292527257 -5.88323879
136 141 73 108 1 -4.49415493e-05 -5.76251936
41 41 46 53 4 -0.00240668072 -3.81836867
0 0 0 0 1 -0.211889714 7.82266665
25 27 57 63 1 -6.30612558e-05 -4.24288225
52 56 70 105 2 -6.6757143e-06 -7.33465195
36 40 146 181 2 -9.27436486e-05 -3.6919384
118 123 135 137 1 -0.000118611228 -5.46862745
54 57 137 142 1 -0.000633665943 -5.02727365
0 0 0 0 1 -0.279148161 8.98443508
184 184 127 130 3 -7.31937907e-05 -6.59467268
37 43 81 88 0 -4.10077228e-05 -4.24997425
70 74 25 60 4 -0.000787181489 -3.27526426
0 0 0 0 2 -0.373562396 8.59787941
109 110 45 80 2 -3.82659782e-05 -4.11943245
66 66 101 106 2 -0.000631510513 -1.66065252
46 51 62 68 3 -0.000220769711 -5.85069656
35 41 82 113 1 -0.000281082524 -3.93644381
90 93 106 141 1 -8.08225304e-05 -4.02369547
58 64 106 111 0 -1.53779729e-05 -4.26161957
103 103 48 71 2 -0.000102279846 -7.16795063
111 114 124 131 3 -0.000482845702 -3.08255124
59 59 76 80 2 -0.000305759895 -4.75072432
177 181 82 117 3 -0.000929686998 -4.20156097
59 62 78 86 0 -1.66892514e-05 -2.02236748
61 63 82 85 2 -3.24246175e-05 -4.65635681
70 74 88 99 3 -5.04252312e-05 -5.52267742
0 0 0 0 4 -0.0347741432 8.07318211
122 126 30 65 4 -0.000192280117 -2.01179838
140 144 48 54 0 -4.48222418e-05 -3.08756733
0 0 0 0 2 -0.00166437402 5.92798471
37 40 51 55 3 -0.000100015299 -3.87861228
63 69 40 48 0 -1.81197665e-05 -2.83345842
146 147 46 53 3 -0.000111935435 -4.73429108
148 148 57 88 2 -0.00642182678 -1.97121119
101 102 134 169 2 -0.000230411548 -5.99390173
102 106 123 134 2 -3.29016329e-05 -5.57585669
142 142 32 67 4 -0.000855941384 -0.767172217
41 43 58 69 2 -2.39610017e-05 -5.43385315
156 159 135 136 2 -0.000646653352 -1.96899271
122 124 42 47 2 -2.95637965e-05 -4.64254808
0 0 0 0 2 -0.00173341553 4.24127245
123 126 74 109 3 -0.000103353275 -7.76151228
82 84 128 132 1 -0.000459516974 -2.25239539
95 98 106 121 2 -3.06366856e-05 -5.05274534
105 107 93 96 2 -0.000614219112 -0.767768741
0 0 0 0 2 -0.00499039888 7.21040344
79 80 169 174 4 -0.00129853538 -3.20881295
52 52 67 75 3 -0.000105736617 -5.16082048
0 0 0 0 2 -0.149019912 9.43693733
0 0 0 0 0 -0.0549885668 9.96983528
0 0 0 0 2 -0.00773725891 6.9619298
0 0 0 0 3 -0.0137586407 7.61433935
73 74 104 119 3 -9.05989236e-06 -8.18078995
71 71 83 87 3 -0.000447235536 -4.13036966
0 0 0 0 3 -0.571739674 8.57248211
0 0 0 0 2 -1.07619011 10.9789419
77 77 89 124 4 -0.000363807369 -4.87798882
119 121 97 104 2 -3.5285746e-05 -4.92194748
14 18 23 31 4 -0.0183878671 -5.0578742
158 162 130 139 3 -0.000323039363 -4.34236526
175 178 153 159 3 -0.000740218442 -4.05125475
60 61 159 162 2 -8.05841846e-05 -5.05046082
114 119 64 66 3 -0.000102160964 -4.94846964
70 70 124 135 3 -4.20806355e-05 -5.16512489
63 66 116 151 0 -0.00031744127 -2.63541889
30 32 49 54 2 -5.49549295e-05 -7.99923325
80 84 33 68 2 -9.76306328e-05 -3.94894481
0 0 0 0 1 -0.0136147961 8.22162819
42 42 101 105 2 -0.000243417773 -3.72663379
0 0 0 0 3 -0.0769156441 8.88690662
112 114 123 154 1 -0.00036440359 -2.64586043
186 193 64 79 0 -2.34841464e-05 -2.0792501
73 76 143 178 2 -8.27291005e-05 -5.30315781
83 86 63 70 3 -7.79621987e-05 -4.80030537
99 104 37 43 3 -0.000355228258 -4.31161118
98 102 174 209 4 -0.000348073867 -4.31358194
110 111 27 62 1 -2.99214189e-05 -5.31783533
111 111 125 128 3 -4.68489598e-05 -5.24396944
95 95 119 142 3 -0.000128505446 -4.78342199
106 113 124 131 2 -2.27689161e-05 -8.06815529
81 82 89 112 3 -0.000132797053 -6.24195004
119 124 103 108 1 -0.000121591649 -2.95816326
53 54 138 144 2 -0.000336511963 -1.94974756
132 132 39 41 3 -0.00551487273 -3.91209292
44 44 58 63 3 -3.8266e-05 -5.68836403
0 0 0 0 3 -0.733865261 9.31192589
127 127 137 160 2 -0.00023638265 -6.60258198
73 79 38 61 2 -1.04904057e-05 -7.38563251
45 48 130 132 1 -0.000582761015 -3.25314355
114 121 44 49 3 -4.91139399e-05 -5.16187763
56 57 69 104 3 -0.000145908591 -6.73753452
75 79 122 128 4 -0.000376911339 -4.83207321
99 102 67 78 3 -0.000574653386 -4.86838722
107 107 118 133 3 -0.000200027222 -4.77167082
61 69 135 150 1 -0.000169749459 -6.75787067
50 56 74 109 2 -1.87158112e-05 -8.22871017
61 61 68 74 2 -0.00018846328 -6.35941648
119 122 131 162 3 -0.000339255464 -4.35201454
98 103 116 151 3 -0.000255694875 -4.34858608
86 94 111 134 1 -0.000511482591 -3.35662508
48 54 87 122 1 -7.20017924e-05 -4.07365751
84 86 99 102 2 -8.59485153e-05 -4.33637762
196 197 51 86 3 -0.000820173766 -4.63993454
0 0 0 0 2 -0.79926759 9.98850536
112 112 127 130 3 -0.000139948272 -5.26199627
117 117 126 132 4 -0.000250567682 -4.94668818
64 67 159 165 2 -2.92061595e-05 -5.84176826
105 105 119 150 3 -8.28493066e-05 -6.21642447
107 109 59 64 2 -3.44512955e-05 -3.41508484
0 0 0 0 2 -0.00208082772 6.86987686
61 61 75 110 3 -0.000159498391 -4.96843529
50 50 58 93 3 -9.6796728e-05 -5.83723354
158 162 170 205 2 -0.000629961141 -7.73752069
0 0 0 0 1 -0.00773070427 5.23763561
109 113 57 92 1 -5.63856447e-05 -4.32344913
32 36 71 106 0 -8.22543007e-06 -5.17151594
0 0 0 0 3 -0.00116882869 1.20332623
0 0 0 0 2 -0.978621244 7.19384336
25 29 44 79 3 -0.00194759434 -3.68323445
131 133 86 121 1 -3.29016038e-05 -4.22738028
42 44 86 109 1 -0.000117417258 -3.68435311
79 79 89 112 3 -0.000637953519 -3.92760015
58 60 77 84 2 -0.000100134013 -3.98867321
0 0 0 0 2 -0.00644516153 7.33123493
0 0 0 0 3 -0.521807253 8.36073112
80 85 106 113 1 -0.000197881687 -6.62480307
0 0 0 0 4 -0.660856843 9.11678123
45 50 102 109 1 -7.47435552e-05 -4.09429073
0 0 0 0 3 -0.00323554501 4.10683155
16 21 25 60 2 -0.000120279852 -6.24679661
103 108 120 127 3 -8.39225177e-05 -5.83519983
62 62 76 111 2 -0.000188464415 -7.51312637
171 171 41 48 3 -0.000183336684 -5.86393023
68 73 25 56 1 -0.000220885238 -2.57012868
124 133 79 84 0 -0.00133100094 -1.98662293
149 159 103 107 0 -0.000141973098 -3.68846536
40 46 62 71 0 -3.38552636e-05 -3.845752
52 53 65 100 2 -1.54971767e-05 -7.6011405
19 20 41 49 3 -6.53261595e-05 -7.60377693
92 95 105 140 3 -9.31010582e-05 -4.85104275
103 105 77 81 2 -5.01868053e-05 -3.69083858
58 61 77 81 1 -0.000645643857 -4.05792093
55 61 127 138 1 -9.6796568e-05 -4.45395136
45 50 109 144 0 -6.62795428e-05 -4.2088213
101 103 38 48 2 -5.11402905e-05 -4.21310663
69 69 121 126 3 -3.69546651e-05 -5.26684093
102 104 86 92 1 -0.000123140941 -4.77326059
32 38 76 111 1 -0.000167123304 -4.43798923
42 46 85 100 2 -4.42263081e-05 -4.01265621
50 55 66 75 1 -4.57760252e-05 -7.17861176
114 118 96 103 2 -2.52722948e-05 -6.08501387
203 205 121 128 2 -0.000131960507 -6.26643848
59 61 89 94 2 -3.61202765e-05 -4.52152252
12 13 18 24 4 -0.000572035904 -4.10680914
12 15 19 42 0 -0.00910108257 -4.45547915
84 87 36 67 4 -0.0005546381 -3.07811928
50 53 29 38 3 -2.75372404e-05 -5.32993841
54 55 68 103 3 -0.000147935381 -6.24646139
57 58 38 45 4 -5.7577683e-05 -3.51770973
96 97 105 128 2 -4.81602183e-05 -3.90127516
44 48 70 81 4 -0.000882164342 -3.35527134
170 171 66 74 3 -0.00147570216 -4.19263268
70 70 104 109 2 -0.000300633343 -3.33989739
164 170 75 90 2 -5.00674505e-05 -5.06718731
48 56 92 100 1 -9.03594046e-05 -5.09623098
112 112 130 135 4 -0.00030218449 -4.3179841
49 53 73 96 3 -8.83326429e-05 -5.90806103
54 58 68 79 3 -2.67027899e-05 -5.54645348
45 46 55 62 2 -0.000111220375 -4.60871363
39 42 46 57 1 -0.000606032787 -3.13395619
66 70 52 56 1 -5.07828408e-05 -6.33060932
40 43 47 53 2 -0.000232563805 -7.16812468
38 41 80 115 2 -3.37359743e-05 -5.32210875
71 80 92 127 0 -2.6106738e-05 -4.90816498
114 116 37 45 2 -5.22133196e-05 -3.70861197
62 65 73 108 3 -9.72736525e-05 -5.09848928
68 76 53 57 0 -1.18017033e-05 -3.43557787
114 116 44 50 3 -6.58030476e-05 -5.38259602
46 46 64 72 3 -0.000176894799 -6.6996212
56 56 73 108 3 -6.59221114e-05 -4.32757902
50 52 64 67 2 -5.86505339e-05 -4.61700106
166 170 86 121 2 -0.000150676278 -4.5170927
125 130 50 81 2 -0.000771312567 -3.37692332
114 114 42 77 3 -0.000213974723 -5.18757915
68 76 56 58 0 -1.9192641e-05 -2.92232227
89 89 40 45 3 -0.000184054341 -4.82258034
135 135 116 120 3 -0.000234595413 -4.26697206
136 136 153 176 3 -0.000340563303 -4.30232906
60 60 30 45 3 -0.000300871296 -4.68883371
4 4 7 42 3 -0.00346608157 -3.9458375
52 52 80 103 3 -0.000220649657 -5.96464109
56 59 86 92 2 -5.13789128e-05 -4.87359619
125 125 48 63 3 -0.000202649942 -5.27634525
23 25 29 44 2 -0.00338280597 -7.74412775
113 113 101 108 3 -0.000237338274 -4.25806808
86 87 99 122 2 -5.69816148e-05 -4.78661489
44 45 64 71 2 -1.2516959e-05 -4.80629253
133 134 75 110 2 -4.91138489e-05 -6.44121695
107 109 45 68 2 -3.83851439e-05 -6.01509476
95 97 81 85 2 -6.46109402e-05 -3.60429811
69 74 133 168 1 -7.87964818e-05 -5.00838947
54 55 75 110 3 -3.80275596e-05 -6.58910275
82 83 112 147 3 -6.65182451e-05 -6.47068691
52 55 73 104 1 -6.80674129e-05 -6.17894793
171 171 84 86 2 -0.000460832933 -3.49177504
110 112 59 94 3 -2.53914914e-05 -5.26847267
53 53 66 89 3 -0.000230544363 -3.4712925
110 116 72 95 1 -5.88889307e-05 -4.96691608
87 91 45 80 2 -0.00154948386 -3.67173958
106 106 50 65 2 -5.34052451e-05 -5.52821827
17 17 38 41 2 -0.00026141468 -6.02243233
15 18 47 58 1 -7.14055059e-05 -4.83879232
25 25 37 39 2 -7.82004136e-05 -4.17682219
142 143 70 74 2 -1.52587563e-05 -5.11351824
52 54 111 118 2 -5.00675742e-05 -4.89577675
0 0 0 0 3 -0.00438425876 3.80521727
0 0 0 0 3 -0.0205483213 7.75016975
0 0 0 0 2 -0.251014262 8.01242542
0 0 0 0 3 -0.0128641464 6.96519661
0 0 0 0 2 -0.269979149 7.96567011
0 0 0 0 3 -0.00623523677 6.59636593
0 0 0 0 2 -0.00510190986 8.76566315
0 0 0 0 2 -0.0460780412 8.48203182
0 0 0 0 3 -0.0141377207 7.22380257
0 0 0 0 2 -0.737854719 9.57535362
0 0 0 0 2 -0.559972405 10.458005
0 0 0 0 3 -0.477689117 8.72588921
0 0 0 0 2 -0.0136375055 8.46744823
0 0 0 0 0 -0.0694244131 10.5719967
0 0 0 0 2 -0.416139841 8.99906158
0 0 0 0 3 -0.0514775962 8.54061317
0 0 0 0 2 -0.0173470918 7.59196615
0 0 0 0 2 -0.388050258 9.63740921
103 105 118 126 2 -8.63064997e-05 -5.97481298
61 65 132 134 1 -6.16305842e-05 -4.30411005
66 73 84 88 0 -3.43320862e-05 -3.93161416
22 24 28 63 2 -0.00238054548 -4.45719624
151 155 39 74 1 -4.75639317e-05 -5.67888212
131 135 81 116 3 -3.81467944e-05 -5.44874907
58 63 48 53 1 -8.11807113e-05 -4.05700493
122 124 50 85 1 -0.000147575018 -5.11765099
117 118 72 79 2 -0.00031338635 -3.80395842
57 58 33 38 3 -0.00015806593 -5.16168785
117 120 131 136 0 -5.960411e-05 -3.55497217
98 101 62 66 2 -4.49416511e-05 -3.63095164
129 131 60 95 2 -2.86101094e-05 -7.63020372
35 42 52 59 0 -1.65700476e-05 -3.73104739
56 61 145 156 0 -0.000238051201 -2.11642909
52 56 70 101 3 -0.000309194525 -4.20762014
126 126 55 66 3 -0.000164028344 -4.98048496
99 101 165 196 1 -0.000254381623 -2.48324537
85 85 53 68 3 -0.00021444718 -4.98076248
137 141 107 113 0 -4.95907552e-05 -4.87037849
57 64 72 76 1 -4.63721553e-05 -6.46631956
147 151 112 127 3 -5.96040409e-05 -4.57897377
47 50 60 62 4 -0.00110014156 -2.72509074
55 59 81 116 1 -0.000460357871 -2.42233729
123 129 59 94 1 -0.000235787986 -5.32018042
70 73 87 122 4 -0.00014781527 -3.10420632
96 100 48 71 4 -8.07038523e-05 -3.08688927
49 49 61 92 4 -0.00083556585 -3.17855835
20 24 101 106 4 -0.000167604478 -2.01747704
0 0 0 0 3 -0.878242671 8.53929138
0 0 0 0 1 -0.00565456087 4.37812519
80 86 23 58 1 -8.76178092e-05 -3.66730666
156 161 91 126 0 -5.50742443e-05 -4.49979115
0 0 0 0 1 -0.25399521 8.83791924
0 0 0 0 3 -0.0556195378 7.85836983
197 199 66 97 2 -0.000793968211 -3.95575452
81 84 65 69 1 -1.65700512e-05 -5.7651701
0 0 0 0 3 -0.289507776 8.88512421
52 56 94 99 0 -0.000226132892 -2.47159791
89 92 57 62 0 -8.58305975e-06 -4.05950975
0 0 0 0 2 -0.473095924 2.64767432
111 112 97 103 2 -4.23190868e-05 -4.16437531
206 210 183 186 2 -8.22535585e-05 -5.56577015
119 123 30 36 0 -4.0650124e-05 -5.3642621
102 106 52 87 3 -4.60145311e-05 -6.69253016
0 0 0 0 3 -0.0218803957 7.79491568
163 165 145 149 2 -0.000542480149 -1.18033123
96 98 110 114 1 -5.4239772e-05 -5.31717873
0 0 0 0 1 -0.0722135082 9.14685822
10 11 21 24 2 -0.00194594823 -0.313011855
102 102 32 37 2 -0.000221365393 -3.11713099
47 53 91 96 1 -0.00013065114 -4.02702379
119 124 104 110 1 -4.30343098e-05 -4.08413792
139 142 31 34 2 -0.000183815253 -2.56656504
87 94 70 72 2 -8.51144068e-05 -4.47410297
0 0 0 0 3 -0.0802902281 9.69642735
55 63 39 48 3 -1.52587645e-05 -6.63050365
83 87 26 61 3 -5.01867689e-05 -4.83146286
77 85 109 144 1 -0.000193828731 -3.67162156
123 124 142 177 2 -0.00092173036 -5.21356869
40 40 93 108 2 -0.000175948284 -4.62022877
41 51 61 69 0 -0.000301796215 -3.14708161
106 107 36 42 3 -0.000148055042 -4.62142324
49 54 69 104 3 -3.23055901e-05 -5.1259408
156 161 44 79 3 -0.000346407003 -4.47529554
89 91 74 78 2 -2.22920717e-05 -4.0943861
95 96 109 144 2 -9.81075063e-05 -3.85318327
0 0 0 0 4 -0.00121255405 -1.27023947
0 0 0 0 2 -0.404118061 8.1844902
0 0 0 0 3 -0.000415661605 1.68327725
88 93 106 129 4 -8.70219519e-05 -3.54519033
120 125 34 65 1 -0.00013947174 -4.64101934
96 96 111 146 4 -0.000213733758 -4.44903755
0 0 0 0 2 -0.00892379787 8.20611954
97 97 109 115 4 -0.000331745221 -3.92948318
109 110 93 97 4 -0.000106094929 -3.86370873
112 113 62 97 3 -0.00013470414 -4.59258509
48 51 93 95 2 -5.03059564e-05 -4.83617735
102 106 118 128 2 -0.00112188421 -3.2411952
170 170 79 110 3 -0.000269272889 -5.34894609
115 116 157 172 3 -0.000163789911 -5.71005964
98 109 125 126 0 -6.05571586e-05 -3.06979346
114 114 44 48 3 -0.00014555105 -4.36754322
96 101 39 74 3 -1.62124325e-05 -6.68803453
80 83 119 122 1 -0.000127432344 -2.62610722
27 33 47 58 1 -7.52200795e-05 -4.31215715
153 159 89 92 0 -7.99884729e-05 -5.09983301
220 230 177 184 1 -0.00106891897 -3.07109976
86 86 62 68 2 -3.37360361e-05 -3.55768251
25 25 97 104 2 -0.000312197924 -6.26298571
42 47 54 89 1 -8.70204094e-05 -4.45465565
0 0 0 0 3 -0.169166684 7.3582015
0 0 0 0 3 -0.69071877 8.99929523
140 146 67 102 2 -6.16307079e-05 -5.25523758
100 103 61 68 3 -1.3113e-05 -6.11510372
61 65 90 105 3 -6.47300476e-05 -6.29264688
0 0 0 0 2 -0.440057904 7.72271681
82 93 48 59 0 -1.54971731e-05 -4.73110151
55 63 121 156 3 -0.00140068633 -5.64655638
97 100 75 82 4 -0.000123975537 -4.41593885
0 0 0 0 2 -0.00296779978 6.17310953
0 0 0 0 1 -0.00193958066 4.88751554
65 69 86 95 2 -3.80275887e-05 -4.08097506
205 209 180 185 2 -0.000174276254 -4.84279585
81 83 91 94 2 -0.000164981408 -4.07800055
90 93 120 155 3 -2.59875414e-05 -6.60780334
45 45 61 68 3 -0.000229350015 -5.22583294
119 123 139 174 2 -0.000608630944 -3.24664569
0 0 0 0 2 -0.371803492 8.98081398
37 37 52 55 4 -0.0006806085 -1.61029255
94 97 45 80 1 -0.000117657088 -4.62605524
75 75 63 66 3 -8.05846284e-05 -4.36674213
30 35 40 48 4 -0.000264498958 -5.25692272
117 120 133 156 3 -0.00017236924 -5.51674891
74 81 94 109 2 -1.40666725e-05 -5.49582386
95 99 22 31 1 -0.000123140344 -4.41268826
0 0 0 0 3 -0.66405499 9.81175137
116 119 128 136 4 -0.00022695896 -4.47610188
99 101 59 94 3 -0.000877263374 -8.00642395
126 129 78 113 3 -2.45570191e-05 -8.0977335
0 0 0 0 0 -0.047835052 9.25194359
25 25 82 88 2 -5.68624164e-05 -5.08196354
0 0 0 0 3 -0.595259011 9.26061249
99 102 32 43 3 -0.00593205448 -3.80163455
29 33 38 49 2 -9.44120693e-05 -6.71980858
38 41 172 207 2 -0.000946016517 -3.42962265
0 0 0 0 2 -0.102973334 8.66794777
57 61 76 83 3 -0.000459287985 -3.91838479
210 215 112 147 1 -0.00176945864 -3.19859481
128 135 111 116 1 -3.69546069e-05 -7.12571144
49 50 78 83 4 -0.000287641218 -4.527318
48 51 73 108 2 -7.34322748e-05 -8.08918571
44 49 60 71 2 -0.000110743873 -3.36065054
177 181 199 234 2 -0.000305496098 -6.8883419
0 0 0 0 2 -0.202340946 8.42527294
73 78 48 52 0 -0.000216941087 -0.808656752
139 146 72 107 2 -9.75117873e-05 -4.0224328
91 95 56 63 2 -0.000151750355 -1.21845186
69 71 85 96 1 -0.00012480942 -4.32627106
90 94 114 149 4 -6.84256011e-05 -4.21733713
124 128 73 81 1 -7.35514332e-05 -4.92088079
148 154 89 124 4 -0.000715420349 -4.25397873
71 74 44 50 1 -0.000513877952 -5.1663456
48 49 61 68 2 -3.55242119e-05 -6.46553278
100 100 109 116 4 -6.79486402e-05 -5.30509186
45 47 66 68 1 -5.9961887e-05 -5.07394981
57 65 112 116 0 -1.39474632e-05 -2.81997347
59 62 92 123 2 -9.17910347e-06 -7.9503231
69 72 46 57 2 -3.86236206e-05 -8.09082222
81 86 95 130 2 -7.79617185e-05 -6.24881363
52 56 68 75 0 -2.37225904e-05 -2.07954788
46 46 103 105 2 -0.000182504067 -3.85137463
125 132 69 78 0 -4.68489816e-05 -2.25453973
20 25 51 56 4 -0.000711824396 -3.28399181
104 104 119 130 2 -5.55510924e-05 -6.51613188
83 89 66 72 2 -3.29016366e-05 -2.95990658
85 85 124 128 4 -0.000879817177 -4.81947279
0 0 0 0 3 -0.00982209854 6.91715336
121 123 60 64 2 -3.49281399e-05 -5.62132215
0 0 0 0 2 -0.152230844 6.46323347
0 0 0 0 2 -0.470894992 7.94896746
0 0 0 0 2 -0.592365026 8.72965145
32 33 44 50 2 -5.44782815e-05 -5.14607191
46 50 63 98 3 -0.00560078211 -5.85930252
0 0 0 0 2 -0.00526454952 6.5962882
0 0 0 0 2 -0.603624701 9.15838432
67 71 96 101 0 -0.000125880149 -2.23502278
87 93 38 49 0 -7.65316217e-05 -1.18606043
144 148 161 166 4 -0.000396111951 -3.35428452
108 109 157 188 2 -0.000459879404 -3.98880315
44 52 56 58 2 -0.000470712141 -4.49490309
61 67 45 51 0 -4.74447806e-05 -2.44839311
116 116 158 165 2 -0.000115630959 -4.44681549
43 49 135 170 2 -2.24112609e-05 -8.04439163
130 136 38 53 2 -0.00012075706 -4.0365181
0 0 0 0 0 -1.28557503 6.91799021
114 115 123 127 2 -0.000190133534 -3.62462711
7 11 17 52 4 -0.000989745371 -3.94260192
147 148 33 68 3 -0.00011372361 -5.35821772
101 101 51 86 2 -9.91806883e-05 -6.44948816
0 0 0 0 2 -0.053456977 9.52882385
80 83 110 118 2 -0.000129816719 -4.95779514
124 129 192 195 1 -6.41340303e-05 -5.68799019
78 79 118 125 3 -0.00028478037 -4.64708996
140 143 39 74 2 -9.02401953e-05 -4.21301174
38 42 80 115 2 -5.24517309e-05 -4.51474714
194 199 93 94 2 -0.000142685778 -7.43262243
33 38 46 81 2 -0.000400613353 -7.14000607
0 0 0 0 2 -0.332400233 8.04010773
66 71 41 46 4 -4.89946797e-05 -3.62317014
107 108 119 154 2 -0.00209432701 -1.87867475
0 0 0 0 3 -0.00374990492 5.17894077
0 0 0 0 1 -0.0206964873 8.191185
151 151 115 138 3 -0.000246158976 -4.27602863
0 0 0 0 2 -0.0119508775 5.36914444
68 72 50 53 2 -7.40283431e-05 -4.26824474
11 14 27 30 3 -0.0103310999 -2.0824964
105 111 142 144 3 -0.000253309408 -4.81683397
0 0 0 0 3 -0.00722420774 6.2616148
224 226 45 52 2 -0.000882627675 -3.94131708
38 38 128 133 3 -0.000143881523 -5.74353552
99 106 74 78 0 -2.98022205e-05 -4.5874176
0 0 0 0 3 -0.679379642 7.50013733
134 134 100 123 3 -0.000135538692 -5.0057025
0 0 0 0 3 -0.055637043 6.34604979
192 196 53 84 3 -0.00322725298 -4.81176949
138 140 86 121 1 -0.000197166402 -4.92973566
0 0 0 0 1 -0.101326808 7.10487413
124 127 160 175 3 -5.61471315e-05 -5.74381208
23 31 80 115 0 -2.15768105e-05 -4.12091208
146 146 52 59 4 -0.000287282746 -4.4418745
117 122 55 57 2 -0.000136372313 -2.88216329
63 68 88 123 1 -0.000122542508 -5.15969515
101 106 91 93 4 -7.83196883e-05 -3.52367759
47 51 63 72 4 -7.5101103e-05 -4.58684874
0 0 0 0 2 -0.00837372337 8.87506866
0 0 0 0 3 -0.344647497 8.60805988
0 0 0 0 4 -0.0559722856 6.34505272
31 33 53 88 1 -0.000822493515 -3.7183578
89 91 49 72 2 -4.83986478e-05 -4.54700327
60 60 93 98 2 -6.62797538e-05 -4.68211555
98 100 107 108 2 -6.89023072e-05 -3.36771703
18 22 38 40 2 -0.000244847208 -3.86776161
103 105 50 85 2 -1.01327769e-05 -5.13374376
0 0 0 0 1 -0.0260694716 7.32036161
44 48 58 61 1 -8.32071819e-05 -5.29771757
153 157 45 49 2 -0.000103948798 -3.67190528
98 98 115 126 2 -8.16571992e-05 -4.85377073
103 103 52 87 3 -1.82389867e-05 -6.03480673
46 53 101 108 0 -2.80140739e-05 -3.07584906
214 214 188 192 2 -0.000122425394 -5.84719324
0 0 0 0 3 -0.470902503 8.57800102
112 118 56 64 1 -0.000117300093 -3.52756166
128 129 110 116 4 -0.00206102431 -2.42064023
85 86 60 67 2 -1.20401219e-05 -5.53541088
90 94 48 55 2 -0.000123618069 -2.54728389
0 0 0 0 3 -0.169784352 8.85592937
172 174 100 103 2 -6.60411606e-05 -5.98034286
175 176 144 151 2 -0.000164982281 -3.18167257
70 71 14 49 2 -0.000148889463 -3.80116653
79 83 103 134 2 -2.70603796e-05 -8.72624111
0 0 0 0 2 -0.0210951883 7.6861186
30 34 40 75 4 -7.12866022e-05 -3.5608089
0 0 0 0 1 -0.0626869425 8.26373005
99 100 57 59 2 -0.00162337953 -1.72453487
0 0 0 0 0 -0.500765026 12.2029839
0 0 0 0 2 -0.00831017271 8.01150036
223 227 167 202 1 -7.56970257e-05 -4.92146063
114 116 133 164 2 -0.000419234333 -4.56492043
120 120 71 80 2 -9.28628579e-05 -6.95900536
179 183 132 139 2 -0.00120766822 -2.83541393
73 75 58 64 2 -2.74180529e-05 -4.92168617
0 0 0 0 4 -0.043523822 8.0730238
91 98 78 86 0 -5.69814183e-05 -1.34861922
59 63 37 41 4 -0.0171349086 -0.0359827206
98 101 155 170 2 -0.00936824456 -2.94955158
24 27 40 75 2 -5.88887415e-05 -3.31457138
71 74 106 113 2 -6.21073123e-05 -4.77633381
0 0 0 0 2 -0.0434285328 6.80482626
36 39 68 103 0 -6.40146973e-05 -1.86519349
121 124 53 59 3 -0.000133273585 -4.27953672
39 39 51 58 3 -9.98957403e-05 -3.44304132
184 188 136 137 2 -0.000144597478 -3.46138692
55 59 109 111 3 -6.04385859e-05 -4.84475279
34 34 92 96 2 -0.00161292218 -3.22416973
108 114 46 52 1 -0.000171894164 -5.39706755
92 96 39 43 3 -0.000145075071 -4.29700184
33 33 66 71 2 -0.000241153175 -2.55602884
129 130 64 72 2 -0.000216476765 -3.85411263
56 59 33 41 2 -0.000239245783 -5.34484959
67 67 45 51 4 -0.00122856686 -5.16877842
0 0 0 0 3 -0.0590480082 9.00860023
123 131 46 81 0 -2.58683358e-05 -3.38335633
55 60 102 137 1 -7.85578814e-05 -3.4189167
65 65 40 43 2 -7.59353716e-05 -5.93449926
0 0 0 0 2 -0.0935155228 7.45397758
101 103 51 86 2 -1.87158057e-05 -5.59738445
157 159 117 124 1 -7.02135003e-05 -5.08367205
58 61 79 114 4 -8.5114254e-05 -4.851017
172 174 59 94 2 -1.9073439e-05 -6.16498852
0 0 0 0 2 -0.324107021 9.56510544
0 0 0 0 2 -0.1231874 9.07172012
79 79 90 95 3 -0.000103233338 -4.9851613
62 64 43 46 1 -0.000128028594 -5.34986305
122 127 54 61 0 -5.81734857e-05 -2.01606345
163 166 144 151 2 -0.00014781655 -3.0910337
125 128 52 59 1 -4.6848796e-05 -5.48915434
51 57 123 129 0 -0.000234828767 -2.77713442
0 0 0 0 2 -0.600134909 10.7355394
73 81 89 97 0 -1.43050775e-05 -3.78800273
201 205 112 118 0 -7.20017852e-05 -4.29833698
0 0 0 0 2 -0.00499900244 5.68788385
35 35 68 70 2 -0.00149648997 -3.35600376
106 106 113 116 3 -5.94848534e-05 -4.97659826
164 164 42 49 3 -0.000483004231 -3.13442016
45 47 62 64 1 -0.00134205376 -3.66248631
120 120 63 70 3 -5.8769765e-05 -6.28946781
56 63 82 88 0 -0.00010216103 -3.13191819
0 0 0 0 3 -0.00519766798 5.74848747
0 0 0 0 2 -0.0347148664 7.56449604
0 0 0 0 2 -0.00531913806 8.81707191
79 79 133 168 3 -8.46374096e-05 -5.38286304
78 88 33 40 1 -0.000585015572 -3.18698788
153 153 125 127 2 -0.000180240255 -4.68341303
100 104 67 71 2 -0.00168404542 -3.27340126
40 41 54 69 2 -2.78948792e-05 -4.21232748
97 97 171 178 2 -0.000326728157 -4.91193676
40 44 87 102 3 -2.18152345e-05 -5.30620623
79 84 97 102 0 -1.88350114e-05 -2.54803824
100 108 117 128 0 -1.83581687e-05 -5.16690683
0 0 0 0 2 -0.0068560401 7.20641041
50 55 64 79 1 -0.000432443718 -4.85348034
72 77 54 59 0 -0.0400556065 0.737764478
102 106 120 127 2 -6.0319504e-05 -4.53638935
100 102 114 149 2 -0.00014447773 -4.79515266
23 31 47 55 0 -5.29285826e-05 -4.59147358
114 116 65 100 2 -3.44513392e-05 -4.73641682
135 136 211 226 3 -0.000874860794 -6.72997379
102 109 56 91 2 -5.8054502e-05 -5.97217226
107 107 29 52 3 -0.00010919421 -5.15783405
161 162 52 56 2 -7.71277191e-05 -8.18807411
102 102 17 21 3 -0.000390268106 -3.77044225
94 97 34 39 2 -9.53673225e-06 -6.58536386
207 213 107 142 3 -0.0056977761 -5.72725058
78 82 115 126 3 -3.96965261e-05 -3.87458467
151 157 167 173 1 -6.93790353e-05 -6.10800219
73 73 114 149 2 -0.000102518476 -6.34107113
36 39 54 89 4 -0.000138995485 -3.35067415
42 47 107 122 2 -9.40548634e-05 -4.26754522
0 0 0 0 3 -0.0558168627 9.18641376
119 125 136 143 3 -0.000220409958 -4.15895939
31 37 81 116 1 -0.000286677387 -5.07260799
0 0 0 0 2 -0.119086549 7.42099571
83 87 106 129 3 -9.35779681e-05 -4.40475988
130 131 52 87 3 -0.00135087792 -3.46609664
114 114 92 99 2 -7.72464846e-05 -4.66197014
162 163 60 83 1 -5.04251802e-05 -4.28018904
45 48 95 100 2 -3.83851802e-05 -6.92300749
85 87 95 126 1 -0.000189537939 -3.60371661
0 0 0 0 4 -0.0275503937 7.50860786
83 94 123 125 0 -0.00012004099 -2.9450357
86 95 112 118 1 -5.71005912e-05 -4.74204731
45 49 83 118 3 -5.93656732e-05 -5.5360651
119 119 136 145 2 -0.0570282787 -0.73116076
197 207 86 121 0 -0.000414227805 -1.52751791
51 59 69 104 2 -8.61873414e-05 -7.22469091
0 0 0 0 3 -0.588770568 9.36588669
66 66 128 139 3 -0.000266064715 -5.63261652
74 74 87 94 4 -9.31014365e-05 -5.30073309
112 114 71 86 1 -7.99887785e-05 -3.21682405
0 0 0 0 2 -0.337790877 7.4410429
0 0 0 0 2 -0.429928511 10.1557713
91 92 108 143 2 -0.000108834734 -6.04530334
88 93 53 60 0 -2.50338562e-05 -3.74578834
126 129 94 102 2 -1.54971822e-05 -5.57505655
0 0 0 0 2 -0.180494875 8.2572031
85 88 51 55 3 -1.90734354e-05 -5.54509306
63 68 44 46 3 -0.0149660762 -2.17360234
54 60 154 162 2 -0.000279890635 -5.20927477
119 120 136 148 3 -0.00443867315 -3.10851669
0 0 0 0 3 -0.00523240352 5.6938386
45 48 53 61 4 -0.000867614872 -4.20036316
34 34 45 49 4 -0.000224225616 -3.2261014
0 0 0 0 1 -0.00704896543 1.98877823
0 0 0 0 3 -0.405919045 8.71836185
57 66 107 142 0 -3.26631925e-05 -3.74270821
116 120 31 34 2 -2.07423309e-05 -6.8663578
175 176 56 87 2 -0.000494087581 -4.4552021
25 28 41 45 1 -5.0067596e-05 -4.41956806
46 53 86 93 0 -2.21728606e-05 -3.63456321
97 103 42 48 0 -1.03711955e-05 -2.70920849
52 53 68 79 2 -0.000402064936 -3.23328996
0 0 0 0 2 -0.00214340794 5.12779236
88 90 35 58 2 -0.000253657752 -6.43089771
15 19 117 132 1 -0.000148293446 -6.45618248
90 94 104 115 2 -1.25169518e-05 -8.34691811
72 76 46 54 3 -0.000310529198 -5.02277374
166 171 38 49 0 -0.00416847039 0.0563292131
94 94 27 62 3 -5.0782819e-05 -5.1331501
124 125 104 111 2 -2.37225868e-05 -6.05968475
35 35 138 173 3 -0.000147458399 -5.40462494
100 103 118 127 4 -0.000216596993 -1.4477005
43 51 64 99 1 -5.2690084e-05 -6.4967432
72 77 48 59 2 -0.00082159997 -3.6724968
57 62 80 115 2 -1.2516959e-05 -7.69873857
141 147 71 78 1 -0.000102637852 -2.52098298
89 93 31 38 1 -0.000140425109 -3.7935276
138 138 88 93 2 -0.00740176905 -1.76186228
94 98 114 118 3 -5.12595725e-05 -5.07336664
163 165 85 108 2 -3.82659746e-05 -7.24289894
56 61 38 42 1 -0.000145551952 -1.84263396
40 43 63 98 2 -4.32727102e-05 -3.74439812
122 122 63 98 3 -4.88754449e-05 -5.26633739
130 134 51 86 2 -8.78556457e-05 -5.60476685
76 76 108 143 4 -0.000589559844 -4.15120506
40 42 82 105 3 -3.25439833e-05 -4.66768026
70 74 101 136 3 -3.99348901e-05 -6.34201527
0 0 0 0 2 -0.00771405827 7.311234
156 161 55 61 2 -5.10212813e-05 -2.977525
84 87 49 72 2 -8.07038377e-05 -3.91474104
0 0 0 0 4 -0.0195257738 5.05006361
34 39 53 88 3 -3.11135009e-05 -5.69509888
33 40 79 114 0 -1.38282539e-05 -4.78802776
39 43 119 154 3 -0.000109074659 -5.3764863
176 184 47 82 3 -0.000249377626 -6.30083847
56 59 85 116 2 -7.60547991e-05 -4.04017115
19 23 28 63 4 -0.000198716574 -4.88206673
47 51 126 128 2 -4.26766492e-05 -3.9664979
159 164 102 137 4 -0.000747486018 -3.73448229
61 62 77 112 3 -5.51935191e-05 -5.76366043
40 40 50 61 4 -0.000347956928 -3.89532065
0 0 0 0 2 -0.269493699 9.80529499
101 102 135 143 2 -3.77890829e-05 -6.03245783
87 90 100 105 2 -1.10864512e-05 -6.09935522
181 183 75 98 2 -3.56434321e-05 -6.94336748
97 100 47 82 2 -0.000250211568 -2.59062243
71 73 25 60 2 -9.81080884e-05 -6.33791065
101 109 35 70 1 -6.79486839e-05 -3.77234364
89 94 102 117 1 -0.000101445585 -5.38371944
92 92 65 72 3 -6.05578025e-05 -4.67045212
110 113 129 137 0 -4.61337222e-05 -2.42442584
60 64 91 99 3 -5.519357e-05 -6.0492816
40 43 110 118 2 -6.27036425e-05 -5.08537579
42 53 101 103 0 -7.18819065e-05 -2.52068138
48 49 59 94 3 -6.28227644e-05 -5.01408768
85 85 40 75 4 -0.000400999823 -3.6151948
53 61 106 129 3 -0.000100015532 -5.10786295
39 43 66 97 3 -6.36573459e-05 -6.21353245
64 69 41 46 4 -0.000165098521 -4.05015659
93 93 123 129 3 -0.000129935579 -5.06167698
82 82 96 131 4 -0.00244686753 -1.41254091
113 116 80 84 4 -0.000144002202 -4.00571728
159 160 82 89 1 -9.79888064e-05 -4.81979513
0 0 0 0 2 -0.00381217245 7.02862167
0 0 0 0 3 -0.493111432 7.60785723
110 117 45 53 2 -8.08228215e-05 -6.28712511
55 57 38 44 1 -7.52202686e-05 -4.66235876
86 90 106 110 3 -0.000120041499 -4.61405754
58 59 114 117 2 -1.49011348e-05 -6.06543732
48 53 65 100 0 -7.95101223e-05 -3.70599341
95 96 108 131 3 -0.00272180187 -3.30131125
0 0 0 0 2 -0.564165592 7.93229532
105 107 53 56 3 -5.98426632e-05 -5.71480274
136 141 161 165 4 -0.000261775567 -3.25803876
0 0 0 0 2 -0.903774261 7.85265303
24 32 36 47 2 -0.000136490635 -9.61685848
0 0 0 0 2 -0.00181553978 4.8926301
107 107 36 71 3 -8.3325911e-05 -5.75842667
81 86 121 156 4 -0.000307547714 -2.81595182
66 67 55 59 3 -2.83717236e-05 -6.3222723
64 71 99 134 1 -0.000113365277 -4.95955086
191 191 141 176 3 -0.000219696594 -4.21587658
0 0 0 0 2 -0.0843464136 8.64483738
116 120 46 81 3 -6.96176503e-05 -5.08664799
39 44 82 84 0 -2.21728624e-05 -3.25804353
64 66 83 89 2 -0.000160809053 -2.12661624
82 86 107 142 3 -9.22667969e-05 -6.0187068
0 0 0 0 3 -0.558208048 4.29695654
0 0 0 0 2 -0.00241484516 6.46462345
109 115 8 23 1 -0.000109312692 -4.77805138
51 54 168 191 2 -0.112417482 2.09245944
0 0 0 0 2 -0.505282462 8.26939011
140 144 85 120 4 -8.58295971e-05 -3.34570169
75 80 125 132 1 -0.000109551627 -3.7184608
83 89 38 43 2 -3.57626341e-05 -5.99666548
133 137 46 81 3 -6.58029021e-05 -7.03324842
41 48 61 69 0 -2.31265258e-05 -3.45940089
196 200 90 95 3 -0.000204675365 -6.42920208
92 95 104 115 2 -0.000211590988 -3.25375557
101 105 114 120 3 -0.000464650657 -4.93808079
174 178 37 72 4 -0.0016516305 -4.00379467
46 46 118 122 3 -0.00167675014 -3.62515807
67 68 130 165 3 -0.000148529129 -5.65150642
103 106 36 42 2 -2.71795943e-05 -5.3007555
55 67 138 145 0 -0.000154490466 -4.08914518
38 38 95 126 2 -0.000608624192 -3.9505682
81 82 57 65 3 -0.000129458727 -4.45286655
0 0 0 0 3 -0.513075113 8.77300072
47 47 57 92 3 -7.1882183e-05 -5.00624657
0 0 0 0 4 -0.0382925719 8.22721577
24 24 84 107 2 -0.00025068887 -4.34380817
82 86 99 107 1 -5.49549004e-05 -5.49509573
90 90 67 78 3 -3.55242009e-05 -5.36125374
111 117 30 33 1 -5.1855659e-05 -6.54865074
129 131 79 90 2 -1.44242986e-05 -5.62006378
85 85 123 154 3 -0.000280724926 -4.70669222
70 74 33 38 1 -0.0614420325 0.716279268
208 209 48 54 3 -0.000428649393 -6.8024888
0 0 0 0 2 -0.082173802 9.80156326
133 137 86 121 3 -0.000119922566 -5.61247969
89 92 111 118 2 -4.25574035e-05 -5.15684223
35 40 97 99 0 -0.000119683449 -2.13149381
167 173 192 198 1 -1.9311854e-05 -5.38575077
0 0 0 0 1 -0.0264766756 7.9635253
67 72 105 109 3 -7.47433223e-05 -4.63806486
151 156 33 68 3 -3.88620429e-05 -5.79456615
0 0 0 0 3 -0.0118028931 6.23049259
107 109 50 57 2 -8.47569609e-05 -4.19684649
0 0 0 0 3 -0.632403195 7.84654093
46 50 77 88 1 -0.000550229859 -2.19948626
53 56 103 108 2 -3.31400297e-05 -3.45808077
111 112 146 152 2 -2.81332468e-05 -5.09706831
92 102 45 80 0 -2.02654992e-05 -4.98033381
137 138 35 38 2 -5.79353291e-05 -3.79756641
58 60 99 134 2 -1.2159333e-05 -6.71930456
113 118 28 59 4 -0.00629867939 -2.41876769
81 87 62 67 0 -2.89676864e-05 -2.01503444
58 65 78 84 2 -6.68759239e-05 -6.90825415
35 39 49 84 3 -4.45839032e-05 -5.27126455
132 132 70 105 3 -0.000115154311 -4.57546949
66 66 101 136 3 -0.000379544159 -4.39045143
71 71 57 59 2 -8.03462972e-05 -4.85351992
0 0 0 0 2 -0.0124080759 7.44409132
81 86 135 142 1 -0.000167366496 -5.34084225
76 77 45 47 2 -3.31400588e-05 -4.0834012
22 26 33 68 2 -7.2001334e-05 -8.09143829
80 80 88 93 2 -0.000128386149 -4.65915585
0 0 0 0 3 -0.493912935 8.56608391
114 115 48 83 2 -5.5074277e-05 -5.39250803
200 202 45 80 4 -0.00015699488 -1.50967693
0 0 0 0 2 -0.00127677189 5.21090221
45 49 60 66 2 -3.06366637e-05 -5.97613716
0 0 0 0 3 -0.0130287297 7.0970068
93 93 108 115 3 -0.000268323289 -3.32170773
151 155 36 59 3 -0.000454753637 -4.2236352
144 149 57 66 1 -0.000134226386 -4.31017303
56 64 133 140 1 -0.000107285974 -6.20187235
44 47 78 83 1 -9.57228258e-05 -3.60697246
60 68 96 131 3 -7.59340473e-05 -5.81715536
0 0 0 0 2 -0.00169092312 4.06360912
184 189 60 95 3 -0.000847586663 -5.46065474
38 42 47 62 3 -0.00246405182 -3.71009421
141 141 39 62 3 -4.80410745e-05 -5.77781153
119 122 101 104 3 -3.43320826e-05 -5.90375423
153 158 81 92 2 -9.20285966e-05 -4.52180767
152 155 90 125 3 -0.00010478351 -4.87696886
0 0 0 0 2 -0.0154313101 7.23192883
185 189 77 84 3 -0.0031088104 -4.94550991
71 75 85 120 3 -0.000226848788 -5.15715981
154 156 176 184 1 -0.000355099386 -4.00909233
0 0 0 0 2 -0.00154941599 4.68743086
43 47 88 94 3 -3.93387636e-05 -5.1977663
0 0 0 0 2 -0.02837318 6.58708286
48 48 116 124 3 -0.000183452925 -5.44672728
70 76 32 40 0 -2.83717145e-05 -2.61231685
53 60 71 94 2 -1.21593248e-05 -6.3951149
40 45 49 61 0 -0.000241626578 -2.90996695
86 91 26 29 3 -0.000251160556 -5.50212097
111 117 176 179 1 -0.0212717224 -3.27272153
0 0 0 0 2 -0.390212148 8.40519238
41 46 60 91 3 -0.000142452263 -5.26476002
123 129 39 50 1 -4.80410163e-05 -4.89465904
73 74 108 143 2 -0.000969660468 -5.98671913
59 63 74 80 1 -6.68758366e-05 -3.53892875
51 59 32 40 0 -1.41858827e-05 -2.81225348
60 61 74 81 2 -0.00323098758 -0.742821813
0 0 0 0 3 -0.0222927537 4.40943766
114 118 70 75 3 -5.06636134e-05 -5.91465616
37 39 49 60 2 -6.77102507e-05 -3.08753157
87 91 104 106 3 -0.000183220749 -5.4871068
105 112 133 144 2 -0.00473795366 -2.30704689
152 158 59 94 1 -7.10478416e-05 -3.84300375
82 87 58 67 0 -3.18287457e-05 -1.94726801
94 100 185 189 0 -1.33514204e-05 -3.71647978
42 46 117 128 1 -0.00472363411 -0.500985205
84 84 54 61 3 -0.000157829752 -4.92682981
0 0 0 0 2 -0.0201324411 7.56901264
54 57 44 48 1 -0.000124809769 -5.71604776
0 0 0 0 2 -0.0385759734 9.94795513
0 0 0 0 2 -0.00179935526 4.21198511
75 76 91 97 1 -1.72853124e-05 -5.36249399
59 61 189 224 2 -0.000450943597 -5.96639156
188 189 207 242 2 -0.0148612708 -2.49929023
0 0 0 0 2 -0.55037868 9.91507435
58 64 106 141 1 -0.000533070473 -3.94983745
69 75 120 125 0 -4.67297286e-05 -3.59008837
0 0 0 0 2 -0.00318886992 6.86445141
41 49 60 71 2 -3.43321335e-05 -5.08216143
100 104 49 51 1 -9.36973083e-05 -4.13718367
42 43 49 57 1 -0.0975935161 -2.44747639
54 56 131 142 1 -0.00483444799 -1.2635566
0 0 0 0 2 -0.121758558 7.98083258
44 51 65 74 0 -0.0023068625 3.82422113
0 0 0 0 2 -0.321658432 9.23486328
131 135 43 78 3 -7.05711718e-05 -6.17627335
124 124 141 176 2 -9.65575091e-05 -5.1294837
63 71 105 110 1 -0.000112886912 -3.32388449
132 138 79 114 2 -2.67027917e-05 -9.73864079
145 148 51 86 4 -0.000442718418 -4.87304068
0 0 0 0 2 -0.126461014 7.25690365
109 111 139 143 1 -0.000164980112 -4.95375013
117 121 105 107 1 -0.000412184425 -5.01696539
107 112 69 72 1 -0.000257603009 -1.17501891
22 27 48 50 3 -0.00013458493 -4.25939178
17 23 28 35 1 -6.03194203e-05 -4.51508665
0 0 0 0 2 -0.0267190225 8.32254791
50 51 62 68 2 -1.56163733e-05 -5.6633482
114 114 49 55 2 -0.000346759363 -4.61052895
123 127 77 81 2 -0.000118491764 -5.69281054
67 70 118 129 0 -2.62259582e-05 -4.37906742
46 52 60 68 1 -8.22535367e-05 -6.11537552
75 80 51 55 2 -3.01598448e-05 -8.78596687
58 61 199 203 2 -0.000186907972 -6.24599886
79 84 95 130 4 -0.000259629189 -2.86652637
97 100 117 121 2 -0.000215757711 -3.77214599
53 54 111 146 2 -0.000173564447 -3.63935757
83 85 66 68 1 -0.000159617775 -2.92139268
107 109 92 97 3 -7.64122669e-05 -4.31075382
0 0 0 0 1 -0.563919544 7.85328436
72 75 91 126 1 -7.36702932e-05 -4.20523882
0 0 0 0 2 -0.00290958723 6.49054337
180 185 128 135 3 -0.00019871589 -6.25452995
133 140 150 152 0 -4.02925507e-05 -4.6179266
112 117 135 141 3 -0.00022589328 -4.71993971
0 0 0 0 4 -0.390812933 7.4759922
63 63 124 132 2 -6.98557778e-05 -4.48924828
121 123 41 49 2 -0.000209682534 -5.88525867
124 128 71 106 3 -3.77891774e-05 -5.83145666
81 87 106 111 0 -2.30072874e-05 -2.36987925
35 35 50 54 2 -0.000285970164 -2.03796721
35 43 51 86 2 -0.000423760124 -3.7672801
101 106 122 128 4 -5.32861995e-05 -4.17221832
78 82 25 60 2 -2.16960379e-05 -6.28121281
0 0 0 0 2 -0.00386528997 7.01167774
0 0 0 0 3 -0.00661083544 4.70203733
45 45 116 123 3 -9.46509681e-05 -6.04788589
75 78 105 140 1 -8.83325993e-05 -4.41516542
121 123 137 168 2 -8.47562987e-05 -6.78080559
100 104 42 57 4 -0.000212425643 -3.77997327
53 57 74 109 4 -0.000187868369 -2.94191933
35 41 137 142 2 -5.25703545e-05 -7.49429369
0 0 0 0 3 -0.651358545 9.34419727
58 61 42 46 3 -1.46627135e-05 -6.53102207
63 67 101 112 3 -3.29016257e-05 -5.82516623
46 50 85 120 4 -0.000551182486 -2.78793621
0 0 0 0 1 -0.000985980849 6.00448561
40 44 80 82 0 -5.76963248e-05 -1.82424498
51 53 34 41 2 -3.19479332e-05 -4.36459017
32 35 18 22 2 -3.48089743e-05 -4.5995965
74 76 90 97 1 -6.41337101e-05 -4.952456
67 70 78 83 1 -4.86370882e-05 -5.58169746
86 86 50 58 3 -9.02401734e-05 -5.77410555
58 60 106 141 2 -4.76830028e-05 -7.23704481
74 81 149 156 2 -2.34841518e-05 -6.26796865
117 121 79 81 0 -4.87561992e-05 -3.01567936
72 77 140 149 1 -0.000225536991 -3.55495191
111 111 122 126 2 -0.000541284331 -4.2846117
0 0 0 0 2 -0.00178526493 4.57263184
28 29 74 76 1 -0.000193468994 -4.25619268
0 0 0 0 3 -0.54076165 9.59898949
106 109 120 127 2 -4.2676711e-05 -6.71696615
0 0 0 0 1 -0.0165769253 7.21235657
44 49 110 145 3 -0.000183337936 -4.85200119
120 120 61 84 3 -0.000743182143 -4.20251417
79 83 51 60 3 -6.41340666e-05 -3.66220641
173 176 79 110 3 -0.000631873205 -3.79819918
0 0 0 0 2 -0.549699306 9.5188303
92 94 104 139 2 -2.49145851e-05 -7.55725288
38 40 46 81 1 -0.000711494591 -4.56850433
0 0 0 0 2 -0.2075876 6.66306877
142 148 100 107 2 -7.54587672e-05 -3.44610381
0 0 0 0 0 -0.00874321349 7.22651768
91 92 140 148 4 -0.00644554896 -1.6393708
84 89 106 121 1 -0.000168079365 -4.22298479
77 79 56 61 2 -9.05989509e-06 -6.92732668
0 0 0 0 3 -0.011981314 4.66999245
105 108 145 151 2 -0.000344854721 -4.78448486
121 126 73 108 1 -3.01598411e-05 -4.3088789
100 104 134 139 4 -0.000169034203 -3.95734787
63 68 41 45 2 -2.65835479e-05 -5.22517443
111 113 136 140 2 -7.61739648e-05 -8.17211246
88 88 101 103 2 -8.85712579e-05 -3.46204925
0 0 0 0 2 -0.183815524 11.0538015
40 43 55 90 1 -5.29285171e-05 -4.16463518
0 0 0 0 4 -0.289690763 7.83340645
0 0 0 0 2 -0.0129196718 5.23892307
140 143 38 61 2 -0.000354029529 -5.22196198
147 152 73 82 4 -0.000749868283 -4.86072254
116 121 137 172 0 -2.89677228e-05 -5.59104919
99 110 157 161 0 -0.000445455691 -1.8093996
159 163 85 92 3 -0.000144002086 -4.71162033
42 50 170 201 0 -0.00235954928 -1.3422488
108 112 97 102 1 -0.000110386318 -2.68251348
191 197 66 72 2 -0.00461203326 -2.55646396
0 0 0 0 3 -0.605657279 9.71187973
110 112 39 74 1 -0.00031611789 -1.81714833
154 158 117 132 4 -0.000292170531 -3.77793026
58 65 176 176 0 -0.0351287425 -2.56170726
0 0 0 0 3 -0.0583922602 8.13454533
64 66 82 93 3 -0.000290979107 -4.69370222
103 109 127 162 1 -1.95502798e-05 -6.75254583
60 60 97 112 3 -0.000339611433 -4.97755861
42 43 69 84 3 -0.00288926484 -2.4747436
58 64 173 175 1 -3.62394567e-05 -6.41432095
104 107 127 135 3 -0.000108716893 -3.11051154
48 55 128 134 3 -0.000148650812 -4.7351079
82 84 116 119 2 -0.000259984576 -2.83914447
61 63 42 50 1 -0.000105140512 -7.2699995
130 134 146 181 3 -9.95385199e-05 -6.55919313
0 0 0 0 2 -0.00267244526 7.12425661
113 116 34 69 2 -1.80005554e-05 -4.51659441
58 59 116 127 2 -5.37628366e-05 -5.16931009
95 97 105 111 1 -4.31535336e-05 -5.94602633
0 0 0 0 2 -0.129776046 9.5185585
117 119 45 80 2 -3.43321371e-05 -5.34316254
87 93 64 66 1 -9.47700755e-05 -2.66182446
55 57 71 75 2 -3.96965152e-05 -4.75744247
0 0 0 0 2 -0.0077365255 7.59016752
45 45 92 127 2 -3.92196271e-05 -5.43288136
132 135 100 108 2 -4.11270012e-05 -6.17360973
0 0 0 0 2 -0.0450949967 8.63419151
75 78 37 41 2 -2.31265185e-05 -5.97057056
109 113 64 99 2 -0.000205272489 -2.11375141
43 47 61 68 2 -3.68354595e-05 -5.20706606
67 71 84 119 4 -0.000198240203 -4.19432259
45 50 91 98 0 -0.000218143046 -2.59639788
105 108 70 77 2 -2.10999879e-05 -4.70734596
110 110 83 90 3 -0.000222557195 -5.02778959
53 59 116 123 1 -0.000124451733 -5.16160345
128 132 98 106 2 -5.05443859e-05 -6.19211054
117 119 40 46 1 -3.09943025e-05 -6.49684191
77 81 59 61 4 -0.000122902522 -4.71188831
123 123 54 85 2 -0.0154097723 -2.08410358
0 0 0 0 2 -0.367671192 8.39856339
84 90 51 66 1 -5.72200661e-05 -3.09858775
0 0 0 0 2 -0.0067804656 6.91666174
60 62 69 77 3 -0.000182982534 -4.54756355
113 117 96 102 2 -3.50473856e-05 -5.82335663
64 67 86 121 0 -6.35380638e-05 -0.83902812
64 67 83 118 2 -2.62259637e-05 -5.15314579
103 104 120 122 2 -0.00156721543 -3.10270715
105 109 88 93 2 -2.64643604e-05 -4.40671873
125 125 143 152 3 -8.88097857e-05 -5.53188229
185 185 48 83 3 -0.000120995246 -5.69135904
74 79 50 52 3 -6.16307443e-05 -4.42710161
128 135 58 93 2 -0.000123496851 -5.12502575
138 138 168 203 3 -6.16306716e-05 -7.39492273
105 106 120 126 3 -5.36437365e-05 -5.27166176
0 0 0 0 2 -0.280332953 9.44219017
41 44 56 91 2 -5.76968196e-05 -5.69839478
37 41 53 59 3 -0.0256935544 -5.66987944
60 64 28 39 2 -0.000148768595 -6.16433096
47 54 68 70 2 -4.2438216e-05 -6.15808392
72 76 94 99 1 -2.98022205e-05 -4.63522053
115 117 65 100 4 -0.000244132738 -3.46992087
0 0 0 0 3 -0.0177534372 7.02699375
63 67 80 87 4 -0.000369053887 -3.91682267
114 114 68 103 3 -0.000138041723 -3.71587873
85 85 65 70 3 -5.29285826e-05 -4.49093151
12 20 25 56 0 -0.00163927441 -1.14480889
45 53 58 64 1 -0.000268687552 -3.87336659
49 52 71 75 2 -4.49416802e-05 -4.38896132
35 37 54 85 1 -0.000377750606 -2.00737381
137 143 96 119 0 -0.000131603461 -3.42981219
0 0 0 0 1 -0.625267208 9.87242889
24 30 59 67 0 -0.000103947605 -2.94522858
108 113 56 91 1 -2.40802074e-05 -6.49896049
114 118 132 138 3 -3.52857896e-05 -7.49258947
52 53 132 135 3 -0.000185962199 -5.52174377
51 55 61 96 4 -3.12326956e-05 -5.02469254
120 124 70 105 1 -8.79755244e-05 -5.74883652
46 47 99 134 3 -2.455703e-05 -5.13450003
113 116 130 138 1 -5.54319195e-05 -5.2149415
46 46 56 62 3 -4.49416693e-05 -6.05080986
0 0 0 0 1 -0.0132354749 6.61534595
96 103 66 81 0 -3.13518904e-05 -4.55815744
90 94 117 124 2 -1.69276864e-05 -4.86996937
85 86 103 111 1 -3.80275087e-05 -4.44810152
57 59 89 104 3 -5.55510705e-05 -4.98202562
56 57 71 76 4 -0.000125406194 -3.98995328
124 125 169 204 2 -0.000184290897 -8.09130192
45 46 109 115 3 -0.000101683996 -4.95729256
0 0 0 0 1 -0.327198327 8.15007019
162 162 69 92 2 -8.64256799e-05 -4.89895582
46 50 79 102 0 -0.000114913993 -2.73141384
143 144 96 131 3 -6.92597532e-05 -5.9757843
165 167 145 152 2 -0.000875839731 -3.20091867
48 53 62 65 0 -6.60407532e-05 -2.45747137
0 0 0 0 2 -0.00758295646 7.11574364
0 0 0 0 2 -0.0016188079 3.23855186
105 111 67 72 1 -0.000648791902 -4.72990751
0 0 0 0 3 -0.0210799314 7.64955664
48 51 117 152 4 -0.000127432781 -3.99934983
30 38 51 54 0 -0.000117298026 -1.89611137
0 0 0 0 3 -0.10074421 5.96336031
0 0 0 0 2 -0.469806015 8.27034855
120 125 147 158 1 -0.000149366257 -5.75005817
34 34 42 65 3 -6.62798557e-05 -6.1516571
38 38 52 60 3 -9.53659328e-05 -4.68123674
0 0 0 0 4 -0.0640115738 8.48084354
127 133 74 109 0 -0.00016963153 -1.70426941
0 0 0 0 3 -0.763875127 8.09373093
0 0 0 0 2 -0.0564483888 8.38023949
36 42 67 76 1 -7.31936962e-05 -4.74860096
108 114 123 154 2 -0.000827072538 -3.52451181
55 59 130 134 4 -0.000113247275 -4.735919
46 52 111 120 4 -0.000358559308 -3.84708238
102 108 88 96 2 -5.67431853e-05 -3.89632678
61 64 73 78 3 -2.05039523e-05 -5.32336998
31 38 130 141 1 -6.99752345e-05 -5.4042058
0 0 0 0 2 -0.200392395 8.22284317
107 114 23 58 1 -3.34976794e-05 -6.1522274
0 0 0 0 1 -0.654774785 8.72314167
69 74 164 199 2 -4.05309584e-05 -6.13820648
34 34 48 50 2 -0.000155087924 -3.57904387
87 94 62 70 2 -0.000709322456 -4.30034542
127 128 136 143 2 -0.000153180154 -5.72156668
98 99 123 130 2 -0.000249852048 -3.89951944
83 88 94 100 3 -7.37898881e-05 -5.20684767
77 83 62 64 1 -2.30073147e-05 -3.87167287
82 85 112 113 0 -4.36303526e-05 -2.45052004
42 48 121 132 0 -6.69951041e-05 -3.5378356
96 100 72 79 3 -0.000152108318 -4.25278521
88 94 121 156 2 -0.000107405787 -3.6729579
80 87 150 155 2 -0.000336391502 -2.65151548
0 0 0 0 0 -0.072049208 10.4973907
121 127 144 152 2 -0.000195140878 -4.27127171
0 0 0 0 3 -0.610793769 8.69738102
54 59 21 44 0 -9.77514719e-06 -3.75975609
131 131 56 59 3 -5.61471716e-05 -6.02004671
102 103 151 186 2 -4.12461814e-05 -6.14077711
113 117 62 71 3 -0.00011944586 -5.27843142
79 81 20 27 2 -3.52857896e-05 -5.99103069
0 0 0 0 2 -0.0877743736 10.6722012
115 115 86 101 3 -0.000321489875 -4.62675905
97 101 85 91 4 -9.31013783e-05 -3.54180574
153 156 67 75 2 -0.000226252188 -4.11309338
0 0 0 0 2 -0.293035209 9.58764839
60 62 73 108 2 -1.15632856e-05 -5.46467447
63 65 40 45 2 -2.39609799e-05 -6.52444649
54 60 100 106 2 -4.02925325e-05 -4.36974239
49 49 69 104 3 -0.000114915849 -4.24598503
0 0 0 0 2 -0.127023369 9.64339733
0 0 0 0 4 -0.0410933979 7.3468194
55 59 139 174 1 -9.31002724e-05 -6.02277231
121 121 34 69 3 -0.000206703291 -4.51899624
58 65 101 108 2 -3.2901622e-05 -5.6630249
76 78 115 150 2 -1.45435024e-05 -6.21764088
208 211 174 189 2 -0.00212429673 -4.91053152
0 0 0 0 2 -0.385946184 7.94935369
0 0 0 0 2 -0.544757247 7.76526356
117 121 134 139 3 -6.55645563e-05 -5.25334501
189 197 119 121 0 -0.00368489465 -1.22078276
52 56 74 79 4 -5.57895764e-05 -2.81407785
17 29 33 41 0 -0.000482733449 -4.07165384
53 59 70 77 3 -9.51278707e-05 -4.78226185
22 29 37 42 1 -0.000143524143 -3.30906701
59 62 154 162 4 -0.000219338195 -3.91707325
0 0 0 0 1 -0.0830484256 8.81360626
113 115 95 106 2 -3.55242155e-05 -4.86234951
72 73 88 123 2 -7.74852815e-05 -3.81317902
0 0 0 0 2 -0.436387599 8.17740345
0 0 0 0 2 -0.365723938 8.23189831
0 0 0 0 3 -0.00980278943 4.05058146
68 72 51 53 4 -5.81737258e-05 -4.13965178
0 0 0 0 1 -0.00379403355 4.88076305
168 171 146 150 3 -0.00452851597 -2.79070163
41 45 48 79 3 -0.00686737197 -3.36009383
103 105 41 48 2 -3.94580748e-05 -5.03137207
80 82 108 115 2 -1.54971603e-05 -5.4791069
80 80 91 98 3 -0.000304320041 -4.94036818
151 155 56 91 0 -2.65835788e-05 -5.57914591
0 0 0 0 4 -0.000694653078 4.07173634
0 0 0 0 2 -0.421832412 8.64288235
47 53 66 74 0 -0.000151032786 -2.30288434
0 0 0 0 2 -0.0075698453 7.33485126
0 0 0 0 2 -0.313635081 10.5424738
61 69 88 93 0 -4.75641937e-05 -1.66242087
84 86 33 37 2 -8.3564817e-05 -4.68694067
146 152 167 176 3 -0.000603599357 -4.70503139
0 0 0 0 3 -0.649906874 9.51386929
0 0 0 0 0 -0.0451249368 7.28432226
0 0 0 0 2 -0.277420491 8.29052639
118 120 135 139 2 -0.00134249951 -3.0932982
26 30 36 47 3 -0.000676088268 -11.6716061
0 0 0 0 1 -0.42339012 9.76157951
136 140 43 74 2 -0.00600430369 -1.98521209
27 28 38 40 2 -0.000133749738 -1.93588197
0 0 0 0 2 -0.00897047017 7.83041811
73 73 152 187 3 -9.51273978e-05 -7.11723852
117 118 24 59 2 -0.000204915093 -2.51200795
84 87 95 118 2 -7.95117448e-05 -7.12942839
0 0 0 0 2 -0.00812252518 7.13292313
122 127 79 86 1 -9.67962624e-05 -3.08652091
0 0 0 0 3 -0.0210993234 6.46305227
171 171 212 219 2 -0.000800659822 -4.48602486
66 70 80 87 3 -3.95772986e-05 -5.82056618
37 41 162 169 2 -0.000157471397 -4.46317768
114 120 131 166 3 -3.87428154e-05 -6.24661207
103 103 110 114 3 -0.000110505178 -5.15724707
127 133 54 57 2 -6.8544774e-05 -3.18322206
89 89 70 77 3 -0.000110146706 -6.35983849
79 81 97 104 2 -0.000109194239 -4.78653193
82 82 88 123 3 -0.000115987379 -5.45952368
71 79 46 50 1 -8.92864919e-05 -4.78654337
0 0 0 0 3 -0.00123625435 2.35559416
78 83 57 64 1 -0.000139829819 -0.293999612
90 93 106 117 2 -0.000290142081 -4.5607748
151 151 115 122 2 -0.000816598535 -4.74604845
103 103 137 140 2 -0.000123021367 -3.62723136
119 121 67 73 2 -0.000166292579 -3.36328769
31 35 50 85 2 -0.000148411549 -4.12125206
0 0 0 0 3 -0.373221964 8.65050411
90 93 109 120 4 -0.000161883188 -3.71217823
157 160 69 100 1 -0.00042853257 -2.4013164
113 121 58 65 3 -3.68354704e-05 -7.05867672
0 0 0 0 0 -0.030828828 9.97207546
61 64 40 49 2 -0.0540753379 -2.22909498
64 71 126 135 2 -5.55510996e-05 -6.22617722
117 121 95 110 2 -1.77621478e-05 -5.93694973
8 16 20 24 2 -0.388674498 -5.5398097
0 0 0 0 2 -0.597545445 8.15065289
62 62 150 185 3 -6.03194276e-05 -5.03348446
118 122 137 152 0 -5.36436673e-05 -1.38405573
62 68 35 50 2 -1.26361656e-05 -5.87215328
106 110 191 206 3 -0.00245739822 -4.54426527
0 0 0 0 4 -0.0966093242 8.23032951
71 77 155 164 3 -0.000201219678 -6.10756969
146 150 182 191 1 -0.00019215903 -4.77217817
0 0 0 0 3 -0.598744988 6.75474834
24 25 51 86 2 -3.85044332e-05 -5.81370831
135 140 88 111 1 -0.000394325267 -0.821607888
148 154 70 76 0 -3.79082121e-05 -3.40172839
50 50 111 146 4 -0.000840450521 -3.9691484
22 28 35 70 0 -0.000129815598 -6.79074669
110 112 50 73 1 -2.32457533e-05 -3.55952883
0 0 0 0 2 -0.419284463 8.82140636
48 51 128 143 2 -7.80812406e-05 -3.69506097
0 0 0 0 2 -0.46001479 3.91684103
0 0 0 0 2 -0.174400747 8.8429451
200 200 223 226 3 -0.00192363199 -4.58621502
61 65 107 142 3 -0.000406123727 -4.71653605
0 0 0 0 3 -0.00221208972 3.50473952
0 0 0 0 3 -0.0646231845 7.760993
0 0 0 0 3 -0.0110133495 6.4807744
105 111 131 166 0 -2.80140885e-05 -4.42350245
171 173 112 147 2 -0.000816377345 -3.5748992
103 103 112 135 2 -0.00157694332 -4.36031628
0 0 0 0 2 -0.366201311 8.66686821
83 88 97 132 2 -7.24784622e-05 -3.74025393
230 233 123 158 2 -0.234010994 -2.19157028
100 104 114 117 1 -4.20806064e-05 -4.14604282
40 45 54 89 2 -8.04652227e-05 -8.0611105
53 54 69 70 3 -0.000258790184 -3.71680093
116 120 80 91 3 -1.68084698e-05 -6.3691268
0 0 0 0 2 -0.00231030397 2.93609476
131 134 103 107 2 -2.9325347e-05 -7.26455116
77 77 88 95 3 -4.88755177e-05 -5.54142904
65 68 87 91 0 -2.10999697e-05 -2.1564765
0 0 0 0 3 -0.764689565 9.45488071
38 43 47 50 2 -3.81467253e-05 -8.07643223
88 92 125 133 1 -0.000388952118 -3.61032987
107 111 60 95 3 -0.00207138387 -4.61410809
0 0 0 0 2 -0.0213147849 8.92693901
56 60 73 108 3 -6.77100907e-05 -4.76314926
0 0 0 0 1 -0.0168274175 8.41825771
165 168 58 61 2 -0.000297652034 -4.79750824
75 83 96 111 1 -8.04647134e-05 -4.71646929
58 61 80 115 2 -2.77756772e-05 -7.00751352
47 49 117 152 2 -0.000215881984 -4.67856073
144 150 94 129 1 -5.2451669e-05 -6.22598171
50 50 55 59 4 -0.0143931443 -3.19108486
0 0 0 0 1 -0.272280514 8.53508282
81 84 59 64 1 -4.81602547e-05 -5.47005558
53 56 167 202 2 -3.0994288e-05 -8.57180977
79 81 30 65 2 -0.000133869165 -3.70274115
114 118 130 135 1 -0.000208491707 -5.70971775
57 62 79 81 1 -0.000172849541 -5.5573473
0 0 0 0 1 -0.195358172 8.61777115
148 148 130 135 3 -0.000212659928 -6.33476448
124 127 60 65 0 -0.00011896863 -1.66533816
65 68 20 55 4 -0.00250033871 -2.90518498
0 0 0 0 2 -0.117851421 8.62388802
81 82 34 69 2 -1.57355935e-05 -4.77968597
118 120 103 107 2 -6.49683061e-05 -2.75600863
63 68 148 151 3 -0.014529285 0.301903248
35 39 129 136 1 -2.19344511e-05 -6.94623518
0 0 0 0 3 -0.469090044 9.19424438
136 143 96 104 0 -1.21593239e-05 -3.43332291
137 137 51 58 2 -7.33129127e-05 -6.76895857
98 101 111 113 3 -8.90484371e-05 -6.5654707
58 58 91 96 2 -0.000626254303 -4.15749693
199 203 33 68 3 -0.000209682607 -6.93801832
76 81 58 60 0 -3.06366273e-05 -0.734721601
71 73 107 111 2 -4.79216942e-05 -4.25486898
69 73 87 118 3 -0.000508864759 -4.3600688
0 0 0 0 4 -0.02479757 7.9732585
80 84 94 129 4 -0.000197763191 -3.10409093
167 170 153 156 0 -5.41206682e-05 -1.99419284
0 0 0 0 2 -0.00153559423 4.56478119
132 136 53 55 3 -0.000196928479 -4.47526646
56 62 129 131 0 -4.51799388e-05 -3.26786757
140 140 71 76 3 -0.000151035332 -4.46058321
178 178 101 116 2 -0.00501834881 -4.78314257
92 92 124 159 2 -5.412057e-05 -5.78407526
55 58 121 136 2 -3.54050098e-05 -5.69093513
43 45 55 90 4 -0.000253427017 -3.87750387
41 43 58 65 2 -1.72853142e-05 -5.71463585
146 152 91 99 2 -0.000177498092 -2.82626009
41 45 58 60 2 -3.82659855e-05 -4.85418749
0 0 0 0 2 -0.0016067907 4.95996714
91 95 28 63 3 -0.000164982062 -6.00702572
109 116 135 141 1 -0.000790402177 -5.26839972
98 100 108 139 2 -6.27035697e-05 -5.89531565
87 89 76 78 2 -0.000391460373 -2.2635932
0 0 0 0 2 -0.00213154918 6.61674643
75 75 183 185 4 -0.0032461863 -3.63270354
128 128 101 103 3 -0.000899560167 -4.34346342
0 0 0 0 2 -0.276576102 9.70230389
0 0 0 0 0 -0.0693685487 9.96222687
0 0 0 0 2 -0.00686071487 6.82131052
0 0 0 0 3 -0.401044637 4.74556684
113 113 126 149 3 -9.32204421e-05 -6.17052412
0 0 0 0 2 -0.718331099 9.97259331
0 0 0 0 3 -0.609514713 8.19640636
0 0 0 0 2 -1.13747072 10.3443327
109 109 31 66 4 -0.00025736267 -4.98281574
57 59 135 143 2 -7.9630976e-05 -4.46973276
16 19 24 26 4 -0.0287138186 -4.67633581
89 93 152 158 3 -0.000280485168 -4.78959846
145 148 48 55 3 -5.56703089e-05 -5.74003077
61 63 48 51 2 -2.94445999e-05 -5.83727646
126 129 56 62 3 -0.000134942675 -5.24460554
0 0 0 0 2 -0.582489431 8.44416428
35 41 60 95 0 -2.05039414e-05 -4.04056263
30 31 48 53 2 -3.5166544e-05 -6.88812733
96 102 33 68 2 -7.96307868e-05 -3.75875092
0 0 0 0 1 -0.00983705558 7.38298321
53 55 114 118 2 -0.000109670669 -4.07659006
0 0 0 0 3 -0.0817459673 9.09589481
132 133 45 68 1 -5.96040518e-05 -5.55087042
156 161 61 84 0 -4.14844362e-05 -5.87043428
168 170 28 63 2 -0.000159855583 -4.0356493
85 89 101 104 3 -6.63989485e-05 -4.84731388
119 123 58 61 3 -9.97770112e-05 -4.9531455
197 202 48 83 4 -0.000213497085 -3.34001732
108 110 19 54 1 -3.37360652e-05 -4.6255722
109 112 126 128 3 -3.40937331e-05 -6.08939552
54 56 115 126 3 -5.14980784e-05 -5.87389803
114 118 129 140 2 -7.09284577e-05 -6.95968294
80 81 88 99 3 -0.000254861166 -5.34137249
42 44 63 71 1 -5.50743061e-05 -3.09740567
0 0 0 0 2 -0.596599698 8.58652687
144 144 167 170 3 -0.00282397633 -4.3578949
112 113 94 98 3 -2.99214298e-05 -6.49473906
0 0 0 0 1 -0.92528069 8.7380352
142 146 41 64 2 -1.84773962e-05 -6.78227329
52 58 117 124 2 -1.57355989e-05 -5.70650434
41 45 81 87 1 -8.46375478e-05 -4.79133654
0 0 0 0 3 -0.857388318 9.42637634
136 136 65 100 3 -0.000100611374 -4.88823509
0 0 0 0 4 -0.00205055415 -3.34442568
84 87 105 136 3 -0.000103472266 -5.27822781
99 100 111 122 3 -4.20806755e-05 -5.54576683
139 145 99 122 1 -0.000262370333 -4.34893703
54 60 154 189 2 -5.5312652e-05 -7.92513418
71 73 49 54 2 -0.000147578015 -5.76160192
141 145 44 55 3 -0.000370360271 -4.88341093
39 42 82 117 3 -7.15250135e-05 -4.87559748
108 112 59 74 1 -0.000138637901 -6.10857868
61 65 83 118 1 -6.15114841e-05 -5.94488859
62 66 34 41 2 -3.34976467e-05 -4.37603855
126 126 177 212 3 -0.00388006447 -4.62772131
77 82 98 106 0 -7.74859109e-06 -5.42366028
111 111 126 128 3 -0.000221601833 -4.84928083
113 114 123 130 4 -0.000122305995 -5.70377731
91 94 63 69 2 -2.82525016e-05 -5.14746332
108 108 122 145 3 -3.21863154e-05 -6.85171747
112 115 132 133 2 -8.24918388e-05 -2.26131606
0 0 0 0 2 -0.00204107049 6.37319851
151 151 96 131 3 -0.000329718983 -4.38652134
91 91 33 68 3 -5.47167292e-05 -5.44820356
108 112 138 173 2 -3.79083067e-05 -8.75798798
0 0 0 0 1 -0.00685166987 4.76736498
70 76 106 141 1 -5.13788837e-05 -4.97947168
144 147 8 43 0 -0.000117298485 -6.50269699
0 0 0 0 3 -0.00739354175 4.82702971
0 0 0 0 2 -1.20068777 7.66672707
107 112 63 98 3 -0.00115278957 -3.98393917
132 134 87 122 1 -7.79619513e-05 -3.6405704
86 88 48 71 1 -0.000142092205 -2.64155889
79 79 89 112 3 -0.00191280222 -3.5924592
51 53 70 93 2 -9.84655489e-05 -5.42697048
0 0 0 0 2 -0.0210139118 6.38289165
123 123 78 85 3 -0.0073210625 -3.42839789
81 87 67 71 1 -0.000162955635 -4.48781347
0 0 0 0 4 -0.232790321 10.4988527
66 72 88 111 1 -5.72199679e-05 -4.84144449
0 0 0 0 3 -0.00502881315 4.88912916
19 25 29 64 2 -0.000134703572 -10.6879416
99 102 114 137 3 -8.46377807e-05 -5.93912554
55 55 90 125 2 -0.000144002028 -8.12139225
154 154 173 175 3 -0.00101141492 -4.80266762
53 57 89 120 1 -3.03982524e-05 -5.1821456
133 142 84 92 0 -0.000298365834 -2.7834053
99 105 53 56 0 -3.49280017e-05 -3.3560853
66 69 43 49 0 -5.66238668e-05 -0.539699018
80 80 34 69 2 -2.49146578e-05 -7.05541277
17 17 38 45 3 -0.000157114904 -5.02984762
142 146 92 127 3 -3.63586769e-05 -5.30281687
98 100 112 116 2 -0.000110265581 -3.46317935
44 49 65 67 1 -0.000431262772 -2.18441796
92 93 49 56 1 -2.88485153e-05 -4.12555885
46 49 108 143 0 -2.37225631e-05 -4.78622246
72 73 38 49 2 -8.08223267e-05 -3.73055124
50 50 114 118 3 -6.71138769e-05 -4.94613314
57 62 71 76 1 -6.8902038e-05 -6.7449522
87 93 28 63 1 -3.79083649e-05 -5.33356428
164 171 39 70 2 -0.00746491365 -1.48409522
67 71 82 89 1 -0.000109670364 -7.43567514
51 52 109 112 2 -4.69681945e-05 -5.14066648
114 116 202 207 2 -0.000224106028 -7.61920643
135 139 115 120 2 -0.000101565107 -3.66734552
12 12 17 20 4 -0.000339846447 -4.34883308
12 15 19 30 0 -0.00137179007 -4.04064465
70 75 42 53 4 -9.29822709e-05 -4.82452393
57 61 39 45 3 -1.89542352e-05 -5.31886292
62 62 75 110 3 -0.000106929045 -5.99653912
110 110 62 77 4 -0.000739364768 -2.50150943
94 95 82 89 2 -6.97368378e-05 -3.61177444
44 47 69 84 4 -0.000917672412 -3.69884038
61 62 85 88 3 -0.000663308718 -5.54283381
71 71 83 88 2 -9.05980851e-05 -4.97587442
53 57 151 166 2 -4.17229458e-05 -6.50903082
83 91 65 69 1 -8.36836844e-05 -5.69468403
100 101 119 127 4 -8.91675591e-05 -5.02628613
50 54 74 97 3 -6.07961738e-05 -5.8725605
54 59 69 100 3 -7.65314253e-05 -5.82676029
43 43 52 56 2 -0.000342927844 -5.00829887
43 47 51 62 1 -0.0124317128 0.0153206736
86 89 45 47 1 -0.000110981928 -5.59924793
38 38 42 47 2 -0.00054112816 -7.41847467
47 47 71 106 2 -0.000187391037 -3.08906651
106 114 59 94 0 -7.62938635e-06 -4.51700211
102 106 114 118 2 -4.63719953e-05 -4.09718561
72 76 84 119 3 -0.000107883017 -4.85665751
103 107 89 92 0 -6.30606519e-05 -2.3537159
104 105 64 67 3 -0.000113485905 -5.379498
36 36 54 57 3 -0.000105140993 -6.94523048
64 64 81 116 3 -8.63064415e-05 -4.55964708
47 51 63 67 2 -7.92733481e-05 -4.45373869
106 107 120 155 2 -5.32859303e-05 -5.24530745
52 56 87 102 2 -0.000101921585 -3.74694681
34 35 87 122 3 -0.000125763181 -4.77250099
115 121 70 76 0 -2.0265501e-05 -2.90722656
49 49 94 101 3 -6.03192166e-05 -5.75109911
63 64 45 48 3 -7.66508238e-05 -5.43319082
111 112 147 170 3 -0.000249258417 -5.01712084
37 38 63 78 3 -9.28629743e-05 -5.6178937
4 5 8 43 3 -0.000688029686 -3.91023231
87 87 48 59 3 -0.000111220659 -5.63661432
134 134 49 55 2 -0.000157590752 -4.342103
60 61 48 55 3 -6.07962866e-05 -6.05522442
25 25 29 36 2 -0.0285256412 -1.6353569
47 47 102 117 3 -0.000159021991 -5.10147905
51 53 117 124 2 -0.000212184328 -4.07426834
91 94 41 43 2 -5.75775775e-05 -5.14343643
35 36 84 119 2 -9.10744129e-05 -3.67954087
88 88 45 68 2 -0.000137802708 -3.59394598
41 43 51 58 2 -5.51935082e-05 -4.04126692
88 92 127 162 1 -0.000103472004 -4.60361338
54 54 74 109 3 -1.88350259e-05 -7.12071562
198 199 115 150 3 -0.000560601882 -5.30256224
124 126 75 106 1 -9.17896396e-05 -3.95673084
123 123 174 177 2 -0.000801348593 -2.84549713
99 100 115 150 3 -9.0716705e-05 -5.58549929
57 58 128 139 3 -0.00012790956 -4.93720198
61 67 76 99 1 -8.43992166e-05 -5.91031504
87 89 45 80 2 -0.00150771986 -4.59180117
89 91 44 67 2 -2.09807658e-05 -6.2018795
17 18 39 44 2 -0.00177384412 -6.5269618
15 20 68 83 1 -0.0011623234 -3.50356936
25 28 55 61 2 -5.48359021e-05 -4.55090523
116 117 43 48 2 -3.0398216e-05 -4.7946353
51 52 63 86 2 -2.71796125e-05 -5.47784615
0 0 0 0 3 -0.00482284371 4.09422588
0 0 0 0 3 -0.0379934199 8.3217392
0 0 0 0 3 -0.391732842 8.68490601
0 0 0 0 3 -0.00892341044 6.71011639
0 0 0 0 2 -0.23694919 9.50634766
0 0 0 0 3 -0.00849552546 8.28740788
0 0 0 0 2 -0.0034115836 6.74141884
0 0 0 0 2 -0.0258572232 8.58700848
0 0 0 0 3 -0.00990663376 6.71415377
0 0 0 0 1 -0.457935214 9.3513279
0 0 0 0 2 -1.13203454 10.619648
0 0 0 0 3 -0.239595309 8.66991138
0 0 0 0 2 -0.00992239453 8.38291931
0 0 0 0 0 -0.629377425 9.9837656
0 0 0 0 3 -0.0906816199 7.79503965
0 0 0 0 3 -0.0509317406 8.37482262
0 0 0 0 2 -0.00968120061 6.58340645
0 0 0 0 2 -0.0328188352 7.7793417
0 0 0 0 2 -0.0272344314 6.31431293
62 67 144 147 1 -0.000274645397 -3.52790642
87 96 68 75 0 -0.000105736763 -3.07378793
20 20 24 59 2 -0.040953245 -5.37701988
50 55 100 135 1 -4.48224564e-05 -4.57693005
46 51 71 106 3 -2.86101349e-05 -5.24510813
50 57 65 71 1 -6.0438615e-05 -4.71589851
99 105 121 156 1 -0.000153299334 -3.46758509
119 120 102 109 2 -0.000113366412 -3.58852577
71 71 157 165 3 -0.000132438232 -4.94473648
115 121 132 133 0 -6.97365904e-05 -3.61924839
0 0 0 0 2 -0.00109943061 2.86166668
61 62 115 150 2 -7.84389777e-05 -6.50649166
35 40 50 55 0 -1.70468738e-05 -3.90388179
129 132 144 167 0 -0.000123260586 -0.664748311
50 55 69 76 3 -0.000356282981 -4.88657331
78 78 51 62 3 -0.000186319026 -4.80157995
113 118 29 36 1 -5.91272401e-05 -4.18052053
121 122 135 146 3 -0.00308593665 -4.62309551
61 67 103 108 0 -2.7179618e-05 -3.29678917
75 81 113 116 1 -0.000102876118 -5.64609718
145 148 66 73 3 -0.000424120139 -3.52132344
0 0 0 0 2 -0.463855922 8.43378067
52 54 76 111 1 -0.000151988686 -4.13838148
50 56 67 102 1 -2.75371858e-05 -8.30456829
130 134 53 88 4 -4.64913428e-05 -1.94932449
80 84 48 55 4 -0.000223867988 -3.48158503
40 40 52 67 4 -0.000180002186 -3.70286608
58 62 93 99 4 -0.000234357838 -1.49112046
0 0 0 0 3 -0.683627069 9.53984928
0 0 0 0 1 -0.00360554317 3.36759448
71 74 26 61 1 -8.92863463e-05 -5.50340176
86 89 155 190 0 -0.000123974867 -4.35300827
0 0 0 0 1 -0.267451555 8.45071507
0 0 0 0 3 -0.0470634699 8.00138283
85 89 167 174 2 -6.60412916e-05 -6.59233236
82 84 92 96 1 -5.69814438e-05 -5.06581783
54 57 115 150 1 -0.000162000768 -4.33722734
57 65 95 97 0 -0.000217309163 -1.65063655
53 61 89 92 0 -9.65594154e-06 -3.43253613
0 0 0 0 2 -0.789181232 3.99144888
42 42 110 114 2 -0.00017261006 -2.82607961
201 202 124 132 2 -3.70739144e-05 -5.33467579
80 88 107 110 0 -4.18422132e-05 -4.85727167
97 100 30 65 3 -3.83852348e-05 -6.42721987
0 0 0 0 3 -0.00938328728 6.18217611
173 174 152 159 2 -0.000870242133 -2.20731592
68 69 40 47 1 -4.43455647e-05 -5.54670811
0 0 0 0 1 -0.071496442 9.21921349
10 14 24 29 2 -0.000792302424 -2.21332502
9 9 114 117 2 -0.000124094353 -3.67710757
72 79 47 56 1 -0.000106929045 -5.69763279
116 121 51 58 1 -2.51530873e-05 -5.47255373
43 45 32 38 2 -9.03595865e-05 -5.46700859
76 79 53 61 2 -2.05039469e-05 -6.03019714
0 0 0 0 3 -0.0154286064 7.93059206
116 121 105 109 3 -4.100769e-05 -5.87016344
148 151 25 60 3 -7.68891914e-05 -5.09065771
105 112 63 98 1 -2.64643604e-05 -5.62449408
133 136 154 189 2 -0.00176358898 -4.17945433
38 42 87 94 2 -0.000144001431 -5.09056377
51 55 65 73 0 -3.61201164e-05 -3.02841878
42 43 56 61 3 -0.000165815291 -3.52605438
81 85 125 160 3 -0.000100968668 -5.06250763
113 117 63 98 3 -0.000109670757 -4.31419992
35 38 46 54 2 -2.28881254e-05 -4.86016655
124 127 73 108 2 -3.48089598e-05 -4.13761568
0 0 0 0 4 -0.000633785792 3.45062995
42 45 97 104 3 -0.000158187308 -4.57676697
69 75 48 50 3 -7.40283285e-05 -5.80139542
84 88 101 112 4 -8.57105115e-05 -4.84277678
158 161 81 104 1 -4.73258151e-05 -4.57339811
109 110 125 160 4 -0.000680861471 -4.3910656
0 0 0 0 2 -0.00981859304 8.06319046
54 54 86 89 4 -0.000521503738 -3.60315561
43 44 131 134 4 -0.00051971589 -3.45337343
108 111 58 93 3 -0.000200147406 -7.17409849
196 197 173 181 2 -6.89023946e-05 -6.14702606
28 29 124 132 2 -0.00153139606 -3.39331102
97 97 40 63 3 -0.000510897604 -5.06557512
120 122 163 170 3 -0.000248068041 -5.65243387
100 105 137 144 0 -7.22389159e-05 -2.50883937
79 79 100 103 3 -0.000422318088 -4.12980556
114 118 57 92 3 -3.02790504e-05 -8.53886032
97 102 77 80 1 -6.58029676e-05 -2.15156674
27 30 44 51 1 -7.98691399e-05 -3.83480525
102 110 79 84 0 -3.73121802e-05 -5.36087608
111 116 215 220 1 -0.000731315697 -5.19407368
117 120 92 99 2 -1.09672419e-05 -5.84466648
49 50 97 120 2 -0.000111101312 -6.06223154
38 41 48 83 1 -0.000182019285 -4.12318277
0 0 0 0 2 -0.0770709217 8.33998489
0 0 0 0 2 -0.049336601 7.97514391
144 150 85 120 2 -9.60816251e-05 -5.33879232
40 44 78 83 3 -2.06231525e-05 -5.53157854
94 98 40 47 3 -0.000266183459 -4.93620348
0 0 0 0 2 -0.212651253 8.06231403
115 125 44 55 0 -2.45569718e-05 -7.07311249
167 175 93 128 3 -0.000273570506 -6.0296979
45 49 116 120 4 -0.000300870626 -4.25234699
0 0 0 0 2 -0.00170049258 4.89769363
0 0 0 0 1 -0.00193118572 4.72791147
124 126 57 65 2 -3.27824309e-05 -5.03062487
179 180 196 204 2 -9.20283564e-05 -5.13116693
66 68 54 60 2 -3.95772877e-05 -4.70410442
136 142 35 70 3 -1.83581906e-05 -6.41281796
63 63 44 48 3 -0.00039813621 -4.58592892
32 34 50 85 2 -0.00164958904 -4.8082428
0 0 0 0 2 -0.271949291 9.0145998
37 40 66 73 4 -0.000334723125 -2.19912291
105 108 56 91 1 -4.12461159e-05 -5.37380648
116 120 66 70 3 -4.9233171e-05 -6.28007698
24 27 32 37 4 -0.000106809915 -4.93589783
109 112 125 136 3 -0.000163431367 -4.50457191
37 43 115 146 2 -0.00126250123 -3.61602879
91 93 108 116 1 -9.76297524e-05 -4.85553932
0 0 0 0 3 -0.370219767 8.49412918
109 113 122 131 4 -0.00180657848 -4.53627491
110 110 70 105 3 -0.00156485406 -6.03485823
130 135 64 99 3 -5.03055817e-05 -7.86282873
0 0 0 0 0 -0.0773036554 10.0719929
43 45 57 65 2 -3.77891593e-05 -5.59232664
0 0 0 0 3 -0.826385081 7.6262536
49 51 93 124 3 -0.0047891587 -4.29777145
30 33 38 48 2 -0.000149485291 -4.84433126
199 201 65 100 2 -0.00315935025 -4.04058743
0 0 0 0 2 -0.69518137 8.51594639
71 75 90 97 3 -0.00102873705 -3.21149397
167 173 27 62 1 -0.000119684111 -4.19480228
135 140 114 123 1 -4.89945014e-05 -7.2316308
82 85 100 103 4 -0.00254025264 -3.78644371
59 61 83 118 2 -0.000112889276 -6.67033339
69 76 45 56 2 -0.000143286627 -3.10898447
110 111 53 88 2 -1.32322084e-05 -7.04650354
83 91 64 67 0 -0.00029525315 -2.29949141
82 90 97 102 0 -0.000837714993 -0.786575556
98 105 49 84 2 -5.35245199e-05 -4.38708782
52 59 69 72 2 -8.07038814e-05 -3.41759706
67 73 87 98 1 -0.000109431989 -3.89944077
147 151 90 125 4 -0.000208729471 -3.28296518
71 74 90 92 1 -9.083646e-05 -3.67560768
163 169 62 97 4 -0.000402424426 -4.64886522
83 85 29 37 1 -0.000164147728 -3.97996783
50 50 62 66 2 -0.000185247147 -6.13271189
103 103 112 116 4 -7.36703441e-05 -5.57054949
49 51 127 135 1 -0.000256887492 -3.56403518
115 119 138 141 0 -0.000131127206 -1.56340265
95 97 50 61 2 -1.78813225e-05 -7.3439374
130 130 111 118 2 -8.69026553e-05 -6.48837137
81 86 95 130 2 -5.85308844e-05 -5.83066082
67 70 118 126 0 -3.54050062e-05 -2.41057587
124 126 55 62 2 -0.00046989799 0.668255746
119 126 70 77 0 -6.41340375e-05 -1.34952545
20 23 49 51 4 -0.00067381945 -3.23764563
105 112 127 134 2 -5.06633551e-05 -6.59805632
47 51 100 105 2 -0.000225891796 -2.51417422
89 89 45 52 4 -0.000372987502 -4.41770649
0 0 0 0 3 -0.0148563664 7.10900068
107 108 67 72 2 -3.45705485e-05 -6.88329268
0 0 0 0 2 -0.0319660977 8.31137085
0 0 0 0 2 -0.36827442 8.29331875
0 0 0 0 2 -0.969969749 9.26100349
34 35 46 52 2 -9.29820599e-05 -4.38050508
43 46 119 154 3 -4.2915075e-05 -5.4866972
0 0 0 0 2 -0.00288126874 5.99857235
0 0 0 0 2 -0.126161844 8.8441515
46 54 114 117 0 -5.19745627e-05 -3.01997972
31 38 66 81 0 -7.24784259e-05 -2.11593699
143 147 160 166 4 -0.00136058545 -2.17669463
83 87 106 117 2 -0.00030504496 -3.2661314
43 51 55 58 2 -0.000130412198 -8.27517414
102 110 61 67 0 -7.53382919e-05 -2.71728516
58 58 207 212 2 -0.000275351689 -5.14849234
190 198 21 56 2 -8.95243429e-05 -7.13687277
108 112 124 131 2 -0.000243179136 -3.9295361
59 63 83 91 0 -0.0453790836 4.84014368
45 48 124 133 2 -0.000130770044 -4.78988743
7 10 16 51 4 -0.000198597234 -4.95525932
61 61 70 105 3 -0.000766888435 -6.39722061
115 119 65 100 2 -9.53672952e-06 -7.73513412
0 0 0 0 2 -0.0683394372 9.50689888
58 64 192 196 2 -0.000257721375 -3.81038833
103 107 136 142 1 -5.35244326e-05 -5.91684675
119 119 93 102 3 -0.000160809897 -4.71629477
0 0 0 0 2 -0.443364948 8.24247169
129 131 47 82 2 -0.000104305553 -3.7027266
165 169 194 196 2 -2.92061395e-05 -5.9513092
36 38 46 81 2 -0.000409572618 -5.42531395
0 0 0 0 2 -0.308853567 8.0298481
113 117 44 51 4 -3.77891665e-05 -3.64727354
108 112 123 158 2 -5.50743171e-05 -6.14345074
0 0 0 0 3 -0.0037804537 4.07858992
0 0 0 0 1 -0.0173995197 8.45300484
79 79 59 66 3 -8.15382227e-05 -4.48805523
0 0 0 0 2 -0.00224778079 4.35239172
68 73 49 53 2 -2.98022296e-05 -6.36684799
15 20 33 41 3 -0.00165571808 -2.4184041
105 111 54 61 3 -0.000113962393 -5.25888109
0 0 0 0 3 -0.00132286083 4.74846268
165 166 225 227 2 -0.000329710077 -3.38044786
56 57 35 36 3 -0.000186318677 -5.39095831
78 85 51 57 0 -2.20536167e-05 -4.407794
0 0 0 0 3 -1.12072325 8.49226856
100 100 124 131 3 -0.00201833551 -4.41531897
58 61 78 82 3 -0.000132558431 -2.95315647
143 147 81 96 3 -0.000224341886 -6.46290302
42 45 130 165 1 -4.47031343e-05 -5.31401062
0 0 0 0 1 -0.0867652446 6.42891979
110 111 127 158 3 -0.000265588169 -4.17145061
117 122 38 73 0 -2.25305012e-05 -3.84839845
67 67 50 52 4 -0.000175710302 -4.50010824
123 130 93 96 2 -0.000126240149 -4.60877657
63 65 109 144 1 -5.91271455e-05 -5.37497282
103 108 46 50 4 -7.96310997e-05 -2.27327204
107 111 45 51 4 -9.31014802e-05 -4.53318691
0 0 0 0 2 -0.0138907433 8.58226395
0 0 0 0 3 -0.645831883 8.59118843
0 0 0 0 4 -0.0430635363 7.31838226
30 35 55 90 1 -0.000436151546 -5.31211662
94 95 54 77 2 -2.57491265e-05 -4.42655134
36 36 93 98 2 -5.10210448e-05 -5.05715132
48 51 58 62 2 -3.63586623e-05 -4.76568317
16 18 34 36 2 -0.00590877887 -2.24390054
116 119 63 98 2 -1.12056596e-05 -4.83873081
0 0 0 0 1 -0.052863773 8.66843224
117 120 45 49 1 -7.97502216e-05 -6.10898447
53 54 148 152 2 -0.00012278356 -4.49782801
81 85 50 57 2 -2.21728733e-05 -5.8241806
106 106 121 156 3 -1.84773817e-05 -7.10155678
90 98 105 109 0 -4.17229203e-05 -2.24723053
100 104 51 60 2 -1.5616386e-05 -6.55681467
0 0 0 0 3 -0.345978647 8.63630962
95 99 156 165 1 -0.000507195946 -4.21609116
95 95 124 132 4 -0.00407582428 -3.83811069
47 47 127 132 2 -7.49816463e-05 -2.74132752
47 50 65 68 2 -2.41994057e-05 -3.43825912
0 0 0 0 3 -0.0981875733 8.24604607
142 142 94 95 2 -0.000687680556 -5.57739592
140 140 113 116 2 -0.000116226525 -4.29235363
70 70 29 64 2 -0.000136492221 -4.29996824
25 25 98 109 2 -5.41203699e-05 -6.66295052
0 0 0 0 2 -0.0427902527 8.7127943
47 50 56 91 4 -8.98828876e-05 -2.68371558
0 0 0 0 1 -0.439563453 9.32209015
111 112 64 68 2 -0.322167963 0.193437725
0 0 0 0 0 -0.467141449 12.0731859
0 0 0 0 2 -0.0324793458 7.26719379
223 229 52 87 1 -8.05845993e-05 -5.04557562
84 90 107 138 2 -0.00100824819 -4.94819069
55 58 82 91 2 -9.17910438e-06 -6.73613405
152 157 32 35 2 -0.143096536 0.540855587
84 87 117 124 2 -6.16307152e-05 -5.81646013
0 0 0 0 4 -0.0681362748 8.39876556
75 80 66 70 0 -6.97365322e-05 -0.486660331
62 65 42 44 4 -0.077872768 -0.44222942
98 101 126 149 2 -0.0270089339 -4.33461237
28 30 43 78 2 -7.71272389e-05 -3.14211631
121 124 156 161 2 -0.000341748935 -3.77380252
0 0 0 0 2 -0.0213045217 6.46295071
49 56 85 120 0 -2.59875269e-05 -3.83052063
106 110 123 129 3 -8.53528254e-05 -4.55006981
0 0 0 0 2 -0.381679922 7.02656031
161 164 140 143 2 -3.85044114e-05 -4.44609356
130 134 57 63 3 -4.60145056e-05 -5.09232807
34 36 168 172 2 -0.000252704573 -5.18419218
103 105 46 51 1 -6.22267107e-05 -5.22793531
36 40 112 116 3 -8.82135937e-05 -5.04337263
65 69 53 55 2 -3.76699645e-05 -4.5956912
51 51 102 109 2 -0.000799068715 -2.6311059
25 29 92 100 2 -0.00147253671 -1.63807321
47 47 84 91 4 -0.000293360441 -4.74887896
0 0 0 0 3 -0.0166191775 8.18799973
55 58 85 120 0 -4.1365347e-05 -2.56439924
149 150 91 126 1 -7.02135367e-05 -2.9667685
0 0 0 0 2 -0.763038695 8.42402172
0 0 0 0 2 -0.0922030136 7.94696856
120 120 38 73 2 -3.60010272e-05 -6.87976646
34 37 113 120 1 -4.2915075e-05 -3.88840628
190 193 107 142 4 -0.000525793061 -4.57410145
213 216 94 129 2 -5.63853391e-05 -5.81258535
0 0 0 0 2 -0.0841802806 9.01189804
43 43 90 98 2 -0.000295263308 -3.67384481
42 42 101 108 3 -0.000100491874 -5.39406157
81 87 106 108 1 -7.15241913e-05 -5.54307699
46 52 58 66 0 -4.60141819e-05 -2.46979523
105 105 147 155 2 -0.000596115016 -3.76918602
161 166 52 63 1 -2.95637983e-05 -5.41572571
123 131 140 148 0 -0.000126002007 -2.93800712
0 0 0 0 2 -0.971002042 9.57845497
78 82 90 95 0 -3.23054301e-05 -3.99373698
63 69 126 128 0 -7.20011885e-05 -3.86364889
0 0 0 0 2 -0.00682648225 5.7150631
45 48 92 97 2 -6.66375126e-05 -4.88703108
96 96 103 111 3 -4.64911063e-05 -5.33567286
145 145 159 165 3 -0.000777917332 -4.67777348
45 50 65 70 1 -0.00280390168 -2.41541362
92 92 64 68 3 -4.55376721e-05 -5.12139797
51 56 75 84 0 -0.000128982239 -3.65605187
0 0 0 0 3 -0.00774470484 6.26398754
0 0 0 0 2 -0.031664785 7.03171444
0 0 0 0 2 -0.00557824969 6.92503309
129 129 56 91 3 -0.00026904259 -3.9926548
47 54 151 157 1 -0.00115871965 -6.93882179
149 152 63 70 2 -3.29016402e-05 -5.64562368
126 131 44 52 2 -0.00299742189 -5.72683668
97 99 81 88 2 -4.5537643e-05 -3.53442907
159 163 122 137 2 -0.000126239727 -4.71648502
0 0 0 0 3 -0.176482737 9.11525822
80 84 97 101 0 -2.7656386e-05 -1.93456769
106 112 121 132 0 -3.85043859e-05 -4.32591009
0 0 0 0 2 -0.00385888247 7.27187014
52 54 63 74 1 -8.26110772e-05 -5.37707424
59 63 43 46 0 -0.005916005 1.1377213
92 93 107 109 2 -7.9272635e-05 -4.74397373
63 63 130 165 2 -0.000355222874 -5.19485664
37 40 56 61 0 -7.35511203e-05 -4.58793211
154 156 105 140 2 -0.000296223356 -3.95510077
88 89 124 139 3 -0.000127432053 -7.05692959
56 60 122 157 2 -0.000104663915 -4.90432262
110 110 60 91 3 -0.00184232485 -3.8980515
70 73 117 124 2 -7.61740303e-05 -7.61782837
18 18 80 88 3 -0.00177115924 -3.38918829
110 112 91 98 2 -1.59740157e-05 -6.05149984
128 135 55 90 3 -0.000270118937 -6.81596851
125 129 86 109 3 -0.000205034274 -4.11924171
55 63 118 123 1 -1.99079004e-05 -6.88310385
120 121 140 175 2 -5.36437037e-05 -6.07211685
137 141 89 124 4 -0.000156876311 -4.83383083
103 108 85 96 2 -5.03059346e-05 -2.91040921
0 0 0 0 3 -0.0419437997 8.29581738
146 154 165 196 3 -0.0390913934 -1.47644365
33 39 51 86 1 -0.000264278642 -4.26749945
0 0 0 0 2 -0.0591475666 7.11784792
65 69 108 123 3 -7.95115993e-05 -4.4729352
60 60 96 131 3 -0.0077161598 -0.143507615
141 141 68 74 2 -0.000235550702 -5.00452566
70 76 53 60 1 -4.60145238e-05 -4.39091682
131 134 207 212 2 -6.98556978e-05 -7.78260183
139 143 38 69 1 -0.000636407931 -3.41723609
0 0 0 0 4 -0.0465683565 8.05737209
66 73 111 117 0 -2.00271097e-05 -3.50459576
87 93 110 114 1 -5.51932317e-05 -4.56228971
66 70 81 116 3 -6.22266962e-05 -4.84403658
127 128 145 154 2 -0.0008647223 -5.0937686
66 72 195 230 0 -0.000966574531 -3.12664723
134 137 41 76 2 -0.000682984595 -5.18172693
0 0 0 0 3 -0.561886072 9.5946064
108 108 138 153 3 -0.000249974139 -5.72990561
60 60 89 91 4 -0.000652697636 -5.10226727
53 56 84 91 1 -0.000204557145 -2.83472085
0 0 0 0 2 -0.696594596 8.05789566
0 0 0 0 2 -0.454389513 10.608798
95 99 115 150 2 -0.000333767413 -7.70074749
161 168 54 85 0 -3.56433775e-05 -5.69814348
100 100 74 77 2 -8.09422054e-05 -5.11494684
0 0 0 0 2 -0.555604458 6.67398071
137 141 96 105 3 -2.96829603e-05 -6.0693903
62 66 42 45 3 -0.0393426307 -2.14656758
164 166 135 143 2 -0.000899343868 -6.57712221
121 121 137 149 3 -0.00565625215 -3.29769731
0 0 0 0 3 -0.0128914556 4.64915228
45 48 53 61 4 -0.00209356472 -4.08611631
33 33 44 49 4 -0.000167723454 -4.49330378
0 0 0 0 1 -0.00430225441 2.69653273
0 0 0 0 3 -0.592879176 9.17645168
111 122 32 67 0 -4.43456302e-05 -5.24299526
59 62 74 77 2 -2.24112682e-05 -6.96299744
89 93 112 123 2 -8.65449183e-05 -5.37603188
103 108 81 88 1 -8.85710178e-05 -5.05393982
107 114 71 75 0 -2.67027863e-05 -3.59435201
97 105 59 65 0 -2.08615711e-05 -2.46301413
106 109 48 56 2 -0.0010289948 -0.574002981
0 0 0 0 2 -0.00226529734 5.03103971
97 99 51 82 2 -0.0017493763 -2.73224998
116 117 93 100 1 -0.000411485555 -4.32103491
95 101 111 142 2 -0.000177856389 -5.40346718
50 53 72 79 3 -0.000179406212 -6.01148653
144 148 161 168 0 -0.000439499941 -1.12954998
23 24 77 112 3 -2.53914895e-05 -5.87323761
78 79 60 65 2 -4.2915126e-05 -4.65662718
190 190 34 69 3 -0.00134961237 -2.74041939
90 94 109 116 4 -0.000243537783 -1.21992505
46 53 66 101 1 -8.69022406e-05 -6.42490482
48 52 63 70 2 -0.00169645122 -1.20426583
60 67 85 120 2 -1.60932268e-05 -7.40084171
100 104 138 144 1 -2.21728569e-05 -4.32345629
111 117 80 88 1 -9.05976849e-05 -4.94019938
101 102 80 87 2 -0.0012128579 -0.886125147
116 120 87 94 3 -0.000744141988 -6.04782724
161 165 54 85 2 -2.59875487e-05 -5.51126099
99 104 113 116 1 -0.00025438366 -3.13588548
40 41 61 96 2 -3.74315205e-05 -3.88485909
125 125 78 113 3 -3.83852057e-05 -3.94977689
149 150 80 115 2 -0.000376560551 -4.99295282
223 223 66 101 4 -0.000209324964 -5.41668177
106 106 41 52 3 -3.23055647e-05 -5.8389616
207 210 108 143 3 -3.08751005e-05 -5.91738605
0 0 0 0 2 -0.00425234763 7.41549969
83 87 159 167 2 -3.43320899e-05 -5.45621777
68 75 89 120 2 -0.00027762595 -3.73324513
0 0 0 0 4 -0.00269930344 3.15241194
22 26 64 99 3 -2.41994203e-05 -6.51810312
125 134 61 96 0 -3.94580748e-05 -5.2794323
84 87 39 74 3 -4.55377158e-05 -5.92530775
115 122 140 175 3 -0.000134346308 -7.45284176
94 96 64 87 2 -1.21593312e-05 -3.59917974
20 24 29 64 4 -0.000160569471 -4.96427917
132 137 67 74 2 -1.66892678e-05 -4.52627468
165 168 89 124 4 -0.000154372261 -4.04378843
139 139 68 103 3 -0.000127909239 -5.85126162
40 40 50 73 4 -0.000304926099 -3.26487541
0 0 0 0 2 -0.184581146 9.80464077
52 54 70 72 2 -2.31265385e-05 -5.80794144
85 85 95 101 2 -4.75641609e-05 -5.91256285
144 147 172 179 2 -0.000114200753 -4.51213741
153 157 103 138 2 -0.000144598147 -3.45042253
65 67 19 54 2 -9.32206385e-05 -5.68470812
52 62 73 108 1 -5.61471788e-05 -5.94674778
25 26 98 113 1 -8.49950957e-05 -4.61408758
62 63 122 129 3 -4.78026595e-05 -5.24246311
50 54 129 136 0 -5.99615014e-05 -2.28966117
134 138 67 72 3 -4.67297941e-05 -5.78366327
78 79 91 93 2 -3.36168887e-05 -4.92615747
59 69 38 46 0 -0.000108238542 -2.26213884
51 52 62 97 3 -2.36033666e-05 -5.19197512
123 123 57 92 4 -0.00112696411 -3.37783909
61 69 85 100 3 -6.41341612e-05 -5.65513468
69 73 41 48 3 -2.65835752e-05 -6.94213009
119 122 143 148 4 -0.00256056944 -2.54013014
88 88 117 123 3 -0.000164862751 -4.9716506
129 129 61 96 4 -0.00168475136 -2.38517618
64 68 50 54 4 -0.000189776882 -3.82215691
39 45 57 63 1 -6.53261231e-05 -5.25264549
0 0 0 0 2 -0.00756575493 7.79741526
0 0 0 0 3 -0.535531282 7.14872551
109 113 48 52 2 -0.000166650585 -6.78363562
66 69 79 87 1 -3.03982506e-05 -5.90111017
61 69 85 93 3 -2.7418042e-05 -5.45426702
74 74 57 59 2 -5.61471643e-05 -3.96950626
119 126 68 103 0 -3.92193251e-05 -5.37333298
95 95 107 118 3 -0.0658340007 -3.15638423
0 0 0 0 1 -0.0198048241 6.63911772
0 0 0 0 3 -0.56302911 8.65063858
52 56 103 110 4 -5.56704181e-05 -3.47360992
0 0 0 0 2 -0.976439714 7.771945
20 26 30 37 2 -0.000785133918 -6.24989939
0 0 0 0 2 -0.00550613971 7.73162127
116 116 65 100 3 -5.05444041e-05 -4.02420521
150 154 58 93 4 -0.000493131171 -3.04585266
60 60 50 53 3 -0.000169868319 -5.160882
73 81 93 128 1 -7.12858891e-05 -5.52546549
98 99 112 147 3 -3.64778825e-05 -5.59683275
0 0 0 0 2 -0.0337963477 9.03452396
104 107 58 93 3 -6.40149156e-05 -5.58732891
140 148 121 129 0 -3.31400115e-05 -3.86838889
30 33 110 117 2 -0.000667863467 -2.8064301
213 216 80 115 3 -0.0334563963 -0.848318756
0 0 0 0 3 -0.338267207 7.11770153
0 0 0 0 2 -0.00215538032 6.03874111
39 44 99 114 1 -9.27436195e-05 -4.03815269
146 147 0 0 2 -1.32554603 3.05865121
0 0 0 0 2 -0.304630339 8.1459465
200 204 145 180 4 -0.000136968098 -3.31561542
100 101 115 130 1 -0.000146861828 -2.77764916
58 64 38 43 2 -2.01463281e-05 -5.20101261
105 108 55 90 3 -3.25440196e-05 -6.90495539
55 59 35 37 0 -0.000146144303 -2.10164714
198 203 84 91 3 -0.000634253025 -5.72439337
85 89 98 105 2 -0.000321612955 -4.50029469
105 109 118 124 3 -0.00124422938 -3.33043861
177 180 58 93 4 -0.00208215532 -3.6148963
86 87 54 61 3 -2.53915023e-05 -5.69728184
52 52 103 138 3 -4.91136088e-05 -6.27549028
107 109 96 101 2 -1.83581906e-05 -4.00584936
119 126 134 165 0 -0.0622018576 3.06149173
121 123 100 115 2 -9.67966407e-05 -5.98278856
159 159 48 55 3 -0.000353675568 -3.76589775
0 0 0 0 3 -0.432726294 8.6181612
40 40 50 85 3 -0.000164620462 -4.92504025
0 0 0 0 4 -0.038537126 8.26114464
66 67 20 51 2 -0.000323873421 -3.29662824
73 76 52 59 1 -2.32457314e-05 -7.27159119
0 0 0 0 2 -0.421778411 8.2122612
58 63 151 153 1 -0.000116465628 -5.87778521
78 80 44 59 2 -9.059896e-06 -6.21081209
89 91 108 119 3 -4.50608422e-05 -6.87642765
68 72 32 36 1 -1.47672582 3.17058778
121 122 192 201 3 -0.000360087724 -4.72756338
0 0 0 0 2 -0.344447643 9.90042305
106 110 123 158 3 -0.000242822309 -5.11503696
70 72 51 58 2 -5.3882246e-05 -6.11828995
71 78 35 43 0 -0.000100133941 -1.81829822
0 0 0 0 3 -0.866242588 8.30303383
0 0 0 0 1 -0.0302651599 7.75639725
146 150 79 86 3 -3.55242082e-05 -5.45166302
66 69 112 147 3 -0.000172849584 -4.40452051
0 0 0 0 3 -0.00457829563 4.61516714
123 126 41 72 2 -0.079007186 2.90756655
0 0 0 0 3 -0.267048061 7.84678888
33 38 65 80 1 -0.0377627201 -0.275100321
44 47 137 143 2 -0.000208727302 -2.66598535
120 120 149 152 2 -0.00080296665 -3.43882871
138 148 34 69 0 -4.63721008e-05 -3.0523355
35 37 72 78 2 -1.63316327e-05 -4.88451385
117 120 182 217 2 -3.17094891e-05 -8.32052898
29 32 48 79 4 -0.000834141392 -3.61612272
60 66 92 96 0 -3.49280854e-05 -0.931310892
55 60 73 80 2 -7.66509038e-05 -5.76902437
38 42 52 87 3 -2.75371931e-05 -5.08965302
39 40 77 112 3 -0.000728274579 -5.11234999
0 0 0 0 3 -0.794209778 8.38488674
57 59 38 45 2 -1.50203432e-05 -5.57339859
0 0 0 0 2 -0.0702916607 8.28944206
50 52 95 102 1 -0.000185723853 -4.10864925
44 46 90 97 2 -5.06635952e-05 -3.98121238
22 24 31 66 2 -7.66508165e-05 -6.16464758
78 81 89 94 2 -4.89947197e-05 -5.30709887
0 0 0 0 3 -0.53582257 8.46584702
55 58 73 108 2 -3.26632216e-05 -7.48344994
206 206 75 110 4 -0.000362734892 -2.22734666
0 0 0 0 2 -0.00698942877 7.31191921
73 75 86 94 2 -6.79485092e-05 -6.41011906
0 0 0 0 3 -0.0222611148 7.64492893
88 88 64 70 3 -0.000140305405 -4.52548838
63 67 129 136 3 -0.000101683909 -4.03507328
105 108 144 148 1 -0.000304325164 -3.79503536
38 43 63 70 1 -2.47954522e-05 -6.07294273
82 86 21 29 1 -0.000714578782 -0.861173332
45 49 61 96 3 -2.16960361e-05 -7.43849325
0 0 0 0 2 -0.00350812636 4.11219597
144 148 73 108 3 -5.7696896e-05 -5.43301296
38 42 47 58 3 -0.000120993878 -4.2840004
58 61 72 103 3 -3.08751041e-05 -5.01162052
74 78 122 126 3 -5.53124955e-05 -5.56804228
38 42 113 144 2 -6.38956117e-05 -7.00805521
79 84 113 148 3 -9.78695534e-05 -5.09743357
0 0 0 0 2 -0.0722099543 7.46841145
152 156 126 137 3 -0.000467494247 -6.35797024
125 128 67 102 3 -0.000296938233 -5.68520164
184 186 80 88 1 -0.00130281574 -2.46046758
0 0 0 0 2 -0.00145389605 5.16483212
0 0 0 0 2 -0.492685795 9.32719803
0 0 0 0 2 -0.029007731 7.2512989
134 135 95 101 3 -3.74315423e-05 -4.67996597
71 79 90 95 0 -4.04117127e-05 -3.55262041
55 58 69 76 2 -1.60932268e-05 -5.43503428
35 41 45 53 0 -9.39356833e-05 -5.03039074
97 101 110 115 3 -9.04787958e-05 -5.02504826
142 144 125 127 1 -8.51135046e-05 -6.11485624
0 0 0 0 2 -0.443992376 8.22526741
41 44 58 73 3 -2.9206185e-05 -5.98637819
62 68 78 85 1 -0.000104068051 -5.07283688
113 116 51 86 2 -0.00117839698 -7.66506815
136 143 67 74 1 -4.83985168e-05 -4.24813938
65 72 50 54 0 -2.39609872e-05 -3.2873168
61 64 77 84 2 -0.00117796077 -1.22317398
0 0 0 0 3 -0.00552023435 4.9449358
95 99 48 55 3 -7.42667762e-05 -5.82634783
54 54 86 93 2 -0.000429120555 -3.29301047
78 82 95 100 3 -0.000214569664 -5.30659294
72 74 154 177 2 -0.000705171085 -3.51964641
78 83 120 155 1 -7.76041124e-05 -5.25414228
139 147 106 114 0 -5.28092787e-05 -2.87309051
166 171 192 198 0 -2.76564733e-05 -4.38344765
51 54 112 127 1 -0.000162236131 -1.88631952
49 52 65 88 3 -0.000244729599 -5.14535999
0 0 0 0 2 -0.351140708 10.2087526
40 43 82 88 1 -0.000101922677 -4.67716551
0 0 0 0 2 -0.111066051 10.961482
0 0 0 0 2 -0.00204961258 4.99021673
133 135 111 119 1 -3.11134572e-05 -4.73934793
0 0 0 0 2 -0.00250339461 3.74652958
126 129 74 109 2 -0.00069513917 -5.75626278
0 0 0 0 2 -0.660366952 9.76620007
95 103 47 82 1 -0.0776181966 -2.96386075
0 0 0 0 2 -0.562084258 10.5003223
0 0 0 0 2 -0.00305259274 6.2646966
81 88 53 64 2 -3.14711324e-05 -4.60623598
73 79 105 108 1 -0.000103233309 -4.93067837
47 50 61 64 1 -0.921007514 -0.957194149
57 63 138 149 1 -0.0270600691 -1.38269651
0 0 0 0 2 -0.117250621 8.34732628
44 49 63 72 0 -0.000204915719 1.23351216
0 0 0 0 2 -0.229001328 8.66579437
44 49 64 99 3 -2.74180566e-05 -5.38334942
124 125 142 177 2 -0.000104663486 -5.79954958
41 49 112 116 1 -0.000246981392 -3.86642742
92 97 39 74 2 -6.59221478e-05 -7.37139702
130 133 77 112 4 -0.000204795724 -5.23890257
0 0 0 0 2 -0.188008562 7.3251791
119 124 152 157 1 -0.000592706085 -5.00452852
173 179 73 76 1 -0.000327930262 -3.78901982
58 62 92 100 1 -0.00389198959 -0.546883106
47 51 20 25 3 -4.33919122e-05 -4.83503389
17 25 30 32 1 -0.000262124289 -1.52023482
0 0 0 0 2 -0.0506260209 8.31190586
59 60 23 30 2 -1.31129918e-05 -5.43065691
47 47 103 112 2 -7.58161841e-05 -5.15453959
54 57 73 80 2 -1.07288233e-05 -5.40819693
94 102 113 144 0 -3.8266e-05 -3.91679239
50 55 106 113 1 -0.000171418884 -4.72623301
56 64 118 125 2 -0.000155563845 -7.05561638
58 58 213 221 2 -0.000251761376 -5.51135254
80 85 96 131 4 -0.000214093889 -2.8722682
92 94 111 116 2 -0.000652098039 -2.18263459
137 140 82 117 2 -2.37225886e-05 -6.33008957
43 49 22 28 1 -7.59353279e-05 -4.80783939
19 19 30 32 3 -0.000243654067 -4.91087914
0 0 0 0 1 -0.271045148 8.446105
141 143 68 103 1 -5.79352272e-05 -3.92186475
0 0 0 0 2 -0.00204140553 6.32435226
72 80 166 171 3 -0.00062086893 -6.26425123
137 142 152 157 0 -2.98022242e-05 -4.64578009
113 117 135 142 3 -0.000106809472 -6.23587942
0 0 0 0 4 -0.282675594 7.529737
44 44 57 60 2 -5.59086948e-05 -4.16874123
135 137 51 56 2 -0.000435566355 -6.35473967
108 112 55 90 3 -2.02655319e-05 -5.89605999
147 150 169 176 0 -4.80409253e-05 -1.73914552
63 65 132 136 2 -0.000258793589 -2.65463829
24 32 40 75 2 -0.000289892923 -4.06350231
93 97 113 114 4 -5.50743098e-05 -4.65458536
105 111 52 87 2 -9.53673316e-06 -7.03562212
0 0 0 0 2 -0.00696372753 8.7617569
0 0 0 0 3 -0.0122415628 6.29083967
57 57 73 78 3 -0.000173445573 -4.91923809
106 112 33 68 1 -3.27824273e-05 -5.43982601
115 116 130 153 2 -4.38686802e-05 -6.63481998
60 63 100 123 4 -0.000271907076 -3.86128902
124 127 68 103 4 -3.89812703e-05 -4.13376141
112 116 138 145 2 -7.24780839e-05 -7.73030233
0 0 0 0 3 -0.674851894 9.65431118
104 107 42 48 3 -0.000143286816 -4.28068352
0 0 0 0 2 -0.240615651 8.46339703
118 121 68 103 4 -0.000674536859 -1.39228523
0 0 0 0 1 -0.00180825684 8.82998466
99 102 55 57 0 -3.7550697e-05 -1.4986099
34 37 101 108 2 -9.77502859e-05 -3.96394801
72 73 102 110 2 -5.49549441e-05 -4.805511
41 47 109 120 1 -0.00011479525 -4.6630969
30 36 141 145 1 -0.000141379584 -4.08817101
132 132 97 104 3 -0.000172015309 -6.18006277
187 187 82 117 2 -9.34589698e-05 -6.91229105
53 57 75 106 2 -2.26497014e-05 -6.60140896
94 101 113 117 0 -5.9961505e-05 -2.505687
0 0 0 0 1 -1.09289026 9.41292858
76 80 126 133 2 -0.000328163354 -5.94791555
0 0 0 0 2 -0.00196749624 5.67074823
50 54 63 67 1 -5.81736895e-05 -6.605196
0 0 0 0 1 -0.97441709 8.58681107
102 104 115 119 2 -4.20806246e-05 -6.58606482
0 0 0 0 1 -0.0125494367 7.58791113
44 47 108 143 3 -6.401469e-05 -5.65052366
52 52 92 99 3 -0.000651901122 -4.51773739
90 94 64 71 3 -7.22400291e-05 -3.83329129
127 131 94 101 3 -0.000121710778 -4.83016539
0 0 0 0 1 -0.218906328 8.73200035
86 90 100 135 2 -1.95502616e-05 -7.90707064
36 40 46 81 1 -0.000736489194 -3.44937444
0 0 0 0 2 -0.359341532 6.82505226
153 157 48 63 2 -0.00016080997 -5.32716179
0 0 0 0 2 -0.262301683 8.03974724
171 171 219 223 4 -0.00247799093 -3.48913479
46 48 84 95 1 -9.91806883e-05 -4.72038317
185 186 90 93 2 -1.49011303e-05 -7.17747211
0 0 0 0 3 -0.00576622598 3.94747019
110 113 49 55 2 -0.000149604835 -4.35164833
85 91 102 137 1 -0.000162478012 -3.26748133
104 108 163 170 4 -0.000138280404 -3.85359526
48 52 85 93 2 -3.13519049e-05 -5.78068924
80 84 135 140 2 -3.67162902e-05 -7.45694017
21 23 80 86 2 -0.000162120967 -3.66112661
0 0 0 0 2 -0.409063309 11.3338861
109 111 54 89 1 -5.88889525e-05 -4.42896748
0 0 0 0 4 -0.308612168 7.78061104
0 0 0 0 2 -0.00423399126 5.90611506
101 105 56 87 2 -0.00287890807 -4.6811161
25 29 143 150 4 -0.00125440455 -5.19658899
136 144 87 122 0 -4.10077737e-05 -5.41843796
159 163 75 79 0 -1.66892678e-05 -2.63766646
166 170 92 99 3 -0.000105141327 -5.15778494
89 94 151 174 0 -2.13384174e-05 -3.76194954
42 46 55 62 1 -7.33130728e-05 -4.4059844
128 131 184 190 2 -0.00814478286 -1.01266491
0 0 0 0 3 -0.555028796 9.62835789
0 0 0 0 2 -0.436716229 8.23651123
96 100 51 74 4 -0.000303255685 -3.5040915
60 63 77 83 0 -0.00115357316 -2.62466645
0 0 0 0 2 -0.278894901 8.01877594
113 115 131 154 3 -0.00051900337 -4.98849726
107 109 127 162 1 -2.36033738e-05 -6.69523382
134 135 64 95 3 -0.0104519529 -4.21626472
57 59 34 41 3 -0.000115869771 -5.11173296
146 148 165 167 1 -6.25842076e-05 -3.35330796
104 109 129 134 3 -0.000238167238 -1.27220249
62 67 45 51 3 -9.38165904e-05 -5.35811234
81 82 97 103 2 -0.000278818596 -3.11623001
59 64 41 48 1 -0.000383587962 -6.83431339
122 126 138 173 3 -0.000226610136 -4.76969433
0 0 0 0 2 -0.00572086638 7.64009237
105 109 59 94 2 -2.82524852e-05 -5.68475723
121 121 46 53 2 -9.83465143e-05 -4.97909546
82 86 94 97 1 -5.96041427e-05 -5.43765736
0 0 0 0 2 -0.301188886 8.57347488
102 102 52 87 2 -0.000163909121 -4.29463768
55 61 92 94 1 -8.27301483e-05 -3.91358113
46 47 61 66 2 -2.38417961e-05 -5.85856438
0 0 0 0 2 -0.0154647883 8.73704338
123 127 145 180 2 -4.49416511e-05 -7.01734304
41 45 56 62 2 -8.01076676e-05 -6.18272734
0 0 0 0 2 -0.0510113351 7.88649035
128 130 33 40 2 -2.41994057e-05 -6.53814268
103 103 41 76 2 -0.000388245622 -2.30601978
46 49 63 67 2 -2.84908947e-05 -4.57661104
57 61 74 109 4 -0.000159022282 -3.92296314
45 49 66 81 0 -2.77756462e-05 -2.41339636
43 45 120 128 2 -7.89155893e-05 -5.01450825
121 121 86 101 3 -0.000335425255 -5.12569046
119 127 52 59 1 -7.49820028e-05 -5.57030582
0 0 0 0 2 -0.286012679 8.62991619
44 48 86 94 1 -7.33129709e-05 -5.14682388
43 46 83 88 4 -8.08231271e-05 -4.74170589
37 37 68 99 2 -0.00553007424 -1.60962307
0 0 0 0 3 -0.335530013 8.39741611
87 93 54 69 1 -2.57491156e-05 -5.51144409
0 0 0 0 2 -0.010845067 7.79778957
50 52 29 35 3 -0.000203723961 -5.11875725
44 47 74 79 2 -2.64643841e-05 -5.39722109
73 76 141 176 0 -2.93253852e-05 -1.85221672
0 0 0 0 2 -0.375420004 8.23254585
100 101 117 124 2 -0.000409080181 -3.64865041
0 0 0 0 2 -0.237644508 7.91561937
135 135 153 161 3 -0.000190010222 -4.68137169
188 188 76 111 3 -0.000329241331 -5.57171202
87 91 106 113 3 -0.000360707927 -3.99529696
41 47 106 141 2 -0.00010943177 -5.86640453
133 133 163 198 3 -0.000113127891 -7.5722003
147 147 46 53 3 -0.000595156802 -4.05373001
0 0 0 0 2 -0.270494431 7.88905287
102 104 50 85 2 -6.40147919e-05 -5.73348951
47 52 66 71 3 -0.506525636 -5.35279131
0 0 0 0 2 -0.0379676558 8.78100109
47 53 67 72 2 -3.03982633e-05 -6.56021595
117 123 141 146 1 -3.14711397e-05 -4.13838816
111 113 61 96 4 -0.000233522704 -3.61328554
0 0 0 0 3 -0.107055768 7.52416897
61 66 47 50 4 -0.000155803631 -4.26192856
64 64 80 115 3 -9.27437868e-05 -4.51012802
104 107 84 89 3 -4.56569251e-05 -6.0220747
12 17 22 33 0 -8.32071237e-05 -2.84317064
46 49 54 62 1 -0.00438056374 -5.09652233
57 57 124 132 2 -0.000161882839 -4.3811388
36 42 59 74 1 -8.86906419e-05 -4.31647444
94 98 61 76 0 -7.16429568e-05 -2.2470789
0 0 0 0 1 -0.202415481 10.1787834
70 75 87 89 0 -2.89677355e-05 -2.20441294
88 96 112 147 1 -5.34054561e-05 -5.65814304
111 115 129 136 3 -4.06501276e-05 -5.72635365
108 108 123 130 3 -0.0002475894 -5.77658749
92 96 34 69 4 -5.66240597e-05 -3.82265306
104 106 120 155 1 -0.000114558425 -6.26661253
39 40 55 90 3 -3.06366346e-05 -5.21852827
111 113 127 134 1 -8.97633872e-05 -5.14272785
54 54 64 68 3 -6.46109402e-05 -6.01865864
0 0 0 0 1 -0.0947202668 8.70285988
53 56 65 88 0 -2.49146451e-05 -4.93951893
50 51 74 81 2 -1.47819246e-05 -4.22567081
76 78 52 56 1 -3.111349e-05 -4.78806877
99 99 72 79 3 -0.00228620227 -5.02492046
59 59 73 77 4 -0.000206941608 -3.95755172
0 0 0 0 2 -0.0634361058 8.05925465
34 34 109 113 3 -0.00017666354 -4.75926065
0 0 0 0 1 -0.164318368 8.03310871
122 124 143 158 2 -6.49684007e-05 -5.40487957
128 132 57 72 0 -6.77102071e-05 -2.08663225
141 141 94 129 3 -0.000131723966 -6.09062672
32 32 46 53 2 -0.000424940372 -6.13135958
47 54 63 69 0 -5.62661844e-05 -1.16953862
0 0 0 0 2 -0.00632360997 6.5849123
0 0 0 0 2 -0.0550489128 4.14277935
134 136 67 72 1 -0.00130950182 -3.06726527
0 0 0 0 3 -0.0110954214 7.30658722
154 157 98 133 4 -0.000602676882 -3.89996982
90 97 34 40 0 -4.18421732e-05 -3.9467504
0 0 0 0 3 -0.0119653866 6.3139019
0 0 0 0 2 -0.47535345 8.57358932
137 141 163 174 1 -0.000323279848 -4.48011112
34 34 42 73 3 -0.00141225127 -3.36941051
113 113 102 104 3 -7.58163515e-05 -5.48976421
0 0 0 0 4 -0.0925222784 8.18925667
188 191 114 149 0 -3.68355068e-05 -4.35069799
0 0 0 0 2 -0.273524463 7.82009554
0 0 0 0 2 -0.0644795746 9.13808537
71 78 89 97 1 -0.000142807636 -6.4805398
122 126 74 85 2 -2.53914986e-05 -4.98582983
56 60 89 94 4 -6.83063336e-05 -3.99278378
56 62 99 111 4 -0.00011491566 -3.80193138
115 120 128 136 2 -4.75642191e-05 -4.32787418
34 38 101 105 3 -0.000103948725 -4.7809968
120 128 41 48 1 -4.79218506e-05 -5.30832243
0 0 0 0 2 -0.0827930048 9.12273979
30 36 74 109 1 -4.29150896e-05 -5.3030591
0 0 0 0 3 -0.312062651 7.1548667
126 133 147 182 2 -1.54971785e-05 -8.18842602
42 44 58 61 2 -6.47300185e-05 -3.76453066
89 92 107 115 2 -0.000112293528 -5.45434189
84 90 37 48 2 -1.62124306e-05 -6.75328922
121 123 42 53 2 -0.000928163063 -3.79147434
87 92 98 101 3 -0.000103949271 -4.54210424
83 85 41 48 1 -1.76429312e-05 -4.67208672
86 91 120 126 0 -2.50338489e-05 -3.28647947
95 103 133 148 0 -9.75119619e-05 -2.44467211
47 50 113 120 3 -3.15903599e-05 -5.84593105
90 97 124 159 2 -5.79352018e-05 -4.93306637
69 75 49 52 2 -2.6106758e-05 -5.8686018
0 0 0 0 0 -0.028494468 9.47388172
136 142 57 61 2 -0.000154015055 -3.55864739
0 0 0 0 3 -0.486594737 9.14179134
15 20 73 104 0 -0.000430081069 -2.24436736
46 46 63 69 3 -5.76967759e-05 -4.27279568
225 229 47 82 2 -0.00132168771 -5.33541584
183 187 63 70 3 -0.000154252688 -4.77372789
22 22 34 38 2 -0.00014221351 -4.75601292
0 0 0 0 2 -0.0190173667 8.91610336
97 97 60 83 3 -0.000213972846 -4.74135351
41 44 53 61 4 -0.00026511302 -3.4026041
67 74 155 160 2 -0.00187571195 -3.79051566
0 0 0 0 2 -0.0930108428 9.79999828
57 60 71 106 2 -1.59740157e-05 -4.52804852
143 146 66 73 2 -0.000260821369 -3.55438209
57 62 106 113 2 -0.000116942552 -3.80861044
66 66 86 121 3 -0.000185364654 -3.78557205
0 0 0 0 2 -0.0145913437 6.90701246
0 0 0 0 4 -0.0318213329 7.85941839
116 119 198 233 1 -0.000121114557 -4.96868277
108 108 58 93 3 -0.000135538794 -5.16494083
55 60 96 102 2 -4.85178462e-05 -5.45563126
83 83 117 152 2 -2.13383682e-05 -6.94929981
152 154 39 54 2 -6.91408422e-05 -3.80357814
106 106 128 136 4 -0.000170227155 -3.54409695
0 0 0 0 2 -0.287767738 7.9450984
118 122 135 143 3 -0.000114200564 -4.49824715
192 197 172 175 0 -0.00402572704 -2.00891924
49 52 70 74 4 -5.2928488e-05 -3.04972816
17 24 28 30 0 -4.51800843e-05 -5.58482218
86 93 152 159 3 -0.000139470925 -5.17987442
64 70 33 39 1 -0.00021695449 -4.65802479
134 137 218 221 4 -0.000832344173 -3.21725655
0 0 0 0 1 -0.0779199526 9.23783398
114 116 44 75 2 -0.000102518454 -4.33191586
144 146 99 134 2 -0.00142881391 -3.51556897
0 0 0 0 2 -0.707106769 8.3882246
0 0 0 0 2 -0.787725329 7.82394743
0 0 0 0 3 -0.015099165 5.41637087
54 58 130 134 4 -0.000244609604 -4.35583973
0 0 0 0 1 -0.00454630842 6.16513586
117 121 136 141 3 -0.000316845428 -4.97428656
42 46 49 80 3 -0.00643354235 -3.62156296
74 74 45 56 2 -0.000249735924 -3.07885933
107 111 90 95 2 -8.34464208e-06 -5.09882021
99 99 74 89 3 -0.000220410497 -4.90699053
81 87 101 136 0 -1.47819228e-05 -5.58669806
0 0 0 0 4 -0.00171816582 1.50287533
0 0 0 0 1 -1.03860152 7.04845047
54 60 73 77 0 -0.000468933606 -0.984290242
0 0 0 0 2 -0.00436689705 6.92260408
65 65 37 52 2 -0.000163551944 -5.49084616
46 53 99 106 0 -0.000193709508 -1.11694205
100 103 80 87 2 -0.000103949227 -3.91695285
77 83 160 165 3 -0.000749866129 -4.34586668
0 0 0 0 2 -0.328787535 8.75275993
0 0 0 0 0 -0.198327884 9.61352158
0 0 0 0 3 -0.00112150726 1.32862329
114 115 130 139 2 -0.00241086283 -3.58503675
28 31 37 44 3 -0.00112613267 -7.67329311
0 0 0 0 1 -0.523389161 9.99221706
166 168 43 54 2 -0.000243415372 -5.10508347
28 29 39 45 2 -5.1021063e-05 -3.30682611
0 0 0 0 2 -0.0122278752 8.62510681
33 33 156 191 3 -0.000212424246 -5.60517359
113 114 53 88 2 -0.000374178169 -1.64381003
90 92 100 131 2 -0.000156517985 -6.73986053
0 0 0 0 2 -0.0103149628 6.91257858
140 144 61 84 1 -0.000162598255 -3.82508039
0 0 0 0 3 -0.0327260792 7.26691103
223 225 125 148 2 -0.00036511384 -5.63946962
113 117 83 106 3 -2.41994021e-05 -6.64147758
183 187 37 68 2 -0.000766197394 -2.69754815
45 53 116 151 3 -5.71008568e-05 -5.95409536
100 101 108 111 3 -4.8994676e-05 -6.01593828
81 89 59 62 2 -6.94983682e-05 -5.44292879
100 100 113 118 3 -4.19613789e-05 -5.96686459
113 115 81 104 2 -0.000100969031 -5.38195038
82 83 89 124 3 -4.37495473e-05 -6.57979345
43 45 53 58 1 -0.000132677495 -5.54510355
0 0 0 0 3 -0.000719134579 1.58703947
62 64 41 48 1 -4.68489416e-05 -4.02776575
90 93 106 117 2 -0.000223747993 -4.14140892
62 63 92 97 2 -4.80409799e-05 -4.82835722
162 163 73 74 2 -0.000253430218 -4.17332077
64 69 52 58 2 -7.87962344e-05 -3.80157208
81 82 97 132 2 -8.11805003e-05 -5.58320665
0 0 0 0 3 -0.784166276 8.12277031
79 83 99 110 4 -0.0018511517 -1.57005227
140 144 116 131 1 -6.10346397e-05 -5.53597975
78 84 54 69 3 -2.19344493e-05 -6.35492563
0 0 0 0 0 -0.0350574441 10.4906187
29 30 105 111 2 -0.000401595549 -3.50589013
48 50 105 111 2 -0.000132797068 -3.53787088
0 0 0 0 2 -0.00460154703 1.06342328
8 17 21 27 2 -0.243860871 -8.66256523
0 0 0 0 2 -0.721081495 8.53770161
53 53 94 129 3 -3.96964933e-05 -5.58778477
111 122 137 144 0 -0.000235185638 -3.91775441
77 83 54 65 2 -2.0980764e-05 -5.23244905
168 172 188 219 3 -0.00148237043 -5.31177425
0 0 0 0 4 -0.092029348 7.98317194
78 86 56 63 3 -8.89288931e-05 -6.23229647
0 0 0 0 2 -0.343463719 8.9039259
0 0 0 0 2 -0.111989506 7.32982826
34 35 63 98 2 -9.20286184e-05 -2.64637613
142 144 35 58 1 -0.000877033221 -0.782394648
194 201 144 153 0 -0.000100253492 -3.23094296
101 101 168 203 4 -0.00208084704 -3.76896429
22 27 34 69 0 -4.35111069e-05 -6.00336075
130 136 47 78 1 -0.000162359152 -3.0372529
0 0 0 0 2 -0.625898302 9.97185993
83 89 56 63 2 -8.928647e-05 -5.23487711
135 140 78 113 2 -3.13519195e-05 -9.66254139
0 0 0 0 2 -0.0639347881 7.8703413
111 111 68 70 3 -0.000620411418 -5.10076618
138 141 55 90 3 -0.000109074928 -5.71787548
0 0 0 0 3 -0.00337669556 5.00767517
120 124 55 63 3 -6.35380784e-05 -5.69778013
0 0 0 0 3 -0.00759274047 6.12862349
39 44 64 99 0 -1.51395525e-05 -4.22267914
77 78 118 153 2 -2.27689125e-05 -7.97629452
109 112 121 152 2 -0.00287445076 -3.07095504
0 0 0 0 2 -0.334397614 8.52423954
84 90 99 134 2 -5.35245272e-05 -3.29995751
132 135 198 233 2 -0.0899208412 -6.12451696
108 112 122 129 1 -2.61067416e-05 -4.48080826
40 46 55 90 2 -8.67833805e-05 -6.49741745
119 119 54 57 3 -0.000181907672 -4.35276699
33 37 106 121 3 -1.53779711e-05 -6.2449007
93 94 106 110 2 -1.60932104e-05 -6.13872147
89 92 206 209 2 -0.00337866601 -8.15238285
81 82 93 99 3 -7.48624152e-05 -5.67859316
42 45 112 119 0 -3.14710924e-05 -1.92173541
0 0 0 0 3 -0.643610179 8.00717068
42 48 52 58 2 -0.000272859092 -6.41055298
80 83 117 119 1 -0.000353319338 -2.69172263
108 112 61 96 3 -0.00332277734 -3.8328774
0 0 0 0 2 -0.0111172674 8.37783909
81 84 26 61 3 -6.61605736e-05 -5.11970282
0 0 0 0 1 -0.0208894275 8.83671474
145 150 58 64 2 -0.000112412221 -5.45110273
103 110 69 80 1 -7.45050056e-05 -3.46828365
158 165 184 219 2 -0.00134809013 -4.48596716
100 103 43 78 2 -0.000121233985 -4.73783302
81 85 100 135 1 -6.54451433e-05 -4.87739515
47 47 52 57 4 -0.00272055529 -5.0139966
0 0 0 0 1 -0.906285286 7.91818666
27 29 61 65 1 -6.22267034e-05 -4.84523678
125 127 141 176 2 -1.52587399e-05 -8.99672794
34 40 142 177 2 -0.000321017607 -2.9929533
114 119 131 139 1 -6.54454052e-05 -5.11974716
131 135 48 56 1 -3.46897687e-05 -6.41512585
0 0 0 0 1 -0.204655513 8.4574604
47 47 180 182 3 -0.000109193978 -6.14571905
118 122 59 67 0 -4.4941673e-05 -2.39215088
63 66 18 53 4 -0.00307175447 -2.01210952
0 0 0 0 3 -0.0993119031 8.21579361
104 106 38 73 2 -3.93388182e-05 -5.17859554
48 52 85 90 2 -0.00011420068 -4.21002817
42 46 141 145 3 -1.64120781 2.62865043
133 139 101 112 1 -8.67833151e-05 -4.35078335
130 135 42 77 1 -0.000122187426 -4.68388128
95 101 122 125 0 -2.84908929e-05 -3.41662598
135 137 49 56 2 -0.000106690728 -6.64375496
88 94 104 106 3 -3.60010636e-05 -6.49659395
108 111 144 151 2 -0.000460953743 -3.85957956
27 31 116 151 3 -0.000323519664 -4.04220057
92 99 71 76 0 -1.84773708e-05 -3.25008011
53 54 128 130 2 -7.45042125e-05 -3.93501449
70 74 88 103 3 -5.49550969e-05 -5.69885063
0 0 0 0 4 -0.0243586451 7.82674742
50 53 63 98 4 -9.85849329e-05 -2.94380617
97 100 135 138 0 -2.32457387e-05 -2.50311732
0 0 0 0 2 -0.00310990564 7.11957216
118 122 133 141 3 -9.44123894e-05 -4.30299091
70 77 48 55 0 -2.02655228e-05 -2.59322643
130 130 98 102 3 -0.000102756996 -4.86386585
0 0 0 0 2 -0.0326100104 5.79997015
87 88 119 154 2 -0.00010335054 -6.17155123
57 59 122 137 2 -4.82794712e-05 -6.04292059
67 67 87 122 4 -0.000564768445 -2.89248633
41 44 59 90 2 -0.000192875916 -5.648489
127 133 41 48 2 -6.78294746e-05 -4.64881229
141 144 157 164 2 -0.000406713982 -2.87013578
0 0 0 0 2 -0.00159313984 4.45272827
75 80 26 61 3 -0.000104664308 -7.53761053
91 96 49 54 1 -0.00100238225 -2.51514673
112 112 120 135 2 -0.000168079743 -4.49415159
40 43 81 84 2 -0.000775593217 -2.10334969
0 0 0 0 2 -0.00645364169 6.63240767
135 136 193 200 4 -0.00293668127 -2.77946615
48 48 77 80 3 -0.000207654317 -5.48463297
0 0 0 0 2 -0.388650596 8.803689
0 0 0 0 0 -0.0196273047 9.7198782
0 0 0 0 2 -0.00376201444 6.2238903
0 0 0 0 3 -0.880564988 2.88187909
26 26 101 132 3 -0.000109909408 -5.07588339
50 51 63 66 3 -0.000164981757 -5.37591982
0 0 0 0 3 -0.525325716 9.49877167
0 0 0 0 4 -0.6470474 10.0199604
62 63 75 110 4 -0.00021361516 -5.19605732
129 136 108 114 2 -2.06231616e-05 -4.13422728
14 19 24 28 4 -0.0122903008 -4.6484046
128 132 33 41 3 -0.000131843481 -5.70965052
102 106 77 86 3 -0.00014197531 -5.10643244
110 111 49 56 2 -7.78428148e-05 -3.92637944
46 50 63 68 3 -7.3074516e-05 -4.52530384
116 116 73 96 3 -0.000133273323 -5.20434427
132 139 80 115 0 -0.000144360019 -2.61921525
32 33 50 59 2 -6.03190638e-05 -10.0775108
40 46 80 115 2 -6.56837074e-05 -3.96058273
0 0 0 0 1 -0.0108551458 7.78453207
45 46 105 112 2 -0.000200504364 -3.04796624
0 0 0 0 3 -0.117011108 9.43955708
112 115 49 64 1 -7.11672328e-05 -4.17482328
54 61 108 131 0 -2.05039396e-05 -5.5514493
87 88 33 68 2 -3.4928129e-05 -5.61515665
92 95 74 79 3 -3.61202547e-05 -5.69785023
91 95 20 27 3 -0.000173327018 -5.38832855
144 148 85 120 4 -0.000204319193 -4.70110273
0 0 0 0 1 -0.0528785326 6.04017973
107 107 121 127 3 -7.71269551e-05 -5.41890526
88 88 66 77 3 -7.36706352e-05 -5.07445431
98 101 112 119 2 -2.94445563e-05 -6.77931738
72 72 79 90 3 -0.000233761966 -5.67100859
58 64 83 91 1 -3.37360798e-05 -3.09710455
134 136 102 108 2 -2.21728715e-05 -5.71917152
57 57 105 112 3 -0.000485627213 -4.67596149
110 110 43 50 3 -3.51665949e-05 -5.74491215
0 0 0 0 3 -0.70888412 9.43945217
38 42 135 158 2 -0.000100252881 -5.51592255
44 49 129 160 2 -0.000104306615 -4.41333342
120 123 87 94 1 -7.1048089e-05 -5.08985424
60 66 43 47 3 -5.47166819e-05 -5.64692163
74 74 99 134 3 -0.000131127672 -5.31240177
126 130 51 55 4 -0.000118373035 -4.95774317
74 79 97 120 3 -3.87428299e-05 -6.11356068
97 97 108 123 3 -0.000132796486 -4.26099825
85 92 57 68 1 -6.35380493e-05 -5.18870449
144 148 166 201 2 -0.000172964079 -4.64708519
72 73 124 127 2 -0.000135061768 -4.78415108
77 81 90 105 3 -0.000106094449 -4.44016409
124 128 82 117 3 -0.000207895238 -4.71216011
103 108 57 72 1 -9.40548853e-05 -5.72998714
64 71 111 146 1 -4.89947342e-05 -4.36331511
45 49 108 113 2 -5.81735185e-05 -5.24468231
75 76 175 210 3 -0.000135536888 -6.19464922
0 0 0 0 2 -0.863052785 10.3156776
114 114 129 131 3 -0.000426975603 -4.23933792
114 115 124 133 4 -0.000111100642 -5.13797903
84 90 113 118 2 -4.19614662e-05 -6.05238771
107 107 121 152 3 -0.000111934824 -6.98785686
99 103 52 59 2 -7.2478404e-05 -3.17848301
0 0 0 0 2 -0.0021758154 5.05460453
65 67 160 195 3 -0.000769144797 -4.83523273
30 30 61 96 3 -0.000377244491 -5.50865984
150 154 59 94 2 -1.43050929e-05 -7.9470911
0 0 0 0 1 -0.00258421223 5.35834312
118 124 66 101 1 -4.2676711e-05 -4.31501245
79 85 138 173 0 -6.77103963e-05 -3.28046727
0 0 0 0 3 -0.130948395 0.477473825
0 0 0 0 3 -1.3614589 7.46703529
77 81 33 68 3 -0.00029514957 -4.1732564
24 27 88 123 1 -0.000966633786 -2.78790665
68 73 87 94 1 -8.88091308e-05 -3.6306591
76 77 87 118 3 -0.000221244845 -3.82862163
57 61 78 85 2 -0.000181072974 -4.00173426
0 0 0 0 2 -0.00854626484 7.41978693
144 144 65 88 3 -0.000239719579 -4.372262
52 57 65 72 1 -5.86504248e-05 -5.90724134
0 0 0 0 4 -0.467440367 9.08142662
101 105 48 71 1 -2.80140484e-05 -6.99983644
0 0 0 0 3 -0.00786833651 4.19040394
19 25 29 64 2 -0.000559270382 -9.58971024
102 106 118 141 3 -5.94850426e-05 -6.15321636
59 59 73 108 2 -0.000154968875 -7.91679525
98 98 173 175 3 -0.000152107154 -5.21845293
50 53 31 38 1 -2.9682993e-05 -4.84181213
43 48 98 103 0 -0.000444374164 -0.767836452
138 146 111 119 0 -4.11267647e-05 -3.8337326
113 120 34 39 0 -9.84655489e-05 -2.94988537
52 56 81 116 2 -0.000171654174 -3.65641069
17 18 39 46 3 -6.22267253e-05 -6.77273035
55 59 69 104 3 -4.11270266e-05 -5.31880426
59 59 51 54 2 -0.000188107544 -3.66463375
51 53 69 76 1 -0.00226388732 -1.65690756
151 156 122 131 1 -7.36706352e-05 -3.42072105
42 45 79 114 0 -2.03847248e-05 -4.76910591
113 116 133 141 2 -9.41739127e-05 -4.55827999
50 50 71 76 3 -6.24649037e-05 -4.75957775
74 76 59 64 1 -8.83328248e-05 -5.76227045
101 104 26 61 1 -2.86101331e-05 -4.5629425
61 66 84 99 2 -4.86370882e-05 -4.03186464
85 92 43 51 1 -5.34053943e-05 -6.30971098
121 123 59 64 2 -2.86101294e-05 -5.03982162
159 161 220 229 2 -0.000918128761 -5.29777527
48 50 88 93 2 -4.76834466e-05 -4.62845659
12 12 17 19 4 -0.00132488064 -3.46234179
12 16 20 43 0 -0.00036415481 -3.60215473
104 107 116 127 4 -0.000114438968 -4.53100538
48 51 61 69 3 -2.80140703e-05 -4.87845039
54 54 67 102 3 -7.12864494e-05 -7.20027113
98 98 79 86 4 -0.000678111392 -2.44910145
121 124 37 68 2 -0.000260821369 -3.31487083
39 44 55 86 4 -0.000803862349 -3.17000747
57 58 161 166 3 -0.000414940936 -6.35176325
82 82 45 53 2 -9.77505551e-05 -4.50791883
147 153 112 123 2 -2.16960234e-05 -6.28672266
73 79 95 103 1 -8.41604051e-05 -6.30092812
70 70 42 44 4 -0.000239603964 -4.18120861
44 47 67 90 3 -7.02135003e-05 -5.04616499
56 59 69 92 3 -2.59875196e-05 -6.44368458
54 56 65 67 2 -0.000160688651 -4.2973299
48 54 58 89 1 -0.000924209482 -0.962606668
49 52 107 110 1 -7.60546827e-05 -5.10865784
38 40 44 52 2 -8.30876525e-05 -8.53161526
38 39 75 110 2 -2.67027717e-05 -4.42056561
122 133 45 80 0 -2.1457623e-05 -4.33575153
99 100 37 45 2 -6.11538126e-05 -3.95753479
62 66 74 109 3 -8.01077986e-05 -4.92591381
58 62 81 83 0 -1.74045144e-05 -2.22400951
65 65 79 82 3 -9.34585842e-05 -4.6328764
37 37 55 62 3 -0.000266662391 -6.74113655
68 68 85 120 3 -0.000178332179 -4.31211805
54 57 69 75 2 -8.09423145e-05 -4.38697433
142 142 83 118 2 -5.34051906e-05 -5.25532293
119 127 72 103 2 -7.71275809e-05 -4.20269966
41 41 57 92 3 -4.27958985e-05 -4.96629429
78 81 92 97 0 -2.70603687e-05 -3.21493173
47 48 59 66 3 -3.13519085e-05 -5.16277981
80 81 63 65 3 -0.000162955053 -4.85120249
127 127 22 53 3 -0.00168667466 -2.42171812
29 29 54 85 3 -0.000158663141 -4.64464235
5 6 9 44 3 -0.000550197088 -4.10729933
96 96 124 131 3 -0.000829950091 -4.89790297
114 115 127 132 2 -0.00013553811 -3.25516152
125 125 94 109 3 -0.00119509408 -4.97447348
28 31 35 50 2 -0.374058723 -4.4863286
44 44 67 98 3 -0.000153538625 -4.6799078
50 53 65 80 2 -6.61604136e-05 -3.330549
114 116 41 47 2 -0.000145789963 -4.3302021
133 137 46 81 2 -8.85715199e-05 -6.41438723
59 59 149 156 2 -0.000142928373 -4.76119947
78 80 88 95 2 -3.87428481e-05 -4.01096153
119 124 49 84 1 -6.18689955e-05 -5.58351898
57 57 77 112 3 -2.87293478e-05 -6.68274546
85 85 114 149 3 -0.000188702776 -5.33242226
23 25 91 114 1 -0.000116225492 -3.86570978
175 179 56 60 2 -8.23727314e-05 -4.38257313
54 54 111 146 3 -0.000119326389 -4.8489728
126 126 54 69 3 -4.86371209e-05 -4.57463455
116 117 53 64 1 -4.11269575e-05 -4.89778042
87 89 45 80 2 -0.000853371457 -4.54517269
55 58 113 120 2 -1.94310342e-05 -5.82178545
17 19 40 45 2 -0.000494748645 -6.59177351
85 89 46 69 1 -0.000863572932 -2.65494657
25 28 104 108 2 -0.000107405882 -4.25376511
73 75 142 150 2 -2.86100967e-05 -6.09728003
49 50 107 114 2 -5.65048176e-05 -4.95382309
0 0 0 0 3 -0.00530264154 4.24028921
0 0 0 0 3 -0.0360972472 7.51081944
0 0 0 0 3 -0.000793858839 1.28399229
0 0 0 0 3 -0.0123420935 7.01582479
0 0 0 0 3 -0.00902098697 6.77114201
0 0 0 0 3 -0.00803054497 7.82695341
0 0 0 0 2 -0.00584352342 9.45934105
0 0 0 0 2 -0.0289080329 8.53887177
0 0 0 0 3 -0.0213296637 6.89043045
0 0 0 0 2 -0.571221054 9.73385334
0 0 0 0 2 -0.660598636 9.6653614
0 0 0 0 3 -0.312743872 8.49428558
0 0 0 0 2 -0.00894777291 8.9702177
0 0 0 0 0 -0.144144699 10.2567873
0 0 0 0 2 -0.760471344 9.22957516
0 0 0 0 3 -0.0487409346 8.27427769
0 0 0 0 2 -0.00525498111 5.89859915
0 0 0 0 2 -0.0184244458 9.06779194
107 107 120 125 2 -0.000462569267 -5.75988293
80 83 128 130 1 -6.80678204e-05 -4.25873995
72 80 51 60 0 -4.5776047e-05 -2.36592031
22 23 27 62 2 -0.000812795945 -3.70828152
130 136 39 74 1 -3.76699536e-05 -4.93149853
66 70 89 124 3 -0.000172727305 -4.97517633
68 76 84 87 1 -0.000226370306 -3.0018115
126 130 53 88 1 -8.23723749e-05 -6.02089167
15 16 116 131 2 -0.00549221411 -1.97988105
167 167 124 131 3 -0.000266660471 -5.52513933
120 125 136 140 0 -6.91406603e-05 -2.29779625
0 0 0 0 2 -0.050937444 7.11979103
53 53 89 124 2 -3.87428081e-05 -6.49276924
35 40 50 53 0 -2.88484971e-05 -3.19738841
127 132 51 62 0 -1.50203468e-05 -3.82046437
45 49 63 74 3 -0.000127790205 -5.5520134
96 96 107 130 3 -0.000309812895 -4.48479939
43 48 27 34 1 -2.19344547e-05 -4.81825256
145 145 106 113 3 -0.000388589135 -4.20595264
76 83 224 228 0 -0.000100252699 -3.89997029
83 90 45 51 1 -5.48358585e-05 -5.10228968
122 126 95 102 3 -9.28627269e-05 -4.86876345
47 52 62 65 4 -0.000471560284 -3.32392383
50 53 75 110 1 -0.000154729409 -3.77985787
55 60 147 182 1 -0.000733415538 -2.84484315
134 138 81 116 4 -0.00015937991 0.177025199
83 87 44 75 4 -9.98960459e-05 -3.60739374
44 45 57 64 4 -0.0011672423 -3.69143987
75 79 46 52 4 -0.000118492302 -3.21717191
0 0 0 0 3 -0.641442597 9.71405125
0 0 0 0 1 -0.0023713219 3.4547317
24 28 73 108 1 -9.6319287e-05 -5.78238535
172 176 59 94 0 -7.09286905e-05 -4.51802206
0 0 0 0 1 -0.619052052 8.80247498
0 0 0 0 3 -0.0927906856 8.09526443
188 190 66 89 2 -0.000193351938 -5.22813177
91 95 103 111 1 -1.69276827e-05 -5.53173685
51 52 85 120 1 -5.62663699e-05 -5.37109375
30 36 95 97 0 -0.000944480416 -0.555835426
155 158 92 95 0 -1.76429348e-05 -4.87086391
48 0 0 0 2 -2.24076104 1.76395583
64 64 52 56 2 -0.000203841599 -4.9271965
153 155 125 133 2 -0.000117059848 -4.20428276
143 146 126 133 0 -6.019992e-05 -4.24871397
103 106 53 88 3 -3.32592535e-05 -6.47823954
0 0 0 0 3 -0.0223590452 8.42094231
81 83 58 67 2 -2.49146487e-05 -3.82845426
53 61 40 47 1 -5.22131595e-05 -5.88894796
0 0 0 0 1 -0.0335993841 8.8234787
10 13 23 25 2 -0.0105258944 1.03385878
51 51 32 40 2 -0.000229352299 -3.72990108
25 30 49 54 1 -0.000267017429 -3.06365728
45 50 119 126 1 -4.75642119e-05 -4.24614811
22 24 81 84 2 -0.000144716279 -3.71470308
129 135 106 114 2 -0.000138160874 -4.35208511
0 0 0 0 3 -0.0248459391 8.1162262
92 97 107 111 3 -4.72065549e-05 -5.34601164
117 122 60 95 3 -6.55645053e-05 -5.18606472
137 144 57 92 1 -7.17632138e-05 -4.40352345
120 120 138 173 2 -0.00084532937 -5.24380684
45 45 90 121 2 -0.000515184249 -5.13324308
60 65 75 78 0 -2.71796143e-05 -3.64675403
88 89 102 106 3 -0.000185840996 -4.94946337
50 54 120 155 3 -4.80410308e-05 -6.20617723
45 49 66 101 3 -7.59356481e-05 -4.50677395
108 108 74 82 2 -0.000171300155 -2.90608621
53 54 91 126 2 -8.07037795e-05 -5.15011787
0 0 0 0 4 -0.000426712475 1.63006353
64 69 98 121 3 -0.000655596436 -4.44417858
36 42 49 52 3 -3.85044186e-05 -5.32374191
89 93 106 113 4 -8.02270879e-05 -4.44097471
40 45 57 72 1 -4.75640918e-05 -5.43566227
153 154 51 86 4 -0.000465006742 -4.19234514
0 0 0 0 2 -0.0145846587 8.0640192
43 43 106 113 4 -0.000138518692 -4.19351864
80 80 113 115 4 -0.000223988667 -5.7309165
113 116 63 98 3 -0.000282514957 -6.83126545
138 141 121 123 2 -4.06501349e-05 -5.92265511
134 136 118 124 2 -0.00067025458 -2.77217007
98 98 40 47 3 -2.6106758e-05 -5.8096633
119 119 160 191 3 -0.00297914515 -3.99217844
110 118 134 140 0 -0.000199302114 -3.36486697
102 103 85 87 3 -0.000120517849 -4.50812531
48 53 84 119 3 -2.31265349e-05 -7.17623949
102 104 57 64 1 -5.82928842e-05 -3.17447901
27 31 82 93 1 -0.000193231914 -3.17665601
167 173 123 129 0 -7.80805422e-05 -4.02465391
213 222 170 177 1 -0.15242067 -2.08004737
0 0 0 0 2 -0.162304997 9.69894695
32 34 50 65 2 -0.000100014695 -6.11876345
45 46 53 88 1 -0.000104423423 -4.31599951
0 0 0 0 2 -0.271788269 8.03161812
0 0 0 0 3 -0.577029407 8.39158726
59 65 76 111 2 -4.63721517e-05 -3.33925962
79 85 115 122 3 -1.25169563e-05 -6.6362009
47 50 85 116 3 -0.000153181027 -5.03429794
0 0 0 0 4 -0.000406004256 -0.993607044
137 144 91 114 0 -4.17227675e-05 -8.17946815
71 77 103 138 3 -0.00520149805 -4.58262777
76 79 43 48 4 -9.09557712e-05 -4.24518919
0 0 0 0 2 -0.0159852877 4.99107313
0 0 0 0 1 -0.00743179815 6.1055851
57 63 80 86 2 -2.67028008e-05 -5.28002167
127 127 198 202 2 -0.000537465559 -4.97645187
47 47 77 80 2 -0.000268568663 -3.34727073
137 140 84 119 3 -0.00751325861 -5.10282898
75 75 91 94 3 -0.000511251914 -4.71146393
220 220 131 166 2 -0.00653187325 -3.42571139
0 0 0 0 2 -0.284218848 8.13597679
69 69 50 55 4 -0.000342352199 -2.02101517
101 105 52 87 1 -4.13653834e-05 -5.05161333
91 91 106 112 3 -0.00458507519 -2.86821008
26 31 36 40 4 -0.00132910279 -5.04426813
122 126 139 150 3 -0.00227048667 -3.68161535
87 93 106 113 2 -7.39096959e-06 -4.62608767
90 95 110 119 1 -7.31929322e-05 -4.86338377
0 0 0 0 3 -0.232340008 8.35788727
112 115 124 130 4 -0.00012409364 -4.54477739
103 105 63 98 3 -0.000982156605 -9.00986195
150 155 54 89 3 -6.00810126e-05 -6.45831156
0 0 0 0 0 -0.0908704251 10.4733496
25 29 101 109 2 -8.67825365e-05 -4.8051753
0 0 0 0 3 -0.675803721 9.24318314
63 65 158 173 3 -0.0023363512 -4.51526737
31 32 37 44 2 -7.84387157e-05 -4.79059458
159 159 172 207 2 -0.000176067973 -4.3393712
0 0 0 0 2 -0.777008355 8.00199223
92 96 50 73 3 -0.000240078953 -5.08720398
159 161 104 139 1 -0.000369752233 -3.87678528
122 130 106 110 1 -3.34976103e-05 -7.07808924
57 57 113 117 4 -0.00234966865 -4.17434835
59 64 86 121 2 -5.9723392e-05 -7.79777336
72 78 44 59 2 -0.000233642175 -2.97701907
131 133 151 186 2 -7.40274845e-05 -6.45820284
58 66 97 100 0 -6.83060425e-05 -2.76499128
73 77 117 125 0 -0.000758503971 -0.854921937
116 120 67 102 2 -8.11806531e-05 -4.86434126
0 0 0 0 2 -0.331867367 8.15669155
61 67 81 104 1 -5.48358621e-05 -5.1230197
137 141 80 115 4 -7.87962781e-05 -4.22893858
71 74 90 96 1 -5.81737331e-05 -4.41269636
68 73 94 129 4 -0.00012170976 -4.46755981
59 61 73 79 1 -6.85445484e-05 -5.97761345
50 52 143 151 2 -0.000289429037 -5.64514446
99 99 108 113 4 -4.76834284e-05 -5.35082579
141 146 46 54 1 -4.76834393e-05 -4.27351999
91 96 157 163 0 -0.000230183214 -2.36148953
121 122 46 69 2 -1.80005445e-05 -6.182621
98 102 63 86 2 -3.13519304e-05 -8.22710419
84 88 97 132 2 -6.86636777e-05 -5.71909904
48 51 78 81 0 -5.04248637e-05 -2.83287692
62 63 120 124 2 -5.20941176e-05 -4.05052614
120 123 49 56 0 -2.44378261e-05 -2.62267613
19 22 48 55 4 -0.000536502339 -3.09898782
103 105 120 151 2 -0.000246516429 -6.90310812
52 55 90 94 2 -8.59487336e-05 -2.75581717
54 54 70 78 4 -0.000271072437 -4.26161146
0 0 0 0 3 -0.00425400026 6.3829236
142 143 60 64 2 -5.94848971e-05 -5.54772615
0 0 0 0 2 -0.170355737 5.92357588
0 0 0 0 2 -0.229726598 7.98591089
65 66 107 110 3 -0.000337345817 -5.44166994
36 37 48 54 2 -7.20017852e-05 -4.71288776
77 81 94 129 3 -4.72065803e-05 -5.24395561
0 0 0 0 2 -0.00905943103 5.64987373
0 0 0 0 2 -0.0423313603 8.28800774
44 48 73 80 0 -4.48221617e-05 -2.40795088
96 101 40 55 0 -2.98022132e-05 -2.2896018
147 151 164 168 4 -0.000553325342 -3.42996359
58 60 79 90 2 -3.44513392e-05 -3.51504993
47 53 57 61 2 -0.000199192611 -5.59755516
67 75 49 57 0 -0.000110265464 -2.96452999
107 109 125 129 2 -1.88350241e-05 -5.15940523
73 78 21 56 2 -2.30073347e-05 -6.82776308
129 133 55 66 2 -8.14190789e-05 -4.25209522
52 58 78 84 0 -0.0644344985 3.3047967
86 87 49 58 2 -3.62394385e-05 -3.9678483
9 13 19 54 4 -0.000589993026 -3.50356722
129 130 139 174 3 -0.000510300451 -5.92822742
86 86 107 142 2 -4.31533736e-05 -7.5640502
0 0 0 0 2 -0.0574496984 10.2588787
126 129 193 199 2 -0.00127795862 -3.66324759
60 62 77 83 1 -4.20806646e-05 -5.68563366
88 88 120 127 3 -0.00331465248 -3.6075933
0 0 0 0 2 -0.423970789 7.76350307
64 66 80 115 2 -5.49550459e-05 -3.96400571
84 86 169 177 2 -2.31265039e-05 -7.2991724
23 29 37 72 2 -0.000310519303 -6.96807098
0 0 0 0 2 -0.0123791248 7.06370401
117 120 90 97 4 -6.65178886e-05 -3.19814086
110 114 125 160 2 -0.000149485262 -5.07299137
0 0 0 0 3 -0.00283320411 4.6910243
0 0 0 0 1 -0.0196330324 8.11084366
139 139 119 126 3 -0.000217550114 -4.27168655
10 16 28 35 2 -0.000117419258 -3.70662999
58 61 74 77 2 -2.65835934e-05 -6.1543951
13 16 29 36 3 -0.0366701297 0.85824877
89 97 57 65 3 -0.000301467255 -4.53644753
0 0 0 0 3 -0.0599107035 10.1218977
82 85 57 60 2 -0.000119445802 -4.94640207
114 114 86 94 3 -3.30208495e-05 -5.46591473
77 81 65 72 0 -1.45435069e-05 -3.16665578
0 0 0 0 3 -0.857762575 8.04843426
65 65 124 135 3 -0.000165816688 -5.07945108
55 60 77 81 3 -0.000123379403 -3.04377246
69 73 162 193 3 -0.00192169752 -5.05488348
42 44 87 122 1 -2.61067235e-05 -5.86752272
0 0 0 0 1 -0.143380687 7.54806852
118 119 135 158 3 -7.60546682e-05 -5.05255175
88 94 41 76 0 -1.09672401e-05 -5.11049271
80 81 42 45 4 -0.000150558335 -4.54866695
35 42 59 67 2 -7.73661523e-05 -4.56896162
83 88 134 169 1 -5.43589485e-05 -4.74133348
47 50 111 113 4 -4.72065876e-05 -3.76116204
103 107 119 127 4 -0.000130769695 -5.46286201
0 0 0 0 2 -0.0123678409 9.0593462
0 0 0 0 3 -0.30646196 8.10599136
0 0 0 0 4 -0.0316405669 7.29597139
30 34 54 89 1 -0.0019104525 -4.94076347
40 43 74 85 2 -1.68084771e-05 -5.41892004
80 80 114 122 2 -4.93522384e-05 -5.87130976
85 85 92 94 2 -0.000101207355 -3.63449049
16 19 35 40 2 -0.000423283025 -3.46620703
115 118 39 74 2 -9.41752478e-06 -5.79836226
0 0 0 0 1 -0.0555111431 8.98714161
47 49 69 73 1 -8.85713525e-05 -4.70173693
145 146 154 158 2 -4.91137762e-05 -3.93978047
122 126 87 98 2 -2.93253761e-05 -5.98589659
101 101 50 85 3 -2.03847303e-05 -7.22499084
88 95 102 109 0 -4.24382306e-05 -2.36780119
188 188 205 212 2 -0.0002550926 -5.27350855
0 0 0 0 3 -0.644684911 9.08330441
74 80 146 155 1 -0.000126359271 -4.81511593
70 70 52 58 4 -0.000550947734 -3.31550002
131 131 40 45 2 -5.28089731e-05 -4.61473894
55 58 73 76 2 -2.18152436e-05 -3.79744983
0 0 0 0 3 -0.417302132 9.78993225
160 162 141 143 2 -0.000133988855 -5.29851151
163 164 70 77 2 -0.000166409722 -4.3001833
94 94 53 88 2 -8.43991365e-05 -4.08307314
73 73 24 31 2 -2.40801965e-05 -6.1981802
0 0 0 0 2 -0.030227391 8.54285622
72 76 27 62 4 -5.44783034e-05 -3.17418933
0 0 0 0 1 -0.213979512 8.7417841
111 111 64 71 2 -0.00379826734 -4.65312958
0 0 0 0 0 -0.455079794 12.0872116
0 0 0 0 3 -0.620678306 9.79223919
225 230 58 93 1 -0.000118490381 -5.20720911
65 69 86 97 2 -8.5472042e-05 -3.79757738
95 99 123 132 2 -3.5285786e-05 -6.89993906
180 186 59 63 2 -0.00308867567 -2.60344791
89 89 95 100 2 -0.000812789076 -4.09342146
0 0 0 0 4 -0.074395068 8.40753651
33 40 95 103 0 -0.000120756333 -2.26853871
46 51 22 28 4 -0.000129936001 -4.0650959
98 100 125 156 2 -0.023108162 -3.0502727
21 22 35 70 2 -0.000163311517 -3.1861012
133 136 155 160 2 -0.000822687172 -3.4836061
0 0 0 0 2 -0.0153481727 7.01019382
38 43 81 116 0 -4.72063621e-05 -2.91959429
73 76 55 57 3 -0.000112412366 -4.48660851
41 41 53 60 3 -0.000116345356 -3.34887624
188 189 208 210 2 -0.000146743158 -2.85317111
58 62 129 131 3 -0.000149962187 -5.01572895
89 92 135 142 2 -0.000143525307 -5.6168437
100 102 48 53 1 -0.000190251332 -3.72895026
91 95 38 42 3 -5.17364388e-05 -4.69238853
49 52 37 39 2 -0.000114676353 -3.89422369
91 92 69 75 2 -0.000128266154 -4.07486391
59 61 40 44 2 -0.0117336297 -0.193920225
47 48 67 74 4 -0.000293957739 -4.91381454
0 0 0 0 3 -0.024799969 8.42781448
86 89 34 69 0 -1.29937889e-05 -2.12897897
79 84 99 134 1 -0.000114200084 -2.42211342
124 124 200 203 2 -0.000228151534 -5.11885595
0 0 0 0 2 -0.0866044015 7.46692038
0 0 0 0 2 -0.300629139 8.13763905
179 181 48 79 1 -0.000101207122 -3.69602346
112 115 133 168 4 -0.000325307454 -4.20543146
222 223 61 96 2 -0.000234592473 -5.85603237
0 0 0 0 2 -0.352788955 9.52222061
0 0 0 0 2 -0.536684275 9.1211834
94 94 21 24 3 -9.17898869e-05 -5.14835405
26 32 91 94 1 -0.00010132583 -4.55079937
64 70 76 82 0 -2.77755717e-05 -1.93482447
141 145 122 129 2 -0.000146146107 -4.42417097
97 103 158 165 1 -0.000101444806 -5.1107626
105 114 123 131 0 -5.3166983e-05 -3.20755124
0 0 0 0 4 -0.728117406 11.6838856
75 82 90 94 0 -1.1563282e-05 -4.18040848
144 152 116 119 0 -6.78292054e-05 -5.96423531
0 0 0 0 2 -0.0194435846 3.27760935
44 45 107 113 2 -0.000136373361 -4.2881918
97 97 104 108 3 -3.83851839e-05 -5.31461859
88 88 64 70 3 -0.000245085626 -4.51947212
45 50 65 69 1 -0.00177541806 -2.9713316
61 61 81 89 3 -0.000102994542 -5.12771559
52 55 74 80 0 -0.000166651007 -3.38872981
0 0 0 0 3 -0.00610380294 5.94630766
0 0 0 0 2 -0.0214231666 7.38234329
0 0 0 0 2 -0.00461308565 9.21500015
92 92 118 153 3 -5.97234139e-05 -4.71297455
69 76 103 107 1 -0.000104783088 -4.499084
61 64 154 162 2 -3.63586696e-05 -5.86030722
41 43 69 74 2 -0.000115988922 -5.00492191
111 114 62 85 2 -0.00010800219 -3.51882291
148 150 111 126 2 -3.42128769e-05 -5.03960085
120 124 81 104 3 -2.77756735e-05 -6.82604694
88 92 105 109 0 -5.78159052e-05 -1.45680547
102 107 116 139 0 -1.53779692e-05 -5.77817917
0 0 0 0 2 -0.00389912701 7.30821371
51 55 64 87 1 -8.32071673e-05 -6.03481483
68 72 87 92 0 -0.00103492581 0.529881954
91 93 107 110 2 -8.48757918e-05 -3.65074134
165 168 82 117 2 -6.3299558e-05 -4.5213747
32 38 54 59 0 -0.000113245987 -5.00384712
104 106 121 156 2 -0.000113604445 -4.79783249
40 41 171 194 3 -4.57760943e-05 -6.12291956
49 55 67 102 2 -5.7696896e-05 -5.50439024
68 69 85 116 3 -0.00121275801 -4.21204042
59 61 67 69 2 -6.3776446e-05 -8.63343143
70 71 17 21 3 -0.000327453046 -3.51344275
117 120 34 38 2 -1.83581924e-05 -6.48024368
188 195 137 172 3 -0.000196928275 -5.44084311
66 71 86 109 3 -5.23323979e-05 -5.56994629
56 65 75 80 1 -2.39609999e-05 -7.30632782
94 97 138 173 2 -0.000204318436 -5.65218878
154 157 106 141 4 -0.000666206295 -3.84518933
36 41 116 147 2 -0.00159265334 -3.56895804
0 0 0 0 3 -0.0512402356 9.91775513
129 135 164 179 3 -0.00260514626 -3.24538803
119 126 31 66 1 -2.88485189e-05 -5.6654954
0 0 0 0 2 -0.0779340714 6.94579554
103 107 126 157 3 -0.00209751399 -3.06765056
130 130 76 111 3 -0.000176425776 -4.21598339
72 72 84 87 2 -8.88094655e-05 -4.41130781
130 136 145 168 1 -0.0017436808 -3.16543508
208 209 63 68 2 -7.21207398e-05 -5.34392834
121 126 93 116 1 -6.49685462e-05 -3.86446428
0 0 0 0 4 -0.0159099028 7.90459681
75 83 118 123 0 -2.09807677e-05 -3.81445003
85 89 106 113 1 -4.14845272e-05 -4.29357243
108 112 39 74 3 -5.9008089e-05 -4.87934113
135 136 153 162 2 -0.000520535221 -4.71067381
35 42 137 172 0 -9.10744493e-05 -3.91980839
72 74 95 130 2 -6.61603844e-05 -6.63417339
0 0 0 0 3 -0.584438443 9.54943085
81 81 51 66 3 -0.000158664217 -5.00749969
90 91 104 109 4 -5.87697796e-05 -4.96293497
52 55 98 109 1 -0.000176424888 -3.4946208
0 0 0 0 2 -0.866881132 8.10378838
0 0 0 0 2 -0.361957371 9.82731056
105 111 127 162 2 -0.00104385859 -8.85109615
69 73 87 102 0 -6.24645181e-05 -3.77235556
60 61 50 53 2 -3.64778898e-05 -3.93784761
0 0 0 0 3 -0.791147828 6.85039043
136 140 99 105 3 -3.70739072e-05 -5.41583061
60 64 40 43 3 -0.799515784 -0.342945784
116 117 138 146 2 -0.000916179968 -6.72829247
128 128 144 155 3 -0.0105263246 -4.54488516
0 0 0 0 3 -0.00641728286 4.96347332
0 0 0 0 4 -0.119079441 8.37171841
35 35 46 53 4 -8.70217045e-05 -5.1119256
0 0 0 0 1 -0.138143927 -3.33849072
0 0 0 0 3 -0.738565981 9.50934696
63 73 164 199 0 -0.000159140327 -2.80653095
69 72 53 57 2 -1.8954197e-05 -7.11373043
100 103 142 153 2 -0.000262126385 -3.53779602
70 74 105 114 1 -7.48619204e-05 -4.77520084
39 44 56 61 0 -2.40801874e-05 -1.62582362
96 102 42 50 0 -1.71661013e-05 -2.53978157
37 37 96 105 2 -0.000228755642 -3.42556047
0 0 0 0 2 -0.00123261276 4.55590105
111 113 35 66 2 -0.00297407922 -4.74394894
45 48 116 147 1 -0.00349710067 -0.625798166
90 95 105 128 2 -9.77514901e-06 -8.89658737
85 89 35 41 3 -0.00021027925 -4.73361969
119 122 135 158 0 -0.00042042823 -2.37549758
89 89 21 56 3 -3.73123512e-05 -5.79755497
57 61 150 157 2 -5.9961556e-05 -5.14289856
121 121 75 110 3 -0.000273455458 -3.74091792
104 107 122 129 4 -0.000171656997 -1.15717483
54 58 71 106 1 -5.92462166e-05 -6.1376152
41 48 59 70 2 -0.00115268934 -1.12574589
54 58 76 111 2 -1.93118613e-05 -6.98999262
141 143 108 111 1 -4.75640954e-05 -3.50534844
84 86 23 28 1 -8.2491817e-05 -4.11295795
71 73 102 110 2 -0.000496465131 -1.38334167
80 83 119 127 3 -0.000104782783 -5.12092876
43 47 64 87 2 -2.22920789e-05 -6.15262699
46 47 84 85 1 -0.000174160858 -2.41667271
130 134 60 95 2 -6.30610375e-05 -3.41460395
42 42 61 96 3 -2.837172e-05 -4.71980762
84 85 97 132 2 -3.3736047e-05 -6.45322609
200 200 131 166 4 -0.000385849446 -4.48382664
85 85 41 48 3 -4.78025177e-05 -5.47190189
84 88 101 136 3 -1.94310651e-05 -5.86163616
0 0 0 0 2 -0.00429840432 7.20221567
127 134 153 160 2 -4.01732468e-05 -6.00329971
52 56 70 85 2 -3.63585277e-05 -4.5692668
0 0 0 0 4 -0.0598853379 3.18136549
34 39 73 108 3 -6.61603844e-05 -4.94018316
33 40 86 121 0 -3.25440124e-05 -4.75250006
172 177 106 141 3 -0.0001413797 -5.6326952
135 141 48 83 3 -0.000234356252 -6.18046618
104 107 71 86 2 -1.63316436e-05 -4.29057932
20 25 30 65 4 -0.00300066522 -4.88844633
85 92 43 50 2 -1.20401219e-05 -4.9275918
118 123 61 96 4 -0.0245164353 -4.78531456
93 93 45 80 3 -0.000171537686 -4.85336447
48 49 59 74 4 -0.000160213793 -3.58735967
0 0 0 0 2 -0.126764446 10.1935549
110 112 128 135 2 -5.61471716e-05 -5.42819262
88 90 100 106 2 -1.5139547e-05 -5.57323456
155 158 57 72 2 -4.26767001e-05 -6.62272739
65 66 115 150 2 -7.7246892e-05 -4.50584316
64 64 18 53 2 -0.000281084882 -5.17130613
102 110 56 91 1 -0.000127074702 -3.6081214
62 65 87 110 1 -0.000296222919 -5.1983614
64 64 137 152 3 -0.000351292925 -3.8341074
54 59 91 97 0 -4.67297177e-05 -2.39373088
139 143 70 77 3 -3.82660255e-05 -6.19282293
40 42 77 80 2 -5.41206573e-05 -5.94755793
103 113 35 38 0 -2.28881036e-05 -3.20173359
49 49 59 94 3 -4.97098226e-05 -4.97025061
84 84 39 74 4 -0.000593142235 -3.24730873
0 0 0 0 3 -0.871206701 10.1282396
85 89 55 78 3 -2.21728551e-05 -6.23453188
141 144 41 46 4 -0.000767002231 -4.99158335
93 94 123 124 3 -6.37763951e-05 -5.70587873
84 84 98 133 4 -0.0013812487 -1.72378016
117 120 102 107 4 -9.95385635e-05 -3.99417162
165 167 40 46 1 -0.000133273425 -5.6259551
0 0 0 0 2 -0.0040969816 7.24071455
0 0 0 0 3 -0.421060115 6.95927143
101 108 44 51 2 -0.000116942421 -6.44114494
89 91 101 104 1 -2.96829639e-05 -4.56621885
83 89 105 111 3 -7.36705551e-05 -5.74592304
52 56 136 141 2 -2.87293151e-05 -5.11653948
125 133 74 109 0 -1.9192632e-05 -6.01438618
92 93 105 112 3 -0.00276399171 -4.07098341
0 0 0 0 1 -0.0298709273 7.05734396
105 107 66 74 3 -5.14981002e-05 -5.43601847
132 135 51 57 4 -9.60816251e-05 -4.16988659
0 0 0 0 2 -0.927109718 8.26943684
26 34 38 49 2 -0.00199985644 -11.0484962
0 0 0 0 2 -0.00357496226 7.34294224
116 116 40 75 3 -0.000116703653 -4.6091218
47 50 97 132 4 -0.000170703614 -2.30127692
45 46 69 71 3 -4.61337513e-05 -4.98561954
121 129 37 72 1 -0.000150676002 -4.04832888
148 149 162 197 3 -5.38822314e-05 -5.72001743
0 0 0 0 2 -0.095159784 9.46293068
126 130 80 115 3 -6.29419956e-05 -6.75788116
99 106 124 127 0 -3.32592172e-05 -2.88734579
25 29 83 85 2 -0.00202472927 -0.808257222
220 224 87 122 3 -0.000617680722 -3.98699093
0 0 0 0 2 -0.15522556 5.21812534
0 0 0 0 2 -0.00652461313 7.05212593
63 66 28 43 1 -3.55241791e-05 -5.24538851
0 0 112 0 2 -1.92116988 4.37220097
0 0 0 0 2 -0.0104860049 5.55803204
40 44 149 184 4 -0.000231969621 -3.71061134
88 92 49 56 1 -6.1630577e-05 -3.6639514
100 104 63 69 2 -0.000166053956 -5.54901123
93 97 112 147 3 -0.000157469156 -6.23451519
44 49 93 98 0 -2.074236e-05 -3.08093643
157 162 85 89 3 -0.00169421034 -5.31136274
90 91 100 111 2 -0.000179763214 -3.36017299
110 114 123 132 3 -0.000518049288 -4.41026926
48 52 175 210 4 -0.000212424755 -3.84488487
85 85 52 60 3 -0.000252834405 -4.30283165
59 61 80 115 3 -3.36168996e-05 -6.200459
39 42 52 54 2 -3.92196707e-05 -4.59509373
60 68 96 119 0 -4.92327817e-05 -4.86547899
30 35 64 95 2 -0.000322908105 -4.5743289
104 105 118 124 3 -0.000261768553 -4.79367208
0 0 0 0 3 -0.443144321 8.76309586
39 39 49 84 3 -0.000131959299 -5.06459284
0 0 0 0 4 -0.0722585693 8.22348881
138 139 92 123 2 -0.000221842347 -5.43319702
134 137 112 120 1 -0.000286088267 -4.3473525
0 0 0 0 2 -0.291807026 8.16431999
34 39 117 123 1 -0.000107286935 -4.49868727
115 118 85 96 2 -1.82389631e-05 -6.27288437
52 55 142 173 3 -0.0131724002 -2.39579439
0 0 24 0 1 -1.38792682 4.06534338
106 106 152 161 3 -0.00032948103 -4.9817605
0 0 0 0 2 -0.0646340102 8.82984447
93 96 109 144 3 -0.000572399527 -4.49636459
95 98 60 83 2 -2.348417e-05 -6.73812819
35 38 101 106 0 -5.48356911e-05 -2.54656792
0 0 0 0 2 -0.262186497 8.6044178
0 0 0 0 1 -0.0284983013 7.31535769
136 140 82 86 3 -6.6994864e-05 -5.0613904
66 71 130 165 3 -0.000115273302 -6.62364388
0 0 0 0 3 -0.0066208085 5.62368822
56 56 103 126 2 -0.0007947915 -4.13080549
0 0 0 0 4 -0.550919712 8.26084328
72 77 36 47 1 -0.000205987337 -2.92986512
53 53 152 157 2 -0.000884272042 -3.6263957
113 115 145 148 2 -6.50873553e-05 -4.15594435
136 146 66 101 0 -1.50203196e-05 -5.611094
136 136 35 40 2 -0.000259507447 -4.72893381
157 157 46 81 2 -8.428008e-05 -4.89215517
69 74 90 105 4 -0.000461907301 -4.60427237
84 92 67 70 0 -0.000191199375 0.274258435
53 55 68 75 2 -3.88620501e-05 -6.54658318
103 108 53 88 3 -3.81467871e-05 -5.72724819
116 117 72 107 3 -0.000240915251 -4.75640965
42 42 73 108 3 -0.000139114534 -5.20876503
89 91 74 77 2 -7.92733044e-05 -4.41091204
0 0 0 0 2 -0.028879961 8.23914909
123 129 91 102 1 -0.000133631314 -4.01021433
85 87 57 59 2 -2.82525143e-05 -4.17358541
22 27 34 69 2 -0.000306113448 -7.71515131
70 70 78 81 2 -0.000282277935 -4.13151264
0 0 0 0 3 -0.367105514 9.09188557
127 129 21 56 2 -0.000179882598 -5.39469767
56 58 92 127 4 -6.28227717e-05 -2.29735184
0 0 0 0 2 -0.00328622595 6.13493299
93 95 77 86 2 -3.7073878e-05 -7.82363415
0 0 0 0 3 -0.00489769643 6.42530727
70 71 86 89 3 -9.04784247e-05 -4.67262888
123 127 86 97 3 -0.000173800319 -4.65679979
118 121 105 110 1 -5.90079871e-05 -5.32097244
53 59 79 84 1 -3.00405991e-05 -5.95966434
77 78 55 59 1 -0.000205390417 -2.40203667
43 51 93 128 3 -9.33390838e-05 -6.55972004
0 0 0 0 2 -0.01332701 4.3978014
74 78 142 177 3 -0.00014364309 -5.8393321
36 40 45 56 3 -8.94051482e-05 -5.28214025
0 0 0 0 3 -0.382557482 8.98248959
121 125 100 106 3 -3.05174653e-05 -5.96480274
42 45 160 183 2 -5.66238668e-05 -6.12927771
168 171 90 125 3 -0.000922503765 -3.83776522
0 0 0 0 2 -0.028980244 7.39519739
111 114 132 163 3 -0.00224869605 -5.29539204
141 145 95 130 3 -0.000218623725 -5.91819334
180 182 17 22 1 -0.443534076 0.617711663
0 0 0 0 2 -0.00122201175 4.57038116
106 109 133 142 3 -4.38687057e-05 -4.94475031
0 0 0 0 2 -0.0496777557 7.10978794
119 119 125 127 3 -0.0180320013 -2.5587101
30 37 68 73 0 -7.91539787e-05 -2.78485537
54 60 71 78 2 -1.29937898e-05 -6.23890257
34 38 42 54 0 -0.000390860019 -2.4437151
27 31 40 48 3 -0.0006088675 -4.04784012
187 192 168 172 1 -0.000105260187 -3.98282003
0 0 0 0 4 -0.000434137008 0.709841788
41 45 59 90 3 -0.000432581524 -4.415905
86 89 117 128 1 -4.83986223e-05 -4.61539316
0 0 0 0 2 -0.00161726074 1.70147371
78 84 143 147 1 -0.000273453654 -5.00388527
122 130 26 34 0 -0.000155798261 -3.40928102
59 63 76 83 2 -0.0566250943 1.48459828
0 0 0 0 3 -0.0380951278 5.06775761
49 53 110 118 3 -6.85446139e-05 -5.68652201
54 57 86 109 2 -0.000547242118 -3.95902562
77 81 94 97 3 -0.00025593082 -5.04733276
177 181 202 225 2 -0.0022860337 -4.37647438
53 59 101 136 1 -8.15375315e-05 -6.46466827
59 64 133 138 0 -0.000129219974 -1.93451548
92 98 191 196 0 -8.84520196e-05 -3.2887764
41 44 52 67 1 -0.00025855354 -0.547043324
110 112 125 136 3 -8.52331359e-05 -7.32715368
0 0 0 0 2 -0.00685755117 7.39148474
44 46 70 74 1 -0.000144478312 -4.73506212
0 0 0 0 2 -0.0957955346 10.4441004
0 0 0 0 2 -0.00247476576 5.41884279
106 112 127 129 1 -2.07423582e-05 -4.6493082
228 230 115 150 2 -0.0138377259 -2.12192369
183 186 204 239 2 -0.00469854567 -3.90772319
0 0 0 0 2 -0.542070389 10.3011513
133 139 85 120 1 -2.67027845e-05 -4.68236971
144 147 116 120 0 -0.000296685408 -3.21823096
0 0 0 0 2 -0.00315229455 6.68992853
90 97 61 73 2 -4.23190831e-05 -5.91256952
47 49 61 68 1 -3.75507589e-05 -5.92837429
0 0 0 0 1 -0.758570671 2.7501328
96 101 46 61 1 -6.56836637e-05 -3.21080685
0 0 0 0 2 -0.147050127 7.88334322
41 46 60 63 0 -7.56971567e-05 -0.870450497
0 0 0 0 2 -0.302020907 9.5367794
111 115 44 79 3 -4.44648322e-05 -6.03702879
113 115 132 167 2 -0.000113127717 -7.20724487
0 0 0 0 2 -0.47876963 8.50653076
125 128 72 107 2 -4.78025868e-05 -8.25498199
130 135 42 77 4 -0.00121615629 -4.29964972
0 0 0 0 2 -0.157569677 8.0318594
110 112 140 145 1 -0.000177022099 -4.4645381
135 137 149 155 1 -0.00106080819 -3.25714326
44 48 103 106 1 -0.00224642572 -0.816289067
44 47 103 104 3 -0.000231019076 -4.50036573
17 21 26 32 1 -7.3193587e-05 -4.14906263
0 0 0 0 2 -0.0387650505 8.48242474
52 53 29 37 2 -1.29937844e-05 -7.27142096
90 92 68 72 2 -6.09154522e-05 -3.77504754
95 98 78 80 2 -3.34976576e-05 -5.25275803
72 77 37 48 0 -7.15254828e-06 -4.40964794
0 0 0 0 2 -0.382003486 8.07343674
157 160 75 83 2 -0.000123379854 -5.8721199
91 93 62 69 2 -5.32859958e-05 -7.55098534
75 78 89 124 4 -0.000160452371 -3.09570551
99 102 119 125 2 -0.000430782471 -2.21318531
34 37 74 109 2 -4.58952527e-05 -6.34409857
48 56 68 70 1 -3.49281654e-05 -6.26170063
84 84 19 25 3 -0.000491221203 -3.32895613
0 0 0 0 1 -0.455423146 7.65802956
46 49 65 100 1 -7.55774527e-05 -5.43739319
0 0 0 0 2 -0.00263284147 6.64774084
115 123 163 170 3 -9.48889356e-05 -5.66858101
134 141 151 157 0 -3.24247958e-05 -5.10780764
116 119 137 141 3 -6.0796061e-05 -6.28867388
0 0 0 0 4 -0.464211166 7.1203618
62 66 127 129 2 -2.96829803e-05 -5.44027805
133 136 109 117 2 -0.000197522619 -6.03844309
57 62 94 129 3 -6.6637469e-05 -5.7183919
46 54 140 145 0 -3.43320826e-05 -2.51194191
86 89 39 43 2 -0.00163423759 -0.336964846
35 43 51 86 2 -0.00026737657 -5.37620592
103 107 123 127 4 -7.08096777e-05 -4.58155775
78 86 25 60 2 -7.86780583e-06 -7.17611265
0 0 0 0 2 -0.00248192903 6.48733902
0 0 0 0 3 -0.0056586815 5.91781473
44 46 87 91 3 -0.000139233933 -5.56645823
67 72 103 138 1 -8.0107704e-05 -4.07702589
113 115 129 160 2 -5.23324634e-05 -7.57312155
100 103 140 151 4 -0.000380497571 -4.13570213
80 84 101 136 4 -0.000171300111 -2.91712236
35 37 133 139 2 -4.10074572e-05 -7.33579826
0 0 0 0 3 -0.710661829 9.68100739
66 70 45 54 3 -2.12192008e-05 -6.63063335
63 66 100 111 3 -3.64778862e-05 -5.99471188
102 105 41 76 4 -0.000163551536 -2.82323337
0 0 0 0 1 -0.000806883792 5.79597473
49 56 107 114 0 -6.18682243e-05 -2.79603195
83 87 34 45 2 -4.61336058e-05 -3.69074297
26 28 57 60 2 -6.85447449e-05 -4.26161528
101 103 35 58 1 -3.82659018e-05 -5.23048258
84 89 145 148 1 -0.000154968642 -4.43596649
78 78 180 188 3 -0.000160809257 -5.9054451
108 111 51 86 2 -1.57356008e-05 -7.61717081
155 160 49 56 2 -2.2411281e-05 -6.23959637
124 132 100 107 0 -3.07558694e-05 -4.28913307
97 99 128 137 1 -8.10611236e-05 -4.23706865
122 122 102 111 2 -0.000210515631 -4.63548374
0 0 0 0 2 -0.00204197993 5.27148008
25 27 36 42 1 -4.2676671e-05 -5.92906857
0 0 0 0 3 -1.08149016 9.08881569
105 105 116 123 2 -0.000127551815 -6.26650333
0 0 0 0 1 -0.0114445714 6.76780319
45 49 110 145 3 -4.8041009e-05 -5.40259123
92 92 64 75 3 -0.000236741951 -4.46186781
80 83 40 44 3 -4.43455901e-05 -3.79313207
171 174 51 74 3 -0.000242224807 -5.21690893
0 0 0 0 1 -0.355078071 8.25837898
82 86 96 131 2 -1.68084644e-05 -6.45517445
34 39 45 80 1 -0.000740088988 -3.12371802
0 0 0 0 2 -0.24204503 7.83912134
64 67 79 94 2 -3.17095401e-05 -4.18841839
77 82 53 61 0 -2.13383646e-05 -3.18394494
69 69 90 99 4 -0.00595923699 -1.94375217
116 120 71 102 1 -0.000280957727 -5.37493896
58 59 143 145 2 -2.07423436e-05 -6.17889547
0 0 0 0 3 -0.0113847526 4.01599979
51 51 61 67 2 -0.00023304706 -4.75735903
130 132 60 95 1 -4.67297941e-05 -4.14133978
112 117 182 190 4 -0.000109909 -4.08208275
135 135 41 47 2 -0.000145312413 -3.17901325
102 106 129 133 2 -4.25574908e-05 -5.45195055
97 98 23 29 2 -0.000104664272 -3.65006661
0 0 0 0 2 -0.335303992 11.6421013
68 70 26 61 1 -2.82525034e-05 -3.74010658
0 0 0 0 4 -0.239877075 7.81105518
0 0 0 0 2 -0.00162131281 6.00904989
37 38 121 152 2 -0.00894642435 -2.69681311
74 78 142 151 4 -0.00257882173 -4.47140646
105 111 127 162 0 -5.87696741e-05 -4.19000006
142 149 59 64 0 -2.98021514e-05 -3.05133963
94 98 158 165 3 -6.25843895e-05 -4.45606899
50 57 69 80 0 -1.88350241e-05 -3.15136552
98 104 88 92 1 -0.000114200797 -2.57579064
118 120 138 145 2 -0.000108716777 -3.31887054
0 0 0 0 3 -0.468791187 9.93350029
38 42 81 116 1 -6.81870079e-05 -4.02257967
82 85 148 163 4 -0.000537453627 -4.93121052
181 187 90 97 0 -4.56567577e-05 -3.40973401
0 0 0 0 3 -0.0176584329 7.67458344
46 47 108 115 3 -0.000130769869 -6.44060755
108 111 129 164 1 -3.49281181e-05 -6.09362078
112 113 27 50 3 -0.000168319937 -5.3224721
42 42 70 93 3 -0.000844976341 -3.35955334
51 56 156 158 1 -6.22266161e-05 -6.05827188
104 107 127 130 3 -0.000144477555 -3.2522099
117 124 102 106 3 -0.000156517926 -4.68951368
73 75 47 51 2 -0.000209325721 -3.48741007
59 64 40 48 1 -0.000135299051 -6.82041693
123 127 139 174 3 -0.000252953265 -5.07170677
0 0 0 0 2 -0.0044692331 7.7425704
101 103 34 69 2 -2.18152418e-05 -5.40415764
93 95 112 127 2 -6.73520481e-05 -5.75057983
89 93 101 108 1 -4.80410454e-05 -5.99821329
0 0 0 0 2 -0.197378889 8.60969162
67 67 81 116 2 -9.5365489e-05 -4.86854315
120 125 134 138 1 -0.000499460555 -2.75641632
0 0 0 0 2 -0.324697465 8.28449821
0 0 0 0 2 -0.00657243934 8.54651356
123 126 39 74 2 -5.14980129e-05 -5.97205353
124 127 46 49 2 -0.000120518765 -5.86866713
0 0 0 0 2 -0.147645891 9.34688377
44 46 58 66 2 -3.81468053e-05 -4.81165934
87 88 42 77 2 -0.000559764914 -2.07731128
60 60 74 77 2 -5.69815747e-05 -4.10686922
93 97 43 78 4 -0.000403257989 -4.08269453
91 94 39 70 0 -4.18421332e-05 -2.42490268
95 98 52 59 2 -1.97886948e-05 -5.48403931
88 88 57 68 3 -4.04117491e-05 -4.99281836
101 106 51 66 1 -4.14845854e-05 -5.49842072
0 0 0 0 2 -0.160726592 10.0691347
111 116 40 43 1 -5.04252566e-05 -7.0417161
44 48 131 138 4 -0.000229827681 -4.8067317
0 0 0 0 2 -0.394735247 11.0040874
0 0 0 0 3 -0.335247904 6.9877739
101 105 63 70 1 -3.93388655e-05 -4.93636036
0 0 0 0 2 -0.0095227221 7.66575623
61 64 24 31 3 -0.000230901845 -5.26090527
52 57 69 73 2 -2.69412158e-05 -5.4137063
119 123 73 108 0 -2.15768287e-05 -2.88713717
202 209 120 155 2 -3.37360652e-05 -5.8585124
0 0 0 0 2 -0.00763826817 4.05917645
0 0 0 0 2 -0.245671526 8.06015205
56 57 144 151 3 -3.19479368e-05 -5.92967319
79 80 99 134 3 -3.11134718e-05 -5.72337437
64 68 161 168 3 -9.00020314e-05 -5.08093405
60 66 95 130 2 -5.80543419e-05 -6.5875206
58 60 156 191 3 -0.000156276161 -6.76580572
105 107 146 150 3 -0.00208452251 -2.62678695
0 0 0 0 2 -0.257023633 7.98894262
129 133 36 71 2 -0.000116226118 -5.46302366
47 51 59 65 3 -0.0681994557 -5.55583715
0 0 0 0 2 -0.0256923083 8.452528
47 53 67 70 2 -2.65835915e-05 -5.79852676
160 165 132 138 1 -0.00013982963 -3.16629291
112 112 62 97 4 -0.00074796367 -2.59811926
0 0 0 0 3 -0.888760388 6.94599771
92 96 43 46 4 -0.000138995718 -4.08223772
64 65 115 150 3 -0.000196093999 -5.18831682
75 75 122 131 3 -6.22265507e-05 -4.77490282
12 16 21 32 0 -0.00788027141 0.812656939
47 55 60 62 1 -0.000261773675 -3.71237206
148 150 48 56 2 -5.04251766e-05 -4.6696682
43 45 62 77 1 -0.00011813434 -4.80536127
132 136 87 94 0 -4.68488724e-05 -2.36076164
0 0 0 0 0 -0.468105376 9.53931808
62 68 24 30 0 -4.48223727e-05 -2.77836847
26 31 71 106 1 -4.12460577e-05 -4.47127628
110 114 128 137 3 -2.99214025e-05 -5.92467451
99 102 117 122 3 -5.00674942e-05 -7.14483356
37 40 46 81 4 -5.16172768e-05 -3.93541241
57 58 104 139 1 -0.000231497543 -6.31912756
88 88 127 162 3 -8.82138411e-05 -4.95418406
111 116 130 135 1 -4.04117236e-05 -5.54897976
54 54 64 72 3 -3.69547306e-05 -6.41872931
0 0 0 0 1 -0.0107309939 7.58028984
57 64 73 80 0 -8.34452294e-05 -3.02599907
0 0 0 0 2 -0.0916906893 7.88664961
156 157 131 136 1 -0.000108001346 -4.24584341
103 103 76 83 3 -6.23459491e-05 -5.17477942
56 56 70 76 4 -0.000163670804 -3.65232587
0 0 0 0 2 -0.0479428954 7.85608387
80 80 97 106 3 -8.63058376e-05 -5.02728033
0 0 0 0 1 -0.622218549 7.80541801
82 84 153 168 2 -6.25843386e-05 -6.52103138
39 51 122 153 0 -0.0039926488 0.097638227
140 141 93 128 3 -0.00014018605 -6.80447388
43 43 57 72 2 -0.000131843059 -6.14207697
51 56 65 69 0 -3.69546506e-05 -1.69532657
0 0 0 0 2 -0.00854331627 6.95120239
0 0 0 0 2 -0.00315138185 3.05062842
158 163 69 72 1 -0.000950634363 -4.03297663
0 0 0 0 3 -0.0184000749 7.66382742
81 85 118 153 4 -0.000262133195 -4.29669285
30 35 83 91 0 -7.29543826e-05 -3.20762444
0 0 0 0 3 -0.00814294256 5.93390131
0 0 0 0 3 -0.607711256 8.1833849
112 114 136 143 1 -0.000247826072 -4.17221403
34 34 42 73 3 -0.00108262117 -3.70731115
101 101 41 44 3 -6.77102362e-05 -4.89329433
0 0 0 0 4 -0.0374505073 7.60445213
110 118 135 170 0 -0.000116822826 -4.01516008
0 0 0 0 2 -0.726468682 7.81672049
0 0 0 0 2 -0.0783190802 8.99817657
79 87 40 45 1 -5.30477701e-05 -5.55403137
67 72 95 126 2 -9.71538902e-05 -3.86194682
124 128 103 106 4 -0.000105618114 -4.53605556
66 72 42 54 4 -8.54720492e-05 -4.92984295
124 127 39 46 2 -3.76699682e-05 -4.58915138
35 39 48 54 3 -2.78948701e-05 -5.01809311
140 146 90 101 1 -4.25574981e-05 -4.06790876
0 0 0 0 2 -0.144463375 8.72782612
53 59 72 107 1 -1.27553685e-05 -7.19004536
0 0 0 0 3 -0.49226594 8.28115177
74 78 166 201 2 -2.03847303e-05 -7.330369
45 48 62 65 2 -0.000173801513 -3.19002867
49 52 67 73 2 -2.6702799e-05 -3.89463186
44 46 176 187 2 -8.96436031e-05 -5.46948814
66 67 76 87 2 -0.000124571103 -4.72229862
86 90 96 98 3 -8.78563442e-05 -4.81195879
57 63 85 89 1 -7.79619659e-05 -2.61883998
82 86 114 116 0 -3.03982488e-05 -2.51763058
64 72 129 152 0 -0.000141498997 -2.37032247
78 82 39 45 3 -0.00018095519 -4.3228941
43 49 97 132 2 -8.30878998e-05 -4.87209988
94 101 75 77 2 -8.16575703e-05 -5.11805677
0 0 0 0 0 -0.0916323587 10.5824566
125 129 56 61 2 -0.000136373041 -3.87387562
0 0 0 0 3 -0.617759824 9.27981472
56 60 71 82 0 -0.000283704547 -1.78983557
111 111 128 136 3 -0.000113841423 -5.15435505
160 161 177 212 2 -0.000232320264 -5.15974998
183 187 135 141 3 -0.000134702437 -5.45120144
79 81 58 67 2 -1.7881337e-05 -4.9148283
0 0 0 0 2 -0.0105087552 8.77140522
85 86 64 71 3 -7.37898954e-05 -4.48251867
40 43 100 102 4 -0.000411845976 -3.25525379
84 89 212 220 2 -0.000180954725 -5.05439663
70 73 122 133 2 -0.000188345861 -5.58121777
59 61 72 107 2 -1.13248652e-05 -5.16471243
120 121 140 144 2 -0.0152247455 1.41996396
99 106 54 59 2 -0.000115392853 -4.92306805
48 49 136 171 3 -0.000240912574 -4.65596628
0 0 0 0 2 -0.0404066853 6.48807716
0 0 0 0 4 -0.0189895704 7.04220104
108 110 133 168 1 -3.57625686e-05 -7.90939236
47 47 78 113 3 -0.000421972974 -4.77681065
62 65 101 104 2 -5.9842565e-05 -5.85481405
75 79 94 129 2 -6.67571294e-06 -7.60013533
179 181 39 50 2 -0.000266184798 -2.44315624
116 116 138 145 4 -0.0002865688 -3.92665029
0 0 0 0 2 -0.218036741 8.19436359
119 123 136 140 3 -8.96440906e-05 -4.60814619
195 200 213 218 0 -0.000309689203 -2.45214224
52 55 73 81 4 -4.81602547e-05 -2.78967953
17 26 30 32 0 -0.000502769137 -4.45356512
69 75 134 140 3 -0.000112651018 -5.02799845
42 50 58 65 1 -2.38417779e-05 -4.9748621
178 182 58 60 4 -0.000594928162 -3.54656124
0 0 0 0 1 -0.0332771428 8.54677105
50 52 158 181 2 -0.000298954808 -5.12742329
150 152 105 140 2 -0.000603031251 -3.23923516
0 0 0 0 2 -0.343227595 8.26778984
0 0 0 0 1 -0.00408009067 5.85999727
0 0 0 0 3 -0.0204251576 4.97523546
120 124 43 45 4 -9.6796648e-05 -3.76773906
0 0 0 0 1 -0.0194349401 4.59105015
171 175 46 50 3 -0.000250805053 -5.65766478
40 44 47 78 3 -0.0147299003 -2.15443444
70 72 41 52 2 -6.69950678e-05 -3.92986584
106 107 91 94 2 -1.18016997e-05 -4.74005127
83 83 46 53 3 -7.49819446e-05 -5.51701641
63 69 101 136 0 -1.19209089e-05 -6.05653381
0 0 0 0 4 -0.000324824068 2.39762926
0 0 0 0 3 -0.799507439 7.91559076
58 64 77 86 0 -7.61736519e-05 -1.43474996
0 0 0 0 2 -0.0116646821 7.30213833
102 103 37 68 2 -0.0073325811 -3.09957457
47 54 107 111 0 -5.80544001e-05 -2.08526587
100 104 117 119 2 -0.000148531413 -3.56860757
100 107 85 88 3 -0.000571795739 -4.38793373
0 0 0 0 2 -0.643437088 8.89533234
0 0 0 0 0 -0.0308116451 6.41270733
0 0 0 0 2 -0.531593442 9.61722374
120 120 135 143 2 -0.00302905706 -3.00370741
30 33 39 54 3 -0.00161525351 -6.76141024
0 0 0 0 1 -0.668396294 10.6379299
120 120 157 180 2 -0.00247898651 -3.21299577
29 32 42 47 2 -3.17095219e-05 -3.63467288
0 0 0 0 2 -0.199281484 4.28966331
49 49 120 155 3 -0.000294075464 -6.59114885
115 115 39 74 2 -0.000591466378 -2.86455941
82 84 92 115 2 -9.42930565e-05 -6.23558187
0 0 0 0 2 -0.017100865 8.36761761
60 66 110 133 1 -0.000144359481 -4.19846392
0 0 0 0 3 -0.0131951626 6.36862755
56 57 203 210 2 -8.92862299e-05 -6.96210003
118 122 68 91 3 -2.71796016e-05 -6.27221394
37 39 156 171 2 -0.000472029555 -2.50163054
53 59 115 150 3 -2.71796125e-05 -5.89633846
103 104 111 113 3 -0.00117904891 -3.38654923
92 100 169 172 2 -0.000399560842 -1.91963446
69 70 83 87 3 -0.000123260048 -4.93593121
68 70 44 59 2 -1.74045217e-05 -7.3615675
86 86 92 127 3 -6.94982227e-05 -5.59278774
75 81 28 34 1 -7.86769815e-05 -4.20638084
0 0 0 0 2 -0.246253848 7.57789946
40 41 62 85 1 -0.000375966221 -2.17815304
93 94 107 130 2 -8.73792669e-05 -6.09122467
162 165 85 93 2 -0.000127432577 -4.31655693
106 106 88 92 2 -8.95246703e-05 -3.85935855
53 54 111 114 2 -7.43856799e-05 -5.09084606
60 64 105 140 2 -8.49950011e-05 -4.77337122
0 0 0 0 3 -0.92297107 9.83998394
92 96 112 135 4 -0.000229471421 -3.48168206
141 147 69 84 1 -4.50608568e-05 -5.07764959
69 77 107 130 3 -8.70214717e-05 -6.48362303
0 0 0 0 0 -0.0514427647 9.74753857
0 0 0 0 2 -1.65889013 -0.538652241
107 111 42 48 2 -4.05309183e-05 -5.58348417
140 145 110 133 2 -7.15248971e-05 -5.86214352
8 8 20 27 2 -0.324237317 -6.75488472
98 98 109 114 3 -8.79750369e-05 -5.05773544
62 62 101 136 3 -2.45570318e-05 -5.71671629
110 122 137 152 0 -0.000127072562 -5.39271355
92 97 42 65 2 -1.75237274e-05 -6.52899075
108 112 193 216 3 -0.122011229 -2.88753796
0 0 0 0 4 -0.0759340748 7.54863405
0 0 0 0 3 -0.127392367 8.80338287
104 108 63 68 1 -6.75910851e-05 -5.360291
0 0 0 0 3 -0.396168113 5.13396215
60 60 15 50 2 -0.000140187403 -5.12838936
106 108 119 126 1 -0.00204582745 -1.22849643
157 163 102 111 0 -3.48088506e-05 -4.09328604
98 98 175 210 4 -0.0129674114 -3.88402057
22 29 36 71 0 -0.000144714053 -5.69940519
58 64 74 81 1 -4.26767147e-05 -5.54873276
0 0 0 0 1 -0.225927547 8.50252342
49 52 65 88 2 -2.3722585e-05 -7.01833105
62 68 86 121 2 -1.26361665e-05 -7.6572175
0 0 0 0 2 -0.0544372723 8.18750858
53 53 76 80 3 -0.000411606423 -5.84086275
133 137 78 113 3 -9.11940151e-05 -5.45452738
0 0 0 0 3 -0.0029400629 4.75148821
91 96 44 51 3 -2.19344547e-05 -6.12637758
0 0 0 0 3 -0.00600307155 6.53961325
166 171 115 150 0 -4.00540885e-05 -4.52968073
93 97 115 150 2 -0.000192756561 -4.60055065
119 123 132 143 2 -0.000673468516 -3.8427968
0 0 0 0 2 -0.318281859 9.51584435
80 86 95 130 2 -4.19614662e-05 -3.70640326
175 176 84 119 2 -0.889770091 -1.26089311
105 112 122 124 1 -2.01463281e-05 -4.2249608
40 46 55 90 2 -9.28627269e-05 -6.3296957
92 93 58 66 3 -6.43723106e-05 -4.41345644
115 120 35 58 3 -7.62938362e-06 -7.80478573
36 38 50 53 2 -1.75237255e-05 -5.41417599
177 180 148 153 2 -4.67297286e-05 -7.01795673
77 78 89 93 3 -5.85311791e-05 -6.04087448
107 110 40 42 0 -2.58683285e-05 -2.52560234
0 0 0 0 3 -0.819484591 8.79714203
0 0 0 0 2 -0.351339072 7.90353727
55 59 72 80 1 -0.000110146524 -3.50050092
107 110 60 95 3 -0.0150366249 -2.42721581
0 0 0 0 2 -0.00886513665 8.16535854
111 115 26 61 3 -8.49951393e-05 -6.09042025
0 0 0 0 1 -0.00690942723 6.25599527
98 103 170 175 2 -0.00016664993 -4.45347548
127 136 48 71 1 -0.00608827919 -4.98074436
51 58 189 224 2 -4.24382379e-05 -5.57287884
111 111 66 101 2 -0.000105021711 -5.79656792
142 147 79 114 1 -5.06635733e-05 -5.10788012
39 39 44 49 4 -0.031175267 -3.48459172
0 0 0 0 1 -0.401314348 8.10000324
80 86 21 25 1 -0.000248886121 -4.50915384
208 209 153 188 2 -3.77890901e-05 -7.00105095
93 93 133 168 2 -0.000189775499 -4.51717186
115 117 129 137 1 -3.02790177e-05 -6.23073578
67 72 139 145 1 -0.000324471534 -4.0351696
0 0 0 0 1 -0.0509291105 7.18020058
94 95 55 63 3 -1.75237328e-05 -6.9793272
33 39 89 92 0 -3.14711069e-05 -3.46745372
69 73 24 59 4 -0.00135041308 -2.69127965
0 0 0 0 2 -0.0530403666 9.09863758
42 44 52 87 2 -1.3232212e-05 -4.67558336
93 93 75 82 2 -0.00043163271 -1.31581819
109 114 86 94 3 -0.000135419265 -4.91193438
105 109 128 139 1 -0.000781955314 -4.9220891
101 106 49 84 1 -6.72330352e-05 -5.19387197
90 95 133 137 0 -2.50338544e-05 -3.52803564
139 140 72 79 2 -2.58683067e-05 -6.35196495
90 94 104 109 3 -5.67432653e-05 -5.54050589
128 130 168 175 2 -0.000535921601 -4.59333849
80 84 31 66 3 -0.000698113116 -5.54533863
91 94 110 115 0 -2.70604178e-05 -2.21430039
50 50 106 108 2 -3.07558657e-05 -4.57472754
70 74 88 103 3 -7.41469994e-05 -5.86553669
0 0 0 0 4 -0.0180605315 7.86735678
126 130 33 68 4 -0.000175591602 -2.74021101
45 50 90 94 0 -3.24247449e-05 -2.85974646
0 0 0 0 2 -0.00392504176 6.26758718
81 84 129 132 3 -0.000170702901 -4.52654028
112 119 95 97 0 -2.61067253e-05 -3.14759588
127 127 109 111 3 -0.000119922333 -4.87149763
156 158 174 197 2 -0.00816790853 -1.16243756
92 92 125 160 2 -5.686234e-05 -6.96179771
139 139 102 125 2 -7.43858618e-05 -5.87459898
86 86 96 131 4 -0.000751779764 -3.08508825
41 47 62 77 2 -3.65970736e-05 -6.72648335
67 69 41 47 2 -6.90211891e-05 -3.60022497
147 150 133 135 2 -8.29688215e-05 -3.30583072
0 0 0 0 2 -0.00126372301 3.82488012
55 58 100 135 3 -0.00114539615 -2.50942278
125 131 75 83 1 -0.000360352569 -2.20063663
98 100 108 139 2 -6.56837292e-05 -5.56135178
104 106 73 76 2 -0.000604454021 -2.01575994
0 0 0 0 2 -0.00229275599 6.63079119
137 138 93 96 4 -0.00108462758 -3.240134
138 139 105 113 3 -6.22266816e-05 -5.57408047
0 0 0 0 2 -0.153695077 9.05870724
0 0 0 0 0 -0.0914702564 10.3864841
0 0 0 0 2 -0.00178351765 5.14879799
0 0 0 0 3 -0.0191209018 6.47633743
88 89 45 76 3 -5.14980748e-05 -5.87540722
57 57 69 74 3 -0.000577407249 -3.95545244
0 0 0 0 3 -0.675842464 8.95305347
0 0 0 0 3 -0.763290942 9.41206837
126 126 35 70 4 -0.000530089485 -3.62943506
130 133 109 115 2 -5.36438529e-05 -3.98935246
15 18 23 24 4 -0.0615142621 -4.64121723
137 141 78 86 3 -0.000212900195 -5.56897783
76 81 162 169 3 -0.000427938707 -3.89737654
162 164 147 152 2 -2.67028008e-05 -4.27387953
49 53 100 104 3 -0.000155683461 -4.90807819
70 70 125 156 3 -0.00149967708 -3.22623181
77 84 159 194 0 -0.00026105711 -3.09678864
33 37 54 62 2 -5.50740224e-05 -8.08473492
38 40 72 107 2 -0.000128623855 -3.8515234
0 0 0 0 1 -0.00399052724 7.25040293
52 53 112 120 2 -0.000137802068 -4.70681572
0 0 0 0 3 -0.255098552 9.53770065
119 122 163 186 1 -0.000100015168 -4.24546432
188 193 75 98 0 -2.3007311e-05 -3.02720976
162 163 29 64 2 -8.94055265e-05 -4.89191389
76 80 35 44 3 -3.98157244e-05 -5.13575172
125 129 56 60 3 -0.000494805106 -4.79147911
197 201 47 82 4 -0.00036440487 -4.11215353
26 29 77 112 1 -0.000213973224 -3.26595259
103 103 117 120 3 -4.10077118e-05 -5.32640696
142 143 70 85 3 -6.47301204e-05 -5.13480902
104 107 118 125 2 -3.18287457e-05 -6.88399029
74 76 83 114 3 -0.000238052278 -7.10518169
47 50 69 73 1 -3.3140037e-05 -3.14063764
57 58 125 131 2 -3.14711288e-05 -5.27433538
145 146 194 201 3 -0.00442531658 -4.07124472
76 76 56 62 3 -3.96964751e-05 -5.8085103
0 0 0 0 3 -0.450766027 9.31429863
155 155 110 141 2 -0.000895227946 -4.80181646
52 59 140 151 2 -3.73123185e-05 -5.9983592
73 75 42 48 1 -3.65970445e-05 -6.07676077
111 118 78 85 3 -4.21998557e-05 -5.73633242
126 127 73 108 3 -8.05847376e-05 -5.56321239
0 0 0 0 2 -0.412304789 8.09140873
120 124 76 99 3 -6.42533269e-05 -5.84101105
107 107 118 125 3 -0.000169273422 -3.6982584
0 0 0 0 2 -0.245671526 8.06015205
204 211 51 86 2 -0.00101018208 -5.92163229
96 96 103 108 2 -0.000114796509 -6.21558523
143 147 92 123 3 -0.000224464486 -5.53584766
42 45 115 150 3 -0.000316011603 -4.23182344
58 66 120 131 1 -0.000455827772 -4.55408239
126 133 44 79 1 -0.000100253055 -4.15726709
45 48 75 77 2 -5.13788327e-05 -4.39393759
71 71 96 131 3 -0.000399207755 -4.88393497
81 87 123 129 0 -7.62938453e-06 -5.5557003
117 118 133 140 3 -6.03194712e-05 -6.47254324
121 121 130 137 4 -0.000191087689 -5.41677904
60 67 108 113 2 -1.88350314e-05 -5.48868799
105 105 119 126 3 -5.31668557e-05 -6.57377625
75 77 94 102 2 -8.73793106e-05 -4.52740479
0 0 0 0 2 -0.00284508104 6.39660883
0 0 0 0 2 -0.243167162 8.83768749
92 92 47 82 3 -8.53528909e-05 -5.29917145
97 103 158 193 2 -2.59875305e-05 -9.88540936
0 0 0 0 1 -1.07284498 3.51301908
69 70 103 138 1 -0.00170570856 -1.09801614
34 38 49 84 0 -1.65700603e-05 -4.69885683
0 0 0 0 3 -0.163480178 5.97102451
0 0 0 0 2 -1.05222428 7.65515709
84 88 103 138 3 -0.00082518789 -4.8733573
119 123 74 109 1 -9.20279344e-05 -5.04684687
98 100 44 55 1 -0.000176783404 -1.96500611
72 72 82 93 3 -8.76176928e-05 -4.58332491
63 63 80 103 2 -0.000137088035 -5.59086466
0 0 0 0 2 -0.00289968774 7.00519657
90 90 112 119 3 -0.000560824992 -4.65200043
53 55 36 43 1 -0.000101326448 -6.34235859
0 0 0 0 3 -0.830103755 8.01550961
129 134 86 117 1 -5.67431998e-05 -6.15344858
0 0 0 0 3 -0.00409854203 3.88462019
17 24 28 63 2 -0.000347478053 -5.72400284
100 104 116 123 3 -0.000100491903 -5.28402662
92 94 108 143 2 -7.92734791e-05 -7.26591349
72 72 166 168 3 -0.000297409424 -4.69388342
153 158 30 53 1 -2.24112737e-05 -5.35470057
97 104 76 82 0 -0.000148173523 -2.19055557
61 68 87 94 0 -1.29937916e-05 -3.71568179
184 188 37 45 0 -0.000446528662 -3.67354727
47 51 63 98 2 -1.54971804e-05 -8.07648182
15 16 38 44 3 -0.000337345205 -5.34269094
47 52 110 145 3 -4.74450171e-05 -5.96400213
59 62 36 38 2 -0.000764268567 -3.44874716
50 55 71 75 1 -0.00114362198 -3.92456222
145 151 117 125 1 -8.15383537e-05 -3.86832285
97 100 115 150 0 -1.29937889e-05 -5.49894571
70 71 88 96 2 -7.21208853e-05 -4.31747341
59 59 125 128 3 -4.98290246e-05 -5.3480401
48 52 61 63 1 -0.00010311426 -6.08127785
109 112 46 81 1 -3.36168632e-05 -5.47264528
141 146 95 102 2 -0.00028871189 -2.66263819
79 83 108 116 1 -8.92865355e-05 -6.65631056
51 51 62 67 2 -2.72988436e-05 -5.00551224
139 142 177 179 2 -0.00129566924 -6.38181973
133 134 112 118 2 -0.000175709283 -3.47917938
12 12 17 20 4 -0.00176374766 -4.13978386
12 20 24 39 0 -0.000412311987 -3.79463673
68 72 81 112 4 -0.000388719229 -4.20839357
88 93 70 76 3 -2.30073183e-05 -5.61376286
57 57 70 105 3 -8.57105115e-05 -6.76609802
115 115 39 62 4 -0.000980355777 -2.42688942
88 88 96 107 2 -0.000151631306 -3.55785513
30 34 66 73 4 -0.00118736108 -3.30942512
64 65 88 91 3 -0.000516973669 -5.26981497
95 95 107 110 2 -0.000212544212 -3.87707424
83 87 48 59 2 -1.57355898e-05 -6.25769806
122 128 101 108 1 -0.000129458305 -5.09081602
47 47 129 135 4 -0.000271310855 -4.38116074
46 49 69 80 3 -0.000144833932 -5.2986908
54 59 69 100 3 -6.13921438e-05 -5.84866714
46 48 57 62 2 -8.55910403e-05 -4.89417839
44 46 50 61 1 -0.00917836279 -0.124215312
78 80 101 108 1 -0.000146266393 -6.73156166
39 39 43 46 2 -0.0989244133 -5.76137161
45 45 58 93 2 -2.87293278e-05 -4.96688032
118 127 50 85 0 -3.33784737e-05 -4.87747383
101 102 110 117 2 -0.000167483755 -3.70632076
62 66 74 109 3 -0.00015055832 -4.50626659
42 45 64 68 0 -2.07423454e-05 -2.10475016
109 109 70 76 3 -8.65448383e-05 -5.36966372
42 42 60 62 3 -7.65312725e-05 -6.89609241
60 61 78 113 3 -5.55510596e-05 -5.04964924
50 51 63 70 2 -7.92733699e-05 -5.0398283
121 123 38 73 2 -3.46896377e-05 -4.83258772
72 79 97 108 2 -8.97626742e-05 -3.31618524
98 98 26 61 3 -0.000200384718 -4.28004169
60 67 78 83 0 -1.88350205e-05 -3.56651926
74 74 42 46 3 -3.88620538e-05 -5.4473958
82 82 49 52 3 -0.00016343157 -4.20846128
81 81 41 64 3 -3.57625977e-05 -6.5183692
26 26 51 62 3 -0.000109432309 -4.8680172
4 5 8 43 3 -0.000659378653 -3.52093339
151 153 105 136 3 -0.000469647552 -5.23683405
66 68 46 51 2 -6.1392333e-05 -4.23415089
117 117 59 66 3 -0.000125882972 -4.62952185
25 25 38 36 2 -0.449691951 -1.97231388
46 46 113 144 3 -0.00370617164 -3.47580838
107 110 34 45 2 -8.85713671e-05 -3.85375905
44 45 64 69 2 -1.78813534e-05 -5.07130623
49 50 83 118 2 -0.000112412577 -5.77503443
96 98 117 128 2 -2.43186259e-05 -5.16608667
64 66 74 76 2 -7.15249407e-05 -3.30811787
115 120 45 80 1 -6.97364958e-05 -4.94064093
48 48 68 103 3 -2.65835697e-05 -6.42974615
127 127 63 98 3 -0.000260103669 -5.56240845
23 27 45 68 1 -2.39609963e-05 -4.93894386
57 60 174 178 2 -0.000193352025 -4.26726818
118 118 67 102 3 -3.45704611e-05 -5.59215069
139 139 48 71 3 -9.38166049e-05 -4.21154785
58 62 71 94 1 -8.49948119e-05 -5.49761772
91 92 49 84 2 -0.000274644466 -4.29220295
150 151 97 128 2 -7.17631629e-05 -6.29295683
17 17 38 46 2 -0.00104626943 -6.03365231
93 95 10 41 1 -0.000524010044 -2.48005319
103 104 20 26 2 -7.45051002e-05 -4.72946405
96 96 72 80 2 -2.25304902e-05 -5.02986574
96 100 111 122 2 -3.03982233e-05 -6.0116086
0 0 0 0 3 -0.00455327751 4.71045685
0 0 0 0 3 -0.0448698141 8.61967754
0 0 0 0 2 -0.539974809 8.73388004
0 0 0 0 3 -0.00997141749 7.76239538
0 0 0 0 3 -0.793638468 8.26930237
0 0 0 0 3 -0.0139128147 8.90823555
0 0 0 0 2 -0.00562476832 8.67625809
0 0 0 0 2 -0.07196863 8.56253338
0 0 0 0 3 -0.0240331944 6.75223732
0 0 0 0 2 -0.7938236 9.42899418
0 0 0 0 2 -0.8168751 10.3786716
0 0 0 0 3 -1.09149945 8.54988861
0 0 0 0 2 -0.0142006846 8.50518322
0 0 0 0 0 -0.117148623 10.366148
0 0 0 0 2 -0.471615136 9.52438164
0 0 0 0 3 -0.0842061564 8.32042599
0 0 0 0 2 -0.00658616889 5.63209343
0 0 0 0 2 -0.0210197829 8.25948048
0 0 0 0 2 -0.0262812432 6.33674335
0 0 0 0 1 -0.0174719766 8.56496811
78 82 37 43 0 -6.85446867e-05 -2.70562315
19 22 26 61 2 -0.0118894707 -3.04856563
80 85 127 162 1 -4.2557469e-05 -4.97149992
98 102 35 70 3 -2.36033666e-05 -5.2508626
60 69 48 55 1 -7.14056223e-05 -4.65508842
121 124 71 106 1 -0.000101087906 -3.75319052
101 102 118 129 2 -0.000821584836 -2.85120392
173 173 148 154 3 -0.000192756124 -5.28886604
123 128 139 147 0 -3.46897468e-05 -3.27342772
133 133 144 147 2 -0.000261767185 -3.09136438
97 99 116 151 2 -2.1696027e-05 -8.06030846
35 43 53 60 0 -1.49011285e-05 -3.89740324
74 81 93 104 0 -1.27553731e-05 -2.77857995
57 61 75 82 3 -0.000104186285 -5.43111849
42 42 64 75 3 -0.000260105793 -4.62519741
96 98 114 129 1 -2.19344438e-05 -5.09402847
185 185 145 168 3 -0.000544139592 -3.89139128
192 195 224 226 0 -0.00487996452 -1.31081522
81 88 64 66 1 -4.37495655e-05 -5.87002897
95 98 134 157 3 -0.000269759592 -4.53428602
45 50 60 62 4 -0.000183099823 -3.343014
51 54 76 111 1 -0.000146504957 -4.80908108
168 178 72 107 1 -5.04252057e-05 -5.4258132
144 147 68 103 4 -0.000314210571 -2.109936
38 42 96 107 4 -0.000190253166 -3.64944267
45 45 57 88 4 -0.000711848726 -3.00552392
20 25 78 81 4 -0.000620429346 -0.660875559
0 0 0 0 3 -0.817546546 9.7225523
0 0 0 0 1 -0.00696916785 3.40626597
34 39 54 89 1 -3.61202401e-05 -6.14354897
65 70 136 171 0 -1.97886911e-05 -4.60407257
0 0 0 0 1 -0.373662472 8.84204769
0 0 0 0 3 -0.0577301197 8.12531567
68 71 162 173 2 -0.000155565082 -4.81280661
84 85 93 98 1 -2.76564351e-05 -5.80645132
50 54 71 106 1 -1.49011375e-05 -5.30015993
76 80 34 36 0 -1.84773926e-05 -3.17781997
74 82 97 103 0 -7.15255192e-06 -3.91433358
45 47 51 53 2 -0.0761234686 0.45552513
86 87 101 101 2 -0.00618328387 -0.946807742
214 216 186 194 2 -0.000192517109 -3.22405362
93 99 179 186 0 -7.00943565e-05 -3.20958304
80 83 30 65 3 -2.43186187e-05 -6.56483984
0 0 0 0 3 -0.0141157098 7.187644
97 98 164 171 2 -0.000702656689 -2.58528543
92 98 37 45 1 -6.12730801e-05 -5.99134922
0 0 0 0 1 -0.0511866137 8.69212914
10 12 22 26 2 -0.0011652105 -1.27971756
104 104 118 120 2 -0.000807791832 -2.73398829
88 98 66 72 1 -0.000389198132 -2.60985208
140 145 125 131 1 -0.000175352805 -3.81870556
60 61 49 55 2 -0.00017416093 -4.86217976
59 61 93 100 2 -7.04517515e-05 -4.61237669
0 0 0 0 3 -0.00726676779 7.15019035
35 43 110 117 3 -2.20536567e-05 -5.84593439
37 40 120 155 3 -9.58431629e-05 -5.53152561
65 73 96 131 1 -0.000102280188 -3.99657273
131 132 150 185 2 -0.000426505052 -5.70514107
42 44 85 108 2 -3.62394712e-05 -5.96079254
50 56 66 70 0 -4.21997902e-05 -3.6417706
53 53 138 144 3 -0.000236027132 -4.74716187
153 157 101 136 3 -4.20806537e-05 -6.1423645
146 150 47 82 3 -0.000211470979 -4.14191246
108 108 30 37 2 -0.000109670997 -3.90578651
85 87 100 135 2 -0.00010549846 -3.83659577
0 0 0 0 4 -0.000379904173 -0.316574067
93 98 54 61 3 -0.000120757366 -3.79023862
0 0 0 0 2 -0.829125702 7.78672171
85 90 103 134 4 -0.000127909647 -4.31353569
73 76 34 57 1 -6.21073486e-05 -5.00474977
97 97 112 147 4 -0.000301110413 -4.46323633
0 0 0 0 2 -0.0111306515 7.76309061
56 57 69 72 4 -0.00018226722 -3.75106335
75 75 84 92 4 -0.000197763409 -5.45951033
107 109 57 92 3 -0.000147578219 -7.30555725
141 142 120 126 2 -3.05174508e-05 -6.03137779
35 36 48 54 2 -0.00258370489 -2.10246348
137 137 90 97 3 -5.57894418e-05 -6.1710844
118 118 155 170 3 -0.00161230261 -5.20427275
117 121 92 95 0 -7.2119401e-05 -2.23835468
65 65 35 37 3 -0.000255218183 -3.0790484
49 52 103 138 3 -1.40666652e-05 -6.24708891
41 42 75 80 1 -4.6252946e-05 -4.31155872
65 69 83 98 1 -0.0007032383 -3.10347581
121 126 182 186 0 -2.9921428e-05 -4.22057199
73 78 110 117 1 -9.04779008e-05 -5.25025845
73 76 53 55 2 -1.41858827e-05 -5.21190119
55 56 72 87 2 -6.25843313e-05 -6.42170095
49 52 59 94 1 -8.58287967e-05 -3.81105137
0 0 0 0 3 -0.135169193 8.1010046
0 0 0 0 2 -0.0444286056 7.99724817
107 110 121 156 2 -0.000214450585 -3.96758938
92 97 53 62 3 -1.18016997e-05 -6.31857347
96 99 40 47 3 -0.000235668369 -5.510993
0 0 0 0 2 -0.242668658 7.97431326
62 70 119 150 0 -0.000187988262 -3.35699511
103 107 29 64 3 -0.00057847437 -5.10446167
64 68 44 49 4 -0.000149724292 -4.0296874
0 0 0 0 2 -0.00433208421 6.44873905
0 0 0 0 1 -0.00306471717 5.43902302
82 87 104 112 2 -4.48224309e-05 -4.23117685
60 64 129 136 2 -2.80140684e-05 -5.27935696
77 77 85 88 2 -0.000490984297 -3.36894393
121 125 68 103 3 -2.07423709e-05 -7.23319864
113 113 96 98 3 -0.000730440952 -4.64269209
33 37 53 88 2 -0.000832342193 -2.50162458
0 0 0 0 2 -0.739988267 9.55605793
92 92 74 78 4 -0.00118139212 -0.0433155522
98 100 49 84 1 -4.97098481e-05 -5.18356371
66 66 51 57 3 -0.000100134581 -5.27920008
25 29 34 39 4 -0.000136490955 -5.35142756
107 111 124 139 3 -0.000206103578 -4.72291946
114 120 90 101 2 -1.3589839e-05 -5.8268199
92 94 22 28 1 -4.81601091e-05 -5.0628171
0 0 0 0 3 -0.092379041 8.05560112
120 123 132 138 4 -0.000124690225 -4.54718542
103 105 63 98 3 -0.00238303863 -8.12205982
48 53 62 97 3 -2.77755862e-05 -7.1829381
0 0 0 0 0 -0.0992431715 10.4455452
25 31 43 47 2 -4.18422132e-05 -5.3192296
0 0 0 0 3 -0.608013332 9.55826569
114 114 136 167 3 -0.000367018889 -4.80193138
30 34 39 51 2 -0.000268208329 -6.3106637
106 107 120 155 2 -0.000147934246 -4.66883945
0 0 0 0 2 -0.0874815062 8.04438686
94 97 40 51 3 -0.000139115044 -5.21024179
26 29 84 119 1 -0.0726298839 -4.44004965
125 133 108 113 1 -3.0636591e-05 -7.87765646
97 98 113 121 4 -0.00221916684 -3.29537582
0 0 0 0 2 -0.448114514 8.18433571
44 51 62 77 2 -0.00016760474 -3.08800483
141 144 177 212 2 -8.53519741e-05 -6.74649668
72 80 92 96 0 -2.61067398e-05 -3.39569783
137 142 92 100 0 -0.000113724207 -2.2476213
100 107 122 157 2 -6.06769318e-05 -4.92476797
0 0 0 0 2 -0.454083204 8.01673317
69 72 86 109 1 -6.4253145e-05 -5.39160681
108 111 131 166 4 -0.000147339801 -3.57978773
117 119 69 72 1 -3.8862072e-05 -4.512959
59 64 105 140 4 -0.000218263915 -4.70494938
49 52 19 25 1 -9.5365991e-05 -5.16090488
103 105 80 88 2 -0.000217192079 -6.52918005
99 99 108 115 4 -6.23457963e-05 -5.39617777
118 121 140 143 1 -0.000154730675 -4.16643763
119 122 141 145 0 -0.000118015218 -2.49504471
130 130 46 77 2 -0.000123260252 -4.64254904
43 43 61 72 2 -6.18690901e-05 -6.61437082
83 90 99 134 2 -5.14980638e-05 -7.54843235
65 69 81 88 0 -1.49011375e-05 -1.94106615
130 132 39 46 2 -1.95502798e-05 -4.75579309
91 95 67 72 0 -6.30605427e-05 -2.1327002
22 26 53 59 4 -0.000465478806 -2.81204605
104 110 125 156 2 -0.000108240245 -5.47713232
61 65 74 78 2 -5.31669612e-05 -2.63955402
54 54 70 78 4 -0.000169154548 -4.42619848
0 0 0 0 3 -0.0682945102 5.05065441
144 147 79 87 2 -7.82001807e-05 -5.1759553
0 0 0 0 2 -0.00456722127 7.04414463
0 0 0 0 2 -0.385630876 8.22614861
62 62 88 91 3 -0.000237219152 -5.08040142
36 37 18 26 2 -0.000204796495 -4.39981604
91 96 40 75 3 -4.17229749e-05 -4.72408342
0 0 0 0 2 -0.366135716 3.24207473
0 0 0 0 2 -0.21885176 9.33619595
117 126 100 106 0 -2.12191899e-05 -3.25076032
31 36 46 77 0 -0.000627583009 -1.30184221
140 145 158 162 4 -0.000857366831 -2.97918606
52 55 74 97 2 -2.83717236e-05 -6.56504297
48 52 56 61 2 -0.000394194387 -5.05245256
56 61 107 111 0 -7.64112483e-05 -2.89074278
156 156 104 107 2 -0.000164385172 -4.19935226
160 168 183 218 2 -0.000195020519 -4.74222088
141 145 41 64 2 -0.000312788296 -4.82095242
0 0 0 0 0 -0.448624671 7.30372572
93 94 57 63 2 -5.32861377e-05 -4.8628912
7 11 17 52 4 -0.000981556601 -3.62652445
171 172 119 154 3 -0.000447358849 -4.81688547
48 50 93 128 2 -1.44242949e-05 -8.29106617
0 0 0 0 2 -0.0742738098 9.67575645
152 154 97 106 2 -0.000557264953 -3.9991014
113 119 95 98 1 -2.69412012e-05 -6.01904631
54 54 105 113 3 -0.00017022682 -5.39228249
0 0 0 0 2 -0.322795928 8.7574873
124 129 59 94 2 -0.000452371751 -3.2264123
137 144 81 85 2 -3.79083031e-05 -8.44352531
28 32 40 75 2 -0.000366416323 -6.42763567
0 0 0 0 2 -0.280818701 8.22321033
69 74 85 90 4 -9.35780481e-05 -3.4591403
103 103 114 149 2 -0.000656668795 -4.66081285
0 0 0 0 3 -0.00327589177 3.99198389
0 0 0 0 1 -0.0376622155 8.6534071
138 139 97 112 3 -2.43186096e-05 -5.2353282
13 19 31 34 2 -0.000174756773 -2.8593998
83 89 102 105 2 -2.67027826e-05 -5.66539764
15 19 32 35 3 -0.0104092099 -2.16885853
161 167 66 68 3 -8.34455641e-05 -5.34503365
0 0 0 0 3 -0.0261377022 7.99291086
71 74 150 153 2 -4.19614371e-05 -5.52247143
164 164 36 40 3 -0.00161244289 -4.10650158
69 74 56 64 0 -1.75237255e-05 -3.30603647
0 0 0 0 3 -0.579869688 7.59588528
53 53 112 127 3 -0.000172372776 -4.98443174
50 54 71 75 3 -0.000172490501 -2.9069891
163 166 78 85 3 -0.000177021357 -5.63406658
166 168 89 124 1 -4.26766383e-05 -5.11106539
0 0 0 0 1 -0.194114715 6.48152447
141 141 67 74 3 -0.00022744434 -5.38432884
80 88 33 68 0 -1.5377962e-05 -4.38076401
99 99 120 124 4 -0.00014197448 -4.17786789
98 102 119 127 2 -0.000569753116 -4.39010334
161 165 60 95 1 -9.39349047e-05 -3.52578068
124 127 96 101 4 -0.000228158053 -2.74362659
45 49 77 82 4 -0.000100492223 -4.73024845
0 0 0 0 2 -0.0109235467 8.6605854
0 0 0 0 3 -0.335332036 8.64783382
0 0 0 0 4 -0.0801431015 6.32372952
30 32 52 87 1 -0.000371559698 -6.38417435
77 81 53 60 2 -2.21728696e-05 -4.15181828
106 108 86 94 2 -1.19209117e-05 -5.64978409
108 111 72 76 2 -0.000153296191 -3.89164805
16 19 35 41 2 -0.000486934936 -2.46556807
113 117 60 95 2 -2.37225795e-05 -4.30806589
0 0 0 0 1 -0.0683137551 9.26682472
56 60 41 45 1 -6.98559743e-05 -5.73812199
130 133 141 143 2 -0.000129219392 -2.75842023
73 77 116 139 2 -8.8809189e-05 -5.50001717
105 105 120 155 3 -2.70604141e-05 -6.84965754
98 106 64 70 0 -5.41206136e-05 -1.5288986
102 104 57 63 2 -2.05039414e-05 -6.25772429
0 0 0 0 3 -0.255501002 9.12063599
83 91 141 147 1 -0.00010573653 -3.88847923
58 58 72 79 4 -0.00134324131 -3.3998971
46 46 126 130 2 -8.5233507e-05 -4.03764772
82 88 64 68 2 -3.29016184e-05 -3.95878911
0 0 0 0 3 -0.429903537 7.70571375
48 51 168 174 2 -2.8252467e-05 -6.5717659
86 86 59 62 2 -0.000109670611 -4.37034893
13 15 78 113 2 -0.00138387468 -2.67079449
23 27 47 54 2 -1.58547882e-05 -7.92696381
0 0 0 0 2 -0.0204938836 8.09293842
81 85 25 60 4 -0.000101445694 -2.53753829
0 0 0 0 1 -0.384081125 9.50398254
106 106 57 62 2 -0.000207770077 -3.84464383
0 0 0 0 0 -0.597337663 12.110733
0 0 0 0 2 -0.111767776 9.96530437
144 149 183 218 1 -0.000225891417 -3.12261057
62 66 136 151 2 -0.000106333115 -5.63120222
127 131 55 60 2 -1.34706288e-05 -7.81192064
129 132 58 63 2 -0.000131723064 -4.51087618
106 109 115 117 2 -0.000126359082 -4.15105629
0 0 0 0 4 -0.215824246 8.05671692
86 91 121 127 0 -0.000109668516 -2.66013861
32 37 48 53 4 -0.000287284405 -3.55707073
193 194 124 147 2 -0.000296687562 -5.19794083
31 33 46 81 2 -0.000276906881 -3.37426829
92 95 74 77 2 -0.00019609314 -4.30577755
0 0 0 0 2 -0.027542714 6.33334875
104 109 55 90 0 -0.000141379365 -2.79622769
92 95 108 116 3 -0.000158304814 -4.58911657
45 46 58 65 3 -0.000119088028 -3.41395211
208 209 59 61 2 -0.00010478351 -3.14696908
58 62 85 92 3 -0.000104068393 -5.03208494
112 112 133 140 2 -0.000273456215 -3.43601155
112 117 48 53 1 -0.000140544813 -5.14661884
88 92 80 83 3 -7.98693218e-05 -4.91985846
55 59 42 45 2 -0.000193828513 -2.44257259
0 0 0 0 2 -0.424000204 8.31013966
81 85 169 175 2 -0.00407222752 -1.37089503
47 47 66 70 4 -0.000355704688 -5.01955986
0 0 0 0 3 -0.0109079899 7.66273928
121 126 69 104 0 -1.525876e-05 -3.2681551
53 57 72 107 1 -3.49281399e-05 -3.27558208
117 118 191 194 2 -5.40012625e-05 -5.73081779
0 0 0 0 2 -0.123312145 7.95409155
119 119 38 73 2 -1.7881348e-05 -5.8300643
83 87 143 166 1 -2.69411885e-05 -4.93154573
58 63 138 173 4 -0.000138756935 -4.23221684
198 200 121 156 2 -7.6769822e-05 -7.43553019
0 0 0 0 2 -0.29011032 10.3972883
130 130 42 49 2 -0.000449031126 -3.04289293
59 60 29 37 3 -7.39090756e-05 -5.04696655
90 95 27 32 1 -0.000159616859 -5.5500598
68 74 128 133 0 -2.74180038e-05 -2.2129674
79 82 98 103 2 -9.82268539e-05 -3.96697259
165 168 120 143 1 -0.000113724047 -4.25427675
102 108 85 92 0 -4.58950381e-05 -3.77160811
0 0 0 0 2 -0.563744187 10.788188
73 79 87 92 0 -3.42127751e-05 -3.95814967
140 144 171 174 0 -0.00033031113 -2.5814631
0 0 0 0 2 -0.00352213392 4.85617971
100 103 59 64 2 -0.000308859075 -3.29343128
100 101 108 115 3 -7.08095322e-05 -5.47347307
104 105 161 167 3 -0.000212900937 -5.01336432
45 51 66 71 1 -0.00277738832 -2.66443086
133 134 154 157 3 -0.000158424198 -7.15408373
49 54 73 79 0 -9.84657381e-05 -2.89926934
0 0 0 0 3 -0.010455803 5.30758572
0 0 0 0 2 -0.0206388887 7.86326075
0 0 0 0 2 -0.00265039853 8.32644176
172 173 51 86 3 -8.96443744e-05 -5.24607325
47 55 105 113 1 -0.00198415271 -5.13048697
148 149 74 79 2 -7.58164097e-05 -4.17228889
48 51 62 67 2 -6.2107596e-05 -5.31894636
76 77 90 113 2 -5.97233229e-05 -4.57030249
179 183 73 84 2 -0.000249614037 -4.44936705
40 44 61 76 3 -1.35898317e-05 -5.40237284
83 87 100 106 0 -1.5258759e-05 -1.91140401
103 108 117 128 0 -1.87158112e-05 -5.74507666
0 0 0 0 2 -0.00481816195 7.26899958
53 55 64 79 1 -0.000200265 -5.36439562
52 59 99 104 0 -7.60540424e-05 -2.29198217
90 90 104 106 2 -0.000158900992 -5.91680384
78 78 115 150 2 -0.000705016428 -2.66464734
28 35 51 55 0 -6.31801158e-05 -4.71036005
44 44 59 94 2 -3.91004214e-05 -4.60549784
107 107 189 196 3 -8.23725422e-05 -5.65439129
68 74 106 141 2 -0.000116226976 -3.99407339
73 74 28 39 3 -8.05847376e-05 -5.72571802
169 170 52 59 2 -4.06500913e-05 -5.50783873
18 19 93 101 3 -0.00107951043 -3.71768332
36 37 142 146 2 -4.00541139e-05 -6.11068344
124 132 30 65 3 -0.000110743465 -6.07589149
51 54 69 80 3 -1.7046892e-05 -3.94566536
156 161 34 41 1 -6.61603481e-05 -4.76904726
106 109 52 87 2 -5.90080672e-05 -6.48332357
107 112 127 162 4 -0.000283347064 -3.76383257
45 51 128 159 2 -0.000279416825 -3.54803109
0 0 0 0 3 -0.0551276989 10.3337669
114 120 83 94 3 -0.000627443427 -3.57559252
80 85 30 65 1 -3.65971136e-05 -5.95712042
0 0 0 0 2 -0.0663820952 5.94315434
122 125 69 80 3 -7.56971785e-05 -4.70849895
54 54 89 124 3 -0.000450106396 -3.11895657
124 124 136 140 2 -0.000581341214 -3.54306817
137 139 120 127 1 -0.000122425787 -5.26420498
109 109 205 210 2 -0.000142331934 -6.19067574
60 61 117 132 1 -0.00050207763 -3.18849993
0 0 0 0 4 -0.0538963303 7.95585585
116 127 65 67 0 -0.000141495504 -4.36906481
87 92 109 115 1 -3.58816869e-05 -4.64095879
45 48 59 94 3 -2.9802166e-05 -5.51880932
130 132 149 157 2 -0.000545345712 -4.46141005
161 168 50 85 0 -0.000161882665 -3.21534204
131 133 76 111 2 -8.38032356e-05 -6.52066088
0 0 0 0 3 -0.689351857 9.66418266
126 127 142 173 3 -0.0455393977 -0.0986141041
99 100 85 87 4 -0.000115035247 -5.46466351
51 56 102 125 1 -0.000352009083 -3.18491125
0 0 0 0 2 -0.935121834 7.65105677
0 0 0 0 2 -0.446972698 10.3943672
90 94 110 145 2 -0.0145023372 -6.77069521
133 142 96 119 0 -1.53779383e-05 -7.53234339
40 42 31 33 2 -2.05039432e-05 -5.73374367
0 0 0 0 2 -0.324417353 7.65373039
56 59 119 128 3 -3.80275014e-05 -5.68891668
64 67 42 47 3 -0.00253595877 -2.751647
142 146 52 57 2 -0.000271192403 -7.75251484
120 120 136 143 3 -0.0026915865 -3.71053386
0 0 0 0 3 -0.00955132488 4.88406086
0 0 0 0 4 -0.110434666 8.43564987
34 34 45 51 4 -0.000201097922 -5.18823385
0 0 0 0 1 -0.0389054269 -3.00805044
0 0 0 0 1 -0.991659045 9.7437582
113 122 54 89 0 -2.47954558e-05 -6.34352779
99 100 35 42 2 -2.58683212e-05 -6.85535955
129 131 47 54 2 -6.42532614e-05 -5.03948927
70 76 89 97 1 -2.86100876e-05 -4.65603113
50 56 95 101 0 -3.36168559e-05 -2.85520673
0 0 0 0 2 -0.281464428 8.60854053
45 47 118 126 2 -0.000866905903 -2.59140229
0 0 0 0 2 -0.00273096329 4.75244093
68 68 82 89 2 -0.000674430805 -1.01911747
133 138 40 63 1 -0.000363920117 -4.00478172
104 110 120 131 2 -2.51530164e-05 -9.02568436
71 75 36 40 3 -0.000743029348 -6.22732353
39 43 56 79 0 -0.000133154492 -1.90082562
103 104 35 70 3 -3.27823655e-05 -5.276227
77 81 43 48 2 -6.87831853e-05 -5.3736124
147 147 101 136 3 -7.18825322e-05 -4.50667334
96 101 116 124 4 -0.000171537744 -1.17380166
54 62 75 110 1 -9.21470928e-05 -6.65677023
65 68 41 52 2 -0.000120876379 -3.43341684
65 68 86 121 2 -2.70603778e-05 -6.00258064
63 66 50 52 1 -3.60010126e-05 -3.33435178
95 101 22 27 1 -0.000100491758 -4.23946285
64 65 46 50 2 -0.00026463464 -2.03074455
99 102 23 30 3 -5.24516909e-05 -6.13363934
133 133 96 103 2 -0.000122664336 -6.1212368
49 53 62 68 1 -3.74315059e-05 -4.30099916
128 128 56 91 2 -0.000181312673 -3.58480287
74 74 93 128 3 -0.00020586871 -3.27230334
162 165 66 101 2 -0.000526336429 -5.24971724
47 47 120 155 4 -0.000517208187 -4.42930222
40 40 58 65 3 -5.55509941e-05 -4.60604763
174 178 56 91 3 -2.77756735e-05 -6.00151539
0 0 0 0 2 -0.0041577057 6.86615849
162 168 115 118 2 -5.43591123e-05 -5.46269321
59 61 96 119 2 -0.000185003722 -4.75058985
0 0 0 0 4 -0.244458377 -1.0995065
0 0 0 0 3 -0.209153235 8.02728558
78 87 105 140 0 -2.71796289e-05 -4.68699932
106 109 120 155 3 -6.27036425e-05 -6.03568506
51 57 75 110 3 -0.000128863292 -5.13969326
67 69 53 60 2 -2.14576248e-05 -3.96013284
20 24 29 64 4 -0.00022612937 -5.30070639
129 137 110 117 2 -2.02655228e-05 -5.13601112
74 79 95 130 4 -0.000133272959 -4.38347387
49 50 65 100 3 -2.88485535e-05 -6.14748478
41 41 51 58 4 -0.000238053486 -4.06822586
0 0 0 0 2 -0.194479212 9.93999386
142 144 119 125 2 -4.45839541e-05 -4.43862009
85 89 99 105 2 -1.32322111e-05 -5.39363241
134 136 161 172 2 -0.000118849843 -4.9611063
72 74 93 128 2 -4.29150023e-05 -5.03095531
79 81 33 68 2 -5.01868017e-05 -7.1333499
69 77 23 58 1 -3.88620356e-05 -4.77402925
83 85 30 61 1 -0.000110266759 -4.89565706
115 116 139 170 3 -0.000424121012 -3.38034534
115 121 46 49 0 -5.13788473e-05 -2.85276794
141 146 72 79 3 -5.73392463e-05 -6.77461195
105 108 62 67 2 -0.000138757256 -2.94775319
79 90 36 41 0 -2.78948355e-05 -1.37435782
47 47 57 92 3 -6.05577225e-05 -5.02191067
102 104 57 92 4 -0.000361067854 -3.61321092
115 119 56 71 3 -4.2319105e-05 -4.97036505
55 58 68 75 3 -7.72467683e-05 -6.59028721
65 69 41 47 4 -0.000113126618 -4.19697809
83 84 114 121 3 -9.63197963e-05 -6.0744319
84 86 40 75 4 -0.0014087595 -1.75061345
101 105 117 124 4 -0.000118849843 -4.34130621
122 126 160 162 1 -0.000218382454 -6.48289633
0 0 0 0 2 -0.00682009524 7.57963514
0 0 0 0 3 -0.186687961 8.55194283
109 111 47 56 2 -0.0001171806 -7.09049845
45 49 83 90 1 -5.2332558e-05 -4.37772083
69 73 107 113 3 -2.34841682e-05 -5.8920145
126 127 52 54 2 -5.0782859e-05 -4.43112803
87 94 106 141 0 -0.000109787208 -4.36432219
90 90 102 109 3 -0.00243285694 -3.2244575
0 0 0 0 1 -0.246374965 8.55727005
104 106 69 71 3 -3.7908394e-05 -5.66972733
76 80 48 55 4 -0.000105975698 -3.75092006
0 0 0 0 2 -1.05322659 7.43411636
24 31 35 50 2 -0.000138875374 -6.72040272
0 0 0 0 2 -0.00434784684 7.18663025
61 62 82 117 3 -5.36436273e-05 -5.85087061
131 134 168 203 4 -0.000323397573 -2.79664493
28 28 57 65 3 -5.20940375e-05 -4.63075209
62 67 79 114 1 -4.89946287e-05 -6.5458889
145 146 159 194 3 -6.19882048e-05 -5.49226046
0 0 0 0 2 -0.0470883287 9.05182266
46 51 92 127 3 -7.00945093e-05 -5.17867899
137 145 120 126 0 -2.69411903e-05 -3.45867968
0 0 0 0 2 -0.447489142 9.03540802
176 182 43 78 3 -0.000678354176 -4.71732044
0 0 0 0 2 -0.0882970467 6.83677721
0 0 0 0 2 -0.00194634206 6.18212986
39 45 54 65 1 -5.86502792e-05 -5.21696854
146 146 0 0 2 -1.69894218 3.48207831
0 0 0 0 2 -0.436535954 7.38737822
48 52 162 197 4 -0.0001039489 -3.06866455
104 108 122 133 1 -3.91003996e-05 -3.94142246
39 44 60 64 2 -3.37360834e-05 -4.64604425
136 139 51 86 3 -2.18152254e-05 -6.27027321
69 73 165 172 0 -0.000192275504 -0.653372645
112 116 171 175 3 -0.000801103248 -5.33642197
97 97 106 137 2 -0.00065547321 -3.85996723
100 104 113 122 3 -0.000371558155 -4.20733643
75 80 145 180 4 -0.000520788657 -3.9247067
81 82 111 114 3 -0.00019800193 -4.54862452
51 51 70 105 3 -3.02790577e-05 -5.5260849
35 35 55 58 2 -0.00028704491 -2.75143957
63 72 80 91 0 -6.65176558e-05 -3.80828428
124 128 107 118 2 -7.18824958e-05 -5.04521847
59 59 106 109 3 -0.000573703961 -4.45691204
0 0 0 0 3 -0.517434895 8.58276653
38 39 49 84 3 -5.61469096e-05 -5.38554382
0 0 0 0 4 -0.0274421815 7.72551012
24 25 38 61 2 -7.02136967e-05 -4.54162359
132 134 82 90 1 -7.18822412e-05 -6.48400307
73 73 50 61 3 -8.76178674e-05 -5.10506916
135 138 102 105 1 -8.73790777e-05 -6.97692204
100 103 74 81 2 -1.76429421e-05 -5.3787775
168 168 111 122 3 -6.10346979e-05 -5.76447153
66 67 27 34 1 -0.286245584 1.42643964
52 52 181 186 3 -0.000485623808 -5.87969494
0 0 0 0 2 -0.114558399 9.48636818
62 65 78 113 3 -0.000169154344 -4.98042631
55 56 75 90 2 -2.92061668e-05 -5.86053514
54 61 35 43 0 -0.00023995954 -0.987648964
131 134 108 110 1 -3.68354958e-05 -5.74824762
0 0 0 0 1 -0.0684277415 8.86032104
121 126 75 77 3 -0.000123141246 -4.15886116
145 150 19 54 3 -4.05309584e-05 -6.26964426
0 0 0 0 3 -0.00566859264 5.98536205
69 69 41 52 2 -0.000237338594 -2.92892718
0 0 0 0 3 -0.128381401 8.28074265
96 100 48 71 1 -0.000318393722 -2.45057011
65 68 49 51 2 -6.25843386e-05 -3.65293241
115 116 150 153 2 -6.30608047e-05 -4.1872077
44 51 107 142 0 -3.52858005e-05 -2.76259065
109 109 55 61 2 -6.58030185e-05 -3.91645718
222 223 163 198 2 -9.45312277e-05 -6.86246204
123 126 75 98 4 -0.00155687588 -3.92837501
0 0 0 0 0 -0.677881122 11.3745108
60 67 80 85 2 -9.3935676e-05 -7.38648272
116 119 30 65 3 -0.000109551394 -5.29638863
36 36 65 100 3 -0.000298130995 -4.01240301
0 0 0 0 3 -0.710568786 8.74543762
95 95 78 83 2 -3.63585932e-05 -5.64631796
0 0 0 0 2 -0.0216818638 7.33047867
152 158 44 67 1 -0.000337463163 -3.91671968
48 49 61 69 2 -6.71140879e-05 -4.86866236
22 29 36 71 2 -0.000441135897 -9.18796349
81 85 93 97 2 -8.59489955e-05 -3.98300004
0 0 0 0 3 -0.405472517 8.90463829
95 99 43 78 2 -0.000536641397 -3.83705068
125 126 52 87 4 -0.000146028426 -1.14144945
0 0 0 0 2 -0.00248076813 6.23096418
107 109 147 152 2 -0.000159736737 -4.9822526
0 0 0 0 3 -0.00970349833 7.20221996
90 91 52 55 3 -9.65579966e-05 -4.00825882
151 155 36 59 3 -0.000367140892 -4.42667723
138 142 79 83 1 -0.000169867883 -4.81557417
136 143 93 101 1 -3.94579583e-05 -4.85632324
77 83 38 45 1 -5.35244762e-05 -3.50887537
44 48 60 95 3 -2.19344511e-05 -6.91970348
0 0 0 0 2 -0.00140598649 5.28441811
58 61 106 141 3 -7.23593112e-05 -6.04263449
35 39 44 59 3 -0.000280957611 -4.3816247
0 0 0 0 2 -0.782592833 10.0574913
74 79 95 98 3 -1.6570053e-05 -5.87354898
69 74 47 58 2 -2.20536585e-05 -6.05836153
45 49 92 127 3 -0.000491213053 -4.37500048
0 0 0 0 2 -0.0193133596 7.07375669
94 98 181 188 3 -0.000312076736 -5.94751072
80 83 23 58 3 -4.86370554e-05 -5.83691931
18 20 40 47 1 -9.96573654e-05 -4.60602093
0 0 0 0 2 -0.00136303296 5.09993029
114 117 46 52 3 -7.58162278e-05 -5.41786098
0 0 0 0 2 -0.0509059243 7.04912806
53 53 107 115 3 -5.00674723e-05 -5.03310776
39 43 54 63 0 -1.89542225e-05 -2.23337245
55 61 72 79 2 -1.71661013e-05 -5.60076952
37 43 47 59 0 -0.000210989019 -4.49391699
40 44 27 31 3 -0.00085328758 -4.32016659
193 197 152 157 1 -9.82273414e-05 -3.37903786
0 0 0 0 2 -0.411134183 8.27017879
41 45 59 74 3 -3.02790577e-05 -5.6942625
45 48 125 136 1 -6.71143061e-05 -3.94796467
97 100 49 84 2 -0.000325639761 -8.56170845
103 109 136 142 1 -0.000154610505 -3.73628092
56 64 76 83 0 -2.06231471e-05 -3.35512996
59 62 75 79 2 -0.0270032026 1.41384065
0 0 0 0 3 -0.0276373755 5.14028549
113 117 90 96 3 -8.46375551e-05 -5.32404089
57 58 68 79 2 -7.93923027e-05 -3.35227346
85 89 102 108 3 -0.000121591038 -6.51034164
68 72 202 233 2 -0.00162561249 -3.89852333
157 165 56 91 1 -0.000162358367 -2.91253042
47 50 71 76 0 -8.05843738e-05 -1.73131084
183 186 98 103 0 -2.70604305e-05 -3.77777362
45 48 69 80 1 -0.000231368482 -1.02781951
166 168 46 53 3 -0.000242700335 -5.26945162
0 0 0 0 2 -0.0169615913 7.0303421
52 57 69 72 1 -5.32860759e-05 -5.9475956
0 0 0 0 4 -0.694879353 9.28028965
0 0 0 0 2 -0.00203118823 5.34519291
132 137 110 118 1 -2.63451548e-05 -3.72563338
155 155 170 205 2 -0.000245443836 -6.13278055
137 140 181 216 2 -0.010172464 -6.53048277
0 0 0 0 2 -0.540460944 9.14465523
68 76 105 140 1 -8.79754298e-05 -4.53384161
144 150 103 105 0 -0.000123020509 -3.70718288
0 0 0 0 2 -0.00705732964 7.55090427
106 113 33 42 2 -6.02001965e-05 -4.59319305
106 107 45 53 1 -4.98291411e-05 -5.43783236
0 60 66 73 1 -1.36698174 4.36203337
0 0 0 0 3 -0.0344584882 4.950665
0 0 0 0 2 -0.090054214 8.09135723
52 59 0 78 0 -1.3805263 7.70094204
0 0 0 0 2 -0.458332598 9.05729961
44 47 78 113 3 -5.05444477e-05 -5.01145411
133 134 151 186 2 -9.41737453e-05 -5.69782782
41 48 65 69 1 -7.521933e-05 -5.97797251
141 147 34 69 2 -2.05039487e-05 -8.41143036
106 110 125 160 4 -0.000487057114 -4.00718546
0 0 0 0 2 -0.210094675 7.12845755
110 113 141 146 1 -0.000185127923 -4.86533499
143 149 77 81 1 -0.0033643248 -4.54287815
101 106 44 50 1 -0.000558576314 -1.45420897
113 118 63 69 3 -3.95773168e-05 -6.37584543
17 23 28 35 1 -2.80140921e-05 -3.83047986
0 0 0 0 2 -0.0366883166 9.28974724
109 109 57 62 2 -3.98155098e-05 -7.4104538
50 51 88 92 2 -2.28881072e-05 -5.84421396
46 52 96 104 2 -2.78948646e-05 -5.61613607
117 121 56 67 0 -4.13653979e-05 -2.35310602
73 75 48 52 1 -9.28627342e-05 -6.04739141
59 61 128 133 2 -4.94714259e-05 -7.0245409
204 206 61 70 2 -0.000474588975 -7.05004692
86 90 101 136 4 -0.000102518796 -2.98313975
95 97 114 120 2 -0.000271544908 -2.74801874
34 36 73 108 2 -2.75372677e-05 -5.82143021
103 108 22 23 1 -7.74852451e-05 -4.74623108
97 98 19 22 3 -0.000107286782 -4.5077095
0 0 0 0 1 -0.241504252 7.60840702
49 53 90 125 1 -0.000119801902 -4.36041403
0 0 0 0 2 -0.00108301919 5.68530369
52 58 186 194 3 -0.000107644337 -6.61566639
130 138 148 150 0 -2.56299118e-05 -5.21938562
109 114 132 141 3 -0.000134107337 -5.73918152
0 0 0 0 4 -0.446817487 7.33846426
118 120 61 63 2 -1.94310633e-05 -4.90218878
26 26 76 85 2 -0.000334244163 -8.07537651
134 137 36 71 3 -6.25841567e-05 -5.1494379
62 65 117 119 0 -0.000110624205 -0.531749427
107 109 91 95 2 -0.000178094371 -2.70071244
22 30 38 73 2 -0.00151614926 -4.54296398
94 97 113 119 4 -5.73393263e-05 -4.57729721
117 122 64 99 2 -6.07966831e-06 -7.66520882
0 0 0 0 2 -0.00412810175 8.08295822
0 0 0 0 3 -0.00425886177 5.20437717
45 45 96 102 3 -0.000246874319 -5.71819115
69 74 103 138 1 -0.000364995562 -2.97064471
116 118 132 139 2 -2.93253488e-05 -7.98038101
75 79 172 195 4 -0.00194806431 -3.9002564
106 110 127 162 4 -6.38956481e-05 -3.66367459
130 134 104 106 2 -3.95771203e-05 -5.72425556
0 0 0 0 3 -0.229595244 9.9515276
92 96 115 119 3 -0.000241511589 -4.46902227
0 0 0 0 2 -0.153234065 8.25205708
114 118 38 73 4 -0.00175912248 -1.06037784
0 0 0 0 1 -0.000578104169 5.11004066
118 124 67 70 0 -2.2649705e-05 -2.77561045
34 35 47 70 2 -9.88230458e-05 -3.95086551
79 82 113 120 2 -4.54184592e-05 -4.22652149
62 68 107 118 1 -8.48754717e-05 -4.62554359
30 40 148 154 1 -9.4293282e-05 -3.45238876
74 74 179 186 3 -0.000229707803 -6.05146551
128 130 148 183 2 -2.08615729e-05 -6.66917944
162 166 41 64 2 -5.12595761e-05 -5.68012381
43 50 88 94 0 -6.03186563e-05 -3.86443305
135 139 92 96 1 -0.000843416899 -2.5119946
121 123 73 82 2 -0.000193112355 -4.91227674
0 0 0 0 2 -0.00497782649 5.69555759
74 77 37 40 1 -9.13132462e-05 -5.36493874
0 0 0 0 3 -0.365164101 9.34048557
103 104 115 120 2 -2.39610017e-05 -6.87096596
0 0 0 0 1 -0.014434807 7.39284754
44 47 108 143 3 -5.05444114e-05 -5.59863472
124 126 71 86 3 -0.000311362353 -4.84370899
125 130 51 57 3 -9.89412947e-05 -4.79778051
138 142 44 55 3 -0.000142691017 -5.64492369
0 0 0 0 1 -0.20694904 8.62528419
86 89 99 134 2 -1.56163733e-05 -5.85063982
34 38 44 79 1 -0.00380939106 -2.83454084
0 0 0 0 2 -0.220952779 7.10301304
77 80 92 107 2 -6.00810017e-05 -3.12032056
0 0 0 0 2 -0.484428704 8.4566946
41 41 116 124 4 -0.000317914062 -3.80924392
84 88 105 112 1 -0.000110981542 -4.24734545
147 147 79 85 2 -3.93387891e-05 -6.16193342
0 0 0 0 3 -0.00183496135 5.47032833
49 51 61 69 2 -9.41740582e-05 -4.78359318
32 34 87 122 1 -0.000403859827 -2.90340734
176 180 118 123 4 -0.000145432452 -4.55809975
82 82 60 64 2 -9.00019586e-05 -4.05860424
52 56 123 130 2 -3.75507698e-05 -6.36559057
90 91 28 36 2 -0.000124928498 -3.14312363
0 0 0 0 2 -0.318294972 11.3950481
40 45 57 92 1 -0.000216238346 -2.75962615
0 0 0 0 4 -0.400345504 7.6572113
0 0 0 0 2 -0.00200748281 6.50725412
127 127 102 113 2 -0.00188065856 -3.81992102
25 30 120 127 4 -0.000702065416 -4.79842377
61 68 112 147 0 -0.000240910798 -4.70808363
68 73 159 165 0 -0.000291927543 -2.39360452
159 163 87 92 3 -0.000127313542 -4.85352468
131 135 162 177 0 -9.56040021e-05 -3.32862306
62 65 52 56 1 -0.000133869733 -4.16165972
138 144 115 119 2 -0.00082316983 -2.58972573
0 0 0 0 3 -0.458522141 10.0685091
0 0 0 0 2 -0.326995969 8.21623135
57 61 101 112 4 -0.000130174391 -4.19682455
155 159 105 108 0 -4.25574071e-05 -4.37649155
0 0 0 0 2 -0.274552494 7.68730068
73 74 51 58 3 -0.000208848491 -6.29287386
0 0 0 0 1 -0.3258394 8.54685593
115 115 65 96 3 -0.0336634815 -2.50258708
73 73 42 57 3 -0.000237215063 -3.90313458
183 187 98 103 1 -6.46107947e-05 -4.69411087
112 115 135 141 3 -9.36971846e-05 -3.27785015
110 116 93 99 3 -6.89022709e-05 -5.67626667
119 120 65 67 2 -0.000964617881 -1.62539351
93 97 79 82 1 -6.52067247e-05 -5.19899321
125 130 142 177 3 -0.000211352744 -5.66685581
0 0 0 0 2 -0.00506705046 7.48047018
47 51 84 119 2 -0.000177613867 -4.38101625
144 147 67 98 2 -0.000411485438 -3.91170216
0 0 0 0 2 -0.360224754 8.91397285
0 0 0 0 2 -0.0619738474 8.11479855
124 125 52 87 2 -2.0980784e-05 -6.37615299
140 147 64 71 1 -6.03195222e-05 -3.68964577
48 49 63 71 2 -2.84909311e-05 -5.67992783
0 0 0 0 2 -0.0107031045 7.83015347
127 129 177 212 2 -0.00015425196 -4.83281088
92 96 129 132 2 -4.61337295e-05 -5.62994289
0 0 0 0 2 -0.0364507958 7.95279264
37 41 83 87 2 -2.76564606e-05 -5.42189741
40 41 71 106 2 -0.000210636441 -2.16206837
121 123 57 63 2 -1.49011321e-05 -5.5405674
22 26 39 74 4 -0.000818863162 -4.21887207
45 48 65 72 0 -5.44781651e-05 -0.818683684
90 91 55 61 2 -1.9788693e-05 -5.20319128
72 73 88 111 3 -2.06231598e-05 -6.5712986
96 102 120 151 1 -0.000470127503 -2.18998122
0 0 0 0 2 -0.109095812 8.42664146
115 118 132 137 1 -9.20279344e-05 -6.58129358
51 54 92 98 4 -8.07037577e-05 -4.7096591
103 103 32 47 2 -0.00279055303 -2.44482446
0 0 0 0 2 -0.192094371 8.15433502
46 54 81 96 1 -6.31801231e-05 -4.83358383
0 0 0 0 2 -0.0115488749 6.4162569
55 56 34 40 3 -0.000352964998 -3.99624205
105 110 47 51 2 -6.75910196e-05 -4.52693558
97 103 122 157 0 -1.4901133e-05 -4.46845388
0 0 0 0 2 -0.212924719 9.82399559
100 100 116 120 2 -0.00111706206 -3.92733765
134 137 94 100 2 -2.37225631e-05 -3.85889935
117 117 135 143 3 -5.75775812e-05 -4.97603655
62 63 182 217 3 -0.000194780965 -5.04417229
106 110 125 130 3 -0.000102399412 -4.10392141
81 87 30 65 2 -2.64643168e-05 -7.08992243
135 135 167 202 3 -6.30612485e-05 -6.79117203
54 54 68 73 3 -0.000214449421 -4.32883024
0 0 0 0 2 -0.209662646 7.55282068
66 68 94 129 2 -5.09020829e-05 -7.6242075
39 43 53 60 3 -0.00321196741 -5.07840729
138 142 57 68 2 -0.000199311151 -4.79382038
48 54 68 76 2 -4.68489525e-05 -5.67012262
106 111 180 182 1 -5.59085602e-05 -4.82818747
108 108 58 93 4 -0.00063152326 -2.65466022
0 0 0 0 3 -0.617189586 6.66914892
45 50 63 70 4 -0.000113843358 -4.12567711
111 112 44 79 3 -0.000395391689 -4.00148916
101 103 134 141 3 -5.78158288e-05 -5.75352097
12 16 21 52 0 -0.0897082537 2.09738779
46 53 58 66 1 -0.000928787165 -3.89336658
131 132 58 66 2 -0.000127194013 -2.73037148
49 53 70 93 1 -0.000120995326 -3.57022882
55 61 69 84 0 -5.93655022e-05 -3.64909053
0 0 0 0 1 -0.0851637796 8.75227737
49 56 34 38 0 -0.00023494511 -1.79461288
50 56 118 153 1 -0.000201575618 -4.18532801
115 120 134 140 3 -8.14190644e-05 -6.47060204
131 133 97 101 3 -0.000182861404 -6.23400021
65 69 75 110 4 -5.48358621e-05 -4.64444113
145 149 51 86 1 -9.7988428e-05 -6.96495676
76 76 91 126 3 -5.90081436e-05 -5.22864008
118 122 136 144 1 -8.11806822e-05 -5.27163506
100 100 110 114 3 -8.16575412e-05 -5.68087196
0 0 0 0 1 -0.0481545478 8.22548294
111 117 45 60 0 -4.06500149e-05 -4.06308937
102 102 59 82 2 -3.88620392e-05 -4.66191387
54 60 77 85 1 -2.71796089e-05 -5.77697372
111 111 50 73 3 -0.000786936842 -4.71474171
51 52 66 75 4 -0.000166651094 -3.64347315
60 62 134 169 2 -0.000516227214 -6.79777336
116 116 51 60 3 -9.85846127e-05 -4.67380524
0 0 0 0 1 -0.104167238 7.39923382
165 171 130 145 2 -2.6702799e-05 -7.15669203
111 120 40 55 0 -7.021294e-05 -2.92537642
147 147 100 135 3 -0.000274050457 -4.6288414
37 39 53 64 2 -0.000142571749 -5.49358654
52 57 66 73 0 -3.02790177e-05 -2.57676411
0 0 0 0 2 -0.00615460752 6.08205557
0 0 79 118 2 -1.94877052 2.53393364
69 79 118 120 1 -0.000312194024 -4.39464951
0 0 0 0 3 -0.0168147217 7.41949511
100 104 120 155 4 -7.8319812e-05 -4.53655386
49 52 34 42 0 -3.49281763e-05 -2.59688544
0 0 0 0 3 -0.0185835119 6.91846991
0 0 0 0 2 -0.590449274 7.53371191
112 115 137 168 1 -0.000522186107 -4.13494349
34 34 42 73 3 -0.000552138779 -4.85982275
115 115 89 93 3 -3.30208059e-05 -5.3991127
0 0 0 0 4 -0.0325247534 7.60453176
165 170 112 147 0 -0.000514804677 -3.25649452
0 0 0 0 3 -0.686394215 8.3651638
0 0 0 0 2 -0.191782042 9.20871639
40 45 80 86 1 -6.8902249e-05 -5.91423988
49 56 118 141 2 -0.000170465501 -4.13359785
125 129 55 59 4 -0.000407194544 -3.71710587
90 97 67 78 4 -0.000177496404 -4.6138835
42 46 75 81 2 -5.9127342e-05 -3.84613276
46 50 22 27 3 -6.42531668e-05 -4.9598217
72 77 40 51 1 -0.0001239759 -3.62403917
0 0 0 0 2 -0.553982258 9.29438972
145 152 23 58 1 -7.4266718e-05 -4.47681379
0 0 0 0 3 -0.104199968 7.47905779
218 224 163 198 2 -8.67834387e-05 -6.00255775
37 38 52 56 2 -8.66639602e-05 -3.78919601
86 91 47 52 2 -0.000325189758 -2.57423472
181 181 158 169 2 -9.58428063e-05 -5.33895063
122 123 91 102 2 -0.000150319145 -4.3715744
91 96 102 105 3 -8.94060067e-05 -4.78256321
56 61 41 43 1 -3.55242009e-05 -3.50954175
89 93 122 130 0 -2.92061268e-05 -3.11209893
95 103 115 122 0 -5.94849735e-05 -2.04340529
60 64 39 43 3 -6.35381002e-05 -5.99205494
103 107 48 83 2 -6.11536962e-05 -4.66314936
141 146 50 56 2 -3.75507479e-05 -5.0286603
0 0 0 0 0 -0.077937007 10.5096102
62 67 94 103 2 -5.8650483e-05 -4.49632788
0 0 0 0 3 -0.742574334 8.26011467
106 111 65 96 0 -3.69546942e-05 -5.52582788
67 67 40 45 3 -2.93253615e-05 -5.28788853
152 155 97 132 2 -9.28627342e-05 -6.57643461
113 116 62 71 3 -3.46897541e-05 -5.92827511
43 47 59 64 2 -0.00018309943 -4.20932007
0 0 0 0 2 -0.0632178485 10.1379213
58 58 107 122 3 -0.000182147312 -4.81772757
112 115 101 106 4 -9.40549144e-05 -3.74956989
171 177 195 200 2 -0.00206584437 -2.47370458
0 0 0 0 2 -0.282819569 10.4449348
63 66 77 112 2 -1.35898363e-05 -5.85455942
115 115 40 45 2 -7.53393251e-05 -4.87678051
146 150 102 110 2 -0.0238918755 -0.234799951
53 53 73 108 3 -0.000227443234 -3.30055761
0 0 0 0 2 -0.0168358348 7.50046396
0 0 0 0 4 -0.0378159881 8.01658344
112 116 59 94 1 -3.34976321e-05 -6.3564024
68 68 78 113 3 -5.81737368e-05 -5.01387882
63 67 103 108 2 -4.42263663e-05 -6.1992588
85 88 103 138 2 -0.000356300647 -4.24553299
207 211 173 188 2 -0.00498150568 -6.40683746
114 114 136 143 4 -0.000235789106 -3.65392184
0 0 0 0 2 -0.490969539 8.10438919
117 121 134 141 3 -9.78694734e-05 -4.45687008
126 129 193 198 0 -0.000165337304 -5.26003361
52 55 73 77 4 -7.73658685e-05 -2.65620685
17 25 29 31 0 -0.000286793598 -4.61211395
52 59 146 153 3 -0.000112412832 -5.35365105
43 50 58 65 1 -0.000204438809 -3.88870955
200 204 56 63 4 -0.000396232586 -3.60537076
0 0 0 0 1 -0.0548435077 8.82582569
96 96 104 119 2 -8.70215736e-05 -6.4592948
101 102 56 91 2 -0.000200146867 -2.91380262
0 0 0 0 2 -0.00153863966 2.72486067
0 0 0 0 2 -0.466322184 9.7513876
0 0 0 0 3 -0.00992788002 5.45059347
111 115 92 96 4 -5.8054502e-05 -2.89996552
0 0 0 0 1 -0.00378421764 5.11115217
78 82 97 103 3 -0.000834849896 -3.66296744
46 50 53 64 3 -0.000112054651 -7.05001497
141 141 43 58 2 -0.000182982069 -4.20243359
64 68 30 37 2 -8.58306066e-06 -5.58954191
106 108 45 76 3 -9.83461578e-05 -5.71813297
151 156 98 133 0 -3.75507479e-05 -5.65251255
0 0 0 0 4 -0.000348767731 2.779526
0 0 0 0 2 -0.347171873 8.39131927
47 56 69 73 0 -0.000193827174 -2.29542112
0 0 0 0 2 -0.00534090307 7.44272804
0 0 0 0 2 -0.334148675 9.75933361
100 106 76 82 0 -0.000259507477 -1.10742414
116 119 36 44 2 -0.000401832949 -4.29800463
52 59 166 171 3 -0.00292691332 -2.94220948
0 0 0 0 2 -0.27862078 8.49956608
0 0 0 0 0 -0.172277957 7.89585114
0 0 0 0 2 -0.524504066 8.75539494
125 128 143 148 2 -0.00256947032 -2.71572137
28 32 38 49 3 -0.000704191858 -8.75550365
0 0 0 0 1 -0.354202211 10.5503187
39 41 78 101 2 -0.000308617833 -5.22353172
26 27 37 43 2 -5.0663617e-05 -2.78860593
0 0 0 0 2 -0.0316181034 8.69063854
174 174 115 150 3 -0.000156994749 -6.0929122
114 118 59 94 2 -8.02270661e-05 -3.38909936
96 97 105 128 2 -0.000157948598 -6.39061785
0 0 0 0 2 -0.00923525263 7.02586412
64 68 102 133 1 -0.000226608288 -3.40769219
0 0 0 0 3 -0.0389865898 6.32526636
216 218 162 173 2 -0.00047466153 -4.7780447
56 60 91 98 3 -0.000250211189 -4.26876402
112 117 133 144 2 -2.31265385e-05 -4.33830261
48 54 65 100 3 -1.91926556e-05 -6.09245825
102 103 110 117 3 -2.21728587e-05 -5.50876951
58 66 166 170 2 -0.000151511078 -4.38333416
53 53 66 73 3 -5.75775193e-05 -5.4363203
116 119 84 107 2 -3.50473892e-05 -6.04834938
87 87 93 128 3 -3.70738417e-05 -5.95606661
39 47 55 62 1 -0.000179279246 -4.19173145
0 0 0 0 3 -0.520811498 7.42781925
42 46 52 83 1 -9.59622848e-05 -3.2612462
92 93 106 113 2 -0.000477873662 -3.60829258
90 92 147 152 2 -7.23590711e-05 -4.52923584
52 54 121 126 2 -4.7325746e-05 -4.85860014
87 91 75 81 2 -2.49146651e-05 -3.810179
35 35 88 123 2 -0.000194065695 -4.40680552
0 0 0 0 2 -0.677020788 8.87174797
89 93 109 124 4 -0.000198359689 -2.91027164
150 156 55 78 1 -0.000367741886 -2.15242195
80 86 117 128 3 -6.06767826e-05 -7.57499123
0 0 0 0 0 -0.0695405304 10.3011246
49 53 32 37 2 -0.0160057247 -3.05046439
47 50 105 114 2 -0.000514234474 -2.0054915
126 130 100 107 2 -2.03847394e-05 -5.35134888
10 13 17 20 2 -0.0828311518 -6.83041048
98 98 109 114 3 -5.20940703e-05 -5.44355059
111 113 52 87 3 -3.11134791e-05 -6.45399427
119 130 145 160 0 -9.69152461e-05 -6.16469574
41 47 68 83 2 -2.28881108e-05 -5.38916016
100 104 202 209 3 -0.00575464405 -3.97465944
0 0 0 0 4 -0.0287234336 7.78584766
99 107 53 61 3 -5.8650603e-05 -6.07128191
211 219 170 175 1 -0.000675968011 -3.82544303
0 0 0 0 3 -0.191015288 5.42554379
17 17 81 116 2 -0.000136492235 -5.02041578
90 94 44 75 1 -0.00482672825 -0.572808266
143 150 46 50 0 -2.56298426e-05 -2.41508651
50 50 175 210 4 -0.0088215284 -3.66239452
22 25 32 67 0 -9.51275288e-05 -6.58298874
91 95 41 52 1 -2.41994148e-05 -3.52532601
0 0 0 0 1 -0.848205864 8.95206928
48 52 65 88 2 -1.82389867e-05 -6.75440598
118 125 61 96 2 -1.35898408e-05 -8.84919834
0 0 0 0 2 -0.0146724256 7.18378735
157 157 35 38 3 -0.000234834108 -5.22971201
84 88 119 154 3 -0.000113246744 -5.35578108
0 0 0 0 3 -0.00853268988 3.83375573
62 67 86 93 3 -7.39088864e-05 -4.69304562
0 0 0 0 3 -0.00482576201 5.65821886
158 162 67 102 0 -2.5868314e-05 -4.51935625
56 57 186 221 2 -3.62394785e-05 -6.88244677
110 113 122 145 2 -0.00106984272 -4.35441113
0 0 0 0 2 -0.29545182 9.30597401
88 92 101 136 2 -7.41473559e-05 -2.88463593
96 96 49 84 2 -0.381872565 -1.81221402
103 111 121 125 1 -2.12192026e-05 -5.02771091
40 44 53 88 2 -6.13921802e-05 -6.49717855
128 128 47 52 3 -0.000192756124 -4.44419527
36 40 96 111 3 -2.33649607e-05 -6.10336208
115 117 96 103 2 -1.52587463e-05 -6.25296402
204 207 102 108 2 -0.000771142717 -6.10512781
82 82 93 102 3 -4.94715787e-05 -5.70915937
71 78 97 101 0 -7.62930795e-05 -1.86988735
0 0 0 0 3 -0.411144435 8.3619194
0 0 0 0 2 -0.22556448 7.81782103
56 58 94 99 1 -8.1418817e-05 -3.43751478
96 100 49 84 3 -0.00250986032 -4.42128658
0 0 0 0 2 -0.0153536228 9.13628101
35 39 75 110 3 -6.2822699e-05 -5.18550825
0 0 0 0 1 -0.0189791378 8.60487938
120 124 101 105 2 -0.000142213161 -3.58138084
88 94 107 118 1 -0.000153300047 -2.83444452
215 218 161 196 2 -0.000158664203 -5.02657557
133 133 88 123 2 -7.39090319e-05 -6.43312979
122 128 72 107 1 -4.78026705e-05 -6.26945305
39 39 44 50 4 -0.165679246 -3.50365543
0 0 0 0 1 -0.204549596 8.39446354
46 50 24 29 1 -9.39351012e-05 -3.98969579
52 53 139 174 2 -1.06096122e-05 -7.47389936
190 191 141 176 2 -0.000155922331 -4.69988728
115 120 132 136 1 -9.85845763e-05 -5.34518433
71 74 52 59 1 -4.7206624e-05 -4.6700182
0 0 0 0 1 -0.136526093 8.20524502
64 64 48 51 3 -5.40013571e-05 -6.41209269
40 47 60 63 0 -3.44512518e-05 -3.0168581
60 63 15 50 4 -0.00242422149 -1.84980667
0 0 0 0 2 -0.344934404 9.46325111
111 113 45 80 2 -4.9590697e-05 -4.51802778
58 59 43 47 2 -6.73524992e-05 -3.56273985
140 144 155 157 3 -0.0180266425 -0.477265686
53 59 78 93 1 -5.97232865e-05 -5.82938194
51 56 90 125 1 -7.11670582e-05 -4.36140251
56 62 124 127 0 -2.45570318e-05 -4.37662888
71 71 51 58 2 -0.000118133372 -7.02361441
93 97 107 111 3 -5.61472043e-05 -6.33042574
102 102 49 56 2 -0.00122014387 -3.32806301
126 131 77 112 3 -0.000177736627 -5.12256193
130 136 90 97 0 -2.34841627e-05 -3.09766197
61 63 135 140 2 -4.06500913e-05 -4.5873518
69 73 87 98 3 -5.09020938e-05 -6.19877672
0 0 0 0 4 -0.33416754 8.93842888
117 122 63 98 4 -0.000123260252 -3.14438295
92 97 108 115 0 -9.29831003e-06 -4.43941355
0 0 0 0 2 -0.00135734433 4.90498638
37 41 91 99 3 -9.75118746e-05 -3.9065609
130 135 108 115 0 -1.40666716e-05 -2.96480775
56 56 143 150 3 -0.000206225857 -4.44952965
0 0 0 57 2 -1.2913419 5.2926712
99 100 134 169 2 -0.00048560428 -6.31621552
141 142 84 107 2 -3.99348937e-05 -5.97139549
121 123 34 69 4 -0.00020753745 -2.74973202
41 41 56 63 2 -2.84909293e-05 -4.98625946
44 50 147 151 2 -0.000174160799 -1.7418313
133 141 169 175 2 -0.000216235683 -5.11020851
0 0 0 0 2 -0.00178971188 4.88233328
132 136 83 118 3 -0.000180002069 -6.56696844
78 82 123 130 1 -0.00947574526 -1.83526838
105 105 113 124 2 -0.000220410584 -4.60073948
0 0 0 0 2 -0.305581182 8.08321762
0 0 0 0 2 -0.00308837299 6.58918619
195 196 147 154 4 -0.00131871342 -3.92635584
48 48 127 132 3 -0.000184887016 -5.33323956
0 0 0 0 2 -0.0582184903 8.45755482
0 0 0 0 0 -0.0244320296 9.93904114
0 0 0 0 2 -0.00250855763 5.743433
0 0 0 0 3 -0.0439023077 7.20119381
101 101 114 145 3 -0.000367026747 -4.80007362
53 53 65 73 3 -0.000644867308 -3.98852825
0 0 0 0 3 -0.773246944 8.39567852
0 0 0 0 2 -0.909433246 10.6412382
41 41 78 113 4 -0.000888685579 -4.14900208
60 67 79 85 2 -3.65970882e-05 -4.90108013
7 20 25 28 4 -0.365321219 -4.52953672
40 43 57 64 3 -9.07168869e-05 -4.29303122
140 143 109 115 3 -0.000226726246 -5.22369432
120 123 106 110 2 -7.12863839e-05 -4.68530703
91 94 107 111 3 -0.000188224047 -4.3213501
0 0 0 0 1 -0.172751412 8.85083103
189 196 137 172 0 -0.000125167484 -3.51941609
33 34 51 55 2 -0.000126356812 -10.4413671
98 102 19 54 2 -3.52857787e-05 -4.03344822
0 0 0 0 1 -0.0061934758 7.56266975
53 55 114 116 2 -0.000151868851 -3.70043659
0 0 0 0 3 -0.0603187345 9.33097267
185 187 76 107 1 -0.0002089677 -2.83823299
85 90 173 180 0 -5.13785999e-05 -2.20338511
152 155 53 88 2 -0.000125762032 -5.33813953
36 40 112 119 3 -0.000140783741 -4.23949909
110 113 126 129 3 -0.000113485308 -4.50239277
159 164 100 135 4 -0.000582651526 -4.43354225
164 169 69 104 1 -4.0530962e-05 -4.42750406
108 110 124 131 3 -3.30208422e-05 -6.35152102
128 129 60 71 3 -0.0001482933 -5.16669273
103 110 121 152 2 -3.17095401e-05 -6.91624069
73 75 82 113 3 -0.000381803402 -6.04804802
46 47 66 73 1 -2.44378352e-05 -4.22814417
100 101 116 121 2 -5.06635042e-05 -4.17695761
168 170 94 102 3 -0.00191626011 -3.29743385
96 96 122 125 3 -9.52469563e-05 -4.9736805
0 0 0 0 3 -0.509631693 9.59296322
92 93 143 166 2 -2.32457096e-05 -6.48630857
135 143 64 75 2 -2.30073183e-05 -5.93570089
124 130 51 54 1 -4.13653761e-05 -5.17804241
0 0 0 0 3 -0.579363942 9.69219017
103 103 50 85 3 -9.72734997e-05 -6.35438728
101 105 82 89 4 -0.000117300122 -4.46170712
79 82 115 122 3 -6.15114841e-05 -5.53963375
95 96 107 114 3 -5.19748683e-05 -5.2953167
85 90 53 68 1 -3.56434066e-05 -4.87305307
104 111 47 82 2 -2.63451693e-05 -7.21515942
76 76 83 89 2 -9.97770112e-05 -5.52091599
155 159 49 72 3 -0.000260576606 -4.81729603
138 142 96 131 3 -0.000556664891 -4.11512899
76 85 52 63 1 -0.000125525388 -5.4126997
136 140 84 119 1 -2.88485462e-05 -4.55229902
104 106 34 39 2 -8.48757045e-05 -4.21870756
175 175 104 139 3 -0.000616143574 -4.82149601
125 129 105 109 0 -1.6570053e-05 -5.995399
112 113 128 136 3 -3.26632071e-05 -6.05743027
114 114 123 128 4 -0.000213256339 -5.03694582
56 59 136 142 2 -5.34053943e-05 -5.3282342
105 106 120 151 3 -0.000107167376 -6.8730073
51 51 146 151 2 -0.00023233016 -3.41454554
0 0 0 0 2 -0.00414335681 5.84485817
163 164 178 213 3 -0.00283176964 -4.57628345
38 39 60 95 3 -9.53662602e-05 -6.2520833
51 56 176 211 2 -0.00951377023 -8.39429379
0 0 0 0 1 -0.00421364419 4.69444561
115 117 54 89 1 -0.000103353173 -3.1654253
11 15 110 145 0 -0.000254377577 -1.79948115
0 0 0 0 3 -0.00791614503 1.46456599
0 0 0 0 2 -1.30897081 7.50742865
87 91 43 78 3 -0.000886642083 -4.01284266
24 28 72 107 1 -0.000133631285 -2.50510716
49 52 91 102 1 -0.000475588022 -3.03532577
72 72 82 113 3 -0.00192947616 -2.95010567
51 53 70 93 2 -5.59087457e-05 -5.67867327
0 0 0 0 2 -0.00482882606 6.98732376
139 139 94 101 3 -0.000576322433 -5.04659939
42 47 55 61 1 -6.13922093e-05 -5.47353601
0 0 0 0 4 -0.465802014 10.765111
104 107 62 73 1 -3.14711251e-05 -5.06713009
0 0 0 0 3 -0.0058575091 4.68591595
18 23 27 62 2 -0.000360212347 -6.70775557
100 104 116 147 3 -0.000758319919 -4.5548048
171 173 50 85 2 -0.000213018997 -5.83979082
41 42 140 148 3 -5.72200734e-05 -4.65725994
160 164 60 83 1 -7.67694582e-05 -4.87112331
76 81 138 144 0 -0.000205747885 -3.88472509
88 95 136 139 0 -6.06770082e-05 -3.48827934
216 222 191 199 0 -0.000339255028 -1.27211869
35 36 88 123 2 -0.000246504613 -3.91654015
19 19 40 47 3 -0.000243179791 -3.7429111
44 48 103 138 3 -7.39087554e-05 -5.64768028
98 101 75 78 2 -3.46897359e-05 -4.31541586
57 60 76 83 1 -0.000889796414 -2.8726635
131 134 152 164 1 -0.00018202397 -3.63378453
97 101 49 84 0 -1.12056541e-05 -4.36719322
46 47 64 71 2 -5.3762913e-05 -3.95958996
67 67 50 52 3 -5.71007076e-05 -4.99490786
57 61 91 99 1 -0.000164623081 -5.8048625
31 35 77 112 1 -0.000154844893 -4.39192152
69 76 39 50 2 -2.00271188e-05 -5.50655985
26 32 43 49 1 -8.35645915e-05 -5.56912374
121 124 107 110 2 -4.60145238e-05 -5.32334661
180 183 203 208 2 -0.0010517342 -4.64002752
106 108 125 130 2 -0.000426268671 -1.89544451
12 12 17 20 4 -0.000508976344 -4.00816965
12 15 19 26 0 -0.000386651256 -5.69366264
53 57 136 167 4 -0.00108834438 -2.49756336
67 71 93 97 3 -7.4623822e-05 -5.33351803
55 55 68 103 3 -0.00114833855 -5.04340315
99 99 37 68 4 -0.000510062848 -3.10993648
113 114 38 45 2 -0.000108359643 -3.68031502
39 42 53 68 4 -0.00017082374 -3.2753911
53 53 131 138 3 -0.000266539166 -5.6780014
130 132 112 115 2 -0.000122306796 -2.69170666
110 114 132 163 2 -7.1763352e-05 -5.83690596
73 81 121 128 1 -8.0584301e-05 -6.21527386
131 131 67 70 4 -0.000135419337 -4.5243578
46 50 70 101 3 -0.000612791453 -4.84943342
55 59 69 84 3 -2.7060405e-05 -5.35806704
54 57 66 69 2 -0.000259855588 -4.08263588
36 40 44 67 1 -0.00217033294 -2.8455348
55 61 41 45 1 -8.2968676e-05 -5.99796152
39 42 46 52 2 -7.74851942e-05 -7.92003345
81 84 33 68 2 -1.00135667e-05 -4.98161125
54 63 75 110 0 -1.0013564e-05 -2.57144046
54 54 110 112 2 -0.000129339664 -3.9735043
76 80 88 123 3 -0.000158425624 -4.62283182
39 47 84 90 0 -1.99078895e-05 -3.117028
111 111 68 74 3 -0.000177141192 -4.76341724
54 55 73 80 3 -0.000176541798 -6.03618908
65 65 82 117 3 -5.42396956e-05 -4.63323307
45 46 58 67 2 -5.13788909e-05 -5.1042099
45 45 79 114 2 -2.7775659e-05 -6.3152833
84 86 53 68 2 -5.73390826e-05 -3.44560933
90 91 33 68 3 -0.000100848833 -4.26489449
53 58 110 115 0 -6.25842222e-05 -2.90911555
94 95 54 62 3 -7.46241858e-05 -4.90499163
50 50 65 67 3 -0.00012242519 -4.12856579
41 41 152 175 3 -0.000315650337 -4.50461388
28 28 97 128 3 -0.000917658326 -4.71717501
4 4 7 42 3 -0.0159168113 -3.77503133
101 101 51 74 3 -0.000109551889 -6.23980618
114 115 92 99 2 -3.50473601e-05 -4.18457747
64 64 52 59 3 -0.000109909262 -5.46308422
26 30 34 41 2 -0.0409801416 -5.35219717
115 115 103 110 3 -0.000371317787 -4.41897011
104 106 118 125 2 -0.000174040499 -3.54924464
44 48 89 93 2 -2.15768141e-05 -4.12603903
35 38 62 97 2 -1.93118667e-05 -6.25599766
81 81 136 147 2 -0.00060624379 -2.79956269
102 104 39 42 2 -0.000192636522 -3.93770123
62 65 102 137 1 -0.000249732984 -4.12879276
46 46 66 101 3 -4.10078064e-05 -6.12635088
60 61 146 181 3 -0.000101088051 -5.92794704
98 100 22 29 1 -0.00010812121 -4.61277199
169 172 148 150 2 -0.000372989074 -3.15503693
123 123 72 107 3 -3.24247667e-05 -4.99620628
139 140 48 71 3 -8.52337616e-05 -4.91744709
92 93 102 113 1 -9.97764873e-05 -4.27740955
91 94 49 84 2 -0.00145454437 -3.53043628
139 140 72 95 2 -9.95382288e-05 -5.0823555
17 20 41 46 2 -0.000420035911 -8.5955801
86 91 27 50 1 -0.000524840958 -2.46569347
39 42 20 24 2 -7.61739866e-05 -4.10265112
147 148 123 131 2 -1.80005536e-05 -5.48780012
119 120 88 103 2 -3.95772877e-05 -4.85706472
0 0 0 0 3 -0.00758964429 5.16226244
0 0 0 0 3 -0.0365150608 7.8204236
0 0 0 0 2 -0.647241652 8.64682102
0 0 0 0 3 -0.0256794188 7.89603996
0 0 0 0 2 -0.271811277 7.90447664
0 0 0 0 3 -0.0112802079 7.39158487
0 0 0 0 2 -0.00819794275 8.72460365
0 0 0 0 2 -0.038988445 8.9371767
0 0 0 0 3 -0.0293780509 7.03099537
0 0 0 0 2 -0.728507757 9.10314846
0 0 0 0 2 -0.722111583 10.2469835
0 0 0 0 3 -0.384792149 8.97702217
0 0 0 0 2 -0.0151909441 8.16374302
0 0 0 0 0 -0.222506106 10.076066
0 0 0 0 3 -0.783102214 8.87653446
0 0 0 0 3 -0.0280881487 8.44362545
0 0 0 0 2 -0.00613867072 5.84817743
0 0 0 0 2 -0.00959722698 7.62961817
108 109 122 124 2 -0.000191445011 -4.90902519
0 0 0 0 1 -0.585480094 8.80754089
40 49 86 94 0 -0.000128147716 -2.41440988
0 0 0 0 2 -0.624647617 9.75275898
162 166 69 104 1 -0.000103471742 -4.35035801
36 39 61 96 3 -4.52992826e-05 -5.32775831
64 71 51 59 1 -8.47567862e-05 -4.37255001
150 152 100 135 1 -0.000271788274 -2.790838
146 146 21 52 2 -0.00104662764 -4.86782932
114 114 33 40 3 -8.72601595e-05 -5.41692257
123 126 137 144 0 -2.49146651e-05 -3.02788472
63 67 39 47 2 -2.65835297e-05 -3.64050174
60 60 115 150 2 -0.00015032012 -5.70804358
35 43 53 60 0 -1.5735588e-05 -3.97507405
51 57 69 92 0 -1.29937907e-05 -3.41864085
44 47 61 76 3 -0.000129697029 -4.88398838
48 48 59 74 3 -0.000195021508 -4.59707594
34 38 117 140 1 -1.80005663e-05 -5.20487928
140 141 49 72 3 -0.00110039965 -4.81998348
196 201 52 54 0 -0.000153893925 -3.59836912
74 78 51 59 1 -7.4265954e-05 -6.10717773
113 117 132 143 3 -4.95907007e-05 -5.64035368
46 51 61 63 4 -0.000262966088 -3.44602251
55 60 82 117 1 -0.000127313499 -3.34351182
180 186 49 84 1 -6.77103671e-05 -5.151577
86 89 103 138 4 -0.000152942259 -2.20364451
47 51 65 88 4 -4.75642191e-05 -4.04652929
42 42 54 69 4 -0.000224942065 -3.82109237
104 108 30 34 4 -0.00044224062 -0.642577648
0 0 0 0 3 -0.75097537 8.69474125
0 0 0 0 1 -0.00765979663 4.88390541
78 84 19 54 1 -2.67027972e-05 -4.15757942
180 185 90 125 0 -3.60010345e-05 -4.43382406
0 0 0 0 1 -0.290085822 9.28545666
0 0 0 0 3 -0.0353516191 7.30436325
173 177 128 139 2 -8.88098584e-05 -6.04797411
49 52 76 77 1 -3.60010272e-05 -4.69425154
141 147 92 127 1 -2.19344292e-05 -5.54777193
30 34 46 48 0 -8.32068326e-05 -1.0020014
186 189 59 67 0 -4.55375084e-05 -3.51502419
43 45 49 53 2 -0.0510458425 1.14117622
72 75 107 109 2 -0.000133034599 -3.66242695
172 174 98 102 2 -3.26632253e-05 -5.54558086
103 107 126 131 0 -7.78421454e-05 -4.29257727
63 67 73 108 3 -0.000149723535 -6.87717533
0 0 0 0 3 -0.0220608916 8.23286629
145 146 76 83 2 -0.000101684273 -3.64575481
102 108 93 96 1 -0.000476032961 -5.12210798
0 0 0 0 1 -0.0759409592 8.60609341
0 0 0 0 2 -0.0146786096 8.01537514
9 13 121 126 2 -0.000133869238 -4.45442438
44 50 88 96 1 -0.000115154144 -4.60064983
133 139 122 124 1 -0.000389437977 -3.32465291
89 90 143 150 2 -0.000441282173 -2.91331124
130 133 110 115 2 -0.000326142908 -4.38428926
0 0 0 0 3 -0.0585424937 9.24594212
114 120 91 95 3 -0.000127549516 -6.44804955
38 42 57 92 3 -4.8875474e-05 -4.63079834
120 130 78 113 1 -4.24382124e-05 -4.41030312
132 134 152 187 2 -0.000470724481 -5.43890429
44 45 106 121 2 -0.000154253677 -4.80693197
44 54 64 67 0 -4.9233e-05 -2.5842278
42 42 55 59 3 -0.000476568996 -3.60953426
153 158 101 136 3 -0.000145313054 -5.64313078
97 102 119 154 3 -0.00016176331 -4.53618622
102 102 30 32 2 -7.24785714e-05 -3.83757329
143 143 75 110 2 -0.000132796893 -4.5971036
0 0 0 0 4 -0.00036428991 0.188612342
43 47 89 120 3 -0.000935415679 -4.02963686
62 68 35 43 3 -0.000162955344 -4.66026878
88 92 105 116 4 -7.84389413e-05 -3.89050794
40 44 101 116 1 -8.02257055e-05 -5.49937725
139 139 93 128 4 -0.000336989091 -3.85395598
0 0 0 0 2 -0.0104115419 8.0868578
46 46 58 60 4 -0.000223392271 -4.17479134
44 44 77 83 4 -0.00044498255 -3.64927769
115 115 65 100 3 -0.000169034116 -4.83737183
192 192 173 177 2 -0.000253786449 -6.30199528
140 141 122 130 2 -0.00528059248 -1.92082536
58 58 154 165 3 -0.000240673326 -5.26149654
120 120 161 184 3 -0.00024925638 -6.16723585
84 88 104 108 0 -0.000127546868 -1.5657599
66 66 33 35 3 -0.000231615675 -3.57257056
118 122 39 74 3 -1.10864476e-05 -6.62421417
41 45 126 130 1 -7.6531549e-05 -3.56400466
54 57 21 36 1 -6.06769754e-05 -4.42453289
160 165 140 142 0 -8.11801365e-05 -4.81165361
224 231 157 166 1 -0.00142727676 -2.59316039
68 69 44 50 2 -1.04904038e-05 -5.7267046
137 140 30 61 2 -0.000948495464 -3.9187572
40 44 51 86 1 -0.000154008289 -4.00190496
0 0 0 0 2 -0.0233712289 8.14029503
0 0 0 0 2 -0.755278647 9.03889179
101 106 43 78 2 -0.000151511951 -2.72075963
81 85 97 104 3 -1.53779656e-05 -5.57899809
50 54 89 120 3 -0.00016057161 -5.04027224
0 0 0 0 2 -0.262977451 7.92198133
55 61 74 97 0 -1.69276755e-05 -7.04489708
166 172 30 65 3 -0.000824719784 -4.95691442
79 84 44 53 4 -8.79753643e-05 -4.83213377
0 0 0 0 2 -0.00262814318 6.01414919
0 0 0 0 1 -0.00196659216 5.75495672
109 113 84 89 2 -5.35245781e-05 -5.65070724
201 203 174 181 2 -5.56700797e-05 -4.20399046
64 65 51 58 2 -4.18422351e-05 -2.17184949
92 95 119 154 3 -2.20536494e-05 -6.86263132
97 97 126 129 3 -0.000493135478 -5.27600431
37 40 181 216 2 -0.00129118003 -3.15197444
0 0 0 0 2 -0.257300079 8.21689415
48 48 83 91 4 -0.000379062432 -2.01010489
103 108 54 89 1 -4.8875394e-05 -5.21450758
108 108 95 99 3 -0.000107644417 -4.96344566
24 28 33 40 4 -0.000143881771 -5.18567848
119 122 135 150 3 -0.000266301591 -4.97660017
68 74 31 38 2 -1.35898208e-05 -6.60733891
26 29 44 50 1 -2.70604069e-05 -5.18490934
0 0 0 0 3 -0.130148694 8.2815237
119 123 132 137 4 -8.78562787e-05 -4.42664814
106 106 66 101 3 -0.00222352007 -4.26179171
159 162 44 79 3 -0.000143405428 -6.18126488
0 0 0 0 0 -0.039670676 9.81683254
59 63 38 44 2 -4.93523112e-05 -5.10672379
0 0 0 0 3 -0.721116304 8.65469456
182 182 41 56 3 -0.0163397286 -2.26753664
29 30 35 43 2 -0.000219932001 -4.37142038
198 201 42 77 2 -0.00213114847 -4.41110754
0 0 0 0 1 -0.693780303 8.35270977
33 38 92 103 3 -0.000215285894 -4.77914429
174 179 16 51 1 -0.000190848761 -4.40074158
132 138 111 120 1 -5.17360459e-05 -7.80885458
85 85 113 118 4 -0.00283162575 -3.84376788
48 52 74 109 2 -0.000388837681 -5.85593224
73 77 45 60 2 -0.000579074956 -2.60242343
166 167 77 112 2 -2.08615711e-05 -6.39205313
17 23 35 40 0 -4.41069787e-05 -3.51060057
99 106 41 44 0 -3.01597502e-05 -2.70699763
96 99 114 149 2 -0.000306235801 -2.79182386
72 76 61 64 2 -2.7656446e-05 -5.42426014
65 66 80 103 1 -9.33395204e-05 -4.53805447
157 161 55 90 4 -0.000218026864 -3.69305849
117 122 49 54 1 -2.51530764e-05 -5.25509167
154 160 75 110 4 -0.000318989361 -4.41977358
21 26 78 81 1 -0.000615425699 -3.14003658
123 124 42 51 2 -0.000119922741 -6.27317619
103 103 112 119 4 -6.16306643e-05 -5.72176981
91 95 136 141 1 -0.000194544555 -3.78503227
43 50 69 77 0 -2.03846957e-05 -2.26381922
78 78 107 122 2 -4.17229567e-05 -5.83276987
112 115 69 100 2 -9.78696189e-05 -7.64062023
87 90 99 134 2 -7.79618058e-05 -6.81790686
105 108 61 65 0 -3.23055574e-05 -1.5473485
125 129 58 63 2 -3.20671861e-05 -4.287848
51 59 96 104 0 -3.2067157e-05 -2.62684846
20 23 49 57 4 -0.000291691947 -3.1921947
100 104 119 134 2 -4.33918831e-05 -5.8494463
94 98 107 109 2 -4.76833302e-05 -2.89702606
94 94 75 79 4 -0.000641966355 -4.53896046
0 0 0 0 3 -0.144299626 4.22375631
59 62 147 154 2 -0.000772351748 -5.65715837
0 0 0 0 2 -0.00803845003 6.68928719
0 0 0 0 2 -0.314632624 8.2170496
85 85 71 78 3 -0.000333650591 -4.64520836
41 43 54 62 2 -9.79884353e-05 -4.5742383
47 52 104 139 3 -4.13653179e-05 -5.34316635
0 0 0 0 2 -0.00238017412 6.42914391
0 0 0 0 2 -0.0925280079 8.48981476
47 57 81 84 0 -2.58683358e-05 -3.34236836
31 37 81 112 0 -0.00132930826 -1.63862455
148 152 165 169 4 -0.000443671743 -3.37816858
108 109 155 162 2 -0.00070862635 -3.72244453
47 54 58 64 2 -0.000530291174 -5.53123188
55 61 91 99 0 -0.000188816077 -2.1599133
149 151 126 129 2 -4.0173305e-05 -4.54773808
110 116 21 56 2 -0.000127907057 -5.68022346
42 49 75 86 2 -0.000101922611 -2.71965647
50 53 73 80 0 -0.00104823161 1.07580078
63 65 50 57 2 -5.14979911e-05 -4.69308043
7 12 18 53 4 -0.0111628296 -3.9209764
41 41 114 149 3 -0.000374054449 -6.03810883
55 58 96 131 2 -2.41993694e-05 -7.22199249
0 0 0 0 2 -0.195668131 10.5268679
97 101 68 72 2 -0.0001434062 -4.5384326
159 163 178 184 1 -6.42532541e-05 -3.62745857
54 54 105 110 3 -0.00149930734 -4.57901382
117 118 36 71 2 -2.622596e-05 -6.3288455
107 111 42 77 2 -8.98827639e-05 -4.35002327
66 71 33 41 2 -0.000109072629 -8.66107941
24 27 35 70 2 -0.000362609222 -6.20471334
0 0 0 0 2 -0.308222145 8.66820908
86 90 101 109 4 -0.000164862198 -3.13634634
110 114 125 160 2 -6.59221478e-05 -5.78185511
0 0 0 0 3 -0.0110965315 3.88669538
0 0 0 0 1 -0.0258968752 8.25754929
151 151 115 138 3 -0.000411367218 -4.10765743
12 18 30 38 2 -0.000148412451 -2.714957
89 94 33 41 2 -7.98691835e-05 -5.13733292
13 16 29 35 3 -0.0263614804 0.250576645
94 101 63 70 3 -8.98828293e-05 -4.80255461
0 0 0 0 3 -0.0137312654 7.41345024
223 227 63 69 2 -0.000594082347 -2.58003879
108 108 37 40 3 -0.000109670938 -5.40732861
48 52 65 70 0 -7.05706698e-05 -3.52499151
0 0 0 0 3 -0.567918658 6.64896631
57 57 116 123 3 -0.000130651199 -4.99029684
51 55 72 74 3 -0.000158186987 -2.8328898
69 73 159 182 3 -0.00055603683 -6.50181913
42 43 77 112 1 -2.93253433e-05 -5.10418367
0 0 0 0 1 -0.131819144 7.00645351
165 166 113 128 3 -8.4994972e-05 -4.98520613
55 61 74 109 0 -1.1324867e-05 -3.92959619
143 143 50 58 4 -0.000259867869 -4.4258647
114 122 96 99 2 -0.000179524446 -4.80544186
158 160 77 112 1 -6.77100616e-05 -4.2593441
36 41 102 108 4 -9.250523e-05 -3.8520093
46 50 106 112 4 -5.09019046e-05 -5.04975557
0 0 0 0 2 -0.0228380393 9.63945866
0 0 0 0 3 -0.351406246 8.58990192
0 0 0 0 4 -0.0372308381 6.8637948
31 36 56 91 1 -0.00679161679 -4.50960255
111 114 34 57 2 -8.95249686e-05 -2.79040575
73 74 58 61 2 -1.15632865e-05 -5.30597115
88 88 95 102 2 -0.000122902755 -4.04895306
16 16 32 40 2 -0.00139375718 -2.87926221
40 43 61 96 2 -9.53673043e-06 -5.91587019
0 0 0 0 1 -0.0485126674 8.4450655
95 98 45 48 1 -0.000200027163 -4.34613037
62 64 134 140 2 -0.000422810292 -2.10335064
140 143 74 97 2 -5.26900476e-05 -6.09994888
138 138 68 103 3 -2.84908147e-05 -6.79192734
53 59 66 72 0 -2.72987982e-05 -1.83500504
81 83 51 59 2 -2.05039451e-05 -6.87071323
0 0 0 0 3 -0.205514282 8.45328903
136 140 169 177 1 -0.000920661376 -4.58231449
128 128 110 116 4 -0.00180978316 -2.61922359
113 114 127 133 2 -5.0424791e-05 -4.75413275
114 118 57 61 2 -5.36437947e-05 -3.06920552
0 0 0 0 3 -0.0773006082 8.46327114
77 77 167 169 2 -0.000205983961 -6.50462627
109 110 168 172 2 -0.000725888298 -4.48100471
13 15 23 58 2 -0.000272738631 -3.02965808
43 47 67 90 2 -2.25304793e-05 -7.82769585
0 0 0 0 2 -0.0717529878 9.00682831
31 36 68 103 4 -0.000119564618 -3.82687473
0 0 0 0 1 -0.43135339 10.6219692
105 108 55 61 2 -9.89424152e-05 -3.16094542
0 0 0 0 0 -0.556168616 12.1297569
0 0 0 0 2 -0.00807662681 8.36369133
186 193 78 113 1 -3.93387745e-05 -5.09460926
135 140 58 89 2 -0.000269046053 -5.84474421
53 56 80 85 2 -1.51395552e-05 -7.31117821
107 113 185 190 2 -0.000434346031 -5.22194576
97 97 103 106 2 -0.00198458764 -4.51774979
0 0 0 0 4 -0.380530268 8.89349747
96 100 89 91 0 -0.000100253033 -0.981173813
58 62 73 80 4 -0.00124601589 -2.40104508
99 100 156 163 2 -0.0751527622 -0.609180808
32 35 48 83 2 -0.000104067643 -4.30664682
156 157 136 141 2 -0.000202767493 -4.0454607
0 0 0 0 2 -0.015736904 6.68996572
35 43 56 91 0 -2.51530619e-05 -2.72906852
106 110 50 53 3 -9.65582076e-05 -4.43385792
39 39 51 59 3 -0.000111577465 -3.85589266
150 151 53 59 2 -8.64256799e-05 -3.94365644
82 86 38 43 3 -8.78561987e-05 -5.56666994
173 176 33 37 2 -9.70347537e-05 -6.45504665
112 114 45 50 1 -0.000500519469 -2.94649172
95 99 108 111 3 -0.00023864281 -4.2164917
37 38 51 58 2 -0.000130293382 -2.4174931
120 124 95 104 2 -6.92599351e-05 -4.37654591
102 103 82 87 2 -0.00643958431 1.2644217
45 45 64 68 4 -0.000219577574 -4.88455105
0 0 0 0 3 -0.0502443872 8.7338562
107 113 55 90 0 -1.6450851e-05 -3.20477271
78 82 121 156 1 -0.000132558373 -1.77816391
68 70 201 207 2 -0.000261165813 -5.22181988
0 0 0 0 2 -0.0699019805 7.49842834
39 42 59 94 2 -1.72853088e-05 -5.35635996
25 27 102 113 1 -2.68220065e-05 -4.26169634
91 94 112 147 4 -0.000254741695 -4.16605282
220 221 161 196 2 -0.00044675899 -4.61257458
0 0 0 0 2 -0.183329105 9.34590721
43 45 66 77 2 -0.000161640666 -3.77638865
84 84 95 99 3 -9.25052518e-05 -5.33831739
66 72 46 50 1 -4.50608568e-05 -4.92629004
58 65 119 126 0 -3.14710414e-05 -2.52783537
53 57 165 173 2 -0.00034497265 -4.22633362
138 141 160 171 1 -0.000182979988 -4.56472731
89 99 48 55 0 -3.52857605e-05 -3.35256958
0 0 0 0 4 -0.84585762 10.7932816
77 80 88 90 0 -1.9550278e-05 -3.78769732
92 98 125 130 0 -8.42789377e-05 -4.37528801
0 0 0 0 2 -0.00446313666 4.10554695
53 54 30 32 2 -9.97770476e-05 -4.29360771
101 101 108 112 3 -8.761762e-05 -5.62624836
140 140 96 100 3 -0.000338180515 -2.92462921
45 48 63 67 1 -0.00295361178 -2.49390602
64 64 84 88 3 -0.00011098176 -5.37187672
58 65 84 93 0 -0.000129578548 -2.67990041
0 0 0 0 3 -0.00908752624 6.7807622
0 0 0 0 2 -0.0485738479 7.69989824
0 0 0 0 2 -0.00856530294 8.59644127
130 130 57 92 3 -0.000448783045 -4.46968269
47 55 131 140 1 -0.000445910555 -6.58683634
134 136 157 159 2 -0.000132557616 -4.68449306
91 95 106 111 2 -7.03324913e-05 -5.537642
113 116 65 88 2 -2.71796271e-05 -4.83537197
161 162 111 118 2 -5.54318394e-05 -5.46093845
97 101 40 63 3 -1.66892696e-05 -5.50278711
72 77 90 96 0 -0.00851258263 1.31556284
97 104 113 144 0 -0.000311000913 -2.56635809
0 0 0 0 2 -0.0023072469 6.65576124
52 57 66 97 1 -0.000236385167 -3.90429616
66 74 50 53 0 -0.00130044844 0.792504013
86 86 100 107 2 -0.000179165712 -5.97262621
136 139 61 96 2 -0.0365291759 -4.77654219
35 39 55 63 0 -3.29016148e-05 -4.71893692
133 135 65 100 2 -2.7537244e-05 -5.48543882
88 88 186 201 3 -5.75776139e-05 -6.58556652
113 121 67 102 2 -7.51010812e-05 -5.12961817
33 33 49 56 3 -0.000221603055 -4.05594158
53 56 106 110 2 -3.13519158e-05 -8.57585239
29 29 17 20 3 -0.000629608694 -3.76072311
126 129 106 114 2 -2.71796016e-05 -6.73771143
191 197 120 155 3 -0.000240674723 -5.89330339
119 122 51 66 3 -7.60547409e-05 -5.11714506
149 155 80 81 1 -6.48489149e-05 -6.18539143
89 90 131 166 2 -4.36303562e-05 -6.31646919
53 56 71 106 4 -7.86771416e-05 -4.09259319
84 87 97 120 2 -3.60010272e-05 -4.43710279
0 0 0 0 3 -0.0408639982 9.5558157
151 157 185 216 3 -0.00874558277 -2.54730248
64 72 84 119 1 -0.000153178611 -4.79474211
0 0 0 0 2 -0.0808046386 6.64818525
119 123 46 53 3 -9.00019295e-05 -4.76304388
62 63 79 114 3 -0.000163671415 -3.63366437
124 127 139 147 2 -7.96307359e-05 -3.86136317
60 66 75 98 1 -1.82389849e-05 -5.76434374
39 39 61 70 2 -3.62394749e-05 -6.20331812
36 41 49 56 1 -6.02001346e-05 -5.5059514
0 0 0 0 4 -0.0614775158 8.41584682
98 108 52 59 0 -1.68084734e-05 -5.92113209
85 95 112 119 1 -0.000244486437 -4.5198946
70 74 119 154 3 -8.77369821e-05 -5.03523731
135 135 152 160 2 -0.000915151846 -4.42162848
164 171 38 73 0 -0.000206107346 -3.58374548
74 77 98 133 2 -0.000123975129 -7.29092216
0 0 0 0 3 -0.252446026 9.92765236
102 102 56 87 3 -0.000601127453 -3.59318995
65 66 79 87 4 -0.000125644641 -4.84954596
63 65 88 111 1 -0.000184173696 -3.35270858
0 0 0 0 2 -0.828410685 8.00094128
0 0 0 0 2 -0.623806834 10.2912264
104 106 122 157 2 -0.000917377707 -5.4187932
114 121 135 166 0 -0.000157709263 -3.9638598
88 92 122 126 2 -0.00019740389 -4.9683919
0 0 0 0 2 -0.312260479 6.69444418
132 136 51 58 3 -3.36168669e-05 -5.48679399
65 70 42 48 3 -0.00408699922 -2.57666922
168 170 114 122 2 -0.00313887373 -4.30386066
120 120 136 144 3 -0.00290691853 -4.17516422
0 0 0 0 3 -0.00744560035 7.30920744
44 48 53 61 4 -0.000930485665 -4.77098036
33 33 44 49 4 -7.37898736e-05 -5.37698841
0 0 0 0 1 -0.00383198401 3.93834066
0 0 0 0 3 -0.541814804 9.02203846
42 48 155 190 0 -0.000254145387 -2.40957665
125 125 82 89 2 -4.14845927e-05 -6.59562874
145 148 56 63 2 -0.000111458321 -3.9970324
102 106 66 72 1 -8.35646497e-05 -5.68693495
73 81 59 62 0 -3.14711506e-05 -2.97422457
84 92 42 49 0 -2.2172866e-05 -1.66495252
34 37 52 64 2 -0.000113008718 -4.68780756
0 0 0 0 2 -0.00243070675 5.01752138
73 75 35 58 2 -0.000274171383 -7.49452496
69 75 117 124 1 -0.000344022003 -6.00083876
104 109 119 142 2 -1.45434969e-05 -9.33206749
47 53 83 84 3 -0.000388843648 -5.67673254
39 44 128 151 0 -0.000176664646 -2.55044436
0 0 0 0 2 -0.255534381 8.58626842
106 108 85 93 2 -2.55107025e-05 -5.15816593
232 232 86 121 3 -0.00264288369 -4.15860701
98 101 116 121 4 -0.000450461288 -0.412465602
46 50 63 98 1 -6.93791662e-05 -6.34298897
67 73 39 54 2 -0.000181551615 -3.49451613
58 60 78 113 2 -3.26631744e-05 -6.31279516
85 87 54 56 1 -2.38417797e-05 -2.8938818
72 74 42 49 1 -0.000158783034 -2.45549536
106 107 84 92 2 -0.000448789506 -1.54128671
121 125 73 78 3 -4.58953218e-05 -5.86637592
142 145 54 69 2 -1.41858845e-05 -6.74052954
114 119 93 100 1 -8.61874651e-05 -3.93017507
132 134 60 95 2 -5.91272546e-05 -3.46948624
126 126 46 81 3 -6.71141461e-05 -5.12550068
37 39 72 107 2 -0.000248529686 -2.8580122
106 107 122 157 4 -0.000195378816 -5.24201012
103 103 41 52 3 -0.000160927273 -5.05778599
118 121 65 100 3 -6.27035697e-05 -5.36826658
0 0 0 0 2 -0.0060523171 7.22205639
125 131 75 80 2 -4.25574508e-05 -6.17757082
73 78 92 103 2 -0.000199187838 -3.04431629
0 0 0 0 4 -0.11391896 -0.916101098
115 119 68 103 3 -9.05989509e-06 -7.20501232
107 116 40 75 0 -2.2768907e-05 -3.12490177
168 171 39 74 3 -6.9856047e-05 -5.18491316
102 108 46 81 3 -0.000339489954 -5.83411837
53 53 81 104 2 -0.000130412533 -3.97795844
18 23 28 63 4 -0.00149536529 -4.72260761
95 99 107 113 2 -1.52587609e-05 -4.10377884
114 118 57 92 4 -0.000327809132 -3.72251153
67 68 110 145 3 -0.00586437481 -3.91198778
41 42 52 59 4 -0.000263085414 -3.74861121
0 0 0 0 2 -0.194854528 9.89636517
93 96 112 118 2 -2.18152454e-05 -6.28471613
88 88 98 106 2 -5.28092496e-05 -5.76449919
105 108 63 74 2 -2.18152345e-05 -7.48711729
159 163 109 144 2 -0.000316964346 -3.86577582
74 76 28 63 2 -0.000157949253 -5.96715975
21 26 49 84 1 -8.79751242e-05 -3.95510173
22 27 35 50 1 -9.5723437e-05 -4.39737558
107 108 130 153 3 -0.000107644577 -4.16923809
76 83 50 57 0 -2.61067471e-05 -2.64951968
83 87 65 67 3 -4.92331637e-05 -4.78899479
95 95 107 112 2 -0.000172253596 -3.21586204
72 80 88 92 0 -2.92061541e-05 -1.76699686
52 53 63 98 3 -7.14057969e-05 -4.88745403
102 104 40 75 4 -0.000312196265 -3.96625996
0 0 0 0 3 -0.957490027 8.98200798
81 84 63 74 3 -3.07558767e-05 -7.03977489
143 147 91 97 4 -0.000646496075 -5.01076889
96 96 127 130 3 -9.76307856e-05 -5.2094388
57 57 99 134 4 -0.00104448688 -2.41404247
99 103 67 72 4 -0.00035367778 -3.39694428
131 141 84 87 1 -0.000109313405 -4.30746365
0 0 0 0 2 -0.00803042296 7.64795399
0 0 0 0 3 -0.275441021 6.53467321
111 115 47 53 2 -0.000325174013 -4.60041189
50 53 37 39 1 -0.000132916015 -3.26793289
57 64 116 120 3 -4.56569251e-05 -6.2654295
60 60 77 79 2 -3.80275706e-05 -3.64832306
146 150 77 112 0 -3.57624194e-05 -4.81706238
90 90 102 133 3 -0.0187464431 -2.1182189
0 0 0 0 2 -0.891153336 7.64471102
104 105 51 56 3 -0.000140185773 -4.92827177
152 156 48 51 4 -0.00047931046 -3.89958215
0 0 0 0 2 -0.967738509 8.13702679
28 33 37 48 2 -0.000196686917 -6.64871883
0 0 0 0 2 -0.00269404403 5.97185707
86 86 106 141 3 -7.42664706e-05 -6.04811954
133 138 152 187 4 -0.00056499755 -1.96393406
36 36 60 64 3 -0.000441282667 -3.69143653
115 121 65 100 1 -4.4226399e-05 -4.51426315
50 51 118 153 3 -4.49416912e-05 -5.36110401
0 0 0 0 2 -0.0864753202 9.63833046
103 106 46 81 3 -7.93925792e-05 -5.13430262
112 115 95 101 0 -6.31808734e-06 -3.44315815
24 27 44 48 2 -0.000594793237 -1.26756585
71 75 131 166 3 -0.000129101099 -5.8283987
0 0 0 0 2 -0.0301538408 4.01753569
0 0 0 0 2 -0.00425573252 6.72292471
109 111 28 43 1 -7.16441282e-05 -4.97375298
76 80 47 58 2 -4.21998629e-05 -5.26962137
0 0 0 0 2 -0.30394268 7.89616108
148 152 93 128 4 -0.000145671002 -2.44304085
145 150 47 78 1 -0.000575377373 -1.93909609
39 45 79 86 2 -2.70604123e-05 -5.93710899
138 142 55 90 3 -6.32996016e-05 -7.51543713
109 114 35 40 0 -8.38026099e-05 -1.71254468
76 81 169 175 3 -0.000406805892 -7.18910599
97 99 108 139 2 -0.00049336598 -3.61451173
106 109 118 122 3 -0.000731996202 -3.84656024
149 152 38 73 4 -0.000738657604 -4.00569105
62 62 75 79 3 -0.00017940515 -5.04343033
48 48 126 161 3 -0.000100133853 -5.08524132
107 109 38 46 2 -4.20805882e-05 -4.04864931
52 59 130 141 0 -0.000140781747 -2.71732736
113 114 35 46 2 -0.000618633232 -4.35041428
103 103 150 156 3 -0.000223628624 -4.40230036
0 0 0 0 3 -0.419150412 8.42798519
42 43 53 88 3 -2.84908929e-05 -5.26751328
0 0 0 0 4 -0.00385858747 5.24081516
71 73 86 109 2 -6.85445411e-05 -5.33674049
59 62 153 159 1 -0.000238048247 -5.49786568
53 53 80 91 3 -0.000164028723 -5.28959036
34 39 146 150 1 -0.000144239981 -5.31365442
120 121 55 78 2 -1.28745796e-05 -6.13317013
57 57 89 104 3 -6.34188473e-05 -5.42326689
62 0 24 0 1 -1.99093986 2.9902904
166 166 97 106 3 -0.000333294534 -4.3913269
0 0 0 0 2 -0.0901484862 10.7632313
48 52 81 116 3 -0.000437476032 -5.20479345
80 83 123 146 2 -2.70604032e-05 -6.73498154
93 98 111 113 0 -0.00040121036 -0.802514076
137 141 111 116 1 -2.0623158e-05 -5.58193827
0 0 0 0 1 -0.0275349654 7.52394152
120 124 138 140 3 -0.000168438826 -4.60151958
139 143 47 82 3 -6.16306861e-05 -6.44514894
0 0 0 0 3 -0.00250872783 4.43590069
62 65 78 109 2 -0.000190013554 -3.78268003
0 0 0 0 3 -0.470280647 8.52415752
33 35 48 59 1 -0.0245013051 -0.606088817
106 108 61 64 2 -3.94580493e-05 -3.93746305
118 119 150 153 2 -0.000151152082 -3.98705459
65 71 83 118 0 -8.86902126e-05 -4.83659601
92 93 35 39 2 -2.45570445e-05 -3.84943318
130 131 71 106 2 -6.48486093e-05 -8.44327831
29 32 80 91 4 -0.000968920707 -4.24567604
66 73 99 103 0 -6.4372347e-05 -0.714732111
55 60 73 77 2 -0.000108002285 -5.59368706
83 88 98 133 3 -4.31535009e-05 -5.92885065
0 0 0 0 3 -1.48628259 3.04623795
118 119 69 104 3 -0.00011396248 -5.19011545
53 53 70 77 2 -6.06770445e-05 -4.45442343
0 0 0 0 2 -0.0600066222 8.383811
140 144 75 86 1 -0.000148650637 -4.72420597
52 55 84 87 2 -6.34187672e-05 -3.60566187
22 24 31 66 2 -0.00014137906 -6.64763832
77 78 86 89 2 -0.000130174274 -3.8441565
0 0 0 0 3 -0.543773472 8.41922855
73 75 21 56 2 -1.80005663e-05 -6.91769886
140 140 157 192 4 -0.000437466457 -1.10544813
0 0 0 0 2 -0.00139555847 5.44674778
144 146 89 93 2 -0.000170465049 -6.27896309
0 0 0 0 3 -0.0101921931 7.67560434
87 88 51 56 3 -3.80275742e-05 -5.09737492
49 54 129 136 3 -0.000222557865 -4.68155956
0 0 0 0 3 -0.719390512 9.06996918
32 37 75 83 1 -5.24516545e-05 -4.04831076
60 64 21 25 1 -0.000361061859 -3.10125828
76 84 96 131 3 -5.09017082e-05 -6.32582045
0 0 0 0 2 -0.00121916574 5.10321188
76 80 119 154 3 -8.83330868e-05 -5.93175602
38 42 47 70 3 -0.000289420743 -3.99814224
60 62 122 133 3 -0.000163552046 -5.46134996
99 103 119 126 3 -4.92331274e-05 -4.95264816
126 133 144 155 2 -4.33919486e-05 -6.97770309
70 75 104 139 3 -0.000139710522 -4.78211927
0 0 0 0 2 -0.0263202041 7.51462078
178 182 200 215 3 -0.000171180145 -5.6156888
126 129 36 71 3 -0.000736282673 -4.16024113
18 19 93 98 1 -0.0003111228 -4.12174129
0 0 0 0 2 -0.002068948 4.69356585
133 138 85 89 3 -4.8517737e-05 -4.91975069
0 0 0 0 2 -0.018593967 6.72236967
123 123 129 135 3 -0.000280131295 -4.07614136
0 0 0 0 2 -0.616729021 8.48990059
54 59 70 93 2 -1.07288197e-05 -7.65886831
38 46 50 61 0 -0.000333524629 -5.13849545
107 111 22 28 3 -0.00102188461 -4.31250095
59 61 119 124 1 -0.0486665219 -4.11224318
0 0 0 0 2 -0.496608317 8.10252476
41 45 59 66 3 -3.82660255e-05 -5.5192728
110 113 123 130 1 -7.48627135e-05 -4.26100111
135 137 73 108 2 -0.00165372598 -6.69209623
124 127 138 142 1 -0.00012290194 -4.17408514
129 136 59 66 0 -0.000126713916 -1.7844497
61 62 75 80 2 -0.00486467965 -0.0934720933
0 0 0 0 3 -0.00899625476 4.13672638
52 56 120 127 3 -0.000162716984 -4.88441229
65 67 77 88 2 -0.000171896056 -2.74441671
80 83 96 101 3 -0.000160213196 -5.85367203
198 202 169 176 2 -0.00129508099 -4.46912098
132 140 59 94 1 -3.7073758e-05 -5.33021069
73 77 49 58 0 -3.74315059e-05 -2.09319592
188 193 101 105 0 -4.95907698e-05 -3.02390885
144 148 98 129 1 -7.05711063e-05 -3.11745405
102 102 115 146 3 -0.00028346671 -3.85326266
0 0 0 0 2 -0.014114053 7.84276533
86 88 78 80 1 -8.22531729e-05 -6.23861313
0 0 0 0 2 -0.0227837898 8.33378696
0 0 0 0 2 -0.00259775389 4.80267048
0 0 0 0 2 -0.258048534 7.94797754
0 0 0 0 0 -0.171477243 13.5434332
147 149 189 224 2 -0.046258539 -4.46751451
0 0 0 0 2 -0.867068768 9.69960117
128 137 80 115 1 -2.67027917e-05 -5.13474464
85 88 54 61 0 -1.57355807e-05 -4.19519043
0 0 0 0 2 -0.0030343649 6.17981386
96 100 33 43 2 -8.07035394e-05 -4.57709312
68 71 105 111 1 -0.000118610988 -5.45409822
47 53 59 75 1 -0.838169456 -0.432485908
113 119 135 150 1 -0.00115666375 -2.55780339
0 0 0 0 2 -0.0577288978 7.98489237
41 49 63 71 0 -0.00103149121 1.19717503
0 0 0 0 2 -0.223698407 9.49515438
65 69 103 138 3 -0.000103710554 -5.51594591
123 126 143 178 2 -7.58160895e-05 -7.46036577
80 84 61 63 1 -5.09020065e-05 -4.53394318
102 107 38 73 2 -2.93253579e-05 -8.34156895
119 122 66 101 4 -0.000150677282 -4.63497496
0 0 0 0 2 -0.116951011 7.44359446
121 125 153 161 1 -0.000142928038 -4.21572351
143 145 84 88 1 -0.000238050547 -3.94282341
39 41 50 56 1 -0.000158187031 -2.83839941
96 100 68 74 3 -9.97767347e-05 -4.75685883
17 25 30 35 1 -0.000102637765 -2.67249203
0 0 0 0 2 -0.0378543958 8.6978054
114 114 95 99 2 -0.000161041855 -7.01404953
107 109 84 89 2 -5.10210957e-05 -4.37648296
62 66 42 47 2 -2.41994076e-05 -5.61624622
0 0 0 0 2 -0.840172112 10.9555883
0 0 0 0 1 -0.00356418639 3.73623657
86 91 51 56 2 -4.99483212e-05 -6.13620806
216 219 54 61 2 -3.09943061e-05 -7.10217237
78 82 93 128 4 -0.000640449929 -2.27319431
94 95 112 117 2 -0.000212659346 -3.84801435
104 108 27 62 2 -8.17766413e-05 -5.20445251
67 73 22 30 1 -6.13922457e-05 -5.91008759
67 67 19 25 3 -0.000713872083 -3.11890292
0 0 0 0 1 -0.23308678 8.1569376
111 114 37 72 1 -0.000392627378 -4.0770545
0 0 0 0 2 -0.0028231435 6.30301905
166 173 84 92 3 -9.64391802e-05 -5.1980629
131 134 144 148 0 -5.87697577e-05 -4.03359175
0 0 0 0 3 -0.193653762 7.09751749
0 0 0 0 4 -0.467522562 8.00373554
44 47 73 77 2 -3.5166544e-05 -4.69575119
28 31 80 87 2 -0.00015794707 -8.49722672
141 145 72 107 3 -5.13787309e-05 -5.99945784
150 154 133 139 0 -0.000496346387 -2.4654088
35 37 133 135 2 -0.000711851928 -2.325068
26 34 42 77 2 -0.000125048056 -5.94403553
92 96 112 120 4 -4.86371173e-05 -5.33056545
127 132 74 109 2 -1.0132776e-05 -7.60810471
0 0 0 0 2 -0.00446097367 7.81139517
0 0 0 0 3 -0.00309200957 4.23096275
118 118 97 103 3 -0.000286210125 -5.3620286
59 61 76 111 1 -1.46627171e-05 -5.63211298
114 117 131 162 2 -4.98290574e-05 -6.71670055
104 108 121 136 4 -0.000166770536 -3.34098053
52 56 99 134 4 -0.000169988256 -3.33566117
61 64 30 37 2 -1.47819082e-05 -7.64740896
0 0 0 0 3 -0.222557902 9.71238327
68 72 52 56 3 -4.41072116e-05 -6.39302921
60 65 100 115 3 -0.000229113168 -4.13815355
123 127 61 96 4 -0.000135776951 -2.98021722
0 0 0 0 1 -0.000812083716 4.93482924
83 90 38 44 0 -3.14710269e-05 -0.969285607
92 95 59 82 2 -0.000123855702 -3.84413719
22 24 102 105 2 -0.000221722497 -3.40470195
162 164 55 86 1 -0.000215284264 -3.54724383
114 121 147 154 1 -0.00010990919 -4.47570944
120 120 190 195 3 -0.000544149603 -4.58001947
190 190 56 91 2 -9.34589116e-05 -7.60042191
133 139 52 59 2 -1.29937907e-05 -7.40673494
99 103 59 61 0 -4.11269284e-05 -2.06225848
88 93 152 158 1 -0.000193232016 -3.18318415
118 120 65 71 2 -0.000137922296 -5.19123793
0 0 0 0 2 -0.00356551842 5.59146023
63 64 27 31 1 -0.000152106542 -6.32303905
0 0 0 0 3 -0.454463989 9.55495453
101 103 114 119 2 -2.76564697e-05 -7.06215572
0 0 0 0 1 -0.0215777699 7.53475809
44 47 108 143 3 -6.0319413e-05 -5.51224899
97 98 116 127 3 -0.000185127996 -5.10235882
103 106 134 138 3 -0.000249374774 -3.71973729
122 127 44 59 3 -0.000148174542 -5.20347834
0 0 0 0 1 -0.461666226 7.69408131
90 91 101 136 2 -1.10864448e-05 -7.58079576
37 40 46 81 1 -0.000391794601 -4.25095129
0 0 0 0 2 -0.188763484 7.28070116
86 91 52 67 2 -3.74315532e-05 -4.13994741
49 53 113 115 0 -5.67426468e-05 -3.39067411
194 194 41 47 4 -0.000813360559 -4.52780676
65 67 84 115 1 -7.76041561e-05 -6.37257862
187 189 168 171 2 -2.38417924e-05 -6.32757044
0 0 0 0 3 -0.00363131519 5.4009037
138 140 122 130 2 -0.000271667523 -4.51759624
120 125 34 69 1 -5.82929752e-05 -3.20721054
115 118 183 187 4 -0.000132796718 -4.62171936
135 139 61 69 2 -0.000143883139 -0.863470018
143 147 57 66 2 -4.81602474e-05 -7.68668795
34 36 22 24 2 -9.33397096e-05 -3.27048922
0 0 0 0 2 -0.315688908 11.2240038
90 92 48 83 1 -6.79485529e-05 -3.43315983
0 0 0 0 4 -0.340829909 7.82430506
0 0 0 0 2 -0.00328693376 6.51008081
57 59 122 153 2 -0.0172307901 -2.80359912
120 125 48 55 4 -0.000360949314 -4.9600296
64 71 87 122 0 -4.2438216e-05 -4.67385817
130 135 54 55 0 -2.26496886e-05 -3.25381136
120 123 138 145 3 -5.11404469e-05 -4.61374521
115 123 179 202 0 -0.000351168885 -2.55196977
51 54 88 96 1 -0.000334128388 -3.71237826
158 162 180 185 2 -0.000863797904 -2.83635283
0 0 0 0 3 -0.574306607 9.35651398
0 0 0 0 1 -0.00329351705 5.72962141
164 167 71 94 4 -0.000283589296 -4.07077122
158 162 55 57 0 -7.1524235e-05 -4.58294725
0 0 0 0 2 -0.20298408 7.96974134
52 53 126 141 3 -0.00028847353 -5.64080763
105 107 125 160 1 -3.05174635e-05 -5.58703852
53 53 27 34 3 -0.000319229846 -4.27887535
32 32 57 68 3 -0.000138874806 -4.79121065
143 146 119 124 1 -1.75237274e-05 -5.12456131
108 111 131 139 3 -0.000102994709 -3.22695231
82 88 47 51 3 -8.73792669e-05 -4.17090416
33 33 111 114 2 -0.000397660129 -3.14143324
147 152 108 113 1 -8.09422054e-05 -5.37612629
116 120 132 167 3 -0.000210636397 -5.49808836
0 0 0 0 2 -0.00397853274 8.05986595
80 86 34 69 2 -1.77621441e-05 -5.8396554
126 126 48 79 2 -9.16707359e-05 -3.61360574
86 91 99 106 1 -5.61471461e-05 -5.74268198
0 0 0 0 2 -0.137198985 7.97491407
115 115 43 78 2 -0.000729762891 -3.37481427
69 73 45 48 1 -5.66240633e-05 -3.72635055
44 47 61 66 2 -2.87293442e-05 -5.44267225
0 0 0 0 2 -0.0290791504 7.97273302
157 158 100 135 2 -4.41071388e-05 -5.10074949
105 105 29 30 2 -8.35646861e-05 -6.70523643
0 0 0 0 2 -0.249590129 9.95387459
51 52 37 39 2 -2.36033593e-05 -5.41257
65 67 79 114 2 -0.00016903448 -2.87360096
136 140 120 128 2 -1.90734463e-05 -5.16869164
66 71 16 51 4 -0.000116585077 -3.53344178
87 90 107 118 0 -0.000195971792 -1.3945955
99 100 63 67 2 -2.26496886e-05 -4.99624729
80 80 95 126 3 -3.48089743e-05 -5.73671055
125 132 73 84 1 -0.000132081273 -4.54496574
0 0 0 0 2 -0.090213269 9.46946144
44 48 62 66 1 -7.71275954e-05 -5.49863386
122 126 51 57 4 -7.06905266e-05 -4.53540421
126 128 34 65 2 -0.00699848076 -1.7561816
0 0 0 0 2 -0.457654476 9.01234913
69 74 86 109 1 -4.63718898e-05 -5.81717825
0 0 0 0 2 -0.0103634829 6.54296827
50 50 68 74 3 -0.000799919537 -4.52403927
109 114 126 130 2 -3.24248067e-05 -5.67120838
141 147 95 130 0 -3.98156772e-05 -4.49556541
67 69 162 197 2 -5.07827644e-05 -5.61144972
0 0 0 0 2 -0.669075012 1.84872758
0 0 0 0 2 -0.739018261 7.77083778
153 154 105 113 3 -4.16037656e-05 -5.40197945
141 141 160 195 3 -0.00033758604 -5.25447178
116 120 160 164 3 -0.000233403451 -4.29266882
132 137 81 116 2 -7.5219803e-05 -5.1070528
214 216 157 192 3 -0.000140900913 -6.87269163
55 55 69 75 3 -9.15514975e-05 -4.96793413
0 0 0 0 2 -0.417570889 9.23802567
55 59 96 131 2 -0.000103591585 -7.03220272
35 39 47 51 3 -0.00198832178 -6.97096348
131 135 103 110 2 -0.00133857073 -3.75430727
0 0 0 0 2 -0.353742898 8.21563721
161 164 74 76 1 -0.000143883051 -3.53783536
115 117 65 100 4 -0.000359876372 -3.26603794
0 0 0 0 3 -0.148358539 7.29686308
79 84 66 68 4 -0.00027154971 -4.06321335
91 91 45 80 3 -5.2570871e-05 -4.43339825
109 109 128 137 3 -0.000225299707 -5.01196671
0 0 0 0 2 -0.170111448 8.3641386
45 51 56 58 1 -0.000238405817 -3.76539969
123 126 145 148 2 -0.000209563455 -3.16633654
42 47 64 79 1 -0.000130889195 -4.95814276
74 80 88 119 0 -0.000120396835 -2.61223769
0 0 0 0 1 -0.336859643 8.79840565
18 26 89 93 0 -9.97754687e-05 -3.1478529
100 109 26 61 1 -2.52722893e-05 -6.26817656
112 116 130 133 3 -2.00271079e-05 -6.22694111
90 90 105 108 3 -0.00032398972 -5.49016333
102 107 29 64 4 -3.42128442e-05 -3.76391673
70 75 89 124 1 -9.07168796e-05 -5.91931105
117 117 50 85 3 -0.000121949182 -4.35770035
109 111 125 130 1 -4.88754522e-05 -5.72495604
103 103 113 119 3 -3.91003559e-05 -5.80914211
0 0 0 0 1 -0.0601559207 6.70566511
108 113 42 73 0 -0.00028561466 -2.74139738
48 49 112 127 2 -1.45435106e-05 -6.2087245
58 63 154 161 1 -0.000194422901 -5.52120876
101 103 66 81 3 -0.000120517652 -4.5958066
53 53 67 74 4 -0.000110982386 -3.35959864
168 170 91 126 2 -5.99609994e-05 -6.75401497
117 117 98 107 3 -6.97364303e-05 -5.53046751
0 0 0 0 1 -0.353271872 7.37134457
161 165 118 141 2 -9.00018858e-05 -5.5666337
81 87 40 55 0 -3.51665112e-05 -3.2481668
136 138 89 124 3 -6.16307443e-05 -6.9580102
159 162 36 51 2 -0.000275241968 -6.4388504
51 54 63 66 0 -5.84118679e-05 -1.27656305
0 0 0 0 2 -0.0055904896 6.27534676
0 0 0 0 2 -0.00141644874 4.54502583
133 138 68 73 1 -0.000592304918 -2.86595249
0 0 0 0 3 -0.00571505912 5.32178879
133 137 77 112 4 -0.00125624053 -2.57641864
74 77 64 67 0 -2.9802226e-05 -2.77917767
0 0 0 0 3 -0.0220696256 7.08523083
0 0 0 0 2 -0.693128288 8.08926392
110 111 133 140 1 -0.00226669898 -3.95857334
34 34 42 57 3 -6.24651948e-05 -5.85142469
101 101 89 92 3 -3.00406027e-05 -6.06198168
0 0 0 0 4 -0.00441034371 5.19916105
56 59 157 192 0 -0.000741406693 -1.95500755
0 0 0 0 2 -0.455549777 8.36559677
0 0 0 0 2 -0.0739029944 9.36703873
78 85 111 118 1 -0.0002128981 -6.13095903
55 61 110 117 2 -6.31802977e-05 -3.76921654
55 59 85 87 4 -0.000232093123 -2.87057257
68 75 114 126 4 -0.000261890003 -4.57640219
54 59 42 48 2 -4.35111615e-05 -4.92141724
71 74 22 26 3 -3.83852021e-05 -5.12806225
129 136 101 108 1 -6.86640415e-05 -3.90177631
0 0 0 0 2 -0.142965123 9.41703224
123 131 23 58 1 -3.32592681e-05 -6.11687851
0 0 0 0 3 -0.31614694 8.46012402
190 196 135 170 2 -1.93118576e-05 -7.58569193
34 35 49 55 2 -9.39355887e-05 -4.35180759
68 74 47 51 2 -7.53395798e-05 -3.69373417
52 56 64 75 2 -4.54184046e-05 -6.80325127
135 138 104 115 2 -0.000303375477 -3.49855113
83 88 94 101 3 -7.17634102e-05 -5.49175358
87 89 132 134 1 -9.6915428e-05 -2.73067498
87 93 124 130 0 -4.61334494e-05 -2.48692751
43 55 127 150 0 -0.000507075049 -1.95872021
142 147 54 62 3 -0.000125763996 -4.34120035
144 150 89 124 2 -0.000112531809 -4.62790346
74 78 51 57 2 -2.55107188e-05 -5.83278751
0 0 0 0 0 -0.059483137 10.215992
103 107 137 143 2 -0.000133869617 -5.17874432
0 0 0 0 3 -0.503801525 8.88864613
15 21 32 63 0 -0.000100134668 -1.97578919
133 133 40 46 3 -5.49550641e-05 -5.6041913
108 109 53 88 2 -2.59875524e-05 -5.94809484
155 159 85 89 3 -0.00013982979 -4.6487298
22 22 96 105 2 -0.000115034491 -5.99080467
0 0 0 0 2 -0.0707630962 10.2391605
51 52 83 98 3 -9.64391365e-05 -5.02471781
110 113 101 104 4 -0.000254861196 -3.5156765
161 166 138 142 2 -0.000156637921 -3.66425228
45 47 96 127 2 -0.000131127686 -5.79551172
59 60 71 106 2 -1.69276864e-05 -4.60407162
117 120 40 47 2 -5.304769e-05 -5.59367895
57 63 79 84 2 -4.76834357e-05 -4.67229652
109 111 131 166 3 -0.000106928957 -5.07771587
0 0 0 0 2 -0.0502142012 9.17521191
0 0 0 0 4 -0.0359193683 7.40049505
241 242 141 176 1 -0.557874382 -2.47222614
88 88 38 73 3 -0.000173921784 -4.79253483
62 67 103 110 2 -4.12461995e-05 -6.26050568
51 51 66 101 2 -2.01463154e-05 -6.29601765
140 141 58 65 2 -0.00353866071 -3.66049147
109 109 131 133 4 -0.00041279936 -3.48789454
0 0 0 0 1 -0.00929222256 6.59521914
118 123 136 143 3 -7.99885747e-05 -5.01519537
165 170 34 37 0 -3.55242119e-05 -3.70941877
44 48 66 72 4 -9.93000431e-05 -2.20830035
17 24 28 30 0 -0.000121590172 -5.48014784
134 141 161 165 3 -0.000601338397 -4.15299702
31 38 46 50 1 -9.96574236e-05 -3.31713676
165 168 218 222 4 -0.000790628139 -2.9237113
0 0 0 0 1 -0.0574409142 9.42447472
94 97 153 176 2 -5.80542874e-05 -5.3503437
147 148 54 89 2 -0.000164862911 -4.11869621
0 0 0 0 2 -0.310997933 8.74641705
0 0 0 0 2 -0.239991486 9.39289379
0 0 0 0 3 -0.0359486789 5.35562992
62 65 77 84 4 -3.56433811e-05 -4.41365433
0 0 0 0 1 -0.0181874558 4.48959112
67 71 86 94 3 -0.000189418541 -4.54944944
39 44 47 62 3 -0.000200503258 -5.3870101
78 79 134 145 2 -0.000380250218 -4.40017843
51 55 63 67 2 -1.3113e-05 -5.1789341
45 48 59 74 3 -6.05578316e-05 -5.65111065
126 134 35 70 0 -1.70468938e-05 -4.21877766
0 0 0 0 4 -0.0159963332 0.843975425
0 0 0 0 2 -0.58434236 8.0358057
51 60 73 82 0 -0.000167243823 -2.05149603
0 0 0 0 2 -0.00902385451 7.08315182
93 97 57 80 2 -0.000159855816 -7.40727425
47 55 74 78 0 -5.22131522e-05 -1.82605076
110 111 90 97 2 -3.44513501e-05 -5.60290527
51 57 140 145 3 -0.000703628408 -3.58855987
0 0 0 0 2 -0.727517962 8.86653042
0 0 0 0 0 -0.0811267421 8.76399803
0 0 0 0 2 -0.323833764 8.20864487
116 118 133 138 2 -0.00119111757 -2.43477988
26 30 36 59 3 -0.00411303062 -9.36070633
0 0 0 0 2 -0.331180036 10.3341293
141 141 94 109 2 -0.000828383025 -5.1749239
26 27 37 45 2 -8.30877179e-05 -2.58433676
0 0 0 0 2 -0.0370662287 8.1501255
111 111 35 70 3 -0.00014125969 -6.97139263
58 59 85 120 2 -9.10746239e-05 -3.9481051
89 90 98 109 2 -3.98156772e-05 -6.9552412
0 0 0 0 2 -0.0075683333 7.31763887
83 88 36 67 1 -0.00057834317 -2.57764173
0 0 0 0 3 -0.0162983369 6.9787302
116 118 158 181 2 -0.000149127824 -6.26675606
76 79 89 120 3 -6.5325803e-05 -6.18341351
159 165 37 44 2 -0.000161525139 -2.6295414
56 63 110 145 3 -2.86101258e-05 -5.96625423
108 109 116 122 3 -5.92465585e-05 -4.84764433
88 92 145 151 2 -0.000143166777 -2.01167011
57 57 70 77 3 -7.71273772e-05 -5.23010588
101 102 58 69 2 -0.000118491334 -3.0199883
85 85 91 126 3 -0.000101325182 -6.43075466
95 101 83 90 1 -0.000124809856 -3.51998854
0 0 0 0 3 -0.561112523 8.60971737
85 87 43 58 1 -3.54049916e-05 -3.16980457
92 92 105 120 2 -0.000546655559 -4.80211401
84 85 114 120 2 -7.22402037e-05 -4.11401892
144 146 122 130 2 -0.00123082392 -3.77664113
94 96 64 69 2 -1.96694873e-05 -3.91970348
86 86 101 136 2 -0.000156636335 -4.48802471
0 0 0 0 3 -0.479709327 9.06156349
80 83 99 110 4 -0.000543797156 -2.97945118
89 94 49 80 1 -0.00422471669 -0.515024185
70 76 88 95 3 -4.30343134e-05 -5.32639027
0 0 0 0 0 -0.0345891006 10.3607168
22 26 104 111 2 -0.000455949106 -3.65597486
117 123 42 46 2 -0.000108121298 -3.83068848
121 121 91 114 2 -6.07962575e-05 -5.912848
14 16 20 25 2 -0.0760827661 -6.42250443
106 106 117 121 3 -9.2385977e-05 -5.46512556
104 106 45 80 3 -6.42531886e-05 -5.81379938
108 118 133 144 0 -0.000284397334 -2.38371229
44 49 86 117 2 -0.000119325116 -5.75149632
63 67 128 135 3 -0.000393250608 -5.82159758
0 0 0 0 4 -0.0388735496 7.60350275
0 0 0 0 3 -0.976406813 9.44141388
151 157 189 192 1 -0.000201458039 -3.58196354
0 0 0 0 3 -0.097449258 5.1442647
83 86 38 73 2 -2.45570445e-05 -6.03052139
0 0 0 0 2 -0.827900827 9.93016052
173 180 146 154 0 -5.71007113e-05 -3.49285674
42 42 59 94 4 -0.00116507511 -3.33466983
22 27 34 69 0 -0.00209093606 -6.06294394
65 67 92 103 1 -0.0005242076 -1.57202184
0 0 0 0 3 -1.16100347 8.45354843
134 137 40 47 2 -2.39610017e-05 -6.24931288
0 0 0 0 2 -0.423408717 8.11883926
0 0 0 0 2 -0.0299522392 7.96839571
221 221 42 49 3 -0.000597654434 -4.20724964
108 112 53 88 3 -5.31669866e-05 -5.03095675
0 0 0 0 3 -0.0163745582 3.94237423
88 92 60 68 3 -9.19094018e-05 -4.75163746
0 0 0 0 3 -0.0049664313 6.10325241
138 143 65 100 0 -3.21863336e-05 -4.35111618
58 61 142 177 2 -3.12327174e-05 -7.0301857
110 114 123 130 2 -0.000571799988 -4.81890631
0 0 0 0 3 -0.175443396 7.27176523
85 92 101 136 2 -5.09020538e-05 -4.27057314
98 98 51 86 2 -0.856188655 -4.50554609
105 110 120 128 1 -4.54183755e-05 -4.26036406
40 47 56 91 2 -5.8054542e-05 -6.54572392
82 82 64 70 3 -0.000183934972 -4.40070438
30 35 46 61 3 -1.2397747e-05 -6.29807091
0 0 0 0 2 -0.684208393 8.02044582
163 167 108 115 2 -0.000111697627 -4.56797934
88 88 99 104 3 -5.97234466e-05 -5.61320734
106 113 65 69 0 -5.57892454e-05 -2.32893491
0 0 0 0 3 -0.851437151 9.29948139
38 46 50 55 2 -0.000265109906 -7.51092196
124 129 96 100 1 -0.000594770478 -2.05768824
107 110 60 95 3 -0.0105635803 -3.47499371
0 0 0 0 2 -0.0106742214 8.76407337
58 62 100 135 3 -0.000240316294 -4.67977285
0 0 0 0 1 -0.00649670558 6.75486135
108 111 130 137 2 -6.62795646e-05 -3.91792393
59 67 94 101 1 -7.18823576e-05 -5.30313778
229 235 67 102 2 -0.00124523765 -5.19983578
89 91 159 194 2 -0.000334232318 -4.43815374
62 65 80 115 1 -7.47434024e-05 -5.46639204
44 44 49 52 4 -0.017464079 -4.80286264
0 0 0 0 1 -0.531644464 8.36425686
49 53 84 92 1 -0.000121829551 -4.65672398
215 217 160 195 2 -0.0831234828 -7.34877157
30 35 101 136 2 -0.000116704003 -3.70091176
115 118 130 133 1 -5.61471388e-05 -5.59743166
139 142 123 127 1 -0.000299076783 -5.38407898
0 0 0 0 1 -0.113232374 8.37418938
43 43 129 133 3 -7.91540369e-05 -4.66545296
107 114 73 77 0 -4.4106986e-05 -2.40160108
63 66 18 53 4 -0.0170749854 -2.63334513
0 0 0 0 2 -0.166651085 7.60188723
51 53 80 115 2 -0.000113246992 -3.42354155
109 112 48 51 2 -0.000114677416 -3.31730652
129 133 110 114 3 -0.000403972139 -3.30946636
137 143 31 46 1 -0.00010979033 -4.90816307
135 141 45 80 1 -6.15114477e-05 -4.6406374
99 107 84 86 0 -9.35770076e-05 -2.8157084
150 150 48 71 2 -0.000434134214 -5.73320913
97 102 112 116 3 -5.7100875e-05 -5.93356514
176 177 142 151 2 -0.00898022763 -0.98510474
32 36 113 148 3 -0.00626829267 -2.94198561
129 136 76 78 0 -2.348417e-05 -2.881531
117 118 55 60 2 -1.90734445e-05 -4.63947439
71 75 89 96 3 -0.000103233862 -5.4416008
0 0 0 0 4 -0.00987347495 6.77556086
118 122 34 69 4 -0.000230424732 -2.21613288
61 67 45 50 0 -2.12191935e-05 -1.97563839
0 0 0 0 2 -0.00260064541 6.80943251
107 111 89 93 3 -8.65447655e-05 -4.25552797
59 66 132 139 0 -5.78159088e-05 -3.2321744
66 67 78 86 3 -3.33783973e-05 -5.55232859
63 64 123 134 2 -0.000350092479 -3.74186301
102 102 135 170 2 -0.000295626378 -6.78601551
128 128 103 114 2 -0.000181432391 -5.26249266
130 130 42 77 4 -0.000418881624 -4.07236052
41 41 56 87 2 -5.11404069e-05 -5.63951826
173 177 118 122 2 -0.000771283172 -1.9124006
48 53 151 158 2 -7.53393542e-05 -4.45195055
0 0 0 0 2 -0.00269486709 5.13592196
113 117 23 58 3 -5.18557245e-05 -7.04551077
49 51 95 103 1 -0.000446158636 -1.909361
106 107 115 122 2 -0.00027488367 -3.12388229
45 47 65 69 2 -0.000102399281 -2.7878871
0 0 0 0 2 -0.0046584052 6.59858418
190 191 144 149 4 -0.00129535957 -3.50572801
58 58 123 123 3 -0.0198123269 -3.35649586
0 0 0 0 2 -0.0954167843 8.96591187
0 0 0 0 0 -0.146853328 10.3036604
0 0 0 0 2 -0.00256920606 5.00826406
0 0 0 0 3 -0.00951281935 7.73286533
69 70 26 57 3 -3.36168887e-05 -6.11970329
47 47 59 66 3 -0.000347590423 -5.1248045
0 0 0 0 3 -0.666196167 8.20763111
0 0 0 0 2 -1.06772554 8.88463688
132 132 69 104 4 -0.000246394397 -4.98165131
61 66 139 143 2 -7.24785932e-05 -4.56051016
16 20 25 30 4 -0.0231173579 -4.48796892
91 96 139 148 3 -0.000365592598 -4.60782051
48 52 67 71 3 -0.000131604829 -5.29381084
123 124 110 113 2 -8.02267459e-05 -3.81092906
74 78 60 68 3 -5.09019847e-05 -4.64365196
62 65 81 104 3 -7.49819883e-05 -6.70133448
100 104 173 208 0 -6.89023582e-05 -4.69269228
30 30 47 55 2 -6.0676397e-05 -7.90851498
67 72 20 55 2 -1.69276864e-05 -5.84970903
0 0 0 0 1 -0.00866739359 7.51082802
48 49 108 111 2 -0.000141975412 -3.86078262
0 0 0 0 3 -0.215278581 9.53464127
151 154 45 56 1 -8.23727751e-05 -3.94915867
92 99 182 189 0 -3.1351803e-05 -3.54775667
186 188 70 105 2 -0.00071106921 -4.0811429
114 118 53 62 3 -2.38417961e-05 -5.66068649
68 72 20 23 3 -0.000264634058 -4.65641022
79 83 155 190 4 -0.00177805475 -3.90034652
0 0 0 0 1 -0.309019148 8.09644699
105 107 121 123 3 -3.2186399e-05 -5.84830761
152 153 53 84 3 -0.000634731608 -3.73942375
118 125 136 159 2 -3.62394348e-05 -7.84395838
76 77 84 107 3 -7.20017415e-05 -6.3691411
43 48 107 113 1 -3.50474002e-05 -2.89698434
125 129 144 147 2 -0.000521739828 -1.3215822
64 64 112 119 3 -0.000889902876 -4.51378775
45 45 116 125 3 -8.57104314e-05 -5.15947628
0 0 0 0 3 -0.449842751 9.259758
86 87 97 104 2 -2.31265203e-05 -5.17461061
117 124 46 57 2 -1.80005591e-05 -7.17414904
81 86 120 123 1 -0.000259628316 -3.46044493
87 93 105 113 3 -3.11134609e-05 -5.88458014
132 132 53 88 3 -0.000154253983 -4.50180864
0 0 0 0 2 -0.233437702 7.97972345
57 62 98 109 3 -2.88485408e-05 -5.75989437
109 110 121 128 3 -6.67566273e-05 -6.15794706
73 81 127 142 1 -0.000101802616 -4.62639618
148 152 170 205 2 -7.1882263e-05 -4.94715977
128 128 108 111 2 -0.000185485056 -5.11368799
64 69 125 148 3 -0.000116823649 -5.21028137
50 54 121 156 3 -0.000531991129 -3.91816831
79 83 59 66 1 -0.000239007655 -3.90842104
138 145 43 78 1 -0.000120637633 -3.1237936
62 66 34 41 2 -5.98425831e-05 -4.44061661
151 151 176 211 3 -0.000293243938 -5.61482191
126 134 78 83 0 -9.89435921e-06 -5.34675789
109 111 126 134 3 -5.67432144e-05 -5.09034967
121 121 130 137 4 -0.000171776526 -5.27293682
163 168 61 69 2 -4.86370773e-05 -7.07811546
103 103 117 140 3 -3.08750896e-05 -6.47787857
71 72 50 55 2 -5.60278531e-05 -3.19255042
0 0 0 0 2 -0.00364920637 6.21621084
158 158 103 138 3 -0.000449026906 -4.28553486
68 68 23 58 3 -3.23055501e-05 -6.76889467
202 210 48 83 2 -7.02136749e-05 -6.34006977
0 0 0 0 1 -0.0156504363 5.66497803
124 128 60 95 1 -5.71008823e-05 -4.19733238
119 124 72 107 0 -1.21593275e-05 -4.94934988
0 0 0 0 3 -0.00711805886 4.002316
0 0 0 0 2 -1.03148484 7.49094629
0 0 0 0 2 -0.385181904 9.30898571
24 30 60 95 1 -0.0011168191 -2.81372094
23 28 99 130 1 -0.00233510416 -1.55820072
79 79 89 120 3 -0.000449749146 -3.85581732
59 59 76 91 2 -0.000192159932 -5.16497087
0 0 0 0 2 -0.00503558805 6.58376074
156 157 95 118 3 -0.00100251311 -4.40073586
64 67 37 39 1 -0.00012588207 -6.60785818
0 0 0 0 2 -0.900485039 9.71862316
46 48 84 115 1 -2.55107079e-05 -6.15584612
0 0 0 0 3 -0.00311963935 3.1112442
16 21 25 60 2 -0.000296575658 -5.61927938
103 107 119 130 3 -0.000141140612 -5.13317966
151 151 51 86 2 -0.000261418027 -6.1568799
98 98 117 122 3 -5.86505121e-05 -5.65694714
135 140 39 50 1 -4.32726702e-05 -5.43289185
82 92 62 67 0 -6.67565619e-05 -3.6463728
137 141 84 90 0 -8.41597503e-05 -3.25201297
139 142 28 35 0 -0.00823624246 -1.1839211
121 123 75 110 2 -2.49146742e-05 -6.78499365
19 20 41 48 3 -8.34456732e-05 -7.41587353
141 145 91 126 3 -6.32995871e-05 -5.09013605
112 114 99 107 2 -7.52200358e-05 -2.99590874
62 67 83 83 1 -0.238788038 -1.54159343
88 94 61 68 1 -6.36569603e-05 -3.17990541
88 92 107 142 0 -2.21728587e-05 -5.06736135
71 73 116 126 2 -0.000135893177 -4.70139742
110 110 116 124 3 -7.97501853e-05 -4.85688877
56 59 126 132 1 -0.000115631177 -5.9684906
104 109 57 92 1 -3.0398247e-05 -4.83654308
149 153 115 130 2 -8.94057157e-05 -3.61295867
31 38 49 53 1 -7.46241058e-05 -5.90984821
125 128 63 68 2 -1.95502816e-05 -5.51051331
207 209 153 160 2 -4.10077409e-05 -6.24822903
138 140 116 123 2 -6.07962429e-05 -4.65332556
12 12 17 21 4 -0.000368558831 -4.11393595
12 15 19 42 0 -0.000620967767 -4.92713785
115 118 127 138 4 -0.000709689222 -4.22964764
97 101 40 49 3 -1.56163878e-05 -5.33117056
60 61 74 109 3 -0.000196810084 -6.16192818
80 81 53 68 4 -0.000211349718 -2.78012776
28 29 37 52 2 -0.000120041805 -4.12532997
90 95 31 62 4 -0.000260701461 -3.39864564
102 102 56 61 3 -0.000351047231 -5.69033861
56 60 121 127 2 -0.000123618156 -4.75217199
59 67 85 116 2 -1.63316436e-05 -6.88475561
48 55 71 76 1 -3.85043677e-05 -5.08531666
88 89 121 125 4 -0.000113604925 -4.65649366
50 53 73 104 3 -0.000159856281 -5.72910595
57 60 70 77 3 -1.84773962e-05 -5.07034397
46 49 58 61 2 -0.000121709701 -5.35340834
39 42 46 57 1 -0.00179480063 -2.231498
92 96 61 66 1 -9.524692e-05 -5.41190338
37 38 42 50 2 -0.00150557572 -6.16960335
37 38 51 86 2 -4.89946979e-05 -3.57979822
39 45 90 125 0 -1.9550258e-05 -3.81866407
87 89 97 105 2 -4.05309038e-05 -4.00409794
77 80 88 123 3 -7.29553503e-05 -4.96317053
68 76 95 98 0 -1.2755374e-05 -3.12564635
67 67 47 55 3 -6.18690974e-05 -4.72642803
60 60 78 85 3 -0.000318384817 -5.93596411
56 56 73 108 3 -5.86504866e-05 -4.61642599
50 53 65 74 2 -5.80544765e-05 -5.28723526
72 72 104 139 2 -7.55776855e-05 -3.9559598
114 120 91 98 2 -5.74583901e-05 -4.55507517
112 112 37 72 3 -0.000288829615 -4.49067497
84 91 49 53 0 -2.93252888e-05 -2.63337755
50 52 79 87 3 -2.6583577e-05 -6.11907864
90 91 67 75 3 -4.39879623e-05 -5.26642418
121 122 20 35 3 -8.41609144e-05 -5.72777462
28 28 97 128 3 -0.00113879191 -4.51015615
5 6 9 44 3 -0.000458438968 -4.00230551
141 141 91 114 3 -0.000142690842 -5.27254581
56 57 129 134 2 -0.000147935876 -4.11358356
129 129 44 67 3 -9.7869517e-05 -5.63221931
24 24 28 51 2 -0.000448660634 -7.94088459
127 129 107 122 3 -0.000199908682 -5.84170771
52 54 66 73 2 -9.76309384e-05 -3.29299474
108 108 85 88 2 -0.000118730488 -4.93289185
80 83 34 69 2 -1.77621496e-05 -6.80195808
105 107 126 141 2 -3.88620101e-05 -5.10274649
62 62 70 74 2 -0.000128028798 -4.17247534
130 136 59 94 1 -8.14189407e-05 -5.59463263
49 49 69 104 3 -2.0980784e-05 -6.96636772
86 86 115 150 3 -0.000166292928 -5.64488554
71 76 46 53 1 -1.65700549e-05 -6.12880468
174 177 122 128 2 -0.000335441291 -3.74508333
117 117 66 101 3 -5.00672577e-05 -5.52465582
134 134 100 123 3 -0.000122426034 -4.89901495
101 103 75 86 1 -5.79352782e-05 -4.4122529
92 95 50 85 2 -0.000267850148 -6.01127815
140 143 95 118 2 -3.93388509e-05 -6.62765217
17 18 39 45 2 -0.00097402744 -6.68792629
15 18 51 62 1 -0.000102398939 -4.56235123
70 73 85 91 2 -3.76699172e-05 -4.89971542
142 142 121 126 2 -6.41341176e-05 -4.91949654
98 98 109 140 2 -0.00118818041 -3.00947142
0 0 0 0 3 -0.0165300351 6.04241037
0 0 0 0 3 -0.0365827791 7.84734201
0 0 0 0 3 -0.000433424459 0.749514997
0 0 0 0 3 -0.016254032 6.06810904
0 0 0 0 2 -0.592704356 7.87223387
0 0 0 0 3 -0.00400448358 7.88889027
0 0 0 0 2 -0.00405081687 9.19825077
0 0 0 0 2 -0.037058495 8.14187717
0 0 0 0 3 -0.0340965502 7.63347149
0 0 0 0 2 -0.482025355 9.37349415
0 0 0 0 2 -0.701061547 10.3577747
0 0 0 0 3 -0.841452837 8.8766861
0 0 0 0 2 -0.0260971226 7.95804739
0 0 0 0 0 -0.300966412 10.338356
0 0 0 0 3 -0.470308781 9.4617281
0 0 0 0 3 -0.0295886751 7.90436602
0 0 0 0 2 -0.0124682104 6.96516991
0 0 0 0 2 -0.0265547018 8.74789524
0 0 0 0 2 -0.0430720001 6.65624523
81 83 61 65 1 -3.88620247e-05 -4.43831444
55 65 90 98 0 -0.000114796276 -2.71329832
21 24 28 63 2 -0.00262289122 -2.57257938
78 82 123 158 1 -3.80275887e-05 -4.93829203
38 42 98 133 3 -0.000113842631 -5.31986141
39 47 99 103 1 -0.000138995078 -3.76160836
53 55 91 126 1 -0.000159020914 -3.80916023
128 130 103 118 2 -0.000423156103 -4.18287611
76 76 90 99 3 -0.000325421133 -4.62587881
126 131 142 147 0 -6.21075378e-05 -3.15760112
46 48 59 66 2 -5.32858212e-05 -4.81007624
72 76 109 144 2 -5.22132541e-05 -6.19664955
35 38 48 56 0 -1.72853033e-05 -4.07868004
53 56 68 75 0 -2.05039414e-05 -1.85439003
52 57 71 102 3 -0.000375244475 -3.46896076
137 138 101 132 3 -0.000791697006 -4.89448833
36 41 105 112 1 -4.18422205e-05 -3.9551692
47 47 83 94 3 -0.000153298941 -5.36228848
128 132 190 198 0 -0.00180825591 -2.55197167
81 88 41 46 1 -4.01733123e-05 -5.04204702
164 169 44 67 3 -0.000305038295 -4.66594076
43 47 57 62 4 -0.000425294333 -3.4796133
52 55 77 112 1 -0.000219576235 -3.25107026
0 0 0 0 3 -0.751056314 10.5981283
148 153 52 87 4 -0.000247351272 -0.583788216
77 82 96 107 4 -0.000198358757 -4.05731535
40 40 52 63 4 -0.000365837186 -4.28951788
20 24 55 58 4 -0.000318872218 -0.937654734
0 0 0 0 3 -0.772876978 9.49921703
0 0 0 0 1 -0.00300466293 4.21590328
28 32 47 82 1 -5.12595579e-05 -5.11205149
111 116 146 181 0 -0.000153538058 -4.37665987
0 0 0 0 1 -0.221043199 9.12102222
0 0 0 0 3 -0.0222962573 7.32444477
114 114 73 80 2 -0.000152823079 -5.55200243
52 57 121 129 1 -6.29419446e-05 -4.44178295
0 0 0 0 2 -0.505619645 9.68837643
72 75 59 66 0 -3.8385213e-05 -2.35454583
61 67 143 149 0 -1.0490402e-05 -4.56014585
41 41 45 48 2 -0.00158514897 -3.80757856
41 45 59 64 2 -1.80005682e-05 -4.90257931
156 157 100 107 2 -6.44916363e-05 -3.32796502
93 98 179 181 0 -0.000140425458 -2.71118951
126 130 30 65 3 -0.00010943276 -7.04528666
0 0 0 0 3 -0.0138954595 7.17361498
129 133 57 64 2 -3.25439614e-05 -3.97886944
61 65 100 103 1 -7.46242149e-05 -6.85139561
0 0 0 0 1 -0.0577873476 8.84437466
10 13 23 26 2 -0.00140805065 -0.914114892
63 65 119 126 2 -0.000479185459 -3.71231651
25 29 88 93 1 -0.000244728319 -3.77801442
0 0 0 0 2 -0.888511121 9.2578907
109 109 54 59 2 -0.000415064627 -3.26617527
89 96 57 61 2 -5.41206391e-05 -4.33596182
0 0 0 0 3 -0.024684662 7.75353193
109 113 39 45 3 -2.28881272e-05 -5.97926283
41 47 62 97 3 -5.76969032e-05 -5.22423935
82 88 40 75 1 -0.000314696343 -3.08632803
125 127 145 180 2 -0.000626746449 -5.45756197
46 47 92 99 2 -0.000116703784 -4.86754417
47 55 65 71 0 -0.000210503538 -2.88375831
87 87 61 69 3 -0.000547482807 -3.69531178
48 52 94 129 3 -4.54184701e-05 -5.4349227
70 73 90 125 3 -0.00026356295 -4.32412052
60 63 46 49 2 -8.10615456e-05 -3.50439048
54 54 89 124 2 -0.000349857495 -4.61853313
0 0 0 0 4 -0.000685290142 3.54571438
74 78 92 103 3 -0.00051101268 -4.63626003
0 0 0 0 2 -0.271121174 8.08341694
86 90 103 114 4 -0.000212305065 -4.62989044
108 110 122 129 1 -4.88752994e-05 -6.49034262
130 130 84 119 4 -0.000244848547 -4.2184906
0 0 0 0 2 -0.0132219288 8.54881954
43 44 56 60 4 -0.000159498828 -4.82784224
54 54 27 30 4 -0.000204081283 -4.97474194
112 112 62 97 3 -0.000140068019 -5.04885435
199 200 125 132 2 -4.73257969e-05 -5.1982584
137 139 118 127 2 -0.000691223191 -2.16121316
126 127 87 110 3 -3.82659528e-05 -7.20959616
116 117 162 173 3 -0.000117657779 -6.51160622
120 131 58 61 0 -1.56163733e-05 -3.24893999
53 53 110 112 3 -0.000206344586 -4.85142851
48 53 85 120 3 -2.27689034e-05 -5.93862772
41 46 78 86 1 -3.88620247e-05 -4.44574451
27 31 90 121 1 -0.00263685407 -1.77357054
67 71 127 130 0 -2.32457132e-05 -5.28084421
191 197 73 80 1 -0.001060209 -2.72728109
0 0 0 0 2 -0.0743034258 9.35870171
32 33 49 64 2 -0.000115869392 -5.8193531
46 49 56 91 1 -6.84253318e-05 -3.58040595
0 0 0 0 2 -0.0240391679 7.46422577
0 0 0 0 2 -0.065538384 7.72205353
114 122 69 104 2 -4.72066095e-05 -5.04142857
92 96 33 38 3 -1.44242986e-05 -5.59942293
97 101 60 67 3 -9.94194343e-05 -4.95908976
0 0 0 0 2 -0.365765423 8.27591991
55 65 99 130 0 -3.57625759e-05 -6.67384195
161 167 99 134 3 -0.0070136562 -3.81323481
100 103 47 53 4 -0.000226967459 -4.7226634
0 0 0 0 2 -0.00318529527 6.32298803
0 0 0 0 1 -0.0108628832 4.41250563
120 125 96 100 2 -5.72200515e-05 -4.59887791
126 127 50 57 2 -5.30477046e-05 -5.16103077
70 70 91 95 2 -9.85847437e-05 -4.36373234
146 151 35 70 3 -2.28881127e-05 -6.19849157
44 44 141 145 3 -0.000362855266 -5.10819149
86 88 179 214 2 -0.00153302436 -2.79569244
0 0 0 0 3 -0.531929016 7.79616547
37 37 52 60 4 -0.000382043334 -2.37552547
102 106 53 88 1 -4.23190286e-05 -4.8031888
66 66 52 57 3 -7.60548355e-05 -5.07161045
33 38 43 48 4 -0.000124332815 -4.31498766
110 113 126 157 3 -0.000136608607 -4.88685703
112 118 46 53 2 -1.89542279e-05 -7.16968298
26 27 110 119 1 -0.000156754832 -4.63171244
0 0 0 0 3 -0.435396045 8.0026083
113 118 127 135 4 -0.000188222883 -4.39120436
100 100 60 95 3 -0.0222571827 -6.96986055
141 146 93 128 3 -5.35245272e-05 -6.28533077
0 0 0 0 0 -0.0955061764 10.4912739
42 46 103 107 2 -0.000183813157 -5.29737616
0 0 0 0 3 -0.718673527 9.5530653
151 152 110 117 3 -0.000720176555 -4.18058395
32 35 40 52 2 -9.79887991e-05 -5.39046335
111 115 188 223 2 -0.000334962155 -4.39245701
0 0 0 0 2 -0.225699976 8.03973103
28 32 70 93 3 -0.000359516154 -4.60093069
31 33 192 227 1 -0.000686757616 -2.84242749
126 133 109 114 1 -2.83716436e-05 -7.17929792
57 58 73 75 4 -0.00125577021 -3.31824565
0 0 0 0 2 -0.00882749632 2.50114608
81 88 45 68 2 -0.000832817343 -2.89435673
115 115 176 211 2 -4.79217888e-05 -8.48111248
17 25 92 96 0 -4.64912446e-05 -3.30828905
65 71 91 95 0 -0.000243280942 -0.365340889
45 49 64 99 2 -2.64643641e-05 -5.45178509
52 53 81 82 2 -0.000129935273 -3.52497053
60 61 75 90 1 -0.000175828507 -3.90678334
140 144 46 81 4 -9.91809502e-05 -3.99160004
120 126 94 101 1 -6.56837074e-05 -5.14226913
57 64 123 158 4 -0.000238171633 -4.70439577
87 91 75 81 1 -9.10746021e-05 -4.8592453
75 77 54 60 2 -0.000123975624 -6.44073057
105 105 114 120 4 -9.54852439e-05 -5.2848177
47 52 143 149 1 -0.000236623862 -3.67262554
102 107 47 49 0 -4.89943195e-05 -2.92022109
87 89 56 67 2 -9.65593699e-06 -7.23178196
111 111 129 144 2 -0.000293600839 -5.53248501
82 88 97 132 2 -6.75906122e-05 -6.30680084
110 118 96 98 0 -0.000130529763 -2.31215906
140 143 154 156 2 -6.47298584e-05 -4.5042901
101 105 49 58 0 -1.35898272e-05 -2.82147169
23 27 53 60 4 -0.000354513119 -3.19556928
104 108 123 134 2 -2.13384064e-05 -6.45834589
47 53 119 122 2 -0.000175233596 -2.50287271
72 72 112 115 4 -0.000269757176 -5.31493855
0 0 0 0 3 -0.0138708418 6.58600903
108 109 128 134 2 -0.000155445174 -5.90871143
0 0 0 0 2 -0.024025077 7.97008276
0 0 0 0 4 -0.000253544567 2.61136293
83 84 72 76 3 -0.000199191971 -5.02092123
40 41 52 58 2 -0.000182743286 -3.73011684
131 135 52 87 3 -2.96830149e-05 -5.31971025
0 0 0 0 2 -0.00100041181 5.36064196
0 0 0 0 2 -0.269972563 9.26950264
60 67 44 49 0 -1.93118594e-05 -2.64269996
75 78 39 54 0 -3.67161956e-05 -1.66911292
145 150 163 170 4 -0.00075330853 -3.33509135
161 165 52 63 2 -0.000158306008 -4.88478899
43 51 55 60 2 -0.000146623875 -6.47643518
47 51 70 77 0 -7.51000189e-05 -2.06118727
57 57 100 102 2 -4.66105193e-05 -5.72516584
104 109 159 194 2 -0.000290263357 -3.28787827
44 49 124 135 2 -0.000398972013 -2.662956
0 0 0 0 0 -0.123191275 8.23990631
0 0 0 0 2 -0.00584716909 1.77612877
7 12 18 53 4 -0.00237927632 -3.73920465
41 41 50 85 3 -0.000169868668 -5.669487
199 202 51 86 2 -1.60932159e-05 -9.13019848
0 0 0 0 2 -0.119949251 9.76584435
68 74 203 209 2 -0.000608983217 -4.84332418
61 65 198 204 1 -0.000640028506 -4.71521473
101 102 52 60 3 -0.000100253616 -5.1969161
76 80 93 128 2 -0.000122541576 -4.92740965
37 41 55 90 2 -3.81467871e-05 -5.26256514
84 86 111 116 2 -1.26361638e-05 -7.59613562
24 28 36 71 2 -0.000746466103 -3.98070455
0 0 0 0 2 -0.20298408 7.96974134
110 114 43 50 4 -0.000115750605 -2.68960667
109 111 122 157 2 -0.000234118343 -3.73903918
0 0 0 0 3 -0.0126107652 4.24728203
0 0 0 0 1 -0.0160629414 7.68280983
59 59 122 133 3 -8.41608489e-05 -5.01539755
13 19 31 34 2 -0.000240437468 -2.73858619
36 43 56 63 2 -0.0113506448 -2.27498865
12 17 30 33 3 -0.0394347087 0.0207026675
80 88 119 125 3 -0.000343899592 -4.27333832
0 0 0 0 3 -0.127767101 9.76167011
214 218 48 56 2 -0.000705005019 -2.86325312
112 112 87 92 3 -4.97099718e-05 -5.78956127
69 76 59 64 0 -2.3126544e-05 -3.40136743
0 0 0 0 3 -0.52399826 6.79817247
83 83 54 61 3 -0.000315650715 -4.39539671
54 58 75 82 3 -0.000108359716 -3.2068789
140 145 82 93 3 -0.000255931256 -6.86682796
162 164 93 128 1 -7.89153855e-05 -4.2546525
0 0 0 0 1 -0.238289952 7.18169594
58 58 108 119 3 -7.46242295e-05 -4.86382675
39 44 57 92 0 -7.2717603e-06 -4.2178936
48 48 69 71 4 -0.000665965024 -3.6777997
105 112 129 134 2 -0.000140663833 -3.87303948
135 140 56 91 1 -2.92060849e-05 -5.07528687
59 63 124 132 4 -0.000154492198 -3.87012649
114 118 53 58 4 -8.0107653e-05 -4.80432892
0 0 0 0 2 -0.0107814437 8.93486977
0 0 0 0 3 -0.215980947 8.64426899
0 0 0 0 4 -0.0441324599 7.12385702
30 32 52 87 1 -0.000487646321 -4.25054789
40 40 74 89 2 -5.61470442e-05 -5.18343258
36 38 78 81 2 -1.1682494e-05 -5.43154335
53 55 120 122 2 -3.3616845e-05 -4.67895126
15 15 31 38 2 -0.0058245156 -1.67066073
103 104 50 85 2 -1.56163842e-05 -4.62046957
0 0 0 0 1 -0.0150144789 6.91820717
101 107 86 90 1 -8.10612837e-05 -4.92266273
169 171 88 96 2 -3.34976758e-05 -4.80654716
106 112 129 136 2 -3.02790359e-05 -6.54322433
49 50 65 100 3 -3.6596779e-05 -7.38708401
55 61 39 42 0 -2.38417833e-05 -0.938369334
142 143 114 120 2 -5.09020429e-05 -4.4096365
0 0 0 0 3 -0.197200388 7.73004007
147 155 52 59 1 -0.00321267569 -4.49329042
128 128 51 53 4 -0.00175411254 -2.80167723
111 111 40 45 2 -5.10208265e-05 -5.51450348
69 75 90 98 2 -2.82524998e-05 -3.93625641
0 0 0 0 3 -0.181205139 8.28862476
141 143 120 124 2 -3.24247594e-05 -7.53099155
100 100 122 128 2 -0.000172369575 -3.78012705
103 106 62 97 2 -0.000147816798 -3.8366468
52 54 74 85 2 -2.61067471e-05 -7.65298986
0 0 0 0 2 -0.0236658901 7.97296
103 107 31 66 4 -3.94580857e-05 -3.33475757
0 0 0 0 1 -0.29109484 9.10752487
115 50 64 71 2 -0.282132655 -0.769391418
0 0 0 0 0 -0.643006086 12.3328686
0 0 0 0 2 -0.215055659 9.77830791
107 113 51 86 1 -2.62259528e-05 -6.96676874
84 87 104 127 2 -0.000181670635 -4.69280434
121 121 55 59 2 -0.000235665808 -5.86711264
176 178 59 61 2 -0.000374054944 -1.50181627
33 36 115 118 2 -9.57239099e-05 -4.59825039
0 0 0 0 2 -0.775152922 8.88548279
88 92 61 63 0 -0.000142807243 -0.763447881
44 49 60 65 4 -0.239020452 -1.15358245
69 70 124 147 2 -8.05845411e-05 -6.33633041
34 34 47 82 2 -7.95114684e-05 -4.12174463
50 50 107 114 2 -0.000104187107 -4.82086134
0 0 0 0 2 -0.0188728329 6.46520424
61 64 77 112 0 -8.30878489e-05 -2.73786736
95 99 71 79 3 -7.41473195e-05 -4.4261651
42 43 55 60 3 -0.00038191909 -3.10510397
80 83 102 104 2 -2.16960325e-05 -4.97947073
75 80 86 89 3 -7.8677389e-05 -5.55528402
94 97 156 162 2 -0.000308734656 -6.02042103
115 118 47 51 1 -0.000115512004 -5.57975817
111 115 84 90 3 -8.45184622e-05 -5.37254572
56 57 44 46 2 -0.000389313092 -2.10121822
132 133 110 116 2 -0.000151034605 -3.97898221
162 164 73 80 2 -0.00214429386 -1.10403848
109 109 128 134 4 -0.000581099361 -4.61414623
0 0 0 0 3 -0.0593942963 8.81889057
111 114 59 94 0 -2.07423655e-05 -2.83670139
55 58 73 108 1 -3.5404908e-05 -3.9635222
129 130 48 52 2 -5.01867762e-05 -4.85068607
0 0 0 0 2 -0.105649382 8.00887012
88 90 38 73 2 -1.31130018e-05 -5.92204618
117 123 31 42 1 -1.88350277e-05 -5.83989429
59 64 105 140 4 -0.000213735388 -4.48329163
57 60 114 149 2 -3.25439833e-05 -6.56020355
0 0 0 0 2 -0.233428329 9.26078892
123 123 42 53 2 -0.000678823097 -2.70497036
25 25 96 98 3 -0.000285613409 -4.78862715
45 47 66 73 1 -0.000141975208 -4.51827002
50 57 63 66 0 -3.31399715e-05 -2.90056705
104 107 123 130 2 -0.000131723966 -3.59179807
81 84 52 59 1 -1.88350095e-05 -5.43263102
92 97 45 53 0 -4.69678453e-05 -2.95890808
0 0 0 0 4 -0.714286089 11.6560059
73 76 84 92 0 -2.05039105e-05 -4.027771
84 87 54 59 0 -4.37494491e-05 -3.54662895
0 0 0 0 2 -0.00272050896 3.24131513
40 44 79 80 2 -0.000235550571 -4.21165419
98 98 105 106 3 -0.000144955004 -4.56874275
166 166 43 50 3 -0.000368339184 -2.9467802
45 49 64 70 1 -0.00295716664 -2.13959575
0 0 0 0 3 -0.39769879 7.6850071
59 62 81 85 0 -0.000207774254 -2.8954525
0 0 0 0 3 -0.0134753883 6.38846779
0 0 0 0 2 -0.0250178315 8.34023952
0 0 0 0 2 -0.00466326531 8.79499435
199 199 57 92 3 -0.00026463531 -4.17300892
149 153 105 111 1 -0.000173921173 -5.56564045
154 154 51 56 2 -0.000163790086 -4.72089005
113 115 84 85 2 -0.000193827669 -5.29606056
103 104 83 94 2 -0.000114677343 -3.57711434
198 198 153 176 2 -0.00041041564 -5.57779121
110 114 83 94 3 -3.42129133e-05 -6.47761774
75 79 92 94 0 -1.85965837e-05 -3.50749445
96 101 110 125 0 -1.06096113e-05 -4.9475913
0 0 0 0 2 -0.00587252108 7.66070843
52 54 63 70 1 -0.000135180628 -4.83081245
65 72 110 117 0 -0.00176757993 -0.0113789365
92 94 108 110 2 -4.79218033e-05 -4.68354177
59 62 99 134 2 -3.93388545e-05 -5.18588686
27 35 51 59 0 -7.79613547e-05 -4.91389227
88 91 106 141 2 -5.56702762e-05 -5.24559021
225 225 128 151 3 -0.00116054853 -4.41655779
113 119 55 90 2 -7.47435188e-05 -5.14121151
76 77 29 36 3 -0.000179404567 -3.65009761
74 75 158 165 2 -4.81602947e-05 -8.01879883
81 81 41 48 3 -0.00168487162 -2.47521639
144 145 34 41 2 -2.80140703e-05 -6.76074219
182 189 78 113 3 -0.000148174135 -5.66706228
69 74 105 128 3 -4.26766746e-05 -5.08442307
70 77 34 39 1 -3.50473347e-05 -6.12215805
142 144 88 123 2 -2.22920571e-05 -6.75043964
83 88 35 70 4 -0.000381332356 -3.51082611
65 73 83 114 2 -7.67700039e-05 -2.98110199
0 0 0 0 3 -0.184349403 8.93933201
165 172 138 145 3 -0.00218001474 -3.3563354
31 37 67 102 1 -5.72200297e-05 -7.4770751
0 0 0 0 2 -0.078488484 6.76236057
116 119 67 74 3 -0.000136134477 -4.73962641
36 36 65 100 3 -0.000393727561 -4.24567366
70 70 82 87 2 -5.16171858e-05 -4.72917175
62 63 142 173 1 -0.000227324083 -3.6954751
35 38 83 87 2 -3.03982561e-05 -6.48307705
142 148 42 73 1 -0.00057681097 -2.75897384
0 0 0 0 4 -0.00912309159 6.13616467
115 120 86 91 0 -0.000128622152 -4.25907278
84 93 110 114 1 -0.000132912421 -4.55549288
67 71 104 139 3 -0.000109431967 -4.96345139
122 124 141 147 2 -0.00133587723 -3.86510754
44 51 177 212 0 -0.00177729153 -1.52032614
128 131 48 83 2 -0.000196092064 -6.05450106
0 0 0 0 3 -0.638438761 10.1141901
73 73 134 145 3 -0.000342114683 -4.45195627
64 64 77 81 4 -6.69950969e-05 -5.44460058
59 64 74 105 1 -0.000647968263 -2.23790741
0 0 0 0 2 -0.436048865 7.77363396
0 0 0 0 2 -0.64754355 10.3870726
94 98 114 149 2 -0.0377813242 -6.6714077
66 70 132 163 0 -0.000156275695 -2.39667201
31 31 55 60 2 -5.85313792e-05 -4.8680439
0 0 0 0 2 -0.359573811 7.26326323
68 71 87 93 3 -2.21728551e-05 -5.5685277
62 66 43 45 3 -0.0281208288 -1.91010213
126 128 187 191 2 -0.00174145529 -5.03990269
121 121 137 149 3 -0.00741697382 -3.27679968
0 0 0 0 3 -0.0130669838 5.76139545
48 52 57 63 4 -0.00497838436 -4.28968048
31 32 43 50 4 -0.00480885385 -3.21885562
0 0 0 0 1 -0.0708296895 -2.12024379
0 0 0 0 3 -0.805707514 8.16689205
56 65 86 121 0 -2.34841573e-05 -5.40751123
47 51 30 35 2 -9.05989509e-06 -6.33242226
71 72 91 102 2 -2.51530364e-05 -5.49208164
25 31 89 93 1 -7.97496832e-05 -4.45377493
109 114 92 98 0 -2.53915096e-05 -3.37050867
47 52 96 103 0 -0.000121710254 -1.81997049
65 69 52 59 2 -6.15115059e-05 -5.38991785
0 0 0 0 2 -0.00362323644 3.8996861
39 40 70 93 2 -7.1286544e-05 -6.4679389
99 101 115 138 1 -0.000195498011 -4.62061119
96 99 109 140 2 -0.000203959979 -4.5139637
81 84 36 38 3 -7.55780347e-05 -5.30662012
175 182 129 160 0 -0.000387043867 -1.62269211
79 80 91 126 3 -2.21728587e-05 -5.64978361
65 66 47 52 2 -2.63451766e-05 -5.72587872
146 146 157 192 3 -0.000154253808 -3.91887212
95 99 114 118 4 -0.000227444791 -0.643836439
50 56 69 104 1 -6.84251572e-05 -6.65222359
68 73 44 55 2 -0.000394562259 -2.22964096
58 62 80 115 2 -1.51395507e-05 -6.42363787
48 50 120 128 1 -2.87293406e-05 -4.16540098
43 49 59 63 1 -0.000189773986 -3.28213239
79 82 126 130 2 -0.000919061655 -1.62400854
64 68 84 90 3 -5.73391735e-05 -5.12900686
161 161 51 62 2 -0.000117180927 -5.37925768
112 117 49 55 1 -0.000523520634 -3.14009857
93 93 41 76 2 -8.6902277e-05 -4.01971245
51 52 71 106 3 -4.31534791e-05 -6.28346157
37 41 103 138 2 -5.74581318e-05 -6.39684677
84 85 163 198 4 -0.0012344541 -4.2512846
40 40 94 125 3 -0.000147099592 -5.00777149
65 69 170 205 3 -4.29151114e-05 -5.66141081
0 0 0 0 2 -0.00521813799 7.7354002
112 119 50 56 2 -2.68219937e-05 -5.5914979
103 106 69 80 2 -5.54318394e-05 -5.25750399
0 0 0 0 4 -0.0054642153 6.8029294
22 26 53 88 3 -1.26361656e-05 -6.22379065
120 129 40 75 0 -0.000109551867 -3.62664628
116 120 71 106 3 -6.96175848e-05 -5.58332682
50 57 75 110 3 -7.53396162e-05 -5.79813623
91 91 53 84 2 -6.23459273e-05 -3.46632838
22 26 31 66 4 -0.000218978734 -5.04624748
57 61 140 143 2 -8.91670643e-05 -3.91657615
64 68 84 119 4 -0.000174040557 -4.58005238
143 143 72 107 3 -0.000291330303 -5.21767998
40 40 50 65 4 -0.000148413121 -4.19951105
0 0 0 0 2 -0.1927149 10.4579735
97 98 129 132 2 -6.71141825e-05 -5.65312624
91 95 105 112 2 -1.02519871e-05 -5.63888693
63 64 109 120 2 -0.000206941113 -6.11601162
140 140 64 99 2 -8.08230834e-05 -3.07645202
64 66 18 53 2 -0.000276192237 -5.5919795
123 127 23 58 1 -3.74315096e-05 -3.95518541
112 115 36 59 1 -8.92868193e-05 -3.87988949
140 140 113 120 3 -0.000772026251 -4.537498
132 140 42 48 0 -5.42398484e-05 -3.75027919
113 117 131 138 3 -6.63989631e-05 -5.74960947
114 114 63 68 2 -0.000133154186 -4.3059206
97 102 110 112 0 -0.000110145484 -2.55384636
49 49 59 94 3 -5.44781578e-05 -5.26909685
104 104 59 94 4 -0.00059016142 -3.37590241
0 0 0 0 3 -0.138195679 8.51997375
98 102 41 72 3 -9.72737544e-05 -6.27594852
41 45 143 152 4 -0.000765328179 -4.73275518
87 87 117 120 3 -7.1167291e-05 -5.11484098
42 44 98 133 4 -0.000952352537 -2.86002541
46 50 80 86 4 -9.11940733e-05 -4.18759871
116 124 104 106 1 -5.578934e-05 -5.7587328
0 0 0 0 2 -0.0122401528 8.01586246
0 0 0 0 3 -0.822476983 7.40769148
113 118 44 51 2 -0.000104664359 -7.40777922
42 43 76 83 1 -0.000100611556 -2.94669461
172 180 52 61 3 -0.00160132605 -4.29218292
140 142 106 108 2 -8.52337398e-05 -5.3809557
71 76 88 123 0 -4.08883789e-05 -4.76282215
90 90 102 109 3 -0.0257197227 -3.30022597
0 0 0 0 1 -0.157785833 7.43721724
70 72 87 94 3 -3.00406373e-05 -5.45407057
160 165 77 85 4 -0.00026522929 -3.49751306
0 0 0 0 2 -0.812830329 7.96694994
30 36 40 63 2 -0.000234594714 -7.01421833
0 0 0 0 2 -0.00390735455 7.33587503
92 92 41 76 3 -4.64911136e-05 -5.43992615
178 182 38 73 4 -0.000221364346 -3.2337904
71 71 57 64 3 -8.05844466e-05 -5.30416584
86 94 36 71 1 -4.54184046e-05 -5.65380287
128 128 141 176 3 -0.000119684133 -5.7501235
0 0 0 0 2 -0.0982824415 9.78468418
71 75 99 134 3 -0.000242940689 -5.34799528
136 141 118 125 0 -2.22920589e-05 -4.00189447
40 41 78 83 2 -0.000417684147 -1.59472096
202 206 33 68 3 -0.00088484399 -3.98641777
0 0 0 0 2 -0.00661978964 4.4600873
0 0 0 0 2 -0.00250535947 6.37571907
59 65 28 39 1 -3.80275924e-05 -5.45367527
148 151 98 109 2 -0.00124690169 -0.299506396
0 0 0 0 2 -0.189882338 7.34115982
40 45 75 110 4 -0.000110624031 -3.6719265
56 60 100 131 1 -4.44647631e-05 -4.90124178
79 84 57 64 2 -1.85966092e-05 -5.46559381
130 134 63 98 3 -5.24515854e-05 -7.93326378
36 41 157 161 0 -0.000276898587 -2.55207181
145 148 167 175 3 -0.000672381138 -5.91560602
89 89 98 129 2 -0.000402067701 -4.33793545
99 103 112 120 3 -0.000128863234 -4.07381582
69 72 125 160 4 -0.000670493057 -3.58159089
100 100 46 53 3 -8.3564657e-05 -5.22451735
52 52 71 106 3 -2.03847449e-05 -6.01671791
104 106 35 42 2 -2.18152491e-05 -3.75244164
117 127 88 99 0 -5.75770682e-05 -3.39202762
74 75 44 51 2 -2.46762556e-05 -5.28031731
149 150 163 165 3 -0.0518231802 -0.654702067
0 0 0 0 3 -0.371055007 9.3042202
47 47 57 92 3 -8.20149071e-05 -5.29843426
0 0 0 0 4 -0.0295910742 8.26808357
24 25 38 45 2 -5.42398848e-05 -4.11419201
125 130 65 73 1 -7.11669127e-05 -7.28016472
91 91 72 79 3 -3.44513246e-05 -5.7737813
101 103 148 154 1 -0.000181550087 -5.08534956
64 67 80 87 2 -7.86780583e-06 -5.16099358
152 152 115 130 3 -9.29816888e-05 -5.3736825
74 78 34 42 1 -0.0772469044 0.874853909
106 106 86 90 3 -0.00048001518 -4.45980453
0 0 0 0 2 -0.0454567559 8.97573566
58 61 74 109 3 -0.000157114846 -5.42521858
75 76 121 128 2 -1.75237274e-05 -6.27714205
35 40 105 109 0 -3.54049043e-05 -2.97243571
51 57 179 181 1 -2.55106715e-05 -6.27505493
0 0 0 0 1 -0.0443097092 8.3895607
79 83 97 100 3 -5.03060037e-05 -4.40826178
155 159 25 60 3 -6.78295546e-05 -5.68800116
0 0 0 0 3 -0.0030832591 4.91416645
56 60 110 125 2 -0.000345431617 -4.79118443
0 0 0 0 3 -0.154071331 8.04884911
50 53 80 87 1 -0.003331749 -0.700313032
93 96 109 116 2 -5.97234539e-05 -1.41177714
109 111 140 144 2 -0.000166410347 -3.92857385
121 128 74 109 0 -1.9788693e-05 -3.2005887
148 151 60 68 2 -7.62925192e-05 -5.1574049
139 141 159 194 2 -4.57758433e-05 -9.01298523
28 32 48 63 4 -0.00266428152 -3.88521528
52 57 69 76 0 -0.000244233059 -0.897239447
64 69 82 86 2 -7.45049329e-05 -7.52776861
87 91 37 72 3 -2.03847358e-05 -5.77377224
66 66 79 114 3 -0.000285969669 -3.5613215
0 0 0 0 3 -0.497627169 8.42451763
94 95 61 63 2 -1.18017051e-05 -5.5260005
0 0 0 0 2 -0.027020704 8.71650505
134 140 102 113 1 -0.000480721297 -3.55380368
52 52 95 100 2 -0.000193111904 -4.40330744
22 24 31 66 2 -6.24650711e-05 -6.0201335
73 76 84 87 2 -0.000121710793 -3.91164708
0 0 0 0 3 -0.445226818 9.36993885
90 93 108 143 2 -2.71796289e-05 -7.30748081
192 192 136 171 4 -0.000236742315 -2.76931977
0 0 0 0 2 -0.00183276471 5.90189219
56 58 69 76 2 -4.24382597e-05 -5.97013426
0 0 0 0 3 -0.010169236 7.44179344
111 111 56 63 3 -0.000244606374 -3.7655139
139 142 52 63 3 -0.000123141217 -4.06556511
104 106 116 124 1 -6.72333044e-05 -4.65162706
105 109 129 135 1 -0.000156397 -5.98673058
60 62 21 27 1 -0.000210633225 -3.20673871
110 117 56 91 3 -1.40666716e-05 -7.58920002
0 0 0 0 2 -0.00142821565 5.13128757
181 185 128 163 3 -0.000160570838 -5.02679777
35 40 45 60 3 -0.000344835396 -4.72372532
133 135 88 119 3 -9.87041276e-05 -5.34529543
123 127 26 33 3 -0.000104902756 -5.40137482
169 174 33 56 2 -4.01733705e-05 -5.88263702
161 164 50 85 3 -0.000210754428 -4.50947046
0 0 0 0 2 -0.0229034461 6.93565607
197 201 171 182 3 -0.000130293192 -5.82510185
54 57 67 102 3 -5.92465294e-05 -6.00143051
189 193 47 56 1 -0.000447601284 -3.69320107
0 0 0 0 2 -0.0026912312 5.22862196
42 46 114 119 3 -6.74715993e-05 -5.30554008
0 0 0 0 2 -0.0548365973 7.1894536
79 79 43 48 3 -0.000132914545 -4.14525318
85 91 66 75 0 -2.4080211e-05 -3.83413243
54 59 70 101 2 -2.69411903e-05 -6.72489023
29 33 37 45 0 -0.00189677486 -4.72555876
112 116 98 103 3 -0.00102928956 -4.44027424
167 168 150 152 1 -0.0081939688 -1.60617471
0 0 0 0 2 -0.266646177 8.21775246
41 45 59 82 3 -3.95772549e-05 -5.78911448
45 47 57 72 1 -3.63586805e-05 -4.96167183
139 140 75 110 2 -0.00740020024 -6.29893923
80 85 144 153 1 -0.000248182419 -4.77599096
36 43 55 61 0 -2.26496468e-05 -2.12333965
62 62 75 81 2 -0.00813648012 0.221936882
0 0 0 0 3 -0.00499044359 3.50447512
93 97 47 55 3 -4.01733196e-05 -5.77529097
37 37 82 93 2 -0.00328272395 -2.39365077
79 85 98 106 3 -0.00031122737 -6.33437109
154 161 182 189 2 -0.00315457373 -3.43573356
62 70 131 166 1 -6.7829169e-05 -4.58801317
107 114 135 141 0 -0.000236974127 -2.24864793
187 192 49 55 0 -4.47031889e-05 -4.62151241
115 117 43 50 1 -0.000491536397 -3.17824292
105 105 164 171 3 -0.000384669955 -4.4485755
0 0 0 0 2 -0.0107939262 7.29414988
73 78 60 67 1 -8.32068399e-05 -6.92286253
0 0 0 0 2 -0.157328412 10.2723484
0 0 0 0 2 -0.00199984433 3.75435996
102 105 120 125 1 -2.56299154e-05 -4.34418297
207 209 40 75 2 -0.00213254406 -4.12066221
213 215 55 90 2 -0.00475705275 -5.15060616
0 0 0 0 3 -0.286752045 8.63288116
93 102 113 148 1 -8.23727823e-05 -4.76433134
128 136 87 89 0 -7.40281248e-05 -3.42822766
0 0 0 0 2 -0.00295730471 6.66603661
41 47 101 110 2 -0.000195139597 -5.03909063
78 84 38 42 1 -6.6756591e-05 -5.9577899
43 44 55 62 1 -0.0940138549 -3.18247724
142 146 63 74 1 -7.18825831e-05 -4.96728516
0 0 0 0 2 -0.189761147 7.75693083
0 0 0 74 0 -0.712699592 8.9140501
0 0 0 0 2 -0.362549394 9.27083969
44 48 97 132 3 -4.37495946e-05 -5.48502064
109 109 126 161 2 -5.98425759e-05 -7.62428856
28 36 99 104 1 -9.20277816e-05 -4.15930367
71 75 94 129 2 -3.24247667e-05 -9.89907551
137 142 84 119 4 -0.000498957932 -4.141572
0 0 0 0 2 -0.188745871 7.97060251
114 120 148 154 1 -0.000245799078 -5.30389166
95 97 83 85 1 -0.000205151475 -3.09890628
62 68 101 105 1 -0.00206055632 -0.763418674
22 25 112 118 3 -0.000192516309 -5.06348562
17 23 28 32 1 -7.52192864e-05 -4.41081285
0 0 0 0 2 -0.0327342004 7.40809155
35 36 65 70 2 -3.55241937e-05 -5.92663097
47 49 67 73 2 -6.91413243e-06 -6.78254652
77 83 99 107 2 -1.68084807e-05 -5.51252508
93 98 109 124 0 -6.43729527e-06 -4.5139513
42 45 53 58 1 -8.61872104e-05 -5.29695272
70 72 84 89 2 -0.000182739837 -7.34264612
124 125 145 153 2 -0.000247823657 -6.11051035
81 85 96 131 4 -0.000232094317 -1.49185753
97 98 115 124 2 -5.75774284e-05 -4.91311979
56 60 117 152 2 -2.36033648e-05 -6.05531502
104 111 85 89 1 -5.61470952e-05 -6.00283289
55 55 19 21 3 -0.000467623991 -3.88602209
0 0 0 0 1 -0.471392244 7.86131048
141 146 62 97 1 -0.000143284473 -3.09948516
0 0 0 0 2 -0.00152171287 6.03738785
162 168 184 191 3 -0.000333645672 -5.91777849
142 149 159 167 0 -4.06501385e-05 -5.35119295
112 115 133 141 3 -0.000149484709 -5.56528759
0 0 0 0 4 -0.416785508 7.74580479
130 133 68 75 2 -2.18152418e-05 -5.51484013
113 113 32 41 2 -0.000155803704 -7.35980988
108 112 55 90 3 -3.34976576e-05 -5.64383745
88 94 74 77 0 -2.45570336e-05 -2.09178686
35 38 53 61 2 -0.000154610781 -2.54683781
28 36 44 79 2 -0.000157589107 -6.16336679
105 109 125 131 4 -0.000101087971 -4.53686619
136 141 44 79 2 -1.25169572e-05 -8.0233984
0 0 0 0 2 -0.00362814358 7.75897741
0 0 0 0 3 -0.00715127867 6.29418516
69 69 101 105 3 -0.000131485256 -5.19246101
47 51 102 137 1 -0.00243350677 -1.07804704
0 0 0 0 2 -0.0493363924 8.33120251
124 127 140 155 4 -0.000344858097 -4.14709282
162 166 47 82 4 -0.00011098227 -3.43796349
107 109 30 35 2 -1.3947445e-05 -6.88440704
0 0 0 0 3 -0.238823533 9.75718498
118 122 57 62 3 -7.23593694e-05 -5.88121796
49 53 104 127 3 -7.04521517e-05 -4.3074789
104 108 54 89 4 -0.000195974557 -3.07781506
0 0 0 0 1 -0.00216388749 8.37871838
107 111 85 87 0 -5.3047559e-05 -2.53272891
86 86 98 129 2 -7.17631265e-05 -4.19326305
26 26 34 37 2 -5.54318758e-05 -3.58776855
115 120 74 97 1 -0.000587744755 -5.11281157
95 103 111 113 1 -4.06501931e-05 -3.58319712
184 184 98 105 3 -0.000584430119 -4.46430445
73 73 122 157 2 -0.000257243752 -5.63291645
88 91 53 64 2 -1.04904029e-05 -7.22083092
120 125 100 103 0 -5.06634533e-05 -3.07945514
0 0 0 0 2 -0.35649392 8.26086617
81 81 92 96 2 -0.000206224518 -5.51418209
0 0 0 0 2 -0.00295169768 5.44073868
66 67 49 56 1 -8.90480151e-05 -6.12278605
0 0 0 0 3 -0.417564332 9.57103348
114 114 125 132 2 -0.000284060981 -6.66000223
0 0 0 0 1 -0.0170256943 7.42068624
44 48 109 144 3 -7.60546973e-05 -5.37083435
44 48 112 127 3 -0.000435925205 -5.28380013
122 126 97 103 3 -5.01867762e-05 -4.44028044
84 88 60 71 3 -2.65835934e-05 -5.52307701
0 0 0 0 1 -0.31588009 8.27867889
95 96 106 141 2 -1.82389485e-05 -6.84184885
36 42 48 83 1 -0.000981954508 -3.51968956
0 0 0 0 2 -0.143184036 7.0987587
77 82 47 58 2 -6.83059625e-05 -3.58832788
59 65 116 120 0 -3.32592208e-05 -2.86373115
91 92 169 176 4 -0.0127062481 -3.34469533
130 135 85 116 1 -0.000108717242 -6.09248972
171 175 187 192 2 -2.5629899e-05 -6.18084526
0 0 0 0 3 -0.0081872521 5.3233223
142 145 54 63 2 -9.54853167e-05 -4.78922606
32 36 47 82 1 -8.52330559e-05 -3.79253411
48 52 172 178 4 -0.000129697495 -3.98213267
47 51 132 135 2 -6.47299312e-05 -4.24562216
55 62 112 121 2 -5.07828372e-05 -6.59313774
104 108 43 50 2 -0.000259985303 -2.32998633
0 0 0 0 2 -0.411529213 11.5235853
88 90 32 67 1 -2.70603887e-05 -4.00322723
0 0 0 0 4 -0.234937191 7.75640202
0 0 0 0 2 -0.00207985961 6.28824759
83 85 121 132 2 -0.000904430344 -3.20399547
25 30 93 102 4 -0.0002204107 -5.06322289
99 104 120 155 0 -3.49281327e-05 -4.2444272
139 149 55 58 0 -7.93917498e-05 -2.981112
76 80 164 172 3 -0.000120638048 -5.21657944
109 115 172 179 0 -0.000407431973 -2.20635819
101 107 44 50 1 -7.16441718e-05 -4.28729963
121 127 60 66 2 -0.000339846563 -3.17995501
0 0 0 0 3 -0.584405541 9.41920567
0 0 0 0 1 -0.0133571448 7.82347918
109 112 127 134 4 -0.000194425869 -4.19826984
170 175 54 59 0 -2.74180129e-05 -4.94148874
0 0 0 0 3 -0.0177601818 7.90909624
47 47 75 82 3 -0.000308737595 -5.75666475
0 0 0 0 1 -1.04444456 9.72203445
58 59 89 96 3 -0.00237114611 -3.28415656
0 0 0 0 2 -0.56454283 8.52765751
49 54 161 166 1 -5.32859558e-05 -6.79691744
110 113 133 140 3 -0.000110981047 -3.13949156
124 130 47 51 3 -0.000281084765 -4.50118828
122 123 66 70 2 -0.000807541306 -1.27619207
111 117 38 43 1 -4.50608131e-05 -6.25519037
121 125 137 172 3 -0.000157353177 -6.10029125
0 0 0 0 2 -0.00367022795 7.62044334
35 43 55 90 2 -1.44242986e-05 -6.6073103
89 91 108 131 2 -1.4305082e-05 -6.35886908
95 100 108 113 1 -4.66105048e-05 -6.96102858
0 0 0 0 2 -0.0586285107 8.21842575
61 63 77 112 2 -0.000222908027 -4.83421278
137 143 46 49 1 -8.15384483e-05 -3.68386531
55 56 70 75 2 -6.11538999e-05 -4.26379299
0 0 0 0 2 -0.00547923753 8.51612186
168 168 39 74 2 -5.88888724e-05 -5.89128208
42 45 78 85 2 -0.000114319671 -6.1265502
0 0 0 0 2 -0.0228900444 7.63459587
38 39 116 119 2 -6.69950168e-05 -4.23190546
86 90 41 76 2 -0.000245561998 -2.31852055
127 131 67 69 2 -2.34841627e-05 -4.04540205
48 52 76 111 4 -0.000154015419 -4.31408453
85 93 110 121 0 -0.000108001863 -1.98331106
106 106 48 51 2 -8.74983161e-05 -4.52957392
130 130 40 71 3 -0.000346165558 -3.71955705
144 146 55 86 1 -0.000152941473 -4.35490036
0 0 0 0 2 -0.168908551 10.1457005
58 64 40 43 1 -7.71277118e-05 -5.6927228
137 140 51 57 4 -8.57104023e-05 -4.78301048
74 76 34 57 2 -0.000627457572 -2.32870054
0 0 0 0 2 -0.272716314 8.26949501
51 57 87 118 1 -0.000108478664 -5.32139063
0 0 0 0 2 -0.00288091367 3.66789436
48 48 55 59 3 -0.000406718376 -3.41165543
106 111 48 53 2 -6.41340594e-05 -5.28700781
135 142 89 124 0 -3.25440196e-05 -3.3435154
63 66 104 139 2 -6.62796883e-05 -4.02026987
100 102 118 126 2 -0.000186675519 -3.0262506
64 67 44 52 2 -1.82389776e-05 -5.24981928
156 156 63 67 3 -0.000123379403 -4.61829567
62 63 141 176 3 -6.68758585e-05 -5.57370758
134 138 153 160 3 -0.000516377273 -4.00334167
81 86 30 65 2 -2.33649334e-05 -5.76943111
67 69 103 138 3 -4.75640772e-05 -7.0609746
120 120 47 50 3 -0.000191207131 -4.71546364
0 0 0 0 2 -0.308912694 7.95021868
122 123 70 105 2 -4.21998302e-05 -7.36721849
47 51 64 72 3 -0.0716627464 -4.79103518
0 0 0 0 2 -0.0347804911 8.26731968
47 54 68 74 2 -2.6822001e-05 -6.23446989
136 138 70 75 1 -7.61738629e-05 -4.31514263
116 116 66 101 4 -0.00129106897 -3.01268721
0 0 0 0 3 -0.212671131 6.84955025
52 55 99 106 4 -0.00017606825 -4.39155102
40 40 103 138 3 -0.000739030656 -4.14312935
52 53 96 101 3 -4.64913646e-05 -5.20722342
12 15 20 35 0 -0.167646661 -1.15817833
46 55 60 67 1 -0.000281676475 -4.1479125
68 68 45 51 2 -0.000298006053 -4.27331924
43 48 65 72 1 -0.000101684047 -4.17485142
137 144 48 59 0 -5.6981251e-05 -3.62804461
0 0 0 0 1 -0.696118176 10.211669
35 38 20 24 0 -0.000197762929 -1.58085001
100 105 26 61 1 -3.24248067e-05 -5.15112066
115 120 134 142 3 -4.72066167e-05 -5.99586535
129 129 110 116 3 -0.000108478038 -6.88905668
108 112 50 85 4 -3.92196816e-05 -4.02118492
121 124 59 94 1 -7.36706425e-05 -6.83200788
151 151 105 140 3 -0.000162240278 -5.10973549
106 110 124 130 1 -3.25439833e-05 -5.83891058
110 110 48 57 3 -2.53915041e-05 -6.06687546
0 0 0 0 1 -0.0357546359 7.10935259
77 84 42 49 0 -4.99478083e-05 -2.87101698
68 69 107 138 2 -2.45570372e-05 -5.41338921
94 97 114 121 1 -6.40147846e-05 -3.73828626
138 138 70 101 3 -8.43993257e-05 -4.18844509
56 57 71 75 4 -0.000131724068 -4.08853054
195 197 84 119 2 -7.73659704e-05 -6.85064936
66 66 40 45 3 -8.35646351e-05 -5.08774614
0 0 0 0 1 -0.50468719 8.08970833
64 70 157 172 2 -7.39089955e-05 -6.5908227
100 108 82 89 0 -3.27824382e-05 -2.20440674
142 144 95 130 3 -8.61866356e-05 -6.82946396
113 113 152 159 2 -0.00547080301 -2.69299221
46 52 61 68 0 -4.32725647e-05 -2.01576996
0 0 0 0 2 -0.00373258977 6.9466157
0 0 0 0 2 -0.00155285024 3.31672049
83 89 150 152 1 -0.00251554279 -4.07015324
0 0 0 0 3 -0.0135236038 7.51037312
138 143 34 69 4 -0.00111907697 -4.05665684
30 34 107 112 0 -5.65046139e-05 -3.68445206
0 0 0 0 3 -0.0527248047 6.66780043
0 0 0 0 3 -0.633611321 8.14906693
110 116 138 145 1 -0.000428773958 -4.15127993
34 35 43 74 3 -0.000338776736 -4.8537221
50 50 64 66 3 -6.89023364e-05 -4.99399233
0 0 0 0 4 -0.00323204137 4.31209326
55 61 153 188 0 -0.00150862755 -1.16336226
0 0 0 0 2 -0.782266915 7.96736574
0 0 0 0 2 -0.11234244 9.13261032
92 98 109 116 1 -0.000145312471 -6.0533123
103 111 120 151 2 -0.00152529287 -3.71613526
74 78 49 56 4 -6.9379108e-05 -4.7527976
86 92 44 53 4 -0.00013232026 -4.47775984
88 90 98 101 2 -4.86370773e-05 -3.07039285
52 57 66 68 3 -2.57491247e-05 -4.60034466
96 104 145 160 1 -0.000132915549 -3.57431555
0 0 0 0 2 -0.337766469 9.56547546
100 106 23 58 1 -3.26632253e-05 -5.58651447
0 0 0 0 3 -0.238543719 8.43580341
52 58 152 187 2 -3.30208532e-05 -5.81016254
37 37 51 54 2 -0.000208608923 -3.35351253
106 111 61 68 2 -0.000109669636 -5.57531881
117 120 128 151 2 -2.49146578e-05 -7.75152588
130 133 40 47 2 -0.000541167101 -3.52266526
85 89 95 100 3 -5.61471934e-05 -5.10478115
57 62 111 113 1 -2.37225759e-05 -4.14331579
89 93 124 127 0 -2.5153051e-05 -2.66105866
43 49 126 157 0 -0.00056154636 -2.71596217
77 82 39 46 3 -9.8823286e-05 -4.50728989
123 131 68 103 2 -2.55107152e-05 -6.20304728
139 145 51 57 2 -0.000294543977 -3.06099272
0 0 0 0 0 -0.065944396 10.3980551
101 105 122 126 2 -0.000138041476 -4.49596882
0 0 0 0 3 -0.512549341 7.31760359
