39 42 82 117 3 -0.000264158531 -4.55801296
95 97 109 113 2 -4.74449662e-05 -3.62226629
47 51 67 75 1 -0.00135712058 -3.71505213
85 91 53 65 1 -2.93253797e-05 -5.88267231
119 123 71 106 0 -1.3232212e-05 -7.38163948
97 100 38 48 2 -2.83716945e-05 -4.82127714
48 48 54 61 3 -1.87158093e-05 -4.11641359
76 80 89 96 1 -0.000146860242 -4.77102757
49 54 69 104 1 -0.000102517806 -6.27698898
42 47 65 80 2 -2.64643495e-05 -4.54266596
70 76 28 32 1 -3.49281545e-05 -8.22495842
121 123 49 51 2 -5.49550969e-05 -4.07442427
197 198 49 55 2 -1.99078931e-05 -6.68399668
131 133 101 103 2 -5.1021274e-05 -3.30535817
12 12 17 25 4 -0.00096061884 -2.85506368
12 17 21 28 0 -0.00121695444 -4.77014112
133 137 37 68 4 -0.00110183051 0.214534998
73 76 52 61 3 -1.66892714e-05 -6.66006613
68 68 81 116 3 -5.87695686e-05 -7.21963978
73 73 38 61 4 -4.00540775e-05 -1.20730972
37 37 109 120 2 -0.00022565425 -4.70491028
35 40 51 82 4 -0.000200028633 -1.36315143
143 143 166 168 3 -0.000412678201 -5.50077152
93 94 57 60 2 -7.46239384e-05 -3.07354951
155 162 50 81 2 -6.58027711e-05 -7.13513374
69 73 48 55 1 -8.8809953e-05 -5.8606596
121 121 56 60 4 -0.000166412516 -2.16357398
43 47 67 98 3 -0.00041136134 -5.50232983
55 59 69 100 3 -0.000444979407 -4.58448267
51 54 63 70 2 -0.000314456323 -4.65151262
47 49 53 60 1 -0.000460695854 -4.16352797
40 43 75 83 1 -0.000187154146 -5.08737993
40 44 48 55 2 -0.000123140257 -10.3787222
97 97 34 69 2 -2.24112628e-05 -7.17936945
36 45 86 121 0 -6.4014821e-05 -4.28462696
99 100 108 113 2 -1.58548064e-05 -4.26417255
61 65 73 108 3 -0.00014221367 -5.7040062
95 99 56 63 0 -8.39220666e-05 -3.7796576
68 68 82 89 3 -3.46896777e-05 -3.91204119
37 37 55 62 3 -0.000107405591 -7.40166807
56 56 73 108 3 -5.16172186e-05 -4.05193186
45 45 57 65 2 -0.000101207275 -3.44756222
159 162 60 95 2 -6.62797902e-05 -6.51721191
52 55 73 96 2 -2.21728478e-05 -5.07134247
94 94 37 72 3 -2.55107134e-05 -5.84237099
97 101 80 87 0 -7.2716728e-05 -3.4103756
98 98 43 47 3 -1.08480317e-05 -6.29838133
97 97 127 135 3 -4.93521584e-05 -5.06602383
151 151 94 117 3 -0.000171768756 -5.01136494
32 32 45 76 3 -0.000139710755 -6.33024788
5 5 8 43 3 -0.00427933736 -4.27661085
151 152 60 91 3 -0.000181907599 -5.58798075
83 84 55 56 2 -8.59485808e-05 -4.4387641
126 127 60 75 3 -3.80275706e-05 -6.44316339
30 30 34 41 2 -0.357110262 -1.24200153
94 94 105 128 3 -3.80275087e-05 -4.37861633
127 130 86 101 2 -2.76564315e-05 -5.60787106
70 72 109 113 2 -2.31265294e-05 -6.50100851
35 39 92 127 2 -2.7060416e-05 -7.55745506
150 152 92 107 2 -3.73123185e-05 -5.84081602
114 117 62 68 2 -2.08615384e-05 -5.63050175
70 74 86 121 1 -3.73123621e-05 -7.27212524
54 54 74 109 3 -2.93252524e-05 -6.59145546
189 189 107 142 3 -0.00153581006 -4.18334913
76 80 21 36 1 -3.06366419e-05 -8.61917877
113 114 86 94 2 -7.9154117e-05 -5.14641905
154 154 60 95 3 -1.14440772e-05 -6.82817936
64 64 77 88 3 -1.39474669e-05 -4.7451067
75 79 45 60 1 -2.93253579e-05 -8.4396553
99 100 57 92 2 -0.00062289933 -6.18808508
55 57 72 79 2 -7.39097004e-06 -5.81593513
17 21 42 45 2 -3.5881767e-05 -6.82477665
15 17 71 82 1 -0.00029097416 -5.97095203
25 27 39 43 2 -4.07693369e-05 -4.26237345
99 103 118 120 2 -6.3180878e-06 -6.15648365
120 123 89 104 2 -6.23459055e-05 -5.44314623
0 0 0 0 3 -0.009088967 6.69474268
0 0 0 0 3 -0.0268267021 7.49137115
0 0 0 0 3 -0.540392935 8.56614876
0 0 0 0 3 -0.019885486 7.9172883
0 0 0 0 2 -0.533361495 8.87886524
0 0 0 0 3 -0.0080069676 9.52190304
0 0 0 0 2 -0.00366359972 9.38896561
0 0 0 0 2 -0.0748956352 8.21632099
0 0 0 0 3 -0.0321944654 7.60354948
0 0 0 0 2 -0.636745989 10.0252428
0 0 0 0 2 -0.54373312 9.82820415
0 0 0 0 3 -0.769250751 10.3429089
0 0 0 0 2 -0.00519198738 8.45489693
0 0 0 0 0 -0.231996983 11.9060059
0 0 0 0 2 -0.37441057 8.79636955
0 0 0 0 3 -0.0312566906 8.39667511
0 0 0 0 2 -0.004271443 7.13049412
0 0 0 0 2 -0.0238852669 8.88666344
110 115 128 131 2 -0.000363538245 -5.27562189
61 64 148 154 1 -3.82659928e-05 -5.47523546
53 59 81 86 0 -0.000106211948 -4.71987391
0 0 0 0 2 -0.297200531 10.1290264
111 116 131 166 1 -0.00015437165 -8.15652561
49 53 108 143 3 -5.09020101e-05 -6.09582949
51 58 66 68 1 -0.000141499069 -4.8147769
146 150 96 131 1 -8.70218282e-05 -6.73313951
71 74 90 113 2 -8.6663953e-05 -5.24810886
87 89 59 68 3 -6.36567493e-05 -5.79696083
122 125 136 141 0 -0.000349257869 -1.80967653
0 0 0 0 2 -0.231782302 8.63448048
51 55 89 124 2 -4.67295577e-05 -5.99600124
35 42 52 54 0 -1.09672392e-05 -3.75247169
81 86 148 163 0 -4.87561265e-05 -4.97737885
47 51 65 96 3 -0.000172487024 -4.07267046
123 123 52 63 3 -4.41071388e-05 -5.10390997
164 169 27 50 1 -0.000109908651 -2.75469065
118 119 61 76 3 -0.000179403447 -4.93431234
79 87 223 226 0 -0.00010406712 -3.62724996
56 63 71 74 1 -5.75775557e-05 -5.76337433
48 51 90 101 3 -2.37225831e-05 -5.99901152
46 50 60 63 4 -0.000185482291 -2.18000269
55 60 82 117 1 -8.12997023e-05 -6.10218191
59 63 135 170 1 -8.03462317e-05 -5.7529459
64 68 122 157 4 -8.03463554e-05 -0.681172013
36 40 91 98 4 -0.00678851549 -2.32694507
47 47 59 66 4 -0.000198952941 -2.94316697
106 109 46 53 4 -0.000108955377 -1.20155096
0 0 0 0 3 -0.587096632 9.77834129
0 0 0 0 1 -0.014777123 6.78027964
13 19 62 97 1 -0.000723659236 -5.31014681
129 137 64 99 0 -4.26766419e-05 -5.40278721
0 0 0 0 1 -0.259111881 9.19517612
0 0 0 0 3 -0.0657738671 9.78221798
195 199 63 94 2 -0.00201608194 -3.14092803
103 107 46 53 1 -3.02789485e-05 -6.26429653
144 146 53 88 1 -2.62259673e-05 -6.69070768
30 34 88 89 0 -2.96830058e-05 -2.77866769
143 151 126 129 0 -6.80675148e-05 -3.4700501
0 0 0 0 2 -0.116232879 2.86473751
102 102 58 66 2 -8.14191299e-05 -4.14097643
154 159 175 178 2 -6.96175193e-05 -5.10144758
88 95 30 32 0 -0.000107405824 -4.61560535
152 156 102 137 3 -8.67821509e-05 -7.0176115
0 0 0 0 3 -0.00676591741 5.50715208
75 76 94 99 2 -3.06366783e-05 -5.04756784
91 97 82 85 1 -4.98291738e-05 -6.24805593
0 0 0 0 1 -0.116085663 8.51067352
10 11 21 24 2 -0.000510776823 -3.18773079
82 83 97 102 2 -2.76564388e-05 -3.95698619
43 53 72 78 1 -4.82794458e-05 -7.10249901
39 41 81 83 1 -0.000138518633 -3.98102903
135 135 114 116 2 -0.000140187782 -4.26120329
54 57 100 104 2 -4.19613498e-05 -4.72119665
0 0 0 0 3 -0.0625238344 8.33780098
38 45 67 76 3 -8.04654046e-05 -5.35221529
142 146 27 62 3 -0.000151273096 -5.53276348
81 90 39 74 1 -5.16171822e-05 -5.9084096
122 126 144 179 2 -0.000491942628 -6.18123055
36 38 91 98 2 -0.000135060967 -4.83932304
53 61 71 73 0 -5.36437292e-05 -3.30564308
42 42 55 62 3 -1.87158166e-05 -4.09586668
147 151 43 78 3 -0.000115631505 -7.54121447
45 49 66 101 3 -0.000327811576 -4.811378
108 108 30 38 2 -6.68758075e-05 -5.21972084
153 153 48 83 2 -0.00120116549 -2.63482094
0 0 0 0 4 -0.000981821911 2.08452559
95 99 71 82 3 -0.00109716551 -4.55413055
48 56 77 80 3 -0.000874895602 -3.2900486
94 98 111 134 4 -4.43456083e-05 -1.93026626
125 128 80 91 1 -0.000144596794 -6.92614269
57 57 105 140 4 -0.000222438641 -2.70723009
0 0 0 0 2 -0.00726041244 8.32345676
72 72 51 57 4 -0.000439251191 -2.60846305
86 86 107 109 4 -0.000461668707 -2.96519375
116 118 66 101 3 -0.000125880222 -7.25276947
49 51 111 117 2 -8.47569463e-05 -4.5821619
71 74 35 43 2 -0.000180119721 -6.71716595
40 40 57 64 3 -8.70226813e-06 -5.12039614
118 118 171 182 3 -0.000410048 -4.99402237
71 79 45 49 0 -1.81197702e-05 -3.35722208
95 95 102 108 3 -7.25975406e-05 -3.94865465
117 121 39 74 3 -2.93253725e-05 -7.1117115
123 128 56 59 1 -7.29548337e-05 -4.808568
27 30 44 55 1 -8.4994972e-05 -4.90040445
191 199 168 173 0 -0.000647600566 -3.39774728
215 225 89 98 1 -0.00044736042 -2.53791761
118 119 98 100 2 -2.2172826e-05 -5.26797485
76 80 26 57 2 -0.000108955341 -6.7262373
41 47 54 89 1 -0.00038512316 -4.75225544
0 0 0 0 2 -0.588879228 9.48811626
0 0 0 0 2 -0.0983661637 8.90447044
48 52 63 98 2 -4.04117309e-05 -4.46154737
41 45 75 80 3 -3.63586114e-05 -4.49997663
50 55 61 68 3 -5.14978892e-05 -5.30182409
0 0 0 0 2 -0.406899214 8.86334038
55 62 97 120 0 -2.69412212e-05 -6.10611486
30 38 81 116 3 -0.058765281 -3.82083082
115 120 83 89 4 -6.73526229e-05 -2.65727544
0 0 0 0 2 -0.00392068643 6.88612652
0 0 0 0 1 -0.00215523154 6.77317381
120 125 142 146 2 -6.34187163e-05 -5.26291084
133 133 198 203 2 -4.82794567e-05 -5.64756966
51 53 77 85 2 -0.000390150468 -4.20399714
152 156 65 100 3 -5.01868199e-05 -8.18904018
107 107 57 64 3 -4.58953073e-05 -6.2312007
158 160 176 211 2 -0.000844381109 -4.85344934
0 0 0 0 2 -0.360633582 9.03154182
73 73 88 91 4 -0.00299707009 3.66428423
102 107 53 88 1 -0.000125047751 -8.17026901
65 65 53 56 3 -9.58430755e-05 -3.48441362
33 36 41 47 4 -0.000447063445 -4.28973532
111 115 128 159 3 -0.000133630761 -6.31968451
29 35 65 88 2 -5.7696896e-05 -6.87195301
46 51 22 29 1 -4.24381979e-05 -7.57942247
0 0 0 0 3 -0.504984438 9.17799568
117 120 129 135 4 -0.000136371236 -1.75645363
107 108 67 102 3 -0.000163907564 -8.80234528
130 135 68 103 3 -0.000185603436 -5.79370546
0 0 0 0 0 -0.0556333438 11.4914341
101 107 65 69 2 -0.00031958014 -3.61329174
0 0 0 0 3 -0.782649875 9.94221878
103 105 38 69 3 -0.00524529535 -3.23140931
28 32 37 49 2 -0.000367136963 -8.98368645
67 68 145 180 2 -8.26111063e-05 -6.92270279
0 0 0 0 2 -0.397174925 8.29426384
69 73 88 111 3 -0.000365477026 -3.78428292
118 123 155 190 1 -8.04650117e-05 -5.66769552
129 135 112 117 1 -4.76831774e-05 -6.43722868
82 84 42 44 4 -0.000123856618 -2.97131896
48 52 74 109 2 -5.68622745e-05 -8.15913963
41 48 59 66 2 -0.0022587243 -0.210930467
161 163 181 216 2 -0.000812109036 -5.65486479
0 0 0 0 2 -0.0335038453 7.3159976
89 95 52 55 0 -0.00147703825 -1.26871097
92 94 43 78 2 -3.25439396e-05 -5.29343939
0 0 0 0 2 -0.27725938 9.12964439
63 66 80 111 1 -0.000306355767 -6.7786231
61 64 84 119 4 -4.20806682e-05 -2.40766764
70 75 43 51 1 -3.64778934e-05 -6.07050753
63 69 109 144 4 -0.000130413013 -2.90740561
79 81 48 55 1 -0.000285018003 -5.63968992
47 49 121 125 2 -0.000441992888 -5.5347147
102 103 112 118 4 -5.49550969e-05 -3.09156966
100 102 121 125 1 -0.000447704893 -5.03287983
47 53 100 102 0 -0.000204199459 -3.70776606
130 132 67 90 2 -7.15255192e-06 -8.45703697
108 111 129 160 2 -0.00144120224 -4.0809269
81 88 97 132 2 -0.000116346382 -6.21085835
110 116 93 98 0 -5.93658078e-05 -2.72822714
177 179 38 46 2 -1.53779692e-05 -6.52291441
95 98 71 76 0 -4.4703138e-05 -4.05827093
21 26 52 59 4 -0.000160332376 -2.97901368
100 102 117 148 2 -0.000126240207 -4.04736853
0 0 0 0 2 -0.31345585 10.8538141
51 52 68 70 4 -0.00016140558 -2.52874136
0 0 0 0 3 -0.0063183764 6.45822334
50 51 70 78 2 -5.75776285e-05 -6.38388491
0 0 0 0 2 -0.022035867 5.87328672
0 0 0 0 2 -0.31058985 8.73835564
0 0 0 0 2 -0.491247654 9.31352806
82 84 52 61 2 -0.000140187331 -3.98093176
50 54 109 144 3 -4.98289664e-05 -5.31638098
0 0 0 0 2 -0.000717526069 3.8324399
0 0 0 0 2 -0.309040219 10.2523441
98 104 66 72 0 -8.86903799e-05 -3.64720345
50 53 63 70 0 -0.000909976894 -1.84646511
147 151 164 167 4 -0.00012850581 -0.800407052
62 62 135 166 2 -6.69944566e-05 -9.16656685
42 46 50 57 2 -0.000144478021 -8.67303658
59 66 44 49 0 -0.000122782571 -5.29557228
161 164 56 64 2 -0.000108240449 -4.16777802
73 81 21 56 2 -0.000102756407 -8.13180637
131 137 106 117 2 -0.000166173617 -3.46480536
59 62 82 86 0 -0.0349281915 0.930622458
57 58 45 51 2 -1.99079041e-05 -5.80500031
8 12 18 53 4 -0.00140229124 -0.491380781
41 41 50 85 3 -4.72065076e-05 -5.79183912
100 102 163 198 2 -3.32590826e-05 -7.91284513
0 0 0 0 2 -0.160633191 9.01728344
68 72 181 185 2 -0.00357350172 -3.58985972
68 72 87 91 1 -3.61202619e-05 -6.27355671
55 55 106 110 3 -0.013994595 -3.19395995
90 91 39 74 2 -1.59740157e-05 -7.17714882
134 138 76 111 2 -0.000106928557 -3.55826807
200 201 167 175 2 -1.7404509e-05 -8.09875965
29 34 42 77 2 -0.000125763821 -5.03560543
0 0 0 0 2 -0.443649232 8.59910107
69 73 45 49 4 -4.35111797e-05 -1.54655159
104 105 116 151 2 -0.000119684337 -5.44066811
0 0 0 0 3 -0.00196808763 4.48644876
0 0 0 0 1 -0.0303831156 9.15018082
53 53 116 127 3 -2.62259e-05 -4.69493198
12 18 30 33 2 -0.000325426401 -3.50684118
56 61 95 96 2 -0.000103472383 -4.42222118
11 15 28 33 3 -0.00187569135 -3.68416643
155 163 107 112 3 -9.72730195e-05 -4.80038309
0 0 0 0 3 -0.00406976929 4.14251804
232 234 203 210 2 -0.00198587333 -3.33076715
65 66 135 136 3 -0.0021199726 -6.24624395
106 113 95 101 0 -0.000123021426 -4.60372829
0 0 0 0 3 -0.344024152 9.90256214
75 75 49 64 3 -2.5629899e-05 -4.67077446
59 63 80 85 3 -0.000204795753 -3.81779766
146 150 208 215 3 -0.000746138394 -5.52723455
42 46 64 99 1 -3.65970845e-05 -7.70060492
0 0 0 0 1 -0.115987562 7.10928392
166 166 84 99 3 -8.82133536e-05 -3.35754871
56 61 74 109 0 -5.34053979e-05 -4.73703718
52 52 144 152 4 -0.00122520106 -3.39893293
130 135 107 115 2 -5.63854992e-05 -5.89019108
108 113 133 168 1 -5.1020972e-05 -6.67026663
107 111 127 130 4 -4.27959421e-05 -1.27152312
45 49 61 65 4 -7.4743577e-05 -3.30456924
0 0 0 0 2 -0.00483179418 7.46901035
0 0 0 0 3 -0.553797901 9.90612793
0 0 0 0 4 -0.0343658738 7.26522541
30 34 54 89 1 -0.000153895147 -5.66037798
89 91 34 57 2 -2.82524961e-05 -5.27418089
58 60 72 77 2 -1.65700567e-05 -6.29579115
117 118 98 100 2 -2.41993876e-05 -5.76027727
15 18 34 42 2 -6.01997417e-05 -5.94380522
51 51 86 121 2 -0.00010454416 -6.16876316
0 0 0 0 1 -0.0461701043 8.81591988
112 118 48 55 1 -8.4518193e-05 -5.97188902
127 130 138 141 2 -2.58683413e-05 -4.2038188
143 147 74 97 2 -4.62529133e-05 -5.1527524
71 71 110 145 3 -2.75372659e-05 -8.70559502
73 77 84 88 0 -1.77621478e-05 -2.90689731
156 158 60 65 2 -1.29937871e-05 -7.25587416
0 0 0 0 3 -0.344051152 9.32081604
133 141 54 60 1 -3.54050208e-05 -6.05201721
130 130 47 55 4 -0.000357967394 -2.17024755
129 132 108 111 2 -7.74859745e-06 -7.16788864
86 93 108 114 2 -3.33784737e-05 -4.71564865
0 0 0 0 3 -0.0656987578 7.9707942
0 0 0 0 2 -0.000526632357 5.25893879
52 54 112 116 2 -0.000107644359 -4.33776903
89 90 13 48 2 -0.000172014901 -4.15051842
122 124 74 105 2 -2.78948664e-05 -8.17119312
0 0 0 0 2 -0.0303757545 8.34661388
50 53 59 94 4 -5.2332518e-05 -1.87989593
0 0 0 0 1 -0.400520474 9.4985857
104 107 53 58 2 -7.9750178e-05 -4.27718592
0 0 0 0 0 -0.461606503 11.1084652
0 0 0 0 2 -0.0764786229 9.32397461
139 144 162 197 1 -0.000171895692 -4.96449232
142 148 56 67 2 -8.80938387e-05 -6.38944817
117 119 72 76 2 -1.90734354e-05 -7.68733931
29 33 159 164 2 -0.000362254272 -6.17145491
107 110 50 58 2 -3.00406427e-05 -7.83366489
0 0 0 0 2 -0.491671801 10.227725
88 93 56 61 0 -0.000141855548 -2.97752929
32 35 60 63 4 -0.0130991004 0.00683546811
226 227 45 68 2 -0.00204862375 -1.87722206
30 30 43 78 2 -0.000408733176 -3.15540457
54 54 159 163 2 -0.000382397237 -3.44550085
0 0 0 0 2 -0.00739955902 5.71278477
93 96 33 68 0 -3.31400151e-05 -5.65668774
119 122 79 87 3 -0.000208491081 -4.43677473
41 41 53 58 3 -1.8954237e-05 -5.86697865
193 194 139 146 2 -4.61337186e-05 -5.84153843
129 133 38 46 3 -6.6518005e-05 -5.2796073
174 177 95 101 2 -0.00012588239 -5.62550402
106 110 47 53 1 -0.000285234448 -7.28161812
108 112 84 86 3 -6.35380566e-05 -4.68780327
55 58 71 74 2 -0.00029431365 -2.49244213
95 95 52 58 2 -0.000241033908 -2.84778929
104 108 125 132 2 -0.000167842518 -3.6548171
67 67 86 93 4 -0.000579069078 -2.84710121
0 0 0 0 3 -0.0275546312 7.80585527
56 61 112 147 0 -4.44648213e-05 -5.56185484
150 154 47 82 1 -8.80947191e-05 -4.5116806
197 199 172 175 2 -6.12730291e-05 -5.99334812
0 0 0 0 2 -0.0974849015 5.69156837
39 42 98 133 2 -1.60932213e-05 -8.87506962
109 112 66 97 1 -0.000717209419 -2.93881059
172 177 50 85 4 -0.000232331848 -2.8362968
130 131 54 89 2 -7.15255101e-06 -8.59994984
0 0 0 0 2 -0.415739387 10.228756
124 125 96 104 2 -0.000136968418 -4.35668945
23 24 83 86 3 -0.000267253025 -5.13756657
67 70 44 51 1 -0.000128980173 -7.05439186
74 77 59 61 0 -1.44243031e-05 -4.08279514
85 87 177 181 2 -0.000121591504 -5.04078817
103 107 70 81 1 -4.38687712e-05 -5.27914858
64 70 50 54 0 -3.83851802e-05 -4.21227407
0 0 0 0 2 -0.48846513 9.66695309
75 82 90 92 0 -3.71929418e-05 -4.1664257
113 118 196 199 0 -0.00196480681 -0.754683316
0 0 0 0 2 -0.0132843675 6.46489286
118 118 44 50 2 -0.000358079473 -6.38985872
102 103 110 117 3 -2.50338344e-05 -5.09286308
93 93 107 113 3 -9.22664622e-05 -2.9728775
45 51 66 70 1 -7.78428875e-05 -3.09066558
155 156 56 63 3 -5.63854701e-05 -5.58854485
52 59 78 85 0 -0.000177020687 -4.87419224
0 0 0 0 3 -0.00902811345 5.36732435
0 0 0 0 2 -0.0839093253 7.80993605
0 0 0 0 2 -0.00479757413 10.7124805
117 118 44 79 3 -0.000311469747 -6.12470102
68 73 149 158 1 -0.0392545946 -5.59170151
59 63 127 132 2 -1.84773944e-05 -6.05252504
43 45 102 108 2 -3.8623617e-05 -9.88068485
78 81 46 53 2 -0.000166293437 -3.23184872
208 212 68 91 2 -6.30610957e-05 -8.25474167
105 109 40 63 3 -1.25169563e-05 -6.68022299
81 87 100 104 0 -0.00020252401 -1.36791098
110 118 127 138 0 -0.000232686958 -3.78172135
0 0 0 0 2 -0.00370780681 6.72890234
52 55 64 95 1 -0.000470727507 -4.8660779
52 57 90 95 0 -0.000577505212 -1.84359586
92 93 107 112 2 -3.36168487e-05 -6.00393724
75 75 87 122 2 -0.000111457979 -5.71441984
31 39 55 59 0 -4.83984913e-05 -6.6525979
165 168 72 107 2 -6.35378165e-05 -5.84625721
162 162 99 122 3 -0.000190360719 -5.54283237
97 102 51 86 2 -0.000210397324 -3.81385469
34 34 63 74 3 -6.3180385e-05 -5.30656767
101 105 166 171 2 -4.70872255e-05 -7.62073708
18 18 28 32 3 -0.000128863059 -3.866503
121 121 105 109 2 -2.65835533e-05 -6.26128912
159 167 182 217 3 -0.000479420938 -6.39019537
132 136 71 94 3 -4.62528988e-05 -6.44401073
84 91 62 67 1 -2.56298845e-05 -4.67805815
58 61 138 173 2 -2.33649553e-05 -7.08488274
83 87 35 70 4 -6.38957354e-05 -1.6141957
41 47 57 80 2 -4.60145275e-05 -4.40277719
0 0 0 0 3 -0.151896536 10.262044
177 183 134 157 3 -0.00340576447 -4.37660599
115 122 30 65 1 -0.00016379013 -6.11754799
0 0 0 0 2 -0.174416915 5.6565485
76 80 99 114 3 -0.000146028542 -5.04214239
110 110 55 90 3 -3.30207986e-05 -3.72443509
138 142 39 43 2 -1.83581778e-05 -5.80304718
154 157 129 144 1 -7.47435261e-05 -4.82578087
207 210 157 161 2 -2.05039378e-05 -7.80698204
97 99 107 130 1 -8.36837789e-05 -7.6577425
0 0 0 0 4 -0.00680463295 6.29694271
81 89 51 57 0 -2.03847321e-05 -4.59466171
86 93 110 116 1 -8.60677974e-05 -5.47375917
155 160 81 116 3 -9.33397969e-05 -4.6080265
114 116 133 142 2 -4.0530871e-05 -5.51089239
128 137 54 89 0 -0.000119564953 -4.91375971
146 150 34 69 2 -0.001724142 -5.15315485
0 0 0 0 3 -0.380823642 8.97897625
51 51 126 133 3 -8.2849343e-05 -5.80913973
41 41 66 68 4 -0.00024913947 -3.12515831
84 90 100 111 1 -0.000221008522 -4.11514139
0 0 0 0 2 -0.881774127 8.0668335
0 0 0 0 2 -0.362905324 9.21054935
90 90 106 141 2 -0.00018858393 -5.2315712
50 59 88 119 0 -3.44513064e-05 -4.7162981
93 97 123 131 2 -0.000118491414 -3.51427937
0 0 0 0 2 -0.231602311 7.72824287
68 71 131 139 3 -0.000101801408 -6.81958723
61 66 41 44 3 -0.00801152736 -2.73303175
120 121 54 63 2 -0.000260571833 -7.41773558
120 120 136 143 3 -0.0156112257 -4.1980896
0 0 0 0 3 -0.0238534492 7.75383139
0 0 0 0 2 -0.772179604 9.89967823
25 25 36 41 4 -0.000212064871 -3.55013442
0 0 0 0 1 -0.00793631189 -2.76514459
0 0 0 0 3 -0.668040335 8.49658394
136 148 77 112 0 -1.89542334e-05 -5.10397816
93 93 105 110 2 -2.65834587e-05 -7.09546661
131 131 96 111 2 -2.56299136e-05 -6.25963783
86 92 105 110 1 -4.70872255e-05 -6.95348454
61 69 46 50 0 -2.181524e-05 -5.23610783
79 84 100 103 0 -0.00538340397 -1.01509023
116 116 85 94 2 -0.0152661828 -0.224742919
0 0 0 0 2 -0.0121957269 6.51011944
68 70 84 95 2 -5.69815602e-05 -7.91917849
15 18 112 135 1 -0.000285015121 -8.02384853
105 111 121 136 2 -1.21593148e-05 -6.98805666
50 54 60 64 3 -1.75237274e-05 -7.15082884
128 133 146 157 0 -0.00101371028 -2.47098255
0 0 0 0 2 -0.549344897 7.33534479
143 146 159 164 2 -0.000184649238 -4.95505714
182 182 193 228 3 -0.000267854746 -3.81047249
92 97 112 120 4 -9.81076446e-05 1.28282571
54 60 73 108 1 -0.000142809207 -8.92955875
67 72 39 54 2 -0.000583474059 -3.03500867
65 71 89 124 2 -1.58548064e-05 -7.48417711
116 120 138 142 1 -9.09554219e-05 -2.98001742
106 110 80 83 1 -5.60278968e-05 -3.97914624
51 54 158 162 2 -0.000276905659 -4.08478117
69 72 108 112 3 -1.78813498e-05 -5.538414
151 151 85 92 2 -0.000134463844 -5.47749233
83 89 45 50 1 -3.96963624e-05 -3.10910225
74 77 97 132 2 -1.71661013e-05 -5.8426137
48 49 104 139 3 -0.000135774695 -5.23167849
0 0 0 0 2 -0.0633783042 8.43192577
132 132 147 182 4 -0.000365593063 -3.10933542
73 73 91 106 3 -3.0159812e-05 -5.77987766
165 169 59 94 3 -4.76832538e-05 -5.84377956
0 0 0 0 2 -0.00655790232 6.92464733
78 81 153 160 2 -1.16824913e-05 -7.91976881
122 126 79 110 2 -0.000694439397 -3.22748995
0 0 0 0 4 -0.0757903457 3.92765903
106 110 23 58 3 -1.37090456e-05 -7.94734097
148 157 60 95 0 -0.0011227543 -2.68396831
108 112 139 174 3 -0.000335202494 -5.55592823
136 142 46 81 3 -0.000115273506 -7.1487565
104 105 66 97 2 -5.56698578e-05 -4.05461597
18 21 26 61 4 -0.000205509044 -3.64056039
127 129 40 48 2 -1.22785414e-05 -4.93286514
86 90 134 169 4 -0.000261415727 -2.02718878
45 46 103 138 3 -0.00903764553 -3.19935703
46 46 56 79 4 -0.000130412984 -2.87578654
0 0 0 0 2 -0.800116658 10.5778036
52 55 71 77 2 -1.27553722e-05 -7.52794981
86 89 99 101 2 -8.30878707e-05 -4.14271688
71 75 116 127 2 -4.49416257e-05 -5.62078428
113 115 44 79 2 -3.31399351e-05 -7.05558586
64 67 18 53 2 -0.00199622614 -3.08033586
18 22 46 81 1 -8.65450056e-05 -5.6014123
70 74 100 131 1 -0.0001482925 -6.26821041
65 65 74 89 3 -2.46762247e-05 -3.94593525
86 91 138 143 0 -6.56833872e-05 -3.8694849
60 64 139 142 3 -6.87829743e-05 -6.0660882
114 115 36 43 2 -2.7775659e-05 -6.98958302
56 66 111 114 0 -8.92862954e-05 -4.40731668
49 50 60 95 3 -2.59875505e-05 -7.39027882
72 72 85 120 4 -0.000420069031 -2.15275478
0 0 0 0 3 -0.149847701 8.57627678
40 44 68 83 3 -6.37764315e-05 -5.74098682
114 118 91 96 4 -0.000344964268 -1.72671461
89 89 119 127 3 -8.88098075e-05 -3.4019289
40 41 95 130 4 -0.000598616898 -1.23365259
107 111 70 76 4 -0.000103591643 -1.42250454
61 64 98 105 1 -0.000203364936 -6.17157078
0 0 0 0 2 -0.00579444785 6.9902606
0 0 0 0 3 -0.722330391 8.35569
103 108 44 53 2 -3.80275669e-05 -7.87971067
105 106 63 68 1 -8.97626451e-05 -5.61585236
79 86 132 140 3 -0.000104545172 -6.14562941
96 96 113 117 2 -1.75237255e-05 -6.16782475
55 62 111 146 0 -0.000122424826 -5.44247866
110 110 122 137 3 -0.000883575878 -3.14066243
0 0 0 0 1 -0.705418169 8.53349304
88 88 50 54 3 -3.2067157e-05 -3.58203244
56 60 106 112 4 -5.10212776e-05 -1.19458187
0 0 0 0 2 -0.321321934 8.50873947
18 25 29 44 2 -0.00113565347 -7.60399008
0 0 0 0 2 -0.00234183646 5.48932648
59 59 115 150 3 -5.06634969e-05 -6.14660454
47 51 65 100 4 -6.234592e-05 -1.90241301
26 27 64 69 3 -0.000152584616 -4.88633156
38 45 57 92 1 -0.000155206173 -6.0176506
186 186 114 149 3 -7.29554158e-05 -5.18182325
0 0 0 0 2 -0.045047313 8.34759426
74 78 91 126 3 -0.000175828289 -6.18393517
115 118 136 142 0 -9.73926071e-05 -5.15168381
0 0 0 0 2 -0.000697109615 5.89617157
214 218 116 151 3 -0.00263703032 -4.20042038
0 0 0 0 2 -0.0121119739 4.49864435
0 0 0 0 2 -0.00424668239 5.14833546
19 23 32 39 1 -4.37495546e-05 -5.06160259
49 50 110 141 2 -0.450062037 1.19979262
0 0 0 0 2 -0.379514575 8.95263577
96 100 113 148 4 -0.000156756811 -0.250050008
48 52 123 146 1 -9.97768948e-05 -5.39128828
39 44 60 61 2 -2.16960216e-05 -4.94487238
47 51 82 117 3 -7.42660923e-05 -6.43936062
104 107 120 124 0 -8.4160296e-05 -3.16104674
174 179 131 139 3 -0.000491414394 -6.20469713
84 87 96 111 2 -0.000121353121 -7.08560514
107 112 121 127 3 -0.00020717991 -4.64119911
40 44 63 98 4 -0.000102637838 -2.99223614
119 119 48 52 3 -0.000200263952 -3.3318181
161 162 112 147 3 -0.000154968293 -5.98941278
47 49 37 41 2 -2.93253306e-05 -6.36407709
138 145 86 101 0 -5.30476609e-05 -4.00717115
32 36 111 142 2 -0.000311359618 -5.36944389
129 130 91 97 3 -0.000303967012 -5.0156002
0 0 0 0 3 -0.507657111 9.37938595
43 43 53 88 3 -3.5047342e-05 -7.00873566
0 0 0 0 4 -0.0722575188 8.71584702
71 74 111 142 2 -0.000544272887 -5.28784323
125 130 102 111 1 -9.66767911e-05 -7.37340593
53 54 67 90 3 -0.000302895263 -5.20792675
34 37 45 49 1 -1.15632665e-05 -7.24438953
148 152 76 107 2 -1.94310578e-05 -5.83081055
164 166 76 87 3 -6.54453324e-05 -5.51444864
72 76 31 40 1 -0.156958789 1.5575918
111 111 91 95 3 -4.01733414e-05 -3.98067307
0 0 0 0 2 -0.105062656 8.44590569
98 102 115 150 3 -0.00016593594 -4.80993414
81 83 123 130 2 -2.61067398e-05 -5.63195658
35 40 53 60 0 -2.87292878e-05 -3.45975184
119 125 190 194 1 -3.68355322e-05 -5.85497522
0 0 0 0 1 -0.0872354135 8.48759842
128 131 145 148 3 -5.2570882e-05 -5.08947468
18 21 67 102 3 -0.00119890401 -5.22294188
0 0 0 0 3 -0.00902184751 5.54337645
45 49 98 105 2 -0.00273447996 -1.41817105
0 0 0 0 3 -0.0992334858 8.84447765
85 91 36 51 1 -0.00485120527 0.68422097
140 142 82 84 2 -0.000393009919 -2.76936221
106 106 137 145 2 -0.000474060682 -3.22455072
77 82 94 129 0 -3.45705266e-05 -3.77792239
122 123 58 65 2 -6.77101343e-05 -4.30475187
57 60 200 235 2 -0.000175225578 -8.68408489
60 64 80 95 4 -0.000426863728 -2.02119136
0 0 0 0 2 -0.37813583 9.75028515
64 71 84 87 2 -1.2636162e-05 -9.08838844
87 91 101 136 3 -5.09019737e-05 -6.14150715
114 115 44 79 3 -0.00450984295 -2.77937293
0 0 0 0 2 -0.671036482 8.53342724
78 78 95 98 2 -0.000347000721 -2.2954731
0 0 0 0 2 -0.0363877863 7.60480738
50 56 71 78 1 -9.48893867e-05 -4.48126984
41 44 56 64 2 -4.48223873e-05 -4.3891592
22 24 31 66 2 -0.000178685979 -5.96629667
78 79 87 93 2 -6.47298657e-05 -4.83984232
0 0 0 0 3 -0.464801013 9.60989666
137 141 85 120 2 -2.37225831e-05 -9.57884884
55 56 115 150 4 -8.57104533e-05 -1.66772974
0 0 0 0 2 -0.00473610591 6.14673901
80 82 93 99 2 -2.61067562e-05 -7.7090373
0 0 0 0 3 -0.00390119059 5.38930607
68 69 84 85 3 -0.000168319646 -4.04676247
82 86 49 56 3 -7.76041561e-05 -4.59465504
97 99 84 89 1 -9.9180761e-05 -2.65078139
110 119 139 148 1 -5.18555862e-05 -7.31008434
43 49 21 25 1 -0.000350100978 -2.78221941
0 0 0 0 2 -0.583607495 8.09977913
0 0 0 0 2 -0.00268522976 7.061306
180 184 59 94 3 -0.000832462916 -3.18004274
39 43 48 63 3 -0.000132318964 -6.00524092
107 110 121 128 3 -0.000233880171 -4.11129665
125 131 26 34 3 -3.06366528e-05 -7.00913143
163 168 123 138 2 -0.000123379665 -5.9503336
48 52 127 162 3 -0.000149008323 -5.44717836
0 0 0 0 2 -0.0765071511 7.76994324
47 51 87 118 3 -0.00138352357 -4.19235134
133 138 16 51 3 -7.21209872e-05 -6.8752718
134 137 157 164 1 -0.000466796686 -3.53941178
0 0 0 0 2 -0.00445622718 6.79953337
47 51 130 138 3 -2.20536622e-05 -6.84220171
0 0 0 0 2 -0.0129135465 7.82494116
73 73 55 58 3 -1.62124343e-05 -4.49212217
0 0 0 0 3 -0.885689795 4.0916214
56 64 75 82 2 -9.65594245e-06 -5.67481899
41 48 52 60 0 -0.000167960286 -6.8184433
46 50 59 66 3 -2.99214189e-05 -5.51415396
188 191 167 173 1 -4.81603092e-05 -5.90466928
0 0 0 0 2 -0.341295779 8.58919525
41 44 58 69 3 -5.35244617e-05 -5.25431156
56 57 67 90 1 -5.35245672e-05 -5.52207279
135 138 69 104 2 -6.24650638e-05 -6.16788292
74 83 55 60 1 -4.6610563e-05 -7.32453632
33 39 75 82 0 -1.50203423e-05 -3.78734279
61 65 78 84 2 -0.000671790855 -1.74062264
0 0 0 0 3 -0.00435967138 3.20801735
49 53 93 100 3 -6.3776286e-05 -4.57223558
49 49 77 92 2 -0.00214732019 -3.33783627
86 90 103 111 3 -3.77891956e-05 -6.08078861
140 144 95 118 2 -0.036240641 -1.89392328
105 110 128 163 1 -5.7219695e-05 -6.92127991
54 60 140 146 0 -0.00011098184 -3.86806011
189 197 101 109 0 -7.42666889e-05 -5.74393749
127 131 88 99 1 -5.66239614e-05 -5.52275085
56 58 128 151 3 -0.000807439559 -6.14699268
0 0 0 0 2 -0.0197591223 7.43020153
98 101 113 119 1 -5.12596234e-05 -6.48883104
0 0 0 0 2 -0.0335347243 8.68924236
0 0 0 0 2 -0.00238470919 6.52593422
117 121 136 144 1 -0.000104068247 -5.23012352
212 213 166 201 2 -0.117872387 -1.38246381
146 147 210 245 2 -0.883228004 0.379660606
0 0 0 0 2 -0.402063489 8.81735992
110 113 47 82 1 -0.000115392468 -5.98640633
85 89 56 61 0 -1.84773889e-05 -4.90942478
0 0 0 0 2 -0.00115465384 4.46162796
41 47 58 69 2 -3.48089416e-05 -4.67745399
87 90 45 52 1 -3.15903526e-05 -5.59116077
51 54 69 75 1 -0.79167819 -0.648958981
52 56 86 109 1 -0.000455079658 -2.07276917
0 0 0 0 2 -0.196358547 7.89234352
44 50 64 73 0 -0.00609600078 -0.116727501
0 0 0 0 2 -0.427842855 8.99410629
132 136 61 96 3 -5.41205591e-05 -6.89812851
125 128 145 180 2 -7.23591656e-05 -5.12085152
24 30 109 116 1 -0.00382333715 -1.51548696
38 42 102 137 2 -0.00012766759 -7.72888136
53 57 110 145 4 -0.00119568314 -2.74825311
0 0 0 0 2 -0.227616414 6.92824984
0 0 0 0 2 -0.469915748 10.0221891
154 156 46 51 1 -0.000489786209 -4.18771124
64 66 48 55 1 -3.48088724e-05 -6.02993822
46 49 105 111 3 -8.4518324e-05 -5.15359354
17 23 28 31 1 -0.000583970977 -10.2435465
0 0 0 0 2 -0.0310438182 8.54939175
53 53 64 71 2 -1.9192601e-05 -7.31716347
113 115 90 95 2 -4.54183646e-05 -6.50793219
120 126 78 83 2 -0.000100730198 -4.46752119
54 61 110 117 0 -0.000225656258 -4.05124378
0 0 0 0 2 -0.315037429 9.03199577
166 173 81 89 2 -0.000522099843 -6.09102011
231 234 136 144 2 -0.000314105477 -5.11531591
77 81 92 127 4 -0.000104545281 -1.00070035
101 103 120 126 2 -0.00123062031 -2.88656735
135 135 47 82 2 -7.16439827e-05 -5.3037014
94 96 108 114 1 -0.000138280215 -4.21532297
84 84 19 22 3 -0.000118372824 -4.17554474
0 0 0 0 1 -0.44300124 8.89118195
136 137 40 75 1 -6.84255501e-05 -6.49042702
0 0 0 0 2 -0.0040027434 6.27636242
53 59 75 79 3 -0.000185363868 -4.59392452
130 134 144 149 0 -3.63586914e-05 -4.66061544
116 120 138 142 3 -0.000233640443 -5.16345215
0 0 0 0 4 -0.565808594 7.52483797
42 43 69 73 2 -3.40936967e-05 -5.12813616
39 39 128 135 2 -6.16305042e-05 -7.76699924
86 89 33 68 3 -0.000138995121 -4.67596722
75 82 150 156 0 -3.80274687e-05 -5.21191072
0 0 0 0 2 -0.237676784 8.8646183
30 38 46 81 2 -0.000130054847 -5.60950279
96 100 116 121 4 -3.58818179e-05 -3.19864297
32 35 105 140 2 -2.68219992e-05 -6.88165808
0 0 0 0 2 -0.0022663644 8.3953495
0 0 0 0 3 -0.00264187902 5.17449713
115 115 45 47 3 -6.11537835e-05 -5.14672756
30 35 100 135 1 -0.000158783048 -4.22929525
111 112 126 133 2 -9.53673225e-06 -7.48335934
189 193 97 112 4 -0.000214213491 -2.34327674
100 105 122 157 4 -3.56434393e-05 -2.14575124
35 36 106 110 2 -1.69276718e-05 -7.9423337
0 0 0 0 3 -0.727878094 10.2404308
104 107 86 92 3 -3.82659855e-05 -5.72465801
81 85 102 133 3 -2.41994239e-05 -6.86931181
101 104 51 86 4 -8.04655429e-05 -1.09301174
0 0 0 0 1 -0.00386590231 7.88629675
43 48 63 69 0 -0.000205143922 -2.17582035
85 89 34 49 2 -1.3232212e-05 -6.33498573
75 78 15 17 2 -1.6093225e-05 -5.92146921
41 45 59 70 1 -6.66374253e-05 -6.65865135
30 36 97 104 1 -5.84121481e-05 -6.01355696
162 163 195 200 3 -8.54719256e-05 -5.53595924
81 83 101 136 2 -1.50203432e-05 -7.98485708
86 90 158 169 2 -1.39474596e-05 -7.63426065
116 121 42 48 0 -0.000267252675 -1.58295321
52 56 85 93 1 -9.26237699e-05 -6.61393309
98 101 78 87 2 -3.29015857e-05 -7.06378269
0 0 0 0 2 -0.00523277652 7.00462818
62 65 49 52 1 -4.54184992e-05 -6.30993223
0 0 0 0 3 -0.450907081 10.3787136
104 105 116 125 2 -8.46384864e-06 -8.13862324
0 0 0 0 1 -0.0422470979 8.23869705
44 47 108 143 3 -0.00010156483 -6.13675833
119 121 43 58 3 -0.000393848226 -4.27109432
138 142 51 56 3 -4.19614007e-05 -5.08535528
63 67 151 166 3 -0.000721744727 -4.68170738
0 0 0 0 1 -0.435225099 9.77992249
88 91 101 136 2 -1.88349804e-05 -7.22686291
37 42 48 83 1 -0.00271996623 -6.22101784
0 0 0 0 2 -0.150476933 6.42637253
153 158 105 116 2 -3.39745056e-05 -3.85327625
71 77 136 142 0 -2.82524961e-05 -4.75949144
91 91 112 116 4 -0.0039337473 -1.25935519
93 97 47 58 1 -3.49281472e-05 -6.82949972
138 140 97 100 2 -5.84125155e-06 -7.55086851
0 0 0 0 3 -0.00112348062 5.82408762
78 78 88 94 2 -5.93656077e-05 -8.86278439
130 133 64 99 1 -3.58818179e-05 -5.32008457
47 51 81 88 4 -4.33919668e-05 -2.60767651
47 48 128 134 2 -5.7339159e-05 -6.55296803
139 144 109 118 2 -2.07423473e-05 -9.25583363
33 37 108 111 2 -0.000155803093 -4.23417616
0 0 0 0 2 -0.116548263 11.2896137
32 34 46 81 1 -5.96041646e-05 -5.52315617
0 0 0 0 4 -0.126493022 7.0465188
0 0 0 0 2 -0.00309330295 5.63617277
55 58 121 144 2 -0.000199907518 -3.46652985
98 101 142 145 4 -8.8929286e-05 -2.04231429
58 64 104 139 0 -0.000134823247 -5.61145401
65 70 45 52 0 -3.80275524e-05 -4.30797529
149 152 100 107 3 -3.48089161e-05 -5.52082968
42 47 59 74 0 -0.000129935826 -3.82573891
100 103 89 94 1 -6.22266234e-05 -3.96263075
166 172 141 147 2 -6.18690829e-05 -4.92343998
0 0 0 0 3 -0.51859951 10.6288214
125 127 77 112 1 -0.000127313629 -5.83880854
98 101 116 123 4 -7.68892642e-05 -2.40198517
59 63 159 166 0 -0.00019168391 -5.03358316
0 0 0 0 2 -0.340211421 8.88654137
142 144 96 127 3 -0.000264157483 -5.12209034
108 112 130 165 1 -4.16038129e-05 -6.10770607
71 71 27 38 3 -0.000118968237 -4.33497715
73 73 26 57 3 -0.00019263773 -5.0162673
178 180 154 159 1 -8.12998769e-05 -3.51318955
108 112 132 140 3 -9.76308511e-05 -3.73921227
97 105 116 123 3 -5.86505776e-05 -5.13997269
81 85 119 125 2 -8.60677828e-05 -4.07545757
146 147 45 48 1 -0.000356652279 -4.30120325
121 125 137 172 3 -0.000984769547 -4.86553097
0 0 0 0 2 -0.0058016507 7.54500914
72 76 88 123 2 -8.64253525e-05 -5.85878706
76 77 94 109 2 -2.61067344e-05 -5.34445286
0 0 0 0 2 -0.534599304 9.57187176
0 0 0 0 2 -0.125703439 8.35987854
46 49 86 121 2 -7.87962272e-05 -7.2718153
103 111 141 148 1 -0.000497018802 -1.16650569
55 55 69 76 2 -3.6596979e-05 -4.42225885
0 0 0 0 2 -0.00851375144 7.85491323
181 185 39 74 2 -0.000199670263 -6.00771475
116 117 128 136 2 -2.19344438e-05 -8.83022594
0 0 0 0 2 -0.0242129099 7.26632833
44 47 70 76 2 -1.09672419e-05 -6.65907001
103 103 58 93 2 -0.00104482076 -3.00759006
83 87 52 59 2 -1.0251988e-05 -4.49810553
103 107 44 79 4 -0.000171060907 -1.42624974
121 124 63 78 0 -5.53126156e-05 -4.9202137
83 87 67 72 2 -0.000104783365 -3.65409279
90 90 44 55 3 -1.88350168e-05 -5.72154665
131 135 51 74 1 -3.44513646e-05 -6.96939039
122 124 64 71 2 -7.40281685e-05 -5.8336916
60 63 40 45 1 -3.32592717e-05 -7.37899113
111 115 137 142 4 -4.52993118e-05 -2.52695489
38 42 75 106 2 -0.00465673581 -4.4949913
0 0 0 0 3 -1.1913569 0.113116227
55 59 88 119 1 -0.000180478877 -4.86067343
0 0 0 0 2 -0.000756058958 2.47935605
29 30 37 42 3 -0.000100491787 -4.74088573
110 114 126 134 2 -0.000457614195 -2.57033324
140 145 72 107 0 -0.000238292181 -1.8457377
129 136 177 212 2 -0.000549022399 -4.51974392
104 107 123 128 2 -0.000165100995 -3.89485836
49 52 60 65 2 -6.67571521e-06 -5.14831257
63 63 100 107 3 -7.86780583e-06 -4.90245819
161 161 102 137 3 -5.59086548e-05 -5.4215045
0 0 0 0 2 -0.32515192 9.00666332
71 77 107 142 2 -3.81467798e-05 -8.35818672
133 133 183 218 3 -0.000210279512 -8.82208157
125 126 48 55 3 -8.47566116e-05 -6.62627029
0 0 0 0 2 -0.37325263 8.91107273
124 127 36 71 2 -8.90475349e-05 -7.03594303
40 45 58 63 3 -0.00256352639 -7.49155951
56 56 28 35 2 -0.000264150905 -7.09050608
47 52 66 70 2 -8.34464299e-06 -5.26308632
142 146 164 167 1 -0.000112889247 -4.44113636
108 110 58 93 4 -7.96310051e-05 -1.64954114
0 0 0 0 3 -0.283655226 8.39043427
71 76 40 44 4 -0.000175471447 -2.24166417
112 114 44 79 3 -0.000138876407 -5.23244858
101 101 79 86 3 -1.70468811e-05 -4.83302402
0 0 0 0 1 -1.01472068 7.83994532
47 54 59 63 1 -0.00012027967 -10.0958471
91 92 58 61 2 -2.09807786e-05 -4.36877728
46 48 65 76 1 -5.07828408e-05 -4.74789476
146 151 117 128 0 -0.000143644676 -3.90601492
0 0 0 0 0 -0.395221442 10.9768906
93 97 23 26 0 -0.000348665431 -3.20557928
51 58 120 155 1 -5.88889197e-05 -6.67024517
112 115 129 134 3 -3.01598429e-05 -5.41254997
112 112 127 131 3 -7.05713101e-05 -7.76122713
91 95 46 81 4 -0.00011658491 -1.51375294
69 73 87 122 1 -0.000199431815 -6.26548004
84 84 99 134 3 -4.37495619e-05 -5.31543207
108 114 128 135 1 -0.000105140978 -4.47568083
105 105 90 98 3 -3.08750678e-05 -4.80420399
0 0 0 0 1 -0.0780168697 8.01789379
100 107 45 52 0 -6.53260213e-05 -3.43423581
0 0 0 0 2 -0.0205069687 7.54979038
139 143 52 58 1 -3.92196744e-05 -4.88311386
79 79 89 120 3 -0.000103352722 -3.80845737
59 59 73 78 4 -0.000410892535 -2.30427289
136 138 161 196 2 -1.93118321e-05 -8.4050808
116 117 97 106 3 -7.66504745e-05 -6.52319956
0 0 0 0 3 -1.08275163 7.30708265
57 61 130 141 2 -2.31264821e-05 -7.22787809
87 91 45 76 0 -0.00021266249 -3.29341578
148 149 101 136 3 -0.000319459796 -7.5316968
36 38 74 85 2 -0.000131724082 -5.58949471
47 53 62 66 0 -4.20805227e-05 -4.22746372
0 0 0 0 2 -0.00989511609 6.33542061
0 0 0 0 2 -0.00683737174 5.85231447
126 130 169 177 1 -5.65047776e-05 -5.03117323
0 0 0 0 3 -0.0192563776 8.05897713
42 46 77 112 4 -0.000115630908 -3.33735132
100 104 34 41 0 -0.000236618973 -3.00612998
0 0 0 0 3 -0.00739012379 4.07172775
0 0 0 0 2 -0.736482263 7.3110652
110 113 135 158 1 -9.93000722e-05 -5.70709515
34 34 42 57 3 -1.02519862e-05 -7.35803461
99 99 113 121 3 -1.34706261e-05 -4.13355684
0 0 0 0 4 -0.0437416695 8.48569584
109 116 133 168 0 -0.000135060167 -4.67862654
0 0 0 0 2 -0.626594245 6.99726915
0 0 0 0 2 -0.0686330348 9.02530766
78 84 39 44 1 -2.77756753e-05 -8.23332405
52 58 94 117 2 -2.56299099e-05 -5.54771376
131 135 95 101 4 -5.74585174e-05 -2.7150557
44 50 75 86 4 -0.000110742592 -3.20955181
40 43 123 126 2 -5.93656514e-05 -4.60778475
47 51 22 28 3 -7.37898081e-05 -4.44837189
100 107 131 138 1 -7.55778819e-05 -7.49954319
0 0 0 0 2 -0.112775929 9.98790646
30 39 109 144 1 -4.86370482e-05 -7.23639297
0 0 0 0 2 -1.07338619 8.90841961
132 138 152 187 2 -1.09672401e-05 -7.79943466
38 40 54 62 2 -3.74315059e-05 -5.43688345
82 86 101 109 2 -8.9525136e-05 -4.72442913
182 184 37 68 2 -2.47954522e-05 -6.80321217
116 119 128 135 2 -0.00362588139 -2.3124032
88 92 98 104 3 -1.88350296e-05 -5.10558558
36 39 88 93 1 -6.21075887e-05 -3.42620111
90 95 125 130 0 -0.000173562337 -4.2207489
58 66 40 47 0 -3.99349228e-05 -4.96291304
68 72 42 51 3 -2.55107152e-05 -6.06501961
126 132 48 83 2 -2.13384064e-05 -6.76890898
108 115 128 133 2 -4.91139726e-05 -7.79277897
0 0 0 0 0 -0.185541898 10.9073305
51 55 131 138 2 -5.66238778e-05 -5.8510828
0 0 0 0 3 -0.588855803 10.4703875
49 52 79 102 0 -9.14326083e-05 -4.16814709
132 132 105 110 3 -8.24916133e-05 -4.1995945
214 215 159 194 2 -0.000123975129 -7.36963606
187 191 62 71 3 -0.000232928229 -5.01891088
39 40 20 27 2 -3.94580311e-05 -6.33964777
0 0 0 0 2 -0.186809972 9.66835499
120 120 95 106 3 -6.11538926e-05 -5.48599577
39 42 115 117 4 -0.000139948868 -2.75851059
154 159 126 135 2 -5.68624382e-05 -5.16618538
103 106 36 59 2 -8.80943262e-05 -4.4783268
64 65 76 111 2 -2.98022132e-05 -6.0825448
112 114 40 42 2 -1.23977479e-05 -6.10087156
57 63 123 129 2 -0.000133988215 -3.87075424
133 133 47 82 3 -6.37760604e-05 -5.74599838
0 0 0 0 2 -0.0577044487 9.03515148
0 0 0 0 4 -0.0307950694 7.57338476
63 64 110 145 1 -7.29555031e-05 -6.64393473
114 114 55 90 3 -0.000172370084 -3.59558916
62 66 102 108 2 -4.00539357e-05 -6.03715611
112 119 63 98 2 -8.10622441e-06 -9.54669666
98 100 118 133 2 -0.000183576747 -4.24670601
109 109 131 138 4 -6.04386951e-05 -1.82250917
0 0 0 0 2 -0.237676784 8.8646183
123 126 139 145 3 -0.000154610461 -4.86227846
161 164 34 37 0 -0.000328852504 -4.46011353
52 57 75 78 4 -5.6504774e-05 -1.9254241
17 24 28 32 0 -8.07036922e-05 -6.23664856
52 59 82 88 3 -3.44513392e-05 -6.35066605
37 43 23 32 1 -0.000154969195 -5.53242874
59 64 130 135 4 -0.000433183857 -2.06904268
0 0 0 0 1 -0.0545379147 8.35905075
97 97 157 180 2 -0.000220649003 -4.77323818
127 128 82 117 2 -6.00809981e-05 -4.56566048
0 0 0 0 2 -0.000747366226 4.74273777
0 0 0 0 2 -0.758588791 10.6867247
0 0 0 0 3 -0.0167583227 6.32821321
47 50 62 64 4 -4.55376939e-05 -2.28062582
0 0 0 0 1 -0.00253296504 6.07375717
119 122 137 141 3 -0.000128028201 -6.03547001
41 45 48 79 3 -0.000672845694 -3.87142467
93 94 44 75 2 -0.000113604634 -5.89243889
109 112 74 81 2 -1.03711955e-05 -6.66651106
49 49 90 105 3 -2.99214298e-05 -6.04143381
75 80 94 129 0 -6.61603626e-05 -4.39983368
0 0 0 0 4 -0.00070887024 3.94691515
0 0 0 0 2 -0.629125118 8.41905212
58 63 76 81 0 -0.000914326753 -2.50399637
0 0 0 0 2 -0.00733258016 6.51713514
93 94 37 60 2 -4.11269066e-05 -6.79850006
46 53 105 111 0 -5.74579281e-05 -4.65406799
26 27 95 101 2 -7.35514186e-05 -4.71479893
67 74 50 55 3 -7.62929703e-05 -5.21959877
0 0 0 0 2 -0.455824137 8.98785877
0 0 0 0 0 -0.0725554302 7.79992247
0 0 0 0 3 -0.447971702 10.01264
125 126 141 147 2 -0.00148723903 -2.60608649
25 29 35 58 3 -0.00210525142 -9.75910759
0 0 0 0 1 -0.269816965 10.4605169
98 99 43 66 2 -5.32862177e-05 -5.83151245
30 34 44 52 2 -4.26766564e-05 -5.1187253
0 0 0 0 2 -0.144985572 10.4206495
210 211 151 186 3 -0.00084723928 -5.92921495
21 21 32 67 2 -0.00108786533 -3.49029279
93 94 102 113 2 -3.3974502e-05 -5.13601112
0 0 0 0 2 -0.0232707318 6.73035383
57 62 71 86 1 -6.58026765e-05 -3.80809879
0 0 0 0 3 -0.0190687105 8.33422089
240 241 58 89 2 -0.198025599 -2.29636192
72 75 85 92 3 -0.000160094671 -3.89668918
63 66 82 93 2 -5.68622927e-05 -5.41726685
56 61 72 107 3 -5.65046503e-05 -6.43491411
103 104 111 115 3 -3.67162211e-05 -4.06183577
80 86 56 61 2 -4.66105048e-05 -3.77086639
47 47 122 127 3 -1.71660977e-05 -6.12128973
41 41 76 87 2 -8.72598903e-05 -4.75964069
84 84 90 125 3 -2.99214335e-05 -5.20680523
95 101 81 90 1 -0.00016581238 -6.853405
0 0 0 0 2 -0.406538844 8.81273651
62 64 70 85 1 -3.19479404e-05 -4.91020679
97 99 112 135 2 -0.000151988381 -4.81215954
122 122 59 66 2 -9.00018931e-05 -4.57877779
117 117 98 103 2 -3.29016366e-05 -5.23770809
81 81 89 91 2 -5.24517163e-05 -4.70281267
38 40 55 90 2 -3.77891338e-05 -5.86851501
0 0 0 0 3 -0.108082689 4.28740835
76 80 96 119 4 -0.000207299876 -1.63564658
153 158 52 83 1 -0.00029443219 -2.97713208
77 82 94 117 3 -2.93253906e-05 -6.51657391
0 0 0 0 0 -0.0282704681 11.9049129
36 37 113 118 2 -5.31669975e-05 -4.58024216
107 110 90 97 2 -9.29831094e-06 -8.14682388
110 112 92 103 2 -3.03982561e-05 -4.48484659
13 16 20 23 2 -0.0856953561 -6.49342632
0 0 0 0 2 -0.226568162 8.95046234
58 58 138 173 3 -0.000124213839 -5.18196249
109 120 135 142 0 -0.00110857771 -2.18669271
75 79 34 49 2 -2.52722893e-05 -4.39744329
165 169 205 236 3 -0.00657669548 -4.1463418
0 0 0 0 4 -0.107016787 8.33869076
0 0 0 0 3 -0.0999385566 9.0632925
118 126 201 207 1 -0.000380240992 -6.20854712
0 0 0 0 2 -0.584110141 9.25293159
96 98 17 52 2 -4.37494928e-05 -5.4109621
126 129 32 43 1 -0.000431872293 -2.34123611
206 211 133 140 0 -0.000193944681 -4.50257254
42 42 117 152 4 -0.000529371551 -2.99796748
22 28 35 70 0 -7.06903083e-05 -5.33138847
106 108 82 89 1 -0.000139709242 -2.23879313
0 0 0 0 1 -0.521839082 8.67005348
0 0 0 0 2 -0.0572040416 8.7877655
157 165 72 107 2 -4.42262499e-05 -7.01166534
0 0 0 0 2 -0.0878468677 8.1482029
164 164 213 220 3 -0.000125882842 -3.82529926
109 113 54 89 3 -5.72200152e-05 -5.39522696
0 0 0 0 3 -0.00314909825 5.62612057
60 64 83 90 3 -0.000164385565 -5.00354195
0 0 0 0 3 -0.00606743572 6.75402069
92 97 41 76 0 -5.53127029e-05 -4.76732254
76 80 128 163 2 -0.000497150235 -5.7890234
113 115 124 147 2 -0.0841899291 -3.20738173
0 0 0 0 1 -0.0622326508 10.2066374
83 89 98 133 2 -3.42129206e-05 -5.46388483
129 131 82 117 2 -0.00877240952 -3.76784158
103 109 119 125 1 -6.85446066e-05 -5.40062189
40 44 53 88 2 -3.85043168e-05 -6.88039446
129 129 100 103 3 -6.80675439e-05 -4.79000759
26 30 98 129 3 -0.000514817191 -4.59971428
0 0 0 0 2 -0.651108325 7.44536734
176 178 145 152 2 -3.08750823e-05 -7.40165234
87 87 98 102 3 -1.89542206e-05 -5.34411049
66 73 156 160 0 -0.000444264326 -3.16090894
0 0 0 0 3 -0.927801728 9.85165596
38 44 48 52 2 -0.000480723538 -6.61688185
74 77 45 50 1 -4.17230112e-05 -5.59198904
104 108 57 92 3 -0.0119613204 -2.39967585
0 0 0 0 2 -0.0104930745 8.64151669
149 153 94 129 3 -6.84252227e-05 -4.44867516
0 0 0 0 1 -0.031442523 7.8368597
117 124 56 60 2 -6.99749507e-05 -5.00338078
91 100 37 68 1 -0.000133868933 -4.59830332
123 126 204 239 2 -0.0126139391 -5.65824747
92 92 115 150 2 -0.000418631156 -6.69511175
130 134 69 104 1 -3.75507661e-05 -7.10730076
42 42 53 58 4 -0.256299496 -1.98370278
0 0 0 0 1 -0.607194304 6.90107298
78 82 58 61 1 -0.00013529649 -4.6402092
153 154 98 133 2 -1.28745723e-05 -7.42052555
37 41 104 139 2 -0.000111458416 -4.88508701
110 113 125 131 1 -6.73525574e-05 -6.48661804
138 141 105 113 1 -3.37361053e-05 -7.08381939
0 0 0 0 1 -0.155878723 8.61117077
40 40 83 86 3 -0.000109312889 -4.29699087
92 97 75 78 0 -0.000267853145 -1.45664978
70 74 25 60 4 -0.000860769185 -2.31314969
0 0 0 0 2 -0.733229637 10.0768776
112 116 45 80 2 -2.41993839e-05 -5.53573036
109 111 123 128 2 -0.000173326087 -2.58208394
90 94 71 75 3 -0.000147815124 -4.58685684
35 42 113 128 1 -6.19884377e-05 -7.99387264
0 0 0 0 1 -0.762710929 9.37310028
80 87 64 67 0 -1.19209126e-05 -4.26907015
133 133 97 120 2 -6.92596295e-05 -7.29227877
102 106 116 123 3 -7.87956305e-05 -6.9237299
85 86 51 60 2 -0.000158426396 -5.03164053
138 141 23 58 3 -0.000309691852 -5.9649477
136 139 117 120 0 -3.57625868e-05 -3.39442515
121 124 58 65 2 -1.16824849e-05 -7.56220675
70 73 87 98 3 -3.49281472e-05 -6.15380812
0 0 0 0 4 -0.0269680414 7.71809673
94 97 30 65 4 -9.31013128e-05 -0.729901195
57 61 170 176 0 -0.000438036484 -3.45590401
0 0 0 0 2 -0.00447025197 6.03453636
89 93 31 33 3 -5.14980457e-05 -5.6683197
60 65 86 93 0 -3.39744365e-05 -4.34913445
142 142 62 66 3 -1.77621478e-05 -4.81204891
186 189 50 65 2 -1.95958865 1.94040811
91 94 127 162 2 -0.00013327357 -8.75047016
130 131 84 99 2 -2.01463063e-05 -5.59084797
93 93 39 74 4 -0.00046214927 0.210876435
41 43 58 65 2 -1.12056596e-05 -7.05078793
142 147 166 174 2 -0.000258197717 -4.93377638
142 149 162 169 2 -0.000909785042 -3.39193821
0 0 0 0 2 -0.00167216302 6.90617466
30 34 46 81 3 -0.000102399441 -5.45859385
129 133 111 114 1 -7.55780493e-05 -4.66246557
104 106 114 129 2 -2.9086963e-05 -4.64655447
138 142 160 168 2 -0.000778471469 -3.39015722
0 0 0 0 2 -0.00537296385 6.72457123
197 197 149 156 4 -0.00179652416 -2.50254011
136 136 71 74 3 -3.71930619e-05 -6.29200506
0 0 0 0 2 -0.241047531 9.58168983
0 0 0 0 0 -0.127616256 11.1921215
0 0 0 0 2 -0.00296448101 6.92238808
0 0 0 0 3 -0.0085743973 7.70424986
144 145 91 114 3 -0.000511014892 -5.06181049
60 60 72 77 3 -0.000529837445 -4.49172688
0 0 0 0 3 -0.59875977 8.88535976
0 0 0 0 4 -1.25558102 7.61281872
40 40 52 87 4 -0.000119207456 -3.2597363
128 132 44 51 2 -3.42129169e-05 -3.55869818
17 20 25 33 4 -0.0134092597 -3.2238512
39 43 149 153 3 -5.29285753e-05 -4.7252779
103 108 59 63 3 -5.04252275e-05 -5.15330601
173 174 158 163 2 -0.000174280169 -3.35619092
100 103 52 52 3 -0.00075748103 -3.91377401
63 63 79 110 3 -3.5881807e-05 -4.74592209
58 64 155 190 0 -6.74715484e-05 -5.45777655
27 27 44 47 2 -2.0861542e-05 -9.083251
21 27 60 95 2 -4.24382888e-05 -4.85698986
0 0 0 0 1 -0.00584372273 7.77715492
55 56 115 118 2 -3.08750023e-05 -5.96982479
0 0 0 0 3 -0.0931690335 10.1316948
56 59 97 128 1 -3.89812703e-05 -4.94935608
54 60 123 130 0 -3.86236461e-05 -3.47129416
106 106 52 87 2 -0.000198834183 -5.46287537
33 37 76 85 3 -2.13384083e-05 -6.57409573
93 98 111 113 3 -0.000110147485 -4.40535975
202 205 143 178 4 -0.000581464265 -2.79831314
0 0 0 0 1 -0.0876185372 9.57755375
112 114 128 136 3 -3.46896559e-05 -6.24873209
136 136 110 125 3 -3.57625686e-05 -5.29853296
105 110 121 144 2 -1.65700585e-05 -5.5564146
70 73 80 111 3 -0.00129984494 -4.43577242
98 101 79 87 1 -2.53914695e-05 -5.37896633
107 108 123 126 2 -3.12326956e-05 -5.86491203
144 146 169 173 3 -0.00328554842 -5.17280102
65 65 79 85 3 -1.14440763e-05 -7.27122974
0 0 0 0 3 -0.772504807 9.59693527
73 74 149 160 2 -3.62394348e-05 -6.39648151
140 146 42 57 2 -2.09807677e-05 -7.09391546
41 43 58 66 1 -4.27959312e-05 -5.23641872
46 52 96 105 3 -7.03323894e-05 -5.23931026
75 75 87 122 3 -1.68084789e-05 -4.83293343
144 148 115 121 4 -0.000100372767 -3.2411263
109 113 68 75 3 -0.000171776308 -5.04675436
104 104 115 130 3 -1.45435097e-05 -5.14611149
50 55 76 83 1 -0.000174518646 -3.95663023
105 110 177 212 2 -0.000121230878 -7.39534521
55 57 64 67 2 -2.96829676e-05 -10.5461626
111 114 123 154 3 -0.00132478261 -4.5940485
147 151 105 140 3 -0.000478828733 -6.72347021
66 70 87 118 1 -0.000220888469 -5.10503769
142 149 90 125 1 -5.38822205e-05 -5.5975318
59 63 76 79 2 -2.71796089e-05 -5.38605642
122 123 51 86 3 -0.00595264556 -4.76286745
142 146 47 54 0 -1.16824922e-05 -7.52227688
116 116 131 134 3 -2.0027117e-05 -5.21887159
125 125 134 139 4 -0.000191920029 -3.21386933
117 124 147 152 2 -1.74045199e-05 -7.44671488
102 102 116 123 3 -3.40935949e-05 -4.2903533
104 106 123 130 2 -6.47295601e-05 -4.33852386
0 0 0 0 2 -0.00555233518 7.44700861
130 131 51 86 3 -0.000105856256 -7.8696208
21 21 51 86 3 -0.000642316823 -4.96938372
46 50 161 196 2 -0.000154607027 -5.89489269
0 0 0 0 1 -0.002700574 6.23542738
115 118 63 98 1 -3.31400115e-05 -6.40451527
55 62 8 43 0 -0.000132199202 -6.49432325
0 0 0 0 3 -0.137536913 4.75084257
0 0 0 0 2 -0.975071728 8.14124012
121 125 77 112 3 -0.00201234547 -4.38239717
89 91 27 62 1 -0.000369287998 -3.41376853
76 79 93 104 1 -5.32857666e-05 -4.12059832
75 75 85 92 3 -8.92866083e-05 -4.47508574
56 58 75 106 2 -0.00175156759 -2.9575839
0 0 0 0 2 -0.00626723748 8.43889999
126 127 81 88 3 -0.000808001612 -4.50845337
88 93 73 78 1 -0.000137922558 -4.81030273
0 0 0 0 2 -0.635069311 7.89011002
103 108 47 54 1 -2.92061704e-05 -7.23122501
0 0 0 0 3 -0.019445179 8.35278893
19 25 29 64 2 -0.00344302692 -8.82956409
102 106 118 125 3 -0.000118969147 -4.45242214
119 121 135 170 2 -0.000502896495 -6.21146584
68 68 141 146 3 -8.92868266e-05 -6.97032213
68 73 85 116 1 -7.25977443e-05 -5.52046299
95 100 73 80 0 -0.000148649779 -4.82154942
128 138 105 109 0 -2.45570263e-05 -4.93024206
127 130 35 41 0 -0.000279417582 -3.54114771
95 95 49 84 2 -0.000184292221 -6.67061424
19 19 40 44 3 -0.000131246808 -5.43172979
46 49 93 128 3 -0.000154849244 -5.17560911
105 109 32 39 2 -8.01077331e-05 -4.62753105
43 45 61 63 1 -0.000844849797 -2.97316003
109 110 79 89 1 -0.000121590245 -4.81821728
83 87 102 137 0 -6.02001783e-05 -4.67885351
128 131 96 105 2 -0.000385729654 -4.71704197
81 81 48 53 3 -1.87158166e-05 -3.82246256
106 108 43 51 1 -3.71931565e-05 -5.57562304
106 108 28 63 1 -5.45974945e-05 -6.27619076
42 49 142 173 2 -0.00634298148 -1.15525866
88 92 29 34 1 -2.62259564e-05 -8.18061638
115 115 96 104 2 -6.2226638e-05 -5.00125217
178 181 49 55 2 -0.000215040971 -4.90174675
130 132 103 105 2 -0.000218860718 -2.47885561
12 13 18 26 4 -0.0274200793 -1.96835446
12 18 22 45 0 -0.000578221923 -6.08590794
53 56 89 120 4 -0.000221604554 -0.756566405
93 97 107 113 3 -1.88350095e-05 -5.20247602
60 60 73 108 3 -3.4928129e-05 -6.31160545
102 102 38 69 4 -0.000106094936 -1.02550983
132 135 81 112 2 -0.000109074826 -4.05389023
40 45 67 78 4 -0.00025271601 -2.80704403
110 110 159 167 3 -0.000945189153 -5.77628565
83 84 51 56 2 -7.28361192e-05 -3.73121524
159 163 45 60 2 -3.21863263e-05 -5.62273359
97 100 116 125 1 -4.97099791e-05 -6.70601416
47 47 114 116 4 -0.000232448103 -2.7632525
51 55 75 98 3 -0.000111577232 -5.20141268
54 58 68 75 3 -3.70738708e-05 -5.55719423
50 51 60 65 2 -3.96964606e-05 -4.37513781
41 46 50 73 1 -0.00210267305 -4.23686266
69 73 41 46 1 -4.43456447e-05 -6.53778791
37 39 43 45 2 -0.000176659887 -9.31713581
90 93 31 66 2 -1.5377962e-05 -7.90431643
128 134 81 116 0 -2.81332923e-05 -5.34623718
55 56 41 49 2 -2.30073329e-05 -5.88150692
63 67 75 110 3 -0.000249494129 -5.44645262
89 95 56 62 0 -6.1868901e-05 -3.3171916
52 53 67 69 3 -4.64912955e-05 -4.37000656
41 41 59 64 3 -0.000322313921 -7.41437387
67 67 84 119 3 -3.83851693e-05 -5.07471228
51 54 66 73 2 -5.67430834e-05 -5.18754196
124 127 65 100 2 -1.71660813e-05 -7.85158014
111 115 75 82 2 -2.50338671e-05 -5.41094971
55 55 71 106 3 -2.12191881e-05 -5.67602301
93 99 76 83 0 -0.000587522285 -2.75609684
47 47 86 92 3 -2.62259473e-05 -4.9338088
131 132 58 64 3 -0.000200742506 -5.15889931
25 26 79 86 3 -0.000135896131 -5.48798561
64 65 31 38 3 -0.000519426947 -5.50765514
5 5 8 43 3 -0.0152388113 -3.56195092
123 123 89 96 3 -0.000231375147 -5.07537842
136 136 55 60 2 -0.000118849915 -2.73789263
36 36 46 53 3 -1.84773962e-05 -4.95693922
29 30 34 57 2 -0.00454561831 -5.26084089
127 127 52 67 3 -2.15768305e-05 -6.62831259
86 87 99 130 2 -9.58424862e-05 -3.81614923
44 45 114 122 2 -2.25304757e-05 -7.19761658
135 137 89 124 2 -8.58295462e-05 -6.72669363
89 89 144 159 2 -0.000427570019 -3.88780189
75 76 62 65 2 -3.02790504e-05 -5.35287523
112 118 40 75 1 -8.05844902e-05 -6.39883804
57 57 77 112 3 -2.47954104e-05 -6.90807581
82 83 112 147 3 -0.000275242346 -6.16698933
116 119 49 72 1 -3.76699718e-05 -8.55592823
109 110 57 59 2 -0.000127670472 -3.95976448
118 118 67 102 3 -1.88350059e-05 -6.76148653
146 146 54 77 3 -1.7523731e-05 -6.34273481
69 73 82 113 1 -4.05309256e-05 -6.00766802
91 91 49 84 2 -0.000152584238 -7.98251677
77 79 94 101 2 -1.69276718e-05 -5.84812593
17 19 40 44 2 -3.1590087e-05 -6.9225173
63 65 10 25 1 -7.92732899e-05 -6.43422985
98 99 80 83 2 -0.000148174135 -3.70025563
143 143 72 75 2 -1.69276882e-05 -5.65817547
127 129 32 55 2 -0.000217668974 -4.89541578
0 0 0 0 3 -0.0320513546 7.3645668
0 0 0 0 3 -0.0373996384 8.5868187
0 0 0 0 2 -0.554864466 9.3516407
0 0 0 0 3 -0.0253026765 8.98627949
0 0 0 0 2 -0.404824853 8.6105957
0 0 0 0 3 -0.0128886579 9.68458271
0 0 0 0 2 -0.00472407695 8.99285126
0 0 0 0 2 -0.080118522 8.29895496
0 0 0 0 3 -0.00620582933 6.64692545
0 0 0 0 2 -0.62303555 10.6698351
0 0 0 0 2 -0.492150068 8.38138485
0 0 0 0 3 -0.734664381 10.3999052
0 0 0 0 2 -0.0103810532 8.62152863
0 0 0 0 0 -0.0690930113 11.36376
0 0 0 0 3 -0.452191204 10.2336216
0 0 0 0 3 -0.0388739072 9.09490585
0 0 0 0 2 -0.00454876106 7.63995647
0 0 0 0 2 -0.126554564 9.70689869
0 0 0 0 2 -0.0355431922 7.97604513
0 0 0 0 2 -0.2423058 8.6376915
65 73 37 41 0 -0.000327567512 -4.30279016
20 23 27 62 2 -0.00343443127 -6.9926734
80 85 100 135 1 -3.91004287e-05 -8.25776482
118 122 34 69 3 -4.50608313e-05 -5.90685272
61 69 51 56 1 -3.11134863e-05 -5.17675495
56 59 98 133 1 -0.000114558439 -6.26637411
18 20 36 67 2 -9.20282837e-05 -6.46843195
163 163 33 41 3 -4.93521438e-05 -4.59926939
122 126 137 144 0 -0.000190724808 -2.08604288
0 0 0 0 2 -0.000497783069 3.82556105
106 107 55 90 2 -1.45435051e-05 -8.6097126
35 41 51 55 0 -9.77514901e-06 -4.6659441
166 169 120 151 0 -0.000853443576 -1.26404345
47 51 65 80 3 -0.000349369191 -5.28887081
64 64 52 59 3 -0.000406334409 -5.2676158
25 27 157 180 1 -0.000228990539 -4.81258106
48 48 100 111 3 -0.000283588015 -3.12619972
174 178 127 135 0 -7.15249917e-05 -4.62599659
78 85 93 97 1 -2.08615511e-05 -6.55727625
48 52 67 82 3 -1.57355953e-05 -6.38888979
51 54 64 66 4 -0.0026001716 -1.77816796
59 62 84 119 1 -0.000167006889 -6.44599295
68 74 135 170 1 -9.45316642e-05 -6.45498657
129 132 76 111 4 -4.88754958e-05 0.0443182364
54 59 73 104 4 -4.41072152e-05 -1.46045864
43 43 55 66 4 -0.000152107692 -3.14803791
50 54 85 92 4 -6.23459346e-05 -1.58314073
0 0 0 0 3 -1.01956594 11.0563278
0 0 0 0 1 -0.0134189166 4.54387426
71 72 26 61 1 -8.15383246e-05 -6.98879671
175 180 128 163 0 -0.000127909254 -4.6361928
0 0 0 0 1 -0.373739779 9.34458828
0 0 0 0 3 -0.0210134592 9.70535564
121 122 58 73 2 -0.00011443923 -4.37747765
87 90 71 75 1 -3.55242009e-05 -5.65750742
0 0 0 0 1 -0.369849831 9.15384865
99 102 34 42 0 -0.000118014184 -2.96718812
177 184 56 64 0 -0.000134701899 -3.35846019
0 0 0 0 2 -0.676774502 0.254646838
45 45 59 67 2 -3.26631816e-05 -4.37492943
61 62 178 182 2 -3.83851875e-05 -5.57455254
173 176 77 83 0 -0.000217547975 -5.64328337
126 131 55 90 3 -0.000144953883 -7.07200766
0 0 0 0 3 -0.0102627436 6.42925882
148 151 126 134 2 -9.79883189e-05 -6.37437677
72 77 89 91 1 -3.3378481e-05 -6.86160755
0 0 0 0 1 -0.0609903336 8.46268368
10 11 21 28 2 -0.000359396741 -3.67122173
48 49 63 67 2 -9.64390711e-05 -3.83592129
43 49 92 101 1 -6.81870079e-05 -6.53694868
39 41 129 134 1 -7.58163005e-05 -4.82253361
71 74 142 145 2 -0.000167723105 -4.56547022
72 77 120 125 2 -8.23727169e-05 -5.92725849
0 0 0 0 3 -0.0130470116 6.77244234
38 45 67 76 3 -0.00012588274 -5.26801491
45 49 64 99 3 -9.01209569e-05 -5.29767466
33 41 66 101 1 -9.01211242e-05 -6.30575609
126 128 146 181 2 -0.000395864277 -6.8890605
38 41 102 113 2 -6.34187454e-05 -5.30402279
58 65 75 78 0 -3.01598229e-05 -3.52717113
132 133 61 68 3 -4.87563266e-05 -5.59344053
77 81 96 131 3 -0.000213021442 -5.56476116
43 47 64 99 3 -0.000200028444 -4.92844296
53 53 61 66 2 -4.26767037e-05 -4.63252211
77 81 116 151 2 -5.06636134e-05 -6.60241699
0 0 0 0 4 -0.000359125814 3.11851454
79 83 55 66 3 -0.00053425692 -4.8735013
48 56 35 41 3 -0.00012874321 -4.88907671
89 93 106 129 4 -0.000105618288 -0.959615767
79 84 34 45 1 -5.26901022e-05 -6.87903166
122 122 76 111 4 -0.000242940383 -1.84611166
0 0 0 0 2 -0.0100036925 8.23645973
83 83 95 103 4 -6.67566346e-05 -3.38804078
90 91 100 106 4 -5.07828299e-05 -3.15244603
111 112 61 96 3 -3.19479732e-05 -7.5928669
137 138 68 70 2 -6.41340739e-05 -5.0220542
65 69 29 36 2 -0.00034830661 -5.95913792
81 82 99 110 3 -1.40666725e-05 -7.13800955
124 124 169 176 3 -0.000462484517 -3.88318777
110 114 130 134 0 -5.17364533e-05 -3.08157825
105 105 41 45 3 -1.93118594e-05 -5.74151897
64 69 103 138 3 -0.000189417507 -6.95870829
41 44 123 126 1 -0.000298010709 -2.32244444
65 71 85 116 1 -0.00133157056 -3.39378977
62 69 143 149 0 -6.81869715e-05 -5.69393969
220 228 129 133 1 -0.00148278126 -2.23655033
129 129 89 96 2 -1.99079022e-05 -5.30219555
57 61 98 129 2 -0.000118610304 -6.1481142
38 41 48 83 1 -0.000120515178 -3.81378078
0 0 0 0 3 -0.312896013 4.98574686
0 0 0 0 2 -0.0568147786 8.90570068
57 61 112 147 2 -9.45314532e-05 -6.05584574
117 120 97 103 3 -1.12056587e-05 -6.29343319
73 78 37 44 3 -4.91138489e-05 -6.68495655
0 0 0 0 2 -0.434068531 9.48771095
91 99 112 127 0 -5.04251002e-05 -5.66719341
68 74 118 153 3 -0.000233165862 -6.52474833
77 81 53 62 4 -0.000114438706 -2.77363586
0 0 0 0 2 -0.00606792793 8.015028
0 0 0 0 1 -0.00203377102 6.04183006
94 97 70 74 2 -3.44513537e-05 -4.36573839
96 98 68 76 2 -1.07288224e-05 -5.8662734
41 44 84 86 2 -0.000273930375 -4.19860363
87 91 102 137 3 -4.19614298e-05 -7.04291391
45 45 104 108 3 -0.000112650887 -4.24491644
197 200 124 159 2 -0.000591689604 -5.27684212
0 0 0 0 3 -0.373741865 7.48401213
37 37 88 93 4 -0.000166531841 -0.188348532
102 106 53 88 1 -7.77234964e-05 -7.98032188
67 69 105 112 3 -0.00408412144 -2.15011501
25 29 34 39 4 -8.90481751e-05 -4.16928339
111 115 128 139 3 -5.16172659e-05 -6.08809233
31 36 95 110 2 -3.01597665e-05 -6.44119596
91 94 69 74 1 -6.72328169e-05 -7.29303598
0 0 0 0 3 -0.186546788 8.45246506
110 114 123 130 4 -4.81602183e-05 -1.7401284
107 110 67 102 3 -7.56971494e-05 -9.45887184
97 102 126 161 3 -9.87033272e-05 -4.34074545
0 0 0 0 0 -0.093911767 11.4615898
104 107 82 89 2 -0.000136730494 -3.81525993
0 0 0 0 3 -0.65136683 10.3736277
68 69 140 147 3 -0.0128110256 -2.88947845
37 39 44 51 2 -0.000811532722 -6.50598097
143 147 39 74 2 -0.000450100866 -4.84322309
0 0 0 0 2 -0.259258956 9.28302002
50 54 69 84 3 -0.000261057896 -5.41167545
78 81 23 58 1 -0.000174518442 -5.00465727
128 133 111 116 1 -9.22661784e-05 -5.71631861
82 84 56 64 4 -4.51800552e-05 -3.31869626
56 61 83 118 2 -3.50473347e-05 -10.0865927
75 83 39 62 2 -0.000201577262 -4.93737459
159 161 49 84 2 -0.000107881788 -8.89557743
104 112 80 88 0 -3.3974462e-05 -5.73800278
134 141 106 113 0 -3.13518431e-05 -3.95793509
93 100 44 79 2 -2.20536203e-05 -6.25727415
52 54 64 70 2 -2.02655247e-05 -4.11288166
69 71 85 92 1 -0.000272970909 -5.78057241
50 54 123 158 4 -0.000166412763 -2.12534738
121 123 48 54 1 -6.05577261e-05 -6.02526951
78 84 126 161 4 -0.000323997403 -2.98250961
73 75 87 92 1 -0.000130293367 -6.01312399
88 91 69 73 2 -4.4226399e-05 -8.76497269
105 106 115 123 4 -5.30476791e-05 -3.50754166
106 112 131 136 1 -0.000262837944 -4.01511574
136 144 101 106 0 -8.16574247e-05 -3.8986218
117 117 55 66 2 -1.27553758e-05 -7.31571341
90 92 46 61 2 -2.12191881e-05 -9.15997314
82 85 94 129 2 -0.00011372345 -5.47792006
98 104 81 86 0 -0.000311949523 -1.86474407
95 96 107 112 2 -1.00135658e-05 -7.12315369
137 140 71 74 0 -2.68220138e-05 -4.29879808
21 25 51 58 4 -0.000234829655 -3.21094394
103 109 124 147 2 -0.000107405889 -5.08034515
75 79 42 47 2 -2.26497014e-05 -4.58755398
127 127 41 48 4 -0.000291574659 -2.33288598
0 0 0 0 3 -0.00601819716 7.03084373
121 124 143 151 2 -0.000681810197 -4.35595608
0 0 0 0 2 -0.0761907622 9.56015778
0 0 0 0 2 -0.363807768 8.87909031
129 129 56 61 3 -2.51530691e-05 -4.22530937
64 68 79 86 2 -0.000440087286 -5.19080067
127 131 60 95 3 -2.44378243e-05 -6.22005558
0 0 0 0 2 -0.0017229541 2.71558356
0 0 0 0 2 -0.451032043 8.69879723
79 88 25 32 0 -4.67297141e-05 -4.02476358
31 35 63 70 0 -0.0010065285 -2.23911715
141 145 158 163 4 -0.000281563902 -0.302653342
124 125 54 77 2 -4.26766273e-05 -9.65446854
46 50 54 55 2 -0.00117967161 -8.84093094
45 49 69 73 0 -0.000156397189 -2.67795777
127 127 52 58 2 -2.99214043e-05 -5.51796865
26 30 174 209 2 -0.000798189838 -8.99330235
125 131 88 111 2 -0.000313267054 -3.99164367
0 66 0 92 0 -1.44365442 3.06770873
138 138 57 64 2 -8.92867829e-05 -5.80995607
8 12 18 53 4 -0.0359215625 -0.623899162
131 131 56 91 3 -6.61604936e-05 -6.22077894
178 178 107 142 2 -3.67162647e-05 -7.84632969
0 0 0 0 2 -0.0940008909 9.51145363
136 140 202 211 2 -0.0019926962 -4.71348143
158 164 179 183 1 -0.000111219109 -5.00017977
120 120 96 103 3 -5.07828663e-05 -5.66527462
0 0 0 0 1 -0.12479049 8.28426456
122 126 80 115 2 -5.17364169e-05 -3.73569775
195 197 81 89 2 -2.45570081e-05 -8.34918213
35 39 47 82 2 -0.000103591388 -6.16470671
0 0 0 0 2 -0.319069058 8.86405754
95 100 69 75 4 -3.38552927e-05 -1.53008306
108 112 123 158 2 -0.000211947976 -3.37907934
0 0 0 0 3 -0.00382324588 6.2787838
0 0 0 0 1 -0.0244214758 8.7623806
133 134 52 59 3 -0.00042364531 -3.89252615
10 14 26 33 2 -0.000120280085 -4.29742432
102 107 33 38 2 -0.000307904178 -3.4012289
13 18 31 37 3 -0.0169469994 -0.516971588
88 96 58 64 3 -0.00014220929 -5.7247591
0 0 0 0 3 -0.00535888458 5.10495853
205 210 231 234 2 -0.00168681459 -3.7070663
37 38 56 61 3 -0.000119324257 -5.86080599
82 88 101 108 0 -3.15902798e-05 -5.11858845
0 0 0 0 3 -0.519330025 10.5277596
102 103 116 127 3 -7.89157857e-05 -4.87349176
49 52 69 77 3 -0.000434730493 -2.99771261
222 225 53 68 3 -0.000496945402 -5.97353125
131 137 61 96 1 -5.20941394e-05 -9.04268646
0 0 0 0 1 -0.0759295747 7.07340956
65 65 81 88 3 -4.62529424e-05 -3.81675792
79 83 32 67 0 -4.89946542e-05 -4.91900682
50 50 124 132 4 -0.0015499955 -3.35309577
111 118 43 51 2 -4.27958876e-05 -5.72822523
130 131 53 88 1 -2.8848548e-05 -5.75817394
98 102 118 120 4 -8.78563587e-05 -1.34678125
44 49 121 126 4 -0.000202412484 -3.31532431
0 0 0 0 2 -0.0102955932 8.03440857
0 0 0 0 3 -0.28856957 9.33954239
0 0 0 0 4 -0.0439945757 7.2161231
30 35 55 90 1 -0.000181073672 -5.6457386
112 112 54 77 2 -0.000142452001 -4.71383619
36 36 48 51 2 -1.09672328e-05 -6.49002218
66 67 74 75 2 -6.30610011e-05 -5.79068947
19 22 38 40 2 -8.64256581e-05 -4.00484514
118 122 38 73 2 -1.00135694e-05 -7.96184301
0 0 0 0 1 -0.00949286763 2.54054594
82 87 107 115 1 -0.000115392097 -5.89510679
78 79 87 89 2 -9.66773514e-05 -3.79444122
60 61 78 93 2 -2.05039069e-05 -5.99185276
123 123 48 83 3 -2.92061632e-05 -8.06268597
63 68 47 50 0 -0.000136967778 -2.38400054
60 62 79 86 2 -2.03847321e-05 -6.64576101
0 0 0 0 2 -0.583065152 10.0130682
73 79 152 160 1 -9.78692406e-05 -5.58731508
124 124 107 112 4 -0.000325904402 -1.07406223
65 68 129 132 2 -9.89435557e-06 -7.83216381
111 117 92 97 2 -4.93520856e-05 -4.46583605
0 0 0 0 3 -0.121015243 8.97660828
99 101 171 178 2 -3.01597793e-05 -7.55686903
83 86 176 183 2 -7.79617549e-05 -5.35240984
28 29 37 72 2 -9.8465578e-05 -4.89119101
91 91 23 46 2 -1.68084571e-05 -10.3364077
0 0 0 0 2 -0.0473395959 9.37093353
72 76 27 62 4 -4.98292138e-05 -1.89529204
0 0 0 0 1 -0.233468741 9.32983017
120 123 60 63 2 -0.000418273907 -3.23531485
0 0 0 0 0 -0.560814798 11.3713264
0 0 0 0 2 -0.0187435746 8.45820999
67 74 182 217 1 -0.000244966126 -5.70873642
186 192 111 142 2 -0.00269727362 -2.95978928
55 56 119 123 2 -1.8954237e-05 -6.74056578
111 111 183 185 2 -0.000220524656 -4.69637299
113 113 30 35 2 -4.06500694e-05 -6.63723516
0 0 0 0 4 -0.0589883588 8.23748493
91 95 85 86 0 -0.000237572327 -2.99633026
67 72 41 49 4 -0.0349108614 2.56756592
151 154 179 194 2 -0.00513710035 -2.65381455
25 28 41 76 2 -0.000109671011 -4.77454805
124 126 103 109 2 -1.93118649e-05 -5.24311113
0 0 0 0 2 -0.00786983036 5.90971613
106 112 44 79 0 -8.53524907e-05 -3.57343698
114 118 131 135 3 -7.23594276e-05 -4.13889408
50 52 64 70 3 -3.42129097e-05 -6.12514591
54 55 124 132 2 -4.374942e-05 -6.03233528
136 141 42 50 3 -7.20012249e-05 -6.32580805
156 159 37 44 2 -3.25439905e-05 -7.67795992
110 112 45 49 1 -5.43587812e-05 -7.00773859
60 64 36 40 3 -5.84120571e-05 -7.02328539
33 35 64 71 2 -0.000177497743 -3.39937639
102 102 69 73 2 -0.000661541184 -1.92058945
64 65 44 49 2 -0.000681551755 -3.25231385
65 65 129 136 4 -0.00051386829 -3.1704917
0 0 0 0 3 -0.0215985719 8.556633
41 48 89 124 0 -0.000113126494 -4.34839439
150 151 46 81 1 -8.60680011e-05 -5.43068457
70 71 45 48 2 -1.90734372e-05 -5.94159031
0 0 0 0 2 -0.11472369 5.7813611
39 42 94 129 2 -1.8358176e-05 -7.55554485
177 180 25 56 1 -0.000146266917 -3.64115024
172 175 84 119 4 -0.000198478796 -2.86798811
222 222 75 110 2 -0.00223394833 -5.4485116
0 0 0 0 2 -0.076262407 8.06145191
96 96 68 76 2 -0.000263682101 -4.34887362
28 28 39 44 3 -2.77756244e-05 -4.70976353
26 28 47 55 1 -0.000931427814 -4.9438777
130 136 96 102 0 -2.50338635e-05 -3.26300168
99 101 117 122 2 -6.49684516e-05 -5.28959846
92 96 63 70 1 -0.000101325895 -4.46762085
51 57 135 142 0 -0.00012647867 -4.59840488
0 0 0 0 2 -1.06459522 9.68654919
79 84 92 94 0 -1.8238974e-05 -4.29151678
141 146 54 57 0 -6.09154195e-05 -4.93100929
0 0 0 0 2 -0.0117263235 5.60343361
35 39 55 63 2 -0.000265470269 -5.74523449
100 101 108 112 3 -9.04785993e-05 -3.93939519
47 47 81 87 3 -0.000272263133 -2.89722347
45 50 65 67 1 -7.70084298e-05 -3.52150559
0 0 0 0 3 -0.491228938 8.28081226
50 54 73 79 0 -8.17767359e-05 -4.90911722
0 0 0 0 3 -0.0159164947 5.51957989
0 0 0 0 2 -0.0567341074 7.56665897
0 0 0 0 2 -0.0118235135 9.03909111
169 170 96 131 3 -0.000895486213 -3.56885099
98 102 33 39 1 -7.83188807e-05 -6.19164467
149 150 97 105 2 -3.40937113e-05 -5.3215251
69 69 95 98 2 -6.05578243e-05 -7.60277367
63 64 92 99 2 -0.000171179854 -4.59063005
165 166 42 73 2 -0.000282753754 -4.24554062
40 45 103 126 3 -0.000165457051 -5.03934574
81 88 101 108 0 -0.000517649692 -0.787411511
107 112 121 132 0 -0.000166649595 -4.8081851
0 0 0 0 2 -0.0226797406 8.16937447
52 55 64 79 1 -0.000164266909 -6.23672724
111 114 72 75 0 -3.89812049e-05 -2.94749308
99 101 115 119 2 -3.85043131e-05 -5.54878521
39 41 92 127 2 -4.10076427e-05 -5.45131731
29 34 50 58 0 -5.16171021e-05 -6.16657591
161 162 44 79 2 -9.7153672e-05 -6.1917901
168 168 185 196 3 -3.01598011e-05 -5.27304649
136 141 52 87 2 -0.000484191172 -5.07401848
67 67 83 106 3 -9.16707286e-05 -5.10981798
105 105 84 88 2 -0.000105616862 -8.33712482
18 19 61 66 3 -0.000308143586 -4.33430958
85 87 119 127 2 -1.46627181e-05 -5.73875904
57 65 111 146 3 -0.00492508989 -5.10124826
51 55 70 81 3 -1.88350223e-05 -4.43043852
143 152 79 84 1 -5.47163363e-05 -5.49262381
64 66 131 166 2 -3.4332108e-05 -7.33064651
107 111 126 161 4 -6.78295619e-05 -2.43690324
36 43 103 134 2 -9.89418186e-05 -4.90826988
0 0 0 0 3 -0.0361613967 11.304512
165 171 41 48 3 -0.000447482569 -4.04297638
116 123 46 81 1 -0.00015973697 -4.31132317
0 0 0 0 2 -0.388081938 6.04191685
131 135 81 88 3 -0.000170464773 -5.11465359
142 143 66 101 3 -0.165145338 0.76314652
89 89 67 74 2 -3.39744911e-05 -5.47578526
121 124 133 148 1 -5.63856374e-05 -5.2658205
180 184 206 212 2 -8.59474967e-05 -7.69132805
81 87 110 133 1 -8.29687851e-05 -6.13854361
0 0 0 0 4 -0.0583050326 8.71160507
59 71 125 131 0 -3.63585314e-05 -5.53423977
90 96 113 117 1 -8.08227196e-05 -5.64515829
157 161 106 141 3 -0.000298129395 -4.5654397
133 136 153 162 2 -0.000618748541 -3.34180331
140 148 169 204 0 -0.00110253354 -3.77832127
45 52 100 135 2 -6.84251863e-05 -10.2757301
0 0 0 0 3 -0.563250005 10.6639709
80 80 191 222 3 -0.00127220165 -5.6505971
107 107 88 95 4 -9.8584962e-05 -3.26231742
100 102 78 89 1 -0.00213996135 -2.45384073
0 0 0 0 2 -0.770154119 8.13747215
0 0 0 0 2 -0.323219895 9.17007256
98 102 118 153 2 -0.187763676 -6.28960419
141 150 50 65 0 -0.000254125625 -5.98325205
31 32 101 104 2 -0.000297882332 -4.41248941
0 0 0 0 2 -0.129518539 6.84817362
138 142 116 123 3 -1.94310651e-05 -7.46649218
62 66 41 45 3 -0.00252876524 -2.89419031
52 58 161 166 2 -0.00611852668 -2.94327474
120 120 81 147 3 -0.198291704 -3.22515988
0 0 0 0 3 -0.0576149374 8.15614796
45 49 54 60 4 -0.00106912828 -2.05926108
29 29 40 44 4 -0.000143880825 -3.33629656
0 0 0 0 1 -0.00384222064 -0.700357974
0 0 0 0 3 -0.683319867 9.584198
58 66 137 172 0 -4.69682018e-05 -5.93842411
76 79 57 64 2 -6.55650547e-06 -7.55363226
92 93 49 72 2 -1.34706315e-05 -6.8413887
59 62 39 44 1 -2.46762429e-05 -7.93214321
62 65 77 83 0 -2.88485444e-05 -4.13712835
98 102 42 50 0 -1.6093225e-05 -5.98317862
73 73 43 55 2 -0.0105018215 -1.23483372
0 0 0 0 2 -0.00155956123 7.00644493
55 56 70 85 2 -2.57490719e-05 -9.09375858
122 127 11 22 1 -0.000202767318 -8.18169689
94 101 111 122 2 -1.04904011e-05 -7.72556067
50 53 59 66 3 -2.3722585e-05 -6.59697723
62 69 167 174 0 -0.000311123731 -3.24867201
58 58 69 104 3 -1.08480272e-05 -6.42797613
61 61 40 48 2 -0.000249258621 -4.34452248
35 35 100 135 3 -8.05835371e-05 -4.62831259
93 98 113 118 4 -7.03325495e-05 0.545986295
54 58 71 106 1 -0.000114200411 -9.07405281
76 83 48 63 2 -0.000886793539 -3.52823043
56 58 76 111 2 -2.07423655e-05 -7.21235323
146 152 109 117 1 -5.04252021e-05 -2.47809243
79 82 52 56 1 -6.72334354e-05 -3.73794079
149 151 43 48 2 -4.42263408e-05 -5.48577213
92 95 111 117 3 -2.64643604e-05 -4.95226145
127 130 46 77 2 -0.000110147725 -5.45356464
45 48 85 89 1 -6.83063699e-05 -2.4891417
40 41 82 117 2 -2.03847376e-05 -5.54175758
47 47 66 101 3 -4.43454264e-05 -3.63946843
148 149 55 90 2 -0.000696288305 -5.96058989
92 92 183 218 4 -0.00131857686 -3.64351106
40 43 98 129 3 -0.000240076275 -4.51010656
116 119 63 98 3 -6.62798411e-05 -6.24062157
0 0 0 0 2 -0.00296249683 7.32696819
135 141 110 113 2 -1.43050856e-05 -8.0135355
55 58 83 106 2 -0.000402400095 -3.81706381
0 0 0 0 4 -0.0118613048 6.99073315
114 117 23 58 3 -1.90734372e-05 -7.46209002
149 156 40 75 0 -7.54585199e-05 -6.80633307
122 126 77 112 3 -0.000296462706 -5.73407936
52 59 108 143 3 -0.000307070557 -6.06364107
71 71 96 107 2 -7.31934124e-05 -5.88807249
22 26 31 66 4 -0.000253787177 -3.77163672
57 63 43 45 2 -1.45435115e-05 -4.25012207
59 63 131 166 4 -0.000136969073 -3.07515621
93 94 45 80 3 -0.00049027754 -4.4583149
37 37 47 54 4 -8.92866083e-05 -3.13871956
0 0 0 0 2 -0.217839301 9.13397789
127 130 45 48 2 -3.43320353e-05 -6.25779867
89 92 102 106 2 -4.67297614e-05 -4.25191307
168 168 109 120 2 -0.000387173 -3.39968061
154 154 45 80 2 -0.000751847634 -4.49982738
69 72 23 58 2 -0.000346761779 -4.43896341
125 127 79 114 1 -6.74719195e-05 -5.29420137
84 88 20 31 1 -3.18287712e-05 -6.7493062
89 89 44 55 3 -1.18017051e-05 -4.05335951
105 113 129 132 0 -6.71139642e-05 -4.64624405
60 64 140 145 3 -3.74315277e-05 -6.36865568
40 44 82 87 2 -0.000143762329 -5.24557686
66 74 35 38 0 -4.56568596e-05 -3.27825189
51 52 62 97 3 -3.12326993e-05 -7.38618851
40 40 53 88 4 -0.000153657398 -2.67584848
0 0 0 0 2 -0.44411093 8.47901535
40 44 54 85 3 -5.32861231e-05 -6.35694933
96 100 41 50 4 -0.00048666232 -1.81764197
92 92 122 128 3 -6.48490386e-05 -3.43324685
65 67 81 116 4 -0.00031183759 -0.856612921
100 104 69 73 4 -0.000154969166 -1.63983202
40 48 60 68 1 -9.73926508e-05 -5.5423584
0 0 0 0 2 -0.00597129203 6.46479321
0 0 0 0 3 -0.176098883 6.85926199
110 116 46 53 2 -0.000153775822 -6.98628235
76 78 62 65 1 -5.37628948e-05 -5.23295021
105 110 126 131 3 -3.3020824e-05 -5.77698994
73 75 92 95 2 -1.91926538e-05 -4.33065891
55 61 90 125 0 -5.55510014e-05 -5.80137777
102 103 115 146 3 -0.00444213534 -2.85737085
0 0 0 0 1 -0.0504891798 8.93680954
107 107 71 76 3 -4.80410527e-05 -3.62072587
153 157 127 132 4 -4.51800806e-05 -1.9764657
0 0 0 0 2 -0.824065924 8.23122501
24 31 35 46 2 -0.00055133627 -6.3623867
0 0 0 0 2 -0.0081523573 6.77818584
100 100 120 155 3 -3.52857423e-05 -6.17136908
180 184 38 73 4 -0.000177855851 -1.00898325
32 32 69 73 3 -5.57895655e-05 -4.60419226
51 58 70 105 1 -6.60413716e-05 -6.07866096
90 90 103 138 3 -5.12596489e-05 -4.71532869
0 0 0 0 2 -0.0628071576 8.94176579
91 96 121 156 3 -0.000230066638 -4.66806316
41 44 62 69 0 -2.63451693e-05 -4.26877117
85 87 29 31 2 -0.000577526458 -2.65566206
159 163 109 144 3 -0.000290859927 -5.20243835
0 0 0 0 2 -0.420130432 5.77362442
0 0 0 0 2 -0.006060516 6.28194571
105 106 74 85 1 -5.13786799e-05 -4.07044363
144 147 182 189 2 -0.184008658 -0.450057238
0 0 0 0 2 -0.000665058964 5.29994583
119 123 36 71 4 -9.85850565e-05 -1.17180848
53 58 127 158 1 -6.00810708e-05 -5.46177578
72 76 38 41 2 -2.75372204e-05 -6.14642191
63 66 81 116 3 -3.50473783e-05 -8.08593845
75 82 95 99 0 -0.00049392652 -1.18705297
201 205 133 138 3 -0.000166293059 -6.51974487
88 89 98 105 2 -7.95117448e-05 -6.55165672
108 111 120 125 3 -6.5326145e-05 -4.69665861
62 65 84 119 4 -0.00059027446 -2.30402875
51 51 87 90 3 -0.00130314846 -2.64609504
172 173 80 115 3 -0.00440847594 -3.14220572
39 45 100 102 2 -1.60932213e-05 -6.50515079
117 124 132 139 0 -0.000102756945 -3.35725784
27 27 40 71 2 -0.00129681942 -4.49897146
109 109 122 126 3 -1.93118594e-05 -4.15907717
0 0 0 0 3 -0.547842264 9.27702713
39 39 49 84 3 -5.80544729e-05 -6.46852207
0 0 0 0 4 -0.0103718229 6.31031275
24 27 40 55 2 -6.24652093e-05 -4.82266951
58 62 100 108 1 -7.36704533e-05 -7.3677659
56 57 70 101 3 -0.000802790164 -4.4640336
58 62 41 48 1 -2.21728587e-05 -6.77858067
122 124 80 103 2 -1.49011175e-05 -6.24972677
109 109 44 55 3 -1.7046892e-05 -5.45512342
0 0 0 0 1 -1.96665597 4.76557112
90 90 150 155 3 -7.45051293e-05 -3.89191413
0 0 0 0 2 -0.107230425 9.50006104
94 98 111 146 3 -4.26766819e-05 -6.56556177
93 93 70 81 2 -5.56702835e-05 -6.06745195
110 117 51 58 0 -6.92594986e-05 -2.22179055
135 137 156 161 1 -3.14711469e-05 -5.84690523
0 0 0 0 1 -0.064553611 8.8737812
86 90 146 152 3 -0.000103829327 -4.55820942
78 81 91 126 3 -0.000545940246 -5.0491147
0 0 0 0 3 -0.0118057821 5.21380711
110 112 62 93 2 -7.11673492e-05 -4.06119394
0 0 0 0 2 -0.605657697 9.12182426
47 53 83 90 1 -0.00147049897 -1.50142324
135 135 115 121 2 -0.000361781393 -3.05174661
120 120 151 155 2 -0.000692402187 -2.80146956
103 112 36 71 0 -2.43186241e-05 -5.72615576
55 56 114 122 2 -9.69158864e-05 -3.17138505
55 55 111 146 2 -3.85043932e-05 -8.70657158
84 89 58 73 4 -0.000234357722 -1.89524078
78 84 96 101 0 -0.000187630852 -2.11987996
64 70 83 91 2 -1.82389667e-05 -10.2588139
97 101 35 70 3 -2.36033738e-05 -6.20177174
81 81 37 72 3 -0.00425588479 -2.10009837
46 46 60 95 3 -2.3126544e-05 -5.20234442
36 39 91 95 2 -1.83581888e-05 -5.43161058
0 0 0 0 2 -0.0208877102 6.77137613
50 54 113 144 1 -0.000138040021 -6.51180649
118 119 62 65 2 -3.69546906e-05 -5.76169872
22 27 34 69 2 -0.00108452421 -5.22011852
78 78 86 92 2 -0.000149604239 -3.95995784
0 0 0 0 3 -0.500400782 8.91190147
39 42 100 135 2 -0.000126121042 -6.35949469
208 209 90 125 4 -0.000202530879 -0.388114125
0 0 0 0 2 -0.0024187509 5.12809563
85 86 97 104 2 -3.40936786e-05 -6.51824427
0 0 0 0 3 -0.0105785737 6.68933249
110 110 90 92 3 -3.39744875e-05 -4.26867485
119 123 86 93 3 -0.000260340836 -4.93027449
135 138 49 57 1 -0.0001007303 -7.77630806
125 130 107 110 1 -4.79218506e-05 -6.07996845
62 64 36 44 1 -3.09942916e-05 -5.12345695
100 108 33 68 3 -1.44242949e-05 -7.49210596
0 0 0 0 2 -0.00155961409 7.49221802
53 57 100 135 3 -0.00283179432 -3.536098
38 41 46 53 3 -0.000150195949 -5.27288151
128 130 54 65 3 -0.000217192443 -5.41755676
26 31 47 53 3 -1.56163842e-05 -5.75064945
51 54 65 88 2 -4.54184374e-05 -7.01027727
46 49 78 113 3 -0.00116240524 -4.03488159
0 0 0 0 2 -0.0262402371 7.42565441
96 101 180 187 3 -0.000152584544 -5.94915104
80 83 34 69 3 -0.000264993665 -5.90075302
106 110 160 169 1 -0.000136968767 -4.55651045
0 0 0 0 2 -0.00664558867 6.36615181
125 129 57 63 3 -5.54318394e-05 -6.0963769
0 0 0 0 2 -0.0291703902 7.12934208
107 107 113 119 3 -1.21593212e-05 -4.64293194
90 97 74 80 0 -5.8054251e-05 -4.91448259
54 58 69 76 2 -1.13248698e-05 -5.0345397
34 39 43 54 0 -8.22533984e-05 -6.58373308
25 28 106 111 3 -7.11671019e-05 -4.72336102
110 115 194 199 1 -7.67701713e-05 -4.66420031
0 0 0 0 4 -0.000377395656 1.4287349
41 45 59 90 3 -7.12864858e-05 -5.34352207
126 130 46 69 1 -5.25709838e-05 -7.72199488
0 0 0 0 2 -0.378211766 8.49773693
96 102 78 82 1 -3.54050098e-05 -6.49524307
123 129 107 112 0 -3.05174508e-05 -4.24988604
61 64 77 80 2 -0.00249141734 -1.08226347
0 0 0 0 3 -0.00149713154 3.94752789
73 77 48 56 3 -2.89677264e-05 -6.17379761
37 40 86 93 2 -0.000280604756 -3.85783029
76 80 93 100 3 -0.000242096066 -5.88924551
211 214 182 189 2 -0.00461075362 -3.10548115
146 153 76 111 1 -5.01868199e-05 -5.19593954
116 119 140 149 0 -6.93790207e-05 -4.48575258
67 70 49 52 0 -6.35380275e-05 -4.59929085
44 48 119 142 1 -0.000680253142 -2.32694292
185 185 46 61 3 -0.000406717008 -4.24298429
0 0 0 0 2 -0.0186847355 7.38121939
113 115 61 64 1 -4.27959385e-05 -6.27881622
0 0 0 0 2 -0.0347348005 7.40325689
0 0 0 0 2 -0.00377543108 6.15899944
89 92 72 75 1 -5.96041718e-05 -5.58837938
231 231 185 220 2 -0.0358515829 -2.83929992
145 147 212 247 2 -0.945708096 0.527847886
0 0 0 0 2 -0.709304452 10.3052902
67 72 101 136 1 -8.7140812e-05 -6.46900082
60 66 80 87 0 -1.3589829e-05 -4.66260815
0 0 0 0 2 -0.00628330838 5.98945427
105 113 124 134 2 -0.000146028251 -4.53637505
87 92 64 72 1 -3.62394785e-05 -5.49812603
51 54 66 71 1 -0.788977265 -3.52313662
0 0 0 0 2 -0.552178979 8.93727875
0 0 0 0 2 -0.121056974 7.00778532
44 49 63 69 0 -0.00096593058 -0.599786997
0 0 0 0 2 -0.344030201 9.900383
126 130 60 95 3 -7.65315053e-05 -7.0582304
130 133 150 185 2 -9.59620738e-05 -5.26661634
26 34 66 74 1 -0.000799402187 -4.06007767
49 51 72 107 2 -1.39474632e-05 -10.303256
57 61 76 111 4 -9.48896268e-05 -3.03101754
0 0 0 0 2 -0.170702592 7.18569279
114 118 146 155 1 -0.000169030376 -5.51452923
151 157 169 177 1 -3.87428008e-05 -5.28787374
99 101 62 70 1 -0.000433756126 -2.44619918
95 99 70 73 3 -0.000296819344 -4.13742256
17 23 28 33 1 -0.000360339996 -9.60927773
0 0 0 0 2 -0.0317464769 7.44649076
32 33 93 102 2 -1.75237128e-05 -7.56466484
72 75 93 102 2 -7.15255192e-06 -8.0116787
67 71 50 52 2 -1.37090456e-05 -5.87814236
60 65 98 105 0 -2.88485116e-05 -5.75397873
0 0 0 0 2 -0.602122784 8.85535908
69 76 42 49 2 -4.62529351e-05 -9.31663895
202 206 176 180 2 -0.000429908105 -5.69712543
78 82 93 128 4 -0.000192399806 -0.587002933
96 96 113 122 2 -0.00155818416 -1.88807023
75 76 92 127 2 -1.06096104e-05 -7.29506493
63 64 41 48 1 -4.24383215e-05 -5.602386
100 100 19 26 3 -5.79353291e-05 -4.75390005
0 0 0 0 1 -0.407844365 8.07670021
143 148 67 102 1 -5.28094133e-05 -5.83575726
0 0 0 0 2 -0.00373820262 5.50060129
129 137 50 57 3 -8.10615456e-05 -6.56150484
133 139 149 154 0 -8.83330504e-05 -4.79823017
115 119 137 145 3 -0.000337099511 -5.10363674
0 0 0 0 2 -0.713348866 6.98989534
129 130 114 122 2 -4.8636939e-05 -5.21502447
42 43 106 110 2 -0.000113484944 -7.99334669
28 32 82 117 3 -0.000422094512 -4.37636089
144 148 74 82 0 -8.47567935e-05 -5.30166483
83 83 39 41 2 -0.000103590559 -4.82060862
27 32 40 75 2 -0.000737359049 -2.66578889
86 91 107 114 4 -2.9682993e-05 -2.90473723
123 130 43 78 2 -2.40802092e-05 -7.08083963
0 0 0 0 2 -0.00313468045 5.26007032
0 0 0 0 3 -0.0148594724 7.06660223
63 63 45 48 3 -7.58163369e-05 -6.06731844
32 34 102 137 1 -0.00012600192 -4.99267769
0 0 0 0 2 -0.0745273232 8.30999851
57 61 176 191 4 -0.00034174553 -2.45207262
105 109 49 84 4 -8.43994494e-05 -0.805760562
109 115 137 141 2 -8.8214756e-06 -10.385416
0 0 0 0 3 -0.570714831 10.1684256
120 124 101 108 3 -1.54971749e-05 -7.70075369
84 87 63 70 3 -4.58951399e-05 -5.15880108
46 50 77 112 4 -0.000104902647 -2.280581
0 0 0 0 1 -0.00388136809 6.77353001
130 133 83 88 0 -0.000145790007 -2.08626747
75 78 34 65 2 -7.89156038e-05 -5.16931009
26 30 62 64 2 -3.88620101e-05 -5.06596327
122 125 60 83 1 -0.000171537089 -7.5965085
30 35 91 96 1 -4.41072043e-05 -6.00098038
55 55 87 94 3 -7.89154365e-05 -5.12691498
185 186 128 163 2 -1.88350205e-05 -7.9767108
165 170 126 141 2 -0.000296696817 -2.78847909
92 97 109 112 0 -0.000138399249 -1.39620852
116 118 63 69 1 -5.78161416e-05 -5.60902023
77 78 100 104 2 -2.55106679e-05 -7.08558989
0 0 0 0 2 -0.00194797397 6.77621126
25 28 37 45 1 -3.3259279e-05 -6.79336309
0 0 0 0 3 -0.612288535 10.4986811
98 98 109 117 2 -1.85965873e-05 -7.44199228
0 0 0 0 1 -0.0154581415 7.92912531
44 47 108 143 3 -0.000100968871 -6.06006765
40 41 100 107 3 -0.00160213211 -3.77180862
139 144 114 120 3 -5.53125938e-05 -5.9963994
109 114 147 178 3 -0.00136099814 -4.41376925
0 0 0 0 1 -0.16404523 9.2323885
95 95 105 140 2 -6.29411807e-05 -6.16993046
34 35 41 76 1 -0.000339724036 -8.35241413
0 0 0 0 2 -0.162873864 8.23513222
147 150 105 128 2 -4.29151187e-05 -4.7550149
101 106 67 68 0 -3.83851657e-05 -3.09628248
172 172 69 76 4 -0.00127009465 -2.76167488
110 115 48 59 1 -3.25440233e-05 -7.03717995
141 143 46 49 2 -5.36441485e-06 -7.2205143
0 0 0 0 3 -0.00104129268 3.20881939
122 124 134 140 2 -0.000241033151 -4.09948683
101 104 34 69 1 -5.01867362e-05 -5.46645641
122 126 91 93 4 -0.000102399608 -1.68796659
66 70 131 134 2 -1.84773817e-05 -5.06496143
55 62 110 114 2 -5.45974763e-05 -8.52164364
22 22 93 98 2 -0.000152581866 -4.99423647
0 0 0 0 2 -0.0946311131 10.5430412
90 93 37 72 1 -0.000102280144 -4.64146376
0 0 0 0 4 -0.277958542 6.99855995
0 0 0 0 2 -0.0012933152 4.75357914
37 38 74 105 2 -0.000309096824 -3.11429858
25 28 118 121 4 -0.00130472868 -2.58856249
160 163 111 146 0 -0.000544150709 -3.83231544
57 64 101 108 0 -6.842523e-05 -3.84513545
72 76 110 112 3 -0.000317440834 -5.29581451
50 55 175 206 0 -0.0012536248 -3.65502262
42 44 53 55 1 -6.25844186e-05 -4.79728651
83 87 190 196 2 -0.00902432855 -2.09520483
0 0 0 0 3 -0.606121898 10.1863718
38 43 96 131 1 -7.0094422e-05 -7.01699686
52 56 140 151 4 -0.000116942785 -2.70304918
79 84 58 64 0 -0.000200382623 -4.84602976
0 0 0 0 3 -0.0311897323 8.94695282
140 141 110 125 3 -9.38166195e-05 -6.00099325
107 113 131 166 1 -4.74449225e-05 -6.13564539
46 47 127 134 3 -0.000780001748 -4.47508764
0 0 0 0 3 -0.000905160734 2.69412756
58 63 144 148 1 -1.60932195e-05 -6.49097633
108 112 132 135 3 -3.00406336e-05 -7.81802511
52 59 104 111 3 -4.60144656e-05 -5.71821165
123 124 68 71 2 -9.28629597e-05 -3.29379964
41 46 164 167 1 -0.000186912948 -5.73205709
125 129 141 176 3 -0.000963669736 -5.09693098
0 0 0 0 2 -0.0086178435 7.45111179
75 78 90 125 2 -4.43454992e-05 -6.79667902
99 103 120 127 2 -2.09807731e-05 -7.34414911
89 92 100 105 1 -4.44648103e-05 -7.13227081
0 0 0 0 2 -0.191857547 9.41349506
98 98 48 83 2 -0.000727091799 -4.58487368
68 72 44 47 1 -9.52463233e-05 -5.82170296
0 0 0 0 2 -0.316901565 8.93465614
0 0 0 0 2 -0.146812901 9.68326092
104 105 178 213 2 -7.72465573e-05 -7.70507145
59 61 123 127 2 -2.16960325e-05 -8.56839657
0 0 0 0 2 -0.0363539755 7.89986801
91 93 105 107 2 -1.70468848e-05 -5.439291
106 107 41 76 2 -0.000202888477 -3.55892706
53 53 67 71 2 -1.58548064e-05 -4.90627146
108 112 58 93 4 -0.000142810488 -1.07065046
112 116 60 91 0 -2.10999879e-05 -5.62447214
46 48 66 71 2 -5.55510087e-05 -4.49834538
90 91 106 113 3 -1.77621496e-05 -5.48553944
75 77 51 58 1 -3.61202729e-05 -5.80476427
0 0 0 0 2 -0.120141581 8.18991947
89 91 69 74 1 -5.85312591e-05 -7.24795675
69 73 95 99 4 -5.23325507e-05 -3.04514384
38 40 90 113 2 -0.00210248539 -4.08048916
0 0 0 0 3 -0.0173735153 4.77993917
93 98 64 75 1 -6.75908159e-05 -6.13386345
0 0 0 0 2 -0.00762322126 3.13842487
49 50 68 71 3 -0.00174101489 -3.94632292
52 58 133 139 2 -0.000394323753 -3.05555487
120 127 52 87 0 -0.000336275902 -4.24427271
195 201 138 173 2 -9.02401807e-05 -5.42715597
102 102 118 123 2 -0.000429604494 -3.62863517
0 0 0 0 2 -0.206411734 8.40828228
0 0 0 0 3 -0.00160705147 4.71904898
167 168 56 91 3 -0.000368572044 -5.06198072
138 142 108 116 3 -1.43050847e-05 -5.60571194
105 109 34 69 2 -1.5616386e-05 -7.60889816
61 62 98 133 3 -0.000595756341 -6.05793381
124 124 47 54 3 -7.25977079e-05 -5.46999454
0 0 0 0 2 -0.224683672 8.34880257
82 84 110 145 2 -2.57491192e-05 -9.73478222
35 39 49 52 3 -0.090192318 -8.8261919
87 89 28 39 2 -6.71143353e-05 -7.39703703
47 50 64 72 2 -1.06096131e-05 -5.0198741
45 48 162 168 1 -0.001551694 -3.6347909
112 112 62 97 4 -0.000138995689 -2.22975039
0 0 0 0 3 -0.0766557381 8.79953957
52 56 69 75 4 -8.88100476e-05 -2.58790016
85 85 101 136 3 -2.2649685e-05 -5.36879826
104 104 114 119 3 -1.33514131e-05 -4.07462263
12 18 23 30 0 -0.0142463408 -2.13084674
44 54 59 63 1 -0.000546482333 -8.17494678
0 0 0 0 2 -0.143746987 9.74778557
45 47 64 87 1 -4.9590737e-05 -5.29793596
143 151 110 125 0 -0.000129935579 -3.29659677
0 0 0 0 1 -0.711230576 8.50269032
62 65 24 32 0 -0.000635560136 -3.20877528
26 34 99 134 1 -4.58953436e-05 -6.20350742
107 112 126 133 3 -2.46762102e-05 -5.96764469
126 127 106 113 3 -8.34453094e-05 -8.45809174
38 43 49 84 4 -6.29419737e-05 -2.64294863
53 55 81 116 1 -0.000155922316 -6.11810446
47 47 115 150 3 -5.44782597e-05 -4.12232447
111 116 130 136 1 -0.000135896262 -4.14523888
48 48 58 62 3 -6.24651148e-05 -6.26431513
0 0 0 0 1 -0.0890341774 8.23128223
52 55 75 106 0 -0.000237578017 -3.20922089
88 92 115 126 2 -9.17910438e-06 -8.91424656
147 150 167 173 1 -6.96173665e-05 -5.18682003
89 89 99 122 3 -2.86101149e-05 -4.26981211
60 61 75 84 4 -0.000273694488 -2.48281217
176 180 96 131 2 -4.24382306e-05 -8.3067894
117 118 98 107 3 -8.30873905e-05 -6.42762804
0 0 0 0 1 -0.751019597 7.56098318
169 174 76 99 2 -0.000158186987 -6.06510544
92 98 124 135 0 -0.000182502888 -3.26793265
137 139 90 125 3 -9.26243883e-05 -8.38134193
173 174 99 122 2 -0.00121882884 -4.98409367
55 59 68 70 0 -4.42262863e-05 -3.50175476
0 0 0 0 2 -0.00571826519 5.85208082
0 0 0 0 2 -0.0229655728 6.39528227
59 61 124 132 1 -0.000100372912 -3.91571188
0 0 0 0 3 -0.00435847929 5.66945219
143 148 34 69 4 -0.000255097722 -2.9692018
44 48 34 37 0 -6.31801304e-05 -3.70675182
0 0 0 0 3 -0.00791985635 7.27947617
0 0 0 0 2 -0.565910995 7.70079517
125 128 150 157 1 -0.000373932824 -5.87685919
34 34 42 53 3 -1.21593312e-05 -7.76388884
0 0 0 0 3 -0.00217791297 0.448402792
0 0 0 0 4 -0.0517598912 7.3287425
184 187 54 89 0 -0.000267016265 -3.79549003
0 0 0 0 2 -0.705022812 7.37908316
0 0 0 0 2 -0.19300881 8.51973534
28 32 76 82 1 -0.000270594843 -6.46470165
72 78 112 143 2 -9.33393676e-05 -5.2208786
60 64 125 127 4 -8.3326333e-05 -2.90432906
115 120 54 66 4 -7.9869511e-05 -3.1163063
52 59 42 46 2 -2.38417924e-05 -4.7648654
87 90 63 68 3 -6.07963048e-05 -4.41737127
97 103 53 76 1 -7.29546955e-05 -7.10140228
0 0 0 0 2 -0.794551134 10.0224733
30 37 50 85 1 -5.0067596e-05 -4.91456509
0 0 0 0 3 -0.315513372 8.92111969
201 206 146 181 2 -2.68219665e-05 -5.62383652
45 46 60 62 2 -5.00675997e-05 -4.24920607
104 109 43 47 2 -4.14845272e-05 -5.80689383
194 195 148 159 2 -5.97233047e-05 -5.361166
134 135 91 114 2 -0.000609452312 -4.50518417
84 87 93 99 3 -1.47819273e-05 -4.78710079
56 59 41 43 1 -8.77369312e-05 -4.15061092
85 92 119 121 0 -0.000600397296 -3.05181336
138 145 42 65 0 -9.17897123e-05 -5.41371393
92 96 71 75 3 -3.23056011e-05 -5.29196119
148 155 48 83 2 -7.79621187e-05 -5.63531971
55 60 91 93 2 -4.92330073e-05 -6.1385107
0 0 0 0 0 -0.0582465008 9.89776134
130 136 61 66 2 -0.13740319 0.415497869
0 0 0 0 3 -0.810878396 9.33860683
89 92 68 79 0 -0.000651275564 -0.0440153331
118 118 90 96 3 -1.75237237e-05 -4.69384289
227 228 97 132 2 -0.00071623642 -6.13463259
184 188 136 142 3 -0.000388595014 -4.14775372
22 26 59 68 2 -2.43186223e-05 -6.5703373
0 0 0 0 2 -0.0301407203 8.39697266
118 118 86 93 3 -6.24652093e-05 -4.91375113
39 42 113 115 4 -0.000109193876 -2.76105499
201 206 60 64 2 -0.000885739515 -3.45338082
0 0 0 0 2 -0.164376393 9.44339371
62 65 76 111 2 -3.29016366e-05 -5.5539217
142 144 92 98 2 -3.40937113e-05 -6.30913019
109 114 90 98 2 -0.000256886939 -5.29654026
74 74 120 155 3 -0.000254145707 -4.77364683
0 0 0 0 2 -0.0331728011 8.88410473
0 0 0 0 4 -0.0312024355 6.84684372
55 60 106 141 1 -8.01076385e-05 -7.77711201
123 124 73 108 3 -0.00109452335 -3.96491742
59 63 99 104 2 -2.86101367e-05 -6.15574121
161 165 93 128 2 -1.14440754e-05 -6.34774637
119 120 138 145 2 -6.48491914e-05 -4.13936138
0 0 0 0 2 -0.14380534 10.2641478
0 0 0 0 2 -0.397302657 8.92483711
124 129 142 149 3 -0.000169150502 -4.77032089
215 218 85 91 0 -4.61337513e-05 -4.35319519
44 48 66 73 4 -7.79620677e-05 -1.56996214
17 26 30 35 0 -0.000438378163 -9.0124197
142 148 159 165 3 -8.27296826e-05 -5.23846817
84 91 25 34 1 -2.33649571e-05 -6.74656153
108 112 219 227 4 -0.0105222175 -2.08202434
0 0 0 0 1 -0.0359276794 7.80057049
152 153 130 145 2 -7.02134785e-05 -4.71532917
141 144 56 91 2 -4.81602146e-05 -5.93473673
0 0 0 0 2 -0.358912736 8.98332119
0 0 0 0 2 -0.236326203 8.68598843
0 0 0 0 3 -0.104209669 6.24257517
47 50 62 64 4 -2.6702779e-05 -2.04074311
0 0 0 0 1 -0.00466839643 6.16470385
184 188 159 166 3 -0.00217278744 -4.19513655
45 49 52 75 3 -0.000327093876 -4.89963961
118 121 45 76 2 -7.36703369e-05 -6.94814205
67 67 47 55 2 -1.03711973e-05 -6.47552824
61 63 89 120 3 -0.000115631097 -6.75046253
41 46 86 121 0 -1.66892605e-05 -5.48817825
0 0 0 0 4 -0.00077584153 4.3349576
0 0 0 0 3 -0.390337408 10.2091799
49 58 71 75 0 -0.000245800184 -3.03984761
0 0 0 0 2 -0.0058919494 6.80110407
36 38 139 146 2 -0.00146087667 -3.52488828
84 91 45 50 0 -2.62259346e-05 -4.96749878
43 46 94 97 2 -0.000147816492 -3.72797489
97 105 48 52 3 -0.000195138608 -4.67558241
0 0 0 0 2 -0.0994176567 8.31742001
0 0 0 0 0 -0.0650613308 7.17789173
0 0 0 0 2 -0.733951807 8.99935532
123 127 142 150 2 -0.0031265791 -3.10280275
28 32 38 69 3 -0.00122834835 -7.88370943
0 0 0 0 1 -0.187780604 10.5943308
160 161 43 50 2 -0.000235429659 -4.58806086
28 28 38 45 2 -0.000119921278 -4.69681406
0 0 0 0 2 -0.0117591182 7.08720016
94 94 35 70 3 -0.000864086905 -8.26644421
119 121 24 59 2 -0.000398853677 -3.48351526
96 99 107 138 2 -0.0105506713 -2.41164732
0 0 0 0 2 -0.0367787592 6.41466188
47 53 124 131 1 -0.000180237854 -1.7059691
0 0 0 0 3 -0.0193262137 8.45835495
215 219 80 87 2 -0.00132845331 -3.21095347
77 82 92 115 3 -4.62528224e-05 -6.04002142
93 96 137 148 2 -2.62259637e-05 -4.81714344
115 123 134 169 3 -0.000187033904 -5.57467747
105 107 114 122 3 -2.59875414e-05 -4.39594269
58 62 83 91 2 -2.0027117e-05 -4.5360322
57 57 70 77 3 -3.55241573e-05 -6.32547951
78 79 42 57 2 -2.19344474e-05 -7.3688221
88 89 95 130 3 -8.594877e-05 -5.80763817
93 95 40 48 1 -2.10999879e-05 -7.82773399
0 0 0 0 2 -0.349820822 8.80605507
63 66 26 49 1 -7.10478489e-05 -6.18953323
95 99 112 135 2 -0.000291093689 -4.07395363
141 142 56 64 2 -5.40013571e-05 -6.12146044
93 96 71 79 2 -3.36168778e-05 -6.08358526
64 68 116 120 2 -2.13384101e-05 -4.14635658
125 129 55 90 2 -0.00012778987 -4.52292728
0 0 0 0 2 -0.769320905 5.39629984
75 80 96 107 4 -0.000195975575 -1.54663706
140 143 116 131 1 -4.55377303e-05 -5.04955196
110 116 55 86 3 -6.35380275e-05 -6.95352077
0 0 0 0 0 -0.021773193 11.9281454
114 115 33 37 2 -3.2067157e-05 -5.34228754
55 60 40 45 2 -1.75237183e-05 -8.16531754
96 97 118 133 2 -3.61201965e-05 -4.06370163
14 15 19 22 2 -0.110792466 -4.04585552
107 107 118 123 3 -0.00144550856 -4.23085737
163 163 83 118 3 -8.11805439e-05 -4.34042978
113 120 135 166 0 -0.000254266022 -1.48485303
48 52 90 113 2 -2.49146105e-05 -6.29038048
61 65 124 139 3 -9.3459028e-05 -6.66142511
0 0 0 0 4 -0.0387130007 5.72185755
120 128 53 60 3 -4.82794276e-05 -6.07710552
71 79 111 120 1 -6.37764751e-05 -6.04283905
0 0 0 0 2 -0.153842583 8.28446484
33 37 51 86 2 -5.49550423e-05 -5.74113083
62 66 21 36 1 -0.000144239355 -4.38607454
178 186 82 86 0 -0.000738802599 -1.61328423
46 46 63 98 4 -0.000147577986 -3.10664248
22 29 36 71 0 -0.000595438119 -4.32919645
50 58 105 128 1 -9.00021405e-05 -5.87266445
0 0 0 0 1 -0.599038959 9.16362
114 118 38 45 2 -9.53673407e-06 -6.69284344
127 133 54 89 2 -9.89435921e-06 -9.45694447
0 0 0 0 2 -0.0723059997 7.71401691
64 65 213 220 3 -0.000934916257 -3.88304996
134 137 37 72 3 -0.000137565119 -5.85897398
0 0 0 0 3 -0.00224680919 5.60314894
110 113 72 80 3 -3.89812521e-05 -5.53195238
0 0 0 0 3 -0.00801993813 6.49343967
165 173 114 149 0 -8.98825019e-05 -4.84313965
126 127 210 245 2 -0.0156517588 -7.16294289
105 106 115 126 2 -0.0344516039 -1.98954368
0 0 0 0 1 -0.00542052276 5.41337585
85 87 96 131 2 -8.14191226e-05 -5.9513464
48 48 85 120 2 -0.0106047122 -2.71089435
108 115 125 131 1 -5.412065e-05 -4.40416336
40 45 54 89 2 -0.000715581002 -4.84793139
140 140 72 78 3 -5.19747773e-05 -6.17408657
119 123 80 95 3 -1.95502544e-05 -6.18211174
36 40 68 75 2 -1.06096131e-05 -5.36625767
152 154 119 128 2 -7.03334308e-06 -7.61273146
87 87 98 102 3 -1.27553667e-05 -5.04836607
101 106 152 156 0 -0.000215881257 -3.45581937
0 0 0 0 3 -0.855959058 10.6624727
47 53 57 64 2 -0.000652845309 -8.82890606
89 93 127 132 1 -0.000133035035 -3.3716414
107 111 60 95 3 -0.0010237128 -4.78703356
0 0 0 0 2 -0.0269817393 9.18766308
108 113 53 88 3 -4.43456447e-05 -5.43207073
0 0 0 0 1 -0.0177312661 9.02458096
146 149 125 131 2 -0.00016676879 -4.48913002
112 118 53 76 1 -0.00923927315 -4.80103159
70 75 144 179 2 -4.54184519e-05 -5.87883091
56 59 83 118 2 -0.00031504879 -5.27058887
132 137 69 104 1 -3.02790468e-05 -7.62849188
42 42 47 54 4 -0.0531735606 -2.71944547
0 0 0 0 1 -0.117738873 8.89669609
25 29 46 52 1 -0.000225768454 -4.12952375
147 148 92 127 2 -1.03711927e-05 -7.58367157
129 133 29 64 2 -0.000479189068 -4.01447105
114 116 128 134 1 -0.000133988462 -5.26966619
50 53 134 137 1 -0.000168914819 -4.85474014
0 0 0 0 1 -0.110142946 8.24145317
114 114 173 177 3 -7.06903156e-05 -4.70126247
111 117 44 51 0 -0.000114080896 -3.29709864
69 72 24 59 4 -0.000983327394 -1.85899663
0 0 0 0 2 -0.042331025 9.2233696
48 51 76 111 2 -0.000102518345 -3.89253306
132 133 70 78 2 -0.000101803314 -4.63562489
70 73 153 159 3 -0.00436802581 -2.48748088
153 161 49 80 1 -0.00142310373 -2.80361772
74 78 91 126 1 -6.42533414e-05 -8.3233614
84 89 63 71 0 -8.94068671e-06 -4.00005436
105 107 51 74 2 -4.44648031e-05 -8.48642063
94 99 109 115 3 -2.15768014e-05 -6.96951675
166 167 50 58 2 -4.50608823e-05 -6.50505829
25 28 140 175 3 -0.0017516152 -4.34583902
0 0 0 0 2 -0.592281818 8.91203785
109 110 129 136 2 -1.23977479e-05 -7.05079269
71 75 89 100 3 -5.26900585e-05 -5.97640896
0 0 0 0 4 -0.0336029157 7.28427076
72 75 85 120 4 -0.000154492445 -1.91722417
119 123 101 108 0 -3.6477868e-05 -3.70670414
0 0 0 0 2 -0.00683376845 5.85838795
35 39 121 124 3 -0.000292524754 -4.08741188
116 124 130 138 0 -4.37495764e-05 -4.09198046
71 71 47 55 3 -3.89811867e-05 -5.60500717
37 37 68 75 2 -0.000452959153 -4.69310093
94 97 131 166 2 -0.000463451055 -7.27038956
140 140 103 126 2 -8.29677592e-05 -5.95122576
44 44 54 89 4 -0.000150677879 -1.64302588
41 44 59 66 2 -1.47819273e-05 -6.45903158
44 48 183 185 2 -0.000125644379 -4.54708481
159 164 63 68 2 -0.00474138465 -2.34590578
0 0 0 0 2 -0.00817379262 6.36391258
36 41 95 130 3 -0.000255694846 -5.33836508
87 93 139 147 1 -0.000248421595 -2.17330956
97 101 109 116 2 -3.14711251e-05 -4.37026262
64 64 82 87 2 -0.00117436156 -3.3161633
0 0 0 0 2 -0.00352275139 7.06616163
192 192 147 151 4 -0.0027443131 -2.10728288
69 69 49 57 3 -1.34706261e-05 -6.94251299
0 0 0 0 2 -0.282772303 9.13278675
0 0 0 0 0 -0.17828241 11.3073311
0 0 0 0 2 -0.00335056172 7.93402719
0 0 0 0 3 -0.00984964147 5.47462177
101 103 116 123 3 -6.72333554e-05 -5.49428558
66 66 78 82 3 -0.000201456656 -4.59821367
0 0 0 0 3 -0.765412867 9.28579617
0 0 0 0 4 -1.05750382 9.75235176
117 117 33 68 4 -0.0003321025 -3.00402308
89 93 55 61 2 -0.000131246648 -3.21431994
14 18 23 31 4 -0.0101012867 -3.06600714
154 158 128 135 3 -7.89157493e-05 -5.23994017
44 48 79 83 3 -7.49818864e-05 -5.25234985
119 120 63 65 2 -0.000158187249 -3.8175993
87 92 105 111 3 -7.36703732e-05 -4.89959621
0 0 0 0 2 -0.554465413 8.04303074
94 99 149 184 0 -7.21209653e-05 -4.77755833
28 30 47 51 2 -1.4305082e-05 -7.47956085
102 105 24 59 2 -0.000100611302 -4.23409081
0 0 0 0 1 -0.0045192698 7.26536751
54 61 120 122 2 -6.52068629e-05 -5.75617409
0 0 0 0 3 -0.046966359 10.0775585
57 61 70 93 1 -4.45840597e-05 -7.20894861
81 84 50 61 0 -3.7908263e-05 -4.28951263
182 182 128 163 2 -0.000328644819 -6.90904284
98 103 50 58 3 -1.72853015e-05 -5.82333803
101 104 20 27 3 -0.000165577658 -5.20410156
153 157 77 112 4 -0.000390508329 -2.14047098
52 58 135 170 1 -0.000211469509 -6.01798964
112 114 128 130 3 -7.61734409e-05 -5.20835447
95 96 120 135 3 -0.000158663941 -3.97822595
107 113 124 131 2 -1.21593239e-05 -6.19023657
73 73 80 95 3 -0.000106333158 -4.89426184
83 87 106 113 1 -2.92061304e-05 -4.7544508
105 109 124 128 2 -4.93522166e-05 -5.49096489
78 78 101 106 3 -0.00427298341 -3.9123466
70 70 48 56 3 -1.09672401e-05 -6.77198839
0 0 0 0 3 -0.423294038 10.4903698
62 62 72 83 2 -0.000120874218 -5.95471811
43 49 85 100 2 -2.63450311e-05 -7.1023612
92 97 112 114 1 -6.24651439e-05 -5.51899099
99 107 54 62 3 -1.25169554e-05 -6.62750149
129 129 61 96 3 -1.93118613e-05 -6.41513348
102 106 154 163 4 -8.30875506e-05 -3.2514925
68 71 107 118 3 -0.00012898125 -5.80019712
96 97 108 123 3 -1.47819273e-05 -6.24794149
50 58 79 86 1 -0.000217073612 -4.71777391
103 110 46 81 2 -1.32322075e-05 -7.26448584
55 58 83 90 2 -3.5166584e-05 -9.6676693
65 69 78 85 3 -0.000183339755 -4.83116436
164 168 99 134 3 -0.000150199616 -5.52964067
107 114 71 94 1 -0.000193111977 -6.55003977
138 145 47 82 1 -5.49550932e-05 -6.15551376
67 71 99 104 2 -1.78813298e-05 -4.91349363
183 183 112 147 3 -0.00180495053 -4.72263336
57 64 104 108 0 -1.3113e-05 -4.79775667
114 114 129 136 3 -1.58547991e-05 -5.03661203
116 116 125 132 4 -0.00013065098 -2.98360682
67 71 94 100 2 -1.21593312e-05 -7.11621571
108 110 124 139 3 -0.000129935041 -4.80408478
155 159 75 82 2 -0.000254622923 -4.27640486
0 0 0 0 2 -0.00090958731 6.14865065
106 107 51 86 3 -8.04652227e-05 -7.18044901
79 80 23 58 3 -4.31533263e-05 -7.81067371
48 53 79 114 2 -4.17228912e-05 -7.71318531
0 0 0 0 1 -0.00188772683 6.99113655
136 140 73 108 1 -5.18557354e-05 -4.84695435
33 41 134 169 0 -7.56971785e-05 -3.90332508
0 0 0 0 3 -0.442657888 -0.91290468
0 0 0 0 0 -1.43047702 8.25457859
0 0 0 0 3 -0.00474459305 5.42228985
51 56 90 125 1 -0.000419817021 -4.47392845
78 81 48 63 1 -6.07960101e-05 -5.09463882
70 71 81 92 3 -0.000148769468 -5.60011864
67 70 87 102 2 -0.000242819951 -4.85844231
0 0 0 0 2 -0.00379069685 7.6592617
152 152 73 96 3 -0.000352960458 -4.13413191
48 51 36 38 1 -0.000147458268 -5.49096155
0 0 0 0 2 -0.90379715 8.48300171
64 65 81 112 1 -4.56568814e-05 -5.62418842
0 0 0 0 3 -0.0100087561 7.42935133
19 21 25 60 2 -0.000588176132 -7.6146307
101 104 116 139 3 -8.42799054e-05 -5.78893852
63 67 81 116 2 -8.53523889e-05 -10.915782
130 130 170 178 3 -7.42665798e-05 -7.14973927
56 59 21 44 1 -7.51009356e-05 -6.3526659
66 74 98 102 0 -6.05577443e-05 -5.02889967
104 110 58 61 0 -6.16301186e-05 -4.20853424
208 213 99 103 0 -0.573958874 -2.0748179
35 37 64 99 2 -2.08615565e-05 -6.9230299
19 20 41 46 3 -7.21209508e-05 -7.11997414
81 86 31 66 3 -0.000365954096 -4.97639561
108 108 101 103 2 -0.000435560592 -3.56234384
52 54 70 72 1 -0.000655953598 -3.04636359
157 160 60 71 1 -9.02399115e-05 -3.95660377
50 53 111 146 0 -2.69412085e-05 -6.54580498
99 100 68 76 2 -3.34976539e-05 -4.62164545
56 56 39 41 3 -3.55241755e-05 -4.10178089
99 102 85 89 1 -7.87965255e-05 -4.40192747
73 79 26 61 1 -2.83716981e-05 -5.10204029
144 149 39 46 2 -0.000147339117 -3.85463405
78 84 63 68 1 -5.11404651e-05 -7.52999496
50 53 110 117 2 -1.2278535e-05 -6.66490412
176 177 197 201 2 -0.000316246558 -5.1092186
115 118 93 100 2 -0.000130293469 -2.55665445
12 13 18 23 4 -0.00175085524 -1.03023255
12 16 20 35 0 -0.000670966401 -7.26721048
78 82 38 61 4 -0.000100969031 -2.36164451
93 98 41 47 3 -9.17910347e-06 -6.59950256
57 57 70 105 3 -3.23055719e-05 -6.9686141
119 120 76 107 4 -0.00058133353 -0.744148374
29 29 37 60 2 -0.000153657544 -5.63822746
47 51 62 69 4 -0.000116942741 -2.49341607
64 64 167 172 3 -0.000317437603 -5.3753643
65 68 80 83 2 -7.62929703e-05 -3.47461152
85 93 161 184 2 -2.68218973e-05 -8.43744659
112 120 47 51 1 -6.83063554e-05 -5.90199852
48 49 131 136 4 -0.000155207279 -3.09129214
53 58 78 93 3 -6.05577698e-05 -4.91778231
53 57 67 78 3 -9.85838487e-05 -4.76571465
44 48 57 65 2 -0.000129219421 -4.39354229
44 49 53 84 1 -0.000825472176 -2.74292493
71 74 45 49 1 -3.07558912e-05 -7.07669115
38 38 42 49 2 -0.000950518588 -8.30394554
104 106 56 91 2 -1.15632847e-05 -6.47718382
47 56 68 103 0 -1.5258759e-05 -5.78996706
50 51 39 44 2 -2.78948864e-05 -4.83481646
61 66 74 109 3 -0.000884018315 -4.47479725
43 50 86 89 0 -0.000143405778 -4.40731859
130 131 52 57 3 -6.60412261e-05 -4.64478397
40 40 58 65 3 -8.12992366e-05 -7.84790325
65 65 82 117 3 -5.32860868e-05 -4.18964911
43 46 58 66 2 -4.21997756e-05 -5.54952145
49 52 84 119 2 -7.62928175e-05 -5.99043798
90 94 63 74 2 -8.46385228e-06 -6.30397749
37 37 68 103 3 -7.95118322e-05 -4.820889
101 109 84 91 0 -6.68756911e-05 -3.73415828
87 88 99 103 3 -2.65835934e-05 -5.3352046
129 129 110 114 3 -0.000335793477 -4.06636953
21 21 55 62 3 -0.000100372919 -4.08827448
29 29 42 73 3 -0.000159140822 -5.88090467
5 5 8 43 3 -0.00811846089 -3.84000778
52 52 113 136 3 -8.22535803e-05 -6.57543087
110 110 122 124 2 -0.000264752482 -2.22375298
37 37 93 104 3 -1.63316436e-05 -5.14326763
26 26 30 37 2 -0.0892483443 -2.78930569
94 94 105 120 3 -1.78813334e-05 -5.83996677
122 125 53 60 2 -5.74583137e-05 -4.48721886
111 114 88 91 2 -1.84773999e-05 -7.02177668
76 76 88 123 2 -6.99750235e-05 -7.25243521
68 71 112 119 2 -2.57491301e-05 -5.12047958
57 57 40 47 2 -8.84523615e-05 -4.4085803
118 119 69 104 1 -6.15114623e-05 -6.80161858
57 57 77 112 3 -2.8014023e-05 -7.55989552
64 64 153 188 3 -0.000179880313 -6.2223587
122 128 22 53 1 -0.000113007816 -8.17260361
80 83 57 61 2 -0.000243891089 -3.37966537
122 122 71 106 3 -6.48490241e-05 -5.77003765
48 48 107 114 3 -1.45435079e-05 -5.09118605
86 92 101 108 1 -6.19882194e-05 -5.50231552
99 101 57 92 2 -0.000813342282 -5.60656404
82 85 100 123 2 -1.33514168e-05 -7.38054276
17 21 42 48 2 -3.7431244e-05 -7.29040337
52 57 70 77 1 -0.00029526971 -4.46864939
85 86 65 70 2 -7.25977225e-05 -5.07553101
149 152 97 104 2 -1.18017051e-05 -6.75075817
39 40 61 72 2 -5.12595689e-05 -5.57498693
0 0 0 0 3 -0.0127317421 7.12310696
0 0 0 0 3 -0.0178911556 8.9019022
0 0 0 0 2 -0.712684333 8.8510828
0 0 0 0 3 -0.010704034 6.68031883
0 0 0 0 2 -0.299046367 7.03147554
0 0 0 0 3 -0.00457087206 9.13839054
0 0 0 0 2 -0.00589986658 10.1020708
0 0 0 0 2 -0.0561207533 8.21035957
0 0 0 0 3 -0.047479637 8.44121456
0 0 0 0 2 -0.469884753 10.2636995
0 0 0 0 2 -0.465594471 8.15881252
0 0 0 0 3 -0.597649097 9.6235075
0 0 0 0 2 -0.0120890401 7.81149197
0 0 0 0 0 -0.171208724 11.5768137
0 0 0 0 3 -0.512826264 9.17625999
0 0 0 0 3 -0.0256557092 9.00226116
0 0 0 0 2 -0.00474051712 7.66563034
0 0 0 0 2 -0.00233870605 4.44385004
103 103 116 119 2 -0.000116464915 -4.76497412
80 85 102 109 1 -1.75237292e-05 -5.86899662
40 48 89 93 0 -0.000102041035 -4.52736425
22 25 29 64 2 -0.000766105601 -8.79560089
132 133 39 74 1 -2.62259618e-05 -6.06351471
125 129 50 85 3 -3.94580638e-05 -6.74191618
79 83 66 74 1 -8.4876192e-05 -3.88091207
52 54 114 149 1 -0.000236741733 -5.87901258
43 46 22 33 2 -7.16441136e-05 -4.83556366
131 134 166 172 3 -3.8146758e-05 -6.52916574
121 128 139 147 0 -0.000260815112 -1.27094364
68 69 142 147 2 -2.95637983e-05 -6.30770302
124 125 73 108 2 -2.75372349e-05 -6.25828028
35 39 49 53 0 -1.3709041e-05 -4.2660327
158 164 98 121 0 -2.51530892e-05 -4.54789591
50 54 68 91 3 -5.66234776e-05 -4.99428844
55 56 67 82 3 -0.000337094563 -5.36419439
49 54 163 186 1 -0.00012266438 -4.26355505
48 48 61 84 3 -8.70218864e-05 -4.75194073
149 156 228 236 0 -0.0189120714 -3.92517185
115 121 93 100 1 -3.38552964e-05 -5.90131378
95 98 136 151 3 -4.66104793e-05 -6.44096565
46 49 59 62 4 -0.000112055321 -2.43432522
56 59 81 116 1 -0.000119683384 -7.37311506
115 120 67 102 1 -0.000123975085 -4.95409489
145 149 92 127 4 -0.000194185632 -0.103275605
83 87 64 75 4 -0.000149485684 -0.610887408
41 41 53 84 4 -0.000218146568 -2.63134098
20 24 111 114 4 -0.000137207433 -1.50545526
0 0 0 0 3 -0.733486593 10.3275194
0 0 0 0 1 -0.00804273318 5.26897573
31 32 47 82 1 -8.27304248e-05 -6.42161512
104 110 57 92 0 -7.85578886e-05 -4.33004093
0 0 0 0 1 -0.322312087 10.1461964
0 0 0 0 3 -0.0704094544 9.62438488
173 175 59 70 2 -0.000521493203 -4.54689789
50 52 60 64 1 -1.58548009e-05 -6.17461395
43 45 79 114 1 -6.56837947e-05 -5.59585667
30 33 45 50 0 -4.08885935e-05 -2.24491143
140 148 60 64 0 -0.000174395536 -3.66235924
52 0 0 0 2 -1.2064836 0.833274543
45 48 120 128 2 -9.8226883e-05 -4.04616451
132 134 108 112 2 -1.46627181e-05 -5.82334042
93 96 30 37 0 -0.000321136293 -6.03069973
126 130 30 65 3 -5.9246453e-05 -7.81977034
0 0 0 0 3 -0.00427256757 5.49605465
50 52 91 96 2 -3.03982615e-05 -5.66896296
33 36 88 90 1 -8.64257818e-05 -7.53352118
0 0 0 0 1 -0.0158658717 7.49943924
10 11 21 26 2 -0.000253310835 -4.37091494
30 33 101 107 2 -3.93388327e-05 -5.21158552
25 31 92 97 1 -5.96041646e-05 -6.51319981
112 116 136 142 1 -0.000100611011 -3.91350222
123 125 29 35 2 -0.000193590706 -3.6203475
140 145 58 64 2 -8.58293351e-05 -5.8135891
0 0 0 0 3 -0.0144367786 7.79505348
88 94 104 108 3 -3.46897468e-05 -4.4442935
0 0 0 0 3 -0.220036462 8.11090374
122 130 43 78 1 -7.68891914e-05 -7.5066185
133 134 152 187 2 -0.00123430288 -6.43097305
34 37 98 109 2 -0.000150677733 -4.53654623
62 70 80 83 0 -1.64508456e-05 -3.85766506
78 78 91 94 3 -2.61067562e-05 -4.45251894
57 60 100 135 3 -8.98826111e-05 -6.43963671
97 101 47 82 3 -8.23726295e-05 -5.29260826
47 49 30 36 2 -1.84774035e-05 -4.79233551
140 142 48 83 2 -6.66374253e-05 -5.221982
0 0 0 0 4 -0.000349615904 1.9386102
42 48 79 94 3 -0.000556310348 -4.07192373
64 71 78 82 3 -0.000331147108 -4.02484226
91 95 108 115 4 -0.000203962467 -0.519839466
110 113 34 49 1 -6.03191183e-05 -7.48629475
144 144 98 133 4 -0.000391814043 -2.1735158
0 0 0 0 2 -0.0110355467 8.15574265
96 97 44 46 4 -9.20285456e-05 -2.9039824
68 68 95 103 4 -0.000404095423 -3.42295551
105 105 55 90 3 -2.40802183e-05 -5.88379145
118 120 187 192 2 -0.0010232632 -2.4644382
99 102 79 89 2 -0.00018393551 -7.66575766
61 61 78 89 3 -3.63585568e-05 -5.02426481
127 130 183 194 3 -0.000193589993 -6.94006729
128 134 47 54 0 -4.70873601e-05 -3.01892042
106 106 113 118 3 -2.26496795e-05 -5.13536072
133 138 56 91 3 -5.57896055e-05 -7.55266714
107 113 126 133 1 -0.000130410393 -4.97736311
50 54 68 75 1 -3.86236497e-05 -5.06534624
135 142 73 79 0 -0.000805495132 -3.7401824
221 231 128 134 1 -0.00100774365 -3.08475471
90 94 50 53 2 -1.59740139e-05 -5.78132391
127 128 53 84 2 -3.44513428e-05 -9.43176365
49 54 61 96 1 -0.000137921787 -5.19913435
0 0 0 0 3 -0.703911543 8.65778637
0 0 0 0 2 -0.164245114 9.54140377
0 0 0 0 2 -0.110337861 8.35954475
86 90 48 56 3 -1.00135694e-05 -6.22350979
117 122 38 69 3 -0.000219693509 -6.20700979
0 0 0 0 2 -0.24724789 8.73601341
59 65 117 148 0 -6.12729636e-05 -5.37731934
31 39 154 189 3 -0.0128124086 -4.95203924
63 67 82 89 4 -0.000230780715 -2.43821907
0 0 0 0 2 -0.00778207416 7.2024107
0 0 0 0 1 -0.00569737004 7.69889545
147 150 121 127 2 -7.82003699e-05 -5.22637367
147 147 68 75 2 -5.22132577e-05 -5.20038652
74 74 61 68 2 -7.21207834e-05 -5.18358564
0 0 0 0 2 -0.0319147334 5.75753164
95 95 45 51 3 -6.29419374e-05 -5.18703747
201 202 32 67 2 -0.000777147477 -3.87930012
0 0 0 0 1 -0.00105967931 4.41817904
37 38 85 90 4 -0.000921615865 -0.0160714462
106 111 57 92 1 -0.000122187223 -8.19526196
44 44 59 64 3 -3.46897577e-05 -3.69161367
25 29 34 42 4 -0.000152940469 -4.08673286
119 123 136 151 3 -0.00015806625 -6.10848331
127 133 83 114 2 -0.000254382496 -6.35483074
113 115 89 96 1 -3.826596e-05 -7.8778038
0 0 0 0 3 -0.407880008 8.01368523
121 126 135 139 4 -7.84389194e-05 -1.69687855
110 112 70 105 3 -8.43993694e-05 -7.22542763
157 161 109 144 3 -7.90348058e-05 -4.68379688
0 0 0 0 0 -0.0967267379 11.1004801
25 30 87 91 2 -5.75774829e-05 -4.96505165
0 0 0 0 3 -0.873323321 10.4748545
102 104 147 178 3 -0.00414414145 -2.71845841
31 34 39 50 2 -0.000408095104 -7.5690856
205 205 40 75 2 -0.00119541888 -3.52852702
0 0 0 0 2 -0.090546295 8.73240376
52 55 70 93 3 -9.25049972e-05 -5.31890202
182 188 24 59 1 -0.000191445157 -5.34207869
126 131 109 114 1 -0.000146264982 -5.09780455
94 97 47 52 4 -4.00541176e-05 -3.08849382
50 55 77 112 2 -5.23322306e-05 -7.90470171
52 59 70 77 2 -0.0253275037 0.797046065
142 146 179 214 2 -4.83983094e-05 -9.98767662
17 21 82 85 0 -2.51530728e-05 -4.83438253
62 69 111 117 0 -8.11800273e-05 -2.81860709
93 97 112 147 2 -5.74583428e-05 -6.19026852
45 49 97 100 2 -0.000259509077 -2.68227696
66 71 85 116 1 -0.000231376616 -6.42743444
54 59 142 177 4 -6.59222424e-05 -2.2501297
120 124 67 75 1 -9.88223619e-05 -5.53689766
120 126 61 96 4 -0.000140187636 -2.99241161
84 86 71 78 1 -0.000205392062 -4.54959774
79 82 58 64 2 -5.3166943e-05 -8.27144909
102 102 111 116 4 -0.000154372363 -2.73021412
94 99 129 134 1 -0.000317191007 -4.04706383
160 164 145 149 0 -0.000140305536 -4.11654902
91 94 48 71 2 -1.06096113e-05 -8.56599426
63 63 127 142 2 -0.000115749324 -8.79290295
85 90 99 134 2 -9.31012473e-05 -5.35994148
103 111 48 55 0 -7.47433805e-05 -2.96319389
112 115 172 178 2 -2.62258836e-05 -6.54314566
76 79 92 99 0 -2.8371689e-05 -3.32655954
22 26 53 61 4 -0.000807150966 -3.47934651
106 110 125 140 2 -1.44243004e-05 -5.4288888
79 84 66 68 2 -5.34053834e-05 -4.06487656
89 90 48 52 4 -5.86505666e-05 -2.55824184
0 0 0 0 3 -0.00310689444 6.27105856
62 66 153 161 2 -0.000167244041 -5.65532398
0 0 0 0 2 -0.0623686574 9.1636734
0 0 0 0 3 -0.642524838 9.86869431
0 0 0 0 2 -0.45100081 9.73814678
34 34 45 49 2 -0.000114677459 -6.06623888
97 103 34 69 3 -0.000109432462 -4.63775253
0 0 0 0 2 -0.00168039149 5.34663677
0 0 0 0 2 -0.169974551 8.54406929
95 105 25 33 0 -0.000240672438 -3.67315197
50 58 86 109 0 -0.00087090669 -4.09782219
147 151 164 167 4 -0.000449156156 -0.29717055
61 64 164 195 2 -0.000214328582 -9.04964733
45 53 57 59 2 -0.000412650668 -7.55459356
105 110 54 58 0 -6.3179883e-05 -3.7353394
83 83 58 63 2 -3.12327138e-05 -5.36681223
196 200 21 56 2 -0.000308132643 -7.71517229
93 99 128 151 2 -6.23459127e-05 -6.05746126
52 60 80 87 0 -0.0515258461 0.688345492
50 52 126 131 2 -0.000153418398 -5.56336451
7 11 17 52 4 -0.0014762365 0.110422499
151 152 33 68 3 -0.000478887494 -6.9232564
109 112 59 94 2 -3.06365982e-05 -7.98396921
0 0 0 0 2 -0.0470422842 7.72340393
136 142 105 111 2 -0.000147814717 -5.00874662
141 144 58 65 1 -7.74852451e-05 -6.37705183
116 116 65 71 3 -2.08615784e-05 -7.65054512
34 36 98 133 2 -0.000136491144 -6.01004601
39 41 55 90 2 -1.84773871e-05 -5.89160633
145 145 170 172 2 -6.63983956e-05 -6.51706982
28 30 38 73 2 -6.07956608e-05 -6.99566317
0 0 0 0 2 -0.401029617 8.94139099
84 88 57 64 4 -2.86101022e-05 -1.80709422
110 112 123 158 2 -5.2690033e-05 -5.25585461
0 0 0 0 3 -0.00472970307 5.87123537
0 0 0 0 1 -0.0128947478 8.68838406
57 58 73 104 3 -0.000213020801 -4.40617085
10 16 28 32 2 -0.000578353531 -2.99640918
53 58 31 38 2 -6.65180632e-05 -4.53181505
14 18 31 36 3 -0.00225354638 -3.25805783
89 93 59 65 3 -3.87426844e-05 -5.59756231
0 0 0 0 3 -0.00447876379 4.74513769
186 186 207 213 2 -0.000868579489 -4.73368979
164 164 66 74 3 -6.46109402e-05 -5.51520443
82 89 51 59 0 -3.63585568e-05 -5.39912748
0 0 0 0 3 -0.856750667 9.31177998
103 103 127 142 3 -6.87831052e-05 -3.89710259
0 0 0 0 2 -0.273579687 9.36521435
213 218 135 166 3 -0.00459221471 -3.46210718
133 136 81 116 1 -5.30477882e-05 -8.44041538
0 0 0 0 1 -0.187757313 8.11644173
100 102 145 156 3 -0.000110504348 -3.75703168
22 25 73 108 0 -9.81056364e-05 -3.63102078
108 109 147 155 4 -0.000393963506 -3.18382359
53 61 35 38 2 -0.000142331482 -4.80507469
140 145 85 120 1 -4.91139363e-05 -6.09243059
119 123 47 51 4 -7.86774617e-05 -0.604955673
106 109 89 94 4 -0.000160929485 -1.96368241
0 0 0 0 2 -0.0167688616 8.00436115
0 0 0 0 3 -0.432232499 8.88494587
0 0 0 0 4 -0.036484696 7.53964996
31 35 55 90 1 -0.000116823547 -5.52850914
77 77 54 61 2 -2.90869284e-05 -4.83630943
94 95 34 40 2 -2.30073038e-05 -6.80454254
63 64 44 46 2 -6.46107947e-05 -5.60633421
19 22 38 45 2 -5.63854555e-05 -4.70814991
92 94 39 74 2 -6.1988776e-06 -6.41633368
0 0 0 0 1 -0.0633691847 9.04775333
44 47 117 122 1 -0.000101803482 -4.69006348
56 60 108 113 2 -3.17095037e-05 -5.23743868
128 130 67 82 2 -1.80005609e-05 -6.33314466
162 162 48 83 3 -2.89677591e-05 -7.62088156
62 65 93 98 0 -0.000174635352 -2.57507157
133 137 154 163 2 -6.19887851e-06 -7.97354889
0 0 0 0 3 -0.189235464 8.64081478
101 106 135 141 1 -0.000528167293 -2.64452052
69 69 130 137 4 -0.00118764746 -2.16606736
47 47 128 132 2 -2.43186296e-05 -4.82405043
55 59 92 100 2 -3.52857896e-05 -3.71148682
0 0 0 0 3 -0.275037467 8.69641304
94 94 111 113 2 -3.25440196e-05 -7.16027546
60 62 84 92 2 -2.31265076e-05 -5.69247818
13 13 21 56 2 -0.000190133607 -4.5604291
49 51 96 127 2 -2.82524161e-05 -8.29605961
0 0 0 0 2 -0.0289676823 8.25032997
31 34 66 101 4 -0.000127432708 -2.00462151
0 0 0 0 1 -0.135728285 9.10517025
103 104 56 61 2 -0.000168914572 -2.9813242
0 0 0 0 0 -0.703550994 11.7510242
0 0 0 0 2 -0.0811904967 10.1758833
126 134 189 224 1 -0.00054425979 -5.49661112
171 176 73 96 2 -0.000686556275 -3.10030556
120 123 90 98 2 -1.9788693e-05 -8.55518627
74 75 174 176 2 -6.94978953e-05 -6.79344702
129 129 81 85 2 -5.24517382e-05 -6.56498861
0 0 0 0 4 -0.222037628 8.87531948
96 100 68 76 0 -0.000128622894 -2.29240489
44 48 23 26 4 -0.000257007894 -1.99593771
69 69 124 135 2 -0.000135416965 -5.36660624
30 32 45 80 2 -0.000186438134 -4.45219612
93 94 76 78 2 -5.20940885e-05 -4.99089861
0 0 0 0 2 -0.0190139301 5.89212084
82 85 33 68 0 -1.20401182e-05 -6.84486866
77 80 93 97 3 -0.000177021706 -4.49248981
44 44 56 61 3 -3.01598338e-05 -5.2553978
210 213 108 114 2 -0.103232056 -4.40692234
56 60 66 74 3 -3.93388582e-05 -6.12394333
155 155 128 133 2 -4.43456447e-05 -5.92626762
100 103 46 50 1 -2.40802074e-05 -7.23189974
92 96 38 43 3 -4.2199812e-05 -5.15161276
59 60 28 31 2 -0.000447963743 -2.03724146
62 63 105 109 2 -0.000387647451 -3.53205085
109 113 88 94 2 -0.000220054251 -4.38602304
68 68 47 52 4 -0.000378709461 -2.81692004
0 0 0 0 3 -0.0664329305 8.17405319
86 92 34 69 0 -2.41994221e-05 -3.9353478
104 109 46 81 1 -9.83453792e-05 -5.01877451
73 74 44 51 2 -3.68355068e-05 -4.90571022
0 0 0 0 2 -0.112242043 5.72696638
39 40 57 92 2 -3.36167868e-05 -7.63653517
164 169 26 41 1 -9.22668187e-05 -3.8443141
139 144 82 117 4 -0.000276317238 -2.52402139
153 156 52 87 2 -2.63451457e-05 -8.65376186
0 0 0 0 2 -0.166524604 8.70243263
0 0 0 0 2 -0.112804264 9.78134251
71 71 93 97 3 -5.37630076e-05 -4.9198904
89 91 46 53 1 -0.000523085822 -6.97763205
105 110 128 134 0 -2.87293151e-05 -3.59471655
80 84 100 104 2 -3.85043095e-05 -6.69720411
52 55 98 113 1 -0.000104187107 -4.74802971
100 106 115 117 0 -6.93789043e-05 -4.15946674
0 0 0 0 2 -0.689501703 10.2209978
78 84 92 96 0 -2.67027299e-05 -4.09494781
161 167 88 90 0 -6.02000728e-05 -4.63894081
0 0 0 0 2 -0.00986830331 6.05692196
54 54 70 72 2 -0.000314461766 -6.43013382
99 99 106 113 3 -2.57490774e-05 -4.05514622
182 182 102 110 3 -1.26361647e-05 -3.62705636
45 47 62 67 1 -0.000117538482 -2.98990941
61 62 97 100 3 -4.11269211e-05 -5.19126987
48 52 71 80 0 -6.84255137e-05 -5.03408003
0 0 0 0 3 -0.0145223346 7.93228769
0 0 0 0 2 -0.0188004356 8.48095798
0 0 0 0 2 -0.00928272959 10.4086981
168 168 67 102 3 -0.000433179259 -4.58010674
145 151 82 86 1 -0.00122326752 -5.67534256
146 149 112 120 2 -3.74315205e-05 -4.42432022
63 65 47 51 2 -2.18152236e-05 -10.1465321
61 63 76 91 2 -4.13653725e-05 -4.32254362
204 206 159 182 2 -0.000114437673 -5.04573393
131 135 40 71 3 -0.000294078403 -5.64502811
83 87 100 103 0 -0.00112566503 -0.135180652
103 108 117 124 0 -0.00011586897 -4.23392057
0 0 0 0 2 -0.00375483604 6.63229513
50 53 62 85 1 -0.000165697274 -6.45939493
109 113 89 96 0 -5.14979656e-05 -3.96310258
96 98 112 120 2 -1.95502707e-05 -7.26239967
42 45 138 173 2 -0.000179763185 -5.45881319
29 36 52 57 0 -4.10076973e-05 -6.51715088
161 162 60 95 2 -0.000203960706 -5.05728102
173 174 94 109 3 -0.000175471272 -5.14548397
105 113 125 160 2 -8.86902708e-05 -5.3903017
95 95 61 76 3 -4.41072079e-05 -5.49908495
70 74 80 83 2 -1.46627108e-05 -9.18482971
18 19 61 64 3 -0.000371556205 -4.22514105
105 106 62 70 2 -1.68084625e-05 -6.43394518
33 38 72 107 3 -0.000410416105 -4.89590931
47 50 65 72 3 -2.21728715e-05 -5.68691063
75 82 34 41 1 -1.75237237e-05 -5.79664183
167 167 113 148 2 -0.000116227195 -7.14784241
154 159 52 87 4 -0.000164982281 -2.56418657
103 109 119 142 2 -2.75372349e-05 -4.73000479
0 0 0 0 3 -0.0467271656 10.793169
101 107 135 142 3 -0.000903154782 -4.22179604
49 53 86 121 1 -0.000128624568 -6.96306562
0 0 0 0 2 -0.0671900883 5.88942766
126 130 73 80 3 -0.000245086849 -5.38597631
41 43 72 107 3 -0.00228721416 -2.95577264
44 47 87 89 2 -3.03982561e-05 -4.43964005
163 169 51 82 1 -5.71008059e-05 -7.00535154
178 180 202 211 2 -3.74314695e-05 -8.17063332
33 38 108 139 1 -8.261115e-05 -6.20362282
0 0 0 0 4 -0.0427704267 8.49588776
76 84 119 122 0 -2.837172e-05 -4.90419292
82 89 106 114 1 -8.55906546e-05 -5.82706118
68 72 105 140 3 -0.000221363429 -5.2970829
134 136 153 162 2 -0.00117836148 -3.26741862
45 53 180 215 0 -0.00126791233 -6.300982
85 92 102 137 2 -9.98961041e-05 -10.1229858
0 0 0 0 3 -0.551978886 10.9296274
111 111 126 149 3 -5.35245199e-05 -6.80995655
56 56 36 44 4 -0.00013220121 -3.28869033
97 99 75 86 1 -0.000272854057 -3.32212663
0 0 0 0 2 -0.518916845 7.17246819
0 0 0 0 2 -0.211314708 8.64646053
93 97 113 148 2 -0.015258166 -6.40152788
49 58 86 93 0 -4.49414147e-05 -4.93216896
72 74 145 153 2 -0.000240674926 -3.9068284
0 0 0 0 2 -0.0536170639 7.33103418
81 85 57 66 3 -1.83581742e-05 -6.59779119
69 72 44 52 3 -0.000381569436 -3.87852001
140 145 52 57 2 -0.000888296287 -5.36345577
125 126 142 150 3 -0.0031413727 -3.87090325
0 0 0 0 3 -0.00338652148 5.58174896
48 52 57 61 4 -0.00349635072 -1.88063526
32 32 43 51 4 -0.000148051331 -3.91274929
0 0 0 0 1 -0.343437463 -1.51655567
0 0 0 0 3 -0.555894077 9.52128506
178 187 100 135 0 -5.61471825e-05 -5.04180479
110 113 45 53 2 -9.89436012e-06 -6.74323273
154 156 72 95 2 -0.000153776229 -5.58635569
43 48 61 67 1 -2.68220065e-05 -7.72930241
78 82 94 98 0 -1.12056596e-05 -4.79678106
0 0 0 0 2 -0.243146211 8.69604397
105 107 43 55 2 -6.25843968e-05 -4.25263119
0 0 0 0 2 -0.00242223358 6.30430984
96 99 50 81 2 -2.52722693e-05 -10.0287981
69 71 85 108 1 -0.000225892858 -7.57905197
98 101 111 134 2 -1.22785314e-05 -8.0307827
86 90 50 57 3 -0.000272265082 -4.79889488
134 139 38 69 0 -0.00498675834 -6.06823254
91 91 43 78 3 -1.23977497e-05 -6.19658041
46 49 127 134 2 -4.8041009e-05 -4.9239912
181 181 192 227 3 -0.00109531835 -2.95777678
102 107 122 129 4 -7.96310487e-05 0.462359577
51 58 71 106 1 -0.000182622258 -8.62359428
83 88 39 70 2 -0.00672334619 -1.09202981
53 57 75 110 2 -2.3007331e-05 -7.67197943
71 75 145 152 1 -4.8994727e-05 -4.07899666
39 41 98 100 1 -0.000194423686 -2.02816415
93 95 140 149 2 -0.00551032368 -2.79379725
53 58 94 102 3 -0.000216358691 -4.15551472
86 90 68 75 2 -4.13654052e-05 -4.3654418
53 58 112 119 1 -4.6133664e-05 -4.10516167
109 113 41 76 2 -3.25439469e-05 -5.87571478
120 120 73 108 3 -8.65449838e-05 -2.80019879
107 110 38 73 2 -3.55241245e-05 -7.36177492
192 193 141 176 4 -0.000487889512 -3.06258702
40 41 75 82 3 -0.000590999727 -5.05754805
109 112 125 160 3 -4.06501531e-05 -6.15892696
0 0 0 0 2 -0.00292969588 6.93471432
74 79 98 104 2 -1.25169518e-05 -6.70404148
94 99 59 70 2 -5.96042228e-05 -5.42217302
0 0 0 0 4 -0.00710079074 5.85032272
122 127 23 58 3 -1.72853051e-05 -7.70459414
33 39 57 92 0 -1.91926301e-05 -5.30508327
59 64 141 176 3 -0.000774996122 -5.4480648
126 132 47 82 3 -0.000312315533 -6.23387766
119 120 81 112 2 -0.000126358762 -4.37838697
18 23 28 63 4 -0.000504896103 -3.59872079
57 59 136 141 2 -3.25439796e-05 -3.46656823
102 105 121 156 4 -7.64124925e-05 -2.64246869
103 104 119 154 3 -0.00471882941 -4.42542028
45 46 56 71 4 -5.0902061e-05 -3.49916744
0 0 0 0 2 -0.0824464932 9.39464092
132 134 46 51 2 -3.09942843e-05 -5.36083078
91 94 104 110 2 -3.80275014e-05 -4.2999649
112 114 66 81 2 -3.63586769e-05 -8.0471735
119 119 47 82 2 -0.000471183361 -3.75054979
64 64 18 53 2 -0.00160311069 -4.64572716
65 73 84 119 1 -0.000172968372 -6.07061005
39 45 53 64 1 -5.84121008e-05 -5.05035877
93 93 58 73 3 -1.2874586e-05 -3.69442391
123 130 46 48 0 -6.12729782e-05 -5.17972708
113 117 131 134 3 -2.25304866e-05 -5.73633432
109 109 66 68 2 -0.000133273643 -4.6899128
97 104 112 115 0 -4.97098445e-05 -4.02668619
49 49 59 94 3 -1.95502726e-05 -6.86253643
125 126 62 97 4 -0.000280848413 -1.11345005
120 125 63 78 3 -4.64913028e-05 -6.23889303
40 44 54 61 3 -4.36303999e-05 -5.52970743
146 150 41 50 4 -0.00031159987 -2.58077955
86 86 115 122 3 -5.82928915e-05 -3.5982089
41 41 71 106 4 -0.000167246893 -1.97583163
46 50 123 125 4 -0.000166888989 -2.57537961
125 129 40 48 1 -8.69026117e-05 -5.05177116
0 0 0 0 2 -0.00326297455 6.12151766
0 0 0 0 3 -0.786195695 7.65278578
105 109 47 53 2 -0.000119802811 -6.96488094
41 45 55 56 1 -0.000561973837 -4.41306686
114 121 153 159 3 -6.85445557e-05 -5.9627738
88 91 70 73 2 -1.75237255e-05 -5.62323904
135 138 45 80 0 -9.82265483e-05 -4.30678034
111 111 123 134 3 -0.00333816558 -1.90957177
0 0 0 0 1 -0.125643298 8.99277496
74 77 51 59 3 -3.58818215e-05 -6.93520927
110 113 133 136 4 -6.18691629e-05 -1.13002062
0 0 0 0 2 -0.777537704 7.1931529
18 26 30 45 2 -0.000446851423 -6.22949314
0 0 0 0 2 -0.00155247271 6.24562502
121 121 70 105 3 -2.36033648e-05 -5.12927389
127 131 145 180 4 -8.05847085e-05 -1.14677703
76 77 34 39 3 -0.000113127098 -6.33671999
36 43 85 120 1 -0.000135657319 -5.48018456
76 76 166 201 3 -0.00110941846 -5.5639863
0 0 0 0 2 -0.0478824824 7.83125496
125 129 59 94 3 -7.42666161e-05 -6.97820759
95 102 120 128 0 -3.23055683e-05 -6.10426235
56 57 74 79 2 -0.00055952702 -2.03390288
211 215 161 196 3 -0.00235341094 -4.16271925
0 169 111 146 2 -2.45202732 -0.563702345
0 0 0 0 2 -0.00456167664 5.75146008
125 128 74 105 1 -0.000196571244 -3.16990972
0 112 128 143 2 -1.02133918 1.73466814
0 0 0 0 2 -0.430981666 9.03704262
48 53 129 164 4 -0.000154969486 -1.5961597
51 55 69 84 1 -2.93253961e-05 -4.51708412
98 104 57 60 2 -8.24914605e-05 -4.6288209
55 59 91 126 3 -8.35644314e-05 -6.87031889
36 44 137 144 0 -0.000618504069 -1.69561648
158 164 85 89 3 -0.00142719131 -5.31012726
90 91 100 131 2 -0.000147339044 -5.77995062
105 109 118 125 3 -0.00013160464 -4.82737684
174 179 39 74 4 -0.000228875244 -1.96268904
45 45 58 64 3 -5.4239812e-05 -3.62599254
157 157 108 143 3 -0.000160213109 -6.04627419
105 109 47 54 2 -3.49281509e-05 -4.42777205
0 0 0 0 2 -0.493140101 9.51959419
131 131 35 66 2 -0.000320653606 -5.13407183
174 174 87 92 3 -7.93925719e-05 -2.58771038
0 0 0 0 3 -0.328000367 9.33655357
41 41 51 86 3 -2.02655228e-05 -6.30268431
0 0 0 0 4 -0.0409993343 8.49196529
131 133 93 116 2 -6.24649692e-05 -6.62557077
50 51 127 131 1 -0.000160452488 -5.60902834
85 86 36 59 3 -9.17891739e-05 -6.08258629
100 106 88 90 1 -5.07827644e-05 -6.5550127
126 130 80 87 2 -1.74045163e-05 -4.28819227
137 139 52 83 3 -0.00036738487 -5.73291874
74 77 34 42 1 -0.27263239 2.64651489
68 68 44 52 3 -2.94445927e-05 -5.3650651
0 0 0 0 2 -0.143902257 9.05170631
71 76 89 124 3 -8.90482261e-05 -5.71344566
149 153 106 137 2 -0.000526268443 -3.97779918
71 77 56 60 0 -4.3630298e-05 -3.9257977
0 0 0 0 2 -0.571971834 8.6083231
0 0 0 0 1 -0.0745690838 7.6952076
106 110 58 62 3 -7.20016615e-05 -4.64025736
100 104 114 149 3 -0.000226968041 -6.74956369
0 0 0 0 3 -0.00679046009 6.46475124
107 109 42 73 2 -0.00156129105 -3.06976748
0 0 0 0 3 -0.253638387 9.38704395
87 91 48 63 1 -0.00195738534 0.056037344
78 82 60 64 2 -2.98021914e-05 -4.26555347
119 121 155 163 2 -0.000177378286 -2.31372213
39 47 59 94 0 -2.61067544e-05 -5.80729818
137 139 35 39 2 -0.000269997952 -3.71306539
108 111 175 210 2 -2.22919825e-05 -10.3356199
94 99 39 46 4 -0.000364882115 -2.00970483
65 72 84 87 0 -0.000143760772 -2.5646553
56 61 74 79 2 -1.25169554e-05 -9.47688007
38 42 52 87 3 -0.000113365568 -4.96824121
88 88 44 79 3 -7.45051366e-05 -3.04185796
45 45 92 127 3 -2.80140848e-05 -6.04654169
53 55 38 41 2 -4.00540084e-05 -4.74166822
0 0 0 0 2 -0.0138112148 5.86065388
72 75 132 155 1 -0.000413154601 -4.11098051
77 79 91 98 2 -2.12191935e-05 -6.06623983
22 22 29 64 2 -0.000483815791 -6.3488884
78 82 90 98 2 -4.25574726e-05 -5.25708437
0 0 0 0 3 -0.488211602 8.95479774
73 76 91 126 2 -3.93388545e-05 -7.5812006
74 76 151 186 4 -0.000107882719 -2.44448376
0 0 0 0 2 -0.00227125315 5.17644835
121 124 110 114 2 -5.50742807e-05 -6.98586702
0 0 0 0 3 -0.0121724103 7.53267622
55 55 70 76 3 -4.52993081e-05 -4.77537251
94 99 36 51 3 -6.353754e-05 -4.22280264
105 109 119 123 1 -6.6041117e-05 -5.9116888
90 98 118 123 1 -3.24247885e-05 -7.5363245
27 29 77 85 1 -0.000123975668 -3.45623136
122 130 38 73 3 -2.43186114e-05 -8.54852486
0 0 0 0 2 -0.00130495999 6.54896307
178 181 52 87 3 -0.000351760769 -5.5900445
0 0 0 0 2 -0.715015531 10.9971762
46 46 75 98 3 -0.000265457842 -5.33083725
26 30 120 128 3 -4.89945087e-05 -5.8001194
42 46 72 79 2 -4.99483867e-05 -4.59184361
70 74 103 138 3 -0.000248065218 -4.97819376
0 0 0 0 2 -0.0100453421 7.08836699
112 116 66 97 3 -0.000997771043 -5.67961884
21 26 61 96 3 -0.000354751159 -5.66595411
38 41 150 157 1 -0.000523761497 -3.61863637
0 0 0 0 2 -0.003092492 6.73642206
0 0 0 0 2 -0.682195067 9.07050228
0 0 0 0 2 -0.020383114 7.19356775
74 75 81 85 3 -4.63721262e-05 -5.50937605
54 60 86 94 0 -0.000203126547 -5.53861618
55 60 71 86 2 -1.25169581e-05 -5.77887964
38 44 48 57 0 -0.000172132088 -5.53424549
23 27 58 66 3 -9.60808684e-05 -5.14861012
193 199 122 128 1 -0.00013601502 -5.13802624
0 0 0 0 2 -0.471035242 8.97421265
41 46 60 75 3 -4.85178389e-05 -5.29459476
126 131 96 119 1 -0.000110266876 -6.62637091
0 0 0 0 2 -0.00427605398 3.32572889
151 157 64 73 1 -3.85044223e-05 -6.40637207
27 33 45 50 0 -2.03847339e-05 -4.18475056
59 60 73 75 2 -0.00225995481 -0.219135165
0 0 0 0 3 -0.0020621419 4.37468529
94 98 48 53 3 -5.12596453e-05 -4.86101484
113 114 31 62 2 -0.000164265613 -4.75906181
82 86 99 106 3 -3.31400588e-05 -6.12305975
116 122 196 211 2 -0.000681330042 -4.62897873
71 79 120 155 1 -0.000144000951 -6.42487717
122 128 99 107 0 -3.09943061e-05 -4.72554207
100 105 174 178 0 -0.000116823117 -3.95092225
139 142 38 61 1 -4.17230258e-05 -6.52890062
72 72 54 61 3 -0.000138995078 -4.81333399
0 0 0 0 2 -0.0201683175 7.38293791
37 43 73 78 1 -5.79353546e-05 -6.02863073
0 0 0 0 2 -0.269342095 8.53542042
0 0 0 0 2 -0.0172559191 6.41205549
57 60 75 79 1 -4.19613862e-05 -5.87632418
221 222 76 111 2 -0.00576184317 -7.41257286
62 62 213 248 2 -0.0819917768 -4.50064039
0 0 0 0 0 -0.699528575 9.92235374
107 111 44 79 1 -0.000104901752 -6.25814629
87 91 120 127 0 -1.85966055e-05 -4.89150286
0 0 0 0 2 -0.00483005866 6.21158123
58 62 33 41 2 -5.03060182e-05 -4.28726339
67 71 83 88 1 -2.37225813e-05 -6.62001657
51 56 62 88 1 -1.0056181 -6.12694025
120 124 140 155 1 -0.00267872377 -1.5518657
0 0 0 0 2 -0.289204508 7.71195745
52 59 0 82 0 -1.15212715 2.43625593
0 0 0 0 2 -0.312053889 9.2790184
43 47 81 116 3 -0.000282632303 -4.87487745
119 122 139 174 2 -7.87958124e-05 -5.1525979
88 93 20 26 1 -0.000174398418 -3.57061219
54 60 95 130 2 -0.0001158667 -8.87147141
121 124 43 78 4 -0.000363452913 -2.92556334
0 0 0 0 2 -0.254536867 7.61682653
119 121 149 157 1 -0.000246148062 -4.4084301
76 81 59 66 1 -0.000231733982 -4.81687689
100 105 60 65 1 -7.61736592e-05 -3.29690099
57 61 104 108 3 -0.000117060772 -5.64265585
17 21 26 29 1 -0.000323754793 -9.10786343
0 0 0 0 2 -0.0342844836 7.76428699
87 88 113 121 2 -8.10621896e-06 -8.47156048
91 93 64 73 2 -7.98701512e-06 -8.76185036
97 101 74 82 2 -2.27689052e-05 -5.90617514
141 149 101 132 0 -5.53126374e-05 -3.77385283
50 52 60 64 1 -1.7166094e-05 -6.92854309
115 119 141 149 2 -9.38163212e-05 -7.03238726
83 85 54 61 2 -1.39474569e-05 -9.92767715
80 84 95 130 4 -0.000317801489 -0.377489239
99 99 116 125 2 -0.00102776522 -2.66032004
54 58 74 109 2 -1.82389667e-05 -7.75272179
29 35 47 54 1 -5.74580918e-05 -7.26403427
43 45 84 88 3 -0.00128938328 -3.33253908
0 0 0 0 1 -0.66360265 9.02797985
41 47 83 118 1 -0.000217311783 -5.51344776
0 0 0 0 2 -0.00560921337 6.08326864
95 103 173 181 3 -0.000148650928 -6.12720346
141 146 156 159 0 -3.39745093e-05 -4.47342062
0 0 0 0 3 -0.185606048 8.66486835
0 0 0 0 2 -0.675438464 7.9959445
60 62 47 53 2 -3.6239464e-05 -3.79991579
75 78 34 38 2 -3.77891556e-05 -8.82989979
113 116 40 75 3 -0.000305400405 -4.48385811
119 123 89 92 0 -0.000134822956 -4.68667316
136 140 39 41 2 -9.44126878e-05 -5.28649855
22 26 34 69 2 -9.62004051e-05 -8.55273342
102 106 122 129 4 -4.08885571e-05 -2.82351756
123 131 25 60 2 -3.74314732e-05 -7.91240025
0 0 0 0 2 -0.000626950932 7.08485794
0 0 0 0 3 -0.0253506508 7.35005331
44 45 90 96 3 -0.000465228921 -4.3448348
30 34 49 84 1 -9.11940951e-05 -6.1547122
113 113 127 142 2 -2.83716563e-05 -6.79727221
77 81 173 204 4 -0.00390037615 -0.605541229
125 129 69 104 4 -6.67567438e-05 -0.894618452
135 140 58 63 2 -0.00598643022 -7.71616268
0 0 0 0 3 -0.683404267 10.2936726
45 49 58 67 3 -1.94310487e-05 -6.83082771
44 48 80 111 3 -5.18556953e-05 -4.18982363
120 124 70 105 4 -8.80947409e-05 -1.07278216
0 0 0 0 1 -0.00329428283 7.86216593
131 134 43 45 0 -7.21208926e-05 -2.8879478
139 141 114 129 2 -4.61337404e-05 -6.99390697
80 84 18 22 2 -3.19479332e-05 -5.14569569
41 42 100 107 1 -0.000393695605 -5.66709757
30 36 60 62 1 -8.73788667e-05 -7.13911486
71 71 145 151 3 -0.000206460434 -5.94933748
113 114 56 91 2 -1.09672355e-05 -9.62868309
167 174 54 69 2 -1.56163842e-05 -7.78255558
111 118 154 162 0 -0.000134226124 -2.83359504
46 49 105 110 1 -7.39089301e-05 -5.01805496
78 78 126 130 2 -0.000118610915 -6.47576904
0 0 0 0 2 -0.00253695855 7.7930131
36 42 87 94 1 -0.000126240222 -6.00218153
0 0 0 0 3 -0.475610822 9.91716766
105 107 118 126 2 -1.83581742e-05 -7.18559217
0 0 0 0 1 -0.0426213033 8.15700531
45 49 110 145 3 -0.000173684355 -5.86791801
117 119 65 80 3 -0.000275601109 -6.07047224
139 142 51 55 3 -3.12326993e-05 -5.20692921
46 49 112 123 3 -0.00115549995 -4.33965921
0 0 0 0 1 -0.119768053 8.23635769
91 93 103 138 2 -2.08615293e-05 -7.0368228
36 41 47 82 1 -0.000855649181 -7.70628786
0 0 0 0 2 -0.317492694 6.83610678
64 72 84 91 2 -9.00020386e-05 -3.27769423
95 100 130 136 0 -2.3364928e-05 -3.60093951
147 147 223 232 4 -0.0019365137 -3.3013711
104 109 67 90 1 -0.00018905451 -7.73266125
142 144 52 56 2 -6.55650638e-06 -7.27482557
0 0 0 0 3 -0.016611727 -0.177415341
102 106 141 150 2 -0.000139948941 -4.83407927
32 33 90 125 1 -0.000208960424 -5.21997643
165 168 181 187 4 -7.67700258e-05 -2.18044662
132 132 89 96 2 -2.24112864e-05 -6.13807392
82 88 57 61 2 -3.29015893e-05 -8.77407646
50 51 33 40 2 -0.000105736981 -4.62192249
0 0 0 0 2 -0.460517883 11.1581049
46 51 63 98 1 -0.000119088152 -5.58462667
0 0 0 0 4 -0.269268274 7.45627117
0 0 0 0 2 -0.000942894083 4.70579195
147 149 102 133 2 -4.55375848e-05 -4.62190151
115 118 93 99 4 -7.91541679e-05 -1.92661703
136 144 63 98 0 -0.000209444959 -4.29649496
150 160 113 115 0 -0.00031302523 -3.05286074
161 165 50 52 3 -0.000636603567 -4.41211748
92 97 157 188 0 -0.00032852235 -3.70166016
43 49 58 63 1 -4.60144984e-05 -5.1653285
173 180 98 106 2 -0.000285137387 -3.37810755
0 0 0 0 3 -0.611887336 10.7935495
124 126 39 74 1 -0.000117061951 -5.77507687
69 73 40 47 4 -0.000118015545 -2.27956128
59 65 131 137 0 -0.000308613788 -4.94196224
0 0 0 0 2 -0.225920171 8.6181097
151 153 68 91 3 -0.000136491988 -5.65681267
105 110 128 163 1 -4.64913246e-05 -6.02808475
86 86 27 38 3 -5.06635406e-05 -4.64674664
77 77 26 37 3 -5.92465149e-05 -4.61632967
118 123 43 48 1 -4.54184592e-05 -6.53325224
115 120 140 145 3 -4.06501567e-05 -5.42173147
44 48 59 62 3 -6.52069284e-05 -4.53991699
120 124 93 98 2 -7.1286544e-05 -3.72061992
164 167 81 84 1 -0.000144716338 -5.54556704
128 131 143 178 3 -0.000438065501 -6.68101168
0 0 0 0 2 -0.0202670004 7.38264561
136 141 34 69 2 -0.000487529207 -3.85034871
128 128 67 82 2 -1.76429403e-05 -6.56766891
0 0 0 0 2 -0.799480796 9.99277973
0 0 0 0 2 -0.253947109 9.37715435
53 53 67 102 2 -0.000261171284 -6.48026371
122 129 138 140 1 -0.000403620885 -4.04822493
48 50 64 68 2 -2.70603759e-05 -5.29970074
0 0 0 0 2 -0.00605979282 8.07355785
45 48 151 186 2 -6.80676094e-05 -6.81520748
59 59 31 35 2 -3.8981234e-05 -8.93880081
0 0 0 0 2 -0.15045099 10.0085964
107 107 119 124 2 -1.57355989e-05 -6.67595673
60 61 73 108 2 -0.000598138315 -2.86595273
49 49 127 130 2 -0.000219095105 -3.06739068
83 87 24 59 4 -0.000281795685 -1.4706409
110 113 78 89 0 -5.56703017e-05 -3.31346154
46 46 112 114 2 -0.000100968886 -5.14897203
107 108 76 87 3 -3.99349374e-05 -5.65304518
137 143 97 120 1 -4.98291847e-05 -5.72380257
0 0 0 0 2 -0.12480922 9.44210243
44 48 90 94 1 -4.31535227e-05 -6.25259495
128 133 55 63 4 -4.88755541e-05 -2.57466745
0 0 0 0 2 -0.513856351 7.6135273
0 0 0 0 2 -0.514676929 9.0021944
56 60 72 83 1 -7.17633375e-05 -6.05418396
0 0 0 0 2 -0.00727427006 1.61437428
62 62 28 36 3 -0.000900759711 -3.72460532
65 69 100 101 2 -0.000135657931 -3.5138545
87 92 137 172 0 -0.000139114272 -3.70754814
185 189 71 106 2 -0.000436634815 -2.55914092
102 105 121 127 2 -0.000149245228 -3.62346864
121 123 131 135 2 -7.87964091e-05 -3.07271385
63 64 82 88 3 -2.30073256e-05 -4.67456675
162 162 79 114 3 -5.63854665e-05 -5.03585672
133 136 107 111 3 -1.95502616e-05 -5.38593864
132 140 59 94 2 -3.63586259e-05 -9.33631992
133 134 180 215 3 -0.000284780923 -9.25033188
55 57 95 98 3 -0.000154134497 -4.6808033
0 0 0 0 2 -0.00881797075 6.52867603
128 130 76 111 2 -0.000146862265 -7.45032215
43 47 59 62 3 -0.00108140951 -7.35920382
0 0 0 0 2 -0.0801328197 9.19984627
48 52 66 73 2 -1.43050947e-05 -4.40441227
100 106 124 129 1 -7.11671164e-05 -4.32412481
109 109 59 94 4 -0.000140307253 -3.16110826
0 0 0 0 3 -0.150825828 8.50415802
41 44 72 75 4 -0.000781096169 -2.19328475
90 90 44 79 3 -2.25304866e-05 -5.29685211
134 134 81 88 3 -2.36033738e-05 -5.19022942
0 0 0 0 2 -0.498951018 8.50045872
46 54 59 67 1 -0.000131724257 -10.5661974
143 146 61 67 2 -0.00012719362 -4.00972271
43 47 64 79 1 -4.01733378e-05 -5.19798946
107 111 139 146 0 -0.000315529702 -1.56253231
0 0 0 0 1 -0.439898521 10.0764894
26 32 96 98 0 -7.98694309e-05 -3.64891982
129 133 26 61 1 -6.25840621e-05 -7.2935915
112 116 130 137 3 -3.51665585e-05 -5.28380442
137 137 53 60 3 -3.51665949e-05 -7.21709538
107 112 62 97 4 -6.84251136e-05 -1.69246674
62 66 105 140 1 -0.000229351586 -6.44655466
99 99 53 88 3 -1.7166105e-05 -5.17740202
109 112 126 131 1 -9.32205439e-05 -3.96364808
106 107 44 53 3 -6.44916436e-05 -5.01752234
0 0 0 0 1 -0.0742087737 9.17183018
113 117 73 88 0 -4.74449807e-05 -4.01146889
0 0 0 0 2 -0.00822831504 8.48099613
101 106 123 127 1 -9.16706995e-05 -4.55509567
61 62 105 136 3 -9.29822054e-05 -4.94960022
48 48 62 67 4 -0.000454757188 -2.42844653
97 99 161 196 2 -2.10999879e-05 -8.95230293
112 112 86 91 3 -2.50338398e-05 -5.2393775
0 0 0 0 1 -0.429590583 8.06009388
182 183 111 142 2 -0.000163193617 -5.7910099
39 48 104 135 0 -0.00052578107 -2.83287096
142 144 95 130 3 -0.000171298219 -8.58309364
112 116 66 73 2 -0.000583711022 -4.65470409
56 59 68 71 0 -0.00015437197 -2.79571128
0 0 0 0 2 -0.0102270655 6.599545
0 0 0 0 2 -0.00414336985 6.16457891
58 66 143 151 1 -0.00101281854 -2.60661197
0 0 0 0 3 -0.000601481239 0.553035438
96 99 115 150 4 -0.00013458528 -2.43038034
56 63 103 111 0 -7.15248825e-05 -3.35482407
0 0 0 0 3 -0.0489348136 7.14704657
0 0 0 0 3 -0.708121359 7.52193022
123 126 148 155 1 -0.000700008357 -5.79068899
34 35 43 74 3 -0.000191445113 -6.75655794
38 38 52 60 3 -2.59875433e-05 -3.53804326
0 0 0 0 4 -0.0152299693 5.88379526
132 136 57 92 0 -7.39091629e-05 -3.63990521
0 0 0 0 2 -0.471631378 7.51860809
0 0 0 0 2 -0.159798458 7.38661432
67 74 99 106 1 -7.99880727e-05 -6.65302229
45 52 61 68 2 -4.72064639e-05 -4.82941246
54 58 71 79 4 -3.73123512e-05 -2.94706106
107 114 85 95 4 -0.000127908133 -2.67145348
64 69 77 82 2 -1.1324868e-05 -5.70346308
35 39 48 50 3 -2.67027754e-05 -4.62297201
142 146 114 121 1 -6.61606682e-05 -7.29734421
0 0 0 0 2 -0.0254468098 8.93359566
130 139 74 109 1 -3.32592535e-05 -4.92367029
0 0 0 0 3 -0.345836312 8.60910988
201 209 62 97 2 -6.07961847e-05 -5.06580114
46 47 61 66 2 -6.38956699e-05 -3.99700499
64 69 43 47 2 -6.2464831e-05 -4.87151909
161 163 171 182 2 -4.88751684e-05 -5.59529161
75 75 40 55 2 -0.000141141267 -7.23191452
81 87 93 101 3 -1.4543506e-05 -5.22727633
56 61 41 43 1 -0.000110146728 -3.63217092
85 90 120 124 0 -0.000170941101 -3.41881204
134 141 40 63 0 -0.000191919476 -5.1020484
48 52 149 154 3 -4.32725428e-05 -5.77907848
66 70 118 153 2 -2.67027717e-05 -7.14483356
92 97 69 75 2 -1.80005591e-05 -6.43416882
0 0 0 0 0 -0.118506715 10.1425009
131 137 50 54 2 -3.81467544e-05 -6.145082
0 0 0 0 3 -0.682092667 9.82935905
24 30 83 94 0 -0.000243416347 -3.45098686
46 46 128 135 3 -2.57491101e-05 -3.76915073
227 228 172 207 2 -0.000545210554 -7.47081709
133 136 87 91 3 -0.000247470249 -4.20889568
44 44 56 60 2 -2.5629919e-05 -5.696908
0 0 0 0 2 -0.0609745905 9.26878071
136 136 63 94 3 -3.63586805e-05 -5.78094149
113 117 102 107 4 -8.47569027e-05 -1.2590661
136 140 112 117 2 -3.2663218e-05 -5.42993069
0 0 0 0 2 -0.0914968252 6.9347043
61 62 73 108 2 -2.67028008e-05 -5.3832407
119 122 141 144 2 -9.95380688e-05 -3.24140906
133 137 60 67 2 -0.000197282017 -4.54165316
158 158 102 137 3 -0.000210278507 -5.32114267
0 0 0 0 2 -0.0863584355 10.3948641
0 0 0 0 4 -0.0415828191 7.61492157
60 62 190 225 1 -0.0014745174 -6.53677368
91 91 41 76 3 -0.000100730562 -4.24775934
54 59 95 97 2 -4.45840233e-05 -5.62427092
109 113 60 95 2 -7.39096686e-06 -10.4394121
120 122 94 101 2 -0.000111220223 -4.10335684
0 0 0 0 2 -0.3449049 9.85223484
0 0 0 0 1 -0.126543701 5.5410676
118 122 135 142 3 -0.000161405595 -5.1034565
221 225 198 204 0 -0.000300146523 -3.63378406
52 56 74 81 4 -5.73391881e-05 -1.6412257
17 27 31 36 0 -0.0175606497 -6.69113064
99 106 117 125 3 -7.41467084e-05 -6.15971231
26 33 81 90 1 -6.31802759e-05 -6.2742486
114 118 208 214 4 -0.00396133028 -1.35984457
0 0 0 0 1 -0.0435959324 8.43528366
74 74 144 167 2 -0.000603882945 -5.71738768
126 126 81 116 2 -0.000112889509 -5.34637737
0 0 0 0 2 -0.311047852 8.73777294
0 0 0 0 2 -0.487612605 8.41868019
0 0 0 0 3 -0.0488056652 6.34105206
115 119 96 100 4 -5.61472043e-05 -1.23658776
0 0 0 0 1 -0.00284969015 6.91940832
173 177 127 135 3 -0.000713626097 -4.33947611
40 44 47 58 3 -0.000670591951 -5.92150974
50 53 126 133 2 -0.000259744818 -3.66596007
97 98 106 110 2 -1.3709021e-05 -6.40781832
98 98 42 57 3 -4.83985277e-05 -6.20521355
88 95 35 70 0 -2.57490829e-05 -5.24764347
0 0 0 0 4 -0.000419350166 3.79285359
0 0 0 0 2 -0.272275895 8.79868889
58 68 81 86 0 -0.00190018828 -1.38447702
0 0 0 0 2 -0.00654329406 6.6761694
161 165 82 105 2 -0.000160093972 -5.36881971
82 89 45 51 0 -3.08750641e-05 -4.79063988
96 100 78 83 2 -7.29553722e-05 -3.83262539
48 56 71 74 3 -0.000757848611 -3.80186081
0 0 0 0 2 -0.138930008 8.72792912
0 0 0 0 0 -0.0233044792 5.52039242
0 0 0 0 2 -0.515486956 9.23814678
122 123 138 144 2 -0.000603823166 -2.84263206
28 32 38 61 3 -0.000698006479 -9.25236511
0 0 0 0 1 -0.462413371 11.2236032
116 119 73 84 2 -0.000373463437 -4.16606426
30 31 41 47 2 -3.54049553e-05 -5.74369526
0 0 0 0 2 -0.63692373 1.91617548
83 83 110 145 3 -0.000180836039 -8.12520695
65 68 24 59 2 -3.85044077e-05 -5.51797009
86 87 95 118 2 -0.000103353057 -6.20354843
0 0 0 0 2 -0.0270897578 4.39803505
117 119 34 41 1 -0.000123259233 -2.24548912
0 0 0 0 3 -0.0164490044 8.3473959
233 236 101 132 2 -0.00690726656 -3.71151805
37 42 92 107 3 -0.000116942567 -4.07224703
128 130 37 68 2 -6.61605445e-05 -6.81181192
110 116 40 75 3 -3.26632216e-05 -5.11483812
104 104 111 116 3 -5.85310081e-05 -4.04466295
129 135 63 70 2 -1.12056587e-05 -5.73945713
70 70 49 58 3 -1.27553758e-05 -7.52805805
48 50 101 112 2 -8.2610386e-05 -4.97808361
84 84 90 125 3 -0.000102041486 -4.97733212
76 84 62 71 1 -0.000158782233 -5.16191387
0 0 0 0 3 -0.915080011 7.64123297
43 44 50 65 1 -2.99213989e-05 -4.98189926
91 92 105 120 2 -0.000294911442 -3.89013743
92 94 56 63 2 -3.44512882e-05 -5.37491608
47 47 62 66 2 -2.01463081e-05 -4.76960659
60 62 49 54 2 -2.08615693e-05 -5.57855034
47 47 62 97 2 -3.51665803e-05 -5.64648008
0 0 0 0 3 -0.49027735 7.31208229
88 92 108 123 4 -0.00021063743 -2.00949717
50 52 130 153 1 -0.000340204744 -4.12287998
59 65 77 92 3 -2.5868334e-05 -6.20695829
0 0 0 0 0 -0.0676547587 12.463645
69 71 32 39 2 -3.09942297e-05 -6.05388308
123 125 107 113 2 -4.0650164e-05 -5.73379421
57 59 67 82 2 -1.82389795e-05 -4.24518728
17 18 22 30 2 -0.0113056358 -6.75391388
105 105 116 121 3 -0.000348671543 -4.42973232
80 80 119 154 3 -9.85846782e-05 -4.72638416
107 113 127 134 0 -4.47032071e-05 -3.17219782
41 44 52 63 2 -1.40666643e-05 -5.30673885
84 88 132 143 3 -0.000203126256 -6.01883411
0 0 0 0 4 -0.0439715572 7.1840601
142 150 72 76 3 -0.000374296331 -4.80518198
106 112 65 70 1 -0.000166410813 -4.500772
0 0 0 0 2 -0.200588837 8.30901718
38 42 68 103 2 -0.000130173386 -4.89289665
70 74 85 92 1 -6.58028948e-05 -3.79540038
184 190 201 207 0 -0.00040087488 -4.02563238
164 165 51 86 4 -0.000675015559 -2.46942401
22 28 35 70 0 -0.0226035174 -5.1515193
69 73 82 89 1 -0.000110028719 -4.92885494
0 0 0 0 2 -0.642479122 9.97390461
105 109 39 70 2 -1.81197502e-05 -7.52212286
0 0 0 0 2 -0.00323085347 6.43569803
0 0 0 0 2 -0.244265363 9.08576679
104 104 208 211 3 -0.000565109425 -3.92726517
149 153 94 129 3 -0.000106809974 -4.89746237
0 0 0 0 3 -0.00513947243 6.54082298
80 84 115 120 3 -7.55776709e-05 -4.47739506
0 0 0 0 3 -0.0138195967 7.17716599
161 169 62 97 0 -6.43724925e-05 -4.08090305
58 58 76 111 2 -5.53127393e-05 -7.32724667
109 112 121 136 2 -0.00233939546 -3.21318865
0 0 0 0 2 -0.282652587 9.80114174
87 92 101 136 2 -0.000381186779 -2.91577768
63 64 189 224 2 -0.0716590434 -4.8027029
105 111 121 128 1 -4.95907007e-05 -4.80711222
40 46 55 90 2 -3.48088797e-05 -7.88282585
134 134 55 59 3 -3.8385213e-05 -6.6987462
120 123 93 108 3 -2.51530328e-05 -6.65331459
111 113 36 40 2 -9.05989327e-06 -6.67154312
163 164 131 139 2 -1.07288224e-05 -7.68721437
86 86 97 102 3 -1.58547973e-05 -5.46790981
42 45 64 71 0 -3.51665985e-05 -3.67835474
0 0 0 0 3 -0.40357551 10.7452822
43 51 55 58 2 -0.00047090149 -7.42510843
78 80 48 54 1 -3.77890683e-05 -6.01563215
107 111 60 95 3 -0.00155341439 -3.79968047
0 0 0 0 2 -0.0148467245 8.81184673
124 128 46 81 3 -0.000213497231 -4.70914459
0 0 0 0 1 -0.0153019708 8.95212936
115 120 93 100 2 -0.000161761011 -5.25370884
113 120 41 72 1 -0.000188584134 -3.84754086
58 62 131 166 2 -0.000186199599 -6.64408493
51 53 77 112 2 -0.000285609305 -5.7392416
116 122 66 101 1 -6.56837947e-05 -6.68940163
50 50 55 59 4 -0.108093753 -2.2356317
0 0 0 0 1 -0.947984636 7.73949003
64 69 86 90 1 -9.42930346e-05 -5.20092678
96 97 41 76 2 -1.50203241e-05 -6.98080206
94 98 114 149 2 -0.000310761621 -3.22640657
110 116 128 135 1 -0.000160452008 -5.68162632
131 136 102 105 1 -9.09553346e-05 -5.16288328
0 0 0 0 1 -0.377825022 9.12570953
167 167 101 109 3 -2.39610072e-05 -5.4087882
118 125 96 104 0 -0.000268210017 -2.16980267
69 73 24 59 4 -0.00190041866 -1.73797154
0 0 0 0 2 -0.047859937 10.0261297
89 91 42 77 2 -6.71141097e-05 -5.17998838
108 111 123 126 2 -9.97767347e-05 -3.28226304
76 80 55 61 3 -4.07693442e-05 -5.27324677
111 117 83 90 1 -0.0028701541 -3.0864737
111 113 59 94 1 -7.41473705e-05 -8.68895435
89 96 68 76 0 -1.35898354e-05 -4.31944752
153 155 96 119 2 -4.98289228e-05 -8.25838947
100 104 114 119 3 -2.13384046e-05 -5.10280418
74 77 141 145 2 -0.00353220385 -4.63427496
58 61 125 160 3 -0.00174889562 -5.30604506
121 125 81 86 0 -0.000107166365 -2.29398823
128 131 51 55 2 -1.77621259e-05 -6.53489161
70 73 87 102 3 -8.65447364e-05 -5.31825256
0 0 0 0 4 -0.0405934677 8.69810009
96 100 30 65 4 -8.60682485e-05 -0.870383441
45 51 62 64 0 -3.07558694e-05 -4.01508904
0 0 0 0 2 -0.00545846764 6.08602715
57 60 94 98 3 -3.56434357e-05 -5.17650795
62 67 73 78 0 -2.40802128e-05 -3.80342603
129 129 95 102 3 -3.60009799e-05 -4.61915636
117 120 190 213 2 -0.131856278 -2.24025369
92 93 124 159 2 -7.10481036e-05 -8.01305866
63 63 38 49 2 -7.61740375e-05 -5.6252284
112 112 33 68 4 -0.000633662334 -1.34541357
41 43 58 81 2 -4.24380196e-05 -8.10825443
174 180 150 154 2 -0.0045477408 -2.38898039
66 71 47 54 2 -0.000115154413 -3.97565007
0 0 0 0 2 -0.0030600226 6.62315512
89 94 106 141 3 -0.000631877861 -3.28099155
99 107 126 131 1 -0.000100015037 -5.34245253
102 105 113 120 2 -3.05174617e-05 -4.67217779
147 148 64 68 2 -0.006893388 -1.31685793
0 0 0 0 2 -0.00765193999 6.49091339
124 124 78 83 4 -0.00055725727 -2.4288609
106 106 121 126 3 -2.68219737e-05 -6.03983688
0 0 0 0 2 -0.516681671 8.38278294
0 0 0 0 0 -0.155014321 11.5418882
0 0 0 0 2 -0.00107152457 7.07152081
0 0 0 0 3 -0.0296817329 9.42065048
75 75 102 109 3 -2.3364928e-05 -5.61837006
0 0 0 0 2 -0.468046188 8.51307583
0 0 0 0 3 -0.559269607 10.6839905
0 0 0 0 4 -0.936450243 10.7135372
53 53 65 100 4 -0.000109432542 -3.27934217
126 129 104 111 2 -0.000149962536 -2.43191576
15 19 24 28 4 -0.0237987731 -3.00292706
121 125 139 148 3 -8.39219138e-05 -6.18234968
105 109 124 128 3 -0.000114080096 -6.32637548
93 93 106 111 2 -4.60145384e-05 -5.13206577
96 99 73 78 3 -0.000267972209 -4.78197432
138 140 78 101 3 -0.000120994751 -4.42571449
110 115 37 72 0 -5.35245526e-05 -4.27595329
30 30 47 51 2 -1.09672383e-05 -7.19788551
101 106 36 71 2 -3.83852021e-05 -5.29753876
0 0 0 0 1 -0.00586042833 8.03179741
47 53 112 118 2 -7.31930195e-05 -6.22333717
0 0 0 0 3 -0.0405395776 9.99180317
60 64 107 122 1 -5.8888756e-05 -5.37670183
195 199 152 175 0 -0.000146503939 -3.37883234
124 124 140 175 2 -0.00170207105 -4.28426075
33 37 90 94 3 -2.37225613e-05 -5.14028263
80 85 98 104 3 -0.000261640642 -5.06393194
107 111 48 83 4 -0.000111220397 -3.22011065
130 134 75 110 1 -0.000131962588 -4.96306372
110 112 126 129 3 -1.8715813e-05 -6.18322754
48 49 62 73 3 -2.49146615e-05 -5.17735767
105 111 122 133 2 -7.98701512e-06 -6.70009804
70 70 77 88 3 -7.74847649e-05 -5.88256645
116 118 97 105 1 -3.56434248e-05 -4.22562313
105 108 141 147 2 -9.56043732e-05 -3.74924731
164 164 120 123 3 -0.000129339824 -3.62944317
130 130 52 59 3 -1.01327705e-05 -8.4042778
0 0 0 0 1 -1.12693715 9.49404335
141 145 120 127 2 -8.95246485e-05 -3.75090718
0 0 0 0 2 -0.272020012 9.70925331
105 109 124 128 1 -0.00013148482 -5.53955317
92 100 112 117 3 -1.91926483e-05 -5.5098424
136 136 60 95 3 -2.89677409e-05 -4.36195135
129 134 86 95 4 -4.55376976e-05 -2.87291932
87 92 51 66 3 -0.000508510973 -4.24321461
102 102 113 144 3 -5.06635042e-05 -4.75023603
109 117 52 67 1 -0.000116942509 -6.43385649
57 61 175 210 2 -0.000115629198 -8.03569126
108 110 87 91 2 -4.92331164e-05 -8.79596996
123 127 45 56 3 -0.000998952193 -2.71608639
70 75 134 169 3 -0.000214332365 -6.20874882
95 99 116 139 1 -0.000215523323 -6.10864019
99 106 124 159 1 -0.000110147092 -6.38078833
108 112 51 57 2 -3.170946e-05 -6.1397748
180 181 85 120 3 -0.0016159222 -4.2669301
123 127 76 80 0 -3.0159832e-05 -5.21342421
107 108 123 128 3 -7.67700112e-05 -6.26379108
112 112 121 125 4 -0.000150555716 -2.99728823
150 152 66 74 2 -2.06231507e-05 -7.8876195
107 107 121 144 3 -2.67027517e-05 -6.40230942
173 176 103 110 2 -9.36974247e-05 -4.60133982
0 0 0 0 2 -0.00170114497 7.04871607
166 167 205 240 3 -0.00634417683 -4.84874964
88 88 32 67 3 -5.12596598e-05 -6.11238098
98 102 153 188 2 -4.10076645e-05 -7.41812086
0 0 0 0 1 -0.00377278938 5.77990961
128 133 76 111 1 -5.04252457e-05 -5.88108444
11 19 88 123 0 -7.55775254e-05 -3.74539065
0 0 0 0 3 -0.0300022699 4.78322124
0 0 0 0 3 -1.34054899 7.94939089
114 118 30 65 3 -0.000731509877 -4.18832397
93 94 48 83 1 -5.8173664e-05 -5.11268997
23 26 63 70 1 -0.0001020411 -2.23283648
78 78 88 95 3 -0.00018214478 -4.68604708
64 67 84 99 2 -0.000100372781 -5.00353622
0 0 0 0 2 -0.00442744652 8.08035851
115 115 70 77 3 -0.000241270056 -4.03735304
90 94 74 80 1 -0.000214928776 -5.26965141
0 0 0 0 2 -1.02187133 9.0777607
45 48 81 112 1 -6.93789334e-05 -6.87230444
0 0 0 0 3 -0.0185084064 8.64891529
16 20 24 59 2 -0.00015901943 -6.3928833
104 108 120 127 3 -0.000124451864 -5.23466635
67 68 107 142 2 -0.000113723705 -8.55709934
116 118 137 144 3 -0.000276776176 -7.53771257
99 101 113 144 1 -0.00016974959 -5.09174871
129 136 107 114 0 -5.63856083e-05 -4.76526642
78 85 55 59 0 -2.09807713e-05 -4.46121454
35 43 149 156 0 -9.34586278e-05 -4.03312778
35 37 70 105 2 -2.52722893e-05 -7.32017183
17 17 38 46 3 -0.00015139312 -4.52449703
42 46 96 131 3 -0.000107286913 -5.37916899
86 88 100 106 2 -4.36302798e-05 -5.88641548
49 53 69 72 1 -0.000648873858 -4.84307909
80 83 49 60 1 -5.7219946e-05 -5.79635906
135 140 87 122 0 -3.21863627e-05 -7.31656885
96 96 63 73 2 -5.42396883e-05 -4.77787495
73 74 51 58 3 -3.01598411e-05 -5.67252874
62 64 41 43 1 -6.74719631e-05 -4.6969552
29 30 70 105 1 -0.000168081227 -3.607198
42 47 65 76 2 -4.13652742e-05 -4.84759998
58 65 43 48 1 -3.60010599e-05 -7.81790733
99 101 122 126 2 -2.16960325e-05 -5.19712639
228 232 100 104 2 -9.13127078e-05 -5.25976419
133 135 66 72 2 -3.30208422e-05 -4.52278042
12 12 17 21 4 -0.0011627184 -2.4867146
12 17 21 28 0 -0.00703399954 -5.21149826
132 135 104 115 4 -9.71543923e-05 -2.65616274
83 87 65 71 3 -4.83986732e-05 -5.35010862
65 66 79 114 3 -0.000113959431 -6.84400988
72 72 37 60 4 -4.29151041e-05 -1.95884681
50 51 107 122 2 -6.44915272e-05 -4.30138683
55 59 41 48 4 -8.28496413e-05 -2.05438232
158 159 31 37 3 -0.000246394018 -5.33293772
103 105 80 88 2 -8.32072328e-05 -3.31254792
56 64 109 120 2 -6.43729527e-06 -8.27954292
68 77 46 54 1 -5.07828699e-05 -6.87405872
49 50 132 134 4 -0.000153062007 -3.24172235
46 49 69 80 3 -7.14053749e-05 -5.01656294
57 60 70 81 3 -2.69412121e-05 -5.2440877
50 53 62 67 2 -6.13923403e-05 -4.47037458
47 50 54 85 1 -0.000378935132 -3.2153101
89 93 101 105 1 -2.80140666e-05 -6.82111502
38 39 43 45 2 -0.00244760839 -9.38756561
105 107 57 92 2 -1.44242822e-05 -6.80256081
121 133 41 76 0 -3.64778607e-05 -5.22319889
49 52 37 43 2 -3.92196853e-05 -4.34572744
59 64 72 107 3 -0.000365348067 -5.73024464
86 90 52 59 0 -4.57760179e-05 -3.77170372
133 133 71 76 3 -0.000106690815 -4.09799337
56 57 75 78 3 -8.77366401e-05 -5.53453493
60 60 77 112 3 -8.05844757e-05 -3.88317323
54 58 70 74 2 -3.81467726e-05 -4.41690779
49 50 103 138 2 -5.94848643e-05 -6.81770945
109 113 62 93 2 -3.75507116e-05 -5.92805386
79 79 95 130 3 -2.32457405e-05 -6.07979488
96 102 113 120 0 -2.95637528e-05 -3.79049158
107 107 82 91 3 -1.34706288e-05 -5.95271015
137 138 67 70 3 -4.39879186e-05 -6.01580191
21 21 55 62 3 -6.05578207e-05 -4.30361032
37 37 95 106 3 -0.000729255436 -3.83489203
4 5 8 43 3 -0.0246332493 -2.55840516
82 83 52 67 3 -0.000123855469 -6.67761803
57 57 130 132 2 -0.000410047127 -2.95430684
86 87 108 119 3 -9.73927454e-05 -3.90351558
29 31 35 50 2 -0.00128568104 -6.03666401
43 43 98 121 3 -3.93388837e-05 -4.62672138
86 89 117 124 2 -9.04786284e-05 -3.69821239
115 115 41 46 2 -2.25304975e-05 -6.9529829
35 38 71 106 2 -1.8954237e-05 -7.28026628
59 61 144 175 2 -0.000420545868 -3.7729845
65 67 75 79 2 -2.36033775e-05 -5.68941975
42 47 59 94 1 -5.44782088e-05 -6.14997625
46 46 66 101 3 -3.30207113e-05 -7.14015102
82 82 148 183 3 -0.000227682729 -5.89384794
89 92 22 45 1 -4.37494964e-05 -8.50984764
56 56 106 111 2 -0.000276433537 -5.28142977
146 146 95 130 3 -1.96694873e-05 -7.41641188
49 49 74 81 3 -3.89812703e-05 -4.33166361
92 94 103 134 1 -0.000677610689 -2.99051857
90 90 48 83 2 -0.000321729691 -7.23508835
113 116 76 91 2 -7.05704151e-05 -6.21725321
17 18 39 46 2 -0.000414768117 -5.63016033
15 18 71 102 1 -0.00264210603 -2.52677727
103 104 65 70 2 -0.000261051842 -5.43239546
77 78 145 148 2 -1.3351415e-05 -6.49003267
39 40 60 83 2 -0.000126836152 -5.86817026
0 0 0 0 3 -0.0398702547 8.01566696
0 0 0 0 3 -0.0225842129 7.59606647
0 0 0 0 2 -0.333476514 8.93161106
0 0 0 0 3 -0.0170837436 7.44022322
0 0 0 0 2 -0.299005628 8.87979794
0 0 0 0 3 -0.0317515433 2.61988211
0 0 0 0 2 -0.00836193841 9.44719791
0 0 0 0 2 -0.104951575 9.18424606
0 0 0 0 3 -0.0107879564 7.53746796
0 0 0 0 2 -0.736507237 10.1174173
0 0 0 0 2 -0.69999969 7.38465738
0 0 0 0 3 -0.699621618 8.93598652
0 0 0 0 2 -0.0153334253 8.123209
0 0 0 0 0 -0.0788536817 11.0742121
0 0 0 0 2 -0.453420252 9.48052788
0 0 0 0 3 -0.0656833202 8.91262913
0 0 0 0 2 -0.00677562412 7.68638849
0 0 0 0 2 -0.0134434169 7.58468342
0 0 0 0 2 -0.0641677305 7.35517645
62 66 102 110 1 -2.16960361e-05 -5.58590794
84 93 65 72 0 -4.11268556e-05 -3.57182384
0 0 0 0 2 -0.156466633 10.4620047
130 136 151 186 1 -0.000197165617 -6.19733572
97 101 47 82 3 -3.49281872e-05 -6.32009888
43 50 58 61 1 -0.000136850096 -3.73685503
119 121 48 83 1 -6.7233399e-05 -6.04435349
0 0 0 0 2 -0.235008895 10.7745075
68 70 100 105 3 -0.000140425458 -4.19057322
119 122 133 141 0 -0.000346641929 -1.98680925
76 79 39 42 2 -1.13248689e-05 -7.34267282
147 151 59 94 2 -2.27688924e-05 -7.09676027
35 42 52 54 0 -1.33514004e-05 -4.82791567
168 171 130 153 0 -0.000102757054 -4.44975328
56 59 73 84 3 -7.73658176e-05 -5.09429455
41 42 53 60 3 -4.95907407e-05 -5.56483603
131 135 166 197 1 -0.000316247315 -3.01404691
142 143 156 171 3 -0.000181908137 -3.09278345
170 175 59 67 0 -6.17498154e-05 -4.31895447
69 76 84 91 1 -3.27823982e-05 -6.46029568
120 125 140 147 3 -5.6385019e-05 -6.73012733
45 48 58 60 4 -7.72469211e-05 -2.14552641
59 61 83 118 1 -0.000146743812 -5.89113665
0 0 0 0 2 -0.165208071 8.5112915
157 161 104 139 4 -0.000143048805 -0.120223172
78 82 96 127 4 -0.00101504114 -0.886094213
51 51 63 78 4 -0.000496590219 -2.91654873
20 24 55 58 4 -0.000146028367 -1.49294937
0 0 0 0 3 -0.529836118 9.43998337
0 0 0 0 1 -0.0113039995 5.61525393
100 104 39 74 1 -9.73916904e-05 -5.32144165
96 101 157 192 0 -0.000175589274 -3.98201799
0 0 0 0 1 -0.56373179 10.2894926
0 0 0 0 3 -0.0303546228 9.46365452
91 94 120 143 2 -5.85312955e-05 -6.76103544
78 81 42 45 1 -1.9073439e-05 -5.69112301
88 92 109 144 1 -3.92196889e-05 -6.13652039
30 34 75 83 0 -0.000113843169 -2.05715704
67 71 86 88 0 -3.69547124e-05 -4.70355654
0 0 0 0 2 -0.0529792309 2.91381741
93 95 48 49 2 -2.57491265e-05 -4.9969182
209 210 110 112 2 -0.000364164182 -3.44028187
91 97 155 159 0 -0.000113604765 -4.30307961
145 149 30 65 3 -0.000107642416 -7.64422321
0 0 0 0 3 -0.00285418308 5.09163857
151 154 105 111 2 -0.000108358865 -5.41483259
108 114 84 89 1 -8.58297572e-05 -6.03442144
0 0 0 0 1 -0.072700806 8.2965517
10 11 21 29 2 -0.000356655743 -4.2503438
102 104 118 124 2 -9.09554947e-05 -2.28271437
88 96 26 32 1 -3.87428081e-05 -6.0778842
60 65 85 89 1 -9.81080739e-05 -3.45742226
40 44 56 59 2 -0.000123021775 -4.24703693
99 104 136 141 2 -0.000105498853 -5.48161507
0 0 0 0 3 -0.0333390646 8.21066666
57 63 73 78 3 -5.54318831e-05 -6.39197922
85 89 28 63 3 -5.1259678e-05 -5.01544857
45 51 107 142 1 -7.4385367e-05 -7.15292072
130 130 148 183 2 -0.000282158027 -6.94289684
48 51 88 99 2 -9.56044387e-05 -4.36315727
45 51 61 67 0 -5.47165837e-05 -3.3704648
139 139 36 38 3 -0.0001838155 -2.86171722
80 84 99 134 3 -2.53915077e-05 -6.99893475
143 146 93 128 3 -0.00199902849 -3.68339658
35 36 44 51 2 -1.40666707e-05 -5.03642654
164 165 113 148 2 -0.000209801627 -5.23731995
0 0 0 0 4 -0.000443293946 2.14278913
71 75 43 58 3 -0.000300036627 -5.12624454
66 71 51 59 3 -0.000536400243 -3.8753562
89 93 106 113 4 -5.67432799e-05 -2.24103928
98 101 34 41 1 -5.87696777e-05 -7.24911737
48 48 99 134 4 -0.00136159919 -2.89133334
0 0 0 0 2 -0.0147180399 9.28618145
78 78 101 106 4 -0.000154969224 -3.14500856
35 35 101 105 4 -0.000989306602 -2.85251951
104 104 54 89 3 -3.60009435e-05 -6.27622843
195 198 174 180 2 -0.000564645859 -4.32378292
93 94 106 114 2 -0.000224343545 -6.09678125
130 130 83 114 3 -2.16960361e-05 -6.73926067
125 125 186 197 3 -0.000111577654 -6.4375391
93 99 68 71 0 -5.76968814e-05 -2.62283278
49 50 109 111 3 -0.000119326462 -4.74562407
46 50 65 100 3 -9.8584489e-05 -5.98577738
68 72 85 90 1 -6.65181797e-05 -3.85347319
98 101 21 36 1 -7.79618349e-05 -5.75346756
131 137 170 175 0 -0.000197882386 -5.71876192
210 217 130 139 1 -0.0358857438 -4.26029873
126 130 102 108 2 -1.53779656e-05 -6.27300644
83 85 26 33 2 -7.46243313e-05 -7.83292007
40 45 52 87 1 -0.000211822306 -3.66671205
0 0 0 0 2 -0.114817664 7.56306553
0 0 0 0 2 -0.0944602117 9.86998844
128 132 83 118 2 -3.30208422e-05 -4.77035332
61 66 43 47 3 -9.1791062e-06 -6.52434254
62 66 72 79 3 -6.41339429e-05 -7.17995644
0 0 0 0 4 -0.000278821826 0.452646822
79 87 49 56 0 -2.77756117e-05 -6.31880236
57 63 145 180 3 -0.00972291548 -5.10610151
56 60 75 82 4 -9.2385977e-05 -2.89863086
0 0 0 0 2 -0.00641771965 7.53060579
0 0 0 0 1 -0.00171883858 5.88632202
138 142 70 74 2 -6.49685535e-05 -5.12653017
190 191 164 170 2 -2.4914656e-05 -5.59664059
53 56 44 47 2 -2.6583577e-05 -4.37558222
118 122 65 100 3 -9.59620447e-05 -6.88831806
75 75 45 47 3 -0.000105260158 -5.26159573
127 127 78 113 2 -0.00142331433 -5.09009838
0 0 0 0 2 -0.62121892 8.7683363
80 82 38 46 4 -9.40550817e-05 -0.254692197
96 102 47 82 1 -7.79619149e-05 -7.4995141
123 125 48 52 3 -0.00017296712 -4.37334633
25 30 35 39 4 -0.000145074635 -4.01867247
109 112 125 140 3 -8.53529855e-05 -5.67468071
33 40 115 130 2 -3.81467871e-05 -6.46755981
113 115 40 49 1 -5.90074924e-05 -8.26553249
0 0 0 0 3 -0.179452613 9.39806366
126 130 139 146 4 -8.05845484e-05 -2.10835433
104 104 64 99 3 -6.04385823e-05 -9.09387589
158 163 59 94 3 -5.10212703e-05 -5.45294619
0 0 0 0 0 -0.0844885483 10.5039406
25 31 106 109 2 -0.00018250315 -3.34158802
0 0 0 0 3 -0.619739592 10.2412663
73 73 144 159 3 -0.00297310902 -3.62167192
27 30 35 46 2 -0.00296482071 -8.14533997
202 205 158 193 2 -0.000899669481 -4.09412718
0 0 0 0 2 -0.07807789 7.54949474
81 85 24 39 3 -0.000117538439 -4.43854046
207 210 64 99 1 -0.00022338955 -4.32034492
130 139 109 118 1 -8.53518213e-05 -6.12211704
78 81 56 60 4 -3.85044041e-05 -3.34058642
50 55 77 112 2 -5.6027453e-05 -7.83727407
45 52 63 74 2 -0.00188888644 -0.680988967
212 212 96 131 2 -0.00115875842 -5.49622583
37 44 56 63 0 -1.19209089e-05 -4.98875332
62 69 93 99 0 -3.17095037e-05 -2.91559362
46 48 91 126 2 -8.70206131e-05 -4.9901371
41 41 51 58 2 -2.16960143e-05 -5.03983927
68 71 85 96 1 -0.000174636807 -7.11431837
125 129 47 82 4 -0.00026392052 -0.852282047
93 98 48 50 1 -0.000112887348 -5.38917255
164 172 105 140 4 -0.000272026809 -2.84022713
32 34 20 26 1 -0.000192874897 -5.76615953
107 109 90 92 2 -0.00022457751 -7.1675725
96 96 105 113 4 -6.67565109e-05 -2.92003655
46 52 71 78 1 -0.000258674874 -5.6006794
112 116 94 101 0 -6.91407622e-05 -4.53647327
77 77 105 120 2 -1.31130046e-05 -7.19045782
42 45 80 103 2 -5.18556117e-05 -8.00688171
85 88 97 132 2 -0.000288114621 -5.23967838
127 134 57 59 0 -0.000163670527 -1.65866411
173 177 103 111 2 -1.6212427e-05 -5.61000109
139 143 46 52 0 -4.30343316e-05 -3.68131423
22 26 52 58 4 -0.00018357666 -3.27549028
104 110 125 140 2 -5.55509905e-05 -5.04260015
0 0 0 0 2 -0.27587077 9.97552109
77 77 115 122 4 -0.000203008531 -2.49102354
0 0 0 0 3 -0.0053533609 4.84090185
131 131 112 119 2 -4.26766783e-05 -6.00420666
0 0 0 0 2 -0.0414757393 9.78190231
0 0 0 0 2 -0.281612247 8.76530743
119 119 81 87 3 -5.10211794e-05 -3.50738955
33 36 78 86 2 -0.000313267286 -5.05991793
133 136 82 117 3 -2.53914986e-05 -7.95932198
0 0 0 0 2 -0.000830310339 4.41187286
0 0 0 0 2 -0.0752566457 8.92160034
30 41 52 52 0 -9.23857442e-05 -2.28960228
48 55 84 115 0 -0.00148308091 -2.81631351
141 145 158 164 4 -0.000132916175 0.409624785
173 173 115 126 2 -0.000199551578 -4.03677416
44 52 56 62 2 -0.000298009836 -7.03865623
84 87 41 42 0 -9.19090817e-05 -2.67705894
203 206 130 134 2 -3.70738599e-05 -5.20456934
44 52 167 202 2 -0.000451237924 -10.807457
133 137 55 70 2 -2.43186278e-05 -6.13647175
51 54 74 79 0 -0.000746659935 -2.28502607
135 136 123 129 2 -4.68489707e-05 -6.64381218
7 11 17 52 4 -0.000167247228 -0.621173084
62 63 130 165 3 -0.00360603654 -4.8201232
51 54 99 134 2 -1.37090383e-05 -7.4842658
0 0 0 0 2 -0.0777675137 8.60329914
93 96 123 131 2 -0.00122772332 -4.85112143
126 132 195 203 1 -0.000118729964 -5.91112947
52 52 103 112 3 -5.68623655e-05 -6.59454823
41 41 54 89 2 -2.4318615e-05 -8.64456463
76 81 95 130 2 -5.54318831e-05 -5.77067471
93 95 148 151 2 -6.79492314e-06 -9.68874454
30 36 44 79 2 -0.000117415526 -7.67323351
0 0 0 0 2 -0.381090432 10.1950645
107 110 80 87 4 -3.88620392e-05 -1.17160416
115 117 128 163 2 -0.00013827777 -4.5398283
0 0 0 0 3 -0.00394822843 5.00537205
0 0 0 0 1 -0.0243860241 8.52541065
152 152 68 91 3 -7.05711645e-05 -4.47901344
13 21 33 38 2 -0.000204794997 -3.53883147
33 40 76 80 2 -0.000514467712 -2.78360391
11 16 29 36 3 -0.00549864676 -2.63096547
107 112 77 83 3 -0.000906595844 -4.46407032
0 0 0 0 3 -0.00845078472 8.05796623
44 48 219 226 2 -0.000254976447 -5.51332426
116 116 155 159 3 -0.000273092941 -6.21386003
83 89 53 61 0 -4.50606494e-05 -4.39380169
0 0 0 0 3 -0.355546296 8.38095188
121 121 103 110 3 -0.000115989023 -4.1238308
56 60 77 80 3 -0.000380610494 -5.13188076
100 104 163 178 3 -0.000370115915 -4.81627655
90 92 110 145 1 -2.33649516e-05 -8.02182484
0 0 0 0 1 -0.113922484 7.00037766
177 177 126 157 3 -0.000140782489 -2.62788177
37 43 80 115 0 -2.1576825e-05 -3.86399698
98 98 135 143 4 -0.000766521902 -3.16691518
113 118 38 42 2 -8.59489155e-05 -4.83796597
133 135 78 113 1 -4.05309802e-05 -6.05484247
58 62 78 80 4 -9.00020896e-05 -1.31667101
91 94 106 112 4 -4.23190613e-05 -3.36219168
0 0 0 0 2 -0.0151016824 8.83081818
0 0 0 0 3 -0.206601158 9.79938316
0 0 0 0 4 -0.0549761541 7.9052701
30 36 56 91 1 -6.34187163e-05 -6.15425682
116 120 68 99 2 -8.15383028e-05 -3.84972286
123 123 103 111 2 -2.30073256e-05 -6.06188822
93 94 101 104 2 -1.45435079e-05 -5.51435089
16 19 35 38 2 -8.72602177e-05 -4.33613825
105 108 52 87 2 -9.41752296e-06 -7.85688448
0 0 0 0 1 -0.0409910493 7.64036131
102 108 118 126 1 -0.000113484988 -5.34685755
48 50 96 98 2 -0.000267018593 -1.97112966
109 115 54 85 2 -1.99079004e-05 -6.09410381
57 57 72 107 3 -0.000118488351 -5.76902866
53 59 107 115 0 -9.10740782e-05 -3.6308341
185 186 203 212 2 -3.49281254e-05 -7.96442509
0 0 0 0 3 -0.40315032 8.72370625
79 84 152 156 1 -0.000223272567 -4.12881231
116 116 130 132 4 -0.0014517986 -1.50641966
94 97 129 137 2 -1.01327787e-05 -6.13236427
109 112 49 54 2 -4.47031125e-05 -3.73799944
0 0 0 0 3 -0.18737559 8.99176788
0 0 0 0 2 -0.0341910943 1.56316614
80 80 50 56 2 -9.58410019e-05 -5.90538025
110 111 29 64 2 -0.000493372849 -3.02232575
50 50 92 123 2 -9.30997412e-05 -8.1076889
0 0 0 0 2 -0.0300420802 8.97557735
81 86 36 71 4 -7.02135294e-05 -0.81235373
0 0 0 0 1 -0.040526852 9.0276289
110 113 54 58 2 -0.000910547737 -3.98902822
0 0 0 0 0 -0.620099127 11.4132175
0 0 0 0 2 -0.103063591 9.28245831
231 237 130 165 1 -0.252017111 -6.58321953
134 137 48 59 2 -5.98426122e-05 -6.4583354
68 70 94 102 2 -1.8358176e-05 -7.53109932
29 35 87 91 2 -7.68889149e-05 -7.17919159
134 135 120 125 2 -1.84773962e-05 -6.77099085
0 0 0 0 4 -0.147285461 8.84399605
35 41 106 113 0 -7.45049911e-05 -3.55412579
62 65 23 27 4 -0.00420416938 0.805082917
69 72 152 183 2 -0.000835643907 -4.2963562
25 25 38 73 2 -0.000114915056 -4.52816916
74 74 134 137 2 -9.4054878e-05 -5.15468836
0 0 0 0 2 -0.0125109125 6.02316332
59 62 75 110 0 -3.85044004e-05 -5.01279402
95 99 112 120 3 -2.57491301e-05 -5.39431667
48 48 60 68 3 -1.96694873e-05 -5.88628054
196 199 86 91 2 -8.5829568e-05 -5.18984699
109 113 40 42 3 -4.42263481e-05 -6.02874374
65 67 178 182 2 -6.2226587e-05 -6.54030037
99 105 42 46 1 -4.31533408e-05 -6.16507244
83 89 115 123 3 -7.43856654e-05 -4.48986197
51 52 65 71 2 -0.000405642437 -2.739429
105 108 53 55 2 -0.000171179592 -3.79358816
146 149 126 131 2 -9.51279799e-05 -2.76347804
127 128 93 95 4 -0.000200267008 -2.11077714
0 0 0 0 3 -0.0452061184 7.97360468
70 74 84 119 0 -5.80542182e-05 -5.40888548
157 162 99 134 1 -0.000183935568 -2.22162867
61 63 197 201 2 -2.39609599e-05 -6.62576294
0 0 0 0 2 -0.12272428 4.61059523
54 54 89 124 2 -4.649123e-05 -7.84468555
58 64 23 46 1 -9.72734342e-05 -3.97437978
147 150 90 125 4 -0.000176783069 -2.87341404
154 155 95 130 2 -3.39744438e-05 -9.70471668
0 0 0 0 2 -0.435584337 8.88056374
0 0 0 0 3 -0.37515083 8.75329971
40 41 26 29 3 -0.000120755212 -4.84410095
62 64 100 108 1 -0.00112532394 -6.05796957
122 128 41 47 0 -0.000169390813 -1.95584476
80 83 60 68 2 -1.99078822e-05 -7.23638678
141 144 71 82 1 -9.19092854e-05 -3.80540419
92 101 44 46 0 -8.48754935e-05 -3.32533145
0 0 0 0 2 -0.601658821 9.93060589
74 77 85 88 0 -0.000120756762 -2.48280454
190 197 133 136 0 -0.000125286504 -2.80369925
0 0 0 0 2 -0.00544536021 5.73612642
106 109 81 85 2 -0.000352600939 -4.74901485
93 94 101 109 3 -6.73518662e-05 -3.58567238
48 48 155 159 3 -0.0001099086 -3.70546913
45 49 64 66 1 -4.32727466e-05 -4.03543854
114 114 82 90 3 -0.000136610353 -5.76714182
52 60 79 83 0 -0.000158782204 -4.86939049
0 0 0 0 3 -0.0104683405 7.49601412
0 0 0 0 2 -0.0532062948 8.22476006
0 0 0 0 2 -0.0128915943 10.1770229
62 62 148 183 3 -0.000708983862 -6.05436659
47 53 80 88 1 -0.0002158727 -7.55969667
144 144 73 75 2 -8.95250487e-05 -5.03259611
59 65 76 82 2 -4.04116981e-05 -9.05129719
99 100 46 53 2 -5.45973999e-05 -3.954669
179 183 146 157 2 -0.000111935326 -6.21812248
81 85 102 113 3 -2.52722821e-05 -6.68191814
77 82 95 98 0 -3.56434175e-05 -3.71188879
103 107 116 131 0 -0.000133511901 -4.50009918
0 0 0 0 2 -0.00840732921 8.22587013
51 53 62 85 1 -0.000125525345 -6.76605034
96 101 80 83 0 -0.000151508546 -2.69333839
90 90 104 110 2 -2.28881036e-05 -8.37138367
121 121 70 105 2 -0.000112889407 -4.63931656
34 42 58 65 0 -8.05833843e-05 -5.36302662
67 69 108 143 2 -4.11269211e-05 -6.50072813
117 117 40 47 3 -2.06231562e-05 -6.32142687
60 67 99 134 2 -0.000334953977 -4.21865034
90 90 42 53 3 -2.43186314e-05 -5.14622355
75 76 52 58 2 -4.38687166e-05 -9.04183769
79 79 65 70 3 -0.000806599448 -2.56181002
118 118 34 36 2 -3.29016329e-05 -5.83123446
140 147 180 215 3 -0.000308021583 -6.52967644
47 50 102 113 3 -3.42129169e-05 -5.2622776
124 129 34 37 1 -2.00271152e-05 -5.30739832
58 62 146 181 2 -5.91269054e-05 -6.3711772
154 158 52 87 4 -0.000126955827 -2.3195827
104 106 91 98 2 -2.89677391e-05 -3.41505623
0 0 0 0 3 -0.211221144 10.0912809
150 158 39 54 3 -0.0021153132 -3.76514816
32 37 84 119 1 -0.000193828659 -6.01689434
0 0 0 0 2 -0.285762757 5.32194614
124 127 77 84 3 -0.000143762969 -4.94295406
71 71 110 145 3 -0.000527227938 -2.99708223
96 100 139 147 2 -3.93388073e-05 -6.38472223
55 57 114 125 1 -6.07963157e-05 -5.6236434
201 205 36 44 2 -5.47165546e-05 -7.18586588
89 91 116 147 1 -0.000136015384 -6.84745789
0 0 0 0 4 -0.00382727245 6.37661028
70 78 92 99 0 -1.68084698e-05 -4.77124262
84 92 109 117 1 -0.000126239654 -5.40577698
45 49 60 95 3 -4.62529279e-05 -5.37440968
130 132 149 153 2 -0.000355219934 -3.83616781
114 123 144 179 0 -0.000178091985 -5.00894308
94 98 39 74 2 -0.00106916425 -6.57409573
0 0 0 0 3 -0.314271837 11.2914419
224 225 120 143 3 -0.000255096063 -6.40580273
76 76 89 97 4 -0.000124810307 -3.14052677
124 128 66 97 1 -0.000506720273 -2.63347864
0 0 0 0 2 -0.703032136 7.68261576
0 0 0 0 2 -0.32782045 9.6712265
92 94 110 145 2 -2.86101258e-05 -7.01425028
66 72 134 145 0 -8.07036413e-05 -5.07038116
31 31 120 123 2 -0.000318391831 -3.98382235
0 0 0 0 2 -0.13871944 7.0317173
59 62 139 147 3 -4.32726301e-05 -6.97949362
66 69 44 49 3 -0.00160004036 -2.68083596
55 61 171 175 2 -0.000934669282 -5.68823099
121 121 137 146 3 -0.00357297435 -3.36097145
0 0 0 0 3 -0.0057306462 7.27395439
0 0 0 0 4 -0.525810599 9.70622921
28 28 39 46 4 -0.000290600205 -3.66332316
0 0 0 0 1 -0.00240445044 3.38822198
0 0 0 0 3 -0.737670481 8.525527
43 51 143 178 0 -0.000189417216 -6.12190199
84 84 39 44 2 -1.45435079e-05 -7.66393328
78 79 98 113 2 -3.63585896e-05 -4.65935469
44 48 21 29 1 -3.73123294e-05 -7.19517612
46 54 111 113 0 -5.01866452e-05 -3.39707708
100 106 59 67 0 -1.525876e-05 -5.46347141
72 73 55 66 2 -0.000314340112 -3.80527329
0 0 0 0 2 -0.00305501441 7.63855219
39 42 72 95 2 -0.000105975632 -8.2322073
92 96 65 76 1 -0.000409085565 -6.22358418
103 106 116 131 2 -1.32322057e-05 -6.83552027
84 87 61 66 3 -0.000118492055 -4.85299635
151 159 92 115 0 -0.00150062575 -3.24037409
0 0 0 0 3 -0.75345242 10.115756
174 177 44 52 2 -0.000202648866 -4.82242012
183 184 85 120 3 -0.00112804945 -4.42708731
97 100 115 121 4 -0.000119922748 0.985420704
43 50 63 98 1 -0.00020419815 -8.71785069
48 52 63 86 2 -0.000724125712 -3.17000866
57 61 79 114 2 -1.18017033e-05 -8.13289547
71 76 94 101 1 -3.67162902e-05 -4.17578077
88 91 101 103 1 -4.43455865e-05 -3.84691262
145 146 79 84 2 -0.000276317383 -3.19402409
45 49 88 97 3 -3.94580857e-05 -5.30768824
43 45 104 111 2 -2.16960398e-05 -5.36133385
88 90 67 74 1 -6.73524337e-05 -3.40743279
133 137 81 116 2 -4.49416548e-05 -5.00832653
95 95 48 83 3 -3.18287639e-05 -3.4784472
41 41 121 156 2 -6.92596805e-05 -7.65739298
133 133 148 183 4 -0.000847354415 -3.13958931
74 74 92 107 3 -1.90734372e-05 -6.09169769
132 136 149 184 3 -2.40802001e-05 -7.07333708
0 0 0 0 2 -0.00392430555 6.58496284
92 99 66 70 2 -5.63854628e-05 -7.01270485
107 110 60 83 2 -0.000568687217 -2.98703241
0 0 0 0 4 -0.017818654 4.16234398
56 59 73 108 3 -0.000195735265 -6.34692001
131 137 40 75 0 -0.000289905583 -4.59071541
39 43 54 89 3 -9.10746458e-05 -6.72455072
85 91 109 144 3 -0.000148293271 -7.11732626
63 65 45 56 2 -1.16824958e-05 -5.83621407
20 23 28 63 4 -0.000495022279 -3.75786829
106 113 89 94 2 -1.34706306e-05 -4.42328691
76 81 97 132 4 -9.63199491e-05 -2.26999521
88 90 105 140 3 -0.00656305533 -3.12771106
38 38 48 71 4 -9.87040839e-05 -3.25333142
0 0 0 0 2 -0.278052926 9.63462734
56 59 138 145 2 -2.01463154e-05 -8.19671059
87 91 101 107 2 -2.33649571e-05 -4.9996376
118 119 162 193 2 -0.000350926101 -5.37091923
44 47 66 101 2 -9.51277325e-05 -6.03476191
71 72 25 60 2 -0.000231257698 -6.78999805
110 112 55 90 1 -0.000105618034 -5.14598703
122 124 30 53 1 -5.29286226e-05 -6.69519138
119 119 128 139 3 -0.00107559364 -2.40718365
133 140 156 160 0 -6.54450923e-05 -4.97104406
134 139 116 118 3 -6.77098215e-05 -4.62458038
80 84 36 38 2 -0.000371312839 -4.50846624
42 52 98 105 0 -9.96575982e-05 -4.18420506
47 48 58 93 3 -2.95638056e-05 -6.16387033
39 40 89 124 4 -0.000610646384 -2.20734692
0 0 0 0 2 -0.434905142 9.11299706
93 97 55 86 3 -5.07828663e-05 -6.59513855
69 73 94 103 4 -0.000166769416 -2.09026885
96 96 125 129 3 -6.69950023e-05 -3.37933707
58 59 109 144 4 -0.000360233855 -0.913045466
116 121 101 106 4 -5.94850389e-05 -1.09949529
39 46 124 130 1 -0.000212065992 -4.89668703
0 0 0 0 2 -0.00434920518 7.03155851
0 0 0 0 2 -0.93119055 8.18579197
97 103 45 49 2 -0.000344586675 -8.62330532
110 114 68 75 1 -4.12462141e-05 -6.32076788
88 96 112 121 3 -1.10864494e-05 -6.08867884
52 52 107 109 2 -4.76834066e-05 -3.80559158
161 166 110 145 0 -0.000157232906 -4.58014393
90 90 102 117 3 -0.0211398657 -5.96538687
0 0 0 0 1 -0.211320758 8.70159626
51 52 67 71 3 -2.99214262e-05 -5.48232222
151 156 48 50 4 -0.000176663656 -2.16182542
0 0 0 0 2 -0.741475403 7.5804534
31 39 43 58 2 -0.000559793203 -7.13280964
0 0 0 0 2 -0.00336121581 5.65863037
88 90 136 171 3 -6.63990286e-05 -6.26191187
121 125 157 192 4 -0.000175350855 -2.08197951
75 75 37 40 3 -2.6822001e-05 -5.37669182
100 107 50 85 1 -5.71008313e-05 -6.58971071
70 71 141 176 3 -0.000296937098 -7.58769226
0 0 0 0 2 -0.308243334 9.37454414
44 47 80 115 3 -0.00015365734 -5.0247159
116 120 138 142 0 -5.86504939e-05 -4.46615601
65 65 51 55 2 -0.000167843071 -3.75212049
217 221 73 108 3 -0.0161146279 -2.11271906
0 0 0 0 2 -0.0212660842 5.30851603
0 0 0 0 2 -0.00725982618 6.29638958
85 88 97 112 1 -6.00809981e-05 -3.12181258
118 120 136 151 2 -0.122650132 0.74129945
0 0 0 0 2 -0.145546302 7.78745174
144 149 89 124 4 -0.000311359472 -0.931337357
106 107 56 63 1 -4.18422205e-05 -4.71279812
39 42 86 94 2 -1.75237274e-05 -5.80397892
55 60 111 146 3 -0.000107524349 -7.19211054
99 105 118 126 0 -0.000642896688 -1.82805431
105 109 128 134 3 -0.00976452325 -4.62362146
89 92 101 116 2 -0.000151510889 -5.99009752
107 110 119 125 3 -0.000255695195 -3.89365625
93 98 149 184 4 -0.000507797231 -3.33782721
44 44 96 103 3 -0.0016364092 -2.38445067
77 77 96 131 3 -0.000225656084 -5.16399193
83 88 98 105 2 -4.45839396e-05 -4.61313581
59 68 97 104 0 -3.48089452e-05 -5.00527287
57 60 117 124 2 -8.82130989e-05 -6.22128344
145 145 158 165 3 -0.00391939329 -2.17903233
0 0 0 0 3 -0.501868606 10.4546747
42 43 53 88 3 -6.79484729e-05 -6.57602692
0 0 0 0 4 -0.0534777083 8.45069218
96 99 112 119 2 -1.64508529e-05 -6.67950678
127 130 108 113 1 -0.000183930606 -6.85093594
63 63 36 51 3 -1.04904047e-05 -6.745296
53 56 41 43 1 -2.7179618e-05 -6.95363283
106 106 119 126 2 -1.88350296e-05 -5.32119703
154 154 94 117 3 -0.000163908669 -3.41672349
0 0 24 0 1 -2.3212378 4.94167042
146 147 67 71 3 -0.000191564803 -4.52818441
0 0 0 0 2 -0.119108818 8.16492081
124 128 51 86 3 -4.24382815e-05 -6.15152407
106 109 52 75 2 -3.70738453e-05 -5.81601763
35 38 85 90 0 -0.000178805887 -3.04438472
196 201 113 117 1 -4.6252866e-05 -5.32838917
0 0 0 0 1 -0.0937265605 7.60907555
114 119 46 50 3 -9.32203839e-05 -5.07813215
112 115 20 55 3 -0.000409938395 -4.94571257
0 0 0 0 3 -0.00470744167 6.48653412
56 58 106 129 2 -8.34455277e-05 -3.96014094
0 0 0 0 3 -0.491848886 9.56894588
89 94 64 79 1 -0.00177841471 -0.259270519
109 113 62 68 2 -2.63451202e-05 -5.53112078
111 115 144 146 2 -0.0113079958 -1.45310104
136 146 73 108 0 -9.91807683e-05 -6.43652678
90 93 35 39 2 -8.8452296e-05 -3.51258302
183 183 201 236 2 -0.000172961561 -7.12698555
54 58 111 122 4 -0.000826624688 -1.34195042
60 66 91 93 0 -0.000174280038 -1.97473776
56 61 74 76 2 -1.3947465e-05 -8.84079933
133 137 38 73 3 -0.000513837265 -5.85975742
36 36 71 106 3 -5.36438238e-05 -3.52796412
42 42 56 91 3 -2.31265476e-05 -5.93842506
79 80 97 101 2 -1.52587654e-05 -4.48289299
0 0 0 0 2 -0.0252974574 6.43534899
161 166 44 75 1 -0.00545820128 -3.23929214
72 75 100 102 2 -4.39879186e-05 -5.22232389
22 26 33 68 2 -0.000151034939 -6.84567595
69 69 77 79 2 -0.000455587724 -3.27262592
0 0 0 0 3 -0.609395504 10.3382406
63 66 108 143 2 -0.000410168461 -6.13805485
131 131 148 183 4 -5.11404578e-05 -0.619713783
0 0 0 0 2 -0.0024361161 5.45912504
123 126 107 116 2 -2.27689179e-05 -6.77002811
0 0 0 0 3 -0.00750391791 6.14671183
68 69 99 107 3 -3.91004032e-05 -6.58594179
148 153 99 122 3 -0.0002578368 -4.35625458
135 137 121 127 1 -0.000167841368 -7.07761669
59 66 37 44 1 -2.58683249e-05 -7.40201426
83 88 57 65 1 -6.99751399e-05 -3.34571075
69 75 87 122 3 -8.18959161e-05 -6.80457258
0 0 0 0 2 -0.00147251179 6.97559786
0 0 0 0 2 -0.680856764 9.17177963
39 43 48 79 3 -0.00327041885 -1.65792954
61 63 123 138 3 -9.82272177e-05 -5.88607883
96 99 26 33 3 -1.07288179e-05 -7.20000219
93 99 158 181 2 -5.86503957e-05 -6.58214712
57 61 152 187 3 -0.000280486041 -5.94946337
0 0 0 0 2 -0.0346026421 8.5936451
44 48 66 97 3 -0.000444027391 -4.65765285
39 43 73 108 3 -0.000476322166 -5.77761173
47 49 69 78 1 -7.66508456e-05 -5.12695169
0 0 0 0 2 -0.00204995275 6.73942995
50 54 97 102 3 -1.95502744e-05 -6.97502041
0 0 0 0 2 -0.0630683973 7.04258823
137 138 68 74 3 -7.24782803e-05 -4.6763463
29 37 48 54 0 -4.64913392e-05 -4.82171535
55 60 71 86 2 -1.25169599e-05 -4.98498821
31 37 41 52 0 -0.00012027839 -6.24116707
109 113 27 29 3 -0.000161285716 -4.01957893
173 179 190 194 1 -7.41475087e-05 -5.61516094
0 0 0 0 4 -1.03184116 9.70418549
41 45 59 74 3 -4.07693224e-05 -5.65980387
45 48 128 143 1 -7.86773744e-05 -5.53994083
133 135 66 101 2 -0.000352948904 -7.39550304
79 89 61 65 1 -9.51272377e-05 -7.15506792
119 125 103 108 0 -2.51530801e-05 -5.404459
59 59 72 80 2 -0.00134324085 -0.289862275
0 0 0 0 3 -0.00683350442 3.66973257
127 131 78 86 3 -7.0690141e-05 -5.43816519
98 101 31 46 2 -3.75507261e-05 -5.72440386
79 83 96 101 3 -8.47570263e-05 -6.02211332
127 131 204 215 2 -0.000547844975 -5.95478153
130 136 52 87 1 -7.74850923e-05 -6.70429277
130 134 106 115 0 -1.90734445e-05 -4.47729206
44 47 121 128 0 -1.40666752e-05 -5.14634037
130 133 37 52 1 -0.000108001004 -5.93066788
135 135 113 124 3 -8.39220666e-05 -4.70851421
0 0 0 0 2 -0.0272467323 7.83850002
87 89 76 81 1 -0.000107048269 -5.31636238
0 0 0 0 2 -0.306496173 5.78528214
0 0 0 0 2 -0.00545226689 6.36912918
106 108 123 125 1 -0.000110505382 -5.81838846
35 35 50 85 2 -0.0264660213 -3.49171686
60 62 162 197 2 -0.0163872987 -5.13892365
0 0 0 0 2 -0.59252876 9.33553791
133 138 70 105 1 -8.20145942e-05 -5.02241468
137 140 109 113 0 -2.81332923e-05 -4.88972616
0 0 0 0 2 -0.00696056755 5.99987364
61 69 80 89 2 -3.49281727e-05 -4.76566076
51 53 65 67 1 -2.32457369e-05 -5.95443058
54 58 68 72 1 -0.95106864 0.641881645
61 65 81 96 1 -0.000694336079 -2.55714273
0 0 0 0 2 -0.0755285397 7.15064812
0 0 0 0 0 -0.425446272 3.39138746
0 0 0 0 2 -0.388044029 9.49148464
125 128 43 78 3 -7.06902501e-05 -6.93058252
132 135 152 187 2 -6.75909905e-05 -5.29164219
78 83 36 39 1 -0.000130889181 -3.43971562
137 143 34 69 2 -0.0383915119 -4.42487144
57 61 76 111 4 -0.000132201138 -3.37277794
0 0 0 0 2 -0.251338243 7.30613184
111 114 142 146 1 -2.86101294e-05 -5.82888222
78 81 122 129 1 -0.000293239544 -4.9151125
66 72 102 110 1 -6.6875742e-05 -3.94243193
22 26 71 76 3 -7.9511723e-05 -4.76684141
17 24 29 31 1 -0.13152729 -10.2083969
0 0 0 0 2 -0.0253544319 7.92515802
29 29 97 104 2 -5.01867507e-05 -4.92687464
87 88 45 50 2 -8.70227086e-06 -8.29776573
69 76 120 123 2 -3.56434321e-05 -5.98080873
76 83 109 132 0 -5.93656368e-05 -6.12041473
50 51 59 66 1 -2.36033684e-05 -6.47808552
84 88 48 53 2 -8.59489664e-05 -6.26901197
148 151 66 72 2 -2.26497068e-05 -8.40222168
80 84 95 130 4 -0.000163432938 -0.798062325
94 94 111 119 2 -0.0120206838 -0.394585431
53 57 106 141 2 -4.23190904e-05 -6.51061773
89 97 50 54 1 -9.65578292e-05 -3.9861939
98 98 43 48 3 -4.99482776e-05 -5.27483368
0 0 0 0 1 -0.26153329 9.27749729
68 74 90 125 1 -7.45050565e-05 -4.84053183
0 0 0 0 2 -0.00119245274 4.83782291
128 135 107 111 3 -7.90349004e-05 -6.42003155
132 135 145 148 0 -4.86370845e-05 -4.44999647
112 116 134 141 3 -0.000485836528 -4.52501392
0 0 0 0 4 -0.490149975 7.09491301
106 108 121 127 2 -6.30610812e-05 -3.80294657
60 62 37 44 2 -2.03847376e-05 -8.42600918
90 93 37 72 3 -0.000337465986 -4.12881088
77 84 64 66 0 -7.34318164e-05 -3.66425347
84 84 70 72 2 -9.66763182e-05 -4.8485508
24 29 37 72 2 -0.000570610806 -5.2487731
100 104 120 127 4 -3.26632216e-05 -2.8281343
32 36 50 85 2 -2.71796343e-05 -8.87578964
0 0 0 0 2 -0.00188086706 6.51715994
0 0 0 0 3 -0.00392226782 5.38625574
91 91 45 47 3 -9.21475439e-05 -4.62704992
57 63 78 113 1 -0.00017308259 -6.92514658
119 120 134 145 2 -2.13383973e-05 -6.36884975
139 143 156 171 4 -9.36973665e-05 -2.47641373
129 133 73 108 4 -0.000116584859 -1.18306589
86 91 30 36 2 -0.000109072003 -8.8287878
0 0 0 0 3 -0.555670619 10.3538322
62 66 119 128 3 -5.00674141e-05 -8.24611187
63 68 85 116 3 -3.69546688e-05 -6.26693964
118 123 49 84 4 -8.20152782e-05 -0.606329143
0 0 0 0 1 -0.00275671016 9.05656052
45 50 115 122 0 -7.39085444e-05 -3.7815907
139 142 62 77 2 -8.73791723e-05 -5.92112207
41 45 53 58 2 -1.88350259e-05 -5.52509975
110 113 35 42 1 -4.756423e-05 -7.7051754
126 131 118 120 1 -6.49684371e-05 -5.69011545
182 182 53 56 3 -0.000752016495 -3.51877117
78 79 97 132 2 -1.32322111e-05 -9.43392086
132 140 43 58 2 -2.64643641e-05 -7.29132462
47 54 66 69 0 -9.10729941e-05 -1.75720036
55 58 87 94 1 -7.9034864e-05 -5.8885808
64 65 76 80 2 -1.1324868e-05 -6.61343527
0 0 0 0 2 -0.00290218438 6.9344902
27 32 106 110 1 -7.9154066e-05 -6.1070962
0 0 0 0 2 -1.20287812 9.61571312
108 112 123 128 2 -1.0609614e-05 -7.78793335
0 0 0 0 1 -0.0116014173 7.76541805
45 49 110 145 3 -0.000183697382 -5.47813272
105 105 47 70 3 -0.000180954114 -3.43857908
123 126 138 147 3 -2.25304793e-05 -6.31698465
166 170 105 120 3 -0.000164026918 -5.07513189
0 0 0 0 1 -0.4042629 9.42433167
90 92 102 137 2 -1.859658e-05 -7.03716421
35 36 42 77 1 -0.000533490325 -7.74126911
0 0 0 0 2 -0.119454987 7.53753948
98 101 64 79 2 -5.03059746e-05 -4.30123186
80 87 39 46 0 -1.74045181e-05 -4.34845495
141 141 119 123 4 -0.00022517427 -2.34479666
128 134 83 114 1 -0.000186437697 -7.75304508
102 104 144 150 2 -8.10622169e-06 -7.95328712
0 0 0 0 3 -0.0102331452 1.19061971
49 51 132 141 2 -0.000150199514 -5.06070423
60 63 100 135 1 -0.00015806756 -4.64382315
114 118 183 186 4 -7.11673929e-05 -1.39509809
47 48 130 137 2 -3.29015893e-05 -5.53672504
131 135 55 62 2 -1.94310487e-05 -10.1046858
37 39 21 27 2 -0.000338178943 -4.39616156
0 0 0 0 2 -0.24275966 11.0993252
98 101 43 78 1 -9.36973011e-05 -4.19916296
0 0 0 0 4 -0.237163275 7.50769997
0 0 0 0 2 -0.00226816558 5.45754147
75 77 38 61 2 -2.95638074e-05 -6.67628098
122 125 139 144 4 -0.000193353044 -2.61631393
142 145 65 100 0 -7.76044544e-05 -5.18039465
122 133 169 175 0 -9.77495365e-05 -4.9406538
115 120 50 57 3 -3.58818506e-05 -5.75663996
105 112 173 188 0 -0.000590387906 -2.89596248
43 46 100 102 1 -0.000350690098 -3.6170733
66 69 135 141 2 -5.45974181e-05 -4.59847879
0 0 0 0 3 -0.561704278 10.656436
38 42 58 93 1 -6.85443956e-05 -6.72505665
160 164 115 138 4 -0.000998608884 -1.03365517
60 64 119 126 0 -0.00051459216 -4.7645278
0 0 0 0 2 -0.487132877 9.94749546
77 77 47 62 3 -4.68489961e-05 -6.02117395
104 106 124 159 1 -4.43456265e-05 -4.76985312
131 131 97 112 3 -0.000700644276 -3.68688679
67 67 40 51 3 -6.99751399e-05 -5.36614037
137 139 95 101 1 -6.06771064e-05 -5.40154552
109 113 133 135 3 -2.82525216e-05 -7.61279488
89 96 54 58 3 -0.000110862995 -4.58649731
33 36 51 54 2 -5.86504975e-05 -4.5467639
67 71 49 56 1 -4.75642519e-05 -6.68731117
129 134 146 181 3 -0.000333055155 -6.14365101
0 0 0 0 2 -0.00354983215 7.44080687
35 42 109 144 2 -5.80543892e-05 -5.83870363
96 97 55 70 2 -8.34464208e-06 -7.87887573
88 89 97 99 1 -2.25304939e-05 -6.88444328
0 0 0 0 2 -0.280588508 9.01865864
95 95 45 80 2 -0.00159006054 -4.29568529
122 128 137 142 1 -0.00059216097 -3.8199122
44 44 58 66 2 -3.71930291e-05 -5.600986
0 0 0 0 2 -0.0112002091 7.71270895
71 74 183 218 2 -7.79617258e-05 -6.59713173
60 63 29 36 2 -2.94445672e-05 -10.4680157
0 0 0 0 2 -0.0288975816 7.26301718
130 130 82 89 2 -1.50203441e-05 -6.93316507
49 53 85 120 2 -0.000844973256 -2.53125453
121 125 47 49 2 -3.07558657e-05 -4.32648754
25 29 53 88 4 -0.000168916042 -2.31874013
110 117 58 89 0 -4.82794203e-05 -5.22413206
41 44 62 65 2 -6.37763296e-05 -4.18571711
57 57 116 127 3 -5.34052015e-05 -4.61067104
121 126 78 85 1 -6.59221405e-05 -5.26454592
55 55 105 112 2 -2.95637874e-05 -5.38815594
103 109 86 88 1 -0.000171300198 -5.29948759
56 60 145 149 4 -6.42533196e-05 -3.41070509
59 61 89 104 2 -0.00768806972 -6.32606268
0 0 0 0 2 -0.291797519 8.85272121
73 80 105 128 1 -8.89290968e-05 -7.13936567
0 0 0 0 2 -0.00119746279 0.853454351
54 54 31 39 3 -0.000183935117 -4.96616936
127 133 110 116 2 -0.000197762172 -3.84474921
76 83 102 137 0 -0.00017857019 -2.11303759
0 0 0 0 2 -0.474834919 8.694664
110 113 129 131 2 -0.00468652789 -3.59514332
68 72 51 56 2 -8.2254337e-06 -5.00635958
61 61 79 88 3 -1.525876e-05 -4.90052652
73 73 92 127 3 -7.43858109e-05 -5.06372547
58 61 126 134 3 -3.15903308e-05 -5.91646957
130 136 79 114 2 -6.06768663e-05 -8.86267757
215 216 142 177 3 -0.000610026589 -6.84305382
54 54 92 98 3 -0.000142213365 -4.39355421
0 0 0 0 2 -0.382055193 8.02359009
113 113 61 96 2 -0.000283808156 -5.74692106
38 42 54 62 3 -0.00690415828 -8.93711567
136 138 104 115 2 -0.000119444449 -7.45628548
0 0 0 0 2 -0.308599144 8.51352501
156 160 90 98 1 -7.164407e-05 -4.80018044
112 113 62 97 4 -0.000711474975 -5.51591063
0 0 0 0 3 -0.237479135 9.3086319
56 60 93 97 4 -0.000268093048 -2.68921947
40 42 58 93 3 -3.76699463e-05 -5.66346931
103 103 84 88 3 -1.85966019e-05 -5.02214432
12 17 22 33 0 -0.000286564726 -4.40195227
46 53 58 63 1 -0.000146146645 -10.4643631
0 0 0 0 2 -0.359816223 9.60784435
43 45 62 73 1 -4.02925616e-05 -5.51858234
135 141 47 54 0 -3.50472765e-05 -4.27487898
0 0 0 0 1 -0.292680889 9.10217857
86 90 73 75 0 -0.000123736594 -2.453192
26 35 95 130 1 -9.0716967e-05 -5.80331182
116 120 134 143 3 -4.76833884e-05 -5.2837677
121 124 106 108 3 -8.4160718e-05 -7.64682531
74 78 29 64 4 -5.20941358e-05 -2.810251
148 153 57 92 1 -8.09422636e-05 -5.9919014
115 116 131 166 3 -0.000146981518 -5.19101763
107 110 124 130 1 -0.000135538372 -3.67112303
38 38 106 113 3 -0.000100372839 -4.59292889
0 0 0 0 1 -0.0596923269 8.56380081
66 70 99 130 0 -0.000197643429 -3.95015335
0 0 0 0 2 -0.00801150128 8.1823082
58 60 105 111 1 -2.16960361e-05 -7.01425791
61 61 106 137 3 -5.25705109e-05 -4.53654432
51 52 66 74 4 -0.00020265099 -2.70965362
0 0 0 0 1 -0.814394593 9.03863144
34 34 108 114 3 -4.26766128e-05 -5.06235218
0 0 0 0 1 -0.11409425 7.23613071
88 89 53 68 2 -9.05989691e-06 -8.09890556
42 51 127 142 0 -0.000539231114 -3.72161174
150 150 103 138 3 -0.000270943565 -7.4297657
165 167 48 63 2 -0.000419346732 -4.64645481
45 48 57 64 0 -8.94050609e-05 -2.91952276
0 0 0 0 2 -0.0111954603 6.29961777
0 0 0 0 2 -0.0086129643 4.96413994
66 74 139 143 1 -0.0096412953 -3.20931721
0 0 0 0 3 -0.0108027551 6.64782715
48 52 137 172 4 -0.000182027754 -3.16098475
30 38 86 94 0 -0.000108000684 -3.48035789
0 0 0 0 3 -0.0269840863 7.15412855
0 0 0 0 3 -0.605696917 7.43459988
112 114 136 143 1 -0.000339361199 -3.32734585
34 34 42 73 3 -4.54184992e-05 -7.57900095
69 70 42 46 3 -3.5643403e-05 -4.07012033
0 0 0 0 4 -0.180066273 9.61170483
55 61 114 149 0 -0.000572148594 -4.7655015
0 0 0 0 3 -0.31760931 7.5137372
0 0 0 0 2 -0.0759150311 8.57089615
85 92 42 51 1 -5.11404542e-05 -7.61854219
101 107 37 60 2 -2.82524761e-05 -6.5899272
75 79 92 96 4 -8.69027572e-05 -2.48370218
100 108 42 53 4 -6.79487493e-05 -3.01664591
129 135 90 98 2 -1.77621441e-05 -5.35506821
34 39 68 74 3 -5.47167037e-05 -4.45612717
45 52 142 149 1 -9.89425898e-05 -7.74689388
0 0 0 0 2 -0.438747972 9.64834213
30 35 71 106 1 -4.50608277e-05 -4.4791193
0 0 0 0 3 -0.177160531 8.01749706
115 121 42 77 2 -6.43729709e-06 -8.25168991
45 46 60 62 2 -5.28093515e-05 -3.80093479
102 109 63 68 2 -7.12861438e-05 -4.85850859
113 117 38 53 2 -1.39474623e-05 -7.05137634
77 77 42 57 2 -3.69547379e-05 -8.22748661
91 95 101 107 3 -2.5987556e-05 -4.85459757
93 94 41 45 1 -1.9192652e-05 -4.34259272
85 91 120 122 0 -0.000220290996 -3.01523066
43 53 110 117 0 -9.10748277e-05 -4.0290885
126 129 144 151 3 -0.000134584785 -5.14227867
43 51 102 137 2 -2.25304721e-05 -6.13738489
132 137 48 50 2 -3.3497643e-05 -4.98162508
0 0 0 0 0 -0.0632931143 9.83610058
76 81 54 60 2 -5.63856083e-05 -5.15091276
0 0 0 0 3 -0.644311368 10.1214199
44 50 77 88 0 -0.000129340086 -3.04145265
46 46 63 65 3 -1.46627199e-05 -3.54935646
54 58 74 109 2 -1.10864476e-05 -8.77044487
112 115 62 70 3 -5.8054331e-05 -5.15316296
22 25 83 90 2 -8.35641258e-05 -5.5534234
0 0 0 0 2 -0.0183222145 7.36997938
88 88 108 123 3 -3.1471136e-05 -5.53027153
117 121 41 48 4 -3.85044405e-05 -1.42979062
186 190 58 63 2 -0.00104434718 -2.9007895
0 0 0 0 2 -0.697750211 8.32844353
62 65 76 111 2 -4.04117454e-05 -5.22322083
68 71 90 93 2 -2.28881254e-05 -5.94960117
59 65 106 112 2 -0.000153894187 -3.67094302
0 0 0 0 3 -0.0106159188 5.11637259
0 0 0 0 2 -0.0618524961 8.88488674
0 0 0 0 4 -0.0262257904 7.14564753
161 165 81 116 1 -0.000106571257 -5.9330368
36 37 47 82 3 -9.84654398e-05 -5.37175131
56 63 99 101 2 -2.87293478e-05 -4.73300552
53 55 124 159 2 -1.10864466e-05 -8.78831863
246 247 39 70 2 -1.42284226 -0.722165763
105 105 127 131 4 -6.00810854e-05 -2.24215937
0 0 0 0 2 -0.287020326 8.42486382
116 120 133 141 3 -0.000104902232 -5.64146709
56 60 34 39 0 -0.000142090532 -5.54934454
48 52 70 79 4 -7.06904102e-05 -1.76227784
17 25 29 33 0 -0.000252704427 -8.96336746
61 68 79 88 3 -2.98022187e-05 -5.97671175
31 37 45 53 1 -3.67162866e-05 -5.76760483
182 186 204 206 4 -0.528192103 -2.32000661
0 0 0 0 1 -0.0299625378 8.32321644
138 139 147 154 2 -4.81602547e-05 -3.09053326
48 52 67 102 2 -2.00271079e-05 -5.65587425
0 0 0 0 3 -0.235413149 10.0552073
0 0 0 0 2 -0.3579759 9.63288212
0 0 0 0 3 -0.0202910453 5.66506433
121 126 103 106 4 -8.55914186e-05 -0.981691003
0 0 0 0 1 -0.00641583372 5.32113695
45 49 64 70 3 -4.20806791e-05 -5.20348263
43 47 50 73 3 -0.000312313059 -6.23617268
116 119 41 56 2 -1.68084662e-05 -7.29844427
53 55 107 113 2 -2.27688834e-05 -5.66393995
110 110 46 69 3 -1.2755374e-05 -8.16997242
41 47 102 137 0 -1.83581906e-05 -5.44311142
0 0 0 0 4 -0.00116581528 5.79186296
0 0 0 0 2 -0.401621103 8.55281734
58 66 79 88 0 -0.000264872739 -3.82619691
0 0 0 0 2 -0.00431845663 6.53001881
147 148 37 48 2 -4.11269502e-05 -5.58680105
46 52 87 93 0 -5.9484868e-05 -5.28862333
101 103 80 88 2 -4.17230549e-05 -5.11931181
52 59 142 146 3 -0.00037680121 -4.61672544
0 0 0 0 2 -0.150636196 8.04385281
0 0 0 0 0 -0.210737258 7.41372681
0 0 0 0 3 -0.00156207092 1.00738859
111 113 128 137 2 -0.00110844884 -2.2759347
27 31 37 52 3 -0.000171300213 -9.74349403
0 0 0 0 2 -0.600085497 9.91048431
166 169 43 54 2 -0.00056105532 -4.34764624
27 27 37 41 2 -0.00016772261 -4.66143227
0 0 0 0 2 -0.0119712166 8.17416859
33 33 156 191 3 -0.000500874594 -4.93062162
37 40 86 121 2 -0.00194506487 -2.53808069
98 101 109 132 2 -0.000200742812 -5.13552332
0 0 0 0 2 -0.031892091 6.5997963
86 91 118 141 1 -8.72597084e-05 -4.24124861
0 0 0 0 3 -0.0426295623 7.90134764
187 187 204 215 2 -0.000159021001 -3.67300463
95 99 77 88 3 -8.89291696e-05 -5.04065323
87 90 58 73 2 -3.68354777e-05 -5.16229486
155 159 57 92 3 -0.000177854992 -6.69206047
102 103 110 116 3 -6.96170173e-05 -4.53579712
55 62 123 131 2 -2.90869684e-05 -4.87654543
48 48 125 129 3 -1.50203314e-05 -7.11092472
48 49 77 100 2 -3.03982652e-05 -5.38197517
90 91 97 132 3 -6.13923621e-05 -5.34095144
28 32 71 77 1 -0.000275824801 -6.45991135
0 0 0 0 2 -0.26513344 8.28847408
64 70 76 87 1 -0.00014697935 -3.17143297
94 97 110 133 2 -0.000185722616 -4.93551302
95 98 59 66 2 -2.56298881e-05 -5.94708109
166 167 149 152 2 -3.1709551e-05 -5.05661583
69 70 118 122 2 -2.40802037e-05 -4.53304672
80 82 97 132 2 -2.074234e-05 -7.66976261
0 0 0 0 3 -0.14258118 7.00423861
90 93 109 124 4 -0.000233643426 -2.06773376
90 96 124 139 1 -0.000189774873 -4.27855206
92 100 72 83 3 -0.00010418766 -3.72725081
0 0 0 0 0 -0.0145567916 10.854784
119 123 82 90 2 -2.40801764e-05 -6.14239979
112 116 122 129 2 -7.03333899e-06 -9.14842892
49 51 119 134 2 -9.90608823e-05 -4.488307
8 17 21 26 2 -0.776428521 -4.84512949
96 97 108 113 3 -0.000211708961 -5.39503384
51 51 70 105 3 -2.90869648e-05 -4.48810148
115 125 140 155 0 -0.000245905045 -3.29239202
110 116 67 98 2 -9.34589771e-05 -4.96811295
108 111 48 55 3 -0.000577385945 -5.16068506
0 0 0 0 4 -0.0204869602 6.93889952
0 0 0 0 3 -0.200375751 8.57863426
175 179 132 139 1 -0.000264869886 -4.40948248
0 0 0 0 2 -0.120239727 8.59956455
116 118 23 58 2 -9.78694152e-05 -5.16936207
122 126 43 50 1 -0.000199908216 -3.20301986
154 162 52 59 0 -0.000313262397 -1.30405116
108 108 54 89 4 -0.000362021441 -1.80559707
22 30 37 72 0 -0.103415221 -4.64058447
90 92 50 73 1 -0.000167478414 -3.47388577
0 0 0 0 1 -0.452116102 10.0452452
49 54 134 157 2 -4.70873492e-05 -6.25536489
0 0 0 0 2 -0.193099365 7.9746623
0 0 0 0 2 -0.123775847 9.4324131
110 110 38 42 3 -0.00119068241 -4.35113144
144 148 37 72 3 -0.000129101594 -5.80387878
0 0 0 0 3 -0.00330111221 6.19025993
111 114 133 141 3 -5.03058873e-05 -5.77108097
0 0 0 0 3 -0.0124561237 6.7512207
166 172 67 102 0 -8.64254253e-05 -3.36033916
162 162 48 83 2 -3.19479368e-05 -7.28639746
110 113 122 153 2 -0.00722497748 -2.62031269
0 0 0 0 3 -0.468332887 7.61657238
88 92 101 136 2 -0.00015329782 -3.68374991
204 205 54 89 2 -0.765790403 -1.78691113
110 118 128 133 1 -6.36569384e-05 -3.79392362
40 44 53 88 2 -3.30207768e-05 -6.42146254
137 137 122 125 3 -4.89947088e-05 -5.82377863
114 118 77 88 3 -4.82793548e-05 -5.42773628
53 54 66 70 2 -7.15255055e-06 -6.23860979
129 129 147 151 2 -1.37090492e-05 -7.29135036
84 84 95 102 3 -1.58548064e-05 -5.37990952
67 71 90 98 0 -0.000271904661 -3.11797667
0 0 0 0 3 -0.755555511 10.2098007
46 52 56 64 2 -0.00649584923 -8.92188835
112 115 86 88 1 -0.00020943991 -3.91176605
106 110 59 94 3 -0.00169001787 -4.55658484
0 0 0 0 2 -0.00965805352 8.64131641
82 85 98 133 3 -0.000302659639 -4.22890139
0 0 0 0 1 -0.0236726161 7.98198175
151 155 101 104 2 -0.000495281478 -3.78657413
134 142 48 79 1 -0.000753073953 -3.18277884
49 55 111 146 2 -1.83581869e-05 -6.82133198
178 182 133 168 2 -0.000213138817 -4.71777868
59 62 90 125 1 -0.0001288598 -7.12764168
46 46 51 59 4 -0.0642742366 -2.79852414
0 0 0 0 1 -0.777146101 7.20444822
61 67 84 85 1 -0.0209827814 0.660012186
53 56 122 157 2 -1.02519862e-05 -8.62659836
168 168 29 64 2 -0.00104091328 -3.78874373
112 115 127 133 1 -0.000115988754 -5.97801256
127 131 113 115 1 -0.000173204986 -4.5095973
0 0 0 0 1 -0.296653986 8.96983337
51 51 69 77 3 -4.31534936e-05 -5.48703575
95 99 40 45 0 -4.72065949e-05 -3.39541912
68 72 23 58 4 -0.00247158902 -2.09996653
0 0 0 0 2 -0.0846776068 9.56532288
51 51 59 94 2 -5.75775775e-05 -3.87554407
74 76 88 90 2 -7.8558136e-05 -4.73403358
123 126 57 64 3 -2.18152454e-05 -5.92391777
75 81 31 54 1 -6.62797538e-05 -6.71996212
74 80 115 150 1 -0.000101326012 -8.55423355
118 125 102 105 0 -5.45974617e-05 -3.35125136
92 94 131 138 2 -0.000163549557 -5.58195972
90 95 105 108 3 -6.40146536e-05 -6.88477516
162 165 112 120 2 -0.000362128601 -4.86925316
85 90 107 142 3 -0.000289668038 -4.92120838
82 89 58 66 0 -4.51799824e-05 -3.31531262
94 94 113 116 2 -2.40801783e-05 -7.60534048
71 75 89 96 3 -3.77891447e-05 -6.0497818
0 0 0 0 4 -0.0248378851 8.16836548
151 154 41 76 4 -0.00046809786 0.113980599
103 111 45 48 0 -2.15768177e-05 -4.4921689
0 0 0 0 2 -0.00391314039 5.17467785
33 38 115 117 3 -9.2266695e-05 -4.32855892
125 129 42 48 0 -3.19479695e-05 -3.70364833
53 53 64 69 3 -1.9788702e-05 -3.88975048
89 92 65 80 2 -0.000599934487 -3.65945101
102 103 137 172 2 -0.000116942523 -8.05702972
102 105 122 153 2 -0.000438421848 -3.43166089
41 42 101 136 4 -0.00233036163 -0.842819452
41 45 60 91 2 -3.36168596e-05 -7.27769423
64 68 179 181 2 -6.87827633e-05 -5.95105743
167 172 148 155 2 -0.00118104159 -2.66755581
0 0 0 0 2 -0.00125494134 6.94629431
126 129 23 58 3 -9.73927963e-05 -5.53856134
71 79 98 101 1 -0.00369946728 -3.48231792
105 105 113 124 2 -2.5391495e-05 -4.62187767
97 101 119 127 2 -0.000772518397 -2.30539036
0 0 0 0 2 -0.00311929756 7.06197023
193 194 77 81 4 -0.00269432343 -2.28706241
136 136 122 124 3 -5.14978528e-05 -6.37346029
0 0 0 0 2 -0.353274912 8.57215023
0 0 0 0 0 -0.289934188 11.280035
0 0 0 0 2 -0.00389010832 7.6460824
0 0 0 0 3 -0.0254537743 8.14437389
75 75 34 41 3 -0.556908488 -4.27722883
0 0 0 0 2 -0.425679654 9.22398663
0 0 0 0 3 -0.795084596 9.19101143
0 0 0 0 2 -0.840549111 9.61943245
103 104 29 64 4 -0.000114081777 -3.43061256
51 57 117 121 2 -0.000115034956 -3.49228525
14 18 23 27 4 -0.00586520927 -3.12734604
129 132 50 57 3 -9.23861953e-05 -5.38704395
44 48 94 102 3 -4.55376903e-05 -5.52960587
158 158 103 107 2 -0.000358438177 -5.056108
84 89 102 107 3 -2.34841464e-05 -5.35034037
100 100 116 123 3 -2.18152454e-05 -4.19618654
156 159 104 139 0 -6.86639105e-05 -3.86685896
34 37 54 58 2 -0.000125402628 -7.09753752
105 110 41 76 2 -0.000190965249 -3.98147273
0 0 0 0 1 -0.00274877809 7.99603128
46 53 112 120 2 -8.45182803e-05 -5.86652946
0 0 0 0 3 -0.0195214227 8.9065237
53 56 157 168 1 -0.000181431678 -3.39179111
56 61 175 186 0 -5.32861886e-05 -3.79778028
149 149 50 85 2 -0.00242752349 -2.95697999
118 122 81 84 3 -4.62529169e-05 -4.6609354
29 32 83 90 3 -0.000131366294 -4.89878368
127 131 46 81 4 -0.000176068017 -2.88760138
0 0 0 0 1 -0.104502037 8.86469746
110 110 124 132 3 -1.82389776e-05 -4.53780985
127 129 47 58 3 -1.51395561e-05 -6.38249588
101 105 116 131 2 -1.66892678e-05 -6.00375891
84 84 91 102 3 -0.000309926865 -3.41334414
82 85 128 131 1 -0.000102517341 -3.65810227
0 0 0 0 2 -0.00254378282 -0.108608514
55 57 160 162 3 -0.000439140742 -4.56045008
127 127 52 56 3 -1.03711945e-05 -7.91227818
0 0 0 0 3 -0.960576773 9.7205925
82 82 53 68 2 -2.65835642e-05 -7.86854792
122 128 139 162 2 -3.51664858e-05 -6.72768164
102 103 118 125 1 -8.10612692e-05 -5.31871033
107 114 50 59 3 -2.06231471e-05 -6.48452473
104 104 51 86 3 -0.000195972592 -3.70027184
78 82 132 141 4 -6.19882412e-05 -2.63852072
57 61 79 90 3 -0.0028528478 -2.91688561
99 99 110 121 3 -9.65594245e-06 -5.34277725
134 141 82 97 1 -8.33264057e-05 -5.54522991
81 87 176 211 2 -0.000146862381 -6.72778893
123 123 45 45 2 -0.00104858947 -4.69141865
117 122 66 97 3 -0.000445923855 -4.57174873
124 128 82 117 3 -0.000387768407 -5.86167145
118 125 53 68 1 -0.000110028806 -6.25990391
134 139 46 81 1 -5.20941103e-05 -6.657794
102 104 73 81 2 -5.35245163e-05 -5.92047977
226 226 58 93 3 -0.00118748238 -4.39461422
58 65 149 157 0 -1.47819219e-05 -5.87382793
106 106 121 123 3 -1.94310487e-05 -5.20724916
114 115 124 131 4 -0.000223744515 -3.63371634
83 90 113 118 2 -1.9073439e-05 -7.05446768
108 109 123 134 3 -0.000113722759 -5.13555288
151 153 129 135 2 -0.000270117627 -3.06161475
0 0 0 0 2 -0.00338931009 6.51795435
80 80 186 221 3 -0.000408383639 -6.9809413
68 69 23 58 3 -5.7696765e-05 -7.56496
80 87 95 130 2 -5.98424122e-05 -6.16838264
0 0 0 0 1 -0.00292068487 6.10153341
72 75 84 119 1 -2.77756608e-05 -7.13169718
158 165 75 110 0 -0.000147339248 -5.75035429
0 0 0 0 3 -0.00171932229 -0.214033693
0 0 0 0 2 -1.07731855 7.95038748
77 82 33 68 3 -0.000396946911 -5.49368572
95 99 27 62 1 -0.000172849526 -5.64975834
23 25 65 72 1 -0.000380354148 -1.00795364
75 76 86 109 3 -0.000135419032 -5.85233402
52 53 70 81 2 -0.000117299875 -5.08738852
0 0 0 0 2 -0.0186975263 9.09650803
116 116 67 78 3 -0.000165457677 -4.35456276
65 68 76 79 1 -4.02925543e-05 -6.1175952
0 0 0 0 3 -0.73478502 9.54556751
45 49 65 80 1 -3.21863699e-05 -7.49679422
0 0 0 0 3 -0.0186645947 7.43340683
18 23 27 62 2 -4.95907625e-05 -10.3858414
101 106 118 141 3 -4.21998775e-05 -5.94886065
55 56 70 105 2 -6.10344614e-05 -8.98861313
121 121 191 195 3 -3.15903453e-05 -7.71176195
161 163 118 149 1 -0.000176781439 -5.12691784
101 106 78 86 0 -0.000168793573 -5.12063313
129 133 106 110 0 -3.88620538e-05 -4.28773069
201 205 75 83 0 -0.000457263377 -2.41704965
114 117 68 103 2 -8.83328175e-05 -4.95207071
15 15 37 45 3 -0.000617216458 -2.98331714
135 140 85 120 3 -0.000302396162 -6.51448154
97 100 112 115 2 -5.43589849e-05 -4.17748928
61 66 82 85 1 -0.000651185575 -4.26868153
98 102 53 63 1 -5.19748719e-05 -5.51399803
143 147 53 88 0 -1.45435088e-05 -6.33825064
46 47 64 74 2 -0.000111816422 -3.04508781
59 59 78 84 3 -4.07693515e-05 -4.30264425
64 67 48 54 1 -5.22133123e-05 -6.44330406
28 31 46 81 1 -7.70082261e-05 -5.54375982
42 47 121 152 2 -0.000233523664 -3.93743968
30 38 86 90 1 -7.52202322e-05 -5.20293951
50 50 70 75 2 -2.40802074e-05 -5.87845182
82 83 179 183 2 -4.80408235e-05 -7.26846695
47 49 124 131 2 -0.00123726507 -1.93511963
12 13 18 26 4 -0.00870249979 -2.44703507
12 16 20 35 0 -0.000590184936 -7.09241724
76 80 36 59 4 -0.000107287102 -1.56287968
72 77 53 60 3 -1.60932268e-05 -5.99804878
61 61 74 109 3 -5.04251402e-05 -7.36099148
30 31 63 70 4 -0.000211233564 -0.752968907
36 39 109 124 2 -5.90080599e-05 -4.55285597
71 76 41 64 4 -0.000294910948 -2.05252194
156 156 33 35 3 -6.63989631e-05 -4.35843325
55 55 93 100 2 -0.000175109177 -3.64684749
133 140 102 109 2 -5.34048886e-05 -5.68457127
135 142 46 50 1 -5.17365115e-05 -6.71153975
39 39 57 59 4 -7.74853543e-05 -3.00890708
51 55 75 86 3 -5.34050341e-05 -4.91761255
56 60 70 101 3 -8.35646206e-05 -4.70750284
47 49 58 62 2 -0.000312075252 -2.71475697
38 42 46 57 1 -0.00118668005 -5.58390951
97 100 108 115 1 -5.59086766e-05 -5.95675087
38 40 44 52 2 -0.000147337749 -9.11405182
47 48 76 111 2 -4.11267902e-05 -6.67380142
47 53 65 100 0 -1.59740139e-05 -5.46315622
52 54 39 46 2 -3.39745056e-05 -4.90933704
70 75 83 118 3 -0.000479061477 -4.95340204
62 67 123 129 0 -9.19092563e-05 -4.19719315
56 56 70 73 3 -4.81601273e-05 -3.64356327
50 50 68 74 3 -0.000180468749 -6.28854036
58 58 75 110 3 -4.82793439e-05 -4.39258337
43 46 58 63 2 -4.10077519e-05 -5.46540594
45 48 124 159 2 -0.000196092908 -6.72242355
114 122 54 69 2 -2.99213734e-05 -5.78173018
118 118 42 77 3 -0.000143048339 -4.51946592
101 105 116 120 0 -3.37360143e-05 -3.75664186
98 98 74 82 3 -3.20671897e-05 -5.78023863
64 64 79 84 3 -9.65578947e-05 -4.49102259
25 25 153 160 3 -0.000207892124 -4.84908533
82 83 107 122 3 -0.000504296098 -5.58652735
4 5 8 43 3 -0.0103169773 -2.22525287
112 112 128 143 3 -0.000140664561 -5.59083223
121 124 104 106 2 -0.00016331354 -1.58708262
90 90 100 131 3 -6.42529922e-05 -4.25258017
29 29 33 40 2 -0.187016591 -2.35429597
88 88 49 72 3 -0.00338664604 -4.70947981
131 133 106 121 2 -6.53261595e-05 -3.97546077
89 90 109 111 2 -9.75115254e-05 -5.43920994
114 117 47 82 2 -5.55510742e-05 -6.97897768
161 161 56 67 2 -7.99884801e-05 -4.72097397
63 63 71 75 2 -5.11404505e-05 -5.30214548
137 140 63 98 1 -0.000115869057 -7.53721189
46 46 66 101 3 -2.51530091e-05 -7.20489216
79 79 108 143 3 -0.00194264855 -5.60082674
104 107 46 57 1 -2.90869757e-05 -8.24781895
154 158 61 69 2 -0.000172132422 -3.8817656
153 153 75 110 3 -1.26361647e-05 -7.12801456
98 98 111 126 3 -1.69276864e-05 -4.5464859
56 59 68 91 1 -6.96175339e-05 -6.08215332
92 93 50 85 2 -0.000226129414 -6.49968719
77 77 92 107 2 -1.37090465e-05 -6.69996929
17 17 38 46 2 -0.000243043542 -5.61258841
53 56 10 17 1 -0.000224225398 -5.24628735
42 45 102 105 2 -0.000289548538 -3.95130229
100 100 143 151 2 -3.31399751e-05 -6.8262167
111 111 32 39 2 -8.34454258e-05 -4.44129419
0 0 0 0 3 -0.0576090701 7.17574692
0 0 0 0 3 -0.0522709303 8.25649929
0 0 0 0 3 -0.688767076 8.19364357
0 0 0 0 3 -0.00886010099 7.09309101
0 0 0 0 3 -0.00392115815 6.26001072
0 0 0 0 3 -0.00254402426 7.66757822
0 0 0 0 2 -0.0042269649 10.2984142
0 0 0 0 2 -0.0504818372 8.7366457
0 0 0 0 3 -0.0346801654 8.32388783
0 0 0 0 1 -0.484739482 9.84413338
0 0 0 0 2 -0.441329271 7.54982138
0 0 0 0 3 -0.848254979 9.23430061
0 0 0 0 2 -0.0105698174 7.42607212
0 0 0 0 0 -0.123541392 11.321743
0 0 0 0 2 -0.492772281 9.57444
0 0 0 0 3 -0.0479818322 8.20928192
0 0 0 0 2 -0.00248878612 7.35249949
0 0 0 0 2 -0.010528421 6.79938126
112 112 125 131 2 -6.97368741e-05 -5.10542059
94 98 51 59 1 -2.70604123e-05 -5.89308262
78 84 38 43 0 -3.82658473e-05 -4.96530342
22 26 30 65 2 -0.165789872 -4.28495026
131 136 69 104 1 -1.80005627e-05 -5.95709133
138 144 33 68 3 -7.58162278e-05 -6.95479298
41 48 56 61 1 -3.80276178e-05 -5.09174776
141 144 91 126 1 -4.70873783e-05 -7.01583719
39 40 119 126 2 -0.000200504204 -4.72073269
40 40 175 180 3 -2.95637437e-05 -4.17472696
126 134 145 153 0 -7.70083425e-05 -2.47178459
64 65 99 102 2 -2.1099986e-05 -6.16876984
49 49 106 141 2 -7.52202031e-05 -6.02133512
35 43 53 56 0 -9.05989327e-06 -4.12414932
103 107 143 150 0 -7.16438517e-05 -5.05901527
47 51 65 72 3 -0.000434841728 -3.05723667
123 124 51 62 3 -0.000355213531 -5.34757996
82 88 170 201 1 -9.56043732e-05 -3.88110971
64 64 157 168 3 -0.000404091115 -3.73050499
203 208 109 111 0 -0.00016557725 -3.06340432
91 96 104 110 1 -2.74180384e-05 -6.43544912
47 51 140 155 3 -6.60413134e-05 -6.5367918
54 58 68 70 4 -0.000214690779 -1.72018731
48 52 74 109 1 -0.000116465788 -5.99917364
171 176 123 158 1 -0.000121472549 -4.90104675
151 154 83 118 4 -0.000111220783 -0.743852854
40 44 78 89 4 -6.0915474e-05 -2.61194587
44 44 56 67 4 -7.29554231e-05 -3.41397786
58 61 30 35 4 -7.90347985e-05 -1.820418
0 0 0 0 1 -1.0238688 10.7363997
0 0 0 0 1 -0.00923793949 5.2510128
64 69 19 54 1 -6.97368159e-05 -7.23424053
187 192 56 91 0 -0.000133988608 -4.68210077
0 0 0 0 1 -0.529911757 9.10622978
0 0 0 0 3 -0.0668300241 9.92243576
70 71 112 123 2 -3.05174635e-05 -6.49172783
94 99 64 66 1 -5.20938775e-05 -5.37128496
51 55 117 152 1 -0.00027166307 -3.2291224
101 107 119 126 0 -6.00809653e-05 -3.55050373
61 66 147 154 0 -0.000221720897 -4.73509979
0 0 0 0 2 -1.30283928 0.486776143
107 108 96 99 2 -2.33649553e-05 -4.30963469
81 83 99 102 2 -2.44378334e-05 -5.34063578
80 85 144 152 0 -0.00010025347 -5.23394489
143 147 30 65 3 -8.16570173e-05 -6.88912249
0 0 0 0 3 -0.00156085473 3.26375914
155 155 58 66 2 -0.000412556605 -5.61893892
44 51 91 93 1 -6.54454489e-05 -6.79963541
0 0 0 0 1 -0.0583633967 8.43339443
10 14 24 30 2 -0.000184292963 -5.57142067
29 32 46 52 2 -0.00040981191 -4.55286503
89 99 46 53 1 -3.00406427e-05 -5.23872662
90 92 134 136 1 -0.000132438581 -2.72099161
83 84 96 99 2 -4.57761125e-05 -4.37358522
62 65 84 90 2 -3.69547088e-05 -4.6006608
0 0 0 0 3 -0.020842487 7.89358044
108 114 48 55 3 -1.69276864e-05 -5.04644585
69 73 88 123 3 -0.000201101153 -5.30373383
42 49 59 94 1 -4.92331528e-05 -5.82637978
132 132 150 185 2 -0.000638424302 -6.2719655
42 43 88 95 2 -0.000107763306 -5.3081193
49 59 69 73 0 -0.000153890986 -3.56278515
53 53 112 118 3 -6.17498372e-05 -4.17592096
124 128 47 82 3 -6.23459564e-05 -6.94232464
45 49 85 120 3 -0.00054176792 -5.28233433
35 35 104 107 2 -0.000103232778 -4.8761611
57 61 99 134 2 -4.36303344e-05 -6.80651617
0 0 0 0 4 -0.00155140064 4.75311136
0 0 0 0 2 -0.440609425 9.21112156
62 68 47 55 3 -0.00100226235 -4.21993828
90 94 107 114 4 -4.863711e-05 -1.34737206
40 43 123 130 1 -0.000142331934 -6.96887255
73 73 109 144 4 -0.000666543725 -2.4091754
0 0 0 0 2 -0.0175628737 8.15888691
92 93 45 50 4 -0.00118021481 -2.98431516
108 109 67 71 4 -0.000333534175 -2.26710892
116 116 66 101 3 -2.39609763e-05 -6.98156118
94 97 112 114 2 -3.93387963e-05 -4.17618608
142 144 102 112 2 -0.000840133463 -6.54402828
118 118 40 63 3 -1.46627144e-05 -6.9049058
114 115 152 167 3 -0.000474543893 -4.63355827
58 68 141 147 0 -3.46896632e-05 -4.42951679
97 98 66 67 3 -0.000179285897 -3.9479537
135 140 41 76 3 -0.000179763651 -6.32285166
72 76 108 111 1 -0.000347478024 -1.95117438
65 67 81 88 1 -0.00014662373 -4.06882334
85 90 163 170 0 -0.0013224791 -2.6912303
152 159 191 197 1 -0.000470368512 -3.10090995
58 60 107 114 2 -1.15632829e-05 -6.32330656
24 26 96 111 2 -8.88090799e-05 -6.40122986
40 45 52 87 1 -0.00017761442 -3.39783502
0 0 0 0 2 -0.0321746469 6.98293304
0 0 0 0 2 -0.0497000888 8.35600662
48 53 64 99 2 -3.80275706e-05 -4.37304258
78 82 94 102 3 -2.20536476e-05 -5.32552719
78 81 55 62 3 -4.57761489e-05 -7.39184046
0 0 0 0 2 -0.285719514 8.6130743
79 90 121 152 0 -0.000215525157 -7.26982737
103 110 56 91 3 -0.0279153939 -5.70737028
66 70 43 51 4 -6.77103308e-05 -2.47578359
0 0 0 0 2 -0.00923405681 7.28639412
0 0 0 0 1 -0.0016284876 5.78055191
61 66 100 108 2 -2.28881072e-05 -6.05213547
120 121 189 197 2 -3.15903453e-05 -6.04808807
84 86 106 111 2 -3.98157135e-05 -5.03059292
0 0 0 0 3 -0.00133145531 0.717402935
106 106 70 75 3 -8.85715708e-05 -5.44064426
37 39 173 208 2 -0.00133162411 -3.91015601
0 0 0 0 1 -0.00376602495 7.2385006
37 37 52 53 4 -0.000202532276 0.186400026
94 97 45 80 1 -8.69022551e-05 -7.84400177
85 85 73 76 3 -6.89023509e-05 -3.1261189
24 29 34 38 4 -0.000247698161 -3.48397183
119 123 136 159 3 -8.54717364e-05 -6.49425316
49 55 114 137 2 -5.38819077e-05 -6.35702085
114 118 22 31 1 -4.21997102e-05 -7.62197733
0 0 0 0 3 -0.484912068 9.28021812
119 123 132 138 4 -8.92864482e-05 -1.99881732
103 103 63 98 3 -0.00153389177 -6.63900852
50 55 124 159 3 -6.48491987e-05 -5.24198437
0 0 0 0 0 -0.10791517 11.3504248
100 102 82 85 2 -0.00013565713 -5.03826332
0 0 0 0 3 -0.966014981 10.4177017
90 90 161 172 3 -0.00929247681 -3.36128688
30 34 39 51 2 -0.000997411902 -7.28281403
122 125 41 76 2 -9.19088925e-05 -6.16607761
0 0 0 0 2 -0.203233242 7.89990997
53 57 72 79 3 -0.000212663494 -4.60136652
82 84 27 62 1 -0.000123856022 -5.43982458
116 121 100 104 1 -8.84514448e-05 -5.8045826
85 85 113 115 4 -0.000527818571 -3.22868586
52 58 80 115 2 -0.00014519009 -9.62187958
52 60 71 86 2 -0.00107472716 -1.90929675
129 132 57 92 2 -1.13248643e-05 -9.69915771
78 84 11 15 0 -9.03591572e-05 -3.5857296
105 113 55 59 0 -2.53915096e-05 -3.43358779
42 46 105 140 2 -6.66368433e-05 -5.17229462
0 0 0 0 2 -0.54643023 8.93869495
68 72 86 117 1 -0.000171776337 -6.04030228
109 113 133 168 4 -0.000132677509 -1.45619726
103 105 49 57 1 -9.14310003e-05 -6.0104537
150 158 69 104 4 -0.000293599063 -2.68427753
69 71 20 22 1 -0.000169393257 -5.13386202
106 108 42 47 2 -5.66237795e-05 -6.42104006
101 101 110 117 4 -7.92730061e-05 -3.10368156
112 116 90 96 1 -0.000475795823 -5.26742744
114 118 96 103 0 -0.00019585542 -4.24278498
74 77 47 54 2 -6.3180878e-06 -7.5100832
44 47 65 80 2 -1.94310378e-05 -8.82037354
79 84 93 128 2 -8.01072529e-05 -5.53260422
53 57 111 114 0 -0.000170226238 -3.35302043
177 181 110 115 2 -1.82389795e-05 -6.08091831
73 76 125 129 0 -2.24112628e-05 -4.31375694
19 23 49 57 4 -0.00032970449 -3.2399435
107 107 122 133 2 -0.000104664417 -5.8230319
56 60 69 76 2 -3.20671534e-05 -3.80569911
109 109 52 55 4 -0.000208134545 -2.04096389
0 0 0 0 3 -0.00975013711 7.77257586
77 79 60 65 2 -1.21593284e-05 -7.27707672
0 0 0 0 2 -0.185075939 8.3800745
0 0 0 0 2 -0.337995768 8.98949242
0 0 0 0 2 -0.670902431 9.49097252
63 64 32 37 2 -0.000249615608 -5.14744234
57 62 75 110 3 -2.83716981e-05 -6.22375631
0 0 0 0 2 -0.00126199401 5.34500647
0 0 0 0 2 -0.0464256071 8.52177429
94 103 26 29 0 -0.000159498319 -3.44739532
88 94 20 27 0 -0.000133511363 -2.49232388
140 145 158 165 4 -0.000166293685 0.15797773
83 85 158 181 2 -0.000109551329 -9.49506664
46 53 57 63 2 -0.000538395951 -5.38453102
76 81 64 66 0 -0.000172491316 -3.34601808
114 115 131 133 2 -3.45705193e-05 -5.59968805
26 30 108 143 2 -2.34841609e-05 -9.40548611
62 65 126 137 2 -4.66105485e-05 -3.69897079
55 60 80 88 0 -0.00530965254 -1.00091314
0 0 0 0 2 -0.524007738 8.42227364
7 11 17 52 4 -0.000141975848 -0.0573977157
147 147 60 95 3 -6.98558579e-05 -6.7644043
44 47 111 146 2 -1.7285307e-05 -7.85426855
0 0 0 0 2 -0.11121016 9.66357899
142 147 61 69 2 -0.000574058737 -5.29019356
132 137 200 208 1 -0.0468821339 -6.13965797
130 130 88 96 3 -4.64913392e-05 -6.84903336
141 144 90 125 2 -0.000153419474 -7.30715704
61 62 102 137 2 -4.19614153e-05 -5.63026619
112 114 81 87 2 -7.74859382e-06 -8.20764065
24 29 37 72 2 -4.02925325e-05 -6.98118162
0 0 0 0 2 -0.0117044384 7.0980835
67 70 41 47 4 -3.19479223e-05 -1.43891394
110 110 121 156 2 -0.000176664296 -5.02698898
0 0 0 0 3 -0.00678622955 7.31494141
0 0 0 0 1 -0.00968309678 7.89707851
75 76 55 62 3 -0.000105737185 -4.58450222
0 0 0 0 2 -0.00222667307 4.77232552
67 72 85 93 2 -5.00673996e-05 -4.60482788
13 18 31 33 3 -0.0255775042 -1.96699893
68 75 106 110 3 -0.000190729988 -4.78501654
0 0 0 0 3 -0.00584192714 2.56087351
144 148 41 45 2 -3.32592535e-05 -5.70693636
162 162 110 112 3 -0.00193898845 -4.45284891
81 88 54 61 0 -8.86901107e-05 -3.61835957
0 0 0 0 3 -0.342043012 9.96316338
49 49 119 142 3 -5.00676106e-05 -4.48610067
50 54 71 76 3 -0.000291452016 -6.45677233
69 72 180 203 3 -0.00188171677 -6.44231462
162 166 92 127 1 -7.36702204e-05 -6.30144072
0 0 0 0 1 -0.0861563683 7.59763193
94 94 67 74 3 -4.01732941e-05 -4.4481945
71 75 24 59 0 -2.3364948e-05 -5.61425543
131 132 110 116 4 -9.40551618e-05 -2.51291442
75 83 45 48 2 -0.000368696288 -3.99054503
82 88 108 143 1 -5.84118534e-05 -6.25365353
56 59 47 48 4 -9.77503805e-05 -2.16133213
107 111 45 51 4 -5.22133887e-05 -2.89231324
0 0 0 0 2 -0.00790586043 7.00752687
0 0 0 0 3 -0.333226413 9.81052876
0 0 0 0 4 -0.107719533 7.68174505
31 35 55 90 1 -0.000523007358 -7.18236208
97 100 34 41 2 -0.000144000427 -3.73980665
36 36 92 95 2 -1.9788682e-05 -5.44107676
96 99 106 113 2 -1.32322057e-05 -6.12887764
18 20 36 43 2 -4.52991044e-05 -5.83064413
103 106 39 74 2 -6.3180878e-06 -7.05356979
0 0 0 0 1 -0.071533218 8.78383636
100 102 45 49 1 -5.38822496e-05 -4.8327055
131 132 140 146 2 -0.000165935286 -3.8096683
92 94 45 68 2 -1.34706297e-05 -5.64381886
170 171 75 110 3 -7.10478198e-05 -7.97408152
49 55 62 65 0 -0.000100849044 -3.20430279
143 148 56 63 2 -2.58683122e-05 -6.5730238
0 0 0 0 3 -0.340934962 8.86351109
76 84 113 120 1 -0.000120876051 -4.41699362
51 51 127 131 4 -0.0082947826 -2.43607855
130 132 88 94 2 -6.91413243e-06 -7.38786459
70 76 111 113 2 -4.64913464e-05 -5.47847891
0 0 0 0 3 -0.520617962 9.00925732
80 83 100 106 2 -1.26361647e-05 -8.22137928
171 172 56 63 2 -0.000204315264 -4.63378954
53 55 12 47 2 -0.000157472401 -3.93466926
24 26 46 61 2 -6.5565041e-06 -9.49994659
0 0 0 0 2 -0.0741947591 8.74701023
98 103 53 88 4 -5.94849844e-05 -1.44104207
0 0 0 0 1 -0.0233802442 8.29222393
113 116 64 70 2 -0.00031683431 -3.94189525
0 0 0 0 0 -0.800722241 11.9208059
0 0 0 0 2 -0.134907752 9.67435932
163 170 62 97 1 -0.000390864123 -4.50039768
88 93 51 66 2 -1.09672428e-05 -6.91101027
119 121 93 97 2 -8.24912422e-05 -7.60458326
182 186 32 38 2 -0.00401147641 -5.54635334
86 86 92 98 2 -7.56968366e-05 -6.33427811
0 0 0 0 4 -0.0510283746 8.27390099
69 75 42 49 0 -5.44782124e-05 -3.32653594
47 51 62 67 4 -0.0743490234 1.24686205
97 101 157 188 2 -0.524690032 -0.810042977
24 28 41 76 2 -0.000226132295 -3.50816631
72 75 126 128 2 -0.000166770362 -3.7457478
0 0 0 0 2 -0.0260509327 6.54289722
107 112 31 66 0 -5.43588212e-05 -5.63674402
52 57 70 78 3 -8.76178383e-05 -4.23886967
41 43 55 62 3 -2.89677591e-05 -6.54361725
110 114 209 212 2 -0.000138994161 -5.41702843
101 104 110 114 3 -4.11269502e-05 -5.09735823
178 179 66 70 2 -0.00055032759 -5.06849241
111 115 46 52 1 -6.0080707e-05 -6.99584436
37 41 50 53 3 -4.25574399e-05 -5.21926117
64 66 46 54 2 -7.00944292e-05 -4.32879734
53 55 72 76 2 -0.000189060273 -3.39674926
45 47 28 30 2 -0.000402309757 -2.77477241
48 48 130 135 4 -0.000318634149 -2.73176169
0 0 0 0 3 -0.0423857942 8.28550053
131 137 46 81 0 -9.19091108e-05 -4.26353788
113 115 55 90 1 -5.72194331e-05 -5.59485149
44 47 141 143 2 -2.86101185e-05 -5.96582699
0 0 0 0 2 -0.149910063 5.1805625
102 102 52 87 2 -5.3166892e-05 -6.38178015
145 147 67 82 1 -5.42397829e-05 -5.73714161
66 71 89 124 4 -5.18557354e-05 -3.42580533
191 194 132 167 2 -3.38552782e-05 -6.60375404
0 0 0 0 2 -0.229710937 10.0229616
112 112 84 92 2 -9.90613044e-05 -5.23778009
39 40 21 28 3 -3.54049844e-05 -5.53125477
67 72 47 51 1 -0.000130770481 -6.80907965
82 89 65 69 0 -2.00271152e-05 -3.7784791
51 52 68 77 2 -2.67027972e-05 -6.11440468
74 77 145 168 1 -0.00032268191 -3.57934666
111 122 131 134 0 -0.000161285978 -4.48386049
0 0 0 0 2 -0.492532611 10.2266474
78 84 92 97 0 -3.68353394e-05 -4.06999683
56 60 150 154 0 -0.000619673228 -3.64504552
0 0 0 0 2 -0.00873408839 5.78983307
125 127 83 85 2 -0.000260344677 -4.69218302
94 94 101 104 3 -4.81601091e-05 -3.72290564
48 49 134 142 3 -0.000283469155 -4.50616598
45 49 64 68 1 -4.55377012e-05 -3.92705631
110 110 130 136 3 -4.14845636e-05 -5.73424435
59 63 82 91 0 -0.00010037273 -5.2964406
0 0 0 0 3 -0.0108826235 6.18792725
0 0 0 0 2 -0.0537822209 8.21711826
0 0 0 0 2 -0.0105382781 10.7673378
173 173 81 116 3 -0.0062233964 -2.27259469
145 153 102 107 1 -0.000296215236 -4.64747953
92 95 116 122 2 -1.40666743e-05 -6.02329588
45 50 61 65 2 -2.45570336e-05 -10.2644615
78 80 46 53 2 -6.50876245e-05 -3.70802355
139 139 154 169 2 -2.96830003e-05 -6.49478912
0 0 0 0 3 -0.197937772 9.19234753
83 89 102 104 0 -0.000213490508 -1.48332345
103 109 118 133 0 -0.000123498248 -5.32839108
0 0 0 0 2 -0.00256604468 7.73975515
53 58 67 90 1 -0.000205034085 -6.26250696
66 73 105 110 0 -0.00012635962 -3.95941186
96 97 111 118 2 -2.36033538e-05 -6.74659157
51 52 123 158 2 -5.11404432e-05 -6.41987181
38 42 58 62 0 -9.82244674e-05 -6.16816187
138 140 44 79 2 -0.000110266876 -5.40346193
126 126 95 110 3 -6.79485602e-05 -6.56434631
114 122 134 169 2 -0.000238887471 -4.39931631
65 65 81 112 3 -0.000402307924 -3.74618125
122 122 43 50 2 -4.17230331e-05 -8.72742939
34 34 17 25 3 -0.000644974993 -3.22782516
136 137 78 80 2 -1.5020345e-05 -5.93901825
135 140 155 190 3 -9.46511136e-05 -7.07163811
70 73 107 122 3 -3.85043822e-05 -5.46680117
116 122 97 99 1 -1.59740066e-05 -4.7765789
167 167 93 128 2 -4.74450062e-05 -7.1108036
154 158 106 141 4 -0.000207537552 -2.486938
110 114 124 139 2 -3.79083212e-05 -2.79017305
0 0 0 0 3 -0.0710414946 10.2473812
78 86 164 175 3 -0.000795399363 -3.59883189
77 81 27 62 1 -5.80545529e-05 -6.90697575
0 0 0 0 2 -0.277075976 5.01747417
74 78 97 104 3 -9.310116e-05 -4.30827141
45 45 108 143 3 -0.000978670083 -1.66937697
140 144 39 47 2 -5.24514871e-05 -5.21721792
134 136 145 168 1 -5.92465221e-05 -6.7644186
122 125 198 207 2 -0.000307634997 -9.30220795
33 37 107 114 1 -0.000203008662 -4.17834902
0 0 0 0 4 -0.0153863495 8.23062992
61 69 83 85 0 -1.77621259e-05 -4.61433411
82 92 109 117 1 -7.39088864e-05 -5.57846546
46 50 111 146 3 -9.44124768e-05 -5.21611261
123 123 140 146 2 -0.012636872 -2.08271384
40 51 193 228 0 -0.000624370005 -5.07733297
147 151 92 127 2 -0.00045093277 -6.54764128
0 0 0 0 3 -0.181463316 10.5437946
140 141 208 239 3 -0.0104206484 -5.24106169
99 99 51 55 4 -0.000106452593 -3.16967797
100 105 63 70 1 -0.000168912142 -2.58279896
0 0 0 0 2 -0.643622458 7.24973345
0 0 0 0 2 -0.343418866 9.49596405
100 102 118 153 2 -0.000153892106 -5.70471144
141 151 101 112 0 -4.43454956e-05 -4.67202806
66 68 52 59 2 -4.10077701e-05 -5.05188513
0 0 0 0 2 -0.0961994752 6.15232611
117 121 137 142 3 -4.92328436e-05 -6.43400574
62 66 44 45 3 -0.0117365718 -2.05244899
107 108 129 135 2 -0.00080115709 -6.21858072
120 121 137 144 3 -0.00285679009 -3.70049024
0 0 47 82 3 -1.38564456 -0.954692125
40 44 49 53 4 -0.00174291979 -2.26751399
26 27 38 44 4 -0.00377753377 -2.85925436
0 0 0 0 1 -0.104493216 -2.94070768
0 0 0 0 3 -0.674218595 9.06681728
43 52 159 194 0 -0.000133508787 -6.53289986
60 61 73 79 2 -9.2983164e-06 -7.33452225
142 146 98 105 2 -0.00018595974 -3.18451309
60 63 39 45 1 -2.74180347e-05 -8.08021545
103 107 42 44 0 -2.94445636e-05 -3.7003324
97 103 42 50 0 -1.54971767e-05 -5.66640043
112 114 96 106 2 -5.80544147e-05 -4.29919672
0 0 0 0 2 -0.00207190053 6.48078823
97 97 35 50 2 -6.11538853e-05 -7.58194637
118 122 11 18 1 -0.000554272207 -6.37759018
92 97 107 118 2 -7.27175848e-06 -7.76769209
73 76 48 55 3 -6.09153867e-05 -5.44887733
120 127 160 183 0 -0.00321897818 -1.84898746
114 115 66 101 3 -3.64778789e-05 -6.3266139
140 141 172 179 2 -0.000223032941 -5.10858393
230 231 34 69 3 -0.0497666001 -4.5006752
94 97 112 121 4 -3.89811794e-05 -0.0300441459
46 54 67 102 1 -0.000226250137 -8.18516064
44 48 59 74 2 -0.00144049036 -1.16006494
58 64 82 117 2 -4.23189995e-05 -7.09411764
54 60 150 156 1 -7.7127348e-05 -3.57897258
39 40 87 95 1 -9.65579529e-05 -3.56827593
130 132 110 116 2 -5.65047958e-05 -4.6337471
98 102 44 48 3 -3.37360689e-05 -4.7771225
135 135 93 124 2 -0.000127908352 -5.47912407
128 129 46 53 1 -5.90081763e-05 -4.07012701
112 113 60 95 2 -2.01463208e-05 -5.41768169
67 67 102 137 3 -4.39880168e-05 -5.39848185
104 108 31 66 2 -0.000519458088 -7.04771566
118 118 171 206 4 -0.0204874668 -3.34780598
40 40 58 73 3 -1.21593312e-05 -6.57712173
67 70 172 207 3 -0.000126001498 -7.44242144
0 0 0 0 2 -0.00552052772 6.94494629
92 96 139 142 2 -1.8238974e-05 -7.74182749
72 76 90 97 2 -0.000353668816 -3.61368895
0 0 0 0 4 -0.0343882814 7.54286861
22 27 81 116 3 -2.3245706e-05 -6.36642313
103 111 40 75 0 -2.06231562e-05 -6.52343988
55 59 136 171 3 -0.000623294152 -5.94477272
187 194 45 80 3 -0.000522198738 -6.69729137
62 66 44 55 2 -1.56163896e-05 -6.72322083
22 26 31 66 4 -0.000169034669 -3.68392491
68 71 48 56 2 -1.01327787e-05 -4.68657923
58 62 102 137 4 -0.00073090673 -6.19819212
68 68 110 145 3 -0.00064770662 -4.07233858
40 40 50 81 4 -0.000142095028 -2.35547972
0 0 0 0 2 -0.58471477 9.84746075
48 51 83 87 2 -2.71796125e-05 -7.59181166
88 90 100 104 2 -4.30342698e-05 -4.38683128
164 164 74 81 2 -8.74986727e-05 -4.91721344
45 45 82 117 2 -8.24913732e-05 -4.28828621
71 74 25 60 2 -0.000269159966 -7.03459072
103 110 57 92 1 -0.000185603596 -5.26345158
23 29 85 100 1 -6.66374544e-05 -6.18160725
110 111 59 90 3 -0.000100849618 -4.12222147
116 123 44 49 0 -6.43720923e-05 -4.49622965
60 63 137 145 3 -3.75507516e-05 -6.38622475
66 67 105 109 2 -8.07036704e-05 -5.752666
113 120 81 88 0 -3.55242009e-05 -3.4480052
49 50 60 95 3 -3.50473456e-05 -7.37267494
120 121 59 94 4 -0.00038312067 -1.14418256
98 103 74 85 3 -2.88485571e-05 -5.84603596
81 85 43 74 3 -3.23055865e-05 -7.13201618
143 147 69 75 4 -0.000600163417 -2.41331482
84 84 114 121 3 -6.53261959e-05 -3.39077091
75 77 109 144 4 -0.000169988896 -1.55000472
100 104 85 90 4 -0.000106333493 -0.909260988
141 143 40 43 1 -6.73526083e-05 -5.5924859
0 0 0 0 2 -0.00816115551 6.6263876
0 0 0 0 3 -0.217136428 8.43080902
113 118 48 57 2 -0.000162355951 -7.36838675
70 75 85 91 1 -3.18287421e-05 -8.23197174
110 116 156 163 3 -8.97635691e-05 -6.59342957
122 124 82 90 2 -3.95772186e-05 -4.98066473
92 95 41 76 0 -5.81732384e-05 -3.65373278
91 91 103 134 3 -0.00105809886 -2.76284337
0 0 0 0 1 -0.149688318 9.89631939
54 56 103 105 3 -7.82001007e-05 -5.38543844
54 57 157 164 4 -0.000299558102 -1.37720895
0 0 0 0 2 -0.962168336 8.2000246
25 29 33 40 2 -0.000195494227 -11.4277725
0 0 0 0 2 -0.00397454761 5.04187346
145 145 94 129 3 -4.88754486e-05 -5.36056852
47 51 86 121 4 -5.65046757e-05 -1.867612
61 62 29 35 3 -0.000272619858 -6.06875706
99 105 31 66 1 -8.97632708e-05 -5.99443245
179 179 129 164 3 -6.02001455e-05 -5.09472036
0 0 0 0 2 -0.0654408857 8.36724663
133 137 76 111 3 -0.000102876278 -6.44938993
58 63 81 86 0 -0.000419952325 -2.46957684
0 0 0 0 2 -0.317263454 8.86275101
47 50 108 143 3 -0.000290502678 -5.8158145
0 0 0 0 2 -0.164780423 0.503492475
0 0 0 0 2 -0.00481985975 6.18309164
65 71 80 95 1 -2.99214225e-05 -5.12962627
0 0 0 0 2 -0.0124896821 3.76530719
0 0 0 0 2 -0.315450251 8.74820614
127 130 72 107 4 -6.75909178e-05 -1.61433566
151 154 83 114 1 -8.27298209e-05 -5.62550354
56 60 76 84 2 -1.53779729e-05 -5.84887218
114 118 46 81 3 -6.59217767e-05 -8.16851807
84 92 138 145 0 -0.000125165519 -2.89733028
157 161 114 122 3 -0.000123617341 -7.02587938
85 85 94 117 2 -0.000326613226 -3.81840801
109 113 122 129 3 -0.000153657602 -5.0617733
109 113 147 182 4 -0.000360584178 -2.3498013
53 54 67 70 3 -0.000334838434 -3.65202355
126 126 77 112 3 -0.000251520483 -4.59265089
91 91 101 103 2 -0.000473804568 -2.73492956
132 143 59 70 0 -4.73257351e-05 -3.73060989
106 107 41 56 2 -3.38552345e-05 -6.11963177
100 100 150 153 3 -9.63199709e-05 -2.56652784
0 0 0 0 3 -0.490569711 10.1796656
47 47 57 92 3 -3.27824127e-05 -6.52286386
0 0 0 0 4 -0.0679913759 7.64455223
24 26 111 134 2 -0.0036119055 -4.01744366
105 107 82 91 1 -6.5087479e-05 -7.49883366
0 0 0 0 2 -0.221994385 8.70073032
34 38 149 151 1 -0.000524665113 -5.35899639
106 109 122 137 2 -5.84125064e-06 -6.59916067
127 127 90 105 3 -7.22401383e-05 -5.3537426
71 73 31 39 1 -1.19514 3.96051455
52 52 73 81 3 -0.000169392821 -3.94317126
0 0 0 0 2 -0.058928486 8.33081055
54 58 117 152 3 -0.000120876532 -5.7907896
77 80 117 148 2 -0.000301943684 -3.88656926
35 42 95 103 0 -4.72064821e-05 -3.73869109
147 152 44 45 1 -6.16306061e-05 -4.56243658
0 0 0 0 1 -0.0609285831 9.1491003
121 126 73 80 3 -0.000144121004 -4.11048889
118 121 72 107 3 -0.00162957003 -4.48873377
0 0 0 0 3 -0.00257654837 5.73004675
86 88 58 69 2 -3.06366856e-05 -5.68962383
0 0 0 0 3 -0.125670716 8.48627377
0 0 0 0 2 -0.362616271 8.65274143
147 148 41 47 2 -0.000352234638 -2.71093154
114 118 147 154 2 -0.000346878951 -3.30100203
129 135 64 99 0 -6.10346397e-05 -5.88401413
125 126 108 114 2 -0.000300634303 -3.82587385
223 224 126 161 2 -3.05174599e-05 -8.09832382
125 130 53 76 4 -0.00037846464 -2.00194669
66 73 85 89 0 -2.93253415e-05 -2.70459151
56 62 75 79 2 -1.18017015e-05 -9.07231617
37 41 88 123 3 -9.60814941e-05 -5.3040123
100 100 56 91 3 -0.00264311722 -2.51297832
0 0 0 0 3 -0.406673342 8.65211773
36 36 105 112 2 -0.00020467487 -4.12764406
0 0 0 0 2 -0.0311990622 7.55565548
123 128 44 59 1 -3.92196634e-05 -5.54369402
52 53 94 96 2 -0.000140186195 -3.46986294
22 22 29 64 2 -0.000484181044 -6.71567678
79 80 88 90 2 -2.89677391e-05 -4.19466352
0 0 0 0 3 -0.546657801 9.97117805
70 74 104 139 2 -0.0011249301 -4.78809357
175 176 119 154 4 -0.000211229271 -0.693530262
0 0 0 0 2 -0.00454822974 5.87873554
106 107 90 99 2 -2.13384064e-05 -7.06120968
0 0 0 0 3 -0.0237510093 7.31252718
107 107 58 61 3 -2.61067489e-05 -5.59958649
49 53 65 72 3 -0.00013708754 -4.59415531
50 53 63 67 1 -1.56163824e-05 -6.8502264
126 130 41 43 1 -6.35381075e-05 -5.29708862
78 81 21 26 1 -3.23055938e-05 -4.88208914
105 113 51 86 3 -3.62393184e-05 -6.98273754
0 0 0 0 2 -0.00132271252 7.29422855
75 79 153 188 3 -0.000464280776 -5.37047911
0 0 0 0 2 -0.630777597 9.04245949
42 44 55 86 3 -7.61738484e-05 -5.29212046
100 104 120 128 3 -1.1324867e-05 -6.93160295
105 108 87 94 2 -7.34321147e-05 -5.93801928
159 163 72 107 3 -0.0205048006 -2.68466067
0 0 0 0 2 -0.0346192233 7.68345118
76 80 117 132 3 -0.00145210256 -5.57482576
91 95 105 140 3 -0.00112595886 -4.9147253
18 21 126 135 1 -0.000105856569 -4.20440245
0 0 0 0 2 -0.00360532082 6.33321285
74 78 119 125 3 -2.07423618e-05 -6.58110523
0 0 0 0 2 -0.0303428415 7.57829857
117 118 47 54 3 -5.09020174e-05 -5.54788065
0 0 0 0 2 -0.616750062 7.91645861
55 62 73 84 2 -1.07288242e-05 -5.14572382
32 35 39 47 0 -0.000131363282 -5.74444723
107 112 25 28 3 -0.00360379275 -3.88091969
54 59 186 193 1 -3.37361016e-05 -6.04992628
0 0 0 0 4 -0.000269641314 1.91734493
41 45 59 90 3 -7.99884874e-05 -5.52603817
95 101 111 134 1 -4.35111433e-05 -7.31368637
47 49 100 135 2 -0.000340200437 -3.78844547
135 143 114 121 1 -0.000126597501 -5.69095898
117 121 103 106 0 -5.62663845e-05 -4.34128237
59 62 75 77 2 -0.00124278199 -1.1064496
0 0 0 0 3 -0.0074202558 3.21244264
91 94 70 74 3 -0.000139472162 -3.97656679
93 97 48 79 2 -3.36168632e-05 -6.00374699
78 83 96 104 3 -9.50087924e-05 -6.15174675
115 121 198 213 2 -0.00028024966 -6.06984043
131 135 52 87 1 -3.99349301e-05 -7.2649498
43 47 127 135 0 -6.61604863e-05 -3.89279056
101 106 127 135 0 -2.00271079e-05 -5.6151576
56 62 120 151 1 -0.000917779806 -1.25297356
185 185 54 61 3 -3.73123585e-05 -4.60046482
0 0 0 0 2 -0.0234840531 6.9384284
44 46 58 64 1 -2.87293424e-05 -6.27369452
0 0 0 0 2 -0.198740572 8.80762196
0 0 0 0 2 -0.00473054731 6.90056992
118 122 137 144 1 -0.000218025612 -5.48397303
176 179 194 229 2 -0.000573767815 -8.23335171
216 216 164 199 2 -0.127160028 -2.02345157
0 0 0 0 2 -0.587529838 9.79936504
127 133 79 114 1 -7.03325495e-05 -5.25759459
0 0 0 0 2 -0.793191731 9.71234894
0 0 0 0 2 -0.00152386143 5.23037815
41 48 102 113 2 -0.000211470673 -4.21548033
96 101 41 43 1 -1.81197702e-05 -6.81725311
0 0 0 0 1 -0.386719137 5.82022953
0 0 0 0 3 -0.664538145 8.28924274
0 0 0 0 2 -0.0508153513 7.46048641
49 54 68 73 0 -0.158021182 1.62091315
0 0 0 0 2 -0.404293299 7.96773481
92 96 43 78 3 -4.88755104e-05 -6.42981291
121 124 141 176 2 -0.000103948303 -4.85444498
75 81 50 58 1 -0.000136369228 -5.33873177
93 97 107 142 2 -9.04769768e-05 -9.59174347
54 58 73 108 4 -0.000135181253 -3.19234538
0 0 0 0 2 -0.113860928 7.995893
116 120 148 152 1 -3.62394603e-05 -4.50404501
115 118 130 133 1 -8.03462462e-05 -6.25198174
81 87 96 104 1 -8.45182876e-05 -5.05165005
81 86 107 109 3 -6.22266816e-05 -5.32936859
17 25 30 33 1 -0.00195322069 -8.17551613
0 0 0 0 2 -0.0263077728 6.91026211
87 90 101 110 2 -3.45705448e-05 -5.88735056
89 89 67 71 2 -8.24912204e-05 -7.39063644
108 115 91 93 2 -8.42795125e-05 -4.76374626
72 75 44 51 0 -3.44513101e-05 -4.54374266
95 99 84 90 1 -3.82660073e-05 -5.89685965
59 63 157 166 2 -0.000307291601 -6.73953962
216 220 171 175 2 -0.000220407688 -6.8275876
80 85 96 131 4 -0.000280251697 -0.4181315
98 99 116 122 2 -0.00199842616 -2.57956028
85 88 104 139 2 -1.51395498e-05 -6.82070494
78 80 22 27 1 -3.68353794e-05 -6.1741066
19 19 30 38 3 -4.95907407e-05 -4.34212971
0 0 0 0 1 -0.439324021 8.3600359
144 146 90 125 1 -7.60547555e-05 -5.23226547
0 0 0 0 2 -0.00233353698 5.34499741
140 147 163 169 3 -3.3974502e-05 -7.48206615
132 139 149 151 0 -7.71277337e-05 -4.74023199
113 117 135 142 3 -0.00150379655 -4.80574942
0 0 0 0 2 -0.615828931 7.17159271
61 62 49 54 2 -1.57356008e-05 -4.22487211
28 28 58 64 2 -2.09807713e-05 -9.10736275
124 128 71 106 3 -0.000499214861 -3.99566889
82 86 143 149 0 -8.17763503e-05 -4.81697035
87 88 132 136 2 -0.000166172671 -5.06432152
30 37 45 80 2 -4.14845708e-05 -7.75893354
83 87 103 109 4 -3.31400443e-05 -2.96073365
52 58 119 154 2 -4.61337477e-05 -8.29130936
0 0 0 0 2 -0.00125819794 6.33927488
0 0 0 0 3 -0.00511590391 5.95266628
81 81 97 105 3 -7.35513604e-05 -5.12382984
76 78 29 64 1 -2.06231416e-05 -6.61056089
0 0 0 0 2 -0.152982891 9.02319717
139 142 38 49 4 -0.00062650413 -2.34234381
144 147 45 80 4 -0.000376683427 -0.659111857
138 142 107 114 2 -0.000300602202 -7.96380234
0 0 0 0 3 -0.572076261 10.0337276
71 75 51 59 3 -3.65970918e-05 -8.36073589
0 0 0 0 3 -0.00723390467 3.35796142
45 49 58 93 4 -6.62798702e-05 -2.18967175
0 0 0 0 1 -0.00472303713 8.86598301
83 86 101 108 0 -0.000138040574 -2.41629577
34 37 76 99 2 -2.07423545e-05 -6.06097555
97 99 107 111 2 -2.12192008e-05 -5.27022409
133 135 35 66 1 -0.000222555886 -7.13210487
78 85 144 146 1 -0.000110624154 -3.85939622
102 103 57 62 3 -0.000125285398 -5.58992195
186 189 82 117 2 -0.000191441897 -7.95702744
173 178 126 149 2 -5.75775339e-05 -7.01628351
182 189 31 36 0 -0.000206225159 -2.11668563
48 52 81 90 1 -0.000128504325 -5.94392824
133 136 54 62 2 -1.82389849e-05 -6.29735327
0 0 0 0 2 -0.00397041393 7.74024868
30 33 42 47 1 -2.67027972e-05 -7.75751448
0 0 0 0 1 -1.0173161 9.25304985
101 103 114 118 2 -8.2254337e-06 -7.76920557
0 0 0 0 1 -0.0156673994 8.01954269
44 48 109 144 3 -0.000173325068 -6.19375706
97 99 42 53 3 -0.000106333398 -5.66276741
131 136 43 47 3 -2.57491192e-05 -5.81857014
159 162 55 62 3 -0.000699098571 -4.06792402
0 0 0 0 1 -0.541156769 9.71674633
87 90 100 135 2 -2.74179583e-05 -6.87469387
34 38 44 79 1 -0.000238763416 -7.10812044
0 0 0 0 2 -0.340254545 6.86762094
81 83 51 62 2 -2.02655247e-05 -4.15310287
0 0 0 0 2 -0.42249763 9.23671436
224 224 41 47 4 -0.000607430236 -2.40459156
50 52 69 76 1 -3.7193051e-05 -6.77291298
186 186 116 124 2 -2.05039414e-05 -5.50170946
0 0 0 0 3 -0.0014302996 2.5304873
134 137 50 54 2 -1.10864476e-05 -7.03915119
44 45 56 91 1 -4.0173356e-05 -5.35343742
116 119 169 171 4 -0.000549516932 -1.64206541
134 139 108 116 2 -1.03711945e-05 -6.51466179
77 81 132 140 2 -2.93253615e-05 -8.94668102
48 48 32 38 2 -0.000301226974 -3.87016869
0 0 0 0 2 -0.354658455 10.8518896
99 105 32 67 1 -0.000133273192 -4.24701357
0 0 0 0 4 -0.247626886 7.69494057
0 0 0 0 2 -0.00184727123 5.27028179
67 67 38 53 2 -4.31534972e-05 -6.15589762
74 78 116 124 4 -0.00175768812 -0.419897467
69 75 136 171 0 -9.1909038e-05 -5.88598156
144 149 71 78 0 -2.22920462e-05 -4.38747358
77 81 113 121 3 -8.43992311e-05 -5.68372297
107 112 171 186 0 -0.000280128384 -3.52391911
84 86 47 49 1 -4.31535555e-05 -5.03472567
140 147 67 73 2 -7.15246279e-05 -5.42963409
0 0 0 0 3 -0.518011212 9.71963501
0 0 0 0 2 -0.352330297 11.2899075
75 79 94 109 4 -4.70873674e-05 -2.31517458
188 191 57 64 0 -0.000490266073 -4.37694216
0 0 0 0 3 -0.0224506408 8.59073353
46 47 76 107 3 -0.00070219551 -4.82206011
110 114 132 167 1 -4.27957784e-05 -6.03800869
91 91 27 58 3 -0.000582045061 -3.1242857
41 41 71 78 3 -0.000594326295 -2.74006081
164 170 115 121 1 -6.28226844e-05 -4.95155478
109 113 133 135 3 -0.000135419512 -2.86265135
60 66 43 49 3 -0.000112531736 -5.96089506
99 101 116 121 2 -6.32995652e-05 -3.67124653
118 124 82 84 1 -0.000266420073 -5.96701717
128 131 143 178 3 -0.000507676566 -5.7888732
0 0 0 0 2 -0.00749231502 7.58245945
114 121 55 90 2 -1.95502762e-05 -7.47597885
131 133 94 105 2 -0.000407194428 -3.40382075
79 82 90 96 1 -3.44513464e-05 -7.71118116
0 0 0 0 2 -0.201805025 8.84472942
73 75 89 124 2 -0.000909082592 -4.2778759
67 74 43 46 1 -0.000143761878 -5.10683823
47 50 64 69 2 -2.68219719e-05 -5.3714385
0 0 0 0 2 -0.0124706719 8.30587387
207 207 124 159 2 -8.11805949e-05 -7.27482748
134 136 51 59 2 -1.76429348e-05 -9.87798691
0 0 0 0 2 -0.18192862 7.33914852
75 78 61 63 2 -9.77515083e-06 -6.54194927
107 110 41 76 2 -0.000247827149 -3.5641613
62 65 79 86 2 -1.38282476e-05 -4.71636248
91 94 41 76 4 -0.00025784038 -0.294363409
110 113 78 89 0 -0.000151749322 -3.29394054
78 81 64 67 2 -0.000134226633 -4.05022764
49 50 65 76 3 -5.99617524e-05 -4.74366093
114 119 70 77 1 -0.000104187558 -3.97282696
85 85 127 136 2 -6.10345596e-05 -5.70321989
87 89 40 43 1 -4.63721808e-05 -7.17709303
55 58 95 102 4 -5.99618725e-05 -2.9983511
78 81 94 117 2 -0.0072508757 -3.07643461
0 0 0 0 2 -0.0935469568 7.91324186
48 53 95 106 1 -6.86639978e-05 -6.61771917
0 0 0 0 2 -0.00182695896 0.365982026
26 27 61 68 3 -0.00266716792 -3.97758555
137 139 82 84 2 -0.000583725516 -3.61965418
127 132 81 116 0 -0.000159736999 -2.4859097
0 0 0 0 2 -0.0247986987 7.00537109
103 105 121 125 2 -0.000416728464 -2.28119731
0 0 0 0 2 -0.463341087 8.69903946
67 70 88 94 3 -1.95502798e-05 -6.02532721
112 112 53 88 3 -3.42129279e-05 -6.07628727
84 89 104 109 3 -1.57355935e-05 -5.73197365
41 48 60 95 2 -2.86100858e-05 -7.91816664
57 59 155 190 3 -0.000324116467 -8.18262863
73 75 47 55 3 -6.23458836e-05 -5.98945045
0 0 0 0 2 -0.00129667937 2.13133311
99 99 47 82 2 -0.000137324998 -8.22184563
35 39 51 58 3 -0.0112640942 -9.76720428
132 132 104 111 2 -7.97502289e-05 -8.24732685
48 51 65 72 2 -1.04904047e-05 -5.42648077
139 143 161 168 1 -0.000184888559 -3.48052096
111 111 61 96 4 -0.000787300582 -4.79914999
0 0 0 0 3 -0.566696763 7.74515724
75 80 43 45 4 -0.00017273039 -2.37925029
40 41 115 150 3 -0.000144716614 -5.65764856
129 129 77 85 3 -3.36169032e-05 -5.29887915
12 18 23 30 0 -0.00347873173 -2.61023092
44 51 56 58 1 -0.000318033766 -8.38817215
46 48 140 144 2 -0.000114677343 -3.42958951
45 47 64 75 1 -5.1974941e-05 -5.04394436
56 64 133 144 0 -0.000172846529 -3.58844328
0 0 0 0 0 -0.158785447 9.95018005
25 29 59 67 0 -7.65316217e-05 -3.40259576
51 57 99 134 1 -2.99214116e-05 -7.16488504
112 115 129 135 3 -8.70226904e-06 -5.67609787
67 67 82 88 3 -0.000167244201 -7.73790598
90 95 45 80 4 -5.53127975e-05 -1.89954817
54 60 85 120 1 -0.000197165165 -6.72313023
70 71 123 158 3 -7.34322093e-05 -5.38081741
111 115 129 132 1 -0.000167246646 -4.40733147
119 120 94 101 3 -0.000127787003 -5.45845127
0 0 0 0 1 -0.0689882487 7.80254316
130 136 84 115 0 -0.000198716574 -4.70392227
51 52 93 108 2 -3.29016038e-05 -7.41867208
154 159 68 72 1 -6.21076033e-05 -4.33303213
89 91 101 116 3 -4.00540885e-05 -5.13361216
60 60 74 82 4 -0.00056178798 -2.43949366
0 0 0 0 2 -0.0868796781 9.78363419
34 34 109 118 3 -3.0994197e-05 -5.57833195
0 0 0 0 1 -0.429167867 8.45545197
129 133 102 109 2 -5.13784798e-05 -6.07834244
42 50 78 101 0 -0.000113843016 -5.01383352
144 145 97 132 3 -0.000769624428 -8.02429867
51 53 128 135 2 -0.00057523587 -5.22691536
49 55 64 70 0 -6.17496989e-05 -3.52932715
0 0 0 0 2 -0.0033156001 5.7049799
0 0 0 0 2 -0.0199887995 4.50986528
126 132 171 176 1 -0.00158564735 -3.92790604
0 0 0 0 3 -0.00925196521 7.17876053
88 92 108 143 4 -6.99753509e-05 -3.10354853
87 92 77 80 0 -6.50875154e-05 -2.32750583
0 0 0 0 3 -0.00519755902 7.05570269
0 0 0 0 2 -0.662198126 7.64824772
122 124 146 157 1 -0.000342354615 -5.897048
34 34 42 57 3 -1.14440772e-05 -7.8477087
0 0 0 0 2 -0.230104476 8.69507122
0 0 0 0 4 -0.143667072 8.71384239
162 167 109 144 0 -0.000400396035 -4.77965927
0 0 0 0 3 -0.754212379 7.5458293
0 0 0 0 2 -0.053907413 8.37895012
72 79 36 42 1 -4.38687712e-05 -7.82615566
82 86 114 137 2 -0.000125167702 -4.25396252
127 132 103 109 4 -3.09942916e-05 -2.82101297
111 117 76 88 4 -0.000113723974 -1.80662894
122 125 112 116 2 -2.16960325e-05 -5.05569792
57 61 70 76 3 -5.57893072e-05 -5.20389605
104 112 136 159 1 -0.000164266123 -6.65368891
0 0 0 0 2 -0.0467396677 8.25391006
146 154 46 81 1 -0.0003845428 -4.93833733
0 0 0 0 3 -0.111711778 8.22489643
202 208 121 156 2 -1.75237165e-05 -8.81646919
35 38 52 57 2 -0.000198239752 -3.28962111
49 53 100 104 2 -5.14979984e-05 -4.85224104
52 52 60 71 2 -1.56163824e-05 -6.22115946
100 101 126 133 2 -0.00128311547 -4.30236435
88 92 98 104 3 -2.7179638e-05 -5.40994406
60 62 41 47 1 -3.63586551e-05 -3.9473412
88 91 118 126 0 -9.15515702e-05 -3.39404392
135 142 109 124 0 -0.000103710547 -4.88653517
49 53 68 75 3 -7.83187279e-05 -5.98816681
43 51 78 113 2 -2.21728551e-05 -5.95405054
53 57 138 145 2 -9.22658437e-05 -6.42667532
0 0 0 0 0 -0.0615594499 10.1097832
53 59 87 93 2 -3.15903344e-05 -6.60423279
0 0 0 0 3 -0.51634258 9.74052906
89 92 64 79 0 -0.000348782778 -0.573497951
119 119 40 47 3 -1.35898335e-05 -5.12067509
222 224 50 85 2 -0.000457112037 -7.01452971
156 161 194 200 3 -8.02263676e-05 -5.70244169
60 60 44 48 2 -4.80410454e-05 -5.73093033
0 0 0 0 2 -0.0312827826 8.31141186
113 113 84 99 3 -0.000177141017 -5.04422617
40 44 114 116 4 -0.000257004955 -2.37833571
143 145 163 169 2 -6.23458909e-05 -4.8500905
147 149 106 137 2 -3.87428008e-05 -5.98687553
64 68 79 114 2 -2.40802001e-05 -6.32744932
94 96 115 120 2 -2.90869575e-05 -4.84657764
96 100 144 152 2 -0.000247231976 -3.33781958
83 83 121 156 3 -6.16307443e-05 -5.92417526
0 0 0 0 2 -0.0476994291 9.22390842
0 0 0 0 4 -0.0651418865 7.65043497
59 62 134 169 1 -6.19883649e-05 -6.81038618
75 75 94 129 3 -0.000777254405 -5.1897583
62 65 101 104 2 -5.76967104e-05 -4.94754887
100 102 51 86 2 -6.43729527e-06 -9.84841537
65 67 39 46 2 -5.41204936e-05 -4.38568211
114 114 136 141 4 -7.99886693e-05 -2.21290088
0 0 0 0 2 -0.205180481 8.72748089
115 120 133 137 3 -0.000318270322 -5.08007097
214 221 34 36 0 -0.000279771863 -3.68548918
41 45 63 68 4 -5.85312919e-05 -1.96030557
17 25 29 31 0 -0.000734506 -7.35661888
128 134 95 101 3 -3.14710451e-05 -6.83983946
46 52 18 25 1 -0.00112826074 -3.56674004
128 132 194 198 4 -0.000279056112 -0.920680046
0 0 0 0 1 -0.0573527068 8.30944443
115 115 97 108 2 -0.000134227215 -3.49906659
154 154 58 93 2 -0.000179048177 -5.43570757
0 0 0 0 2 -0.295461625 8.79845524
0 0 0 0 2 -0.3435691 10.5830774
0 0 0 0 3 -0.263922632 8.28543758
114 117 129 132 4 -4.37496201e-05 -1.24213624
0 0 0 0 1 -0.00469184108 5.93230581
47 51 137 142 3 -0.000780362054 -5.30145073
40 43 46 61 3 -0.000210635277 -5.10849285
101 101 130 161 2 -0.000118372882 -6.00876093
67 71 47 55 2 -5.60283297e-06 -6.34920025
70 71 45 60 3 -6.49679932e-05 -8.0593853
61 65 113 148 0 -4.04117454e-05 -5.73436546
0 0 0 0 4 -0.00065822585 5.55602074
0 0 0 0 2 -0.402906358 8.64669228
55 65 78 83 0 -0.000656296266 -2.49280429
0 0 0 0 2 -0.00822550617 6.50692225
118 118 82 105 2 -9.04788612e-05 -5.74935818
64 69 101 109 0 -0.000112410511 -4.53764534
96 96 64 68 2 -0.000290620606 -4.64439583
69 75 51 57 3 -0.000401562575 -5.33597279
0 0 0 0 2 -0.150832206 9.18099689
0 0 0 0 0 -0.118864156 7.40577269
0 0 0 0 2 -0.486282021 8.52510357
113 116 131 135 2 -0.000472389831 -2.63901281
25 29 35 58 3 -0.000637113641 -9.60227203
0 0 0 0 1 -0.483707011 11.2433167
176 176 70 93 2 -0.00318824453 -2.43508863
27 29 39 46 2 -2.90869611e-05 -5.35404253
0 0 0 0 2 -0.0719307363 6.50201607
198 198 123 158 3 -0.000122068464 -6.925735
98 98 42 77 2 -0.000785257143 -3.8224678
93 97 105 136 2 -0.000552961428 -3.73903131
0 0 0 0 2 -0.0178925321 5.06793547
89 92 121 144 1 -0.000102875609 -5.00107956
0 0 0 0 3 -0.0402005054 8.16755962
214 216 156 171 2 -0.00107420958 -3.71996093
66 70 96 103 3 -0.000145552025 -4.67429924
37 43 115 122 2 -0.000100372708 -4.20205927
131 139 57 92 3 -9.0716414e-05 -6.89408159
102 103 110 113 3 -2.69412049e-05 -4.19055557
129 136 52 54 2 -4.58953e-05 -4.55698729
74 74 56 62 3 -1.62124179e-05 -7.32551432
102 104 78 93 2 -7.15248025e-05 -4.92051172
84 84 90 125 3 -3.15903526e-05 -5.39143324
91 99 81 86 1 -5.88889779e-05 -4.68716145
0 0 0 0 2 -0.230104476 8.69507122
0 0 0 0 2 -0.321650445 8.6636734
98 101 114 125 2 -0.000150200591 -4.06954575
94 96 60 65 2 -1.10864503e-05 -6.85108805
78 79 94 99 2 -8.04654919e-05 -5.79011822
61 64 49 55 2 -1.20401219e-05 -5.49885273
139 139 91 126 2 -0.000530317193 -4.28557205
0 0 0 0 3 -0.588607132 7.54290533
86 90 106 121 4 -0.000274887367 -2.03409123
143 148 103 134 1 -0.000118015305 -4.35158443
112 120 88 103 3 -5.18556553e-05 -4.75180483
0 0 0 0 0 -0.0084801903 10.3528862
33 37 97 105 2 -2.24112664e-05 -5.86747265
74 81 44 50 2 -1.0490402e-05 -9.03765488
81 87 63 74 2 -2.38417779e-05 -3.55689502
13 15 19 21 2 -0.103747375 -4.99960327
106 108 119 127 3 -0.000496711582 -4.68838596
51 52 133 168 3 -0.000135061564 -5.61899614
120 127 142 153 0 -8.38031701e-05 -3.43444419
53 58 34 41 2 -3.61201746e-05 -4.61992073
111 115 51 58 3 -0.00368167879 -4.84203243
0 0 0 0 4 -0.0522334501 8.21660233
160 167 117 125 3 -6.13923257e-05 -5.96334076
81 87 119 123 1 -9.59622848e-05 -4.62218618
0 0 0 0 2 -0.220751107 5.25771427
114 115 39 74 2 -0.000431268621 -4.43940306
0 0 0 0 1 -0.516335547 10.0060863
146 153 96 103 0 -3.94580711e-05 -4.41800213
47 48 124 159 4 -0.000390025845 -2.64906454
22 25 32 67 0 -7.31935288e-05 -4.3792634
137 141 88 119 1 -7.48624661e-05 -5.02274036
0 0 0 0 2 -0.475154757 9.181674
75 80 40 55 2 -1.58548082e-05 -6.28633022
57 65 83 118 2 -8.20132991e-05 -7.4637785
0 0 0 0 2 -0.276384532 7.40400505
187 187 210 214 3 -0.000256886851 -4.15751743
108 112 126 161 3 -5.98425977e-05 -6.15803337
0 0 0 0 3 -0.003981777 6.51108551
59 64 83 89 3 -0.000172253553 -5.11113596
0 0 0 0 3 -0.00331529649 6.19316339
39 45 65 100 0 -4.02925034e-05 -4.92366648
219 221 160 195 2 -4.82794931e-05 -6.72850752
112 113 122 137 2 -0.00165418605 -3.472754
0 0 0 0 2 -0.235917449 10.2028961
88 93 102 137 2 -6.34187963e-05 -5.46815777
215 218 122 157 2 -0.0559880286 -2.87557697
103 109 119 123 1 -9.11934258e-05 -4.34982491
40 44 53 88 2 -5.22129994e-05 -5.79988956
120 120 101 108 3 -3.27823836e-05 -5.86134911
45 49 22 33 3 -3.552423e-05 -4.95230484
108 110 92 96 2 -1.51395434e-05 -6.64889145
208 212 56 64 2 -2.67027317e-05 -7.60767508
84 84 95 100 3 -1.77621478e-05 -5.1754241
130 136 87 89 0 -8.49951539e-05 -3.38732982
0 0 0 0 3 -0.364386469 11.0590582
0 0 0 0 2 -0.261025161 9.02121353
60 66 79 83 1 -4.00540775e-05 -5.13724566
107 111 60 95 3 -0.00139719411 -4.33023739
0 0 0 0 2 -0.0196992606 8.95988369
66 69 112 147 3 -8.83331013e-05 -5.69494247
0 0 0 0 1 -0.0178672597 8.21490955
85 91 123 127 2 -0.0001293393 -4.45916033
55 64 77 100 1 -5.00675196e-05 -5.87082624
134 138 179 214 2 -0.000193468411 -7.28483105
154 156 109 144 2 -0.000198358422 -6.1428194
110 112 60 95 1 -2.84909329e-05 -7.7089591
42 42 47 49 4 -1.02943456 -2.10745239
0 0 0 0 1 -0.727813363 7.62372923
27 28 45 47 1 -0.000103114508 -4.29088688
50 54 167 202 2 -1.60932213e-05 -9.27617168
153 157 104 139 2 -0.000304683635 -4.05290842
111 117 129 137 1 -9.39359015e-05 -5.65533257
71 74 57 59 1 -5.91272183e-05 -5.62505341
0 0 0 0 1 -0.13082622 8.85019207
114 114 132 139 3 -3.46896741e-05 -5.71664715
116 123 32 39 0 -0.000344125583 -2.90281606
76 80 31 66 4 -0.00183953205 -1.60293448
0 0 0 0 2 -0.0662217289 8.99766636
101 102 54 89 2 -4.86370154e-05 -5.13679218
84 86 47 52 2 -6.90215384e-05 -4.13523912
110 115 170 175 3 -0.000418982876 -3.27635956
87 93 112 127 1 -2.50338635e-05 -8.11974049
94 99 42 77 1 -0.000124929531 -7.87783813
115 123 81 84 0 -0.000377262739 -2.17354202
67 69 135 146 2 -0.000148288906 -8.55023956
97 100 110 116 3 -3.06366674e-05 -6.04644966
59 61 94 99 2 -6.36572586e-05 -5.90504885
87 91 108 143 3 -0.00138780649 -4.09126043
78 84 127 134 0 -0.000100730569 -2.85230517
118 119 55 58 2 -1.83581797e-05 -6.1208272
70 74 88 119 3 -0.00321544032 -2.22010207
0 0 0 0 4 -0.0407307707 8.41366291
71 76 86 121 4 -4.98291665e-05 -1.87420273
104 112 44 49 0 -5.06636097e-05 -3.18700862
0 0 0 0 2 -0.00276815635 5.37544346
122 127 53 61 3 -0.000150438529 -5.15345192
51 56 122 125 0 -9.23858897e-05 -4.06710958
116 117 128 133 3 -1.87158184e-05 -5.84175968
179 180 69 84 2 -0.00435857335 -2.84933257
97 98 132 167 2 -0.000125167731 -8.27598095
37 37 100 107 2 -4.60144583e-05 -4.55047274
133 135 41 76 4 -0.000749748375 -0.00681316108
41 42 57 64 2 -5.17361914e-05 -5.37075567
178 186 62 66 2 -0.00177278859 -2.42640185
176 182 50 53 2 -0.000436877774 -3.10040903
0 0 0 0 2 -0.00430926029 6.58313847
35 39 103 138 3 -0.000155326125 -4.95179319
78 86 105 111 1 -8.32070073e-05 -6.56827307
108 111 119 130 2 -0.000247227668 -1.36668658
117 120 138 146 2 -0.00170552277 -2.71764207
0 0 0 0 2 -0.00774601474 6.76130962
79 79 187 195 4 -0.000632233219 -3.01441455
61 61 76 78 3 -5.99616978e-05 -5.52552414
0 0 0 0 2 -0.0401789695 9.08183765
0 0 0 0 0 -0.129052624 10.9838896
0 0 0 0 2 -0.00726173259 7.64473438
109 0 0 0 3 -1.80564225 3.18477225
94 94 128 143 3 -0.000689438602 -4.2006011
47 47 59 62 3 -8.45182149e-05 -4.99633932
0 0 0 0 3 -0.472711414 10.1567078
0 0 0 0 4 -1.21001828 9.38024616
40 40 52 87 4 -7.90350095e-05 -3.08287764
76 82 56 61 2 -9.40549216e-05 -3.60974431
17 21 26 29 4 -0.0449728332 -3.05251217
100 105 31 36 3 -2.55107007e-05 -5.9547801
119 122 149 153 3 -0.000186438294 -3.95584011
55 57 114 121 2 -5.90078598e-05 -5.46041775
40 43 56 62 3 -3.69547015e-05 -5.02161312
86 88 120 131 3 -2.99213953e-05 -4.52931452
135 142 161 196 0 -0.000143762882 -5.00020456
35 36 53 57 2 -8.51128862e-05 -8.49041462
17 20 72 107 2 -6.46107655e-05 -4.51047421
0 0 0 0 1 -0.00326436199 3.96595526
49 51 110 113 2 -8.1180071e-05 -5.35812807
0 0 0 0 3 -0.0502787083 9.52873325
177 179 50 73 1 -6.41340157e-05 -5.40249252
128 133 53 76 0 -8.21339636e-05 -4.29818535
173 173 33 68 2 -0.000194305481 -6.36519861
76 81 56 63 3 -1.33514131e-05 -6.48772621
29 33 122 124 3 -0.00065689045 -3.78635216
79 83 172 207 4 -0.00108069042 -3.42521477
179 183 124 159 1 -0.000130887929 -5.72544765
113 113 127 134 3 -3.57625904e-05 -4.30518389
67 67 126 133 3 -2.38417942e-05 -4.83819246
107 110 121 144 2 -3.46897687e-05 -4.56034851
70 70 77 84 3 -0.000268569303 -3.62796688
85 86 129 135 1 -4.08885135e-05 -4.15204906
53 55 86 94 2 -2.20536494e-05 -6.05797672
131 132 181 189 3 -0.000505292614 -6.52470303
110 110 124 130 3 -1.71660831e-05 -7.39986181
0 0 0 0 3 -0.438376814 10.1266842
144 146 40 47 2 -1.54971731e-05 -7.09544849
48 56 67 78 2 -6.67571476e-06 -6.50968218
102 105 120 123 1 -7.51010957e-05 -6.12208366
0 0 0 0 2 -0.572030127 9.93914795
105 105 52 87 3 -4.51800151e-05 -4.2385788
0 0 0 0 2 -0.297831684 8.36851501
110 114 74 89 3 -0.000397776021 -5.88936377
103 104 115 138 3 -4.76834466e-05 -6.19217682
75 80 101 112 1 -8.12999788e-05 -5.28461075
77 82 171 206 2 -0.000330879149 -6.59236288
51 53 120 126 2 -5.62663481e-05 -7.3624692
78 82 91 106 3 -9.57237789e-05 -4.59257984
90 95 48 83 3 -0.00019716713 -6.03717947
119 124 57 88 1 -0.000212185609 -5.0224576
151 157 99 134 1 -5.56700033e-05 -5.99067259
45 49 62 68 2 -4.08884553e-05 -4.93771553
89 90 191 226 3 -0.00154073385 -6.29085684
0 0 0 0 2 -0.931767166 10.2437544
111 111 126 134 3 -1.70468866e-05 -5.6427989
122 123 132 141 4 -6.75909032e-05 -3.26133037
67 72 110 117 2 -9.53673316e-06 -7.01654196
110 110 124 135 3 -4.80406306e-05 -4.41218901
139 139 182 186 2 -0.000262010231 -4.79243851
0 0 0 0 2 -0.00471948041 7.05801153
81 82 188 223 3 -0.000825388823 -6.46401262
44 44 52 87 3 -4.38688003e-05 -7.19240713
200 207 64 99 2 -0.000552169804 -6.3903265
0 0 0 0 1 -0.0055655553 6.64281607
80 84 93 128 1 -3.65970664e-05 -6.27667189
76 79 90 125 0 -5.42397975e-05 -7.00299978
0 0 0 0 3 -0.00886052847 1.87379897
0 0 0 0 3 -1.07592356 8.60414505
27 30 57 92 3 -0.0046900874 -3.69383502
24 30 64 99 1 -0.00168025866 -4.3270874
89 94 43 74 1 -0.000112649512 -3.29656196
79 80 90 97 3 -0.000258078508 -4.55354786
62 65 82 105 2 -0.000126836487 -5.29331398
0 0 0 0 2 -0.00662264507 8.8020153
92 92 132 143 3 -0.000467824546 -4.40891743
65 66 74 79 1 -8.86905837e-05 -6.301332
0 0 0 0 2 -0.52316165 7.67156887
114 117 87 102 1 -5.50743425e-05 -5.60109138
0 0 0 0 3 -0.015642345 6.45056629
17 20 24 59 2 -0.000173444656 -7.16792345
94 97 109 120 3 -6.74718976e-05 -4.276371
155 156 52 87 2 -0.00055234629 -7.14211464
143 143 123 125 3 -6.77101634e-05 -6.32415628
24 30 42 73 1 -8.38030901e-05 -5.52934647
61 67 119 124 0 -4.2199812e-05 -4.84021807
86 96 62 67 0 -2.14576212e-05 -4.08705425
85 88 198 207 0 -0.00146808254 -4.2359786
35 37 49 84 2 -3.1590298e-05 -8.43629742
17 17 38 42 3 -0.000153538858 -4.4615016
97 102 37 72 3 -5.32861959e-05 -5.81590462
94 95 107 112 2 -0.000174874236 -4.06513548
55 60 76 79 1 -0.000540566398 -4.83364153
59 65 131 140 1 -0.00030730688 -4.85285902
46 51 88 123 0 -2.67027899e-05 -5.03572941
46 48 65 72 2 -0.00015568349 -3.58971238
74 75 39 45 3 -5.69816002e-05 -5.50680923
80 84 105 107 1 -8.98823637e-05 -4.86839008
77 81 30 65 1 -3.00405882e-05 -5.73007536
98 101 119 150 2 -0.000164028213 -4.60058689
94 99 35 40 1 -3.11134645e-05 -8.88478279
120 123 96 99 2 -4.21998702e-05 -4.24866486
184 188 77 82 2 -2.03847267e-05 -6.09449434
117 120 137 139 2 -5.85313792e-05 -3.0886538
12 12 17 21 4 -0.000911017181 -2.85409403
12 19 23 34 0 -0.00183346088 -6.85588598
121 126 93 104 4 -4.74449334e-05 -2.25164795
104 107 88 92 3 -2.47954558e-05 -5.39565277
65 65 78 113 3 -5.0663486e-05 -7.07881832
56 56 37 44 4 -5.37630149e-05 -1.68312716
39 42 98 121 2 -7.9868827e-05 -4.7988739
30 34 67 82 4 -0.000394084956 -2.86590648
98 98 55 57 3 -0.000375600561 -4.81070471
114 117 129 136 2 -4.5656896e-05 -3.31193829
147 153 39 50 2 -2.27689015e-05 -6.14031887
124 133 105 110 1 -6.21075815e-05 -6.1172142
56 57 75 82 4 -7.29554304e-05 -3.63671446
54 59 79 90 3 -6.13923767e-05 -4.35995007
56 59 69 76 3 -0.00015008109 -4.45844746
51 52 61 65 2 -0.000462585711 -3.51361847
46 48 52 75 1 -0.000449254934 -5.33458281
49 51 36 39 1 -0.000183578202 -5.2393961
39 41 45 49 2 -0.000167957071 -8.57505417
35 39 52 87 2 -2.31265221e-05 -7.82645607
57 65 96 131 0 -2.98021696e-05 -5.30266571
53 57 65 73 2 -1.43050866e-05 -5.67319441
66 71 79 114 3 -0.000146624036 -5.49813604
67 75 131 134 0 -4.72065985e-05 -4.25971651
45 45 106 108 3 -6.38954152e-05 -3.81600165
56 57 75 83 3 -0.000133987385 -6.0854845
68 68 85 120 3 -5.24515126e-05 -4.44974661
54 57 69 73 2 -2.90869502e-05 -5.39364862
90 93 106 141 2 -6.49685171e-05 -5.53847456
130 133 78 101 2 -6.16305842e-05 -4.78878546
37 37 71 106 3 -1.8358196e-05 -5.40613985
51 54 94 99 0 -8.64253525e-05 -4.06457806
82 82 43 51 3 -1.47819237e-05 -6.70107985
120 120 135 143 3 -3.71931092e-05 -5.25531816
118 118 22 29 3 -0.000109669985 -4.41057634
59 59 26 33 3 -0.00019669006 -5.05998087
5 5 8 43 3 -0.0116106151 -3.46299791
46 46 120 143 3 -0.000112770103 -4.98038244
123 125 44 48 2 -7.64123397e-05 -2.46827412
44 44 54 69 3 -1.3589839e-05 -5.83151484
29 33 37 60 2 -0.00112913107 -5.44987392
128 128 48 79 3 -0.000197162401 -6.55581856
86 87 99 122 2 -2.92061213e-05 -5.20188856
107 109 41 43 2 -2.18152381e-05 -7.13040495
35 38 83 118 2 -1.56163842e-05 -8.76413155
97 97 49 60 2 -1.29937944e-05 -7.19752121
92 94 102 110 2 -3.52858115e-05 -3.90862942
75 79 110 145 1 -8.09421472e-05 -7.01769733
53 54 74 109 3 -8.89286603e-05 -6.59230804
120 121 169 204 3 -0.000506689306 -6.6788044
25 27 96 119 1 -0.000100014106 -7.73566866
151 155 176 180 2 -0.000512086379 -3.57752585
62 62 104 139 3 -1.22785386e-05 -6.86971664
69 69 47 58 3 -1.10864503e-05 -5.16029263
99 103 56 63 1 -3.62394094e-05 -6.30785227
92 94 50 85 2 -0.000268683856 -4.98190832
141 144 96 119 2 -5.6147077e-05 -6.01051331
17 17 38 40 2 -3.80275305e-05 -5.54217625
74 76 30 41 1 -0.000133035326 -5.06403112
25 26 101 107 2 -0.000410727371 -4.39413881
50 50 117 120 2 -1.81197647e-05 -6.06306982
39 41 52 59 2 -3.01597829e-05 -5.59412956
0 0 0 0 3 -0.0112058548 6.3888855
0 0 0 0 3 -0.0268951394 7.52916622
0 0 0 0 2 -0.287143707 8.77655315
0 0 0 0 3 -0.0143846283 7.68922138
0 0 0 0 3 -0.00365310069 5.96338606
0 0 0 0 3 -0.00311509264 8.31733799
0 0 0 0 2 -0.0107573131 10.6087074
0 0 0 0 2 -0.069541961 7.77320766
0 0 0 0 3 -0.0190011393 7.90164328
0 0 0 0 2 -0.526830077 10.2881021
0 0 0 0 2 -0.546620131 7.92221308
0 0 0 0 3 -0.831576407 10.9753685
0 0 0 0 2 -0.0109168552 8.73589134
0 0 0 0 0 -0.270226359 10.9867516
0 0 0 0 2 -0.484138697 10.0622196
0 0 0 0 3 -0.0301446542 8.00601959
0 0 0 0 2 -0.0108940089 8.35891533
0 0 0 0 2 -0.0227687042 8.03735065
106 110 123 125 2 -0.000295854581 -3.67282915
52 57 74 80 1 -3.45705666e-05 -4.83365154
40 48 70 76 0 -8.80940861e-05 -4.28796196
20 22 26 61 2 -0.00196750392 -8.62490273
50 55 70 105 1 -4.04116945e-05 -5.81264353
60 63 86 121 3 -8.51139193e-05 -6.29753017
84 90 75 79 1 -6.17499245e-05 -4.13289213
52 57 73 108 1 -7.02136604e-05 -5.68873358
0 0 0 0 2 -0.216401234 10.3534336
110 110 31 37 3 -2.78947628e-05 -4.59706068
125 130 141 142 0 -0.000233521801 -2.42934942
146 148 38 44 2 -1.33514186e-05 -6.29264355
119 120 51 86 2 -1.76429348e-05 -6.73549271
35 39 49 52 0 -1.80005336e-05 -3.98004746
147 154 52 59 0 -4.50607986e-05 -3.71630025
50 53 67 90 3 -5.47163327e-05 -5.31370974
51 51 62 73 3 -2.96830131e-05 -5.47847033
107 109 27 34 1 -5.66240415e-05 -4.14749622
71 72 155 162 3 -0.000365001149 -3.99369168
160 167 181 188 0 -5.45972616e-05 -4.90629625
79 85 61 64 1 -4.52992754e-05 -6.64080334
116 120 135 146 3 -6.75911069e-05 -6.1920557
54 59 69 76 4 -0.000268570322 -1.21462703
51 57 79 114 1 -0.000110385932 -5.57818174
0 0 0 0 1 -0.00314516178 5.68299675
151 155 83 118 4 -7.35514841e-05 -0.552867174
52 56 37 44 4 -8.17767868e-05 -1.93149519
51 51 63 86 4 -0.00017523345 -3.32468486
20 23 54 56 4 -0.000172730564 -1.0562067
0 0 0 0 3 -0.641545653 9.47602272
0 0 0 0 1 -0.0180962402 6.31280327
81 85 23 58 1 -6.02001455e-05 -6.02861691
166 171 119 154 0 -0.000114676885 -5.15100241
0 0 0 0 1 -0.17903164 8.91678524
0 0 0 0 3 -0.0426392667 9.81031227
177 177 128 143 2 -0.000587886665 -4.13670921
49 54 104 107 1 -0.000110385867 -5.12123156
43 47 64 99 1 -8.33262238e-05 -5.30276918
80 87 99 101 0 -0.000352243864 -1.68431067
156 159 139 142 0 -0.000137802417 -3.88457727
0 45 0 52 2 -2.23613358 0.638360143
67 67 81 84 2 -0.000571433571 -3.54631519
56 58 203 211 2 -1.99078895e-05 -7.12351751
34 41 49 53 0 -0.00034770387 -6.26494455
39 43 72 107 3 -2.52722821e-05 -5.93135691
0 0 0 0 3 -0.0100033805 6.79568148
127 129 108 113 2 -0.000348667294 -4.3151989
61 66 101 105 1 -7.79621332e-05 -6.22355986
0 0 0 0 1 -0.0773110837 8.36706734
10 10 20 23 2 -0.000494447304 -3.52783227
61 64 47 50 2 -0.000127909312 -4.3509984
92 101 69 76 1 -8.94059558e-05 -4.67265797
0 0 0 0 1 -0.198849872 8.98454094
26 29 41 46 2 -0.00027428777 -3.76377583
76 83 57 61 2 -1.18017033e-05 -6.11506176
0 0 0 0 3 -0.0112409685 6.55247784
37 43 110 115 3 -4.70873456e-05 -5.6278038
0 0 0 0 3 -0.140394941 9.08295345
111 115 33 68 1 -0.000114200768 -6.4973793
124 127 145 180 2 -0.000183934302 -7.51290417
42 45 82 97 2 -0.000126597719 -5.0162015
54 60 70 76 0 -7.45036014e-05 -3.65024209
134 135 36 44 3 -8.52336234e-05 -5.83853436
121 125 69 104 3 -2.33649334e-05 -8.39195347
73 77 115 150 3 -0.000959516736 -5.15200233
35 37 104 110 2 -4.08885389e-05 -4.65518141
74 77 111 146 2 -0.000136849863 -5.39358759
0 0 0 0 4 -0.0115514351 7.16485834
79 82 96 103 3 -0.000774178479 -4.56909513
36 43 50 58 3 -0.000199312897 -3.82185316
99 103 116 139 4 -7.79622205e-05 -1.77102363
40 43 126 141 1 -0.000286552648 -6.35591173
104 104 58 93 4 -0.000256886357 -2.5697546
0 0 0 0 2 -0.0187221486 9.29561234
113 113 96 98 4 -0.000136254079 -1.97843444
88 89 37 43 4 -0.00015210839 -2.90111899
111 113 61 96 3 -2.3960989e-05 -7.11546135
136 139 71 74 2 -0.000378705357 -3.91290903
93 93 124 135 2 -0.000640652259 -5.97584772
125 125 102 109 3 -7.49818137e-05 -6.2844758
120 123 164 195 3 -0.000159260468 -5.72048998
117 124 93 95 0 -5.22131813e-05 -2.51655912
67 68 75 80 3 -2.75372477e-05 -5.92531633
68 73 88 123 3 -2.69411903e-05 -7.73522615
41 47 60 62 1 -0.000106092753 -5.02710342
70 72 86 109 1 -0.00025187977 -4.18724442
191 196 80 85 0 -7.65316436e-05 -5.25128698
223 231 98 107 1 -0.0012631081 -2.71413088
47 51 106 111 2 -2.09807786e-05 -6.20896816
81 82 98 109 2 -9.29820089e-05 -5.13863134
38 40 47 82 1 -0.000123018239 -4.11020327
0 0 0 0 3 -0.283151716 5.93536139
0 0 0 0 2 -0.187681973 10.1534138
0 0 0 0 2 -0.158220246 9.44556713
76 80 92 98 3 -1.69276755e-05 -6.23172522
97 100 70 81 3 -5.07827535e-05 -6.03861523
0 0 0 0 2 -0.491773307 9.02041626
133 139 87 110 0 -5.10211976e-05 -6.43736172
104 110 121 156 3 -0.0130224871 -4.62324715
51 55 86 91 4 -0.000458210241 -2.92135596
0 0 0 0 2 -0.00711048162 6.75633478
0 0 0 0 1 -0.00282442174 5.69199657
81 88 105 113 2 -1.99079004e-05 -5.46665573
105 105 194 200 2 -4.54183755e-05 -6.51078367
74 74 82 84 2 -0.0011133895 -1.99704921
144 147 46 81 3 -0.00018441162 -6.9008317
44 44 104 108 3 -9.63199564e-05 -4.42448378
36 36 127 162 2 -0.000654869364 -4.6086874
0 0 0 0 2 -0.282369494 9.01422787
37 37 88 91 4 -0.000250450103 -0.417195946
97 103 48 83 1 -8.928639e-05 -7.76097107
128 130 97 101 3 -0.000201218922 -3.6868968
26 30 35 40 4 -0.000127668915 -3.68695068
111 114 127 158 3 -0.000106810032 -6.54653406
27 34 93 104 2 -2.49146124e-05 -5.89672852
114 120 43 50 1 -3.86234788e-05 -8.39189911
0 0 0 0 3 -0.157617748 8.40097332
121 124 133 140 4 -0.000239596731 -2.18722677
103 103 63 98 3 -8.71404045e-05 -8.26773357
163 167 115 150 3 -9.58424498e-05 -5.29958439
0 0 0 0 0 -0.222644806 11.2191572
86 87 99 106 2 -9.77504096e-05 -4.47575188
0 0 0 0 3 -0.880019844 10.9274626
69 69 162 185 3 -0.00842233561 -3.63807559
41 42 47 55 2 -0.000849286618 -5.52045345
79 83 120 155 2 -0.00227527041 -5.1505208
0 0 0 0 2 -0.112289153 9.31945896
89 92 39 70 3 -0.000320539169 -4.66061258
122 127 160 195 1 -0.000352124916 -3.97086906
122 127 104 110 1 -8.15374951e-05 -5.97628498
68 68 43 50 4 -0.00035248202 -3.22456384
59 61 83 118 2 -3.52857569e-05 -8.08721066
72 79 48 59 2 -0.00251859077 -2.13382125
106 107 125 160 2 -1.46627044e-05 -9.10072517
34 41 11 18 0 -2.12191935e-05 -4.79651546
126 131 81 89 0 -2.07423673e-05 -4.46992683
53 60 116 151 2 -3.51665585e-05 -7.49785709
0 0 0 0 2 -0.000841511472 4.71952868
70 72 86 117 1 -0.000437571201 -5.59395981
167 171 110 145 4 -0.000171658059 -1.73697579
103 105 121 127 1 -0.000180119343 -4.35024691
152 160 53 88 4 -0.00039062585 -2.7249465
16 19 74 81 1 -0.000119207252 -5.04690266
49 51 128 132 2 -5.80543747e-05 -6.76527071
102 102 111 116 4 -0.000137445531 -2.54442406
123 125 103 107 1 -8.86899361e-05 -4.91757107
87 92 72 76 0 -0.00090701296 -3.32902217
112 115 61 92 2 -1.54971804e-05 -7.44751835
159 161 50 81 2 -0.0023932308 -5.60977697
81 86 95 130 2 -0.000205271557 -4.40191031
114 118 130 133 0 -5.61472043e-05 -3.36738253
46 48 174 177 2 -9.15497658e-05 -6.38165951
96 99 69 77 0 -0.000167839811 -2.27353334
23 27 54 62 4 -0.000349734299 -3.62420511
104 105 120 127 2 -3.46897577e-05 -5.05753183
57 63 42 46 2 -3.29016075e-05 -4.21120787
43 43 122 126 4 -0.000286569208 -2.6725657
0 0 0 0 3 -0.0066078729 6.36520433
121 121 140 146 2 -0.000316485763 -4.79097509
0 0 0 0 2 -0.00686366018 6.64519739
0 0 0 0 2 -0.226110786 8.69556904
116 116 49 56 3 -2.18152509e-05 -4.06083679
29 33 64 69 2 -0.000191922009 -5.12668705
155 158 41 76 3 -5.47166965e-05 -5.53339911
0 0 0 0 2 -0.00120409077 3.89209056
0 0 0 0 2 -0.127150476 9.93174076
90 94 43 47 0 -3.98156189e-05 -4.15974045
86 92 40 47 0 -0.000101325997 -2.62897277
145 150 163 165 4 -0.000375135569 0.713990569
61 61 161 172 2 -8.46366456e-05 -7.91872168
45 51 55 59 2 -0.000848058204 -5.5798192
46 51 117 122 0 -0.000128862986 -4.19676065
170 172 188 192 2 -9.09546579e-05 -4.92908669
89 97 112 147 2 -3.50473565e-05 -10.3114309
91 95 121 136 2 -7.87964673e-05 -3.16807652
55 62 82 88 0 -0.00479013333 -1.22126591
76 76 84 91 2 -6.73523755e-05 -8.6135788
7 12 18 53 4 -0.000511347025 -0.797361732
61 61 138 173 3 -0.00183390209 -4.54181814
55 59 100 135 2 -2.63451675e-05 -6.67369986
0 0 0 0 2 -0.0361583568 7.22913361
111 116 78 86 2 -0.000644502987 -4.37617207
106 108 123 129 1 -8.24919043e-05 -5.77476406
75 75 107 116 3 -0.000370722089 -4.6797266
131 133 80 115 2 -2.01463245e-05 -9.29973507
127 127 85 120 2 -0.000131127978 -4.72697544
64 66 151 153 2 -9.77515083e-06 -7.87675571
32 38 46 81 2 -0.000115512332 -5.38414478
0 0 0 0 2 -0.234625414 8.88994026
86 90 119 126 4 -3.44513319e-05 -2.21211505
107 110 121 156 2 -5.56703053e-05 -5.30914259
0 0 0 0 3 -0.00223588711 5.27070427
0 0 0 0 1 -0.0238863211 8.59711838
57 58 86 97 3 -9.60813777e-05 -5.35399008
14 22 34 36 2 -0.000458564842 -3.37810612
75 77 54 60 2 -6.29419374e-05 -4.44290829
12 17 30 38 3 -0.000623056316 -4.63986444
58 66 150 154 3 -0.000937455276 -4.12527466
0 0 0 0 3 -0.00796750747 5.96324348
103 105 217 221 2 -0.000212420375 -6.03616047
67 67 155 161 3 -0.000158424707 -6.61158276
105 112 98 100 0 -0.000173323919 -4.0795188
0 0 0 0 3 -0.656038165 9.72327137
48 49 74 81 3 -0.000106332678 -4.83141661
58 63 80 86 3 -0.00010204174 -6.8914957
99 103 217 224 3 -0.00154881179 -4.94894552
42 44 132 167 1 -5.68624455e-05 -7.85747337
0 0 0 0 1 -0.0463867001 7.71880341
122 122 138 169 3 -0.000198590657 -4.04111147
121 128 42 77 0 -6.54451869e-05 -5.30593252
81 81 64 66 4 -0.000153299814 -2.9067049
96 103 120 127 2 -0.000150915817 -5.15407228
159 163 78 113 1 -6.72334136e-05 -5.59877777
123 126 107 115 4 -2.99213789e-05 -0.567910612
88 93 105 113 4 -3.51665985e-05 -3.30697107
0 0 0 0 2 -0.0103384349 7.84692383
0 0 0 0 3 -0.298175007 9.32198906
0 0 0 0 4 -0.0350333527 7.08795691
30 34 54 89 1 -7.83198484e-05 -5.52787304
58 59 34 41 2 -7.00942983e-05 -3.46368337
105 105 86 93 2 -4.49415602e-05 -6.43484545
105 108 47 54 2 -0.000125642866 -4.5594697
18 20 36 42 2 -2.43185896e-05 -6.65673923
38 38 82 117 2 -3.74314332e-05 -6.20318794
0 0 0 0 1 -0.0528963953 8.71194839
109 113 93 98 1 -8.71407319e-05 -5.60246277
143 145 73 78 2 -0.000108478722 -5.08703756
110 112 75 86 2 -2.15768268e-05 -6.21316147
56 56 95 130 3 -3.86235552e-05 -6.67108774
92 100 61 63 0 -0.000136611081 -2.5509336
217 217 121 125 2 -0.000125404331 -6.88622761
0 0 0 0 2 -0.555204451 8.76884079
107 113 54 59 1 -0.000383357808 -4.19468927
101 101 130 136 4 -0.0105561055 -1.86207795
47 47 127 131 2 -2.30073238e-05 -6.07892847
112 119 50 58 2 -3.00405391e-05 -5.06746674
0 0 0 0 3 -0.290782094 8.47685051
182 185 83 90 2 -3.33784301e-05 -5.85335541
63 66 177 179 2 -0.000170941697 -4.44815969
56 56 15 50 2 -0.000278104766 -3.89500475
104 105 25 32 2 -4.49415966e-05 -8.23224163
0 0 0 0 2 -0.0387763381 8.88733768
107 111 62 97 4 -9.65572981e-05 -1.38924432
0 0 0 0 1 -0.204073191 10.201972
120 124 60 65 2 -0.000441473356 -4.12455654
0 0 0 0 0 -0.705767214 11.6179848
0 0 0 0 2 -0.164723262 8.54772854
214 220 158 193 1 -0.000119565229 -5.32226944
115 120 137 160 2 -0.000155087939 -5.75097418
102 104 74 80 2 -1.08480326e-05 -8.46499062
77 78 102 106 2 -1.2636161e-05 -7.72810173
33 33 92 96 2 -2.81332686e-05 -6.98770714
0 0 0 0 4 -0.0574898943 8.4893074
44 51 65 67 0 -0.000210631784 -3.31822062
62 66 22 27 4 -0.00288101053 -0.265609652
69 71 159 190 2 -0.000446290331 -4.45142508
31 31 44 79 2 -7.59353716e-05 -5.06349373
115 118 137 143 2 -7.95118031e-05 -4.66458559
0 0 0 0 2 -0.0102934036 6.15953016
38 41 67 102 0 -3.73123221e-05 -4.82180262
69 73 104 108 3 -0.000211232575 -4.45880127
43 45 57 66 3 -2.6583577e-05 -6.50586033
62 63 180 185 2 -2.78948501e-05 -6.54265547
59 64 70 77 3 -6.7114328e-05 -6.06118727
173 177 146 151 2 -7.74851287e-05 -6.5119977
98 103 44 50 1 -8.09413978e-05 -6.9283576
55 59 112 115 3 -6.1392122e-05 -6.39201498
36 39 52 57 2 -1.89542334e-05 -5.0140233
91 94 68 75 2 -0.000375726639 -3.0003736
114 118 94 99 2 -0.00020026663 -3.49775147
47 47 66 73 4 -0.000377276214 -3.00032091
0 0 0 0 3 -0.041931659 7.79461765
93 97 107 142 0 -6.67565473e-05 -4.50254202
146 147 66 101 1 -6.48491987e-05 -4.38673925
59 61 82 85 2 -7.59355389e-05 -5.64305305
0 0 0 0 2 -0.134756565 5.72092962
102 104 38 73 2 -1.50203387e-05 -7.89296579
71 73 148 179 1 -0.00109191355 -1.64804816
175 179 87 122 4 -0.000539266912 -2.96676254
74 75 155 190 2 -7.21200922e-05 -7.19869089
0 0 0 0 2 -0.300313473 10.6250477
0 0 0 0 2 -0.0408811569 7.70936298
35 36 47 53 3 -2.27689015e-05 -5.64566231
26 27 87 90 1 -0.000541467452 -5.42480469
105 112 90 92 0 -1.62124343e-05 -3.22221947
165 168 102 106 2 -0.000128624219 -5.154212
57 62 81 112 1 -0.000202531664 -3.62842274
123 131 111 113 0 -4.85178389e-05 -2.86135173
0 0 0 0 2 -0.868843079 9.7096138
76 80 88 96 0 -5.63854665e-05 -4.64417696
191 196 85 89 0 -0.000193591201 -4.5176816
0 0 0 0 2 -0.00481135258 4.33945656
61 64 98 100 2 -0.000134702626 -6.92701721
97 97 104 107 3 -2.2768887e-05 -3.71623087
168 169 141 150 3 -0.000272616482 -4.41982365
45 49 64 69 1 -0.000250450103 -2.37359858
103 104 124 128 3 -4.66103374e-05 -4.63217115
52 57 76 80 0 -0.000151034023 -4.47421169
0 0 0 0 3 -0.00473590987 6.22111368
0 0 0 0 2 -0.0192509051 8.15069008
0 0 0 0 2 -0.00325784204 10.2381258
162 162 49 84 3 -0.00338987308 -5.35619545
149 157 54 62 1 -0.000144596706 -6.56208229
69 69 90 98 2 -3.49281763e-05 -5.34042025
110 110 79 81 2 -0.000240674461 -5.24038887
71 73 86 109 2 -6.73525064e-05 -4.86334848
58 59 182 213 2 -0.000755045854 -8.29645443
40 44 82 105 3 -8.16573593e-05 -4.6104598
88 94 107 109 0 -0.00925623067 1.0430311
102 109 118 133 0 -0.000114200935 -4.29775524
0 0 0 0 2 -0.00999885984 7.86177254
53 55 64 87 1 -0.000141021708 -6.09987593
49 55 92 98 0 -0.000242345865 -3.23194432
101 101 115 122 2 -2.74180093e-05 -7.18400145
133 134 70 105 2 -3.62394458e-05 -5.63957834
35 40 56 60 0 -9.90595945e-05 -6.06470776
159 159 60 95 2 -0.0001736829 -5.00886059
145 145 181 192 3 -4.95905369e-05 -5.92804718
98 104 52 87 2 -0.000214805841 -4.21998835
34 34 50 65 3 -4.51799497e-05 -4.96418428
113 114 160 166 2 -0.000505031319 -7.46482515
46 46 56 61 3 -7.30740649e-05 -4.58282375
153 153 34 40 2 -1.21593312e-05 -7.0884757
63 68 159 194 3 -0.000594665937 -6.31013012
112 116 72 79 3 -8.51144505e-05 -5.27559042
105 110 120 123 1 -1.70468775e-05 -5.38214874
69 69 88 123 2 -2.77756553e-05 -8.67968178
155 159 35 70 4 -0.000383239443 -2.65747833
53 58 68 83 2 -6.66374617e-05 -3.28206968
0 0 0 0 3 -0.0376555398 9.68016529
148 154 44 67 3 -0.000850938261 -3.34550714
114 120 29 64 1 -0.000143405647 -6.46512842
0 0 0 0 2 -0.186094508 6.0609355
50 54 111 118 3 -7.95113447e-05 -4.69483185
45 46 76 111 3 -0.000382757135 -3.59190369
70 73 137 140 2 -3.00406118e-05 -5.49831772
78 81 90 97 1 -2.87293369e-05 -5.95252323
202 205 90 98 2 -0.000142213772 -4.80324793
33 35 106 113 1 -0.000188584672 -4.58481932
0 0 0 0 4 -0.0790454149 9.08152771
60 68 122 126 0 -2.30073001e-05 -5.62101078
81 89 106 114 1 -4.06500585e-05 -5.97586727
113 117 62 97 3 -0.000128743734 -4.90578556
124 125 142 148 2 -0.000679020421 -3.8712008
222 231 109 144 0 -0.00218037027 -3.64078331
108 115 32 67 2 -0.00011300882 -9.82230854
0 0 0 0 3 -0.567041457 10.7403708
148 149 209 220 3 -0.00242076581 -5.16363955
45 45 112 119 4 -0.000147697414 -3.03038692
88 93 54 77 1 -5.1140396e-05 -5.38803959
0 0 0 0 2 -0.700178862 7.10904884
0 0 0 0 2 -0.569309056 9.14424038
100 102 118 153 2 -0.000141257013 -5.73526382
0 0 0 0 0 -0.00592988124 4.19566202
114 117 71 74 2 -0.000136372779 -3.815763
0 0 0 0 2 -0.147027627 6.90449333
136 140 56 62 3 -1.53779711e-05 -7.59031582
62 67 42 45 3 -0.0157664921 -2.52829194
166 170 88 97 2 -0.0607702583 -4.34399986
122 123 139 149 3 -0.0112043926 -3.38014007
0 0 0 0 3 -0.00279009854 4.54111099
0 0 0 0 4 -0.134261042 8.3483963
24 24 35 43 4 -0.000170700514 -3.72643232
0 0 0 0 1 -0.000781287497 4.61210251
0 0 0 0 3 -0.735925972 9.13271046
56 64 135 170 0 -7.27169245e-05 -5.24661446
43 44 70 78 2 -2.02655247e-05 -7.19917297
103 104 144 175 2 -0.00745108118 -1.19247401
55 57 21 25 1 -5.35246654e-05 -5.815238
58 64 41 47 0 -2.86101131e-05 -5.21930218
48 54 70 76 0 -1.33514186e-05 -5.73774004
89 89 117 128 2 -0.00294952001 -1.99963331
0 0 0 0 2 -0.00229210942 6.8812356
99 99 50 65 2 -6.43724925e-05 -6.13790655
92 94 65 76 1 -0.000350096117 -5.68254232
97 102 112 119 2 -8.94068398e-06 -7.48588228
51 54 84 91 3 -0.000162597149 -5.51752806
39 42 71 102 0 -0.0990440547 0.731353164
87 87 19 54 3 -1.19209089e-05 -6.02199745
44 44 77 82 2 -0.000449393876 -3.54753256
184 184 138 173 3 -3.8504375e-05 -4.65753317
96 100 115 122 4 -6.07961083e-05 0.417425662
51 57 70 105 1 -0.000178212358 -8.56537151
41 43 54 65 2 -0.00541979261 -0.578736305
53 58 76 111 2 -2.9444569e-05 -6.60116959
91 95 73 80 1 -3.48089816e-05 -3.64846396
114 120 30 37 1 -0.000108477398 -4.82914495
147 148 125 133 2 -0.000326021574 -3.54880142
42 45 61 67 3 -2.44378389e-05 -4.52103853
0 0 0 0 2 -0.192878738 9.88555622
44 47 96 100 1 -6.47298657e-05 -2.55509162
113 116 61 96 2 -2.38417852e-05 -5.35126352
72 72 91 126 3 -7.62930576e-05 -4.02966213
141 145 90 125 2 -0.00025021116 -7.29795551
44 44 119 154 4 -0.000889539777 -2.9443562
40 41 96 103 3 -0.000288587529 -4.80822992
117 121 134 169 3 -9.08361544e-05 -6.33379173
0 0 0 0 2 -0.00617668265 7.02737713
81 85 104 107 2 -1.69276827e-05 -5.74767208
53 59 96 107 2 -7.48617967e-05 -5.14691687
0 0 0 0 4 -0.0129473554 7.06559896
106 110 23 58 3 -1.18017033e-05 -8.28685188
33 41 59 94 0 -2.45570154e-05 -6.59656382
39 43 103 138 3 -0.000267255702 -6.28202915
154 158 98 133 3 -0.000201815186 -5.93035746
66 67 79 110 2 -3.67162356e-05 -6.06567717
22 27 32 67 4 -0.000402897276 -4.11693239
139 142 74 81 2 -1.31129982e-05 -5.79269123
136 139 79 114 4 -0.00120913796 -5.75386238
139 139 72 107 3 -0.000375123083 -3.59664989
44 44 54 85 4 -0.000194187232 -2.43865848
0 0 0 0 2 -0.0733748451 9.48481655
56 56 120 122 2 -1.49011303e-05 -5.80753565
86 88 98 101 2 -9.76312876e-05 -4.48904037
181 184 127 150 2 -0.000270236749 -5.01148844
117 117 46 81 2 -0.000287993054 -3.68988943
78 81 32 67 2 -0.00947376061 -4.31116343
89 93 43 78 1 -8.5114385e-05 -4.33770466
44 48 24 39 1 -0.000460835261 -4.62247658
61 61 83 114 3 -3.06365291e-05 -5.1622014
99 103 136 138 0 -0.0001310074 -3.62734509
49 54 68 70 3 -2.92061741e-05 -5.27979755
96 96 108 114 2 -0.000247462303 -5.79113293
95 101 51 57 0 -5.37624619e-05 -4.18664503
51 52 62 97 3 -3.48089634e-05 -7.36844873
119 120 74 109 4 -0.000454998866 -0.554336011
112 118 88 99 3 -7.24785787e-05 -6.41298819
55 58 81 96 3 -7.79618422e-05 -7.81739235
114 118 91 96 4 -0.000711992383 -1.88104677
96 96 125 130 3 -8.57102132e-05 -3.24384189
138 139 40 75 4 -0.00131272606 -0.447227567
77 81 110 116 4 -0.000118611584 -1.96330547
150 156 91 94 1 -0.000113366325 -5.27387619
0 0 0 0 2 -0.00135372253 4.69427109
0 0 0 0 3 -0.289207846 8.37312508
119 125 48 56 2 -0.000228987206 -7.02671242
76 80 36 41 1 -3.26632107e-05 -7.0778203
52 58 102 109 3 -1.8715813e-05 -5.80171156
77 77 140 145 2 -6.24650274e-05 -5.3160615
128 132 41 76 0 -8.20145142e-05 -4.06089115
103 104 116 139 3 -0.00176734757 -3.09380889
0 0 0 0 1 -0.0393982083 8.92350101
71 71 102 105 3 -4.5656685e-05 -4.60528517
109 113 159 163 4 -0.000117300115 -1.41205525
0 0 0 0 2 -0.842209041 8.8512764
19 25 29 44 2 -0.204344556 -4.91280508
0 0 0 0 2 -0.000519881432 2.87245727
80 80 100 135 3 -6.01998545e-05 -6.25348759
191 195 80 115 4 -9.46512155e-05 -1.80901635
68 68 30 32 3 -5.48357966e-05 -6.0017848
55 62 92 127 1 -0.000391552021 -5.64029264
116 116 66 101 3 -6.05578425e-05 -5.29078388
0 0 0 0 2 -0.0478700325 8.14307976
104 107 47 82 3 -0.00059063104 -4.52179003
60 67 46 49 0 -5.7816047e-05 -4.94317007
42 44 61 64 2 -0.00299634784 -1.26359642
64 68 78 113 3 -0.000176783797 -4.94237375
0 0 0 0 2 -0.0403165035 7.61270905
0 0 0 0 2 -0.00666847592 5.93450689
86 88 97 128 1 -4.55377231e-05 -5.82796335
0 0 0 0 2 -0.0412421376 4.27130747
0 0 0 0 2 -0.308176249 8.92592239
105 109 50 85 4 -0.000362977502 -0.299130231
81 85 99 110 1 -2.75372367e-05 -6.43057346
39 43 82 87 2 -2.75372404e-05 -6.51446915
0 0 0 0 3 -0.00296765286 1.12187064
36 39 107 115 0 -0.000652749382 -1.94741917
168 172 90 95 3 -9.29816742e-05 -6.33441591
90 91 100 131 2 -0.000110147521 -6.57486868
113 117 126 131 3 -8.32070655e-05 -5.68711233
142 146 38 73 4 -0.00143534539 -1.54817057
96 96 125 127 3 -0.00056333933 -2.55514526
119 119 55 90 3 -2.15768177e-05 -5.5463233
38 42 63 67 2 -7.48626844e-05 -5.06756735
135 143 66 73 0 -4.36302653e-05 -3.78154087
121 126 100 115 2 -0.000617031124 -5.79272938
108 109 53 60 3 -0.000122187514 -4.56592655
0 0 0 0 3 -0.604451001 9.35033131
49 49 59 94 3 -1.60932213e-05 -6.4006834
0 0 0 0 4 -0.0330084935 9.01559067
136 139 90 121 2 -0.000706131803 -4.01436996
140 142 51 60 1 -3.38552563e-05 -8.1815958
93 94 50 81 3 -2.5868334e-05 -5.77650833
126 129 100 105 1 -4.70873129e-05 -7.5524478
133 135 75 86 2 -2.00270806e-05 -4.76528215
100 102 55 78 3 -4.26767365e-05 -7.094697
74 80 35 42 1 -0.383168995 3.05989242
216 216 228 234 3 -0.0109791635 -2.70887065
0 0 0 0 2 -0.16418381 9.9692421
104 108 121 156 3 -0.000108478736 -6.65570784
140 140 80 111 2 -5.09020138e-05 -5.05715847
83 90 35 39 0 -5.61468332e-05 -2.26333022
0 0 0 0 2 -0.261039883 9.61984825
0 0 0 0 1 -0.0492881536 8.36074734
129 132 98 105 3 -0.000116465475 -4.50304222
62 66 121 156 3 -0.00256534922 -4.84362888
0 0 0 0 3 -0.00476981094 6.15046978
103 104 47 54 2 -0.000130173779 -4.15941048
0 0 0 0 3 -0.0826107562 8.48075104
0 0 0 0 1 -0.0632284582 2.74388957
46 50 80 83 2 -7.93925574e-05 -3.67974758
114 114 143 145 2 -0.0105995424 -1.5917424
150 156 75 110 0 -4.26766201e-05 -4.52400064
35 37 50 55 2 -0.000187510799 -3.41388774
158 159 177 212 2 -5.87689574e-05 -7.9177475
126 130 42 73 4 -0.00195578486 -1.6154722
56 60 36 42 0 -0.000276198436 -2.35322571
57 64 77 79 2 -2.67027899e-05 -9.50078106
50 54 64 99 3 -5.09020647e-05 -6.08072615
47 47 60 95 3 -2.67027917e-05 -3.85987663
115 116 45 80 3 -7.47435042e-05 -6.20007086
74 74 56 62 2 -4.041176e-05 -4.85708809
0 0 0 0 2 -0.0187253822 6.5301013
145 151 109 124 1 -0.0016995247 -2.35502195
95 97 40 43 2 -2.59875196e-05 -5.51497698
22 24 31 66 2 -0.000276435167 -5.1695714
81 83 91 96 2 -3.36168414e-05 -4.62163544
0 0 0 0 3 -0.458922297 9.83939362
123 123 57 92 2 -0.000329223461 -6.90178061
142 142 47 82 4 -6.89024309e-05 -0.338614553
0 0 0 0 2 -0.00925836433 6.20994949
107 110 121 130 2 -3.33784519e-05 -5.90981817
0 0 0 0 3 -0.00649253465 6.26316452
107 108 87 89 3 -2.96830058e-05 -5.31225824
77 82 36 51 3 -5.972289e-05 -4.7763834
97 103 113 119 1 -4.75641718e-05 -5.15432835
37 44 131 137 1 -4.20806646e-05 -6.91886854
77 83 37 43 1 -4.68489707e-05 -3.99461031
42 50 75 110 3 -0.000464646815 -5.40953684
0 0 0 0 2 -0.00113521854 5.40770292
59 63 82 117 3 -0.00259545003 -3.8325417
46 49 54 65 3 -7.08091902e-05 -7.33889103
80 80 59 66 3 -4.08884407e-05 -5.32357979
92 96 74 77 3 -1.23977452e-05 -6.24731731
35 40 99 110 2 -6.30611612e-05 -5.592381
67 71 100 135 3 -8.4875559e-05 -6.29140806
0 0 0 0 2 -0.0203354266 6.82081079
77 81 145 160 3 -0.000436274509 -6.40734863
103 107 57 92 3 -0.000256291765 -6.07663536
82 87 131 139 1 -3.93388873e-05 -4.95926905
0 0 0 0 2 -0.00311625656 6.05935478
60 64 88 93 3 -3.09942916e-05 -7.44524717
0 0 0 0 2 -0.0199734028 7.01240301
60 60 132 137 3 -1.96694709e-05 -4.1572051
89 95 36 43 0 -2.47954267e-05 -5.37168074
54 58 69 80 2 -1.19209153e-05 -4.61632013
38 41 45 57 0 -0.000164861209 -6.46792364
48 52 109 115 3 -2.62259364e-05 -5.91685295
201 207 54 61 1 -0.00592956319 -5.98821449
0 0 0 0 2 -0.449712902 8.50680161
41 44 58 89 3 -0.000188822349 -5.23541737
34 40 117 124 1 -4.49416548e-05 -5.92541122
0 0 0 0 2 -0.241742298 8.24284554
60 69 141 148 1 -0.000347593887 -5.48361874
44 49 27 33 0 -1.88350314e-05 -3.93129301
62 64 77 83 2 -0.000507780642 -3.08738589
0 0 0 0 3 -0.0649855211 7.12515402
119 122 50 54 3 -9.53662238e-05 -5.61422396
37 38 48 79 2 -2.92061704e-05 -6.32599068
87 91 104 108 3 -5.00676251e-05 -5.99807501
167 172 122 145 2 -0.00145232817 -5.45608807
55 62 127 162 1 -6.16305915e-05 -7.76819754
47 50 71 78 0 -5.65045848e-05 -3.9062891
120 125 100 105 0 -0.000101802907 -4.72402096
108 113 82 93 1 -0.000134223505 -3.73016858
100 102 178 201 3 -0.000650932896 -5.18182898
0 0 0 0 2 -0.0201521926 6.73548603
87 90 75 81 1 -2.94445781e-05 -6.00996065
0 0 0 0 2 -0.471327871 7.86836958
0 0 0 0 2 -0.106407925 5.55995226
117 120 135 141 1 -0.000236741442 -5.17679787
159 160 175 210 2 -0.00249089021 -6.64785719
215 218 163 198 2 -0.0855709091 -2.78901887
0 0 0 0 2 -0.846130729 10.4193916
72 77 88 123 1 -4.61336531e-05 -8.33557701
121 126 155 160 0 -6.1869112e-05 -4.68236017
0 0 0 0 2 -0.00466850074 5.92265892
41 45 76 85 2 -0.000145313563 -3.95530581
93 96 40 42 1 -1.87158075e-05 -5.7810545
45 47 60 64 1 -0.0498743542 -4.8138175
151 152 68 83 1 -3.51665767e-05 -5.16504478
0 0 0 0 2 -0.127895594 8.07322311
43 47 61 66 0 -0.00145836337 -0.0200416669
0 0 0 0 1 -0.472321361 9.30470085
44 47 62 97 3 -6.03193803e-05 -6.11235237
125 128 145 180 2 -3.54050062e-05 -5.04590368
85 87 23 27 1 -9.54851857e-05 -4.60730553
85 88 32 67 2 -0.000109789602 -7.55230045
138 142 51 86 4 -0.00043722702 -2.08312249
0 0 0 0 2 -0.183841512 7.10007954
119 124 152 160 1 -0.000247937714 -4.6057148
175 180 117 121 1 -0.00220727408 -2.84887552
52 56 41 43 1 -6.77101634e-05 -4.64391708
22 26 47 47 3 -0.00266543846 -2.96185994
17 25 30 33 1 -0.000220052752 -8.19357872
0 0 0 0 2 -0.0393791795 6.76119852
43 44 74 82 2 -1.96694818e-05 -6.65024471
49 50 90 99 2 -5.32861195e-05 -7.40339327
80 85 63 65 2 -2.52722948e-05 -5.03159285
41 45 76 91 0 -1.87158166e-05 -5.83181858
0 0 0 0 2 -0.361292809 9.02540112
179 186 111 119 2 -0.000816854881 -5.38289404
225 226 179 187 2 -0.00011908829 -6.96891069
81 85 96 131 4 -0.000246756477 -0.0927041844
92 95 112 120 2 -0.0390101187 -0.671655476
142 146 87 122 2 -3.46897759e-05 -6.52251244
60 70 42 45 1 -7.15248971e-05 -5.52102327
19 19 82 86 3 -0.00021623903 -3.59053135
0 0 0 0 1 -0.735547185 8.53684616
40 41 83 118 1 -9.51278635e-05 -5.21105433
0 0 0 0 2 -0.00331686484 5.36609125
70 77 167 176 3 -0.000256886415 -6.43179369
135 139 149 155 0 -3.96965042e-05 -4.44543743
109 114 132 140 3 -0.000156875569 -4.97376299
0 0 0 0 4 -0.528034151 7.5095892
52 55 68 72 2 -1.78813516e-05 -5.02266359
99 100 29 36 2 -3.34976176e-05 -9.09149361
125 129 72 107 3 -0.000552137964 -4.49698782
113 121 140 146 0 -4.33919558e-05 -6.42679024
35 38 80 86 2 -0.000389048044 -4.45088959
23 27 35 70 2 -0.00011193518 -9.05204105
88 91 107 112 4 -2.63451566e-05 -2.63406587
50 58 72 107 2 -9.53673043e-06 -8.42253971
0 0 0 0 2 -0.0015248619 7.90938616
0 0 0 0 3 -0.00118948414 2.46194434
114 114 77 83 3 -6.53259413e-05 -4.51730013
45 49 64 99 1 -6.47301349e-05 -6.41847277
117 119 133 140 2 -8.10622259e-06 -7.4942174
139 142 42 65 4 -0.00152189063 -2.13025951
76 80 97 132 4 -0.000138519026 -1.0148437
88 93 56 64 2 -0.000114077477 -9.63045502
0 0 0 0 3 -0.593573332 10.2169523
90 94 113 122 3 -4.12461668e-05 -7.52473259
0 0 0 0 2 -0.238248631 8.81147194
55 60 87 122 4 -8.49953649e-05 -1.61753869
0 0 0 0 1 -0.0039651962 8.65023422
40 47 62 69 0 -8.86907146e-05 -2.7678709
51 53 34 41 2 -3.27823946e-05 -4.65175343
90 90 98 105 2 -2.68219992e-05 -5.66576672
103 109 123 146 1 -0.000100372621 -7.33962202
42 51 30 36 1 -5.98426341e-05 -6.42688608
172 172 87 92 3 -0.00240873452 -3.32011104
186 186 101 136 2 -0.000319461571 -8.03731728
159 165 124 135 2 -6.74713374e-05 -4.10825443
173 180 77 82 0 -0.000144953388 -1.54916346
80 85 58 63 1 -0.000183935059 -3.85397911
137 138 85 90 2 -4.67296195e-05 -6.82247782
0 0 0 0 2 -0.00220792321 7.57903242
57 61 70 75 1 -7.30746397e-05 -7.04443836
0 0 0 0 3 -0.516492248 10.8990812
110 110 121 127 2 -1.9311834e-05 -7.37349892
0 0 0 0 1 -0.0313108042 7.61339664
45 48 109 144 3 -0.000192398293 -5.61061573
48 49 87 98 3 -0.000142571633 -5.20055056
91 95 64 72 3 -6.38955753e-05 -4.5420084
137 141 95 110 3 -0.000228875273 -6.37574625
0 0 0 0 1 -0.245352283 9.13392735
87 87 97 132 2 -4.68489125e-05 -5.46156168
36 41 47 82 1 -0.00111997558 -6.90894842
0 0 0 0 2 -0.284475178 6.63310909
106 111 47 70 2 -2.36033775e-05 -4.68083191
0 0 0 0 2 -0.580395401 9.35603237
193 194 169 175 4 -0.000497060944 -2.24206638
87 89 106 113 1 -6.96175703e-05 -6.19364691
68 72 48 52 2 -4.29153215e-06 -6.72520113
0 0 0 0 3 -0.0021072079 4.53694296
142 142 54 63 2 -4.79218143e-05 -6.86103392
35 39 102 137 1 -9.52469563e-05 -6.398283
108 112 182 184 4 -0.000934251933 -1.98746097
110 112 40 44 2 -3.8742699e-05 -5.948946
56 58 109 113 2 -5.2570882e-05 -9.86291504
34 36 93 100 2 -0.000168675324 -4.13223314
0 0 0 0 2 -0.253920704 11.3876715
80 84 38 73 1 -0.000160450305 -4.59454775
0 0 0 0 4 -0.212285846 7.85536385
0 0 0 0 2 -0.000915786601 4.14757204
83 86 123 134 2 -7.2239156e-05 -5.68560171
93 96 20 28 4 -8.46377879e-05 -1.79467881
133 136 84 119 0 -0.000194899505 -5.04566383
82 93 108 116 0 -2.65835079e-05 -4.32623911
80 83 44 46 3 -0.000254146347 -4.61320305
92 95 107 118 0 -0.000119326287 -3.63003874
55 59 43 49 1 -6.92598987e-05 -5.06077957
106 110 167 171 2 -0.000434128975 -4.39495754
0 0 0 0 3 -0.667539179 10.7777195
56 60 97 132 1 -7.68888494e-05 -7.73978329
50 54 117 148 4 -0.000205510776 -2.12985158
91 94 53 61 0 -0.000296692859 -4.15425348
0 0 0 0 3 -0.0245596226 8.31362057
96 97 113 128 3 -6.36572513e-05 -5.93018675
107 109 127 162 1 -3.45705521e-05 -6.45023298
32 34 75 98 3 -0.000334242563 -3.91327524
0 0 0 0 2 -0.483902037 8.42572975
109 114 71 74 1 -3.21863954e-05 -6.33819056
104 107 127 130 3 -2.70604341e-05 -7.9611721
91 97 55 62 3 -9.96577583e-05 -4.91060257
82 83 51 56 2 -4.70873274e-05 -4.60563898
62 64 45 51 1 -7.62932032e-05 -6.31735992
128 132 144 179 3 -0.000453558925 -6.23260832
0 0 0 0 2 -0.00466664042 6.43459034
128 132 82 117 2 -2.3603372e-05 -6.94920015
66 66 122 137 2 -6.9140282e-05 -5.4502058
87 89 97 100 1 -3.31400624e-05 -6.85913515
0 0 0 0 2 -0.221962407 9.40910625
44 47 84 119 2 -0.000138517877 -7.10938644
142 146 115 121 1 -0.000136968607 -4.27175999
46 48 62 70 2 -0.000117418553 -4.65828753
0 0 0 0 2 -0.112077765 9.7420435
183 183 126 161 2 -6.89023873e-05 -6.6779418
124 126 78 81 2 -2.30073256e-05 -9.13317013
0 0 0 0 2 -0.0292673539 7.3030467
56 58 79 87 2 -1.50203441e-05 -7.11448479
61 64 76 111 2 -0.000549033517 -2.96162343
124 126 63 66 2 -4.14844726e-05 -5.04713345
118 123 68 103 4 -0.000125525199 -1.81986201
66 70 105 120 0 -4.31534936e-05 -4.64937258
41 45 63 65 2 -7.05709972e-05 -4.15945292
81 81 112 143 3 -3.24247703e-05 -7.08229685
49 51 90 105 1 -7.16440409e-05 -5.71695185
0 0 0 0 2 -0.189763278 9.76302338
45 47 61 69 1 -2.41994003e-05 -7.42505026
54 58 129 135 4 -5.0902061e-05 -3.28086615
68 69 36 51 2 -0.00031922682 -4.35711813
0 0 0 0 2 -0.268943578 8.88185978
122 129 57 88 1 -4.01733305e-05 -6.55595207
0 0 0 0 2 -0.00100765529 2.11507869
31 34 41 45 3 -0.00016879676 -5.83269835
45 51 141 144 2 -0.00042662624 -3.31013298
50 56 129 164 0 -0.000372386683 -3.00342035
139 143 82 117 2 -0.00022637131 -2.75756836
101 102 118 121 2 -0.00041268018 -4.03849697
61 67 42 49 2 -1.02519889e-05 -5.45016432
58 60 145 151 3 -4.92329273e-05 -5.0338068
164 165 52 87 3 -6.22267253e-05 -6.42980051
104 107 79 82 3 -3.69546979e-05 -4.3677063
67 73 104 139 2 -3.44513282e-05 -8.44876289
219 221 46 81 3 -0.000189776969 -9.19336128
121 122 47 51 3 -0.000109312081 -6.1107583
0 0 0 0 2 -0.285839885 8.90523434
88 90 36 71 2 -7.36693983e-05 -7.73722267
43 47 58 60 3 -0.0328960754 -7.51739264
31 31 73 104 2 -0.000629219459 -6.00552273
47 54 68 75 2 -1.12056568e-05 -4.14052248
148 150 82 88 1 -6.21075815e-05 -4.4334116
115 115 65 100 4 -0.000115154508 -1.91578531
0 0 0 0 3 -0.547403812 8.31429291
49 53 80 85 4 -0.000687655585 -1.90659344
40 41 57 92 3 -3.88620465e-05 -5.20908976
74 77 87 91 3 -2.95638019e-05 -6.9126997
12 17 22 45 0 -0.000440204894 -5.39887524
44 52 57 63 1 -0.000202765659 -8.56325912
72 74 49 55 2 -2.53915023e-05 -4.91427374
38 43 60 83 1 -3.91004687e-05 -5.9107585
153 159 68 91 0 -6.890238e-05 -4.9720211
0 0 0 0 1 -0.356768221 8.7056284
99 102 82 88 0 -0.000289429154 -3.51126623
126 135 74 109 1 -0.000130649598 -5.10986376
115 120 134 143 3 -2.76564642e-05 -5.34348726
41 41 120 126 3 -8.18959088e-05 -6.23682022
38 41 47 82 4 -6.60414807e-05 -2.76328659
160 164 110 145 1 -0.000173206907 -6.36390018
67 67 82 117 3 -2.83717e-05 -5.16077423
101 103 117 124 1 -0.000117419469 -4.17196178
121 123 94 101 3 -3.07558803e-05 -5.29817295
0 0 0 0 1 -0.0375866368 7.5370903
49 56 65 88 0 -3.80275451e-05 -5.36452579
99 102 56 79 2 -1.46627062e-05 -9.47852993
58 63 149 153 1 -5.40013207e-05 -6.55330801
110 112 67 90 3 -0.000118730313 -5.71674919
51 51 65 71 4 -0.000289429852 -2.47607708
201 204 148 183 2 -2.57491283e-05 -7.14918375
45 45 62 67 3 -2.3603352e-05 -5.52120352
0 0 0 0 1 -0.167242661 8.21017361
111 113 149 160 2 -2.64643677e-05 -6.74951363
50 58 69 84 0 -0.000120279496 -3.95199561
149 151 102 137 3 -0.000602996792 -7.36721992
51 55 151 166 2 -0.00148484844 -5.60275793
44 48 57 61 0 -9.56037111e-05 -3.25499177
0 0 0 0 2 -0.00497119781 5.94422197
0 0 0 0 2 -0.00457247952 6.28895235
159 167 73 80 1 -0.00049680029 -1.56429124
0 0 0 0 3 -0.0138270948 6.99293613
150 155 94 129 4 -0.000194782697 -3.09726477
100 107 85 93 0 -0.000281080196 -2.51513338
0 0 0 0 3 -0.0253953822 7.54951811
0 0 0 0 2 -0.172777101 7.0427599
130 131 153 160 1 -0.000627345755 -4.36995268
34 34 42 53 3 -1.49011375e-05 -6.52451181
51 51 65 67 3 -4.62529279e-05 -3.14159584
0 0 0 0 4 -0.119338967 8.30136871
186 194 57 92 0 -0.0120586185 -2.55917668
0 0 0 0 3 -0.702730477 8.12987518
0 0 0 0 2 -0.102793239 8.55449963
32 37 48 56 1 -6.8663765e-05 -6.40279531
57 64 92 123 2 -3.79083103e-05 -4.5946393
63 67 128 130 4 -5.91274365e-05 -3.07455611
110 118 56 65 4 -0.000148889172 -2.25806069
72 79 61 66 2 -2.46762393e-05 -5.0572381
35 39 87 89 3 -8.26106261e-05 -4.0943203
154 162 110 133 1 -8.85715563e-05 -6.841712
0 0 0 0 2 -0.0605132394 8.93420982
30 39 119 154 1 -8.79755389e-05 -6.70824671
0 0 0 0 3 -0.255373389 9.09666348
174 179 100 135 2 -2.70604123e-05 -6.34577894
38 40 54 62 2 -4.85178316e-05 -4.70517254
50 55 90 99 2 -2.52722857e-05 -5.18570805
182 186 115 122 2 -1.54971822e-05 -6.72218037
53 57 83 98 2 -0.000161525066 -6.43797588
88 92 98 106 3 -2.71796398e-05 -5.48678446
79 80 102 104 1 -0.000180353789 -2.28931665
89 92 123 126 0 -0.000141498225 -3.28983879
50 61 134 145 0 -9.47701046e-05 -4.75231934
63 67 82 89 3 -4.64912082e-05 -5.54029989
65 73 100 135 2 -1.3947465e-05 -6.71931458
74 76 51 57 2 -1.44242995e-05 -7.48641348
0 0 0 0 0 -0.0595873445 10.0233507
125 131 100 109 2 -0.000103590952 -6.45316696
0 0 0 0 3 -0.291366249 10.3613644
51 58 69 76 0 -7.34322821e-05 -3.34462523
112 112 129 133 3 -2.14576121e-05 -4.34703636
111 113 178 213 2 -0.000951928261 -9.69583607
209 213 64 71 3 -0.0599554218 -5.30474854
61 62 20 25 2 -0.000172610278 -4.49235964
0 0 0 0 2 -0.0233264137 7.33067656
58 58 78 109 3 -0.000200860261 -4.09835529
113 118 85 91 4 -4.07693879e-05 -1.41119432
128 135 208 214 2 -0.000294671569 -5.27690077
68 69 93 116 2 -4.74450208e-05 -5.58017683
63 64 75 110 2 -3.40937186e-05 -6.06496239
42 43 62 65 2 -1.15632856e-05 -6.21637058
76 81 59 65 2 -2.87293205e-05 -4.96250963
155 156 99 134 3 -0.000117300107 -5.76198673
0 0 0 0 2 -0.0179160014 6.91635227
0 0 0 0 4 -0.040390715 7.77941227
210 215 57 92 1 -0.000206225479 -5.2142477
115 115 56 91 3 -0.000167365593 -2.96547484
63 66 102 107 2 -3.39744474e-05 -5.96887589
58 59 118 153 2 -1.77621114e-05 -9.04951668
42 44 149 160 2 -0.000108002037 -5.21228504
0 0 0 0 2 -0.347850233 9.9045105
0 0 0 0 2 -0.270351946 8.60137081
112 116 129 135 3 -0.000222793198 -4.40264177
41 49 121 122 0 -0.0018865841 -3.33973312
44 48 66 74 4 -7.60547409e-05 -1.35285676
17 26 30 37 0 -0.00181256421 -7.82063961
157 164 58 65 3 -0.000131604786 -5.37466621
91 99 26 34 1 -2.72988364e-05 -7.11720037
190 195 213 220 4 -0.000341759122 -2.26092172
0 0 0 0 1 -0.0126003716 6.54332161
164 164 102 109 2 -0.000121710647 -4.92570925
138 141 51 86 2 -0.000119683726 -5.93183851
0 0 0 0 2 -0.538336635 9.15626812
0 0 0 0 2 -0.212481156 9.75109005
0 0 0 0 3 -0.0173344407 6.5201025
90 94 121 128 4 -3.05174726e-05 -1.61281502
0 0 0 0 1 -0.0143243503 5.48671055
75 79 178 187 3 -8.48760683e-05 -6.00030899
41 45 48 55 3 -0.000607430236 -6.02855492
114 114 45 68 2 -3.55242046e-05 -6.66236734
80 82 107 112 2 -2.20535785e-05 -6.13067007
54 57 68 83 3 -2.52722712e-05 -7.39519262
122 129 69 104 0 -2.74180165e-05 -5.3314743
0 0 0 0 4 -0.0003331482 4.55435562
0 0 0 0 2 -0.530273855 8.65384865
58 67 80 85 0 -0.000279533735 -2.82928848
0 0 0 0 2 -0.0133254947 6.93486786
77 78 139 154 2 -0.000592300261 -5.95410442
76 83 102 109 0 -0.00115427841 -2.46427989
118 118 102 105 2 -0.000483119162 -3.8501544
155 161 110 118 3 -0.000501954055 -4.52855921
0 0 0 0 2 -0.388791651 9.06954861
0 0 0 0 0 -0.0590102449 5.5025568
0 0 0 0 2 -0.42392084 8.36724758
117 117 132 137 2 -0.000775350607 -3.48921037
30 34 40 47 3 -0.000945223263 -9.48722553
0 0 0 0 1 -0.209879518 9.27374268
67 70 158 173 2 -0.000749867584 -3.84510827
26 27 37 44 2 -5.80544875e-05 -5.1780653
0 0 0 0 2 -0.095789358 9.57434845
146 147 35 70 3 -0.0142363776 -7.28032589
41 42 68 103 2 -0.000464055222 -3.14854097
93 94 102 133 2 -0.000140901931 -5.86333036
0 0 0 0 2 -0.0554504506 7.00939608
120 123 33 40 1 -8.92865064e-05 -3.04639912
0 0 0 0 3 -0.0343570895 8.04311085
204 0 222 0 2 -2.52790594 3.3444798
58 62 92 115 3 -0.000256289553 -5.8289156
57 60 101 112 2 -2.9086963e-05 -4.6839304
56 64 75 110 3 -5.42396956e-05 -6.17944765
98 98 105 107 3 -4.38686548e-05 -3.12688589
150 155 124 131 2 -7.48626626e-05 -4.74601603
140 141 54 63 3 -3.46897577e-05 -8.4184618
40 43 59 90 2 -3.42129097e-05 -7.02638721
86 87 93 128 3 -5.41206718e-05 -6.14420033
50 60 41 45 1 -6.27034751e-05 -6.21631765
0 0 0 0 3 -0.587238789 8.83928585
101 106 56 87 1 -0.000102040729 -5.71762753
97 99 112 119 2 -0.000144240024 -3.94067931
62 62 91 93 2 -5.88889125e-05 -4.87261534
59 62 167 169 2 -0.000224460935 -4.58354521
105 110 92 99 2 -2.80140521e-05 -4.74779701
132 135 84 119 2 -4.6968169e-05 -6.32411861
0 0 0 0 3 -0.448440194 7.97470427
87 91 107 122 4 -0.000628541864 -1.19710767
137 139 97 128 1 -0.000532467151 -2.64860511
69 75 87 94 3 -2.9683004e-05 -5.99906015
0 0 0 0 0 -0.00996283721 9.26796722
112 112 95 100 2 -0.0001163454 -5.05025148
60 65 71 78 2 -1.77621405e-05 -7.82078171
125 128 59 70 2 -1.88350241e-05 -4.46574211
13 14 18 21 2 -0.0622786805 -3.8097322
98 99 110 118 3 -0.000145909027 -5.65602779
112 113 53 88 3 -3.02790395e-05 -6.43460894
120 130 145 160 0 -3.98156662e-05 -4.22277069
41 46 54 65 2 -1.8954237e-05 -4.8940196
69 73 198 213 3 -0.000914401724 -6.2460866
0 0 0 0 4 -0.0681191012 7.72277403
0 0 0 0 3 -0.161702797 7.86229038
109 117 208 213 1 -0.000600830826 -5.43273211
0 0 0 0 3 -0.188366741 6.24968052
15 16 52 87 2 -0.000113247122 -4.84658575
0 0 0 0 2 -0.640274942 9.90098286
112 120 183 191 0 -8.14190716e-05 -4.21978283
43 44 89 124 4 -0.0020220615 -1.9871031
22 27 34 69 0 -0.000613580982 -5.51486444
63 69 79 90 1 -0.000228513192 -3.57076383
0 0 0 0 1 -0.304153323 9.43616199
0 0 0 0 2 -0.039411854 9.12099934
59 63 96 131 2 -1.3351415e-05 -6.40995884
0 0 0 0 2 -0.459883332 10.0705595
188 188 39 43 3 -4.30343498e-05 -4.38784504
68 72 86 121 3 -0.000142928868 -4.53850937
0 0 0 0 3 -0.00156213541 4.91297674
85 88 107 113 3 -4.91138926e-05 -5.11896515
0 0 0 0 3 -0.0197369345 7.26389742
39 47 91 126 0 -4.97099136e-05 -5.05424309
56 58 175 210 2 -0.000111575479 -8.83877087
107 109 118 149 2 -0.0037716364 -3.05991983
0 0 0 0 2 -0.228931263 9.19053936
85 89 98 133 2 -8.89291114e-05 -4.26181078
54 54 128 163 2 -0.00334476004 -5.62052059
111 115 125 129 1 -8.04651499e-05 -4.54983521
40 46 55 90 2 -0.000427522464 -4.35941076
134 135 102 109 3 -5.11403778e-05 -6.69922876
78 83 106 113 3 -4.74450244e-05 -4.63268375
57 59 40 45 2 -9.17910438e-06 -6.92027712
153 154 125 129 2 -1.60932268e-05 -7.49207258
79 79 90 95 3 -1.29937907e-05 -6.53173351
92 95 137 144 0 -7.80812625e-05 -3.40162563
0 0 0 0 3 -0.944134593 10.2225857
0 0 0 0 2 -0.465043068 7.90021563
95 97 41 48 1 -2.75372568e-05 -4.78720093
97 100 50 85 3 -0.00267173885 -3.50377274
0 0 0 0 2 -0.0147694061 9.05731869
145 149 44 79 3 -0.00101682567 -2.84689164
0 0 0 0 1 -0.00581647269 7.02155781
148 151 65 72 2 -0.00027523053 -5.32828188
105 112 71 82 1 -8.26100804e-05 -4.47837496
188 192 119 154 2 -7.17631629e-05 -6.46595478
162 164 117 152 2 -0.00023661842 -5.38078499
84 86 113 148 1 -4.12462105e-05 -5.69241571
42 42 47 53 4 -0.0603525043 -2.47875857
0 0 0 0 1 -0.099955909 8.59050083
83 91 22 30 1 -0.000178921895 -4.90976191
168 171 41 76 2 -3.50473892e-05 -5.12806463
193 197 144 179 2 -5.66240196e-05 -4.45421791
114 118 130 137 1 -7.7723751e-05 -5.69791365
105 110 140 144 1 -8.61869994e-05 -5.55148363
0 0 0 0 1 -0.232220858 9.12882996
105 105 88 92 3 -0.000117537216 -5.22391033
66 72 85 92 0 -6.38956481e-05 -3.94808149
77 81 32 67 4 -0.00257491972 -1.64147675
0 0 0 0 2 -0.196911424 9.26131439
48 51 59 94 2 -2.1099986e-05 -5.6492238
118 119 52 59 2 -6.79487057e-05 -3.7674253
99 103 61 64 3 -0.000156994924 -3.91234756
153 158 101 132 1 -0.000251404417 -4.448246
88 89 102 137 1 -4.01732796e-05 -8.13644791
124 132 108 111 0 -6.62796956e-05 -3.52346206
141 143 66 81 2 -8.23723822e-05 -7.86884308
97 102 112 119 3 -3.85044114e-05 -6.20644665
58 60 146 154 2 -0.000133869413 -5.85829878
132 136 153 188 3 -0.000783476047 -3.68896151
124 132 101 108 0 -8.53524762e-05 -2.65166092
130 133 83 87 2 -3.01597902e-05 -5.97133064
69 73 87 110 3 -8.02270297e-05 -5.35862303
0 0 0 0 4 -0.0227732491 8.19311714
128 131 63 98 4 -4.3034368e-05 -1.45850074
153 160 44 48 0 -0.000137207157 -2.79371285
0 0 0 0 2 -0.00123370404 5.62947655
57 62 119 125 3 -0.000117180665 -4.85254002
124 132 41 46 0 -3.89812121e-05 -4.21218729
141 141 73 77 3 -2.22920844e-05 -5.5888195
171 171 50 61 2 -0.0025503349 -2.77330732
97 97 131 166 2 -3.87428518e-05 -9.10228539
37 37 74 105 2 -8.72597666e-05 -3.85702753
69 69 89 124 4 -0.000246636773 -1.09957361
41 45 60 91 2 -4.24381506e-05 -7.24225187
132 138 183 188 2 -9.56046279e-05 -5.00308275
100 105 156 160 2 -0.00025557226 -2.81652689
0 0 0 0 2 -0.00135079806 7.09282398
72 75 23 58 3 -5.92465767e-05 -6.52697945
49 51 123 128 1 -0.000134701128 -3.94232631
101 103 111 118 2 -2.05039432e-05 -3.84929872
90 91 109 115 2 -0.00127376802 -2.21149492
0 0 0 0 2 -0.00708430493 6.70790386
133 133 88 92 4 -0.00128017983 -2.59328341
75 75 56 63 3 -2.19344383e-05 -6.81487513
0 0 0 0 2 -0.136368111 9.88117599
0 0 0 0 0 -0.101231284 11.0286932
0 0 0 0 2 -0.00337182288 7.22276115
0 0 0 0 3 -0.0218565837 7.7414608
157 157 33 64 3 -5.03058473e-05 -5.1132226
0 0 0 0 2 -0.47819376 9.6306448
0 0 0 0 3 -0.772977412 10.3219337
0 0 0 0 2 -0.659719527 9.28531361
52 52 64 99 4 -8.43992748e-05 -3.10254073
87 92 64 72 2 -4.61337513e-05 -4.22996378
17 21 26 31 4 -0.0219989959 -3.29534173
129 133 104 110 3 -5.85312009e-05 -5.36384439
154 157 132 138 3 -4.67297141e-05 -5.01095438
62 65 50 52 2 -5.62662499e-05 -5.49029303
122 127 66 74 3 -5.13788327e-05 -6.54441547
59 59 75 106 3 -4.67297868e-05 -3.83945274
178 181 38 73 0 -0.000291569217 -4.01487589
30 32 49 57 2 -4.68486433e-05 -9.56626987
84 90 23 58 2 -3.08750969e-05 -5.16151953
0 0 0 0 1 -0.00637393631 8.05745029
51 52 111 116 2 -3.82659273e-05 -5.1105876
0 0 0 0 3 -0.0736490488 9.23133183
81 87 157 188 1 -0.00019776354 -3.15942168
152 158 172 183 0 -5.61471898e-05 -3.49962592
187 187 30 65 2 -0.000629125512 -6.18614149
34 38 69 73 3 -2.18152309e-05 -5.35139275
102 106 42 47 3 -7.62931304e-05 -6.11412144
147 150 170 205 4 -0.000246156793 -3.001724
101 103 118 153 1 -7.06903957e-05 -4.80330658
111 111 125 128 3 -2.1815229e-05 -4.69330692
127 127 93 116 3 -2.0384743e-05 -4.63762808
101 104 115 146 2 -3.93388509e-05 -6.09604502
79 79 86 93 3 -8.10615238e-05 -6.16305733
96 100 134 140 1 -5.03058509e-05 -3.61903358
0 0 0 0 2 -0.152080908 10.5946321
64 64 135 141 3 -0.000101565027 -4.42985821
117 117 94 103 3 -1.70468848e-05 -7.08606911
0 0 0 0 3 -0.453293979 9.87023735
87 89 99 130 2 -2.38417742e-05 -7.28428888
121 129 140 151 2 -2.33649189e-05 -6.93941498
37 41 122 127 1 -9.05979396e-05 -5.3032155
49 57 84 90 3 -6.63989777e-05 -5.22629404
137 137 68 103 3 -3.13519013e-05 -3.68566632
73 78 44 50 4 -4.7564241e-05 -3.12355804
93 97 57 72 3 -0.000234118968 -4.57751799
104 104 115 122 3 -1.56163878e-05 -5.09976387
0 0 0 0 2 -0.455209762 9.00275707
152 160 178 213 2 -0.000491402519 -6.53792143
132 133 108 115 2 -2.83716945e-05 -8.02723789
57 60 116 139 3 -0.000592184137 -5.04936314
46 50 110 145 3 -0.000595396035 -4.41225672
113 122 71 82 1 -0.000177975351 -4.92290735
59 65 83 118 1 -8.63064342e-05 -5.75904131
105 109 34 38 2 -1.95502707e-05 -6.41044092
233 234 86 121 3 -0.0239230953 -1.90923536
85 88 104 112 0 -2.50338653e-05 -6.69378567
113 113 128 132 3 -1.43050856e-05 -5.47488976
109 109 118 125 4 -9.89418331e-05 -2.80331326
137 140 163 167 2 -3.21863481e-05 -7.89491844
111 111 125 132 3 -7.58162278e-05 -4.41363621
111 111 155 162 2 -9.11940733e-05 -4.41995764
0 0 0 0 2 -0.00370132038 7.12242317
65 65 159 194 3 -0.000172014479 -5.56099558
26 26 45 80 3 -8.11806749e-05 -6.67270517
197 204 70 105 2 -8.66640476e-05 -5.65882063
0 0 0 0 1 -0.00334320613 6.68255854
64 65 85 120 1 -5.11404724e-05 -5.61505413
56 61 72 107 0 -2.47954467e-05 -7.19032526
0 0 0 0 3 -0.0156163275 -1.5501281
0 0 0 0 2 -1.07753837 7.81948376
0 0 0 0 2 -0.408950776 8.8301363
44 49 62 97 1 -0.000156993832 -4.36561298
112 113 74 97 1 -4.02924779e-05 -4.14247131
71 71 81 96 3 -9.54852512e-05 -4.93744469
52 53 70 81 2 -0.000129339547 -5.47431946
0 0 0 0 2 -0.0122231124 6.88938284
0 0 0 0 3 -0.111416884 9.13929176
95 98 37 39 1 -5.88890107e-05 -6.35002184
0 0 0 0 2 -0.65389502 8.7028389
46 51 107 118 1 -0.000123736536 -5.81131458
0 0 0 0 3 -0.00806301273 7.71428823
18 20 24 59 2 -9.85847146e-05 -10.6368017
94 98 110 121 3 -3.58817924e-05 -4.59797525
83 86 100 135 2 -4.39879987e-05 -8.9931488
68 70 170 177 3 -0.00180548965 -5.848557
90 92 104 115 1 -3.11134936e-05 -6.59983397
122 128 101 107 0 -0.000343889114 -4.93691349
54 63 140 147 0 -6.24651875e-05 -4.29980087
211 216 38 44 0 -0.000337335339 -2.8576405
51 54 91 126 2 -8.46361363e-05 -5.45292377
17 17 38 41 3 -0.000247351825 -3.3912437
140 144 90 125 3 -0.000104305072 -6.75780392
56 59 49 51 2 -5.14980238e-05 -4.70029402
56 58 74 79 1 -0.00162323017 -3.28019476
128 131 149 158 1 -0.000468201353 -4.56559229
46 51 82 117 0 -3.98155753e-05 -6.02460957
96 98 141 150 2 -7.5697084e-05 -4.6442132
101 101 119 121 3 -4.64911573e-05 -3.7531507
112 114 123 127 1 -4.17230003e-05 -4.59679413
102 106 27 62 1 -5.05444659e-05 -5.19466066
118 123 141 172 2 -0.000292409764 -2.24590373
30 35 82 91 1 -5.06635697e-05 -7.8518095
124 126 49 56 2 -2.67027935e-05 -5.34363747
121 122 207 213 2 -0.00183119322 -6.72364807
134 135 117 119 2 -2.19344602e-05 -3.80249906
12 13 18 20 4 -0.0144808199 -2.60980892
12 18 22 33 0 -0.00111278135 -6.36555147
56 60 69 100 4 -8.59491047e-05 -1.37052238
88 92 37 44 3 -8.46385046e-06 -5.98816061
56 57 70 105 3 -6.78289944e-05 -6.74696255
75 75 91 114 4 -7.271707e-05 -1.96438539
118 119 37 52 2 -7.85580705e-05 -3.78360796
89 93 30 61 4 -0.000125406557 -1.8658824
161 161 89 95 3 -3.2663178e-05 -4.46996212
50 54 66 74 2 -5.28093224e-05 -3.81323171
91 97 52 67 2 -5.48362277e-06 -8.54935551
72 79 119 125 1 -5.59088076e-05 -6.10089827
61 62 48 49 4 -8.7856446e-05 -2.94799995
46 52 72 87 3 -9.33396805e-05 -4.85948133
52 55 65 88 3 -5.92463002e-05 -5.12882328
51 52 61 64 2 -0.00204384443 -3.5882237
37 41 45 52 1 -5.60278786e-05 -8.79904747
79 83 42 49 1 -6.15114841e-05 -6.28313828
37 37 41 44 2 -0.0029230956 -8.54888821
38 41 65 100 2 -1.37090374e-05 -6.47728157
101 112 54 89 0 -3.3616885e-05 -5.9267869
115 115 41 47 2 -5.75775994e-05 -5.24325752
65 68 76 111 3 -0.000394780334 -5.96463966
46 51 117 122 0 -0.000451886852 -4.45159101
79 79 65 67 3 -2.02655174e-05 -4.05152655
46 47 65 70 3 -0.000416089169 -7.03552341
68 68 85 120 3 -7.12864494e-05 -4.30229473
47 51 63 72 2 -5.60278713e-05 -4.84411573
167 171 38 73 2 -7.62927448e-05 -6.72660875
53 60 78 93 2 -2.5272233e-05 -5.64025497
53 53 69 104 3 -5.19749119e-05 -4.62050247
84 92 56 63 0 -4.07692423e-05 -2.65930104
49 49 92 99 3 -1.01327778e-05 -6.60413933
113 114 129 137 3 -4.19614407e-05 -5.50075436
39 39 132 163 3 -8.90483425e-05 -6.07097435
73 74 27 58 3 -0.000323755026 -6.06337595
4 4 7 42 3 -0.00349340891 -4.66847563
58 59 120 127 3 -0.000810688478 -5.25855875
60 60 72 76 2 -0.000112770387 -3.35592341
119 120 37 68 3 -0.000102160295 -5.4844265
27 29 33 40 2 -0.142801344 -7.80655622
132 132 96 127 3 -0.000142570352 -4.7064271
52 53 65 80 2 -4.87561556e-05 -4.51806211
114 116 41 45 2 -1.03711955e-05 -7.1860075
127 131 81 116 2 -3.01598411e-05 -6.99056816
55 55 124 131 2 -3.91004214e-05 -5.64094496
104 107 87 94 2 -8.47564806e-05 -4.99883556
119 125 70 105 1 -4.26767037e-05 -6.85282707
57 57 77 112 3 -4.4464683e-05 -6.9298892
80 81 110 145 3 -0.000333884876 -6.65936279
73 77 44 55 1 -3.2186359e-05 -8.47738361
106 107 81 87 2 -6.18690901e-05 -5.20960379
140 141 89 124 3 -0.000334826065 -7.90774107
121 121 57 64 3 -8.18959816e-05 -3.76557136
74 78 44 59 1 -3.69547124e-05 -8.14599037
96 100 54 89 2 -0.0088078538 -2.91910434
120 121 46 77 2 -2.2053664e-05 -6.81165457
17 19 40 45 2 -7.6888391e-05 -6.92494488
81 83 50 65 1 -0.000121114848 -5.01396179
25 25 97 102 2 -0.000125524894 -4.50736237
148 150 127 132 2 -1.16824895e-05 -6.01025486
70 70 43 54 2 -3.34976394e-05 -5.68933487
0 0 0 0 3 -0.0609067753 7.48091459
0 0 0 0 3 -0.0324055403 8.28939915
0 0 0 0 2 -0.628759503 9.05672455
0 0 0 0 3 -0.00417653983 6.57645416
0 0 0 0 2 -0.332208812 8.83694744
0 0 0 0 3 -0.00475716637 8.66924953
0 0 0 0 2 -0.00709684007 9.30486965
0 0 0 0 2 -0.0851614401 8.51209354
0 0 0 0 3 -0.0284641813 7.86026001
0 0 0 0 2 -0.832503617 10.2550201
0 0 0 0 2 -0.849108875 10.099988
0 0 0 0 3 -0.680913627 10.098815
0 0 0 0 2 -0.0117536979 8.63912582
0 0 0 0 0 -0.11885947 10.7987404
0 0 0 0 3 -0.617735803 10.0387678
0 0 0 0 3 -0.0309790466 8.30352974
0 0 0 0 2 -0.00563544687 8.173316
0 0 0 0 2 -0.00304990425 2.56866455
111 114 127 135 2 -3.51665549e-05 -5.40272427
0 0 0 0 2 -0.340076745 9.91503906
40 48 59 64 0 -5.3643751e-05 -5.36902618
18 20 24 59 2 -0.107611701 -3.1656611
101 105 39 74 1 -2.72987927e-05 -6.57866621
117 120 42 77 3 -0.000140187185 -5.15953493
84 92 51 55 1 -0.000174398723 -2.87198663
60 65 122 157 1 -0.000203841424 -5.2108736
99 102 118 129 2 -0.00339581119 -3.49230838
160 161 136 141 3 -5.75775521e-05 -3.95697689
121 124 135 140 0 -0.000355690368 -1.81138515
0 0 0 0 2 -0.221386492 7.97264814
67 71 88 123 2 -1.35898363e-05 -6.62628794
35 39 49 56 0 -9.05989509e-06 -4.64068985
71 79 45 56 0 -1.46627117e-05 -5.66175985
43 47 61 68 3 -0.00225960882 -2.52853394
73 73 53 68 3 -2.10999806e-05 -5.44584131
123 125 77 100 1 -3.8862021e-05 -4.80442095
56 56 69 100 3 -0.000202293115 -6.40724707
81 89 50 57 0 -3.4093664e-05 -3.61934686
99 105 113 118 1 -5.9365866e-05 -6.35675955
47 51 89 96 3 -3.46897796e-05 -5.79137707
43 47 57 65 4 -6.15114914e-05 -2.86771727
51 56 78 113 1 -0.000208251149 -5.23082113
120 126 72 107 1 -9.97764437e-05 -4.67006397
111 114 58 93 4 -0.000133631329 -0.455520958
95 99 56 67 4 -8.91675081e-05 -2.13413835
43 43 55 66 4 -0.000328047579 -2.7019453
37 42 73 76 4 -0.000412683119 -0.81124115
0 0 0 0 3 -0.848763704 10.4179983
0 0 0 0 1 -0.00420670956 4.40727997
98 100 53 88 1 -6.93791953e-05 -5.67120028
71 78 92 127 0 -4.06500803e-05 -3.8257308
0 0 0 0 1 -0.123132221 9.33973122
0 0 0 0 3 -0.0362948179 9.58512115
190 192 73 104 2 -0.0271050669 0.0453893617
78 83 44 49 1 -1.63316363e-05 -5.84557247
136 142 46 81 1 -2.80140666e-05 -5.61123466
94 100 84 88 0 -0.000232211227 -1.51689076
67 71 86 94 0 -2.58683322e-05 -4.75063992
0 0 0 0 2 -0.243762434 1.91169918
86 89 72 78 2 -7.97501707e-05 -4.81813669
55 61 205 208 2 -7.86763703e-05 -6.11515856
85 92 137 142 0 -0.000165457604 -4.54813957
129 133 139 174 3 -8.1061582e-05 -6.74324131
0 0 0 0 3 -0.0102622556 6.56628895
181 183 109 118 2 -0.0049008592 -2.86103129
99 103 70 75 1 -5.28093769e-05 -6.2492733
0 0 0 0 1 -0.0805427805 9.00946426
0 0 0 0 2 -0.254421353 8.8218441
102 105 64 71 2 -7.25975115e-05 -4.02346802
48 52 71 80 1 -7.64120559e-05 -6.80423403
70 75 55 61 1 -3.80274832e-05 -5.45636511
114 115 102 109 2 -0.000400043442 -3.78271079
83 90 66 68 2 -9.8227225e-05 -4.3793335
0 0 0 0 3 -0.0219552033 8.3533268
46 52 120 124 3 -6.46107583e-05 -4.62138605
61 65 104 139 3 -0.000406239997 -3.97173738
113 119 49 84 1 -6.75910705e-05 -6.81867981
132 133 151 186 2 -0.00287628174 -5.19872427
48 48 101 132 2 -0.000445928395 -6.0830164
53 60 70 78 0 -3.8385042e-05 -3.42203999
114 114 93 96 3 -4.10077737e-05 -3.70291805
131 134 54 89 3 -3.33784847e-05 -7.90904331
65 69 86 121 3 -0.0254937094 -2.05182433
61 61 30 32 2 -4.33919558e-05 -4.94891834
69 69 106 141 2 -0.000203125601 -4.64126968
0 0 0 0 4 -0.00812324416 6.56472778
67 72 43 54 3 -7.08096486e-05 -5.97720289
0 0 0 0 2 -0.266667604 8.82325459
92 95 108 119 4 -0.000135777373 -1.42068505
82 85 97 108 1 -0.000205745338 -5.5600419
133 133 54 89 4 -0.000132081914 -2.47928333
0 0 0 0 2 -0.0111803254 8.20176029
43 43 55 62 4 -0.000101088233 -2.89668345
77 77 62 65 4 -0.00027369475 -2.64555097
115 115 65 100 3 -1.85965982e-05 -6.7620039
171 171 186 189 2 -0.00970065221 -0.542002082
32 36 87 97 2 -0.00129185582 -7.18982029
144 144 113 128 3 -5.12596343e-05 -6.86880827
118 120 165 188 3 -6.59221769e-05 -6.62673759
67 73 43 45 0 -5.00674869e-05 -2.60773492
46 46 98 105 3 -2.75372586e-05 -4.76076698
131 135 74 109 3 -8.02269715e-05 -7.46048594
104 106 34 42 1 -0.000127789113 -2.66257381
27 31 84 115 1 -0.00472018356 -2.14982629
80 86 181 185 0 -0.000174634784 -4.39118147
146 152 69 74 1 -0.000197882502 -5.24410009
63 67 42 45 2 -1.1682494e-05 -6.13438272
62 62 100 111 2 -7.42666307e-05 -6.47566414
45 48 55 90 1 -0.00032313462 -4.86369514
0 0 0 0 3 -0.620364368 8.7482338
0 0 0 0 2 -0.073362872 8.95854092
49 52 112 147 2 -3.63586369e-05 -5.76093435
85 89 101 105 3 -9.05989327e-06 -6.04325724
81 86 92 99 3 -6.6399065e-05 -6.78314066
0 0 0 0 2 -0.32691595 8.96761322
104 112 58 81 0 -3.01598302e-05 -6.54130316
50 56 111 146 3 -0.00119044865 -5.5619936
115 119 93 100 4 -4.48224746e-05 -2.21782994
0 0 0 0 2 -0.0179857612 7.35434389
0 0 0 0 1 -0.0042686048 6.56891918
124 130 56 60 2 -2.08615565e-05 -6.64491844
98 100 60 61 2 -1.72853142e-05 -6.26096869
101 104 76 83 2 -0.000133034497 -3.26984024
55 59 115 150 3 -8.49951175e-05 -7.51656151
73 74 90 97 3 -7.35512804e-05 -5.87167645
34 34 167 202 2 -0.00611317251 -3.27079082
0 0 0 0 2 -0.433777273 8.69569778
105 105 38 44 4 -0.000359519297 1.06092823
98 102 49 84 1 -7.56969457e-05 -7.72524452
85 86 71 76 3 -0.000248661876 -3.68352699
25 30 35 39 4 -0.000222074203 -3.46595311
101 105 118 149 3 -5.9246504e-05 -6.70725775
113 117 23 38 2 -5.07826917e-05 -6.95650816
92 97 112 118 1 -6.16303005e-05 -6.2180357
0 0 0 0 3 -0.318248272 9.4196167
121 125 134 139 4 -7.47435624e-05 -1.65596509
106 106 66 101 3 -0.000316004734 -8.72442722
126 130 78 113 3 -0.000231017402 -5.70737696
0 0 0 0 0 -0.0818059668 10.4947081
55 56 35 40 2 -0.000128028551 -3.59323788
0 0 0 0 3 -0.685920179 9.19869328
67 69 140 147 3 -0.0027919265 -4.41159201
27 30 35 45 2 -0.00267879455 -6.06588793
152 152 165 200 2 -0.00151923695 -3.50330925
0 0 0 0 2 -0.742304862 9.31312466
112 115 70 93 3 -9.02404718e-05 -5.28409815
51 56 174 209 1 -0.000116704105 -5.64429045
123 128 107 111 1 -0.000170459432 -6.39174032
106 107 43 51 4 -7.05709317e-05 -2.92253661
59 63 85 120 2 -2.3603352e-05 -9.15184689
44 49 60 71 2 -0.00138887786 -0.997089744
203 203 89 124 2 -0.000306590082 -6.99713755
82 87 59 66 0 -5.53126665e-05 -4.41050005
55 62 119 126 0 -0.000420634809 -1.19654942
89 97 112 147 2 -2.65835879e-05 -6.52456141
0 0 0 0 2 -0.345356703 8.19493866
65 69 83 106 1 -0.000194067048 -6.55207872
156 160 77 112 4 -8.09422418e-05 -2.26757264
88 93 67 69 1 -0.000103232749 -5.24392653
68 76 138 173 4 -0.000166651458 -2.80819345
50 54 42 44 1 -0.000178809511 -3.89635277
130 133 145 149 2 -0.000131843044 -6.7468009
110 110 119 124 4 -0.000132200745 -3.152004
117 119 138 142 1 -0.000118491298 -4.07058811
61 67 86 91 0 -0.000125644379 -3.61770558
116 118 51 62 2 -8.46385046e-06 -7.41990042
152 156 96 119 2 -4.30342698e-05 -7.34546566
79 86 95 130 2 -0.000193709391 -3.84160352
115 118 100 103 0 -8.12999788e-05 -2.64679098
46 50 107 115 2 -8.1062235e-06 -7.82220459
53 59 72 76 0 -0.00024520242 -2.55426145
22 25 52 59 4 -0.00048584913 -3.1978929
102 108 123 146 2 -6.94982882e-05 -4.84862471
48 52 61 66 2 -8.14184896e-05 -3.61460233
108 108 66 73 4 -0.00015592316 -1.70190537
0 0 0 0 3 -0.0236544702 5.48793936
53 56 120 125 2 -4.50608422e-05 -5.97006845
0 0 0 0 2 -0.00164262403 7.0325942
0 0 0 0 2 -0.238233492 8.73890495
0 0 0 0 3 -0.281182319 8.87086105
47 47 22 27 2 -0.000165815931 -5.83086443
143 148 92 127 3 -1.87158184e-05 -7.63369846
0 0 0 0 2 -0.00678427517 3.66501474
0 0 0 0 2 -0.119596131 9.59774303
82 90 27 31 0 -9.03589826e-05 -3.32426333
49 52 62 85 0 -0.00026307872 -2.80994987
146 150 163 171 4 -0.000222558447 -0.612031758
158 160 56 87 2 -5.61467677e-05 -7.22257233
44 50 54 58 2 -0.00168474589 -8.83803463
44 51 60 63 0 -0.000164501733 -3.81907797
182 182 58 61 2 -6.5803004e-05 -3.45483112
26 33 65 100 2 -1.88350277e-05 -10.5433989
67 73 38 53 2 -2.83716909e-05 -4.81502438
50 58 78 83 0 -0.07869225 1.12968981
57 58 66 75 2 -2.61067144e-05 -6.05220413
8 12 18 53 4 -0.000303251378 -1.28472257
152 153 77 112 3 -0.000146028528 -5.06442928
200 200 51 86 2 -0.000198238689 -5.82313538
0 0 0 0 2 -0.102437891 9.35836124
134 139 166 170 2 -0.000993695343 -4.70611238
105 110 179 185 1 -7.58162932e-05 -6.13268232
123 123 102 106 3 -5.07827499e-05 -5.6761117
129 129 78 113 2 -4.27958985e-05 -8.17059708
131 133 63 98 2 -0.00102754694 -5.0311985
36 36 149 156 2 -1.43050911e-05 -8.20964432
33 39 47 82 2 -0.000122664234 -7.21618605
0 0 0 0 2 -0.0143845659 8.30247021
54 58 119 127 4 -3.71931055e-05 -1.77181733
111 112 123 158 2 -9.03592954e-05 -5.68049908
0 0 0 0 3 -0.00678228494 5.04857111
0 0 0 0 1 -0.0288025625 8.5242281
143 143 99 130 3 -5.31669357e-05 -5.40633726
0 0 0 0 2 -0.00457916502 4.71006441
33 40 86 94 2 -0.00361493393 -1.91944516
11 14 27 32 3 -0.00451623462 -2.92071199
143 150 61 66 3 -0.000386695348 -4.27307796
0 0 0 0 3 -0.00991510227 8.2224474
222 226 113 119 2 -0.00097708567 -2.74707246
88 88 154 159 3 -0.00273609743 -3.6336534
108 115 64 72 0 -6.73524119e-05 -3.53667593
0 0 0 0 3 -0.849677801 9.94299412
57 57 70 81 3 -1.81197756e-05 -5.12324381
53 57 74 81 3 -5.69816038e-05 -7.69792271
100 104 162 177 3 -0.000449013227 -4.89303684
142 145 90 125 1 -5.43589122e-05 -7.1658082
0 0 0 0 1 -0.113710202 9.31759739
168 170 102 125 3 -0.000165100864 -4.68273306
71 74 24 59 0 -2.56299172e-05 -5.56505346
123 123 144 152 4 -0.00343200867 -3.03594112
114 119 94 99 2 -3.60010345e-05 -5.742661
80 85 105 140 1 -3.36168268e-05 -6.97200489
43 46 62 64 4 -4.756423e-05 -2.13791323
58 62 42 46 4 -6.61607191e-05 -3.28104806
0 0 0 0 2 -0.0156485215 7.89304018
0 0 0 0 3 -0.260585099 9.53755283
0 0 0 0 4 -0.0502628982 7.30699062
30 33 53 88 1 -0.000155684174 -6.5315094
120 124 34 65 2 -9.94187867e-05 -3.71787715
36 37 49 57 2 -1.1682494e-05 -6.45382786
67 69 43 50 2 -1.87158112e-05 -6.559834
18 20 36 38 2 -4.20805882e-05 -5.76252937
38 38 56 91 2 -2.77756626e-05 -5.96805096
0 0 0 0 1 -0.0584827736 8.70232677
63 64 50 52 1 -9.95381852e-05 -5.67579985
101 101 70 74 2 -0.00012528681 -3.99936366
136 137 97 112 2 -1.44243004e-05 -6.9874506
60 61 76 111 3 -5.28092969e-05 -8.06758213
53 57 87 90 0 -0.000112650479 -2.80210829
59 64 81 86 2 -3.63585568e-05 -6.88673496
0 0 0 0 2 -0.829665601 9.35797024
75 83 131 136 1 -0.000119326789 -4.38816547
53 53 67 75 4 -0.000301586813 -2.40614367
46 46 107 112 2 -1.72853051e-05 -6.26573563
78 81 115 123 2 -4.16037583e-05 -4.7708292
0 0 0 0 3 -0.155260488 8.04681969
176 178 155 159 2 -6.10346615e-05 -6.57542849
141 141 163 169 2 -0.000188106977 -4.80847311
79 82 38 73 2 -0.000207060482 -4.73356771
50 52 72 79 2 -1.02519771e-05 -7.18876076
0 0 0 0 2 -0.039117299 9.16177177
107 111 49 84 4 -7.2359122e-05 -1.51841676
0 0 0 0 1 -0.569826007 9.70339584
107 111 56 63 2 -0.000101802638 -4.93113279
0 0 0 0 0 -0.603416979 11.2701178
0 0 0 0 2 -0.0783585235 9.89429665
64 71 89 124 1 -0.000847847143 -4.30855846
54 58 75 82 2 -1.84773962e-05 -4.02598476
77 78 102 107 2 -5.72204226e-06 -7.03463316
56 60 156 160 2 -0.00015484888 -6.43869734
33 35 95 99 2 -2.41994185e-05 -7.21137857
0 0 0 0 4 -0.0878558978 8.67141724
101 107 73 79 0 -0.000301698077 -1.75446951
32 36 68 76 4 -0.00330326101 -1.35838854
221 222 124 147 2 -0.00440401677 -2.99961424
28 31 44 79 2 -9.46509899e-05 -4.79532909
117 120 74 78 2 -0.00108464831 -2.32821703
0 0 0 0 2 -0.0110499058 6.11515045
36 43 82 117 0 -4.92328581e-05 -5.42924929
53 57 70 75 3 -0.000106929212 -4.31279278
48 50 62 66 3 -2.43186296e-05 -6.23949909
54 57 178 182 2 -0.000799480244 -5.01057911
55 58 108 112 3 -0.000127790307 -4.99865389
41 44 65 69 2 -3.55240627e-05 -5.64367867
108 112 47 51 1 -0.000134223839 -6.45594883
91 94 82 86 3 -0.000145789905 -4.2428689
61 62 49 51 2 -3.96965079e-05 -4.36165142
0 0 0 0 2 -0.00101847295 5.33081627
47 49 30 32 2 -0.000340917264 -3.47249055
129 129 49 52 4 -0.000644508749 -2.14502287
0 0 0 0 3 -0.0452756733 8.97777748
116 119 34 69 0 -4.13654307e-05 -3.07873368
150 154 68 103 1 -0.000170227198 -1.79105401
205 206 179 183 2 -0.000130410146 -4.94913769
0 0 0 0 2 -0.137883708 4.35286474
39 42 59 94 2 -1.20401119e-05 -8.1112833
23 25 37 48 1 -7.79620314e-05 -4.88085079
58 61 128 163 4 -0.000203962176 -3.27802134
118 118 59 94 2 -2.57491338e-05 -10.5696754
0 0 0 0 2 -0.746927023 9.37530231
74 75 42 54 2 -8.83326502e-05 -3.93988371
41 41 52 56 3 -1.51395552e-05 -5.2795949
26 30 49 53 1 -7.15248316e-05 -7.79413176
107 111 117 124 0 -3.31400479e-05 -3.56723166
169 173 130 134 2 -0.000163670149 -4.58587933
99 101 55 62 1 -0.000116822797 -4.7543993
75 83 92 100 0 -2.99213607e-05 -4.70611238
0 0 0 0 2 -0.926876187 10.2578249
75 79 87 90 0 -5.1617084e-05 -3.76848626
56 62 192 200 0 -0.00108730339 -2.15344167
0 0 0 0 2 -0.00874918513 5.92560673
68 72 39 47 2 -2.45570154e-05 -8.73506451
94 94 101 108 3 -8.07032411e-05 -3.23311424
148 148 43 50 3 -2.64643568e-05 -3.89997911
45 48 63 69 1 -8.04653537e-05 -3.54900908
146 146 54 57 3 -5.18555644e-05 -5.88260269
50 54 73 79 0 -7.27169827e-05 -5.18299246
0 0 0 0 3 -0.00248653302 5.26033115
0 0 0 0 2 -0.0360214897 6.96337843
0 0 0 0 2 -0.00435674144 10.1392689
64 64 122 157 3 -0.00013136593 -5.83439922
47 51 147 151 1 -0.000127789477 -6.74358845
163 165 130 137 2 -4.25573271e-05 -5.20385122
99 103 80 87 2 -3.58817961e-05 -7.56891632
102 105 70 93 2 -9.26245775e-05 -4.15846491
175 178 193 200 2 -0.000108955333 -5.29118109
0 0 0 0 3 -0.123857759 8.43348789
76 81 94 99 0 -5.06636206e-05 -2.12018561
105 112 121 136 0 -8.65448092e-05 -5.17267895
0 0 0 0 2 -0.00911380164 7.42561913
51 53 62 69 1 -7.36706788e-05 -5.98039675
49 53 68 69 0 -0.000210278289 -1.28222811
96 96 110 118 2 -2.57491247e-05 -6.61589432
161 161 44 79 2 -0.000367385801 -4.34628963
31 39 55 60 0 -7.95113883e-05 -6.60962486
121 125 140 175 2 -5.05442367e-05 -6.56647825
230 231 133 144 3 -0.00391775509 -3.33280563
50 56 81 116 2 -0.000168080209 -3.82517266
49 50 86 117 3 -0.0027089233 -3.98385501
166 168 79 81 2 -0.000129697801 -7.83861971
80 80 66 71 3 -0.000270593446 -2.98867917
49 52 34 37 2 -1.78813443e-05 -6.07536077
33 41 56 91 3 -0.000151273794 -5.48422241
63 67 82 105 3 -2.96829821e-05 -6.50439215
41 50 88 90 1 -6.24647146e-05 -5.47219372
121 122 67 102 2 -1.75237274e-05 -7.99011612
36 41 110 145 4 -6.34188182e-05 -2.74279809
132 135 46 57 2 -1.80005591e-05 -4.96571732
0 0 0 0 3 -0.0458360985 10.8148775
167 174 132 147 3 -0.000584558351 -3.99160051
113 120 30 65 1 -0.000344258005 -5.22865057
0 0 0 0 2 -0.0412208028 6.08777905
129 133 72 87 3 -5.31670157e-05 -5.7452898
135 135 49 84 3 -0.000872875098 -2.17201185
139 141 64 72 2 -7.27167135e-05 -5.71064901
115 118 50 57 1 -3.12327247e-05 -6.98141956
179 181 203 209 2 -3.11133626e-05 -9.12490368
131 133 63 78 1 -3.93388909e-05 -7.87686872
0 0 0 0 4 -0.0126744164 7.62774706
68 80 94 101 0 -1.97886875e-05 -4.63630438
88 94 111 117 1 -0.000108477594 -5.85597754
153 157 39 74 3 -6.54453615e-05 -5.38238001
129 132 149 153 2 -0.000416006194 -3.92029524
216 223 136 171 0 -0.148026362 -2.2081852
48 53 63 98 2 -2.74180438e-05 -9.4282732
0 0 0 0 3 -0.578688562 11.2023745
238 238 192 223 3 -0.00262840162 -4.66030884
107 108 59 63 4 -8.04654046e-05 -3.85178232
46 52 89 112 1 -0.000391457143 -2.20364094
0 0 0 0 2 -0.574589312 7.38867426
0 0 0 0 2 -0.520745039 9.54865932
105 106 122 157 2 -0.000496051507 -5.60890102
140 150 119 126 0 -0.000107760708 -5.52812576
72 76 85 89 2 -7.70082261e-05 -4.07858229
0 0 0 0 2 -0.0851954296 6.7543478
134 138 111 119 3 -1.49011257e-05 -8.07537079
63 66 41 46 3 -0.000999914715 -2.9744029
153 154 87 96 2 -0.000322090986 -6.08683968
124 125 85 148 3 -0.519618571 -4.77276564
0 0 0 0 3 -0.0292207766 8.53809643
41 45 50 55 4 -0.000858040294 -2.07700396
30 31 42 45 4 -0.00107344985 -2.72220254
0 0 0 0 1 -0.00246386719 3.28124499
0 0 0 0 3 -0.674229741 9.98173141
125 135 156 191 0 -3.67163011e-05 -6.20567369
33 37 120 122 2 -3.33783973e-05 -5.68027639
157 160 106 137 2 -0.00167116674 -2.37747145
25 29 87 94 1 -4.94713095e-05 -7.54974604
95 102 114 121 0 -6.27035115e-05 -4.16971445
97 103 55 63 0 -1.40666707e-05 -5.76348972
102 103 43 52 2 -0.000134465779 -2.78124976
0 0 0 0 2 -0.0166425854 7.4887867
89 92 51 74 2 -2.33649389e-05 -11.1491709
92 93 65 76 1 -0.000463803124 -5.82498884
94 101 111 122 2 -5.96045948e-06 -8.07088184
79 83 35 37 3 -0.000274406164 -4.81432199
107 110 77 92 0 -0.00144156849 -1.3199321
111 112 63 98 3 -2.9682993e-05 -6.98511887
171 173 153 158 2 -9.09556402e-05 -5.01109123
187 187 141 176 3 -0.000200979674 -4.26652098
90 94 109 113 4 -8.17766922e-05 0.701048672
54 62 75 110 1 -0.000133272973 -8.3152504
52 56 67 90 2 -0.000714702532 -2.35746551
53 58 76 111 2 -1.47819264e-05 -7.49046755
75 77 60 64 1 -2.68220065e-05 -4.44629526
65 69 40 42 1 -3.7669939e-05 -4.56231451
60 60 148 155 2 -0.00432149833 -1.71716738
98 102 50 55 3 -0.000181310912 -5.42835665
46 50 67 82 2 -1.57355953e-05 -6.20120144
64 66 46 50 1 -2.88485535e-05 -4.07535219
76 77 97 132 2 -2.02655283e-05 -6.48122883
95 95 48 83 3 -3.01598375e-05 -3.71549821
150 153 82 117 2 -0.000143164914 -6.13277721
147 147 162 197 4 -0.000901764259 -3.54699779
112 113 41 64 3 -8.77364801e-05 -6.98864174
59 63 92 127 3 -0.000103233549 -7.24692011
0 0 0 0 2 -0.00128045829 6.2405529
86 89 126 134 2 -1.54971749e-05 -7.96643209
99 105 80 87 2 -0.000239001893 -3.60094571
0 0 0 0 4 -0.0212041363 7.01808786
22 27 73 108 3 -0.000134702044 -4.72667456
53 60 114 149 0 -9.85842344e-05 -4.6376977
55 58 69 104 3 -0.000114915929 -6.17479944
154 162 98 133 3 -5.94850135e-05 -7.02857542
85 88 67 78 2 -9.67965461e-05 -2.68396473
19 23 28 63 4 -0.00129549205 -3.68595552
141 148 121 129 2 -1.31130018e-05 -4.1531477
64 68 120 155 4 -0.00179511146 -5.76926517
41 41 56 91 3 -4.31535409e-05 -5.22511816
39 39 49 64 4 -7.93926083e-05 -3.31493402
0 0 0 0 2 -0.485618085 10.0414991
140 140 116 123 2 -3.17095437e-05 -5.11503124
88 88 98 102 2 -0.000187868762 -4.07151222
175 176 112 127 2 -0.000632813026 -3.70113063
113 116 63 98 2 -2.87291623e-05 -6.47546005
69 70 23 58 2 -0.00055893237 -4.33553839
85 89 39 74 1 -6.03194276e-05 -5.68263817
87 88 27 34 1 -4.26766892e-05 -6.94275856
57 57 80 87 3 -6.54448813e-05 -3.72942877
54 61 77 81 0 -8.59485299e-05 -3.64521885
69 74 88 92 3 -2.57491338e-05 -6.18677092
40 41 79 82 2 -5.62663554e-05 -5.47888994
91 99 120 125 0 -6.15113022e-05 -3.83981705
51 52 62 97 3 -2.90869775e-05 -7.54124832
40 42 88 123 4 -0.00032351946 -2.79939914
129 136 85 116 3 -0.000457129063 -5.79452467
58 62 86 117 3 -7.92731298e-05 -8.21295834
146 150 119 128 4 -0.000186201069 -2.65260458
90 90 119 121 3 -0.000128624757 -3.23598051
92 92 106 141 4 -0.00206520874 0.481911987
95 99 43 50 4 -9.7273718e-05 -1.36686885
137 141 153 156 1 -0.000134107831 -6.10156393
0 0 0 0 2 -0.00632336782 6.47307873
0 0 0 0 3 -0.31701687 8.15650654
105 111 44 53 2 -9.51266047e-05 -7.85325146
106 109 92 95 1 -0.000117895477 -5.04181671
80 88 104 108 3 -7.84387958e-05 -5.54132223
111 114 68 70 2 -5.66239178e-05 -4.64622688
90 94 106 141 0 -0.000213973515 -3.41152573
0 0 0 0 3 -2.20877886 2.32435608
0 0 0 0 1 -0.0585617647 7.60600328
108 109 51 58 3 -3.70737689e-05 -5.62346268
83 88 108 114 4 -0.000356899342 1.08958817
0 0 0 0 2 -0.596601129 7.63361597
26 34 38 45 2 -0.000210514016 -9.39902878
0 0 0 0 2 -0.00516604492 6.81212521
36 36 100 135 3 -7.27167644e-05 -4.52199173
80 84 98 133 4 -0.000154611625 -1.07817626
69 69 31 35 3 -3.75507516e-05 -6.44822264
86 91 36 71 1 -3.27824382e-05 -5.88755369
147 147 43 78 3 -0.000526989112 -5.37891674
0 0 0 0 2 -0.0880596712 9.00045586
45 49 62 97 3 -0.000109790257 -5.76036596
50 56 90 94 0 -9.56047224e-05 -3.01555729
86 90 28 31 2 -9.56047224e-05 -4.01307583
210 213 89 124 3 -0.0681435168 -3.34207106
0 0 0 0 2 -0.452728748 7.34243631
0 0 0 0 2 -0.00554448133 5.90134287
109 111 54 69 1 -9.2623457e-05 -4.39046574
171 175 191 222 2 -0.816132069 -0.00251294672
0 0 0 0 2 -0.000698748161 2.39654374
195 198 96 131 4 -0.000185366196 -1.95361245
45 49 63 78 1 -4.66103411e-05 -5.24926996
101 106 38 45 2 -4.67296268e-05 -6.32217932
116 119 48 83 3 -8.74985635e-05 -7.48933983
145 149 119 127 0 -0.000118014745 -2.70263362
162 166 85 93 3 -0.000759247807 -6.01438475
83 86 95 110 2 -0.000141260229 -6.45157433
108 113 122 131 3 -9.81078774e-05 -5.45070124
197 202 124 159 4 -0.000374178082 -2.53962874
95 95 85 87 3 -0.000411008776 -2.49266315
60 60 94 129 3 -3.26630689e-05 -6.57875252
101 103 47 50 2 -3.36168705e-05 -4.11149168
117 126 134 165 0 -0.000686094631 -0.730274856
98 103 116 147 2 -0.000169749081 -6.00160408
158 158 110 116 3 -3.76699609e-05 -3.68061233
0 0 0 0 3 -0.474768579 9.35713005
51 51 61 96 3 -1.4543496e-05 -6.94078398
0 0 0 0 4 -0.0339277647 8.83000183
24 27 87 110 2 -0.000118372875 -4.51406288
114 119 93 100 1 -0.000174037952 -7.11768246
36 36 49 60 3 -2.14576248e-05 -4.62187815
56 59 41 46 1 -2.51530801e-05 -6.75511217
144 147 102 125 2 -3.32591771e-05 -6.04614735
153 154 97 108 3 -3.57626195e-05 -5.2834506
73 74 32 41 1 -0.0729440972 1.42262006
119 120 48 53 3 -0.000186796664 -4.20733786
0 0 0 0 2 -0.0530990362 8.18902493
48 52 65 100 3 -6.80677986e-05 -5.92041159
89 90 109 124 2 -3.29016329e-05 -6.26726246
60 67 80 88 0 -5.28092714e-05 -3.96816492
132 134 175 181 1 -5.92465803e-05 -4.98710489
0 0 0 0 1 -0.057051532 7.22990322
63 67 97 103 3 -3.68354631e-05 -5.50134754
149 154 75 110 3 -0.000744387566 -5.02622461
0 0 0 0 3 -0.00828742236 7.26668072
107 111 75 90 2 -4.11269939e-05 -4.58084202
0 0 0 0 3 -0.208136559 9.06231689
48 54 79 110 1 -0.00825903285 0.326242417
45 45 144 146 2 -0.000522207702 -2.80845094
114 117 147 154 2 -0.000306945614 -3.38221693
101 110 41 76 0 -2.21728587e-05 -4.64725018
117 119 79 85 2 -5.71008422e-05 -4.14578104
214 218 47 82 2 -0.000123259815 -6.44708014
97 100 49 72 4 -0.000822922622 -0.956448257
52 59 103 108 0 -0.000388483342 -1.45218086
56 61 74 80 2 -1.12056578e-05 -9.42729282
49 53 63 98 3 -2.62259528e-05 -5.94264126
43 43 56 91 3 -0.000104306571 -3.87106776
140 140 91 126 3 -0.000108597735 -5.98094797
85 86 65 73 2 -4.0530882e-05 -4.92754126
0 0 0 0 2 -0.0361533239 7.36907339
79 83 133 144 1 -0.000101207501 -4.6966815
117 118 46 50 2 -2.80140503e-05 -5.76028347
22 26 33 68 2 -9.66772204e-05 -5.69760323
73 74 82 89 2 -9.10746676e-05 -3.98093796
0 0 0 0 3 -0.548354387 9.56105232
82 85 114 149 2 -0.000265585433 -6.05606842
99 99 172 207 4 -0.000176902424 -1.33766091
0 0 0 0 2 -0.00629426213 5.97122049
131 132 65 73 2 -2.69411648e-05 -7.07052946
0 0 0 0 3 -0.0173731018 7.49871397
103 103 62 68 3 -2.26496886e-05 -5.36000633
63 68 80 103 3 -6.4968357e-05 -5.340271
0 0 0 0 1 -0.256033331 8.96317196
34 41 61 68 1 -3.1828753e-05 -7.03391027
60 61 75 83 1 -7.09288506e-05 -4.62467337
45 50 77 112 3 -4.56568814e-05 -6.89427567
0 0 0 0 2 -0.00195528544 7.48844099
0 0 0 0 3 -0.154036865 9.49073029
36 40 45 60 3 -9.45310312e-05 -6.31360674
68 69 39 54 3 -3.30208495e-05 -5.94501352
26 30 74 78 3 -2.80140557e-05 -5.27082539
97 102 153 160 2 -0.000298005558 -4.09011126
163 168 101 136 3 -0.000461627002 -5.67537355
0 0 0 0 2 -0.0131611666 7.04212952
102 106 148 163 3 -0.000202411509 -6.12277889
67 71 106 141 3 -0.00105019822 -5.65632343
158 160 135 139 1 -0.00101368048 -2.40580106
0 0 0 0 2 -0.0032210201 6.43015051
0 0 0 0 2 -0.523410797 9.82153034
0 0 0 0 2 -0.0888180956 7.40933847
73 73 127 132 3 -2.6345162e-05 -4.71835089
0 0 0 0 2 -0.546634793 8.43988514
55 59 70 81 2 -8.46385046e-06 -5.27993488
41 44 48 58 0 -8.69021242e-05 -6.73181486
107 111 95 98 3 -0.000793561165 -3.25849199
186 187 96 102 1 -3.91004942e-05 -4.50274992
0 0 0 0 4 -0.00475433329 7.47371149
41 44 58 65 3 -3.43321117e-05 -5.057199
38 44 123 130 1 -3.49281981e-05 -5.93625402
70 71 89 124 2 -0.000216116357 -7.19142008
141 150 71 79 1 -4.31534791e-05 -7.61786175
70 73 56 59 0 -1.59740157e-05 -3.67670465
60 62 75 80 2 -0.00128366193 -0.60555613
0 0 0 0 3 -0.00154876511 3.57481098
116 120 49 56 3 -8.82137174e-05 -5.46747017
86 90 44 51 2 -0.00034044651 -3.48062468
85 89 102 105 3 -6.28228518e-05 -6.44257975
66 69 90 113 2 -0.000306943868 -6.04953623
82 86 127 162 1 -5.68623582e-05 -6.90691137
137 140 103 109 0 -2.22920735e-05 -4.64995098
44 52 139 147 0 -2.71796071e-05 -5.27379704
88 92 100 115 1 -0.000403449201 -3.35688972
47 47 171 182 3 -4.12461486e-05 -4.47610426
0 0 0 0 2 -0.0111723971 7.216115
52 58 44 46 1 -6.56837728e-05 -6.01505041
0 0 0 0 2 -0.261388093 8.44642067
0 0 0 0 2 -0.00570460735 5.7805829
93 96 75 79 1 -9.27429282e-05 -5.14269352
214 217 168 203 2 -0.138237506 -8.13595295
216 218 57 92 2 -0.0287129302 -1.901685
0 0 0 0 2 -0.786168277 10.3717995
53 60 105 140 1 -0.000466296566 -4.35359001
89 94 108 111 0 -1.00135694e-05 -4.31058311
0 0 0 0 2 -0.00315126264 5.91170025
41 49 60 72 2 -4.56568523e-05 -4.5036869
103 107 80 88 1 -3.94581039e-05 -6.09078121
0 58 0 66 1 -2.17702055 1.23551893
132 138 44 51 1 -5.68624091e-05 -4.79805231
0 0 0 0 2 -0.0498168916 7.31881571
41 47 61 69 0 -0.000725158839 -1.43710887
0 0 0 0 2 -0.291260481 9.07018089
65 69 84 119 3 -0.000103591592 -6.66599607
120 122 139 174 2 -3.32592354e-05 -5.38660097
47 51 68 76 1 -0.000215994034 -3.84740281
151 155 98 133 2 -4.16037656e-05 -8.65101337
82 86 101 136 4 -0.000650345813 -3.06144381
0 0 0 0 2 -0.212354243 7.21148586
115 121 149 157 1 -7.73658539e-05 -5.05640125
135 138 118 125 1 -0.0002749993 -6.46535635
79 81 64 70 1 -3.11134572e-05 -4.98331928
101 104 51 56 3 -9.8823286e-05 -5.78907585
17 24 29 32 1 -0.000894915021 -9.33734989
0 0 0 0 2 -0.0664931536 7.72283649
79 82 93 97 2 -1.40666725e-05 -6.50016594
71 72 90 95 2 -6.43729709e-06 -7.72668123
111 116 67 72 2 -5.37629603e-05 -4.87333584
110 118 90 101 0 -0.000242583264 -4.55051327
86 90 42 46 1 -3.14711469e-05 -6.42017984
128 132 144 148 2 -0.000197285059 -4.6978941
150 151 108 113 2 -9.77514537e-06 -8.89374638
80 83 94 129 4 -0.00051459152 -0.162684351
91 92 109 115 2 -0.0115067009 -1.68472588
101 104 27 62 2 -1.70468957e-05 -7.69715452
57 58 89 94 1 -0.000864390749 -1.54662395
57 57 19 22 3 -0.000465236633 -3.75296021
0 0 0 0 1 -0.517403126 8.0940237
98 100 44 79 1 -6.71141825e-05 -6.92333555
0 0 0 0 2 -0.00162151107 5.8656702
111 119 151 159 3 -6.55641852e-05 -6.68397951
137 144 154 160 0 -3.29016293e-05 -5.55643129
114 118 136 145 3 -0.000182979289 -4.74374866
0 0 0 0 4 -0.371148229 8.0162077
125 127 111 118 2 -3.24247558e-05 -4.53396749
54 56 115 124 2 -6.91407622e-05 -8.84871483
27 31 59 94 3 -0.000158068084 -4.39523029
98 106 125 128 0 -9.91806883e-05 -4.93011189
140 143 121 128 2 -4.26766783e-05 -6.37658501
26 32 40 75 2 -0.00012945896 -6.40056944
107 112 128 136 4 -4.35111797e-05 -2.87731123
120 125 67 102 2 -1.87158075e-05 -6.43739891
0 0 0 0 2 -0.000695738709 5.6131835
0 0 0 0 3 -0.00409833202 6.21251917
64 64 44 49 3 -9.46507207e-05 -6.04667616
71 73 102 137 1 -7.7127348e-05 -5.53732538
110 112 126 157 2 -2.02655174e-05 -7.43875933
194 198 110 141 4 -0.000339850638 -1.85620844
127 130 50 85 4 -4.95908062e-05 -1.09554482
109 112 78 85 2 -6.55650365e-06 -9.74575615
0 0 0 0 3 -0.702713847 10.2023401
117 120 86 93 3 -2.28881054e-05 -7.04909754
88 92 63 74 3 -4.62526405e-05 -5.27204418
116 121 55 90 4 -5.49551805e-05 -0.761111319
0 0 0 0 1 -0.00335270888 7.90268373
81 88 124 126 0 -0.000100968471 -3.18315363
55 56 34 45 2 -1.49011357e-05 -5.39390898
107 111 44 49 2 -3.26631998e-05 -5.38282537
162 166 35 42 1 -7.06905848e-05 -6.83960772
30 35 94 99 1 -7.9273399e-05 -5.76778412
96 96 128 133 3 -4.8517828e-05 -4.55427551
198 202 141 176 2 -4.88755068e-05 -7.74020529
89 94 42 65 2 -6.91413197e-06 -9.79302979
166 170 121 126 0 -0.000270941702 -2.04519844
113 116 62 68 1 -2.89677628e-05 -6.21253252
134 134 119 123 2 -0.000174517787 -5.28143978
0 0 0 0 2 -0.00229850272 6.77905941
69 74 30 34 1 -7.92733917e-05 -6.88200474
0 0 0 0 3 -0.477570832 9.72971535
102 102 113 118 2 -2.09807422e-05 -7.55336332
0 0 0 0 1 -0.0376915 8.0561018
45 48 109 144 3 -0.000149723579 -5.59826279
72 72 108 115 3 -0.000131961438 -3.59837818
119 123 92 100 3 -9.00014566e-05 -4.1476779
57 61 145 152 3 -0.000258556771 -5.04467344
0 0 0 0 1 -0.463712007 10.1188021
93 94 104 139 2 -1.08480235e-05 -7.40982294
36 37 43 78 1 -0.000561961613 -7.50735188
0 0 0 0 2 -0.194187045 6.29580736
56 60 91 98 2 -2.25304975e-05 -3.38375306
45 49 80 86 0 -4.11269539e-05 -3.59377193
198 198 219 224 4 -0.000272382982 -2.39164996
50 53 70 81 1 -3.73123039e-05 -7.55951262
174 175 125 131 2 -2.58683067e-05 -5.83203697
0 0 0 0 3 -0.000974983559 4.7596612
71 75 132 138 2 -0.00034318649 -3.84093666
55 58 69 104 1 -4.94715059e-05 -6.53961706
138 141 121 127 4 -6.09155213e-05 -2.44994855
128 132 41 44 2 -3.17095255e-05 -5.56404018
142 144 115 121 2 -2.51530673e-05 -9.1807375
30 33 104 112 2 -0.000486461999 -4.70919657
0 0 0 0 2 -0.37477091 10.4870415
106 111 34 69 1 -0.000141257464 -3.64252758
0 0 0 0 4 -0.119002543 7.93591547
0 0 0 0 2 -0.00535405567 5.92165565
37 38 55 78 2 -2.24112846e-05 -5.93400717
98 102 143 147 4 -9.1194197e-05 -1.85963368
86 91 107 142 0 -3.26631998e-05 -5.12233305
67 73 88 91 0 -3.25439687e-05 -3.14199066
48 52 160 167 3 -0.000358803052 -5.13392448
60 67 170 177 0 -0.000255695428 -3.64316511
71 75 84 91 1 -0.000126359257 -5.11242342
69 74 176 185 2 -0.00191375287 -2.93915796
0 0 0 0 3 -0.504124045 10.7476206
128 131 39 74 1 -5.53127611e-05 -6.24872589
150 155 44 59 4 -0.000407785061 -2.05886745
110 117 131 135 0 -0.00024842174 -4.19195557
0 0 0 0 2 -0.374647945 8.68153191
60 60 121 136 3 -0.000117300136 -5.58632135
109 112 130 165 1 -3.65971064e-05 -5.51023436
97 97 27 58 3 -0.00134087424 -3.15586185
56 57 25 40 3 -0.000107763408 -5.52700758
74 79 114 121 1 -1.74045199e-05 -5.519701
105 110 130 138 3 -4.05309474e-05 -8.57506752
68 74 85 92 3 -0.000114677583 -5.36743164
124 127 51 55 2 -7.68892423e-05 -4.31892967
110 113 49 54 1 -7.47431623e-05 -6.22040796
129 133 145 180 3 -0.000540099747 -5.343328
0 0 0 0 2 -0.016280571 7.61671019
135 140 34 69 2 -0.000134584596 -7.2501564
83 83 122 145 2 -4.83985859e-05 -7.12615824
88 90 98 104 1 -4.27959203e-05 -7.16929245
0 0 0 0 2 -0.199171036 8.18770218
46 48 62 97 2 -9.38156372e-05 -6.96392727
118 125 45 49 1 -0.000125643855 -5.51919651
55 56 70 76 2 -2.05039432e-05 -5.518085
0 0 0 0 2 -0.0146550788 7.88529348
45 45 175 210 2 -0.000193944623 -6.85711575
127 127 46 52 2 -1.51395479e-05 -9.94478512
0 0 0 0 2 -0.0797960237 8.92599678
123 123 98 100 2 -3.19479186e-05 -6.12593508
102 104 57 92 2 -0.000844975351 -2.68866181
53 54 134 139 2 -0.000108238513 -3.53112006
26 30 79 114 4 -8.6902648e-05 -2.62223697
65 68 102 125 0 -0.000224221585 -4.50932884
102 102 84 91 2 -0.000109074885 -4.41067553
119 120 40 55 3 -1.64508529e-05 -6.18497229
97 102 69 80 1 -5.20941321e-05 -5.1734457
0 0 0 0 2 -0.049008105 8.83577061
44 45 59 61 1 -5.91273565e-05 -5.36442757
53 57 128 132 4 -9.19093291e-05 -3.07214904
96 100 72 79 2 -0.00225664442 -3.781178
0 0 0 0 2 -0.25914079 8.50428772
85 92 104 127 1 -8.26111136e-05 -5.77008533
0 0 0 0 2 -0.00467375247 4.02281952
61 61 26 29 3 -0.00124124589 -2.94405794
113 117 129 130 2 -0.0012171492 -2.29567838
73 79 123 158 0 -0.000266184332 -2.88408494
148 151 167 202 2 -3.92196525e-05 -5.66374969
101 105 121 123 2 -0.000345089502 -3.27406931
78 80 134 138 2 -2.56298863e-05 -5.08526182
0 0 0 0 2 -0.822102666 7.75520515
106 107 126 161 3 -0.000133035093 -6.69638062
58 63 104 106 3 -0.000114795701 -4.7892189
30 38 102 137 2 -8.74983234e-05 -5.82636166
138 138 153 188 3 -5.67431889e-05 -7.42034101
107 107 145 149 3 -0.000487531826 -3.03851914
0 0 0 0 2 -0.43881923 8.96151257
74 76 88 123 2 -2.41993912e-05 -11.798542
46 50 64 69 3 -0.377243906 -6.65690899
57 58 75 106 2 -0.00348594273 -4.17642784
48 51 65 68 2 -1.02519843e-05 -4.68705845
63 65 39 41 1 -6.92600588e-05 -4.92620802
107 107 57 92 4 -0.00198554876 -3.74580431
0 0 0 0 3 -0.462087333 8.23226643
89 92 43 46 4 -0.000184770266 -2.33286834
62 62 96 131 3 -6.0080718e-05 -5.01071596
155 155 123 131 3 -4.47032508e-05 -3.76798058
12 20 25 36 0 -0.00166177459 -4.82962465
47 55 60 63 1 -0.00036142132 -7.22420692
76 77 96 100 2 -2.4676212e-05 -5.35212564
46 49 66 81 1 -3.20671825e-05 -5.28495407
96 104 130 161 0 -0.000401357363 -3.54212213
0 0 0 0 1 -0.202833131 9.14623165
110 117 33 41 0 -0.000111935216 -3.97457242
64 71 108 143 1 -3.76699718e-05 -7.00739002
109 114 128 132 3 -1.43050929e-05 -5.57793427
58 60 75 78 3 -3.14711251e-05 -8.03420353
101 106 29 64 4 -2.88485408e-05 -1.85805368
120 123 53 88 1 -8.55914695e-05 -6.30460882
150 151 79 114 3 -0.000173205204 -5.46342611
101 104 118 125 1 -4.35111615e-05 -4.59146738
60 60 48 53 3 -1.6570064e-05 -5.04037189
0 0 0 0 1 -0.049240604 7.60010338
97 105 114 129 0 -4.20806937e-05 -4.87973785
113 116 78 93 2 -2.28880835e-05 -8.16574287
148 150 167 172 1 -6.66373599e-05 -4.35080671
119 119 76 99 3 -7.30746324e-05 -4.35195589
60 61 75 83 4 -0.000557003194 -2.49288774
0 0 0 0 2 -0.0377996266 7.13890219
116 118 51 60 3 -7.89157057e-05 -7.01876974
0 0 0 0 1 -0.349922448 7.27773428
54 57 126 137 2 -2.01463045e-05 -7.14312744
42 48 104 127 0 -0.00018441159 -4.44811058
137 137 90 125 3 -0.000127192368 -7.15116835
118 119 34 57 2 -0.000977093936 -6.37783957
48 52 61 69 0 -5.10209866e-05 -3.44410849
0 0 0 0 2 -0.00665458199 6.26043463
122 0 0 0 2 -1.95253551 0.743359566
82 87 126 132 1 -0.00903007854 -3.80129218
0 0 0 0 3 -0.0133760534 7.896523
51 55 86 121 4 -6.65181506e-05 -3.22029352
30 36 49 54 0 -2.88485589e-05 -4.07753229
0 0 0 0 3 -0.0243272409 7.86765623
0 0 0 0 2 -0.738181472 7.80136538
118 124 146 157 1 -0.000182146716 -6.06323481
34 34 42 65 3 -1.66892714e-05 -8.04176521
98 99 113 120 3 -1.58548028e-05 -4.44122028
0 0 0 0 4 -0.00916944258 2.62112236
113 119 157 192 0 -0.000295979728 -2.8869338
0 0 0 0 3 -0.813504934 8.19487
0 0 0 0 2 -0.158658117 10.0151396
60 66 89 93 1 -0.000140902208 -6.24895
68 74 44 55 2 -1.35898381e-05 -6.52296686
89 92 55 59 4 -4.7921847e-05 -2.46681452
88 94 53 65 4 -6.341892e-05 -2.89528131
63 66 122 127 2 -3.69547051e-05 -4.51465702
84 88 43 47 3 -3.26631998e-05 -4.37161303
135 142 103 114 1 -0.000138041098 -5.74584913
0 0 0 0 2 -0.0624508448 8.81510353
50 55 89 124 1 -6.7710389e-05 -5.72746372
0 0 0 0 3 -0.11611557 8.54570103
131 138 170 205 2 -1.78813389e-05 -8.50422192
45 45 59 66 2 -5.34054052e-05 -4.45822525
103 107 47 53 2 -9.04782573e-05 -4.74721193
123 127 46 61 2 -1.19209089e-05 -5.5891161
86 86 43 66 2 -0.0001380412 -7.88773918
87 90 96 101 3 -1.68084789e-05 -4.4019475
102 104 126 129 1 -2.71796343e-05 -5.0804987
89 92 120 125 0 -0.000162477751 -3.49582434
126 135 41 52 0 -6.00809508e-05 -4.8812623
143 147 105 111 3 -3.42129169e-05 -4.90025759
103 110 48 83 2 -1.59740102e-05 -7.27095127
81 88 101 108 2 -1.80005663e-05 -7.51983929
0 0 0 0 0 -0.0410862677 9.89932823
131 137 107 115 2 -2.41994185e-05 -6.69295168
0 0 0 0 3 -0.249204025 9.84186935
88 92 63 78 0 -7.99883201e-05 -2.70105052
61 61 128 130 3 -4.70873165e-05 -4.590312
128 128 47 82 2 -5.35245963e-05 -7.44324541
181 185 111 118 3 -8.05845339e-05 -4.94634724
44 46 74 81 2 -5.9723272e-05 -5.42483997
0 0 0 0 2 -0.0363313816 2.3953793
55 55 107 118 3 -7.29554231e-05 -5.34797239
38 41 62 64 4 -0.000160450989 -2.74654937
196 199 124 129 2 -0.000120399418 -3.62807345
69 72 109 120 2 -0.000180475225 -3.91904783
57 59 70 105 2 -0.000100253659 -5.10115099
85 89 40 42 2 -1.54971749e-05 -6.62662077
76 82 143 149 2 -0.000365472632 -2.73953891
163 163 55 90 3 -0.000177735536 -4.82517481
0 0 0 0 2 -0.0224765223 8.79040337
0 0 0 0 4 -0.0401410274 7.57145596
130 135 188 223 1 -0.000148054765 -7.02442646
148 148 98 133 3 -0.000166173559 -3.48037434
55 59 95 102 2 -4.31535191e-05 -4.90244627
93 95 127 162 2 -1.32322102e-05 -9.11940861
98 99 196 211 2 -0.000481567375 -5.24542379
0 0 0 0 4 -0.0592073686 9.39516449
0 0 0 0 2 -0.283189327 8.89343071
122 126 139 147 3 -5.56703126e-05 -5.94137764
128 133 197 204 0 -0.00283575314 -4.48285103
44 47 65 74 4 -6.40148719e-05 -1.82720745
17 26 30 35 0 -0.00243759085 -8.09668922
142 149 160 168 3 -5.75775412e-05 -6.13696384
15 23 77 83 1 -0.000140426186 -5.23587561
223 227 138 144 4 -0.0106964353 -0.555452943
0 0 0 0 1 -0.0587610565 8.45946217
63 66 41 56 2 -3.99348864e-05 -5.91922092
139 140 70 105 2 -5.56701816e-05 -6.90782213
0 0 0 0 2 -0.337349027 8.47425175
0 0 0 0 1 -0.0122686327 8.63715935
0 0 0 0 3 -0.0486978404 6.58255911
121 124 43 46 4 -6.31805015e-05 -0.666639566
0 0 0 0 1 -0.00226849155 6.59168577
176 180 101 108 3 -0.000108597866 -5.08283424
44 49 52 75 3 -0.000181432057 -6.53582525
92 95 132 163 2 -0.000624718552 -5.5407033
36 36 106 111 2 -2.8252447e-05 -5.20658207
109 109 76 99 3 -1.44242986e-05 -7.43121529
58 66 80 115 0 -3.98156953e-05 -4.36994219
0 0 0 0 4 -0.000705996936 4.95890665
0 0 0 0 2 -0.408708364 8.52940941
57 66 79 87 0 -0.000344854838 -3.12278414
0 0 0 0 2 -0.00425708154 6.52203512
170 174 37 68 2 -0.000362971798 -5.02291059
70 76 46 52 0 -2.07423509e-05 -6.54150248
102 102 81 89 2 -8.10614874e-05 -5.14333391
112 118 166 171 3 -0.000435678958 -4.12384224
0 0 0 0 2 -0.175618798 8.98915386
0 0 0 0 0 -0.0968774855 7.34865999
0 0 0 0 2 -0.410862982 8.43841362
125 125 140 146 2 -0.00102533004 -3.34248352
27 31 37 60 3 -0.000971617992 -10.0702124
0 0 0 0 1 -0.195410281 9.87668705
187 188 73 104 2 -1.44518292 2.17300749
27 29 39 45 2 -4.4345572e-05 -5.07208109
0 0 0 0 2 -0.0435357951 9.98351002
33 33 112 147 3 -0.000341991545 -7.49154997
52 54 83 118 2 -8.98825674e-05 -5.15639305
86 88 96 127 2 -0.000233635408 -6.22762108
0 0 0 0 2 -0.0180755667 6.80249691
88 93 121 152 1 -0.00015735146 -2.57068491
0 0 0 0 3 -0.0216056053 8.01363564
129 129 146 153 2 -8.36840336e-05 -4.48219109
83 89 99 106 3 -8.12998769e-05 -3.77772713
93 97 113 124 2 -5.92462093e-05 -5.35723972
48 55 66 101 3 -7.86770106e-05 -5.30097628
105 106 113 115 3 -2.7179638e-05 -4.13429403
60 66 114 122 2 -3.58818143e-05 -5.51126385
99 99 112 120 3 -1.21593248e-05 -7.41028595
78 81 97 112 2 -2.71796162e-05 -7.61126995
84 84 90 125 3 -3.89812485e-05 -5.38846731
39 43 75 82 1 -0.000112770213 -5.99667454
0 0 0 0 2 -0.23859638 8.6467495
79 81 58 65 1 -4.64912409e-05 -4.22382307
96 98 111 122 2 -0.000393368246 -3.34771895
148 151 111 119 2 -6.13922894e-05 -4.6367836
54 55 91 96 2 -1.10864485e-05 -6.00223064
56 58 45 50 2 -3.79083212e-05 -4.87380791
39 42 95 130 2 -3.06366201e-05 -5.97896099
0 0 0 0 3 -0.626428306 7.73981714
81 85 101 108 4 -0.000439620519 -0.929068029
80 83 47 58 1 -2.07423691e-05 -5.04710817
104 112 80 95 3 -6.59221478e-05 -5.17726183
0 0 0 0 0 -0.01820652 10.9124393
119 119 84 90 2 -8.92862008e-05 -5.55004454
123 129 41 50 2 -0.000103829479 -5.48880005
45 47 103 118 2 -1.97886802e-05 -5.64436436
11 12 16 20 2 -0.0936286673 -8.69364071
99 99 110 114 3 -8.08229815e-05 -3.97116065
84 84 103 138 3 -4.30342188e-05 -6.26352119
105 111 126 157 0 -0.000133988637 -1.99946141
89 95 35 50 2 -2.33649571e-05 -5.39737034
213 218 55 78 3 -0.00297080143 -5.95619774
0 0 0 0 4 -0.058559753 7.78672791
119 124 57 61 3 -0.00136598886 -5.3214879
160 166 73 81 1 -9.76312804e-05 -5.63231087
0 0 0 0 2 -0.206570387 8.75489235
16 17 43 78 2 -0.000177259149 -4.58691454
25 30 97 104 1 -0.00172560639 -1.44702983
187 194 73 81 0 -0.000214571599 -3.75844407
97 97 114 149 4 -0.000443070719 -2.73010349
22 29 36 71 0 -0.00176934525 -3.73131967
93 95 104 115 1 -0.000144832768 -2.7513566
0 0 0 0 1 -0.751961768 9.42926025
49 53 66 97 2 -8.72600067e-05 -5.63029623
141 147 84 119 2 -2.81332723e-05 -9.37042999
0 0 0 0 2 -0.225467816 8.82963753
139 140 163 165 3 -0.0012751586 -4.7735281
116 119 37 72 3 -6.10346615e-05 -5.34532118
0 0 0 0 3 -0.00533634145 6.53288126
99 102 47 55 3 -3.01597829e-05 -5.91747189
0 0 0 0 3 -0.00805034116 6.57075977
137 145 65 100 0 -4.47031707e-05 -4.66030931
55 55 184 219 2 -3.13519158e-05 -8.53310394
105 105 114 137 2 -0.00167281763 -3.0058949
0 0 0 0 2 -0.175764754 8.68969059
0 0 0 0 2 -0.295684934 8.88386822
208 209 115 150 2 -0.209014326 -3.46456218
107 114 124 129 1 -7.0213413e-05 -4.2088275
40 46 55 90 2 -0.000103827828 -5.10053587
133 133 68 71 3 -5.99617051e-05 -5.844069
107 111 24 35 3 -3.69547124e-05 -5.40296125
49 51 63 67 2 -1.1324867e-05 -5.6600976
84 84 102 110 2 -1.3709041e-05 -8.86817837
80 80 91 97 3 -1.89542334e-05 -5.13821793
85 91 155 158 0 -0.000139233758 -3.95803928
0 0 0 0 3 -0.706646621 10.1149569
40 44 48 56 2 -0.000294406927 -10.0056295
76 78 113 117 1 -0.000156874943 -4.42869473
97 100 50 85 3 -0.00749020185 -2.92062378
0 0 0 0 2 -0.0138122747 8.97485733
36 40 53 88 3 -6.15115496e-05 -4.7378149
0 0 0 0 1 -0.0123981033 7.69907045
91 96 115 121 2 -2.38417961e-05 -5.84424639
73 78 91 106 1 -0.00304055726 -5.6634655
47 53 93 128 2 -4.54183464e-05 -6.24530077
103 106 143 178 2 -0.000182981981 -4.60973835
65 71 113 148 1 -5.38822642e-05 -6.38379478
50 50 55 62 4 -0.0296476912 -2.38788033
0 0 0 0 1 -0.531704009 9.01237679
50 51 83 90 1 -0.000306591392 -3.38250923
108 110 124 159 2 -8.82147742e-06 -8.51197243
86 87 143 178 2 -0.000316605612 -3.56373763
108 113 125 128 1 -6.12730873e-05 -6.21863699
49 53 84 86 1 -0.000161286152 -5.14013767
0 0 0 0 1 -0.392925531 9.34053516
134 134 152 155 3 -0.000191443585 -5.30970907
60 65 44 46 0 -5.35244908e-05 -3.60077167
62 66 17 52 4 -0.00114527857 -2.28972673
0 0 0 0 2 -0.436165273 8.21224689
51 52 81 116 2 -0.000352715666 -2.87163091
65 69 51 54 2 -5.09019155e-05 -5.38055563
65 69 80 84 3 -3.94580711e-05 -5.47704935
143 149 83 106 1 -4.75642373e-05 -5.9505167
55 57 90 125 1 -0.000138994292 -6.02678871
123 129 86 90 0 -0.00014233221 -2.95358109
143 143 50 65 2 -0.000515287044 -6.64129448
93 97 107 110 3 -2.15768232e-05 -6.96285486
146 147 100 106 2 -0.000119445496 -5.76727104
150 154 26 61 3 -0.00299785123 -3.31955671
111 116 74 76 0 -0.000167482853 -2.50425553
132 132 101 109 2 -1.83581669e-05 -7.4840827
70 74 88 111 3 -0.000103829974 -5.10036087
0 0 0 0 4 -0.0292497929 8.17933178
150 154 96 131 4 -0.00012886335 -1.25246358
143 149 78 83 0 -0.0001759484 -2.31288362
0 0 0 0 2 -0.00334764342 5.36528158
60 65 98 102 3 -2.06231562e-05 -5.60624552
56 60 127 131 0 -5.18557135e-05 -4.22729492
146 146 108 114 3 -2.28881181e-05 -5.0499568
178 179 154 169 2 -0.000411008019 -3.01910162
100 100 132 167 2 -0.000801580143 -7.59350729
54 56 119 126 2 -5.04251075e-05 -4.98674488
104 106 50 85 4 -0.000129220978 -0.650715709
41 42 57 64 2 -2.05039469e-05 -6.37747478
150 157 69 75 2 -9.3458686e-05 -3.89735913
63 67 47 51 2 -0.000526028045 -2.82090163
0 0 0 0 2 -0.00305798301 6.61346197
58 62 102 137 3 -0.000167961116 -5.93549824
69 71 53 55 1 -9.13120894e-05 -4.93448639
98 98 106 137 2 -5.1974821e-05 -6.6934948
104 107 52 56 2 -0.00011181616 -3.99264526
0 0 0 0 2 -0.00341066299 6.63764811
194 194 97 102 4 -0.0013120817 -2.46073174
110 110 125 133 3 -2.88485317e-05 -6.07110548
0 0 0 0 2 -0.104254462 8.31763458
0 0 0 0 0 -0.0780111253 10.9750271
0 0 0 0 2 -0.00620547216 7.76066589
0 115 85 0 3 -2.28463554 0.470282525
158 158 32 63 3 -0.00104743359 -3.22633338
56 56 68 73 3 -9.00018567e-05 -4.65477657
0 0 0 0 3 -0.690069616 10.6118832
0 0 0 0 4 -1.11934268 10.4834967
99 100 46 81 4 -0.00018894067 -2.63254142
130 133 65 67 2 -4.05309547e-05 -2.90602875
17 22 27 34 4 -0.00525159435 -3.13806462
112 116 35 40 3 -3.34976212e-05 -6.15516376
83 88 103 111 3 -4.42263845e-05 -4.95467424
146 147 160 166 2 -0.000138995776 -4.19692612
60 63 47 54 3 -5.11404796e-05 -6.28118658
85 87 103 126 3 -3.60010163e-05 -4.82291603
67 70 124 159 0 -0.000103591337 -4.84979916
32 32 49 57 2 -2.86100803e-05 -9.3006382
43 47 81 116 2 -5.62663408e-05 -4.58555269
0 0 0 0 1 -0.011976161 8.10538483
56 61 120 126 2 -3.8861901e-05 -6.82290268
0 0 0 0 3 -0.0686004683 10.1848545
164 165 174 205 1 -0.00105557451 -1.89696741
72 75 121 144 0 -3.44513173e-05 -4.17075062
82 85 28 63 2 -0.000159253308 -6.07452106
98 102 78 85 3 -2.21728696e-05 -5.19318008
29 33 98 106 3 -6.69950896e-05 -5.71981239
55 60 98 133 4 -7.24786514e-05 -3.43026972
130 133 56 91 1 -0.000132200803 -4.60552931
109 109 123 127 3 -1.57355935e-05 -5.02641916
105 105 118 125 3 -5.41205154e-05 -3.66855383
104 106 117 124 2 -1.31130018e-05 -5.0353632
83 85 92 107 3 -4.58953182e-05 -6.14102364
72 78 121 123 1 -0.000197519737 -4.09576035
115 115 130 132 2 -0.000188344828 -3.58959198
162 162 34 39 3 -3.7193131e-05 -5.78132915
106 106 120 127 3 -1.71660922e-05 -7.70603895
0 0 0 0 3 -0.483212084 10.3765354
73 75 36 59 2 -4.18422169e-05 -7.58123779
91 99 41 56 2 -1.03711964e-05 -7.6660161
126 129 65 73 1 -3.40937258e-05 -7.21972466
0 0 0 0 3 -0.481615603 9.77042389
54 55 96 131 3 -0.000249497156 -5.99177647
96 100 112 118 4 -4.64913282e-05 -3.18879485
65 68 116 147 3 -0.000454393099 -4.59286785
108 109 120 151 3 -0.000401594851 -4.06619978
81 89 110 117 1 -7.2836272e-05 -4.92967892
203 209 100 135 2 -0.000102756982 -6.27028036
135 135 66 74 2 -0.000477155263 -5.9402523
126 130 139 162 3 -0.000269280106 -4.89067793
47 52 91 126 3 -0.00084402127 -5.27671242
121 129 56 87 1 -0.000549133925 -5.80733252
117 122 65 100 1 -0.000108358618 -5.48101044
95 99 56 57 2 -0.000173683657 -3.35821939
166 167 192 227 3 -0.0127924588 -4.7995019
51 56 96 101 0 -7.74859473e-06 -6.04543829
111 112 127 132 3 -0.000105022009 -6.08410025
114 114 123 130 4 -9.87036619e-05 -3.03140974
56 59 151 156 2 -1.38282539e-05 -8.60096741
107 107 121 152 3 -6.06768845e-05 -5.99152756
181 184 108 112 2 -0.000142690755 -3.06777334
0 0 0 0 2 -0.00463723298 6.647048
230 230 96 131 3 -0.0123338737 -3.30199885
91 91 46 81 3 -6.19883649e-05 -7.14659214
88 95 132 167 2 -3.96964824e-05 -6.6426816
0 0 0 0 1 -0.011620502 5.08545732
134 138 82 117 1 -8.1419028e-05 -4.6490407
125 129 54 89 0 -9.69158864e-05 -6.81746626
0 0 0 0 3 -0.0331086218 6.11316013
0 0 0 0 4 -1.17655218 8.75332546
58 61 76 111 3 -0.00236112997 -3.40142012
116 121 71 106 1 -0.000344134576 -3.24539948
95 97 44 55 1 -0.000111458059 -2.90853238
75 75 85 108 3 -0.000105378072 -6.14867163
62 62 79 90 2 -0.000131366251 -5.43874598
0 0 0 0 2 -0.0992604047 10.5552988
135 136 66 97 3 -0.00183874334 -3.42501354
96 98 69 74 1 -0.000161047879 -4.94961786
0 0 0 0 3 -0.833008885 10.028615
107 111 50 57 1 -2.75372531e-05 -6.70995235
0 0 0 0 3 -0.0155321136 8.07383442
16 22 26 61 2 -8.09421836e-05 -8.6875782
96 99 111 126 3 -6.05576461e-05 -5.09239531
80 81 120 155 2 -0.000150914566 -9.00107574
171 172 148 153 3 -0.000198471287 -6.18198347
101 104 20 43 1 -4.30343462e-05 -5.9923563
83 91 143 152 0 -5.8292786e-05 -5.05470467
86 90 63 67 0 -1.10864485e-05 -3.75799799
216 219 36 42 0 -0.0009326812 -2.83206415
95 96 49 84 2 -0.000141497658 -6.44254351
17 17 38 41 3 -0.000257960754 -3.40476704
57 60 70 105 3 -3.63586842e-05 -5.34127951
79 80 92 95 2 -3.38552964e-05 -4.71365738
56 59 75 78 1 -0.000733185268 -2.98243117
140 144 61 72 1 -6.41340812e-05 -4.9380393
53 59 94 129 0 -5.36437365e-05 -6.45432281
130 131 68 80 2 -7.22397308e-05 -4.80267906
130 130 96 101 3 -2.5391495e-05 -3.21536279
61 65 49 51 1 -5.10212594e-05 -5.81929016
43 47 76 111 1 -0.000133392867 -4.37507439
42 46 142 165 2 -0.000227441604 -4.09300709
39 45 76 85 1 -7.70084735e-05 -6.44369459
63 65 49 52 2 -1.20401237e-05 -6.04359531
151 152 172 179 2 -0.000431355526 -6.32973242
92 94 111 117 2 -6.4730164e-05 -3.994735
12 12 17 24 4 -0.000677120348 -2.50832891
12 17 21 44 0 -0.0024367678 -5.79661798
74 78 42 57 4 -7.24786951e-05 -2.27258062
57 62 39 45 3 -1.59740157e-05 -6.5911355
54 54 67 102 3 -4.58951472e-05 -6.880723
72 73 89 104 4 -4.93523221e-05 -2.44910073
90 91 78 85 2 -9.28630034e-05 -3.14707208
56 61 31 38 4 -0.00073697191 -1.82662368
138 139 162 165 3 -0.00137123954 -6.32875776
81 81 47 53 2 -9.17901343e-05 -4.23564196
84 88 106 137 2 -4.58952491e-05 -5.31345987
105 111 82 91 1 -4.23191123e-05 -5.97962189
40 41 59 65 4 -3.34976612e-05 -3.11442327
45 48 68 91 3 -5.79351981e-05 -5.86108494
56 61 71 82 3 -3.33784228e-05 -5.18308735
50 54 63 66 2 -7.97496323e-05 -3.99912786
50 54 58 65 1 -0.000255688326 -6.74020815
78 80 88 93 1 -6.15111348e-05 -6.59548283
39 40 44 52 2 -0.000921048049 -7.02431345
47 50 74 109 2 -7.7961151e-05 -6.12972832
70 80 92 127 0 -1.3113e-05 -4.81985235
55 59 115 123 2 -9.69157118e-05 -4.98944092
67 71 79 114 3 -0.000499771675 -5.09519243
83 89 69 72 0 -0.000120160039 -3.18422985
68 68 55 56 3 -3.44513501e-05 -3.77114677
56 57 75 81 3 -0.000133152833 -5.8302207
56 57 74 109 3 -9.78691969e-05 -4.6197753
43 43 55 60 2 -6.15115205e-05 -4.05226278
151 153 60 95 2 -3.1351934e-05 -7.00330925
69 73 104 127 2 -3.46896668e-05 -5.9233079
123 123 66 101 3 -0.00010978974 -4.61890268
93 99 110 114 0 -3.93388254e-05 -2.86092734
47 47 86 94 3 -2.62259291e-05 -5.1379838
96 96 126 129 3 -3.87427972e-05 -4.60358953
21 22 39 46 3 -0.000212425279 -4.91958857
34 36 105 112 3 -0.000878924504 -4.39548779
4 4 7 42 3 -0.00267656404 -5.07741404
55 55 71 94 3 -6.13923476e-05 -5.57330751
60 61 87 95 2 -6.46109183e-05 -3.67224526
119 119 41 56 3 -2.71796307e-05 -5.55903196
29 32 36 59 2 -0.000804101233 -5.455163
127 127 88 111 3 -3.01598375e-05 -5.12770128
75 75 34 65 2 -0.000181789772 -5.1635704
63 65 84 87 2 -9.89436012e-06 -6.33019543
92 94 34 69 2 -9.59614772e-05 -4.75015736
99 101 120 143 2 -0.000802246155 -4.45144224
101 101 83 91 2 -0.000108121254 -4.55646944
161 164 89 124 1 -0.000110505309 -6.74315071
57 58 78 113 3 -0.000435759517 -6.92757225
84 84 170 205 3 -0.0232400075 -5.64041948
113 114 72 95 1 -7.31937835e-05 -7.18324137
87 88 65 68 2 -8.67833005e-05 -4.59541416
148 149 97 132 3 -0.000143521786 -7.04165649
48 49 120 135 3 -3.98156772e-05 -5.35311413
94 96 64 79 1 -6.18692211e-05 -4.57783747
95 96 53 88 2 -0.000142093559 -6.26804209
120 122 75 98 2 -5.26897202e-05 -6.68003654
17 19 40 43 2 -7.98680267e-05 -6.44928312
54 57 70 93 1 -0.000250686571 -5.08398199
41 44 56 58 2 -8.4518455e-05 -4.09066391
123 124 139 145 2 -1.68084771e-05 -5.09236193
39 40 51 66 2 -8.5471911e-05 -5.21461821
0 0 0 0 3 -0.00962111726 6.29144573
0 0 0 0 3 -0.020559093 8.21091938
0 0 0 0 2 -0.347041905 8.80258274
0 0 0 0 3 -0.0185638145 7.78348064
0 0 0 0 2 -0.248800263 9.83764935
0 0 0 0 3 -0.00167550193 7.73899126
0 0 0 0 2 -0.00530552398 9.80007076
0 0 0 0 2 -0.42940706 8.8263588
0 0 0 0 3 -0.0220967364 8.17708492
0 0 0 0 2 -0.498518109 9.96289349
0 0 0 0 1 -0.658901751 8.77413082
0 0 0 0 3 -0.603063405 10.5344782
0 0 0 0 2 -0.0193504412 7.56864071
0 0 0 0 0 -0.198632732 11.374342
0 0 0 0 2 -0.257290602 10.0938559
0 0 0 0 3 -0.0519708693 7.90792227
0 0 0 0 2 -0.00512420107 7.54913473
0 0 0 0 2 -0.00642297184 4.50060558
110 111 124 126 2 -6.47300694e-05 -4.8566637
134 138 52 59 1 -5.24517091e-05 -4.18908978
82 92 51 56 0 -2.22920753e-05 -3.65022445
64 19 23 58 2 -0.0692108646 -3.0806129
159 165 67 102 1 -0.000135180308 -4.65560627
115 119 30 65 3 -4.08885971e-05 -6.46539402
53 60 43 48 1 -3.01598357e-05 -5.68252897
125 128 52 87 1 -4.33919631e-05 -6.66065645
68 69 113 124 2 -0.000428049389 -4.19980431
42 42 129 132 3 -8.03461444e-05 -4.07589912
120 127 138 146 0 -0.000307298382 -1.85113144
45 48 59 66 2 -2.15767941e-05 -6.07396507
61 64 81 116 2 -2.1815229e-05 -7.56625366
35 38 48 54 0 -9.41752205e-06 -4.7948432
83 87 99 114 0 -2.57491192e-05 -3.95307326
53 57 71 102 3 -7.86769961e-05 -6.38950825
85 85 107 138 3 -0.000156994603 -4.97314882
160 164 75 86 1 -0.000110504916 -3.42542362
93 94 53 76 3 -4.79217051e-05 -6.83640528
117 123 203 209 0 -0.00028572962 -4.45944548
53 60 68 75 1 -4.54184847e-05 -7.24276066
42 46 61 68 3 -3.18287639e-05 -5.58802795
52 56 66 73 4 -0.000962454302 -1.85955656
51 54 76 111 1 -0.000139113967 -5.71167898
56 62 152 187 1 -0.000288354582 -6.11667442
71 75 89 124 4 -8.73794561e-05 0.362520605
56 61 75 106 4 -5.28093951e-05 -2.09566355
41 41 53 68 4 -0.000136491843 -3.01348114
37 40 71 75 4 -0.000595406862 -0.588265657
0 0 0 0 3 -1.0229305 10.3789053
0 0 0 0 1 -0.0110377762 5.19801855
15 20 35 70 1 -7.90349004e-05 -7.44395208
59 66 154 189 0 -0.000260581844 -5.00080156
0 0 0 0 1 -0.32568264 9.9456501
0 0 0 0 3 -0.0399494953 9.67477036
90 90 168 183 2 -0.000202051189 -6.0701108
63 68 45 51 1 -2.00271097e-05 -6.49217939
99 103 50 85 1 -3.67163047e-05 -6.88248396
108 113 62 68 0 -0.000133749301 -2.83988023
157 163 106 110 0 -0.00019287008 -3.42936516
0 0 0 0 2 -0.00960561819 3.26989341
63 66 116 122 2 -0.00015639927 -4.71555805
79 81 55 59 2 -3.54050135e-05 -5.32278967
80 83 152 157 0 -0.000159737014 -5.27785492
39 42 48 83 3 -8.89292351e-05 -6.32113934
0 0 0 0 3 -0.00156256522 3.69127917
132 133 109 118 2 -1.16824904e-05 -7.27057076
77 81 48 56 1 -2.27689161e-05 -6.20624304
0 0 0 0 1 -0.088874869 8.46525955
10 11 21 28 2 -0.00037942169 -4.19004965
29 32 10 18 2 -6.62796374e-05 -4.51820564
94 101 26 35 1 -3.3616896e-05 -6.34533405
136 139 101 107 1 -5.47166019e-05 -4.94667768
85 85 32 35 2 -0.000159021874 -4.96954107
83 88 61 68 2 -2.78948701e-05 -5.43842697
0 0 0 0 3 -0.0183664337 7.90584421
66 72 41 48 3 -5.31667974e-05 -6.65114641
67 71 118 153 3 -0.000531270984 -5.04828501
91 97 107 142 1 -4.29150969e-05 -7.51898575
120 121 139 174 2 -0.000307903218 -8.38271713
40 43 80 91 2 -0.000170345535 -4.79755497
61 67 77 83 0 -2.43186187e-05 -3.29004073
88 89 127 129 3 -8.96440179e-05 -3.90726876
99 102 117 152 3 -7.22401965e-05 -6.31453323
152 155 68 103 3 -0.000918031903 -3.29136658
35 35 61 68 2 -5.41206064e-05 -5.08962631
144 146 70 105 2 -6.63990504e-05 -4.50132418
0 0 0 0 4 -0.000224095202 2.37514806
42 45 59 70 3 -0.000340327999 -4.24456978
50 56 63 65 3 -0.000435673341 -4.18055916
88 92 105 128 4 -0.000148174455 -0.781130612
128 133 105 112 1 -0.000573441095 -5.27967548
50 51 66 101 4 -0.000189896047 -2.57072496
0 0 0 0 2 -0.016563328 8.54216099
47 47 59 61 4 -0.000881563581 -4.86229753
41 41 127 135 4 -0.000210160171 -3.05696464
109 111 59 94 3 -3.93388582e-05 -6.93720913
93 96 73 78 2 -5.87697432e-05 -4.51076174
134 137 116 124 2 -4.35110705e-05 -8.13490582
129 129 82 113 3 -3.08749914e-05 -6.40585375
127 127 168 191 3 -0.000162597018 -4.84299183
82 90 43 48 0 -6.47294e-05 -3.23461151
99 99 80 84 3 -7.37896189e-05 -3.54001546
65 69 84 119 3 -4.41071679e-05 -7.9007597
41 44 57 61 1 -4.8994596e-05 -4.54417658
45 49 82 97 1 -0.000388358254 -3.89940095
130 137 170 177 0 -0.000452248409 -4.72069502
163 170 86 91 1 -0.00034818839 -5.28017473
79 80 113 116 2 -1.80005172e-05 -5.54130554
77 79 95 126 2 -2.84909293e-05 -7.69408894
46 48 55 90 1 -0.000128622807 -4.43808985
0 0 0 0 2 -0.0748624653 8.65100384
0 0 0 0 2 -0.0844685361 9.66040134
0 0 0 0 2 -0.293703616 9.35000038
57 62 35 43 3 -7.51017751e-06 -6.47540903
111 115 72 95 3 -4.45840196e-05 -7.94876814
0 0 0 0 2 -0.490168035 8.60493088
95 104 117 148 0 -7.42666307e-05 -6.2177453
118 126 43 78 3 -0.717253745 -2.87278891
47 51 115 124 4 -0.000198715832 -2.90160155
0 0 0 0 2 -0.00270577427 6.91808462
0 0 0 0 1 -0.00202341867 6.42243004
57 63 100 108 2 -1.12056596e-05 -6.47741938
127 130 195 202 2 -2.74180438e-05 -5.49475908
99 102 87 93 2 -4.21998411e-05 -3.82989955
151 155 83 118 3 -0.00125016738 -6.17218447
59 59 75 80 3 -4.60144838e-05 -6.06404972
173 174 105 140 2 -0.000375010946 -4.50519943
0 0 0 0 2 -0.307993084 8.56003857
96 96 38 42 4 -0.000487297511 0.819074512
103 105 54 89 1 -0.000173085544 -7.94923639
116 118 65 70 3 -0.000164623227 -3.89514947
26 31 36 43 4 -0.00297610159 -3.83998537
105 109 122 133 3 -9.32204348e-05 -5.81255341
98 106 32 39 2 -1.39474396e-05 -8.09173012
44 47 22 27 1 -4.73256368e-05 -7.62017298
0 0 0 0 2 -0.681562304 9.09598351
126 131 140 144 4 -6.18690829e-05 -1.70811045
103 105 63 98 3 -0.000128862739 -9.11069012
123 127 48 83 3 -4.4822471e-05 -6.05052948
0 0 0 0 0 -0.0789464712 10.6336603
62 64 39 47 2 -0.000128505228 -3.67528033
0 0 0 0 3 -0.712901413 9.67475414
113 116 36 59 3 -0.0132039413 -4.52140188
36 36 41 48 2 -2.87292914e-05 -9.99183941
39 40 119 154 2 -0.00135398994 -5.05729055
0 0 0 0 2 -0.0681985468 8.42597389
56 60 26 37 3 -0.000567153911 -4.40883064
34 37 120 155 1 -0.000434959045 -4.12879848
128 135 109 116 1 -0.00014352065 -6.03479528
132 132 107 114 4 -0.000824623159 -2.28028679
50 57 79 114 2 -9.08356087e-05 -8.48574162
52 58 69 80 2 -0.00517702755 -0.40106079
171 174 50 85 2 -1.25169572e-05 -9.05786133
17 20 32 40 0 -9.05989691e-06 -5.80745506
61 68 113 117 0 -0.000409556989 -1.46826887
97 99 114 149 2 -2.67027572e-05 -6.92553091
52 56 102 109 2 -0.000220052854 -3.92902279
66 71 85 116 1 -0.000197285772 -5.93783951
53 57 77 112 4 -5.17365479e-05 -1.91704428
54 60 76 84 1 -5.43590068e-05 -6.16424894
128 136 69 104 4 -0.00021993462 -2.23571968
30 34 46 50 1 -6.55645708e-05 -5.33335447
104 108 62 66 2 -0.00013518022 -7.54317617
96 96 105 109 4 -7.65315344e-05 -2.64580154
60 62 90 96 1 -7.68891696e-05 -5.90162992
113 119 56 61 0 -5.36437437e-05 -3.6047349
54 58 110 141 2 -2.75372222e-05 -6.99397087
46 48 66 89 2 -4.47031125e-05 -8.88279629
80 84 93 128 2 -0.000221721566 -4.56850719
52 59 119 121 0 -8.34454404e-05 -3.80246162
162 164 175 179 2 -6.63989558e-05 -4.6908989
117 122 45 51 0 -9.66774751e-05 -4.47428083
23 27 54 60 4 -0.000172372238 -3.44143772
105 105 120 127 2 -5.87697432e-05 -6.22523069
94 100 50 57 2 -8.74983525e-05 -3.66619611
84 85 101 106 4 -0.00010371086 -2.01237893
0 0 0 0 3 -0.00849897321 6.74106312
123 126 145 152 2 -0.000284297712 -5.19783878
0 0 0 0 2 -0.00269478746 7.64026308
0 0 0 0 2 -0.23314698 8.35150814
106 107 66 71 3 -0.00021421269 -4.47282696
55 57 39 45 2 -4.07693478e-05 -5.99325132
89 93 106 141 3 -2.88485626e-05 -7.38761234
0 0 0 0 2 -0.000723430305 4.41249514
0 0 0 0 2 -0.0845772028 8.32806301
110 119 28 36 0 -0.000175589521 -3.75075865
31 39 88 103 0 -0.000579646497 -2.62626481
145 149 162 169 4 -0.000169512408 -0.590122461
106 107 52 63 2 -4.58953218e-05 -6.83399725
47 55 59 64 2 -0.000719926611 -7.02523375
114 121 53 59 0 -6.77100106e-05 -3.60475492
154 155 126 134 2 -1.58548064e-05 -5.60632277
150 157 172 207 2 -4.38687675e-05 -8.92261314
139 145 53 76 2 -4.54184519e-05 -7.00164318
50 58 78 87 0 -0.186508074 1.28217733
96 99 107 113 2 -1.78813352e-05 -5.93971872
8 12 18 53 4 -0.0583755225 -0.431731969
64 65 74 109 3 -0.000125644277 -5.20508242
183 184 55 90 2 -4.39879441e-05 -7.56090975
0 0 0 0 2 -0.109848447 8.83917713
133 139 69 74 2 -0.00409817416 -3.37972307
57 59 74 81 1 -0.000176902744 -5.93997049
107 107 50 54 3 -5.92465331e-05 -6.00785971
54 56 99 134 2 -3.46897614e-05 -7.91091919
51 52 90 125 2 -0.000304433022 -3.29329467
92 94 60 67 2 -8.46384864e-06 -9.9452219
24 27 35 70 2 -7.98694091e-05 -6.98392296
0 0 0 0 2 -0.387102127 8.72075272
107 112 43 48 4 -5.66236231e-05 -1.38678944
110 113 124 159 2 -9.70346664e-05 -4.74198961
0 0 0 0 3 -0.00191490992 4.9426775
0 0 0 0 1 -0.0228146985 9.06512356
50 51 114 121 3 -2.58683103e-05 -5.94033813
12 19 31 33 2 -0.00056560454 -2.86451292
35 40 76 78 2 -0.000150081294 -3.6032393
15 19 32 35 3 -0.00140400929 -3.69343448
140 147 109 116 3 -9.97758034e-05 -6.35375595
0 0 0 0 3 -0.0363456048 10.6037111
235 238 144 152 2 -0.0047673271 -2.75890064
38 39 138 142 3 -0.00105883775 -4.78390169
101 109 57 64 0 -0.000127430219 -4.21955061
0 0 0 0 3 -0.303568721 8.79345798
54 54 124 131 3 -3.51665876e-05 -4.8130765
52 57 74 77 3 -0.00040553126 -3.31754375
144 147 53 68 3 -0.000718986033 -5.65062189
42 48 66 101 1 -3.05174544e-05 -7.89172173
0 0 0 0 1 -0.0569251701 6.90680361
171 173 116 131 3 -0.000629715854 -3.56792212
47 52 76 111 0 -8.38032283e-05 -3.93221378
72 72 49 57 4 -0.000191683474 -3.64968133
39 45 62 68 2 -5.36437619e-05 -5.14480877
54 58 123 158 1 -7.55772635e-05 -5.85948277
103 108 47 50 4 -4.44648285e-05 -0.155515015
103 107 119 126 4 -4.31535518e-05 -3.3112545
0 0 0 0 2 -0.00906050671 7.8817215
0 0 0 0 3 -0.376277775 8.9121666
0 0 0 0 4 -0.0523796156 7.08515215
30 36 56 91 1 -0.000915099983 -4.94292116
40 42 93 104 2 -5.35246436e-05 -3.48414993
56 56 93 101 2 -6.9736343e-05 -5.50467825
100 102 66 70 2 -5.09018901e-05 -3.99744225
15 15 31 39 2 -0.000158184208 -5.1562233
53 54 72 107 2 -1.91926192e-05 -6.2020402
0 0 0 0 1 -0.0134233851 3.35734916
88 90 100 106 1 -0.000140067379 -4.06894827
123 127 53 61 2 -5.55511288e-05 -3.89845228
144 144 76 99 2 -3.81467908e-05 -5.80655956
60 60 119 154 3 -3.52857533e-05 -8.26621151
46 49 56 60 0 -6.96173083e-05 -2.75852609
83 87 57 61 2 -1.51395425e-05 -7.07780313
0 0 0 0 3 -0.267514199 8.31933117
92 97 126 134 1 -0.00148485892 -2.48310375
49 49 63 68 4 -0.000262013375 -2.42313719
81 83 59 63 2 -7.15255101e-06 -6.5567112
87 93 69 73 2 -3.88619665e-05 -5.02737713
0 0 0 0 3 -0.503569245 8.49332047
176 176 99 104 2 -8.10614729e-05 -6.26519394
168 169 117 125 2 -8.39221611e-05 -5.59211111
13 14 22 57 2 -0.000133511989 -4.75532389
46 46 22 29 2 -4.8636939e-05 -7.41008806
0 0 0 0 2 -0.0256091077 9.08974934
47 51 57 92 4 -3.60010672e-05 -1.83375847
0 0 0 0 1 -0.13149479 9.06271076
120 121 57 64 2 -0.000105259925 -4.11725855
0 0 0 0 0 -0.646657705 11.6249228
0 0 0 0 2 -0.0120260855 7.7169776
106 113 50 85 1 -8.53528763e-05 -6.07935286
65 68 159 190 2 -0.000761765637 -3.17127657
121 123 90 99 2 -2.92061068e-05 -7.62681532
130 131 176 182 2 -0.0128174517 -1.80636203
119 119 68 75 2 -5.45973926e-05 -6.5463624
0 0 0 0 4 -0.554801583 10.4133301
41 45 81 83 0 -0.000631263829 -2.30621004
71 75 45 53 4 -0.0243958067 2.71876049
142 145 45 68 2 -0.000244009396 -3.01257467
28 28 41 76 2 -7.93923828e-05 -4.98508692
72 72 114 118 2 -0.000138160089 -5.31840563
0 0 0 0 2 -0.00659972848 5.55586433
108 116 59 94 0 -5.56702144e-05 -4.85930204
77 80 54 61 3 -6.80679659e-05 -4.51755857
45 47 59 67 3 -4.89946033e-05 -6.46218204
197 200 62 64 2 -0.00034950205 -3.52762365
109 114 84 86 3 -4.66105485e-05 -5.47385168
172 173 36 42 2 -0.00121979264 -4.49073648
110 112 45 53 1 -8.69015421e-05 -6.51964045
102 106 95 97 3 -0.000347953464 -4.0429945
62 63 27 33 2 -5.32861632e-05 -4.15067768
114 118 60 64 2 -5.66239723e-05 -4.82479858
39 41 166 171 2 -0.000774786458 -3.79663444
64 64 46 48 4 -0.00040994084 -2.94598246
0 0 0 0 3 -0.0335261226 8.78563786
116 123 64 99 0 -3.92196889e-05 -4.5408268
160 161 102 137 1 -0.000245079631 -3.14424539
0 0 0 0 2 -0.238356128 8.24402142
0 0 0 0 2 -0.116975404 4.63863277
60 62 79 114 2 -1.8954237e-05 -8.13014793
98 100 112 123 1 -3.42129388e-05 -5.64772463
58 62 80 115 4 -7.9154197e-05 -3.43705893
194 197 100 135 2 -0.000593810517 -5.98392057
0 0 0 0 2 -0.159427628 8.41833687
0 0 0 0 2 -0.067541264 8.79173183
81 81 92 96 3 -2.72988436e-05 -4.74520159
26 28 47 51 1 -4.8994676e-05 -7.42170095
114 122 51 53 0 -4.67296995e-05 -2.86816692
165 165 77 82 2 -0.000513513864 -4.83989716
52 54 97 128 1 -0.000158187278 -4.71782303
75 81 110 118 0 -6.98559452e-05 -3.94939518
0 0 0 0 2 -0.560850978 9.67600536
75 80 88 96 0 -2.39609508e-05 -3.76964211
208 216 175 183 0 -0.000665474625 -3.25358748
0 0 0 0 2 -0.00814772118 5.8263669
103 103 26 32 2 -0.000978020485 -5.06160498
94 95 102 109 3 -5.56702726e-05 -3.70517826
84 84 42 46 3 -4.32727356e-05 -2.74132299
45 50 65 71 1 -5.16173059e-05 -3.94367957
174 174 143 150 3 -0.000120637749 -3.81386065
59 67 86 90 0 -0.000534244231 -3.73428226
0 0 0 0 3 -0.00787565671 6.5643301
0 0 0 0 2 -0.10356535 7.46501112
0 0 0 0 2 -0.00758841634 10.1751299
159 160 86 121 3 -0.000700228149 -4.76071548
148 155 33 39 1 -0.00118199713 -7.8038559
86 87 143 145 2 -1.71661031e-05 -5.58800745
84 84 70 72 2 -0.000459160889 -7.08700657
97 99 41 56 2 -3.77891665e-05 -4.71753025
195 198 53 64 2 -0.0001172989 -6.24811697
122 127 83 106 3 -8.95252015e-05 -5.06152582
86 91 104 111 0 -4.66104248e-05 -2.07452536
104 111 120 143 0 -5.57893618e-05 -6.2471571
0 0 0 0 2 -0.0157987289 7.59958601
51 53 62 69 1 -7.7485136e-05 -6.17444754
110 114 73 77 0 -5.6743178e-05 -2.57283568
96 100 114 121 2 -6.07962429e-05 -4.7440567
106 109 121 156 2 -5.79352782e-05 -6.0469842
25 30 46 55 0 -2.63451439e-05 -6.1906724
114 114 41 76 2 -6.43723179e-05 -4.95090055
79 80 40 63 3 -0.000161639138 -8.76410675
132 136 66 101 2 -0.000594448415 -3.43988705
34 35 51 66 3 -0.000107643857 -5.52746916
144 148 154 159 2 -0.000263552763 -8.12804222
42 42 92 99 3 -0.000902053784 -2.13970566
36 39 122 128 2 -1.76429367e-05 -6.3331418
83 90 172 207 3 -0.00068407011 -6.68838835
87 91 64 71 3 -5.01865579e-05 -3.8375926
145 152 76 78 1 -2.98021623e-05 -5.03332949
173 174 104 139 2 -5.51934936e-05 -7.02851009
36 39 125 160 4 -8.88099603e-05 -3.10717177
52 56 116 123 2 -7.17630901e-05 -4.12225628
0 0 0 0 3 -0.0569004416 10.3560991
57 65 129 144 3 -0.00041327707 -5.39672709
33 39 51 86 1 -0.00115662999 -4.04294157
0 0 0 0 2 -0.0479855649 5.68842793
155 158 74 105 3 -0.000434016722 -3.54690814
38 39 104 139 3 -0.000254739687 -3.69976759
134 137 39 42 2 -6.06769099e-05 -4.45944786
152 155 119 142 1 -0.000143286408 -5.85396576
148 148 117 126 2 -2.30073292e-05 -8.69355965
44 48 56 87 1 -5.34053725e-05 -6.48298168
0 0 0 0 4 -0.191869751 9.18970203
63 69 120 125 0 -1.83581833e-05 -5.91599894
80 84 101 107 1 -6.35380129e-05 -5.68207312
45 48 124 159 3 -0.000166173326 -5.07380867
119 123 140 146 2 -8.12995422e-05 -5.18225479
41 51 124 159 0 -0.00142338802 -5.46572733
119 127 43 78 2 -0.00349789858 -5.36254549
0 0 0 0 3 -0.677898347 10.7580299
212 212 50 65 3 -0.000710172404 -4.17585897
94 95 53 58 4 -0.000123022284 -3.2990675
75 79 89 96 1 -0.000136611838 -3.00713348
0 0 0 0 2 -0.900232553 7.92950773
0 0 0 0 2 -0.220739439 8.49862766
90 92 108 143 2 -6.03192166e-05 -6.13218355
106 116 130 145 0 -3.98156189e-05 -6.41370392
31 35 62 68 2 -5.45973198e-05 -5.14867878
0 0 0 0 2 -0.042551782 6.51726103
50 55 71 79 3 -2.70604087e-05 -5.94231367
66 69 44 49 3 -0.00162221421 -3.09874272
104 104 77 83 2 -0.00101328152 -6.02051449
121 121 137 143 3 -0.0230271965 -3.0941143
0 0 0 0 3 -0.00659998413 5.83074379
48 52 57 62 4 -0.00015627926 -2.17283463
29 29 40 48 4 -0.000332311349 -3.56011987
0 0 0 0 1 -0.00101123459 3.45701027
0 0 0 0 3 -0.56846118 9.57018661
179 190 120 155 0 -0.00027333232 -4.5053277
131 134 71 74 2 -1.07288233e-05 -6.69286823
152 153 91 98 2 -7.82004572e-05 -4.76208305
86 89 21 26 1 -2.06231598e-05 -6.89864826
104 110 64 69 0 -5.49549586e-05 -3.57174897
47 53 84 88 0 -3.52857533e-05 -4.77981043
68 69 41 49 2 -0.000264753646 -3.21622181
0 0 0 0 2 -0.00156969368 7.12401342
109 110 63 94 2 -0.000206702709 -6.08160448
76 81 37 60 1 -0.000212066778 -8.39994335
94 97 107 118 2 -6.55650456e-06 -7.55870628
76 80 86 93 3 -6.85447158e-05 -5.9052186
166 174 57 80 0 -0.00120895659 -3.32387209
100 100 52 87 3 -1.60932232e-05 -5.80222034
174 174 117 125 2 -0.000260224624 -4.4311223
79 80 91 126 3 -0.00292833173 -4.72201777
101 105 120 125 4 -6.72334645e-05 0.206035256
50 58 71 106 1 -0.000175590103 -8.40036678
68 74 48 55 2 -0.0105854515 0.39793694
57 64 82 117 2 -0.000212770596 -7.0205164
119 124 52 56 1 -2.25304721e-05 -4.74642372
39 41 95 97 1 -4.62528915e-05 -2.93227553
71 75 50 57 2 -8.40414359e-05 -4.10378456
91 94 62 69 3 -1.38282539e-05 -5.70065451
85 87 104 135 2 -2.43186078e-05 -5.10774326
71 76 49 57 1 -3.03981487e-05 -4.68646383
40 42 62 97 2 -1.75237292e-05 -5.46775389
91 91 44 79 3 -4.36303599e-05 -3.8328073
37 37 49 84 2 -0.000118253825 -6.61464167
61 62 137 172 4 -0.000458085997 -3.57899976
109 109 56 71 3 -1.39474578e-05 -7.07037878
68 73 86 121 3 -7.25977661e-05 -7.37690973
0 0 0 0 2 -0.00209459313 6.33811426
99 105 146 150 2 -2.52722784e-05 -8.69211674
90 98 60 67 2 -0.000118492222 -5.1828928
0 0 0 0 4 -0.00900190603 5.84866428
0 0 0 0 2 -0.425246626 10.783926
33 40 58 93 0 -5.85311136e-05 -6.42208338
167 171 39 74 3 -0.000128862841 -6.16344452
105 110 161 196 3 -0.000214329542 -6.7918992
0 0 0 0 2 -0.331228882 8.9190321
22 26 31 66 4 -0.00507052988 -3.85894942
57 64 72 74 2 -1.14440772e-05 -5.32919836
93 96 112 147 4 -6.79488076e-05 -2.69721484
64 65 99 134 3 -0.00301326672 -4.62887764
39 40 50 65 4 -4.73257605e-05 -3.35128593
0 0 0 0 2 -0.158348158 9.24218941
81 82 60 64 2 -4.01732941e-05 -5.77918673
90 90 100 107 2 -0.000188225909 -3.87332749
127 128 153 168 2 -9.66772786e-05 -6.53487539
46 47 66 101 2 -0.000133630863 -4.85503387
63 66 17 52 2 -0.000183695651 -5.68960094
114 120 12 47 1 -9.8465498e-05 -6.2279377
65 71 29 60 1 -9.47702865e-05 -7.29791689
137 137 106 117 3 -0.000134702874 -3.79905629
101 107 123 125 0 -0.000104425148 -3.81030345
76 80 55 60 3 -3.94580493e-05 -5.23584461
55 55 36 39 2 -4.54183973e-05 -6.36987925
42 51 100 108 0 -6.7471803e-05 -3.80143046
51 51 61 96 3 -3.79083285e-05 -6.61346531
125 126 80 115 4 -0.000620557345 -1.54840732
0 0 0 0 3 -0.892872155 9.75715256
38 42 52 83 3 -9.40548925e-05 -5.10164022
141 145 118 123 4 -0.000198001915 -2.45985675
90 90 119 126 3 -5.23324306e-05 -3.66936278
40 41 103 138 4 -0.00249339803 -0.71534127
47 51 63 66 4 -6.40148792e-05 -2.38009453
133 143 155 161 1 -9.58429009e-05 -6.1561017
0 0 0 0 2 -0.00297714979 5.93762207
0 0 0 0 3 -0.366211146 6.78210592
101 109 45 50 2 -0.000162120588 -6.4597559
56 59 40 45 1 -3.86236388e-05 -6.73326778
152 158 114 118 3 -0.000347240886 -4.64657116
60 62 135 142 2 -1.71660922e-05 -5.69909906
99 107 119 154 0 -4.6133624e-05 -5.11486101
110 112 124 139 3 -0.0305440892 -1.11442244
0 0 0 0 1 -0.0561579242 7.85804558
0 0 0 0 2 -0.613367319 10.0568657
71 74 48 50 4 -7.73661886e-05 -2.37861705
0 0 0 0 3 -1.04601431 8.33436203
30 38 42 65 2 -0.00027702708 -7.61463737
0 0 0 0 2 -0.0039297943 5.5132041
114 115 63 98 3 -0.000127668027 -6.48444986
47 52 66 101 4 -4.64913319e-05 -1.54572666
64 64 34 42 3 -4.93523221e-05 -6.27292347
103 107 53 88 1 -7.78423273e-05 -6.70554352
168 168 118 153 3 -4.82793621e-05 -5.03024197
0 0 0 0 2 -0.0757641047 8.37467766
43 46 106 141 3 -0.000377517135 -4.55960321
92 100 134 136 0 -0.000162953802 -3.62401915
0 0 0 0 2 -0.213236809 8.52479839
97 100 35 70 3 -3.08750896e-05 -6.77571583
0 0 0 0 3 -0.391563267 -0.693945229
0 0 0 0 2 -0.0247494094 6.71455765
39 44 53 76 1 -5.01867944e-05 -4.76226377
0 0 0 0 2 -0.00198214711 3.82308197
0 0 0 0 2 -0.000580870546 2.56885815
160 164 42 77 4 -0.000267138646 -0.502593756
129 130 49 64 1 -7.1048169e-05 -5.62153387
99 105 63 68 2 -2.18152381e-05 -6.10551214
61 65 80 115 3 -4.0173305e-05 -6.85811281
95 103 38 45 0 -6.9140573e-05 -3.51927876
75 79 167 173 3 -9.45317297e-05 -7.10204172
82 82 91 98 2 -0.000182261443 -5.86346245
100 104 113 117 3 -0.000132558533 -4.32518005
94 97 38 73 4 -0.00010931334 -3.02603149
59 59 49 51 3 -8.32071528e-05 -3.83275461
59 59 78 113 3 -1.33514113e-05 -7.09630251
37 39 94 101 2 -2.39609617e-05 -6.06529474
64 72 96 103 0 -6.52067247e-05 -4.28976297
90 92 105 112 2 -0.000222670002 -3.52216959
140 140 168 173 3 -0.000309572439 -2.8666296
0 0 0 0 3 -0.519235253 9.52583122
40 40 50 85 3 -2.74180347e-05 -6.95078945
0 0 0 0 4 -0.0442537442 8.63996983
124 124 94 109 2 -6.17499172e-05 -6.30062962
132 133 112 118 1 -0.000361047481 -7.11804152
114 115 36 67 3 -0.000226608739 -4.79590607
34 37 129 132 1 -9.40546815e-05 -6.02353954
155 158 105 136 2 -0.000125405655 -6.92757225
73 73 44 51 3 -4.32727174e-05 -4.51366091
69 72 32 37 1 -0.359673738 2.66168189
137 138 160 164 3 -0.000151630928 -5.07538319
0 0 0 0 2 -0.249230638 9.82839775
97 101 50 85 3 -5.11404578e-05 -5.86832237
144 146 81 112 2 -6.87830106e-05 -4.50948381
52 60 73 76 0 -0.000112173788 -3.47273111
170 171 44 49 1 -6.35379547e-05 -5.17275381
0 0 0 0 1 -0.0494668595 8.5443182
132 136 76 82 3 -0.000151750079 -4.65866613
96 100 22 57 3 -0.000248900993 -4.12815952
0 0 0 0 3 -0.00466420967 6.5158577
87 91 59 70 2 -0.000155446236 -5.47168732
0 0 0 0 3 -0.0814061314 8.92704391
60 64 77 108 1 -0.000737823138 -1.80139589
85 85 98 104 2 -1.58548082e-05 -6.00187826
117 117 149 153 2 -0.000694899703 -2.64996266
48 60 119 154 0 -8.47566262e-05 -4.48210764
58 58 116 118 2 -0.000984937884 -1.82066035
212 214 71 106 2 -0.000138995616 -5.34756708
66 70 86 93 4 -0.00034211544 -2.13020468
88 94 50 56 0 -3.96964606e-05 -2.57649136
64 72 85 91 2 -1.90734281e-05 -10.7437592
139 143 89 124 3 -0.000154490335 -6.18266106
131 131 48 83 3 -0.000341753301 -3.2033186
0 0 0 0 2 -0.47513032 9.44865322
55 57 74 80 2 -5.1617164e-05 -4.90570354
0 0 0 0 2 -0.0342296325 6.84337616
116 118 133 148 1 -8.52335943e-05 -6.68738365
49 49 61 66 2 -3.68354813e-05 -4.90822554
22 26 33 68 2 -0.000480860297 -4.07961845
78 81 89 92 2 -3.89812485e-05 -4.55486393
0 0 0 0 3 -0.601894021 9.49482632
93 94 109 144 2 -2.58683067e-05 -8.31313515
216 218 79 114 4 -0.000499924121 -0.0811046883
0 0 0 0 2 -0.00748325046 5.88696718
129 129 90 95 2 -8.24911695e-05 -6.33315897
0 0 0 0 3 -0.0162728764 7.73711109
62 62 107 111 3 -3.65970882e-05 -5.27401781
151 156 102 125 3 -0.00140575273 -3.54161763
133 137 119 125 1 -0.000261291658 -6.94745445
110 116 136 140 1 -2.98021969e-05 -6.66633177
27 31 62 71 1 -7.87964964e-05 -4.1758666
41 45 57 92 3 -0.000110981615 -6.42667723
0 0 0 0 2 -0.0011071898 6.61807346
80 84 125 160 3 -0.00069957017 -4.75640202
42 46 51 66 3 -4.83986296e-05 -6.15156221
107 110 121 128 3 -8.54719983e-05 -3.87659311
119 123 26 28 3 -4.81602474e-05 -6.7716527
82 88 141 148 2 -3.34976867e-05 -5.81360817
111 116 145 180 3 -0.00427253917 -4.60132599
0 0 0 0 2 -0.0037347374 7.74082708
122 125 49 64 3 -7.45050202e-05 -7.08054876
17 20 110 145 3 -0.000486580597 -5.57274055
18 21 95 103 1 -7.0690483e-05 -7.14069176
0 0 0 0 2 -0.00650137709 6.21977711
41 45 69 74 3 -2.27689034e-05 -6.47931099
0 0 0 0 2 -0.0415973552 8.09856415
107 107 42 44 3 -1.35898354e-05 -4.32485056
90 94 39 47 0 -8.65447364e-05 -4.63692236
54 61 72 103 2 -5.63855938e-05 -4.49256611
34 37 41 52 0 -0.000146262828 -5.5469203
27 32 89 91 3 -2.52722712e-05 -5.08803177
129 134 93 93 1 -0.00106930558 -5.05924225
0 0 0 0 2 -0.31796059 8.97553253
41 45 59 82 3 -3.55242009e-05 -5.73561954
60 66 42 53 1 -2.15768268e-05 -7.4267416
51 53 105 140 2 -0.00144352578 -2.74211264
123 132 143 151 1 -7.59356408e-05 -7.08063889
61 64 76 81 0 -1.91926556e-05 -3.26350355
59 61 74 76 2 -0.00750984997 0.987149358
0 0 0 0 3 -0.000929694332 3.7959137
116 121 48 55 3 -8.02270079e-05 -5.36173344
50 53 84 115 2 -0.000381681428 -4.04249144
86 90 103 110 3 -5.19749483e-05 -6.2160778
142 149 71 86 2 -0.00797534268 -4.32630968
82 89 131 166 1 -0.000196450186 -5.91930819
43 48 83 89 0 -3.7669899e-05 -4.18896341
123 130 199 206 0 -0.000146383245 -5.20409918
105 109 83 90 1 -0.000367818662 -2.61677051
90 90 48 79 3 -6.00809835e-05 -5.88595533
0 0 0 0 2 -0.0133136837 7.54682922
64 69 53 58 1 -2.58683267e-05 -7.46890402
0 0 0 0 2 -0.0519016385 5.54230213
0 0 0 0 2 -0.00367122144 6.51545238
0 0 0 0 2 -0.516105354 9.75251961
0 0 0 0 0 -0.246523961 14.1447363
78 78 201 236 2 -0.0259921476 -5.02065563
0 0 0 0 2 -0.711694062 9.49805641
131 139 66 101 1 -8.42800218e-05 -5.80509377
61 65 79 87 0 -9.41752387e-06 -5.58590078
0 0 0 0 2 -0.00345182908 5.5885396
107 114 80 90 2 -0.000111220608 -5.40721273
108 113 88 93 1 -1.91926483e-05 -6.47118092
43 49 64 70 1 -0.414627701 -4.09267092
159 163 47 78 1 -0.0012581466 -1.53583419
0 0 0 0 2 -0.13940829 8.00589848
41 47 61 67 0 -0.000419231073 -2.10657525
0 0 0 0 2 -0.263270706 9.04146957
125 129 76 111 3 -0.000145432205 -6.33624315
119 120 137 172 2 -4.18422314e-05 -4.98748398
67 71 88 96 1 -0.00428580539 -0.578982413
123 127 70 105 2 -7.45049183e-05 -8.94080544
137 142 51 86 4 -0.0003071916 -2.5978291
0 0 0 0 2 -0.0660935938 5.32760859
0 0 0 0 1 -0.296022564 7.57964516
112 114 97 102 1 -0.000274171878 -4.64921618
48 53 106 109 1 -0.000124452083 -3.22356629
80 83 20 23 3 -4.54185029e-05 -6.6377244
17 24 29 36 1 -0.000481183612 -8.83316422
0 0 0 0 2 -0.0446082689 7.92368269
34 37 85 93 2 -1.13248652e-05 -6.87008476
67 69 87 91 2 -1.7642933e-05 -6.78070498
62 69 45 47 2 -2.2172866e-05 -6.04116058
40 47 58 81 0 -5.26899676e-05 -6.54346609
64 70 40 41 1 -3.58818579e-05 -6.1734252
51 55 144 148 2 -0.000104545186 -7.02285004
162 162 78 82 2 -5.2809195e-05 -8.23500538
83 88 99 134 4 -0.000759766786 0.413371176
98 99 116 124 2 -0.00906417333 -1.04249656
127 128 27 62 2 -1.72853015e-05 -7.26814556
29 34 91 95 1 -0.00185695651 -4.35965919
86 86 19 24 3 -7.653168e-05 -4.87968874
0 0 0 0 1 -0.572325468 9.07432938
45 47 110 145 1 -8.77368657e-05 -6.85524035
0 0 0 0 2 -0.00465803454 6.47909498
122 128 180 186 3 -8.71410011e-05 -6.53069687
129 135 145 151 0 -5.17365297e-05 -4.63597441
115 118 136 141 3 -0.000109313114 -5.54915667
0 0 0 0 2 -0.311476529 7.85608387
90 92 105 108 2 -3.74314659e-05 -4.05039501
46 49 79 87 2 -2.86101276e-05 -9.04767036
95 99 42 77 3 -8.48760974e-05 -5.31651258
141 144 84 86 0 -0.000101326121 -4.22110033
133 135 91 94 2 -7.91539424e-05 -5.28292322
35 41 49 84 2 -7.02135876e-05 -6.95793104
88 92 108 112 4 -4.69681108e-05 -3.17445588
32 34 48 83 2 -5.3166732e-05 -6.63066673
0 0 0 0 2 -0.00157819688 7.65954638
0 0 0 0 3 -0.00406707497 5.29538202
44 44 77 84 3 -0.000186200195 -3.89687943
129 134 39 74 1 -3.933888e-05 -6.81426859
117 118 132 155 2 -1.63316363e-05 -7.09684277
60 64 77 92 4 -5.54319995e-05 -2.67761326
169 173 47 82 4 -9.92999121e-05 -1.73079824
35 37 132 137 2 -1.43050756e-05 -8.37871742
0 0 0 0 3 -0.251006126 11.0647516
46 49 114 121 3 -4.23189194e-05 -6.35644722
50 55 72 83 3 -1.83581851e-05 -5.43772364
107 111 39 74 4 -6.83063408e-05 -1.29056644
0 0 0 0 1 -0.00416494999 7.48249722
140 146 89 97 0 -0.000107167645 -3.34227967
34 34 73 96 2 -4.4703178e-05 -5.82650328
31 35 114 116 2 -6.54453179e-05 -5.51520157
62 67 141 152 1 -0.00132270879 -5.23107481
30 38 145 149 1 -0.000156040405 -4.6583147
75 76 96 104 3 -7.79618204e-05 -5.64483356
145 145 56 91 2 -6.32994561e-05 -8.58425522
137 141 159 174 2 -2.05038959e-05 -7.48374271
118 122 134 141 0 -0.000208604863 -2.96929169
0 0 0 0 2 -0.244353876 8.39075565
123 126 47 52 2 -2.37225759e-05 -6.47292948
0 0 0 0 2 -0.00259622629 7.23522902
71 74 54 61 1 -6.34188837e-05 -7.5862546
0 0 0 0 3 -0.491308391 10.6444721
105 107 118 123 2 -1.59739957e-05 -7.13188648
0 0 0 0 1 -0.029012654 8.19200993
44 49 110 145 3 -4.29151441e-05 -6.43514299
51 52 113 136 3 -0.000767987454 -4.23534727
136 140 48 54 3 -4.69678671e-05 -6.41780281
145 148 75 82 3 -0.00103960128 -4.48210812
0 0 0 0 1 -0.354097307 8.81550598
86 88 98 133 2 -2.16959688e-05 -6.14989996
35 38 44 79 1 -0.000354267511 -6.42595816
0 0 0 0 2 -0.195867568 6.33347178
126 133 145 168 2 -0.000136969087 -3.57645798
75 78 91 97 0 -9.65594245e-06 -4.33709145
223 223 41 46 4 -0.000372513576 -2.30135369
118 123 50 65 1 -3.0279065e-05 -7.94699907
78 78 55 62 2 -1.08480326e-05 -6.35306501
0 0 0 0 3 -0.129667655 0.741149843
57 60 117 120 2 -1.88350259e-05 -6.51957273
103 109 55 90 1 -7.48624152e-05 -3.76898766
122 125 179 186 4 -0.00021063631 -1.96404088
85 91 63 67 2 -1.418588e-05 -5.34609938
126 131 154 160 2 -2.74180384e-05 -10.3811369
33 34 91 96 2 -0.000113962196 -4.13556719
0 0 0 0 2 -0.234171018 11.068469
107 112 65 100 1 -6.13922966e-05 -4.49106455
0 0 0 0 4 -0.283825934 7.32374907
0 0 0 0 2 -0.000959972269 4.66672897
37 40 120 131 2 -0.00109180424 -4.36170483
48 52 92 100 4 -0.000105379739 -2.82770061
66 69 85 120 0 -4.85178462e-05 -5.40213108
87 97 68 74 0 -1.99078895e-05 -4.31969976
101 104 163 166 3 -0.000102637408 -4.47716618
116 120 49 60 0 -9.77502496e-05 -3.96251082
75 80 89 97 1 -7.73660431e-05 -5.26642847
156 160 191 200 2 -0.000120757119 -4.27144098
0 0 0 0 3 -0.655622602 10.4514847
104 110 39 74 1 -3.56434102e-05 -7.42742014
61 65 102 109 4 -7.66508601e-05 -2.5405035
59 63 128 134 0 -0.000255808583 -5.25966311
0 0 0 0 2 -0.317909092 8.71296692
138 139 55 66 3 -6.89022709e-05 -6.42339706
104 107 125 160 1 -3.76699536e-05 -5.33727694
61 61 27 42 3 -0.000199192611 -4.51301575
32 32 70 93 3 -0.000387049513 -2.84201694
147 152 100 104 1 -4.29151187e-05 -4.54426765
107 110 130 135 3 -3.21863954e-05 -7.65389204
66 73 110 117 3 -0.000167484744 -5.38619566
44 45 106 109 2 -0.000202528216 -3.87766433
118 120 133 137 1 -0.000105140796 -6.89807463
131 134 146 181 3 -0.000641645747 -5.12026882
0 0 0 0 2 -0.00195944007 6.70573235
133 140 34 69 2 -0.00018119294 -5.82973337
66 66 83 90 2 -1.49011312e-05 -5.45161486
81 84 92 98 1 -3.6477868e-05 -7.55963755
0 0 0 0 2 -0.512282252 9.07829094
72 75 89 124 2 -0.000123379345 -6.64807558
120 128 43 51 1 -0.000105736872 -6.29703665
48 49 63 67 2 -2.30073274e-05 -4.40921974
0 0 0 0 2 -0.00349499052 7.52117586
45 45 172 207 2 -0.000117776552 -6.3893714
112 113 82 88 2 -1.45434969e-05 -9.66306496
0 0 0 0 2 -0.0186452419 6.90138817
113 117 129 134 2 -1.45434988e-05 -7.32263184
104 105 41 76 2 -0.000334129378 -3.21435308
69 71 135 137 2 -5.17363587e-05 -2.98765111
26 29 96 131 4 -0.000119326607 -2.42534781
61 66 105 128 0 -0.000715879374 -2.85663009
85 86 66 74 2 -7.47434824e-05 -4.5487175
81 82 112 127 3 -3.46897286e-05 -5.91322422
70 77 115 130 1 -0.000143644807 -6.31810474
79 83 132 138 2 -3.4093704e-05 -5.11031771
130 134 112 115 1 -5.18556553e-05 -7.99436855
117 121 49 52 4 -5.01868453e-05 -2.18059921
54 57 92 103 2 -0.00253146002 -6.07816744
0 0 0 0 2 -0.395197362 8.83435345
70 74 86 117 1 -4.25574981e-05 -5.14471626
0 0 0 0 2 -0.0146193607 1.53792977
77 77 28 34 3 -0.000203723437 -4.36838102
97 102 114 116 2 -0.000310405856 -2.05403042
142 145 96 131 0 -0.000263324124 -1.84637105
152 157 173 208 2 -7.18825831e-05 -5.18711615
0 0 0 0 2 -0.000627115776 4.55524206
57 62 70 76 2 -9.65593972e-06 -5.11858416
83 83 52 61 3 -1.26361601e-05 -5.50864077
82 82 101 136 3 -2.59875469e-05 -6.59086227
0 0 0 0 2 -0.297101855 8.92873001
126 131 48 83 2 -8.55905528e-05 -6.76270723
107 109 50 85 3 -0.000221481314 -7.47093248
53 55 121 123 3 -0.000122187543 -5.65404367
143 145 111 117 2 -0.338198692 2.16849494
119 119 50 85 2 -0.000361895945 -5.56075191
47 51 55 65 3 -0.0583888218 -6.79930687
0 0 0 0 2 -0.0602668226 8.65614223
47 52 66 68 2 -8.94068671e-06 -5.21911526
94 97 39 46 1 -7.96306995e-05 -4.55347633
111 111 61 96 4 -0.00105710747 -4.91164684
0 0 0 0 3 -0.0885968953 8.25475693
48 51 76 82 4 -0.000662855397 -2.40540814
133 133 87 122 3 -4.35110487e-05 -5.36001205
139 140 101 106 3 -9.10747622e-05 -5.2817955
12 18 23 34 0 -0.000545893214 -4.60614395
46 52 57 60 1 -0.000387267908 -10.4952726
130 132 46 51 2 -0.000112411763 -4.21235037
40 43 60 83 1 -3.76699718e-05 -5.70242214
53 60 133 144 0 -6.77102362e-05 -4.19247198
0 0 0 0 1 -0.43946895 10.6460638
37 40 93 99 0 -6.50877118e-05 -3.81248856
26 30 46 81 1 -5.85313537e-05 -4.3289957
110 115 129 134 3 -9.29831367e-06 -5.98400879
74 74 59 61 3 -4.02924925e-05 -7.73037529
35 39 75 110 4 -6.7829591e-05 -2.82237053
64 68 110 145 1 -0.000256644416 -6.35783339
112 113 66 101 3 -0.000166650032 -4.20783281
98 101 115 123 1 -6.60413934e-05 -4.64263153
57 57 113 119 3 -0.000164502882 -5.70370913
0 0 0 0 1 -0.0277254693 8.13461113
117 124 87 102 0 -4.50608568e-05 -4.99902344
90 94 117 132 2 -2.67027754e-05 -8.39637852
57 62 123 129 1 -4.44648031e-05 -6.66241503
65 65 75 98 3 -2.90869375e-05 -4.41345263
50 51 65 74 4 -0.000131962661 -2.84085774
0 0 0 0 2 -0.174980476 9.63409233
91 92 109 115 3 -4.5060824e-05 -6.21784973
0 0 0 0 1 -0.42363745 7.80660105
163 165 120 143 2 -4.61337404e-05 -6.63244867
39 45 75 86 0 -0.000363450323 -4.00799704
135 135 88 123 3 -9.14319389e-05 -6.19765472
99 100 28 51 2 -0.000163312434 -6.52130938
51 59 68 75 0 -7.25975333e-05 -4.63372469
0 0 0 0 2 -0.00553792482 5.69106674
0 0 0 0 2 -0.00621660287 4.31388283
68 70 108 111 1 -0.000118372947 -4.94532394
0 0 0 0 3 -0.00233268435 3.10806131
111 114 55 90 4 -9.10749222e-05 -2.42572546
30 34 96 102 0 -0.000128861779 -2.91836524
0 0 0 0 3 -0.0213973559 7.09325552
0 0 0 0 3 -0.666142821 7.47397661
122 125 147 154 1 -0.00026975837 -5.8099103
34 34 42 73 3 -6.28228008e-05 -7.2085638
37 38 52 58 3 -5.85313101e-05 -3.85178733
0 0 0 0 4 -0.234521151 8.51938057
182 189 57 92 0 -0.0146773513 -2.37733221
0 0 0 0 2 -0.71327585 7.49460745
0 0 0 0 2 -0.0649207607 8.89968681
71 75 86 93 1 -8.21338617e-05 -7.57666111
51 55 118 129 2 -7.90348204e-05 -4.51416779
139 143 113 121 4 -0.000200743598 -1.57917476
113 119 45 54 4 -8.80944572e-05 -2.8274672
88 93 101 108 2 -1.07288233e-05 -4.43661261
34 37 101 107 3 -6.81868041e-05 -4.54628181
39 46 70 85 1 -8.84521869e-05 -6.25226498
0 0 0 0 2 -0.0446201563 7.57950401
30 35 92 127 1 -4.91138599e-05 -6.85412788
0 0 0 0 3 -0.215747491 7.9599452
184 191 41 76 2 -1.80005627e-05 -7.79276752
42 42 56 63 2 -3.65970845e-05 -4.77634573
106 111 80 89 2 -4.05308092e-05 -6.72582054
162 162 94 125 2 -0.000187154248 -6.61850691
92 96 57 72 2 -0.00034235316 -5.09181261
80 84 90 94 3 -1.89542352e-05 -4.77253103
100 103 125 127 1 -4.12462286e-05 -4.50008392
84 89 117 122 0 -0.00019835624 -2.88435602
50 56 84 115 0 -0.00503681414 -1.41239405
95 99 114 120 3 -4.2676671e-05 -5.38720083
43 51 101 136 2 -3.39744729e-05 -5.42966032
62 65 146 154 2 -0.000188815204 -5.64506912
0 0 0 0 0 -0.0647262111 9.83003616
133 138 61 69 2 -8.64257599e-05 -5.80869675
0 0 0 0 3 -0.602076232 9.46414852
41 49 60 75 0 -5.76969032e-05 -3.93721604
135 135 105 113 3 -7.605461e-05 -5.41930389
131 134 150 185 2 -0.000171893087 -6.70127487
134 139 88 92 3 -9.79888209e-05 -5.29811478
70 73 85 91 2 -5.66237068e-05 -6.0713644
0 0 0 0 2 -0.0123756332 4.72354937
87 87 58 73 3 -1.3589839e-05 -6.14341497
49 54 38 43 4 -5.42398921e-05 -2.21741271
159 164 118 125 2 -3.88620174e-05 -4.9653821
97 100 42 49 2 -1.18017006e-05 -5.91275692
56 60 71 106 2 -5.86505485e-05 -4.99667168
116 119 92 98 2 -2.44378207e-05 -5.77309275
104 110 63 67 2 -0.00017082275 -4.48774672
171 171 55 90 3 -0.000126716492 -4.28714132
0 0 0 0 2 -0.0313033983 8.71856308
0 0 0 0 4 -0.0394874364 7.26259708
231 233 178 213 1 -0.00437736046 -6.30093098
37 37 82 117 3 -0.0016454187 -3.03452206
55 60 96 103 2 -3.39744911e-05 -5.34689999
148 152 99 134 2 -1.47819264e-05 -8.28619576
123 127 201 212 2 -0.000635684119 -4.48037243
0 0 0 0 2 -0.18978855 10.1798153
0 0 0 0 2 -0.46036464 8.8959837
130 133 146 153 3 -0.000119921315 -5.79237604
221 229 146 153 0 -0.000522574643 -3.78599119
49 52 70 77 4 -0.0001019224 -1.84315872
17 27 31 38 0 -0.000737310154 -8.37010288
67 74 48 52 3 -3.15903126e-05 -6.35418081
42 49 57 64 1 -5.03059564e-05 -5.49632645
50 54 72 74 4 -0.000126360028 -2.29430127
0 0 0 0 1 -0.0257081129 6.33564901
147 148 44 55 2 -7.53395507e-05 -3.16779494
106 107 61 96 2 -4.83986878e-05 -4.4180479
0 0 0 0 2 -0.35951668 8.675704
0 0 0 0 2 -0.34549737 8.86234856
0 0 0 0 3 -0.0141582629 6.4093585
123 127 44 48 4 -6.27036789e-05 -1.13356781
0 0 0 0 1 -0.0437790751 4.79080677
142 146 115 124 3 -2.52722893e-05 -5.3930192
40 44 47 70 3 -0.000943869527 -3.40448403
75 77 114 129 2 -7.92733335e-05 -5.1991601
36 38 46 52 2 -6.43729618e-06 -5.94657898
112 112 41 72 3 -2.74180384e-05 -6.52977467
128 132 53 88 0 -4.61336676e-05 -5.24916315
0 0 0 0 4 -0.000574552862 3.13809443
0 0 0 0 2 -0.235148653 8.60158157
53 64 77 84 0 -0.000810889294 -1.80435455
0 0 0 0 2 -0.00267188088 6.08453465
106 106 82 93 2 -5.85309645e-05 -5.79749823
47 53 102 107 0 -0.000220167116 -3.25250769
51 52 99 103 2 -0.00022899406 -3.89284778
53 61 76 85 3 -0.000700039556 -6.095469
0 0 0 0 2 -0.0602261983 8.52686405
0 0 0 0 0 -0.0638373792 7.44599771
0 0 0 0 2 -0.795360208 8.86289597
120 121 136 145 2 -0.000700047123 -2.16511583
27 31 37 60 3 -0.000866771559 -10.4052629
0 0 0 0 1 -0.685015857 10.6109562
135 139 43 74 2 -0.0127585139 -0.654795229
29 30 40 47 2 -3.43321153e-05 -5.14376116
0 0 0 0 2 -0.00928334426 8.62509251
101 102 173 208 3 -0.00699414313 -3.43350029
116 117 55 90 2 -9.81080011e-05 -4.57577324
99 100 108 119 2 -4.36302289e-05 -5.47967768
0 0 0 0 2 -0.044223018 8.24563217
98 103 51 82 1 -4.38687748e-05 -3.31255293
0 0 0 0 3 -0.0404573716 7.67545414
62 62 163 174 2 -0.000331860676 -4.58115864
64 68 99 110 3 -0.000195021654 -4.84930038
62 69 37 48 2 -2.28881145e-05 -4.99682808
111 117 128 163 3 -0.000273327372 -4.70376587
99 99 106 114 3 -1.82389667e-05 -4.31791496
154 160 131 135 2 -0.000320649211 -4.01759529
49 49 112 117 3 -1.90734281e-05 -7.07840347
78 81 46 69 2 -3.25440196e-05 -6.33948612
86 86 92 127 3 -5.12596889e-05 -5.18809128
27 35 83 88 1 -6.06769936e-05 -6.62745762
0 0 0 0 2 -0.308414698 8.80611706
79 81 22 45 1 -5.91272037e-05 -6.12315941
93 96 109 124 2 -0.000122068152 -4.0220952
110 113 142 145 2 -7.28360901e-05 -4.08055592
88 91 50 52 2 -0.000293459569 -4.5319066
94 96 85 88 2 -3.48089779e-05 -4.19951725
84 86 117 152 2 -0.000125167469 -5.63020897
0 0 0 0 3 -0.144192055 6.62626362
80 85 101 124 4 -0.000335556135 -1.18662727
125 129 45 56 1 -3.13518904e-05 -5.80181551
92 99 68 83 3 -0.000140663527 -3.93205595
0 0 0 0 0 -0.0158106629 11.1877546
33 35 113 121 2 -5.03058545e-05 -5.33258629
118 124 91 96 2 -7.60543844e-05 -5.47910404
44 46 115 126 2 -0.000116703326 -3.21644115
12 12 16 24 2 -0.0115334913 -7.6400094
0 0 0 0 2 -0.623670936 8.23689079
155 155 65 100 3 -5.82927278e-05 -4.60585833
109 115 130 145 0 -0.000237928529 -1.14857066
86 94 51 62 2 -4.35111288e-05 -4.52169466
110 113 129 136 3 -0.00421757018 -3.86678672
0 0 0 0 4 -0.0372580066 7.60451889
0 0 0 0 3 -0.0527450554 7.93929148
174 182 214 222 1 -0.000465929857 -4.77196503
0 0 0 0 2 -0.269793272 8.44410229
80 82 35 70 2 -6.31803559e-05 -5.3799367
35 37 48 63 1 -0.00020860901 -2.99952674
115 120 131 137 0 -4.45839614e-05 -3.30208468
224 224 101 136 4 -0.00157688034 -2.61406136
22 27 34 69 0 -0.00184886437 -5.79722166
49 53 63 74 1 -7.58152382e-05 -3.64913344
0 0 0 0 1 -0.220392719 8.51571941
157 160 89 120 2 -0.0001928735 -4.15561771
157 164 100 135 2 -5.56703053e-05 -6.76695395
0 0 0 0 2 -0.093490459 7.55182266
117 118 141 144 3 -0.000692136935 -5.40353203
132 136 37 72 3 -0.000130651315 -5.97858667
0 0 0 0 3 -0.00195131218 5.20412397
57 61 120 123 3 -0.000217428606 -4.4628005
0 0 0 0 3 -0.00303232041 6.11755466
124 131 73 108 0 -7.89154728e-05 -4.79092884
240 241 110 145 2 -0.0358029492 -4.64409399
115 118 127 142 2 -0.000329002854 -4.4048481
0 0 0 0 2 -0.236874267 9.66661739
82 85 94 129 2 -6.94974806e-05 -5.7376442
96 97 177 212 2 -0.540611386 -3.24059725
97 103 113 118 1 -0.000118968666 -2.58157778
40 46 55 90 2 -6.7232846e-05 -7.49478865
49 49 64 68 3 -5.54317885e-05 -5.6536932
50 54 65 72 3 -9.22668332e-05 -6.04012346
116 119 86 88 2 -1.60932104e-05 -6.00995159
151 154 123 127 2 -9.1791062e-06 -7.83050394
83 83 94 98 3 -1.89542352e-05 -5.59324551
67 71 133 139 0 -7.48627062e-05 -3.70385718
0 0 0 0 3 -0.80186671 10.4788656
38 44 48 55 2 -0.000206812416 -9.43236828
76 81 48 52 1 -3.60010345e-05 -5.01257658
101 105 54 89 3 -0.00381052098 -3.43076372
0 0 0 0 2 -0.0102035422 8.77342987
110 113 33 68 3 -2.32457423e-05 -6.64969397
0 0 0 0 1 -0.036865849 9.68446159
168 171 151 153 2 -7.09289161e-05 -4.20855093
108 116 54 85 1 -0.000316246762 -2.93402481
84 86 105 140 2 -4.83986587e-05 -6.88313627
51 52 101 136 2 -8.36839827e-05 -5.59425879
62 66 94 129 1 -2.86101313e-05 -7.68911409
47 47 52 60 4 -0.171256974 -2.66595507
0 0 0 0 1 -0.171212554 8.17352009
28 30 47 54 1 -9.66774169e-05 -4.34438992
107 111 164 199 2 -9.65593972e-06 -9.85761642
179 179 58 93 2 -0.00179990579 -3.6621182
109 112 124 129 1 -9.45314678e-05 -5.42764902
112 115 132 136 1 -0.000190250139 -5.2357688
0 0 0 0 1 -0.145716831 8.19709492
73 73 55 60 3 -5.40014007e-05 -5.14136505
45 49 62 66 0 -4.62528769e-05 -3.37033701
72 76 27 62 4 -0.00551173976 -1.44433415
0 0 0 0 2 -0.0986469164 8.84018707
40 41 49 84 2 -3.64778462e-05 -5.54944229
105 108 120 124 2 -0.000131247158 -3.21266007
121 125 136 144 3 -0.000500030699 -3.6819191
153 161 101 132 1 -0.000164503828 -5.03829145
0 0 0 0 2 -0.841544449 9.56693077
117 124 83 85 0 -0.00021039338 -2.4706986
69 71 49 56 2 -1.52587581e-05 -8.51017189
92 96 106 114 3 -2.33649262e-05 -6.42919111
105 108 125 133 2 -0.000229232915 -5.70072126
49 53 137 172 3 -0.003032743 -4.30701494
80 83 118 121 0 -3.63586623e-05 -3.47655082
116 119 50 56 2 -1.35898381e-05 -5.91677904
69 73 87 102 3 -5.12596489e-05 -5.6059103
0 0 0 0 4 -0.0273857173 7.88667059
64 67 77 112 4 -5.82929169e-05 -1.67909384
99 103 138 142 0 -0.000313029275 -2.22508812
0 0 0 0 2 -0.00969169941 6.46694565
33 37 113 121 3 -7.28360392e-05 -4.83984566
99 104 110 115 0 -1.59740157e-05 -4.13634157
79 79 59 63 3 -2.64643531e-05 -5.13488865
123 125 155 170 2 -0.389296561 0.598863125
97 97 131 166 2 -0.000144121383 -7.90401888
105 108 38 45 2 -1.59739902e-05 -6.70736885
82 85 95 130 4 -0.000151273009 -1.91332304
41 42 57 72 2 -1.3589839e-05 -7.48617172
104 111 186 188 2 -0.000141140757 -5.59002972
94 98 111 117 2 -0.000302898232 -3.23538208
0 0 0 0 2 -0.00265372335 6.82343245
128 132 37 72 3 -0.000173445791 -5.64254475
46 50 69 73 1 -0.000149841988 -2.11364532
106 106 114 145 2 -5.72200915e-05 -5.49622154
63 65 48 54 2 -3.24247594e-05 -5.21411467
0 0 0 0 2 -0.00407410413 6.48738813
131 131 88 90 4 -0.000570605858 -2.46757197
134 134 54 59 3 -2.2530483e-05 -7.18522215
0 0 0 0 2 -0.289861143 8.75888538
0 0 0 0 0 -0.240197405 11.4228573
0 0 0 0 2 -0.00103234081 7.04752827
0 0 0 0 3 -0.0144112771 4.63150406
118 119 99 106 3 -0.000224464631 -5.12034178
0 0 0 0 2 -0.435626745 10.4335356
0 0 0 0 3 -0.736551762 10.5909319
0 0 0 0 2 -1.10529828 9.89588833
41 41 53 88 4 -0.000242582551 -3.33927751
52 57 129 131 2 -0.000297295861 -2.42290711
15 18 23 29 4 -0.088352263 -3.22497678
118 123 34 39 3 -0.000290498836 -4.56070089
146 149 124 130 3 -3.54049916e-05 -5.64324808
110 112 125 130 2 -4.63719807e-05 -4.68746233
55 58 71 75 3 -0.000142452351 -4.73790979
58 60 94 117 3 -5.67431707e-05 -4.98753595
85 88 141 176 0 -9.27427027e-05 -4.73087931
34 35 52 56 2 -2.67027353e-05 -7.81380463
99 103 20 55 2 -3.6239413e-05 -5.81876135
0 0 0 0 1 -0.00957707316 8.66173744
53 53 112 114 2 -5.92463766e-05 -4.73488617
0 0 0 0 3 -0.0303702056 10.7134266
115 118 127 134 1 -0.000826134405 -1.31935239
125 130 42 57 0 -2.89676973e-05 -4.4671669
70 73 152 187 2 -0.000390623376 -6.68096209
98 101 77 85 3 -3.29016329e-05 -5.09800434
59 63 113 120 3 -0.000165339865 -4.55846643
207 211 148 183 4 -0.000478232105 -3.2339375
47 50 130 165 1 -0.000178452086 -5.94011068
111 111 125 128 3 -2.52722566e-05 -4.63305664
134 134 108 123 3 -2.21728696e-05 -4.89835024
104 110 121 136 2 -1.57355971e-05 -5.99598932
70 70 77 92 3 -4.07693842e-05 -5.97280407
69 74 54 58 1 -6.49677604e-05 -5.06266022
48 50 84 88 2 -2.74180184e-05 -5.3960433
83 83 38 42 3 -9.39351739e-05 -5.67678881
88 88 102 110 3 -7.03334126e-06 -6.82086611
0 0 0 0 3 -0.6566208 10.1399336
40 41 98 109 2 -2.9325287e-05 -5.48367691
69 76 135 142 2 -1.32322039e-05 -5.32608938
107 113 128 129 1 -0.000121471872 -5.18769455
94 102 74 81 3 -8.70218209e-05 -4.87582207
66 66 104 139 3 -5.30475336e-05 -5.39732552
0 0 0 0 2 -0.313945949 8.28647137
68 72 90 113 3 -6.17499391e-05 -4.53448772
105 105 116 131 3 -2.40801673e-05 -5.06357956
58 67 108 115 1 -0.0019063591 -1.83358955
208 214 81 116 2 -0.000114438124 -6.29955006
54 54 61 65 2 -3.42129279e-05 -8.38926792
135 139 53 68 3 -0.000709709013 -3.58691525
94 98 52 87 3 -4.94714623e-05 -6.59316826
51 57 94 105 1 -0.000131127774 -6.7252636
65 71 115 150 1 -0.000100848672 -4.51342773
45 47 60 68 2 -1.58547973e-05 -6.47891521
130 131 59 94 3 -0.00494352728 -5.72794437
130 134 50 54 0 -1.88350023e-05 -6.85351324
118 119 134 139 3 -5.8173755e-05 -6.06304073
111 111 120 125 4 -0.000130650311 -3.18848372
129 137 160 169 2 -2.19344547e-05 -8.5564146
107 107 121 136 3 -5.31664409e-05 -4.41798973
53 56 187 189 2 -6.93790935e-05 -4.96266174
0 0 0 0 2 -0.00729385111 7.50628424
212 212 49 84 3 -0.0485673696 -2.98516512
35 37 59 94 3 -8.12996004e-05 -6.656497
202 208 64 99 2 -4.57760871e-05 -6.1679492
0 0 0 0 1 -0.00304149836 6.70470238
82 85 94 129 1 -2.71796252e-05 -5.70023251
75 82 137 172 0 -0.000183457232 -4.25386667
0 0 0 0 3 -0.063265793 5.71442366
0 0 0 0 4 -1.17165148 9.09899426
85 89 29 64 3 -0.000120518525 -5.49421024
71 75 88 123 1 -0.00032232044 -4.88776731
93 98 44 51 1 -0.000110862638 -1.57865393
77 78 88 119 3 -0.242941409 -0.916424751
57 58 75 98 2 -0.000270236691 -4.984231
0 0 0 0 2 -0.00755714718 8.18406296
108 108 130 145 3 -0.00777806062 -4.38349628
49 54 114 121 1 -0.000158067996 -6.31152296
0 0 0 0 4 -0.89618516 8.37048817
103 108 46 69 1 -3.7073878e-05 -9.18463039
0 0 0 0 3 -0.0321294293 7.12899685
16 21 25 60 2 -0.000181666808 -9.4574976
93 97 109 124 3 -0.000143525089 -4.72976971
63 67 103 138 2 -7.95118103e-05 -9.3646431
93 94 113 116 3 -3.45705448e-05 -6.42280865
131 137 88 119 1 -0.000110147754 -5.08470392
72 81 133 140 0 -7.00943638e-05 -5.33057308
55 66 135 139 0 -3.18287493e-05 -4.37756968
94 97 162 167 0 -0.000871300988 -3.14415574
35 35 103 138 2 -5.4955075e-05 -7.80776358
16 18 39 43 3 -0.000113366594 -7.08429432
44 48 58 93 3 -8.42795853e-05 -5.33531761
105 109 33 37 2 -3.13519049e-05 -5.19430542
67 71 87 93 1 -0.00107639155 -3.48338103
131 135 153 160 1 -0.000269639568 -4.20072222
134 140 44 79 0 -1.88350241e-05 -7.53002548
46 48 123 134 2 -6.30611394e-05 -4.18482208
120 120 89 93 3 -0.000123498758 -2.62383151
91 96 105 110 1 -5.51934572e-05 -4.92266226
104 106 45 80 1 -4.87563011e-05 -6.33278418
144 150 118 125 2 -0.00027285525 -3.52682781
58 65 32 36 1 -8.02270952e-05 -7.13848877
74 77 58 63 2 -8.58306157e-06 -7.75175381
88 89 109 116 2 -6.93782495e-05 -5.8966012
103 107 137 140 2 -0.000235311541 -3.63899899
12 12 17 22 4 -0.00032494191 -1.69168591
12 19 23 38 0 -0.00216770009 -5.24703979
93 96 105 116 4 -3.02790286e-05 -2.10622287
43 46 56 63 3 -2.27689106e-05 -4.90610838
68 68 81 116 3 -3.46897104e-05 -7.25570774
85 85 37 52 4 -7.98693436e-05 -1.87230611
121 124 81 104 2 -7.35513531e-05 -4.38324261
48 52 73 88 4 -0.000226133881 -2.15947008
107 107 61 66 3 -0.000534239225 -5.03930426
130 130 111 115 2 -8.55912731e-05 -3.06058335
58 64 106 117 2 -9.8943583e-06 -6.93254185
92 96 70 78 1 -9.19092927e-05 -6.07693529
38 38 56 61 4 -9.66775551e-05 -2.85367775
43 47 67 78 3 -0.000178452116 -3.88931823
53 56 66 97 3 -9.52469127e-05 -4.7286272
55 57 66 74 2 -0.00023590785 -3.22093511
37 40 44 67 1 -0.00120124023 -5.82532215
54 57 36 44 1 -9.59623576e-05 -5.69946003
41 41 45 51 2 -0.00142475229 -8.21791458
92 92 33 68 2 -1.57355917e-05 -7.46336746
41 50 92 127 0 -0.000138396601 -3.76308012
101 104 112 117 2 -3.70738853e-05 -4.261971
81 85 93 128 3 -0.00012862451 -6.33073807
91 94 113 121 0 -0.000130412169 -4.57192278
106 106 45 47 3 -0.000136969276 -3.69328785
37 37 55 57 3 -0.000131365989 -7.64979124
56 57 74 109 3 -9.63198836e-05 -4.84078646
50 53 65 72 2 -8.34451494e-05 -4.85877657
95 96 36 71 2 -1.63316417e-05 -7.24847078
106 112 75 90 2 -3.32591953e-05 -5.92218685
58 59 90 125 3 -0.000128981352 -5.59545803
104 108 87 94 0 -5.68622345e-05 -3.84963989
90 90 114 120 3 -1.6093225e-05 -6.13252449
59 60 75 77 3 -0.000195139844 -4.93654156
94 94 150 173 3 -0.0001382794 -3.99478722
37 37 107 138 3 -0.00117102847 -4.29429913
4 5 8 43 3 -0.0051361518 -3.80443168
151 152 47 78 3 -0.000130770408 -6.03459454
123 123 105 108 2 -0.000207299454 -1.91548097
41 41 63 78 3 -1.89542297e-05 -5.7429347
26 29 33 48 2 -0.000663554994 -6.91210032
117 118 57 68 3 -7.06905412e-05 -6.86128187
123 123 86 97 2 -5.16172513e-05 -4.78917217
69 71 111 112 2 -3.56433375e-05 -5.83234835
35 35 77 112 2 -0.000129101114 -6.39675093
83 84 56 63 2 -0.000134346337 -2.79906321
68 70 102 109 2 -4.14846108e-05 -4.73942709
112 117 42 77 1 -7.59355316e-05 -7.26547384
57 57 77 112 3 -4.94712731e-05 -7.15164614
67 67 115 150 3 -5.98424776e-05 -7.12194061
23 29 74 105 1 -0.000601981883 -5.64794874
175 175 123 129 2 -0.0039371755 -1.65329289
123 123 57 92 3 -1.14440772e-05 -5.97552156
134 134 96 111 3 -1.84774035e-05 -4.3870244
113 118 48 79 1 -7.14057387e-05 -6.2225318
99 101 57 92 2 -0.000392039714 -6.33358002
86 88 53 64 2 -8.2254337e-06 -6.90914536
17 19 40 46 2 -4.36300688e-05 -6.04305506
49 53 66 97 1 -0.000854671991 -3.76272035
25 25 37 40 2 -6.98560762e-05 -5.14681101
131 133 148 154 2 -1.28745814e-05 -6.09576035
82 82 43 66 2 -0.000102995531 -5.3975687
0 0 0 0 3 -0.00573810702 6.1934495
0 0 0 0 3 -0.0159902666 5.7624917
0 0 0 0 3 -0.00235124864 1.129403
0 0 0 0 3 -0.00755777163 7.47073412
0 0 0 0 2 -0.142949864 7.75142908
0 0 0 0 3 -0.00500732474 9.2254076
0 0 0 0 2 -0.0139362961 9.99365425
0 0 0 0 2 -0.103252999 8.64153957
0 0 0 0 3 -0.0132748466 7.72266293
0 0 0 0 1 -0.236091599 10.3687553
0 0 0 0 2 -0.817496359 7.18540668
0 0 0 0 3 -0.596705079 10.2311811
0 0 0 0 2 -0.00932597835 8.02476025
0 0 0 0 0 -0.419466108 11.1930866
0 0 0 0 3 -0.68744868 9.35559559
0 0 0 0 3 -0.0395585671 7.8239193
0 0 0 0 2 -0.00931983441 8.03610802
0 0 0 0 2 -0.0193856936 7.6044817
107 107 120 121 2 -0.000292170793 -3.91623688
126 130 102 110 1 -2.34841609e-05 -5.50667191
69 74 50 57 0 -1.62124325e-05 -6.01986599
18 18 22 57 2 -0.00391269661 -5.5918622
172 178 81 116 1 -0.000130411892 -3.73113012
92 96 42 77 3 -2.86101495e-05 -5.92142296
108 112 51 59 1 -3.12326774e-05 -6.45637035
129 134 60 95 1 -4.70873783e-05 -6.79154062
130 133 105 120 2 -0.000139591604 -5.11038065
96 96 110 114 3 -2.56298626e-05 -4.2948637
119 122 133 139 0 -0.000221243463 -2.60099745
141 142 38 40 2 -2.58683067e-05 -5.35744429
74 75 92 127 2 -1.58548028e-05 -6.63922977
35 39 49 53 0 -1.29937862e-05 -3.83995962
98 105 72 83 0 -3.01598047e-05 -3.96045947
53 58 72 103 3 -0.000103590995 -3.95505881
47 47 69 92 3 -4.94715314e-05 -4.96548986
132 136 92 123 1 -3.82660364e-05 -4.39851189
131 131 144 155 3 -0.000636405544 -2.52802873
63 71 225 229 0 -5.41205627e-05 -3.84007263
94 102 40 43 1 -5.6862169e-05 -5.27452993
86 90 35 66 3 -4.47031853e-05 -6.02644348
43 47 57 64 4 -9.60815669e-05 -2.68817091
56 60 82 117 1 -0.000104186562 -7.56884193
0 0 0 0 2 -0.211278871 8.54370022
150 153 58 93 4 -0.000134704576 0.975973368
43 47 78 101 4 -5.79352163e-05 -2.3149271
40 40 52 75 4 -0.000138518735 -3.12501907
40 44 121 128 4 -0.000110266621 -1.25546849
0 0 0 0 3 -0.786625862 11.3033953
0 0 0 0 1 -0.00751235103 5.00208282
16 20 35 70 1 -9.10743111e-05 -6.03788328
67 74 88 123 0 -5.62662353e-05 -5.13774967
0 0 0 0 1 -0.16800192 9.38983917
0 0 0 0 3 -0.0474424772 9.54284668
179 182 130 145 2 -0.000197285437 -4.97793722
100 104 47 55 1 -2.2053644e-05 -6.65533495
131 134 66 101 1 -4.38686693e-05 -6.95008945
46 53 34 40 0 -0.000122068122 -2.72717214
109 113 175 182 0 -9.56045915e-05 -4.2175827
0 0 0 0 2 -0.456508726 0.253911167
101 105 47 49 2 -5.18555025e-05 -4.69070959
62 65 108 111 2 -2.18152454e-05 -4.91926527
176 181 30 38 0 -5.90081363e-05 -4.60887766
155 159 30 65 3 -4.85178643e-05 -6.53841496
0 0 0 0 3 -0.00488789938 5.73397636
80 84 169 175 2 -0.000124452607 -6.65212154
56 60 48 50 1 -1.40666616e-05 -6.54626751
0 0 0 0 1 -0.0284827054 7.85137558
10 12 22 25 2 -0.00056512031 -3.19037747
96 96 83 85 2 -7.31936161e-05 -3.78928208
25 32 71 75 1 -5.35245417e-05 -6.2075386
129 130 117 120 1 -3.96965115e-05 -6.93768835
70 70 127 131 2 -7.10481181e-05 -5.92376518
116 122 85 88 2 -4.86370191e-05 -5.02111197
0 0 0 0 3 -0.0227279458 7.64738083
60 65 48 53 3 -3.94580966e-05 -5.24388695
147 151 30 65 3 -0.000291455915 -5.206779
77 85 35 70 1 -9.00019804e-05 -7.54580212
120 122 140 175 2 -0.00020717796 -8.34283543
47 47 84 91 2 -0.000376672309 -3.19902325
61 70 80 88 0 -0.000246272684 -2.76072431
145 146 36 44 3 -5.9484697e-05 -5.21699715
98 103 46 81 3 -3.20671861e-05 -6.2630806
93 96 113 148 3 -0.000168200015 -4.38058329
47 51 30 36 2 -1.52587618e-05 -5.2295413
73 76 89 124 2 -5.54318212e-05 -5.17665148
0 0 0 0 4 -0.00338043296 5.73708296
101 105 43 58 3 -0.00104126532 -4.69767618
48 54 61 66 3 -0.000363569357 -3.79102755
93 96 109 132 4 -0.000151989254 -1.22596323
107 111 123 154 1 -9.1789967e-05 -6.55037165
155 155 109 144 4 -0.000207776495 -2.12653279
0 0 0 0 2 -0.0125154788 8.69399834
108 109 48 50 4 -0.000116704156 -2.00135732
68 68 88 96 4 -0.000215522741 -3.35111141
112 113 62 97 3 -3.24247922e-05 -7.43885994
49 52 67 74 2 -0.000286683149 -3.34568381
139 141 87 95 2 -0.000151034052 -7.10771227
152 152 71 94 3 -5.91272583e-05 -5.40363884
121 121 158 189 3 -0.000553429418 -4.13112831
79 89 119 125 0 -9.28621157e-05 -3.51542521
117 117 41 43 3 -2.56299136e-05 -5.06539202
71 76 107 142 3 -2.81332977e-05 -7.91647911
108 113 126 130 1 -0.000168199927 -3.64731598
54 59 21 36 1 -9.98961405e-05 -5.49217701
184 189 144 146 0 -0.000153418834 -4.1278224
112 117 149 156 1 -0.000217072724 -4.99699259
105 106 49 55 2 -9.65594154e-06 -7.04555845
87 87 45 68 2 -0.000202055133 -5.16052771
45 51 58 93 1 -0.000352335308 -5.08303928
0 0 0 0 3 -0.399540126 8.51523972
0 0 0 0 2 -0.0739712492 7.97367239
0 0 0 0 2 -0.451013982 9.81687927
42 47 59 62 3 -1.08480308e-05 -4.87402105
49 54 75 82 3 -0.000122544458 -5.90098381
0 0 0 0 4 -0.000331743679 -0.389165759
118 129 84 95 0 -3.76699536e-05 -6.42212677
31 37 150 185 3 -0.00271224952 -4.77331924
104 109 42 47 4 -4.3391974e-05 -2.20287085
0 0 0 0 2 -0.0047263843 6.62827015
0 0 0 0 1 -0.00478423247 7.53680182
79 85 52 59 2 -1.46627162e-05 -4.9803524
151 151 73 76 2 -4.06501495e-05 -5.59817934
64 65 107 113 2 -0.00640238263 0.841309011
92 95 106 141 3 -3.57625686e-05 -8.4154892
93 93 44 51 3 -4.37495255e-05 -5.79590273
100 104 196 231 2 -0.0089667188 -3.62007284
0 0 0 0 2 -0.408768594 9.41721535
72 72 87 92 4 -0.00243601901 2.83178377
96 102 47 82 1 -5.63855283e-05 -7.35204983
101 102 68 73 3 -0.000377278629 -4.00317144
33 37 42 50 4 -0.000182737218 -4.19360018
119 124 137 168 3 -6.72333481e-05 -7.03726149
26 32 91 106 2 -4.45836158e-05 -6.38620996
26 32 115 123 1 -0.000120396835 -7.2148962
0 0 0 0 3 -0.283782989 9.00381088
119 123 132 137 4 -0.000112412417 -1.69322622
111 112 71 106 3 -0.00154605671 -8.06678009
94 97 124 159 3 -5.78159888e-05 -6.61415577
0 0 0 0 0 -0.271971971 10.7407227
100 102 65 69 2 -0.000147100145 -4.88733673
0 0 0 0 3 -0.642621636 10.0372581
116 118 140 163 3 -0.00314631173 -4.23305559
33 35 40 49 2 -0.0027402523 -5.35972404
42 42 71 106 2 -0.000905851368 -2.48600459
0 0 0 0 2 -0.222805128 8.16614437
121 126 49 80 3 -0.000304091605 -4.40384197
172 175 190 225 1 -0.000325061032 -4.38145018
138 148 121 126 1 -0.00015901665 -5.69276762
54 54 82 88 4 -0.000495035492 -2.93534517
52 56 78 113 2 -0.000212297717 -7.2643981
59 67 39 46 2 -0.000471442909 -2.99811769
115 115 133 168 2 -0.000163550983 -10.1281528
57 64 11 19 0 -1.78813589e-05 -5.84213734
114 117 124 131 0 -0.000758602691 -1.24264097
109 111 44 79 2 -4.73256623e-05 -5.06034994
49 49 59 65 2 -2.49146233e-05 -4.69689941
66 69 83 90 1 -0.000131604509 -6.57993031
161 166 55 90 4 -7.27170845e-05 -1.97796321
119 122 96 100 1 -0.000235430023 -4.61940098
68 76 97 132 4 -0.000167009013 -3.07609415
42 44 31 36 1 -7.37889713e-05 -6.53424454
149 149 46 54 2 -6.63988103e-05 -6.93031693
99 99 108 115 4 -7.99881454e-05 -3.15165281
47 50 69 76 1 -8.24920789e-05 -6.91105127
80 83 118 126 0 -3.89811867e-05 -4.5175705
92 94 107 122 2 -9.53672952e-06 -7.86451674
138 138 65 80 2 -0.000313267316 -7.4077425
77 84 93 128 2 -0.000183934128 -5.13713408
89 95 107 113 0 -7.99886402e-05 -3.10236239
167 167 149 151 2 -5.67431998e-05 -4.48527288
71 76 46 52 0 -2.92061286e-05 -4.63550568
21 25 51 58 4 -0.000227561788 -3.56644559
102 103 118 129 2 -2.81332905e-05 -5.54991674
81 85 64 70 2 -4.86369827e-05 -4.33655834
51 52 68 71 4 -0.000215404201 -2.14964795
0 0 0 0 3 -0.0202879868 7.71454239
131 131 150 159 2 -0.000167245948 -5.79257154
0 0 0 0 2 -0.00204307865 7.92161989
0 0 0 0 2 -0.367044389 9.04823208
135 136 81 87 3 -0.000111815942 -4.13899612
77 77 26 34 2 -0.000828641059 -6.07407331
133 137 35 70 3 -2.92061668e-05 -6.81492996
0 0 0 0 2 -0.000871802506 3.01379657
0 0 0 0 2 -0.114894204 9.22807693
29 34 98 105 0 -6.78294309e-05 -4.11842871
31 37 47 62 0 -0.000503726304 -0.635078788
143 147 160 164 4 -0.000180836869 -0.428755075
62 65 84 91 2 -0.000130767978 -4.6340661
48 54 58 60 2 -0.000608606846 -6.28884315
78 81 61 68 0 -4.63720171e-05 -4.7056365
207 210 180 187 2 -6.30612121e-05 -4.90949345
58 64 113 148 2 -0.000215045788 -7.22052193
60 67 39 46 2 -1.49011375e-05 -4.37903166
52 56 76 85 0 -0.00349079375 -1.12637281
57 59 135 144 2 -8.63061214e-05 -6.28782511
8 13 19 54 4 -0.00182378979 -0.0491755381
41 41 123 158 3 -0.000140304925 -6.64079523
207 208 157 192 2 -8.57102714e-05 -7.68397331
0 0 0 0 2 -0.086918667 9.06592083
115 117 144 152 2 -0.00352250063 -5.3565855
60 65 94 100 1 -7.67700403e-05 -5.08461142
97 99 57 63 3 -9.14321063e-05 -6.19002771
0 0 0 0 2 -0.00108330545 3.86665606
123 126 43 78 2 -7.46235892e-05 -4.32760382
122 126 151 156 2 -1.68084334e-05 -8.54893494
29 37 45 80 2 -0.000119087941 -7.46826458
0 0 0 0 2 -0.0191340763 6.90439558
51 55 104 111 4 -3.02790122e-05 -1.95966768
111 112 123 158 2 -6.90214583e-05 -5.45581675
0 0 0 0 3 -0.0156901497 7.86892557
0 0 0 0 1 -0.0417970195 9.45939159
66 66 129 160 3 -0.000103710452 -3.91996765
11 19 31 33 2 -0.000560719869 -2.98893476
111 114 73 75 2 -5.66239687e-05 -4.21649122
13 17 30 34 3 -0.00459297001 -2.63956571
51 56 106 108 3 -3.83851475e-05 -6.60252476
0 0 0 0 3 -0.020712059 8.95266914
117 122 164 167 2 -0.000378548779 -5.13645744
115 116 37 44 3 -9.88212851e-05 -6.76071835
71 77 90 98 0 -3.85042658e-05 -5.62896013
0 0 0 0 3 -0.736585557 9.14697361
149 149 95 126 3 -2.38417961e-05 -4.44836855
50 54 71 78 3 -0.000427333987 -5.95898438
139 142 53 68 3 -0.000839075772 -6.0566783
64 68 116 151 1 -3.86236024e-05 -7.96015835
0 0 0 0 1 -0.110161968 7.37459564
173 173 79 110 3 -2.94445854e-05 -3.41645193
111 118 64 99 0 -7.47432932e-05 -5.43712187
126 127 51 58 4 -0.000179048249 -2.73821449
122 130 102 107 2 -0.000111935806 -5.37237453
150 156 74 109 1 -4.36303599e-05 -5.90061378
108 112 96 100 4 -3.33784519e-05 -0.923346519
120 123 57 64 4 -0.000110982452 -2.60825992
0 0 0 0 2 -0.00719000353 8.59727669
0 0 0 0 3 -0.741361797 9.56457043
0 0 0 0 4 -0.0418936461 7.16002369
30 33 53 88 1 -4.86371137e-05 -6.53127956
40 41 54 77 2 -0.000103352795 -5.07844877
87 90 102 108 2 -2.12191553e-05 -6.9038825
62 63 43 45 2 -2.64643677e-05 -5.95153952
18 21 37 42 2 -3.83850638e-05 -6.27670574
42 45 77 112 2 -1.81197684e-05 -6.13502932
0 0 0 0 1 -0.041313339 8.69861317
114 119 129 133 1 -9.35778226e-05 -5.85519314
110 112 140 145 2 -5.5431934e-05 -3.70624042
63 63 124 131 2 -4.16037656e-05 -6.96213627
60 60 99 134 3 -6.22265798e-05 -7.46047449
81 87 61 68 0 -9.45311622e-05 -2.25907826
58 62 209 217 2 -0.000358997087 -8.54845333
0 0 0 0 3 -0.195183069 8.04604435
79 87 132 139 1 -0.000612208154 -3.8433125
50 51 80 87 4 -0.000496116176 -2.38672423
129 133 61 63 2 -6.43729709e-06 -6.97049093
54 58 92 94 2 -8.10612619e-05 -2.89432597
0 0 0 0 3 -0.130895808 8.79825974
0 0 0 0 2 -0.478473485 8.74092579
158 158 81 89 2 -3.51665622e-05 -5.11139393
30 31 59 94 2 -0.00130198267 -2.86249876
107 109 47 62 2 -2.53914986e-05 -9.37952137
0 0 0 0 2 -0.0272530466 8.4357357
74 78 29 64 4 -8.70217045e-05 -1.9850589
0 0 0 0 1 -0.172159448 9.66866493
116 117 64 72 2 -0.000201098475 -3.70252824
0 0 0 0 0 -0.703020036 11.4232302
0 0 0 0 2 -0.0995759293 10.5613127
211 218 134 169 1 -0.000108359556 -5.46133614
126 133 51 82 2 -0.000691099092 -5.61913157
94 94 118 126 2 -2.96829603e-05 -8.45139599
129 131 178 183 2 -0.00147555734 -4.58984041
88 89 95 102 2 -1.54971767e-05 -7.07695913
0 0 0 0 2 -0.35557285 9.60566139
37 44 73 75 0 -0.000258910237 -2.14766026
32 36 0 0 4 -2.11686134 3.14685535
69 73 128 143 2 -8.67830022e-05 -4.16298103
23 24 37 72 2 -7.9750178e-05 -4.63177204
71 74 93 97 2 -6.47298875e-05 -4.66026735
0 0 0 0 2 -0.00849493686 6.35542488
52 58 82 117 0 -5.28089549e-05 -6.35027409
114 118 92 98 3 -5.13788254e-05 -5.03846502
40 40 52 58 3 -3.34976867e-05 -5.1641531
136 138 157 161 2 -4.66103993e-05 -6.33892441
128 132 39 46 3 -0.000125644379 -6.38919115
35 39 84 88 2 -7.78428148e-05 -5.01468086
108 113 44 51 1 -8.09417979e-05 -6.46938848
111 115 81 88 3 -0.000128147571 -4.95882702
65 69 29 35 2 -5.00675196e-05 -5.11828518
61 63 124 129 2 -0.000177021691 -4.4024992
176 179 35 43 2 -0.000748560182 -2.97273302
128 129 109 112 4 -8.52337689e-05 -2.37918878
0 0 0 0 3 -0.0456785373 8.61529255
58 65 75 110 0 -2.07423691e-05 -4.64093685
150 155 70 105 1 -0.000351648487 -0.31000489
44 47 68 70 2 -5.03058545e-05 -5.10039759
0 0 0 0 2 -0.125470355 5.45901012
111 111 61 96 2 -3.74315387e-05 -7.820261
156 162 72 79 1 -2.6345173e-05 -5.00122404
67 71 116 151 4 -0.000128742584 -2.94926763
197 200 138 173 2 -7.03326659e-05 -6.64258289
0 0 0 0 2 -0.416083515 9.5743618
0 0 0 0 2 -0.102938481 8.77277279
33 33 104 106 3 -6.98559597e-05 -4.07888746
90 96 55 58 1 -0.000154611247 -5.80349779
123 126 107 110 0 -0.000125286635 -1.77448595
61 62 100 106 2 -0.00012623932 -5.30160809
52 57 115 146 1 -0.000221126393 -4.35602093
55 61 94 98 0 -4.85178534e-05 -4.35687923
0 0 0 0 4 -0.911840975 9.88384247
77 80 88 92 0 -3.0398176e-05 -4.07470369
187 191 81 83 0 -0.000298243482 -3.19068289
0 0 0 0 2 -0.00655663153 5.34555864
79 80 96 99 2 -0.000771204475 -4.64547682
96 97 104 108 3 -3.03982306e-05 -3.8591578
185 186 62 67 3 -4.93523476e-05 -5.32521772
45 48 63 71 1 -5.13788764e-05 -3.78321195
0 0 0 0 3 -0.265833676 8.76664734
58 66 85 89 0 -0.000113962407 -5.39969063
0 0 0 0 3 -0.239514574 5.37515116
0 0 0 0 2 -0.02041642 8.68780613
0 0 0 0 2 -0.0189899374 9.36716557
121 121 48 83 3 -0.000323161832 -5.37372923
148 149 82 88 1 -3.60010708e-05 -6.62025023
141 141 52 54 2 -4.14845454e-05 -5.11554384
48 50 76 82 2 -3.30207331e-05 -8.29525948
65 66 79 102 2 -4.89947197e-05 -5.0646472
167 167 138 145 2 -0.000134822869 -5.41060591
0 0 0 0 3 -0.653658509 8.34655762
76 79 92 100 0 -4.12462177e-05 -2.98336124
102 105 114 145 0 -0.000142094475 -5.99823093
0 0 0 0 2 -0.00194444798 6.91201162
50 53 62 85 1 -0.000147339728 -6.89213371
62 69 45 49 0 -0.000145550075 -3.91302705
92 93 107 112 2 -1.10864476e-05 -6.63725233
42 43 119 154 2 -7.18825249e-05 -6.38374519
30 35 51 59 0 -8.27287222e-05 -6.64614487
137 137 88 123 2 -9.85842635e-05 -6.25158072
94 95 185 200 3 -0.000129457505 -5.74067926
70 77 89 124 2 -1.53779729e-05 -6.96150494
86 87 44 67 3 -6.84253318e-05 -5.60069561
165 167 146 148 2 -0.000130770684 -5.87328863
33 33 17 24 3 -0.00145429117 -2.90167928
36 38 72 75 2 -3.11134936e-05 -5.80080986
65 70 140 175 3 -0.000328759168 -6.63035536
109 113 86 93 3 -9.69157045e-05 -4.87519741
65 73 83 85 1 -5.5431643e-05 -5.98523664
62 62 131 166 2 -4.2438267e-05 -8.05476952
154 157 35 70 4 -0.000687892956 -2.44941497
145 150 115 138 2 -0.000101921964 -4.45567083
0 0 0 0 3 -0.0345313773 10.8193464
134 141 99 114 3 -0.00025545602 -5.39505482
116 122 66 101 1 -7.83196956e-05 -5.18538761
0 0 0 0 2 -0.104625151 6.18917847
99 103 122 133 3 -4.49416439e-05 -5.20021439
49 49 65 100 3 -4.06500876e-05 -3.69699168
110 112 40 43 2 -1.21593321e-05 -5.26402903
157 162 124 147 1 -0.00013172302 -5.73649788
68 72 156 164 2 -6.69947403e-05 -9.09484196
37 42 68 91 1 -6.46109547e-05 -5.86466169
0 0 0 0 4 -0.00852102321 7.60221672
77 85 49 53 0 -4.41068623e-05 -5.17243862
87 95 112 119 1 -0.000103710408 -4.99120331
139 144 39 74 3 -0.000103233942 -5.7869215
129 132 149 154 2 -0.000886446272 -3.56186819
93 104 34 69 0 -0.000249850535 -5.18713617
106 111 51 86 2 -0.00051052327 -6.52668238
0 0 0 0 3 -0.566568851 10.5032701
160 160 175 182 3 -0.000118967568 -4.73488522
68 69 51 56 4 -5.22132359e-05 -3.12294483
102 106 47 58 1 -0.000116942683 -2.65753508
0 0 0 0 2 -0.654408693 7.36005878
0 0 0 0 2 -0.672416925 8.11238766
87 87 103 138 2 -0.00016128608 -5.38579369
0 0 0 0 2 -0.400393695 9.54355621
118 121 104 111 2 -0.000386082073 -2.98117876
0 0 0 0 2 -0.177841976 7.08395863
134 138 51 59 3 -1.37090356e-05 -7.67320967
65 70 41 48 3 -0.000609947369 -3.754637
83 87 145 148 2 -0.00191032246 -3.8535769
127 127 143 150 3 -0.00399441877 -3.52624226
0 0 0 0 3 -0.0115589574 7.43490505
48 53 58 64 4 -0.00010037241 -2.11515903
30 30 41 45 4 -0.000245077041 -3.68107271
0 0 0 0 1 -0.0295060761 -1.87240434
0 0 0 0 3 -0.513279438 9.58974552
52 62 154 189 0 -0.000215640903 -5.00018358
41 45 57 62 2 -9.65593972e-06 -6.76507235
100 100 119 126 2 -0.000119564254 -4.1300106
105 108 21 28 1 -3.30208532e-05 -7.00316143
39 44 76 81 0 -6.00809362e-05 -4.18934679
60 67 83 88 0 -1.81197684e-05 -5.68320131
38 38 97 104 2 -0.000670818263 -2.36488724
0 0 0 0 2 -0.251311839 2.78551507
76 80 50 61 2 -4.60144474e-05 -7.80808449
15 18 112 127 1 -0.000386805332 -7.89275408
91 95 105 116 2 -4.76836794e-06 -7.9303627
47 50 67 74 3 -6.68757857e-05 -6.48962831
152 158 93 116 0 -0.00284711691 -2.09343934
35 35 70 105 3 -1.71660995e-05 -5.98907757
77 77 40 47 2 -8.35645551e-05 -5.07345438
93 93 142 177 3 -6.89024018e-05 -4.20941591
100 105 120 127 4 -4.85178061e-05 0.144364893
43 51 64 99 1 -0.000216951972 -8.25378036
52 56 67 82 2 -0.00393379293 -0.383425206
64 67 85 120 2 -1.88350277e-05 -7.40889883
85 89 70 74 1 -5.3286185e-05 -3.68840694
52 55 74 78 1 -0.000440567266 -1.13247406
98 100 116 123 2 -0.000139233642 -2.99131775
86 90 34 42 3 -3.06366746e-05 -5.52020645
41 42 96 127 2 -6.22266234e-05 -4.32672977
53 58 67 69 1 -0.000115750459 -2.61600614
93 95 41 76 2 -2.76564497e-05 -5.37659264
130 131 51 86 3 -0.000126478932 -5.25910807
41 43 128 163 2 -0.000685734209 -6.76902914
158 158 107 142 4 -0.000317677826 -3.09667397
40 40 74 89 3 -3.33784301e-05 -5.55560827
116 120 171 206 3 -0.000939797901 -6.63360548
0 0 0 0 2 -0.00108604215 6.08906364
138 144 91 96 2 -1.0609614e-05 -7.72900391
56 62 76 91 2 -4.0650084e-05 -4.75095415
0 0 0 0 4 -0.0215192363 5.99248886
46 50 64 99 3 -4.12461595e-05 -6.30375385
84 91 40 75 0 -3.6120211e-05 -6.19049168
75 79 90 125 3 -0.000130412838 -6.46497726
52 60 110 145 3 -0.000336156081 -5.67022085
66 70 82 89 2 -1.08480281e-05 -7.11794329
18 22 27 62 4 -0.000134226502 -3.83851767
110 115 48 52 2 -1.0609614e-05 -4.94785976
161 165 76 111 4 -0.000216827189 -2.05504966
94 95 46 81 3 -0.00015473002 -5.46981812
42 43 53 84 4 -0.000100730766 -2.34485173
0 0 0 0 2 -0.438327283 10.328145
85 85 61 68 2 -2.89677155e-05 -7.32624912
90 90 100 103 2 -0.000178571005 -3.63127685
165 168 111 134 2 -0.000214213011 -5.4015069
143 143 45 80 2 -0.00043721823 -4.45107985
77 78 31 66 2 -0.000363570405 -4.63003159
18 20 42 77 1 -6.02002183e-05 -6.18922091
23 25 81 88 1 -6.48493442e-05 -5.77938604
139 139 95 106 3 -2.28881145e-05 -4.14561462
90 97 160 164 0 -9.41733961e-05 -4.32408714
72 75 54 56 3 -2.63451784e-05 -5.3650322
113 113 66 73 2 -0.000142332879 -4.89718437
92 100 38 42 0 -8.20147543e-05 -4.30678797
50 50 60 95 3 -2.05039451e-05 -8.01502419
40 41 69 104 4 -0.000428058003 -2.08420181
117 123 63 94 3 -0.000155563059 -5.95783424
102 106 42 65 3 -9.09546216e-05 -7.24172783
63 67 41 45 4 -0.000131604815 -2.34861946
96 97 127 132 3 -0.000272382924 -4.01441383
138 138 77 112 4 -0.00170747167 0.0566807762
80 85 65 70 4 -0.000118134711 -1.65190411
117 121 106 107 1 -0.000112293514 -5.35026026
0 0 0 0 2 -0.00431552343 6.38648129
0 0 0 0 3 -0.584898353 7.54068232
103 108 46 52 2 -8.53528909e-05 -6.04597282
125 129 112 114 1 -6.17499609e-05 -5.68110943
145 153 86 91 3 -0.000327571004 -5.21257305
98 102 52 57 2 -1.70468957e-05 -5.78853416
135 142 41 76 0 -7.12860492e-05 -5.1058507
111 112 124 131 3 -0.00606918335 -2.55897546
0 0 0 0 1 -0.0964037403 9.41065979
84 84 99 106 3 -3.50471892e-05 -4.71224737
72 76 47 51 4 -0.000190015824 -1.03349984
0 0 0 0 2 -0.607872844 7.99957418
20 26 30 37 2 -0.0010344109 -8.05271912
0 0 0 0 2 -0.00103744282 4.14245033
64 64 84 119 3 -2.81332723e-05 -5.43563843
159 163 68 103 4 -0.000240904003 -1.40362513
46 46 72 74 3 -0.000202530558 -4.35789967
53 60 91 126 1 -0.000184531062 -5.83345318
46 46 152 187 3 -0.000260939822 -5.01342773
0 0 0 0 2 -0.0737934709 8.74680519
46 49 74 109 3 -0.000118015232 -5.58716631
43 46 64 67 0 -1.31130028e-05 -4.89498377
88 88 105 110 2 -0.000176782632 -3.59707141
215 219 37 72 3 -0.0221163388 -3.06920505
0 0 0 0 2 -0.106557935 2.26473522
0 0 0 0 2 -0.00325753959 5.54932976
101 103 8 15 1 -4.49416475e-05 -4.01835632
0 0 0 0 2 -0.0422226116 3.96103859
0 0 0 0 2 -0.428202063 8.51719666
156 160 101 136 4 -0.000880090985 0.0507588163
55 60 97 120 1 -4.04117636e-05 -5.53209829
55 58 38 40 2 -3.06366674e-05 -5.237988
129 133 79 114 3 -8.261115e-05 -6.50821304
39 46 140 148 0 -0.000183935277 -2.18690848
102 106 125 129 3 -6.83060571e-05 -7.77920389
85 85 94 125 2 -0.000271543046 -4.07041883
110 113 122 131 3 -0.000199907838 -4.95058632
40 44 63 98 4 -0.00024913557 -2.59356475
104 104 49 52 3 -6.0081009e-05 -3.61106682
91 91 127 162 3 -0.000134940667 -7.42194414
39 39 94 96 2 -0.000197405767 -3.79557085
78 84 136 147 0 -0.000101326485 -3.17584801
35 39 52 59 2 -0.000307992101 -5.84039164
122 122 46 54 3 -4.3391974e-05 -3.78343534
0 0 0 0 3 -0.423328638 9.56494999
44 44 54 89 3 -2.51530801e-05 -6.49232864
0 0 0 0 4 -0.0113561116 6.6393919
123 123 93 108 2 -8.5114465e-05 -6.19379044
143 149 124 129 1 -5.97233666e-05 -7.17619753
94 95 36 47 3 -2.94445708e-05 -5.52486277
69 72 30 32 1 -3.36168559e-05 -7.3126893
117 120 133 144 2 -7.74859564e-06 -5.33592176
50 52 135 158 3 -0.000836272782 -4.59133387
63 64 27 31 1 -1.85991168 3.87649155
65 65 87 92 3 -0.000277866668 -3.72463989
0 0 0 0 2 -0.0848480463 8.57851124
55 58 123 158 3 -0.000164982237 -6.91715908
55 58 100 131 2 -1.58548028e-05 -6.20722675
89 92 71 78 0 -8.41604196e-05 -3.37710881
197 200 169 176 1 -0.000110267087 -4.07291508
0 0 0 0 1 -0.0651021227 7.96690893
103 107 74 79 3 -0.000102637481 -4.8627162
17 21 120 155 3 -0.000510298996 -5.51200008
0 0 0 0 3 -0.00270052417 5.69919157
122 125 82 105 2 -3.56434321e-05 -4.33235788
0 0 0 0 3 -0.0834220201 8.83153629
33 35 78 93 1 -0.000981435296 -1.40250897
45 45 104 112 2 -0.000151750428 -3.24145627
107 109 139 145 2 -0.0003993274 -2.40833616
43 51 122 157 0 -0.00195493107 -4.13712168
141 144 127 130 2 -0.000313385215 -2.16085219
114 114 193 228 2 -0.000152700813 -8.1752224
65 69 108 139 4 -0.0053661922 -0.958500028
67 73 85 90 0 -0.000410891837 0.0241163671
53 57 70 76 2 -1.80005609e-05 -9.8815403
128 132 78 113 3 -5.44782233e-05 -6.42677546
121 121 37 72 3 -0.0202705786 -1.26613677
50 51 99 134 3 -0.000474897563 -4.31125069
58 58 38 46 2 -5.47166383e-05 -5.12240934
0 0 0 0 2 -0.0351831242 7.44574451
150 156 62 85 1 -0.000193113665 -5.11878777
118 122 49 56 2 -3.12326774e-05 -4.69770718
22 25 32 67 2 -9.7988348e-05 -7.33353138
77 79 87 88 2 -0.00419184286 -2.0886693
0 0 0 0 3 -0.49015221 9.7986269
143 147 36 71 2 -3.19479659e-05 -8.57285404
120 121 47 82 4 -0.000381067861 0.0383097902
0 0 0 0 2 -0.00860664807 6.57317019
136 139 88 93 2 -3.42129315e-05 -6.9625597
0 0 0 0 3 -0.00261166901 4.5388732
58 58 103 105 3 -3.06366783e-05 -4.54673338
135 139 36 59 3 -0.000742396282 -5.17562389
91 96 51 58 1 -6.93789625e-05 -6.75067139
131 136 110 116 1 -4.18421987e-05 -6.63615322
44 50 83 87 1 -0.000116107934 -4.72264624
43 49 90 125 3 -6.61606246e-05 -6.31873941
0 0 0 0 2 -0.00139933988 7.17689419
180 184 78 113 3 -0.000517450331 -4.74360514
40 44 49 56 3 -3.14711178e-05 -6.19326878
76 78 39 62 3 -0.000148531195 -5.57625628
125 129 74 82 3 -2.36033611e-05 -6.42457008
156 163 86 97 2 -9.05980123e-05 -6.11486197
46 49 94 129 3 -0.000534093939 -5.68932343
0 0 0 0 2 -0.0459004566 7.41520977
185 189 163 170 3 -0.00104996178 -4.87740135
103 107 45 80 3 -0.000550707337 -5.08306408
99 103 145 149 1 -4.16038347e-05 -4.83119059
0 0 0 0 2 -0.00507151382 6.52443075
58 63 111 119 3 -4.83985423e-05 -6.79236937
0 0 0 0 2 -0.0164132472 7.02516699
84 84 67 69 3 -1.82389849e-05 -4.13688707
0 0 0 0 2 -0.330327064 8.82229328
55 60 71 86 2 -1.77621441e-05 -5.98617697
39 47 51 63 0 -0.000104543382 -6.08135843
27 31 40 44 3 -3.43321299e-05 -5.39029026
189 191 50 56 1 -3.36168632e-05 -7.31587839
0 0 0 0 4 -0.0023843341 6.7002368
41 45 59 66 3 -3.57626268e-05 -5.22242069
103 106 85 96 1 -3.55241827e-05 -6.06578493
147 149 61 96 2 -0.000294308935 -6.5223999
129 138 149 154 1 -7.2955183e-05 -6.76518488
125 132 60 62 0 -3.73122857e-05 -4.54604769
59 60 73 81 2 -0.00161040248 -0.366829753
0 0 0 0 3 -0.00152723235 2.5254283
127 131 78 87 3 -8.53522288e-05 -5.28915405
97 100 50 65 2 -0.000203603704 -4.43503952
75 79 92 98 3 -0.000159617994 -5.43955612
211 214 148 163 2 -0.000435194175 -5.08078146
58 64 82 117 1 -5.8292957e-05 -6.57407188
135 138 68 72 0 -0.000141259414 -3.36459947
92 96 189 197 0 -0.000147218176 -5.62907314
41 44 115 126 1 -0.000238406603 -3.43643403
54 56 69 84 3 -0.00023435778 -6.28025579
0 0 0 0 2 -0.0274329185 8.18210125
52 58 107 115 1 -0.000123737176 -6.23883867
0 0 0 0 2 -0.0459977537 9.16005516
0 0 0 0 2 -0.00252684951 4.45820904
68 71 52 54 1 -1.95502726e-05 -6.07516193
132 134 193 228 2 -0.0011093202 -7.47804117
163 166 184 219 2 -0.00496196467 -6.19523001
0 0 0 0 2 -0.482430935 8.74146652
91 97 43 78 1 -2.61067617e-05 -6.5473609
152 160 109 113 0 -2.8014063e-05 -4.57235336
0 0 0 0 2 -0.00386226969 5.08010769
65 70 102 110 2 -0.00021635805 -3.9438889
97 103 40 42 1 -1.52587536e-05 -6.83734989
51 54 60 71 1 -0.449148953 -2.38896275
61 66 82 89 1 -7.51007756e-05 -4.417202
0 0 0 0 2 -0.0646966174 7.7744236
41 45 59 64 0 -7.16441282e-05 -3.09224963
0 0 0 0 2 -0.363987297 8.98776531
43 46 61 96 3 -7.90349222e-05 -5.77511215
121 121 138 173 2 -6.53258467e-05 -5.67500305
99 100 78 82 1 -0.000221482012 -3.95809984
130 135 77 112 2 -7.37890659e-05 -8.46262836
46 50 82 117 4 -0.000119444681 -3.30728769
0 0 0 0 2 -0.344009131 6.48525095
112 115 143 148 1 -9.04773988e-05 -5.78780508
145 147 108 114 1 -0.000626977941 -4.74573803
69 75 37 40 1 -7.96302556e-05 -6.48912621
114 118 84 92 3 -3.40937258e-05 -6.27409077
17 23 28 31 1 -0.000146742881 -9.56483555
0 0 0 0 2 -0.0283146538 6.8993516
35 38 81 88 2 -1.14440763e-05 -7.64803648
50 52 88 92 2 -2.41994021e-05 -6.53637743
64 68 45 49 2 -1.91926538e-05 -6.35527277
93 100 37 60 0 -4.07692933e-05 -5.57255363
70 72 43 47 1 -2.65835879e-05 -7.05319262
52 57 69 75 2 -2.67027972e-05 -8.80996132
86 87 57 64 2 -2.12191735e-05 -7.73069763
77 82 93 128 4 -0.000263683411 -0.408488244
98 101 118 127 2 -0.00345544145 -1.67886329
154 157 27 62 2 -2.28881272e-05 -5.94555807
109 115 43 50 1 -6.43718522e-05 -7.39894295
91 91 102 109 3 -1.6093225e-05 -5.40815401
0 0 0 0 1 -0.937437773 8.82317543
133 137 57 92 1 -5.94850062e-05 -6.28888416
0 0 0 0 2 -0.0086376518 0.60421741
67 75 166 172 3 -0.000135776238 -6.80384922
128 131 141 145 0 -5.42399212e-05 -4.18149424
0 0 0 0 3 -0.170253575 8.36888885
0 0 0 0 4 -0.602915108 7.59670401
122 125 108 115 2 -0.000141617376 -4.04942513
46 49 66 70 2 -0.000729970343 -3.86799383
57 61 74 109 3 -3.27824309e-05 -5.10549641
43 50 141 146 0 -0.000121948913 -5.63903904
109 112 39 45 2 -7.40283285e-05 -4.3798399
35 39 47 82 2 -4.44646939e-05 -7.45627451
99 103 119 121 4 -6.03192202e-05 -2.89945412
129 137 25 60 2 -2.95637765e-05 -8.51729584
0 0 0 0 2 -0.00218919828 7.51130199
0 0 0 0 3 -0.00393152935 5.80827999
84 84 45 52 3 -5.42398775e-05 -5.17888498
80 83 33 68 1 -2.6345162e-05 -7.47513056
0 0 0 0 2 -0.0266080461 9.13013172
52 57 149 160 4 -0.000145074911 -3.00593972
132 135 76 111 4 -6.23460655e-05 -1.12375426
60 60 30 36 2 -1.51395479e-05 -7.30474377
0 0 0 0 3 -0.686086595 10.0649481
118 121 101 106 3 -5.22130722e-05 -6.47800303
0 0 0 0 2 -0.28485328 9.57674026
103 107 40 75 4 -7.9392732e-05 -0.670067191
0 0 0 0 1 -0.0171290468 10.4765692
109 117 85 89 0 -0.000371423434 -1.68413031
34 35 74 81 2 -2.4318615e-05 -5.12498665
70 70 78 85 2 -1.6212427e-05 -6.13071108
90 94 108 131 1 -0.000105617451 -6.56009293
39 45 30 33 1 -4.25574835e-05 -5.16505718
66 66 98 102 3 -4.64913282e-05 -4.97690821
137 140 49 84 2 -1.50203477e-05 -9.69251537
126 132 150 173 2 -2.87292733e-05 -7.86670446
61 65 97 98 0 -5.36437037e-05 -2.83533549
111 116 58 67 1 -4.1603842e-05 -6.21486616
81 83 105 109 2 -2.20536513e-05 -6.45369816
0 0 0 0 2 -0.00254695234 7.01765347
22 27 61 66 1 -7.43858691e-05 -6.73731518
0 0 0 0 3 -1.01207829 9.41044998
109 113 124 128 2 -2.02655119e-05 -6.66435194
0 0 0 0 1 -0.0234816764 8.16407585
44 47 108 143 3 -9.47701483e-05 -6.17068672
63 63 103 118 3 -0.000700166798 -4.11849213
132 136 43 49 3 -2.31265367e-05 -5.6772089
48 52 86 101 3 -0.00014686292 -5.51394606
0 0 0 0 1 -0.253264755 9.99145794
84 86 96 131 2 -3.14710851e-05 -5.57008982
36 42 48 83 1 -0.00255005294 -7.36010313
0 0 0 0 2 -0.203412339 6.37297201
129 135 47 58 2 -0.000122425758 -2.91273808
87 90 50 56 0 -1.50203377e-05 -4.1136241
144 144 41 49 4 -0.00681502139 -2.33484721
90 92 49 56 1 -4.27959094e-05 -6.47495365
58 59 176 183 2 -1.82389613e-05 -7.08449459
0 0 0 0 3 -0.000685086125 3.90485811
77 78 135 143 2 -0.000166530226 -5.82308674
126 127 56 91 1 -2.57491283e-05 -6.10372734
57 61 74 76 4 -5.47167256e-05 -2.65203857
111 115 40 45 2 -2.47954267e-05 -7.02227974
110 113 58 65 2 -1.47819201e-05 -9.47894669
21 22 35 41 2 -8.08230179e-05 -4.31860018
0 0 0 0 2 -0.124795109 10.9307013
83 86 41 76 1 -9.28626832e-05 -4.22628355
0 0 0 0 4 -0.258995026 7.74226284
0 0 0 0 2 -0.00533056119 5.62490797
101 103 120 143 2 -0.00107547652 -5.58644962
74 78 92 97 4 -0.00104415882 -0.332343072
65 69 140 175 0 -0.000174279267 -5.18719864
51 59 74 78 0 -2.4199413e-05 -4.24443388
155 159 133 138 3 -0.000647722103 -3.60039282
158 162 87 102 0 -0.000149484666 -3.75186992
68 69 78 85 1 -0.000138637726 -5.1604743
167 172 190 196 2 -0.000335559453 -4.03420448
0 0 0 0 3 -0.572649181 10.1177893
125 130 77 112 1 -0.000119922828 -6.15150976
127 132 51 82 4 -0.000610070419 -0.770502567
122 126 104 107 0 -0.000181790369 -4.85851717
0 0 0 0 2 -0.653842926 7.65500593
110 111 51 82 3 -0.000333888689 -5.25773191
107 113 131 166 1 -6.24650056e-05 -6.51486015
61 63 109 140 3 -0.00137018657 -4.06815863
94 94 26 49 3 -4.81602583e-05 -4.63914633
165 170 187 194 1 -6.24651366e-05 -4.14009476
115 120 140 146 3 -8.02267969e-05 -3.61669469
70 75 106 108 3 -0.000527457683 -3.77823353
37 37 117 119 2 -0.000301463588 -3.84561825
167 169 115 117 1 -0.000107763059 -5.62053013
118 122 134 169 3 -0.000405762868 -5.61271191
0 0 0 0 2 -0.00978579 7.3984499
35 41 53 88 2 -2.27689106e-05 -7.54568911
58 58 93 116 2 -5.9007878e-05 -3.86688566
0 0 0 0 2 -0.395603567 9.21479702
0 0 0 0 2 -0.181174546 9.38111401
114 115 41 76 2 -0.000277737272 -5.67641544
70 78 46 49 1 -9.52465998e-05 -5.93900013
0 0 0 0 2 -0.003326857 6.69945145
0 0 0 0 2 -0.0101615079 8.18643188
100 103 121 156 2 -3.64778789e-05 -8.19956207
40 40 69 73 2 -4.33917812e-05 -10.0617094
0 0 0 0 2 -0.045589745 8.22491646
128 129 96 98 2 -1.10864494e-05 -6.52415419
107 110 62 97 2 -0.000463813049 -2.27167487
49 51 80 86 2 -4.88754849e-05 -3.60525298
65 69 15 50 4 -5.71008859e-05 -2.02283478
62 67 104 135 0 -0.00039897082 -3.60470843
125 128 112 114 2 -4.55376721e-05 -4.45162725
120 120 89 100 3 -6.65180196e-05 -4.72865677
116 122 88 99 1 -7.66509474e-05 -4.70243311
54 57 77 85 2 -6.21075233e-05 -4.58886671
83 87 66 68 1 -0.000104426043 -5.67473745
68 72 50 52 4 -6.84256374e-05 -2.84792423
56 56 90 101 2 -0.00128613738 -6.79573393
0 0 0 0 3 -0.00723705674 4.87488365
51 57 104 135 1 -0.000213019637 -5.80598259
0 0 0 0 2 -0.00633824617 -0.201745212
38 38 62 64 3 -0.000308024057 -3.32458735
66 72 51 55 2 -0.000145790342 -4.04959393
127 130 81 116 0 -0.000222438335 -2.84436941
78 83 175 210 2 -9.17901125e-05 -5.01804447
102 106 122 126 2 -0.000235310319 -3.32703996
85 88 69 73 2 -3.18286911e-05 -4.73752069
156 156 62 67 3 -3.63584986e-05 -4.08738375
53 53 72 107 3 -4.04117127e-05 -6.36749458
58 63 106 114 3 -3.83852057e-05 -5.80310249
97 101 27 62 2 -3.48089052e-05 -7.63353205
218 218 45 80 3 -0.000566523406 -7.6934185
69 69 47 51 3 -8.94056866e-05 -4.87710524
0 0 0 0 2 -0.31405136 11.5122986
41 42 64 99 2 -9.01205058e-05 -8.71220303
40 44 54 57 3 -0.00269618817 -8.37723255
0 0 0 0 2 -0.0405837893 9.30113125
47 51 65 68 2 -8.46385228e-06 -5.00103283
108 110 39 46 1 -7.91540879e-05 -4.71861601
107 109 57 92 4 -0.000839392073 -5.16441202
0 0 0 0 3 -1.14872551 8.07789993
85 88 101 109 4 -0.000123378632 -2.61143613
90 91 44 79 3 -6.58030258e-05 -5.74178743
60 61 148 157 3 -6.24650565e-05 -5.65354776
0 0 0 0 2 -0.182789594 10.1695766
47 55 60 66 1 -0.000106332751 -7.85501909
80 80 61 63 2 -8.32072474e-05 -3.91376209
47 50 67 90 1 -4.14846145e-05 -6.03066969
140 147 47 78 0 -0.00139934826 -2.98126101
0 0 0 0 0 -0.0790988728 8.73484612
97 101 79 86 0 -0.000184649733 -3.95343256
128 133 76 111 1 -6.44910615e-05 -6.72911167
113 116 130 137 3 -4.51800661e-05 -5.29435253
99 102 134 142 3 -0.00012552517 -5.1715107
111 114 32 67 4 -4.16038311e-05 -2.06627035
49 51 65 100 1 -0.000165100384 -5.99826479
50 52 88 123 3 -0.000229467812 -4.40817308
108 112 126 130 1 -7.1643939e-05 -4.70675611
37 37 104 111 3 -5.25709038e-05 -5.73370838
0 0 0 0 1 -0.041088894 8.27000618
86 93 102 125 0 -4.55374466e-05 -4.36207819
129 132 78 109 2 -4.01733196e-05 -7.96023703
151 156 173 178 1 -0.000106570893 -5.29162169
115 117 51 62 3 -5.93657351e-05 -4.98160553
57 57 71 78 4 -0.000672164548 -2.40521145
129 131 179 214 2 -0.000230766862 -8.70630074
34 34 97 104 3 -2.39609453e-05 -5.65703535
0 0 0 0 1 -0.550380826 8.20073128
53 55 143 150 2 -3.93388873e-05 -5.03530741
95 105 116 123 0 -0.000305755064 -3.14172602
148 149 101 136 3 -0.000272500096 -8.45236111
61 63 77 108 2 -0.000693581183 -6.16990328
44 48 57 60 0 -0.000138397736 -2.82344651
0 0 0 0 2 -0.0104398355 6.55268478
0 0 0 0 2 -0.00675135944 6.36392164
177 182 67 72 1 -0.000433281821 -2.92429161
0 0 0 0 3 -0.0114520295 5.82548857
93 97 113 148 4 -5.94850753e-05 -3.18312669
91 99 77 84 0 -5.14978419e-05 -3.47085762
0 0 0 0 3 -0.0221902262 6.98794317
0 0 0 0 3 -0.532137454 7.69641781
113 118 140 163 1 -0.000215638647 -5.52707529
34 34 42 49 3 -2.28881181e-05 -6.80983448
0 0 0 0 3 -0.00111706229 1.17738712
0 0 0 0 4 -0.129019409 8.96300983
97 100 150 185 0 -0.00135034812 -2.80939031
0 0 0 0 3 -0.762189448 8.00496197
0 0 0 0 2 -0.16505599 8.01483631
77 82 93 97 1 -9.11929819e-05 -7.34263325
49 55 78 85 2 -2.1696027e-05 -5.72309399
113 116 129 133 4 -5.59088294e-05 -2.68083954
79 85 110 121 4 -0.0335965417 -3.36988974
99 105 40 45 2 -2.92061868e-05 -4.11333895
70 75 49 51 3 -3.76699863e-05 -5.04608297
142 148 38 53 1 -7.24786441e-05 -6.3712883
0 0 0 0 2 -0.428979903 10.2668839
58 67 101 136 1 -7.83198266e-05 -6.45582533
0 0 0 0 3 -0.100266263 8.70796013
76 84 98 133 2 -3.1828702e-05 -6.80080318
42 42 56 64 2 -2.5033878e-05 -5.29417229
68 72 45 51 2 -2.49146706e-05 -5.60254478
103 103 35 66 2 -2.87293224e-05 -6.73372126
135 137 108 115 2 -0.000454154448 -5.79429388
83 86 92 94 3 -1.18017033e-05 -5.13648653
109 112 41 47 1 -4.29150605e-05 -4.51104975
86 92 121 125 0 -0.000148650244 -3.44684076
153 163 94 125 0 -0.000743653451 -2.49597168
143 146 106 113 3 -3.11135154e-05 -4.80836773
66 74 101 136 2 -1.46627171e-05 -7.09174919
128 135 148 151 2 -7.33125125e-05 -6.21105289
0 0 0 0 0 -0.0919580832 10.3703384
62 68 85 89 2 -1.84773962e-05 -6.76413918
0 0 0 0 3 -0.144734994 10.5832701
35 40 77 100 0 -0.000305639929 -2.9704771
114 114 40 42 3 -1.38282512e-05 -4.75362206
133 135 151 186 2 -0.000104425468 -6.26459122
74 78 200 205 3 -5.86503775e-05 -6.19435167
37 41 20 25 2 -6.46107219e-05 -6.05876207
0 0 0 0 2 -0.0069373399 5.78266668
61 61 112 127 3 -8.55912367e-05 -5.47873163
116 120 41 49 4 -3.73123439e-05 -1.53066194
61 67 85 90 2 -4.49416402e-05 -5.39110518
65 68 129 144 2 -6.11539144e-05 -5.25008345
58 60 71 106 2 -9.16708814e-05 -4.67206669
68 71 142 149 2 -0.000386683008 -3.03479314
119 121 165 169 2 -0.0016641093 -4.73891783
74 74 94 129 3 -0.000262013171 -4.2238965
0 0 0 0 2 -0.0162923075 8.46304417
0 0 0 0 4 -0.0210115723 6.37530088
219 221 86 121 1 -0.000307188806 -4.3659544
49 49 84 119 3 -0.00029968092 -3.16045785
62 70 106 108 2 -5.92461729e-05 -4.80389404
95 96 111 146 2 -8.82147651e-06 -9.4105072
145 145 95 126 2 -0.0414279364 -2.71208334
0 0 0 0 4 -0.0748714432 9.56994629
0 0 0 0 2 -0.421556056 11.0604334
118 122 135 141 3 -0.000199788818 -4.79657125
219 225 59 67 0 -0.00274332054 -2.6375351
52 56 74 78 4 -6.56836346e-05 -1.76255178
17 24 28 32 0 -0.000140304561 -8.24147034
98 105 47 53 3 -4.35111397e-05 -6.97239447
30 37 97 105 1 -6.58026547e-05 -6.45530319
188 192 170 172 4 -0.000570021162 -2.31958628
0 0 0 0 1 -0.062360134 9.2468605
151 153 161 184 2 -8.46375624e-05 -5.09126139
158 160 73 108 2 -6.63988831e-05 -6.09265614
0 0 0 0 2 -0.224683672 8.34880257
0 0 0 0 2 -0.397904932 8.89484215
0 0 0 0 3 -0.00973703153 6.64768362
107 111 123 130 4 -2.51530892e-05 -1.92593777
0 0 0 0 1 -0.00245757308 6.08811474
183 187 123 131 3 -0.000169035018 -4.67097473
43 47 50 81 3 -0.00384119083 -4.83023214
107 110 137 152 2 -0.00164451334 -5.60610151
107 110 45 51 2 -7.39096731e-06 -6.32261705
38 40 85 92 3 -0.000186197125 -5.63282204
41 49 63 98 0 -1.91926483e-05 -6.80129814
0 0 0 0 4 -0.000440672593 3.74171257
0 0 0 0 2 -0.29294917 8.69332504
50 56 69 76 0 -0.000191204716 -4.30759621
0 0 0 0 2 -0.00953338109 6.59372663
77 77 93 124 2 -0.000159379124 -4.98332691
47 55 74 81 0 -3.79082048e-05 -4.61909533
107 107 33 39 2 -0.0001815508 -4.81156492
87 92 107 113 3 -0.000415297574 -4.37686825
0 0 0 0 2 -0.126988471 9.77320004
0 0 0 0 0 -0.134042442 6.55466318
0 0 0 0 2 -0.397562653 7.86980915
124 127 142 149 2 -0.00610313006 -2.48453474
30 34 40 63 3 -0.0015801338 -8.43213463
0 0 0 0 1 -0.480904341 11.2242279
112 113 73 80 2 -0.00127521739 -3.1695447
27 31 41 45 2 -8.11804348e-05 -4.66468477
0 0 0 0 2 -0.0162438788 5.97878742
109 109 136 171 3 -0.000535185507 -7.98419237
56 59 85 120 2 -5.60279659e-05 -5.17360926
80 83 91 114 2 -0.000229230354 -5.69364977
0 0 0 0 2 -0.0233083684 5.8544836
144 150 97 128 1 -0.00011110153 -2.11689162
0 0 0 0 3 -0.0266506299 8.28098965
196 200 217 248 2 -0.0757459477 -1.7871238
35 39 66 97 3 -6.80677622e-05 -4.7349143
137 140 156 187 2 -0.000112173933 -4.7245183
45 51 79 114 3 -0.000134345581 -4.99700785
105 105 112 117 3 -9.97751486e-05 -4.10947561
86 91 63 67 2 -2.08615729e-05 -5.19829321
126 126 45 52 3 -1.2755374e-05 -7.93853855
102 104 61 72 2 -4.5537643e-05 -5.08626556
80 80 86 121 3 -4.72064821e-05 -5.25965977
43 45 93 99 1 -0.000139111202 -5.9831028
0 0 0 0 2 -0.591306806 8.69478416
25 26 61 72 1 -5.73392754e-05 -4.15813303
90 90 103 126 2 -0.00076583639 -4.21126652
60 64 93 99 2 -2.0623158e-05 -6.61049938
90 93 108 111 2 -0.000104544721 -3.77957749
99 99 89 93 2 -8.59490028e-05 -3.24721169
53 56 88 123 2 -0.000131962355 -5.28522587
0 0 0 0 3 -0.068844825 7.74030113
84 87 103 114 4 -0.00041411104 -1.42937672
91 96 123 154 1 -0.000431016437 -4.54249477
118 123 71 94 3 -0.000168320053 -4.63892651
0 0 0 0 0 -0.0580228567 12.5171719
29 32 109 114 2 -3.46897032e-05 -4.53748274
104 109 90 94 2 -1.19209053e-05 -7.85221386
114 118 126 157 2 -0.000246633135 -2.84208131
13 13 17 23 2 -0.00867252611 -5.17091846
105 105 116 122 3 -5.90081436e-05 -4.49819183
53 54 73 108 3 -0.000116942167 -5.36992693
110 116 131 154 0 -0.000585274131 -1.76246536
111 114 43 66 2 -1.26361629e-05 -6.83125973
89 93 52 63 3 -4.63721881e-05 -6.13351393
0 0 0 0 4 -0.04040071 7.06802893
97 101 77 82 3 -0.000111458598 -5.2018919
116 124 156 163 1 -0.000171419146 -5.47357225
0 0 0 0 2 -0.376144767 7.70233345
111 111 19 54 2 -0.000138518342 -5.46546841
0 0 0 0 2 -0.425750554 9.99199104
139 144 178 184 0 -0.000141022378 -3.26850247
47 47 189 224 4 -0.000646408531 -3.16611671
22 26 33 68 0 -0.000556637184 -5.59594631
103 111 43 66 1 -0.000177849521 -4.01282597
0 0 0 0 2 -0.343052238 9.33995533
138 140 107 118 2 -2.20536476e-05 -5.61931086
0 0 0 0 3 -0.0523073785 6.05188704
0 0 0 0 2 -0.0787250847 8.48836994
64 64 192 199 3 -0.000427696796 -4.840868
92 96 37 72 3 -5.10211903e-05 -4.99382353
0 0 0 0 3 -0.00195440277 5.52783775
59 63 122 130 3 -0.000120994315 -5.23154688
0 0 0 0 3 -0.00969939493 6.60728788
63 71 91 126 0 -0.000161524193 -4.24181318
165 166 184 219 2 -2.13383682e-05 -8.67628574
114 115 124 155 2 -0.00246526022 -3.86264658
0 0 0 0 1 -0.00418493617 6.79700422
0 0 0 0 2 -0.141754165 9.86043167
162 163 69 104 2 -0.00741376588 -4.95233631
108 114 124 129 1 -4.21998557e-05 -4.50582218
40 45 54 89 2 -0.000205261967 -6.67090893
78 78 63 66 3 -3.51665512e-05 -5.61633492
107 110 39 50 3 -3.40937331e-05 -5.81434441
103 107 43 46 2 -7.74859654e-06 -7.06492519
67 70 103 107 2 -8.46385046e-06 -8.46924686
84 84 95 100 3 -1.85966128e-05 -5.63375664
117 121 67 74 0 -4.51800588e-05 -4.21560144
0 0 0 0 3 -0.948958576 10.5423002
40 47 51 56 2 -0.00018869825 -8.07912064
96 100 68 72 1 -6.2703446e-05 -3.05200553
100 104 53 88 3 -0.000965588726 -5.26485586
0 0 0 0 2 -0.0109564168 8.74069023
64 68 81 116 3 -3.65971027e-05 -5.42985201
0 0 0 0 1 -0.00998162199 7.77584887
89 94 70 74 2 -2.32457496e-05 -5.35868406
127 131 73 104 1 -0.000145313563 -3.14015603
193 198 52 87 2 -6.11537471e-05 -7.76088142
56 56 158 193 2 -0.000553080579 -4.64718151
71 74 89 124 1 -0.000299176609 -7.64477587
43 43 48 54 4 -0.111133896 -2.63001966
0 0 0 0 1 -0.423372298 8.63249493
76 80 42 46 1 -0.000146147358 -3.84376931
105 108 164 199 2 -3.79081976e-05 -8.3452034
28 30 94 129 2 -0.000107643806 -5.04687452
114 116 128 131 1 -8.77368948e-05 -5.45760107
50 53 133 139 1 -0.000158662791 -4.6599617
0 0 0 0 1 -0.394079983 9.58046722
180 180 160 167 3 -0.000329706731 -4.91722202
65 72 43 51 0 -0.000120637655 -3.5689311
64 67 19 54 4 -0.00162882963 -2.05304813
0 0 0 0 2 -0.12446709 9.78801441
112 113 45 80 2 -2.10999842e-05 -5.3768692
117 119 54 62 2 -3.44512409e-05 -4.9760251
57 61 37 42 3 -0.000130411703 -5.41234732
35 44 63 94 1 -0.000129340027 -6.55893564
0 0 0 0 2 -0.708204865 9.47427845
125 129 107 112 0 -7.10479726e-05 -4.0587306
123 124 48 63 2 -4.0292507e-05 -7.99007654
91 95 105 109 3 -3.60010235e-05 -5.81974506
167 168 86 90 2 -0.0159427859 -1.5959326
111 115 132 167 3 -0.000922558305 -4.62185383
141 147 54 62 0 -7.15247079e-05 -3.61924314
86 87 106 108 2 -1.66892678e-05 -6.2660799
69 73 87 94 3 -3.48089525e-05 -6.54536009
0 0 0 0 4 -0.0209405143 7.71766853
88 93 34 69 4 -4.92331856e-05 -0.665801823
166 170 150 155 0 -0.000130174711 -3.3171165
0 0 0 0 2 -0.00203610118 5.75376797
69 73 84 87 3 -0.00029181267 -4.340662
52 58 79 84 0 -6.067703e-05 -4.19444656
87 87 63 71 3 -1.93118558e-05 -5.14063025
39 39 55 66 2 -0.00024246375 -3.94288874
89 91 125 160 2 -8.63064924e-05 -9.29578495
101 101 118 129 2 -8.77364218e-05 -5.69636726
52 54 64 99 4 -0.00010347247 -2.54226542
41 45 60 91 2 -0.000120276767 -6.4229331
71 78 97 103 2 -3.06366601e-05 -4.44105291
120 124 55 60 2 -0.000343188673 -2.6244247
0 0 0 0 2 -0.000969515357 6.75079775
24 28 89 124 3 -0.000476562127 -4.80936003
116 120 139 142 1 -3.36168778e-05 -4.93060303
94 95 103 134 2 -4.67296923e-05 -6.33851528
0 0 0 0 2 -0.0209215228 7.60978079
0 0 0 0 2 -0.00621507922 6.78010321
188 188 70 77 4 -0.00093150558 -2.42869544
86 86 58 61 3 -2.15768232e-05 -6.36885738
0 0 0 0 2 -0.0575122051 8.67219734
0 0 0 0 0 -0.11483907 11.0015593
0 0 0 0 2 -0.00430759368 6.91689205
0 0 0 0 3 -0.747215331 2.13849711
99 101 72 87 3 -4.82793403e-05 -5.22858191
54 55 67 72 3 -4.58953e-05 -6.41619444
0 0 0 0 3 -0.577786207 9.28120232
0 0 0 0 4 -1.31497574 8.9894619
122 122 58 93 4 -0.000212902203 -2.35748887
113 119 131 138 2 -7.9988662e-05 -3.14881492
17 21 26 28 4 -0.0111138336 -3.29704857
113 116 32 40 3 -3.11135154e-05 -5.29055071
151 155 126 135 3 -4.41071752e-05 -5.62562561
133 136 101 108 2 -0.000391336915 -4.75223732
42 45 88 93 3 -0.000252353959 -4.5279994
0 0 0 0 2 -0.460434198 8.87766361
35 41 136 171 0 -0.000208728467 -3.88754439
34 34 51 60 2 -6.91397217e-05 -8.5368576
109 113 62 97 2 -7.71275954e-05 -4.93685865
0 0 0 0 1 -0.0075091254 8.68015385
49 55 114 119 2 -0.000106571504 -5.73628569
0 0 0 0 3 -0.0943435729 10.4116468
99 101 110 121 1 -5.03058363e-05 -3.38782096
149 155 186 209 0 -8.82138993e-05 -5.14443636
94 94 110 145 2 -0.000311836426 -5.10310555
49 53 32 36 3 -3.32591881e-05 -5.07385683
67 70 141 143 3 -0.00246675173 -3.34967136
193 196 134 169 4 -7.65316508e-05 -3.42758346
61 67 140 175 1 -5.40014953e-05 -5.26088238
106 108 122 128 3 -1.87158166e-05 -5.75076151
102 102 115 130 3 -2.0980784e-05 -4.41167688
115 120 131 154 2 -1.97886984e-05 -6.35130072
71 73 80 111 3 -0.000494442706 -4.80896521
85 87 106 111 1 -8.39212662e-05 -4.50793362
57 59 74 81 2 -1.1682494e-05 -6.18145037
157 157 33 36 3 -0.00032995388 -4.09583569
53 53 67 73 3 -9.41752114e-06 -7.02943993
0 0 0 0 3 -0.485077918 10.4554176
152 152 123 138 2 -8.57103005e-05 -6.19549179
145 149 122 133 2 -2.36033466e-05 -6.07741547
34 40 102 104 1 -6.02002037e-05 -5.31386805
65 73 43 52 3 -1.59740121e-05 -7.7806344
63 63 104 139 3 -0.000127905805 -4.94178629
0 0 0 0 2 -0.441079944 9.04501057
94 98 62 73 3 -0.000108717257 -4.6113801
106 106 117 124 3 -8.70226904e-06 -4.97786045
0 0 0 0 2 -0.397054464 8.7241497
149 157 70 105 2 -5.88886614e-05 -6.1929965
55 56 63 67 2 -2.84908565e-05 -10.1683025
104 109 136 151 3 -0.000801229675 -3.62298822
93 98 51 86 3 -0.000456534297 -6.06047726
119 126 75 106 1 -0.00174752483 -4.68743896
145 153 93 128 1 -3.31400224e-05 -6.48150253
61 62 34 40 2 -1.26361665e-05 -6.45112276
226 226 79 114 3 -0.00189576996 -4.09890127
128 134 49 56 0 -2.67027663e-05 -6.85731173
111 111 126 132 3 -1.65700567e-05 -5.14721346
117 118 127 134 4 -0.000170340747 -3.29619503
141 143 112 119 2 -8.46385228e-06 -7.74633551
106 106 120 151 3 -5.68619871e-05 -4.71750259
164 165 86 91 2 -0.000218263871 -3.78977537
0 0 0 0 2 -0.00750717055 7.09584284
0 0 0 0 3 -0.00250446866 5.62853432
87 87 17 52 3 -1.63316399e-05 -7.65978432
104 108 155 190 2 -0.00256690779 -5.49243259
0 0 0 0 1 -0.00223682122 7.07153511
71 75 95 130 1 -3.54049953e-05 -6.31285572
79 83 32 67 0 -5.7577643e-05 -6.19094944
0 0 0 0 3 -0.0557191558 5.76843596
0 0 0 0 4 -1.18910575 7.59030867
105 109 61 96 3 -0.00259968778 -3.81310511
92 97 47 82 1 -0.000316239661 -4.9839716
22 25 92 99 1 -0.00123665656 -1.53261399
77 77 87 102 3 -0.000136729665 -4.89811993
53 55 72 103 2 -0.0024768794 -3.00380301
0 0 0 0 2 -0.00788853411 5.35597086
166 166 97 128 3 -0.00380359869 -2.05819154
46 50 93 101 1 -0.000317436468 -5.62617636
0 0 0 0 2 -0.618332982 8.7072382
120 125 49 72 1 -2.63451475e-05 -8.45291138
0 0 0 0 3 -0.01955688 8.5362711
16 23 27 62 2 -0.000118134019 -11.614254
99 103 115 138 3 -3.34976721e-05 -6.15123892
66 68 105 140 2 -0.000165458026 -8.28237343
140 141 41 45 3 -7.14057387e-05 -6.4310379
52 57 113 136 1 -6.38954225e-05 -7.0405879
78 87 59 63 0 -0.000110146641 -4.8138113
64 72 91 96 0 -2.07423618e-05 -4.23845387
61 68 39 44 0 -2.68219974e-05 -4.80283308
101 106 55 90 2 -5.37629712e-05 -7.15193415
18 19 41 47 3 -0.000273576065 -6.34024715
43 46 93 128 3 -9.75118819e-05 -4.97973871
32 34 59 64 2 -5.99617961e-05 -5.48760366
43 46 62 67 1 -0.00628544949 -1.57566297
120 126 144 153 1 -0.000379539037 -4.2903018
127 134 53 88 0 -1.40666561e-05 -7.99569464
96 100 38 47 2 -3.45705412e-05 -4.68755865
56 57 122 128 3 -7.41473559e-05 -4.80393314
102 104 113 116 1 -4.4583976e-05 -5.10851192
105 108 58 93 1 -8.29689088e-05 -5.5905838
65 70 39 46 2 -4.56568705e-05 -4.53263378
77 84 26 35 1 -5.88887851e-05 -7.55325842
117 117 103 106 2 -8.12997969e-05 -4.68438625
111 114 56 64 2 -5.11402977e-05 -6.8286829
131 131 68 70 2 -0.000119445904 -3.3739965
12 12 17 23 4 -0.000410507753 -2.98194385
12 15 19 42 0 -0.00177356845 -6.5511117
47 51 130 161 4 -0.00128246273 -0.958773255
67 70 49 55 3 -2.16960398e-05 -6.46558905
60 60 73 108 3 -3.30208095e-05 -6.21876383
30 31 47 70 4 -3.37360943e-05 -1.6586864
57 58 37 52 2 -5.79352927e-05 -4.44877338
80 84 62 73 4 -0.000637830119 -1.89434564
57 57 80 83 3 -0.000125048071 -5.18730545
76 77 59 61 2 -8.88090726e-05 -3.36009502
157 162 126 133 2 -1.99079077e-05 -3.95462561
107 111 127 133 1 -3.07558948e-05 -6.57806635
110 110 128 134 4 -9.59621684e-05 -2.69496799
51 54 74 89 3 -7.4385367e-05 -4.70710325
55 59 69 92 3 -5.92465658e-05 -5.15190411
51 51 60 62 2 -0.000117656557 -4.92108536
39 42 46 53 1 -0.000492272142 -3.90647602
45 49 97 103 1 -8.36838517e-05 -6.1547966
40 41 45 51 2 -0.000733367458 -9.11193562
104 105 56 91 2 -2.37225213e-05 -7.133358
117 125 57 92 0 -3.24247922e-05 -5.52549458
114 117 86 94 2 -2.44378225e-05 -4.4252634
78 81 89 124 3 -0.000197165908 -5.805305
86 92 47 50 0 -0.000119563971 -3.86258626
138 138 118 126 3 -6.71139642e-05 -3.8175509
60 60 78 83 3 -7.90340055e-05 -5.88386297
59 59 76 111 3 -6.2226718e-05 -4.09861755
47 47 59 66 2 -5.66239796e-05 -4.32356691
48 51 64 99 2 -4.99482812e-05 -6.95064926
79 84 56 63 2 -9.41752205e-06 -4.2268157
36 36 52 87 3 -3.278242e-05 -6.47498083
134 141 72 79 0 -9.58419259e-05 -3.75646234
80 80 91 97 3 -5.61471716e-05 -6.05764389
142 143 67 75 3 -3.93387527e-05 -5.76084137
44 45 62 85 3 -3.21863881e-05 -6.94657373
109 109 31 38 3 -0.000151869026 -5.29334402
5 6 9 44 3 -0.0158902761 -3.2954464
48 48 64 75 3 -8.52335579e-05 -6.10430527
60 63 135 138 2 -6.53262032e-05 -3.32887292
97 97 107 130 3 -5.50743207e-05 -4.77056551
25 29 33 64 2 -0.00552451191 -5.41494513
103 103 114 129 3 -4.79218434e-05 -4.69606543
67 70 34 57 2 -2.03847376e-05 -6.13884974
65 66 114 119 2 -2.49146669e-05 -6.10613346
65 65 77 112 2 -9.47703084e-05 -6.24936056
55 56 94 109 2 -1.12056596e-05 -6.42094803
43 46 78 80 2 -7.29554304e-05 -4.26575708
90 93 41 76 1 -0.000102399405 -7.11168242
46 46 66 101 3 -2.9921328e-05 -6.85718536
163 163 66 101 3 -0.000711002096 -4.4700079
76 82 100 115 1 -6.24648746e-05 -7.21980667
61 64 85 90 2 -0.000388945744 -3.9684248
149 149 75 110 3 -1.54971749e-05 -6.73960257
59 60 119 142 3 -0.000170584331 -4.61818933
87 91 100 111 1 -4.26766637e-05 -5.90394258
90 91 48 83 2 -0.000376311946 -5.8404274
75 75 90 105 2 -2.9325367e-05 -5.93003321
17 17 38 42 2 -5.25709474e-05 -5.74529457
86 90 47 70 1 -0.000724123558 -2.56747699
25 28 101 109 2 -0.00012540532 -4.28025198
149 150 125 133 2 -8.34464208e-06 -6.31553602
85 87 98 109 2 -2.7417922e-05 -5.15993023
0 0 0 0 3 -0.0196275655 7.60703802
0 0 0 0 3 -0.0205213521 9.20423317
0 0 0 0 3 -0.00105106202 1.40041542
0 0 0 0 3 -0.0105189038 6.70223856
0 0 0 0 3 -0.00102639513 4.86108112
0 0 0 0 3 -0.0127502261 10.0592346
0 0 0 0 2 -0.0184276477 8.8982811
0 0 0 0 2 -0.060690403 7.94291162
0 0 0 0 3 -0.037163265 8.04812527
0 0 0 0 1 -0.209331855 9.98949432
0 0 0 0 2 -0.30666098 8.4673624
0 0 0 0 3 -1.04512882 9.66899014
0 0 0 0 2 -0.00918841455 7.68719387
0 0 0 0 0 -0.181870252 11.427927
0 0 0 0 3 -0.61355561 9.0007515
0 0 0 0 3 -0.0204681829 8.52364254
0 0 0 0 2 -0.00795753393 6.75082731
0 0 0 0 2 -0.0669301376 8.42745018
107 109 122 128 2 -0.000112054797 -4.45188522
106 109 126 132 1 -3.58818215e-05 -4.92039061
65 72 83 92 0 -0.000290853815 -5.492383
22 22 26 61 2 -0.0015473417 -7.58696651
50 55 149 184 1 -8.17764667e-05 -6.15818977
138 142 51 86 3 -0.000106809777 -5.99571276
75 82 42 46 1 -4.16038311e-05 -5.30084515
147 150 79 114 1 -0.000100730467 -5.49692822
16 19 35 58 2 -2.2172866e-05 -6.06669378
61 61 75 83 3 -4.99482921e-05 -4.92652798
125 129 140 147 0 -0.000322562642 -2.15309191
45 47 83 89 2 -2.18152327e-05 -7.00764751
50 50 83 118 2 -4.4583885e-05 -6.55130386
35 42 52 54 0 -1.64508092e-05 -4.1957016
150 153 128 135 0 -8.97634454e-05 -3.21513748
50 54 68 83 3 -5.01865397e-05 -4.73943472
115 115 44 55 3 -2.37225795e-05 -6.54044008
112 117 30 53 1 -0.000148052844 -3.35014272
143 143 104 111 3 -0.000990388566 -2.36580706
216 224 188 192 0 -0.0122973612 -2.56917787
112 117 49 54 1 -0.000150553868 -6.86821079
145 149 89 104 3 -3.70738926e-05 -5.59917784
48 51 61 69 4 -0.000417181087 -2.33534455
56 61 83 118 1 -0.000133750349 -6.22264242
157 161 58 93 1 -0.000206699886 -5.02743673
147 151 66 101 4 -7.90350896e-05 0.00864586979
104 109 41 56 4 -3.92196562e-05 -2.03463364
41 42 54 61 4 -6.53262323e-05 -3.14678979
104 107 60 62 4 -0.000230304766 -1.32882416
0 0 0 0 3 -0.757513881 9.23810768
0 0 0 0 1 -0.00545302033 4.18817425
77 83 32 67 1 -8.78563078e-05 -6.11396503
171 175 124 159 0 -0.000136253439 -4.64574003
0 0 0 0 1 -0.401002884 9.5778532
0 0 0 0 3 -0.0405492038 9.3469944
197 198 132 163 2 -0.00118221249 -3.04916716
84 86 110 115 1 -5.44782597e-05 -5.53814507
45 48 108 143 1 -0.000148055013 -4.86770058
72 76 59 66 0 -4.50608532e-05 -2.91001534
107 114 129 135 0 -5.57893181e-05 -3.17107129
0 0 0 0 2 -0.113495581 2.36623335
101 103 57 65 2 -2.44378061e-05 -5.81204891
56 57 73 76 2 -1.15632829e-05 -6.04434013
79 85 131 139 0 -8.4160718e-05 -5.11974955
151 155 52 87 3 -3.64778607e-05 -6.47972822
0 0 0 0 3 -0.00898477901 6.56213856
91 94 51 58 2 -2.78948537e-05 -4.73236179
85 93 37 41 1 -2.8252507e-05 -6.44378948
0 0 0 0 1 -0.106802605 8.86994267
0 0 0 0 2 -0.305086762 8.89931011
84 87 101 108 2 -2.8371709e-05 -3.18653369
46 52 71 79 1 -6.38956553e-05 -7.08391953
0 0 0 0 1 -0.645801187 9.23701572
70 73 143 145 2 -0.000206584198 -5.08706141
59 63 95 103 2 -3.19478786e-05 -5.22022009
0 0 0 0 3 -0.0726533085 8.18759918
109 115 94 102 3 -3.88620138e-05 -4.51598549
144 148 58 93 3 -5.86504975e-05 -5.56166601
125 129 83 118 1 -0.000125524341 -7.36785364
124 126 144 179 2 -0.000379755627 -7.08496284
35 35 72 83 2 -0.000231733226 -5.01372623
58 62 72 76 0 -3.44512846e-05 -4.25185156
88 88 126 132 3 -4.05309729e-05 -3.86275363
74 77 119 154 3 -8.57103223e-05 -6.64504719
89 93 110 145 3 -0.00010895585 -5.49381828
108 109 93 97 2 -6.6399065e-05 -3.97634482
50 50 63 98 2 -9.54853676e-05 -4.57220793
0 0 0 0 4 -0.00335643929 5.97779608
87 92 43 74 3 -0.00109262182 -3.87551379
36 42 72 75 3 -0.000729726511 -3.286134
94 98 111 142 4 -0.000134584872 -1.79020166
148 150 54 65 1 -0.000302891072 -5.35623074
82 83 98 133 4 -7.05712664e-05 -2.85325527
0 0 0 0 2 -0.0159361642 8.86110878
82 83 95 98 4 -0.000120399891 -2.65854144
101 101 121 127 4 -0.000125406354 -2.93729186
108 108 58 93 3 -1.63316417e-05 -6.34315681
48 51 195 198 2 -0.000152822991 -4.8336606
139 141 118 129 2 -0.000322314794 -8.54317379
132 132 40 63 3 -1.32322057e-05 -6.87282467
115 115 168 179 3 -0.000188463891 -3.51653957
74 79 45 52 0 -2.38417906e-05 -3.45867085
92 92 99 107 3 -3.92195288e-05 -4.35806656
66 70 85 120 3 -6.92599206e-05 -6.47913694
109 112 125 128 1 -0.000212066807 -2.16662598
70 74 88 99 1 -0.000106571388 -4.72514009
63 69 191 193 0 -0.000108478445 -4.15977526
80 88 237 243 1 -0.0880974382 -5.2114749
0 0 0 0 2 -0.0670314655 9.3360548
119 119 77 100 2 -0.000357960234 -5.27804422
42 47 54 89 1 -0.000271293131 -4.75478888
0 0 0 0 3 -0.44547236 8.14615917
0 0 0 0 2 -0.0248238258 7.50667143
133 139 88 123 2 -0.000198239795 -4.52768803
42 46 76 84 3 -2.64643713e-05 -5.39833498
47 50 56 79 3 -8.01077695e-05 -5.68501806
0 0 0 0 2 -0.284196913 8.8500433
76 88 101 116 0 -3.3020744e-05 -6.30967045
169 175 76 111 3 -0.000976543524 -5.55987072
95 100 73 80 4 -0.000194067456 -2.15032816
0 0 0 0 2 -0.00245723315 7.91602373
0 0 0 0 1 -0.00254750927 5.97483969
96 103 120 124 2 -2.55107043e-05 -5.35514116
124 124 102 104 2 -3.94580638e-05 -5.21466684
105 107 95 99 2 -4.00541394e-05 -3.51502132
121 124 36 71 3 -8.73793615e-05 -7.3587079
65 65 44 50 3 -9.23860789e-05 -6.18443584
109 112 192 227 2 -0.00869239494 -3.63305616
0 0 0 0 2 -0.17007713 8.81798267
37 37 63 69 4 -0.000204320124 0.153379768
97 103 48 83 1 -8.53524543e-05 -7.93079805
67 67 119 127 3 -5.51935555e-05 -3.95572162
26 30 35 39 4 -0.000108001863 -3.8815496
108 111 124 147 3 -5.92465876e-05 -6.8515811
86 90 42 73 2 -0.000202291223 -5.48581028
93 96 111 120 1 -6.06765389e-05 -8.24037266
0 0 0 0 3 -0.310096443 9.20090866
118 121 130 138 4 -9.48891611e-05 -1.81875432
108 108 68 103 3 -0.00147999462 -7.13629198
65 70 79 114 3 -0.000104424966 -5.72567987
0 0 0 0 0 -0.0471111163 10.2976303
43 49 61 63 2 -5.88888579e-05 -3.42647386
0 0 0 0 3 -0.671716094 10.2812824
52 53 168 199 3 -0.00265736971 -3.98291683
39 41 46 58 2 -0.00364520936 -7.07529783
156 160 173 208 2 -0.000481046212 -5.53974009
0 0 0 0 2 -0.347983211 8.50689602
51 55 70 93 3 -0.000150796666 -5.09427023
230 233 175 210 1 -0.00969045144 -4.15399551
126 131 110 114 1 -6.86635758e-05 -5.42931318
57 58 117 121 4 -0.00029967833 -3.04967713
55 58 80 115 2 -4.20805409e-05 -9.42995739
43 50 61 84 2 -0.00303251366 -2.44369602
113 114 132 167 2 -1.2755374e-05 -9.75994301
0 0 0 0 2 -0.239504442 9.48159981
106 111 81 85 0 -0.0112635978 -1.53629124
108 112 59 94 2 -6.5802451e-05 -4.65038919
0 0 0 0 2 -0.00138735026 3.60387135
65 71 85 116 1 -0.000179763505 -6.18928099
130 134 73 108 4 -6.21076397e-05 -1.13712263
122 124 100 103 1 -9.48893357e-05 -5.08096647
148 156 89 124 4 -0.00028311144 -2.81082702
70 74 22 25 1 -0.000169750434 -4.7264123
63 65 143 150 2 -0.000160211697 -6.37445688
98 98 107 113 4 -8.28493139e-05 -3.01322103
77 81 47 50 1 -9.39358288e-05 -5.99988127
150 156 111 114 0 -0.00127723464 -1.53967667
63 63 76 107 2 -3.98156335e-05 -5.97651339
44 47 111 126 2 -3.98156444e-05 -8.22127628
80 84 93 128 2 -3.74315423e-05 -5.86034632
89 97 50 53 0 -0.000136968694 -2.18237138
46 46 73 77 2 -4.87563157e-05 -6.37285709
97 100 113 118 0 -4.99480666e-05 -4.36610794
21 24 51 59 4 -0.000169034887 -3.37597203
106 110 125 132 2 -9.77514992e-06 -7.1170435
48 54 107 114 2 -6.87829888e-05 -3.84776473
104 104 85 89 4 -0.000145551923 -2.44975972
0 0 0 0 3 -0.0103060445 7.22061348
80 83 102 109 2 -0.00018417096 -5.70573187
0 0 0 0 2 -0.0399918333 9.56856918
0 0 0 0 2 -0.26225546 8.92375374
58 58 91 94 3 -6.50877482e-05 -3.73106432
92 94 33 42 2 -6.67566055e-05 -5.65793371
44 48 61 96 3 -1.2755374e-05 -6.72063828
0 0 0 0 2 -0.00376224704 3.87603831
0 0 0 0 3 -0.721527636 9.26570702
27 36 79 87 0 -9.29820671e-05 -3.42858744
45 52 62 73 0 -0.000218027213 -2.85722995
136 139 152 157 4 -0.000440455449 -0.0878782496
59 60 163 174 2 -6.40143844e-05 -7.53344488
43 49 53 60 2 -0.000162715995 -7.00006676
96 102 111 117 0 -2.00271024e-05 -3.81207013
133 136 58 62 2 -1.2397747e-05 -6.26402044
26 33 179 214 2 -0.000138396135 -9.59670544
127 132 90 113 2 -5.11404069e-05 -5.52445269
55 58 78 87 0 -0.00645806501 -0.24063319
102 105 134 139 2 -9.97767347e-05 -5.15778399
7 11 17 52 4 -0.0768335983 -0.299704671
138 139 86 121 3 -0.00283245253 -5.05179405
145 147 168 203 2 -0.000102158199 -8.29299736
0 0 0 0 2 -0.0524333417 8.714674
57 64 194 201 2 -0.00159222342 -4.0472908
114 116 96 99 1 -7.08095831e-05 -5.50943089
69 69 48 52 3 -5.55510996e-05 -6.48687363
130 134 79 114 2 -6.35378383e-05 -6.39910746
39 41 70 105 2 -1.74045217e-05 -5.47221994
91 91 189 194 2 -1.72852961e-05 -7.28785515
32 38 46 81 2 -0.000128266518 -6.00075388
0 0 0 0 2 -0.0113719301 7.47372484
50 53 64 72 4 -3.09942661e-05 -1.92407548
110 114 125 160 2 -7.71274063e-05 -5.3427372
0 0 0 0 3 -0.00335839926 5.74584103
0 0 0 0 1 -0.0322464108 8.92775917
50 51 127 138 3 -4.06501567e-05 -5.08113289
11 17 29 31 2 -0.000715662376 -3.83060122
76 78 91 96 2 -0.000135657712 -3.45197749
14 18 31 37 3 -0.00267882925 -2.52275324
80 85 169 173 3 -0.00255882507 -4.92851019
0 0 0 0 3 -0.0271455683 9.67080402
133 134 107 111 2 -5.7935129e-05 -5.47689199
159 160 34 39 3 -0.000316958845 -5.42178202
63 69 95 97 0 -0.00018190706 -3.62970638
0 0 0 0 3 -0.818297327 9.59512138
107 107 120 131 3 -3.4689765e-05 -4.56792021
55 58 75 80 3 -0.00031946844 -3.6339519
136 140 53 60 3 -0.00413950998 -4.52122688
141 144 41 76 1 -3.24247849e-05 -9.51719379
0 0 0 0 1 -0.0964099243 7.79364443
154 154 106 117 3 -4.01732832e-05 -3.47942662
41 44 57 92 0 -2.0861582e-05 -5.02509165
118 118 48 50 4 -0.000360229285 -2.41266727
127 134 95 101 2 -8.32071382e-05 -5.64024544
164 166 61 96 1 -9.57235752e-05 -6.02020454
44 48 80 81 4 -0.00012743198 -2.13735986
125 128 105 113 4 -9.21478204e-05 -2.50745082
0 0 0 0 2 -0.0105442954 8.25809669
0 0 0 0 3 -0.406878144 9.58662319
0 0 0 0 4 -0.0800290704 8.00834084
31 35 55 90 1 -5.62663772e-05 -4.88086939
90 91 34 57 2 -2.18152491e-05 -6.01440239
72 73 56 60 2 -1.07288251e-05 -6.13008547
100 101 108 113 2 -2.00270806e-05 -5.39932299
18 18 34 37 2 -6.38956408e-05 -4.93502426
89 90 36 71 2 -6.07966922e-06 -6.70901966
0 0 0 0 1 -0.0484052971 8.82719803
100 104 86 89 1 -0.000147577579 -5.00870371
70 73 81 83 2 -4.94715314e-05 -4.05469131
76 79 117 148 2 -0.000103114391 -4.65384197
106 106 55 90 3 -3.15903126e-05 -8.0279007
66 72 79 86 0 -0.000101682504 -3.40935564
197 202 52 59 2 -9.763048e-05 -6.13864231
0 0 0 0 2 -0.78005302 9.77803516
56 64 132 140 1 -7.20017852e-05 -5.06621981
124 125 110 112 4 -0.000532948063 -1.10797513
46 46 107 115 2 -1.78813571e-05 -6.09083271
78 83 98 105 2 -1.64508492e-05 -4.65381956
0 0 0 0 3 -0.0666034669 8.42021942
55 55 171 174 2 -0.000216952991 -5.5818181
118 122 169 172 2 -0.000136372197 -5.21465683
45 47 55 90 2 -0.000580827356 -3.09198403
24 26 100 123 2 -2.90868265e-05 -9.85011578
0 0 0 0 2 -0.049186945 8.00845337
59 62 68 103 4 -7.24786587e-05 -2.14112115
0 0 0 0 1 -0.262125492 10.0180674
110 111 64 66 2 -0.0525496416 -2.0383172
0 0 0 0 0 -0.699338317 12.0636721
0 0 0 0 2 -0.0239324439 8.7322979
208 214 127 162 1 -7.98694891e-05 -4.99308538
156 162 111 134 2 -0.000239364002 -6.01953602
54 57 81 87 2 -9.29831549e-06 -7.29261017
29 35 111 119 2 -8.32061341e-05 -8.10633755
124 126 108 115 2 -0.000229708065 -5.5287919
0 0 0 0 4 -0.12971209 8.94813824
62 68 82 85 0 -0.000250087149 -2.5058558
61 65 76 78 4 -0.0619725771 1.57988596
151 152 74 105 2 -8.66642731e-05 -3.60006404
29 31 44 79 2 -6.6875742e-05 -5.2031765
106 109 66 71 2 -3.86235915e-05 -3.94513822
0 0 0 0 2 -0.00661735609 5.60006523
38 45 58 93 0 -5.79347834e-05 -5.51369905
81 85 58 65 3 -9.32206385e-05 -4.62835264
39 40 52 61 3 -5.686246e-05 -5.71031904
106 106 54 59 2 -5.56701634e-05 -6.75741339
66 70 40 43 3 -5.16172549e-05 -6.6273737
136 137 31 40 2 -2.10999769e-05 -7.16183138
99 105 47 50 1 -9.6079697e-05 -6.97190237
98 102 111 115 3 -0.000167960097 -3.82769442
27 29 42 49 2 -1.91926465e-05 -5.48890495
53 56 94 99 2 -9.50084868e-05 -3.84917378
174 177 85 90 2 -0.00118594035 -2.25721431
129 129 66 68 4 -0.000619240454 -2.35164571
0 0 0 0 3 -0.0250326879 8.13348389
86 93 34 69 0 -2.40802074e-05 -3.92841101
128 130 70 105 1 -0.000149719213 -6.33630133
63 65 86 94 2 -1.82389831e-05 -6.3420229
0 0 0 0 2 -0.138440892 5.55545187
88 92 38 73 2 -8.22543279e-06 -8.79252052
144 150 75 82 1 -1.63316254e-05 -7.29094505
104 108 152 187 4 -0.000109194305 -3.03557086
112 114 53 88 2 -1.37090465e-05 -10.3153849
0 0 0 0 2 -0.707782447 9.98960018
120 123 42 49 2 -0.000180477407 -3.23055458
103 103 86 92 3 -3.54050171e-05 -3.95962524
26 29 87 93 1 -0.000537051354 -5.88885355
63 70 42 50 0 -1.84774017e-05 -4.07976532
175 178 104 113 2 -5.34052051e-05 -5.99903393
93 94 157 188 1 -0.00280428678 -2.08006358
111 116 53 55 0 -5.47164127e-05 -3.22863626
0 0 0 0 2 -0.661971092 9.92122936
78 81 89 93 0 -4.10076354e-05 -4.15280294
176 184 144 151 0 -0.000390864443 -3.67328644
0 0 0 0 2 -0.0080650365 5.70469713
112 113 43 51 2 -6.50877337e-05 -6.29548836
96 97 104 111 3 -2.46762193e-05 -4.41239786
65 66 42 47 3 -2.19344565e-05 -5.45585346
45 51 66 69 1 -7.18825104e-05 -3.52598214
168 168 79 82 3 -4.56569105e-05 -4.33945036
56 60 79 85 0 -0.000113962153 -5.58255339
0 0 0 0 3 -0.01262601 6.66504002
0 0 0 0 2 -0.0338475406 8.59897995
0 0 0 0 2 -0.00455714436 10.3229713
123 123 149 184 3 -0.0025185151 -4.56936789
96 104 150 157 1 -0.000696876203 -4.34314966
62 62 83 91 2 -0.000100849502 -3.79268074
52 54 82 90 2 -7.080863e-05 -8.7166748
103 105 79 94 2 -6.38956408e-05 -4.5403223
53 54 133 140 2 -2.50338653e-05 -6.8126483
40 43 60 91 3 -0.000183100012 -4.0479579
78 83 96 104 0 -7.90347622e-05 -2.40331221
107 113 122 133 0 -4.49416111e-05 -4.46113396
0 0 0 0 2 -0.00672866777 6.84678888
53 57 66 81 1 -0.000217191817 -5.09040689
41 48 104 109 0 -8.3445666e-05 -2.56955552
106 106 120 128 2 -3.30207549e-05 -6.85427094
167 167 102 137 2 -0.000102280101 -5.3061552
34 38 54 62 0 -4.42262099e-05 -5.94028902
127 128 52 87 2 -2.06231471e-05 -6.5652914
220 220 173 204 3 -0.000468338229 -5.02725935
56 62 132 167 2 -0.00010764449 -5.92344952
79 79 29 60 3 -6.6875742e-05 -5.02487946
103 104 58 64 2 -0.000172371932 -7.46057367
73 73 57 64 3 -4.54183901e-05 -4.89832163
82 85 97 104 2 -8.22543007e-06 -6.40909147
179 185 70 105 3 -0.000268807053 -5.64199829
137 140 51 82 3 -8.22533984e-05 -6.24133348
57 62 123 126 1 -3.87427972e-05 -5.09164667
47 49 68 103 2 -1.25169563e-05 -7.19915438
53 57 126 161 4 -0.000107644439 -2.5293622
102 105 115 126 2 -2.70604232e-05 -3.74371648
0 0 0 0 3 -0.0629523993 9.90859795
182 188 131 162 3 -0.0052232435 -2.43604469
113 121 45 80 1 -5.32862505e-05 -6.36514902
0 0 0 0 2 -0.126417369 6.2028451
132 135 77 108 3 -0.00358714955 -3.1146965
54 54 103 138 3 -0.000262013753 -2.16284466
140 142 40 48 2 -4.61335185e-05 -5.22107315
134 140 149 160 1 -9.64387582e-05 -5.47296476
119 123 91 97 2 -1.97886729e-05 -7.75171995
114 118 36 47 1 -5.93656114e-05 -6.12846422
0 0 0 0 4 -0.0681554973 8.43982887
62 69 83 85 0 -1.70468811e-05 -4.18019104
79 89 106 111 1 -3.48089525e-05 -6.25012016
131 136 80 115 3 -6.80679877e-05 -5.58790922
134 138 155 164 2 -0.000464988669 -4.87368917
109 117 35 70 0 -6.58029821e-05 -5.73249197
48 51 90 125 2 -3.69547233e-05 -9.8365221
0 0 0 0 3 -0.676769257 10.8689241
128 128 195 206 3 -0.552754045 -2.30023623
71 72 52 59 4 -0.000173801061 -3.07946301
89 91 55 78 1 -8.76176273e-05 -4.58081627
0 0 0 0 2 -0.632121563 7.20478153
0 0 0 0 2 -0.641299605 9.25614834
99 101 117 152 2 -0.000513118692 -5.02816153
0 0 0 0 2 -0.195665851 8.23831272
60 63 46 53 2 -3.93388073e-05 -4.7095046
0 0 0 0 2 -0.186119869 7.14033747
131 134 66 72 3 -2.43186278e-05 -7.3670578
64 68 41 47 3 -0.000934134761 -3.79554439
138 142 163 172 2 -0.00236066408 -9.09570885
115 116 132 142 3 -0.00322027784 -3.7859087
0 0 0 0 3 -0.0143274106 6.43234539
52 56 61 69 4 -0.000320421939 -2.11343575
31 31 42 47 4 -0.000283813337 -3.1463275
0 0 0 0 1 -0.00981462188 1.91876948
0 0 0 0 3 -0.677052796 9.3479023
46 52 109 144 0 -2.36033738e-05 -6.5931139
107 111 123 127 2 -8.58305975e-06 -7.91026354
136 137 75 90 2 -7.48625534e-05 -5.46044588
87 89 102 110 1 -6.98554068e-05 -6.78348017
39 47 59 64 0 -1.90734263e-05 -4.39557934
96 104 71 77 0 -1.99078968e-05 -4.62615681
64 64 48 58 2 -0.000440092757 -3.39259911
0 0 0 0 2 -0.00296882121 6.82415819
56 57 71 82 2 -0.000171417982 -6.6230793
15 18 32 55 1 -0.000266063638 -8.46338654
98 104 114 121 2 -1.04904011e-05 -8.05017757
80 83 46 48 3 -0.000332449359 -4.49018192
127 130 143 174 0 -0.00852228701 -3.16042423
123 124 31 66 3 -2.05039523e-05 -7.90463352
89 92 173 178 2 -8.07036631e-05 -5.13882303
35 36 154 189 3 -0.00108549208 -4.89582825
102 107 122 131 4 -6.49685317e-05 -0.950695515
51 57 70 105 1 -0.000171179403 -8.27446938
45 51 62 93 2 -0.0154723953 -1.40049911
62 68 86 121 2 -1.27553749e-05 -7.71298885
56 59 148 156 1 -6.47300767e-05 -3.6937449
59 60 30 36 1 -9.71539193e-05 -3.0810535
147 151 128 133 2 -0.0095445523 -1.35733223
83 88 31 38 3 -2.43186296e-05 -5.42627048
133 134 151 166 2 -2.40801965e-05 -5.29748631
49 51 60 66 1 -5.55511906e-05 -2.29993391
74 74 94 129 2 -3.68355068e-05 -5.80505276
94 94 47 82 3 -4.49416802e-05 -3.66626573
41 45 106 141 2 -0.000520283822 -6.12272263
124 124 160 195 4 -0.00197127042 -2.8567822
77 79 97 112 3 -3.02790359e-05 -7.44159889
205 209 152 187 3 -6.06770409e-05 -6.46005821
0 0 0 0 2 -0.00628768839 6.97059727
101 106 143 145 2 -2.90868029e-05 -7.42576265
56 62 86 117 2 -0.000462022959 -2.95960355
0 0 0 0 4 -0.00311471475 5.84192085
114 117 67 102 3 -2.24112919e-05 -8.2847271
52 63 81 116 0 -0.00011503532 -3.3273983
40 43 135 170 3 -0.002226118 -4.10738993
105 109 159 194 3 -0.000123379461 -6.51011419
61 63 89 100 2 -4.55376612e-05 -6.4483099
0 0 0 0 2 -0.474523962 8.32630253
48 53 61 63 2 -1.50203396e-05 -5.29480886
57 61 123 158 4 -8.11807695e-05 -2.84491706
68 68 110 145 3 -0.00130888098 -3.67429709
50 50 60 67 4 -0.000121472585 -3.25606775
0 0 0 0 2 -0.209150106 9.93837929
92 92 53 61 2 -2.80140903e-05 -6.12383032
93 95 105 109 2 -3.31399824e-05 -4.24295664
145 147 172 179 2 -0.000147935847 -3.88922858
94 94 113 148 2 -0.000144953083 -4.58433962
66 66 20 55 2 -0.000257362495 -5.78305054
101 105 55 90 1 -8.55910766e-05 -5.38931894
12 18 88 119 1 -0.000429836218 -4.80736351
82 83 42 49 3 -2.50338817e-05 -4.03778839
136 143 109 117 0 -8.33263621e-05 -5.08002806
103 106 133 139 3 -3.6477868e-05 -6.06428623
64 65 77 80 2 -0.00017535298 -4.98397779
45 53 106 114 0 -9.83454956e-05 -3.57717252
50 52 62 97 3 -3.05174763e-05 -7.3549428
122 123 77 112 4 -0.000622703286 -1.26214182
111 117 72 79 3 -0.000158068215 -6.13097906
91 96 77 84 3 -6.77101925e-05 -4.61437082
116 120 91 98 4 -0.000513220148 -2.12409186
86 87 116 123 3 -0.000309927244 -4.05478811
131 131 59 94 4 -0.00864889286 1.29803991
67 70 50 57 4 -4.78026486e-05 -2.2358489
65 67 121 129 1 -0.000209563135 -5.64668417
0 0 0 0 2 -0.00444724504 6.03709888
0 0 0 0 2 -0.918724775 7.42429113
109 115 45 50 2 -7.60540206e-05 -7.57178879
107 110 120 127 1 -8.24918752e-05 -5.0837822
115 121 92 98 3 -2.83716927e-05 -5.72265148
101 104 57 60 2 -7.15255146e-06 -6.85158634
117 124 38 73 0 -0.000104543396 -4.95652437
87 87 99 106 3 -0.000415756949 -4.41342354
0 0 0 0 1 -0.962585568 8.95727253
0 0 0 0 2 -0.687633216 9.33694077
79 82 102 108 4 -4.49416475e-05 -1.30781496
0 0 0 0 2 -0.720628202 8.07536411
23 29 33 44 2 -0.00256475364 -6.87623596
0 0 0 0 2 -0.00101449364 4.14584875
42 42 62 97 3 -9.77514992e-06 -6.85258722
47 51 128 163 4 -0.000140305623 -1.52084124
68 68 58 61 3 -4.06500258e-05 -5.87808561
45 49 79 114 1 -0.000113127353 -5.66633987
54 54 89 124 3 -8.22536094e-05 -4.9567194
0 0 0 0 2 -0.0473339073 8.57003689
90 93 44 79 3 -0.000244846917 -5.06941891
114 117 51 54 0 -7.05707425e-05 -4.44800377
55 55 38 45 2 -0.00065058365 -2.53992271
234 238 127 162 3 -1.37969494 0.167283624
0 0 0 0 2 -0.0108301938 7.29686832
0 0 0 0 2 -0.00327392621 5.84037542
19 23 99 106 1 -0.000114438721 -4.20850897
78 79 167 198 2 -0.00200555194 -3.1029911
0 0 0 0 2 -0.267198741 9.80118847
193 197 138 173 4 -0.000472390675 -0.966244817
133 136 78 93 1 -7.72469648e-05 -5.70984268
96 102 38 41 2 -6.80676312e-05 -5.75230789
0 0 0 0 2 -0.345643342 8.85447979
132 135 148 151 0 -0.000184766919 -2.35798979
135 138 157 161 3 -0.0041243704 -3.51079774
89 92 101 132 2 -0.000216951856 -5.70881748
114 117 126 132 3 -0.000143525045 -4.50429487
125 128 38 73 4 -0.000101445883 -2.85795498
63 64 49 55 3 -0.000119564909 -4.49016714
160 161 111 146 3 -6.23459418e-05 -7.48993587
58 59 38 43 2 -0.000153537811 -5.22806931
56 67 139 154 0 -6.86636049e-05 -4.26686287
61 63 32 39 2 -2.36033593e-05 -7.1874752
53 53 66 73 3 -2.90869721e-05 -4.17208052
0 0 0 0 3 -0.509620786 9.94791985
43 44 54 89 3 -6.84254919e-05 -6.82092619
0 0 0 0 4 -0.0038525369 6.9774437
117 120 20 31 2 -7.70081824e-05 -5.08473349
86 90 162 168 1 -0.000316362682 -5.34722948
36 37 83 90 3 -0.000341638806 -3.49304104
54 59 124 128 1 -6.1868981e-05 -7.14372587
94 97 64 75 2 -5.24520601e-06 -5.22515678
61 63 144 151 3 -0.000171776832 -5.67836142
68 69 32 36 1 -1.91718364 4.60721922
158 158 213 219 3 -0.00043996732 -3.51719379
0 0 0 0 2 -0.08674936 8.502141
95 99 128 163 3 -7.90349077e-05 -6.31848955
80 80 120 131 2 -0.000247227814 -5.49752665
54 57 111 115 0 -0.000108597582 -3.95380831
176 178 67 70 1 -0.000352345902 -4.73217487
0 0 0 0 1 -0.0661955029 8.32823467
139 143 110 115 3 -4.02924816e-05 -5.04548311
16 19 112 147 3 -0.00090644951 -5.37156725
0 0 0 0 3 -0.0375051908 4.63336849
109 113 69 92 2 -7.43858618e-05 -4.31403685
0 0 0 0 4 -0.972161949 9.90324306
78 82 53 68 1 -0.00152223569 -1.52580893
44 46 117 120 2 -9.63199273e-05 -3.85496497
115 116 151 158 2 -0.000145074562 -2.88278389
103 109 39 74 0 -3.63586223e-05 -6.55004549
72 76 35 40 2 -6.62797975e-05 -4.37620163
226 229 167 202 2 -6.19883431e-05 -6.68857431
111 115 36 43 4 -0.000469773833 -1.92262769
93 99 73 79 0 -6.34187891e-05 -1.32627869
65 71 84 90 2 -1.16824931e-05 -9.52385998
136 141 39 74 3 -0.000113245791 -6.57402515
47 47 102 137 3 -0.00141603965 -1.32854855
49 50 102 137 3 -0.000251402496 -5.01098442
55 56 92 99 2 -0.000121113022 -4.28954172
0 0 0 0 2 -0.0264428128 7.04071903
66 68 83 94 1 -0.000843903341 -4.39230394
113 114 41 45 2 -2.07423491e-05 -5.98272371
22 23 30 65 2 -0.000234120045 -5.40232944
72 74 82 84 2 -0.000934289186 -2.1181612
0 0 0 0 3 -0.617785811 9.69872093
39 42 57 92 2 -6.79486548e-05 -8.02923393
208 209 56 91 4 -0.000133273541 0.505237341
0 0 0 0 2 -0.00456893491 5.50064135
73 77 114 119 2 -1.50203468e-05 -8.31557846
0 0 0 0 3 -0.0137763722 6.53968859
94 94 51 59 3 -2.46762065e-05 -4.96974325
119 123 86 93 3 -0.0003778674 -4.23477411
91 96 75 83 1 -0.000111696529 -4.2939539
130 138 106 115 1 -4.39879659e-05 -6.49262762
44 48 62 67 1 -9.71542468e-05 -4.25944328
91 97 37 72 3 -1.10864494e-05 -7.99757481
0 0 0 0 2 -0.00279010413 7.22273493
62 66 85 120 3 -0.000269400101 -5.33948851
35 38 43 66 3 -0.000119920311 -6.26559687
45 45 120 135 3 -9.01209569e-05 -3.46827006
52 56 72 75 3 -2.03847303e-05 -6.08915615
88 91 156 171 2 -0.000113842761 -6.46197891
140 144 78 113 3 -0.00315595092 -3.49805999
0 0 0 0 2 -0.0151656941 7.83551407
127 132 150 181 3 -0.000146028586 -5.23640919
138 141 20 55 3 -9.202824e-05 -7.2125597
153 157 51 59 1 -0.000633183052 -2.74806714
0 0 0 0 2 -0.00240244949 6.32062531
95 99 63 69 3 -2.13384064e-05 -6.19975996
0 0 0 0 2 -0.0271838475 7.4074192
80 80 58 65 3 -1.54971785e-05 -4.28669548
89 95 31 38 0 -4.08885462e-05 -5.02172518
53 56 67 82 2 -5.07824734e-05 -5.37373161
35 43 47 55 0 -8.89286894e-05 -6.45664263
93 97 106 110 3 -0.000120756216 -4.85462809
182 188 159 167 1 -9.26242137e-05 -6.61944389
0 0 0 0 4 -0.000305162219 1.27938998
41 45 59 66 3 -3.07558839e-05 -5.61768198
45 48 73 80 1 -6.66374981e-05 -5.46418238
51 54 72 107 2 -0.000167603124 -6.25000525
133 141 66 71 1 -3.70738853e-05 -7.87135983
103 110 35 40 0 -1.0609614e-05 -5.08875036
62 62 75 80 2 -0.000173683497 -2.63247919
0 0 0 0 3 -0.00229871576 4.00570297
49 53 116 124 3 -0.000223986892 -4.51956558
75 76 86 93 2 -0.000355704658 -3.37927771
85 89 102 104 3 -4.91139072e-05 -6.59805059
190 195 216 227 2 -0.000534014252 -4.90777874
74 79 114 149 1 -5.81736604e-05 -6.21323442
58 63 132 140 0 -4.01733232e-05 -3.9998889
109 113 182 184 0 -0.000125048493 -4.59088516
43 44 115 146 1 -0.00338879554 -1.52500927
93 93 48 71 3 -2.18152309e-05 -5.26840639
0 0 0 0 2 -0.026803121 7.6989665
61 65 77 84 1 -3.73123039e-05 -6.62251472
0 0 0 0 2 -0.194615811 8.48940182
0 0 0 0 2 -0.00224405108 6.23823881
134 136 95 102 1 -5.48358075e-05 -5.15783596
169 171 186 221 2 -0.285969406 -2.88007593
138 141 209 244 2 -0.0322498046 -4.76602554
0 0 0 0 2 -0.44363147 9.22931862
78 85 111 146 1 -4.85179226e-05 -6.57390881
78 83 97 101 0 -1.01327778e-05 -4.2986989
0 0 0 0 2 -0.00247070752 5.8007803
41 47 58 69 2 -5.67430434e-05 -4.57764912
50 52 101 104 1 -4.38687566e-05 -5.57049417
52 57 63 68 1 -0.359883964 -0.569194257
57 59 75 98 1 -0.000221600785 -2.95911646
0 0 0 0 2 -0.0342948176 7.34037066
48 51 65 74 0 -0.0139917731 1.3063767
0 0 0 0 1 -0.596797824 9.36340237
127 130 78 113 3 -0.000109551765 -7.31441498
122 125 142 177 2 -9.72735797e-05 -4.77804232
26 32 103 109 1 -0.000450573687 -2.8252902
86 90 112 147 2 -3.94580711e-05 -10.065484
71 75 131 166 4 -0.00151407626 -3.09803963
0 0 0 0 2 -0.248545647 7.40303755
113 117 145 152 1 -7.22399709e-05 -5.44910288
38 43 126 132 1 -0.000223390947 -4.83561373
61 63 72 77 1 -2.3245695e-05 -6.33107042
102 106 51 55 3 -0.000106809624 -6.15980244
17 24 29 31 1 -0.00108622178 -9.775424
0 0 0 0 2 -0.0891218111 7.76427984
51 53 104 111 2 -1.51395552e-05 -5.49931812
89 91 109 117 2 -7.86780674e-06 -8.84664536
89 94 50 54 2 -3.43321262e-05 -4.74919844
78 85 96 127 0 -2.50338744e-05 -5.01861238
0 0 0 0 2 -0.221386492 7.97264814
162 168 126 131 2 -0.000143048499 -5.99008036
84 86 58 62 2 -1.49011285e-05 -8.42942142
82 86 97 132 4 -0.000119684461 -0.816137195
95 97 114 122 2 -0.00148414797 -2.89000654
34 37 53 88 2 -5.68624491e-05 -5.90009403
29 33 45 48 1 -2.65835606e-05 -6.21270514
87 87 19 25 3 -0.000109670757 -4.32557011
0 0 0 0 1 -0.536347508 8.48689556
116 120 36 71 1 -5.07828881e-05 -7.77417421
0 0 0 0 2 -0.00656513963 7.00501776
78 85 181 190 3 -7.25975988e-05 -6.94002962
133 141 151 157 0 -0.00012659801 -4.65899229
119 122 140 148 3 -0.000207294157 -4.98276949
0 0 0 0 4 -0.635293961 7.11980104
122 126 49 54 2 -4.45839687e-05 -4.49210644
51 54 117 126 2 -8.78561696e-05 -7.6048913
39 43 56 91 3 -5.75776176e-05 -5.54548264
63 69 88 95 0 -4.07693733e-05 -4.31191778
56 57 39 44 2 -0.000168558574 -3.44692469
33 39 47 82 2 -0.000198717069 -5.82935476
95 99 115 121 4 -3.76699572e-05 -3.13836455
117 124 64 99 2 -3.80274905e-05 -7.78609514
0 0 0 0 2 -0.00266273925 6.73333311
0 0 0 0 3 -0.00196648901 4.52988911
69 69 85 92 3 -2.94445854e-05 -5.81146383
115 117 55 90 1 -4.51800079e-05 -6.18282795
114 115 129 160 2 -4.13653979e-05 -6.42373562
56 60 129 136 4 -0.000166889673 -2.28668427
99 104 121 156 4 -8.8094821e-05 -1.11515355
35 41 137 145 2 -2.20536313e-05 -9.62442303
0 0 0 0 3 -0.556488097 10.2019606
118 122 87 94 3 -5.41205736e-05 -5.57570028
64 68 85 92 3 -5.61471388e-05 -6.39970255
43 46 85 120 4 -0.000129935797 -2.05344057
0 0 0 0 1 -0.000649156747 4.49111605
99 104 119 127 0 -0.000898165687 -1.6154747
111 112 124 139 2 -4.64912737e-05 -4.93632174
52 56 64 70 2 -1.76429403e-05 -5.80986834
41 43 154 161 1 -0.000110147637 -6.35907125
132 137 145 147 1 -4.5179986e-05 -5.81131315
99 99 131 137 3 -7.5220094e-05 -4.64065838
154 154 172 207 2 -0.000127788051 -9.49574471
148 151 101 124 2 -1.54971658e-05 -7.1033659
147 152 192 199 0 -0.000102160964 -3.81678748
133 135 79 88 1 -0.000261293841 -4.65328121
68 70 54 57 2 -7.98701421e-06 -8.49590778
0 0 0 0 2 -0.00133399281 7.14449883
52 55 92 98 1 -6.18691702e-05 -6.18077135
0 0 0 0 3 -0.611278415 10.3796701
108 110 121 129 2 -2.28880999e-05 -6.99299669
0 0 0 0 1 -0.0303576458 8.12497139
45 49 110 145 3 -0.00016021372 -5.95164013
43 44 104 119 3 -0.000491936575 -4.68268251
58 63 137 145 3 -3.08750132e-05 -6.69453955
166 170 75 90 3 -0.000717928051 -4.32944107
0 0 0 0 1 -0.366106808 9.46305752
87 87 97 132 2 -2.80140066e-05 -7.21225452
37 42 48 83 1 -0.0005563827 -6.16154051
0 0 0 0 2 -0.301306665 6.439466
89 94 47 70 2 -2.13384119e-05 -6.67814636
0 0 0 0 2 -0.490965307 9.95014858
171 171 68 76 4 -0.00256770989 -2.54240513
66 72 89 104 1 -3.1709551e-05 -7.60697412
128 131 165 168 2 -1.53779602e-05 -6.65606737
0 0 0 0 3 -0.000537941989 3.28359818
111 113 94 103 2 -3.69546833e-05 -5.36293077
105 111 37 72 1 -5.78160252e-05 -4.87697697
168 171 116 118 4 -0.00018465046 -2.43067551
95 96 109 111 2 -2.52722475e-05 -6.26846504
142 150 58 67 2 -3.71930364e-05 -7.75977135
19 21 48 50 2 -8.35647515e-05 -4.80593824
0 0 0 0 2 -0.452168018 9.70775604
99 102 57 92 1 -4.72065913e-05 -4.60952187
0 0 0 0 4 -0.159991875 7.82228756
0 0 0 0 2 -0.00544057554 6.1600337
113 116 38 53 2 -4.73257824e-05 -5.73605776
120 124 20 27 4 -6.98560616e-05 -2.48677802
157 162 69 104 0 -0.00020384221 -3.37763405
58 66 81 83 0 -1.27553758e-05 -3.90515375
81 85 166 172 3 -0.000109432185 -5.68223143
42 49 147 178 0 -0.000455227448 -3.30676651
44 50 104 111 1 -7.99884874e-05 -5.46915293
81 85 57 62 2 -3.81467289e-05 -4.8083806
0 0 0 0 3 -0.509002149 9.78777218
61 67 99 134 1 -3.91004651e-05 -6.85433054
77 81 40 55 4 -0.000128028856 -2.2473042
181 187 107 110 0 -0.000613166892 -3.9024725
0 0 0 0 3 -0.0292950701 9.14976406
93 96 55 78 3 -0.000104186794 -7.27251816
0 0 0 0 1 -0.45665884 9.68852329
48 48 64 75 3 -0.000115988834 -4.29950953
0 0 0 0 2 -0.569654346 8.29088306
141 144 117 122 1 -2.44378407e-05 -5.24001026
108 112 132 135 3 -0.000142332647 -2.951334
134 139 54 61 3 -0.00045976197 -3.83189535
44 45 80 83 2 -9.81078992e-05 -3.79515791
63 68 45 52 1 -9.00018786e-05 -6.21607208
129 132 144 179 3 -0.000495992543 -6.18104076
0 0 0 0 2 -0.0154206399 7.71566963
136 141 49 84 2 -0.000151748973 -6.99634027
111 111 70 85 2 -2.18152163e-05 -5.54248238
91 95 103 107 1 -4.58952854e-05 -6.1264596
0 0 0 0 4 -0.773380518 9.65329075
119 119 49 84 2 -0.000256766565 -5.24581099
124 130 139 146 1 -0.000330550945 -4.85965347
46 46 60 67 2 -7.92730862e-05 -4.34346581
0 0 0 0 2 -0.0146876099 8.33674717
106 108 126 161 2 -1.51395552e-05 -8.84879875
109 109 29 34 2 -2.14576139e-05 -8.86774826
0 0 0 0 2 -0.0314693041 8.75805473
82 85 44 50 2 -2.41994148e-05 -6.39372683
49 49 61 96 2 -0.00104979239 -2.95611358
110 111 97 102 2 -1.99078841e-05 -5.13290596
111 114 61 96 4 -0.000173207431 -1.75921619
62 69 111 118 0 -0.000112292983 -4.29225492
116 116 101 105 2 -0.000137683688 -3.5982697
94 94 109 120 3 -4.10076682e-05 -4.70372105
74 76 116 123 1 -5.96042628e-05 -5.79787302
50 51 71 77 2 -3.0994288e-05 -5.18013716
108 113 87 93 1 -7.82005227e-05 -7.1772213
92 95 130 133 4 -0.000114320195 -3.00675964
0 0 0 0 2 -0.546795964 9.74436378
0 0 0 0 2 -0.476090342 9.56678486
109 115 84 91 1 -0.000107883025 -5.44995356
0 0 0 0 2 -0.00820838008 3.74841619
68 72 29 35 3 -0.000270830409 -4.8772788
67 72 84 89 2 -0.000412792608 -3.37458181
124 127 146 181 0 -0.000187510872 -3.6027174
113 116 132 167 2 -3.00406373e-05 -5.80977058
98 98 114 118 2 -0.000822903297 -3.72505403
49 51 128 135 2 -4.37494891e-05 -4.02425337
137 137 58 66 3 -1.13248634e-05 -5.2737937
185 185 126 161 3 -0.000822643458 -4.67021894
0 0 0 0 2 -0.407890916 9.03510952
30 37 98 133 2 -0.000169272331 -5.47989368
218 218 126 161 3 -0.000107525135 -8.16185474
143 143 122 125 3 -0.000618639984 -3.784585
0 0 0 0 2 -0.00629136898 6.47770643
41 44 56 91 2 -5.50740369e-05 -9.2003479
42 45 56 58 3 -0.00976948626 -8.07970238
59 61 127 142 2 -0.000133271184 -8.34452248
47 51 65 69 2 -1.20401164e-05 -5.60524178
158 160 128 136 1 -6.86639614e-05 -3.92428851
107 107 57 92 4 -0.000507321907 -5.62865353
0 0 0 0 3 -0.0588103011 9.02874565
62 67 96 104 4 -0.000218861882 -2.27902651
112 112 66 101 3 -6.96176285e-05 -3.57792282
57 57 126 130 3 -4.83984404e-05 -4.4028964
12 17 22 29 0 -0.000325064786 -5.07726288
47 55 60 67 1 -0.00107854721 -6.22804356
49 53 97 103 2 -3.07558767e-05 -4.08021593
41 45 62 73 1 -3.49281836e-05 -5.41466284
153 161 92 115 0 -6.50877628e-05 -4.86350012
0 0 0 0 1 -0.577978432 10.6545486
73 76 41 46 0 -9.70349647e-05 -3.58773112
26 33 71 106 1 -4.19614771e-05 -4.89742899
111 114 128 134 3 -3.91004578e-05 -5.4044981
86 89 49 56 3 -7.97500252e-05 -7.23734665
89 94 44 79 4 -6.58028512e-05 -1.29026794
85 91 117 152 1 -0.000230541933 -5.54348278
137 137 42 77 3 -6.80677767e-05 -5.63243294
100 102 116 123 1 -5.09020501e-05 -4.39418697
72 73 56 65 3 -4.80408198e-05 -5.85158777
0 0 0 0 1 -0.0324308984 8.04938889
60 63 72 79 0 -3.91003923e-05 -4.55782318
118 122 75 98 2 -1.15632847e-05 -8.59004498
99 100 145 151 1 -6.16307661e-05 -5.1549592
66 66 93 116 3 -4.81600837e-05 -4.24338245
57 57 71 76 4 -0.000401595345 -2.79783797
165 168 89 124 2 -2.92060322e-05 -7.78360891
34 34 109 118 3 -3.74314477e-05 -5.35676861
0 0 0 0 1 -0.279628456 8.15553284
166 168 49 80 2 -0.000740184449 -4.62237501
47 52 108 119 0 -0.000144955353 -3.21155906
141 144 94 129 3 -0.000416718336 -7.69503069
83 85 99 130 2 -0.00288631814 -4.6253953
56 59 68 70 0 -7.49815154e-05 -3.2891798
0 0 0 0 2 -0.00711623952 6.38666105
0 0 0 0 2 -0.00644183578 4.76872444
60 65 104 107 1 -0.0073639038 -3.3556602
0 0 0 0 3 -0.0203322265 7.89268827
114 117 58 93 4 -0.000311837648 -2.20730114
30 37 112 118 0 -9.01208332e-05 -2.29203868
0 0 0 0 3 -0.0202287547 7.56218958
0 0 0 0 2 -0.440283716 6.88342714
133 136 158 165 1 -0.000555816048 -4.90391207
34 35 43 54 3 -2.06231525e-05 -7.61656189
86 86 100 103 3 -1.57355971e-05 -3.90827632
0 0 0 0 4 -0.0859667435 8.2259531
56 63 134 169 0 -2.9683004e-05 -6.11858797
0 0 0 0 2 -0.468079209 7.37398052
0 0 0 0 2 -0.0507385284 8.63577461
33 38 98 107 1 -6.66370324e-05 -6.76489782
65 71 37 52 2 -2.70604032e-05 -5.60789728
64 68 129 136 4 -4.44648394e-05 -2.77187109
84 90 64 72 4 -8.16576794e-05 -3.2979157
112 117 125 131 2 -2.14576175e-05 -4.31644201
85 89 63 66 3 -3.17095546e-05 -4.65550756
85 91 41 64 1 -3.63586842e-05 -7.2512536
0 0 0 0 2 -0.038187433 8.17581463
144 151 67 102 1 -0.000111697511 -4.27149916
0 0 0 0 3 -0.144601867 8.79659939
136 142 63 98 2 -2.00270988e-05 -6.6256814
37 38 52 58 2 -9.31012037e-05 -3.58828664
104 110 81 87 2 -5.0782739e-05 -6.01986074
167 168 176 183 2 -3.81467471e-05 -5.5266695
125 126 90 105 2 -0.000112293455 -5.15402937
82 86 92 94 3 -1.38282576e-05 -5.01053619
57 59 81 85 1 -2.44378371e-05 -4.67312765
89 93 120 126 0 -0.000136610674 -3.57152295
151 160 94 125 0 -0.000905867899 -2.57387829
140 144 55 62 3 -4.58953509e-05 -5.14361
43 51 102 137 2 -2.94445526e-05 -5.63130522
113 117 130 133 2 -4.24383106e-05 -7.29471684
0 0 0 0 0 -0.0528913215 9.94393921
55 59 76 80 2 -2.22920698e-05 -6.47301054
0 0 0 0 3 -0.227826804 9.5638752
60 64 16 23 0 -0.000144597638 -3.05422759
135 136 90 98 3 -2.58682921e-05 -4.66179323
154 156 50 85 2 -0.000100372497 -8.54867554
189 193 138 147 3 -0.000306832459 -4.39379835
81 81 20 24 2 -4.88754158e-05 -5.42227936
0 0 0 0 2 -0.0575378574 9.24244499
115 115 69 80 3 -8.15383682e-05 -4.8894558
37 41 114 117 4 -0.000109789915 -2.98433781
193 196 119 126 2 -6.17499245e-05 -4.07071209
131 134 90 121 2 -0.000820649904 -3.53488898
61 64 75 110 2 -6.7352652e-05 -5.20046616
70 73 144 148 2 -0.000227560071 -3.18691802
83 86 129 138 2 -0.000279769534 -3.04305935
151 152 52 87 3 -0.000408241554 -6.15480995
0 0 0 0 2 -0.0534818098 8.52116203
0 0 0 0 4 -0.0197842456 6.89451742
160 166 189 224 1 -0.0016611435 -4.93292713
35 35 45 80 3 -0.00028835627 -3.56915832
54 61 97 105 2 -2.25304939e-05 -6.74108171
117 119 68 103 2 -6.19887714e-06 -8.42850971
193 196 214 229 2 -0.00134315598 -3.08039951
104 104 126 130 4 -0.000102638005 -2.70448232
0 0 0 0 2 -0.230104476 8.69507122
119 123 136 140 3 -0.000544257287 -4.58011198
154 159 223 227 0 -0.000316718913 -5.21399164
48 52 70 75 4 -8.5829648e-05 -1.70679748
17 24 28 30 0 -8.32073565e-05 -6.10456181
87 94 105 112 3 -6.0319293e-05 -5.51037979
19 27 67 74 1 -0.000254384824 -4.75970364
131 135 208 216 4 -0.0921227112 -1.86078262
0 0 0 0 1 -0.0283622835 6.49017143
167 169 129 160 2 -0.000838371867 -2.8701663
144 147 99 134 2 -2.64643841e-05 -7.13001823
0 0 0 0 2 -0.222344071 8.72385883
0 0 0 0 2 -0.579586983 9.53569221
0 0 0 0 3 -0.00839476474 6.57000113
45 50 122 128 4 -3.25439978e-05 -2.12417579
0 0 0 0 1 -0.00811307225 5.81344271
47 52 67 76 3 -2.98022132e-05 -5.79709005
39 43 46 69 3 -0.000995044131 -3.64345098
105 106 64 87 2 -6.75910269e-05 -5.85026741
36 40 92 98 2 -9.29831276e-06 -6.26913691
61 61 72 79 3 -1.34706224e-05 -7.17000437
63 69 83 118 0 -2.39609926e-05 -5.10518217
0 0 0 0 4 -0.000311948272 3.41897655
0 0 0 0 2 -0.315924257 8.69798279
55 63 76 85 0 -0.000179286231 -4.36849785
0 0 0 0 2 -0.0108983712 6.88999224
80 81 142 157 2 -0.000692059635 -5.69722509
47 54 102 108 0 -9.5364805e-05 -3.67560339
58 60 88 96 2 -0.000213019812 -3.26069307
138 144 123 126 3 -0.000262131362 -4.37069035
0 0 0 0 2 -0.366210699 8.60922241
0 0 0 0 0 -0.0522251539 6.19067812
0 0 0 0 4 -0.486782312 7.91530275
124 125 140 146 2 -0.00072649098 -2.65265822
27 31 37 52 3 -0.000331032468 -9.45365047
0 0 0 0 1 -0.0244903229 7.43338728
177 180 122 145 2 -0.00418517226 -2.65619993
30 33 43 46 2 -4.44647776e-05 -4.72981405
0 0 0 0 2 -0.0570146926 9.26918602
207 207 35 70 3 -0.000505756587 -5.96372461
99 102 41 76 2 -0.00497569935 -2.72076797
90 91 99 130 2 -0.000279533997 -6.36550808
0 0 0 0 2 -0.0392153561 7.00611782
38 42 68 75 1 -8.08223631e-05 -3.10788751
0 0 0 0 3 -0.0217021927 8.13000011
103 103 58 81 2 -0.000184650227 -6.08638573
113 118 44 67 3 -5.53127356e-05 -5.48817873
164 169 93 104 2 -4.31534972e-05 -4.75440741
136 143 82 117 3 -0.000264511327 -6.12068796
109 110 117 123 3 -4.02924925e-05 -4.10401535
112 118 86 93 2 -3.76699463e-05 -5.10068369
78 78 62 66 3 -2.96830131e-05 -6.82445765
48 51 98 109 2 -6.40147555e-05 -4.18495083
87 87 93 128 3 -3.67163193e-05 -4.71012259
66 72 92 99 1 -0.000262948684 -6.33352089
0 0 0 0 3 -0.000533178623 2.2284708
32 36 42 57 1 -6.07961811e-05 -5.8539443
97 99 112 143 2 -0.00151911017 -4.2272439
119 119 84 90 2 -0.000132557994 -4.46339798
138 142 118 124 2 -4.88754486e-05 -6.06944895
49 56 64 71 2 -4.52992681e-05 -3.49374318
38 41 56 91 2 -2.92061377e-05 -5.78206968
0 0 0 0 3 -0.217539653 7.72503853
80 84 100 107 4 -0.000151154789 -1.9602114
156 159 68 99 1 -0.000232808699 -2.56060004
88 94 64 79 3 -2.47954595e-05 -4.9127841
0 0 0 0 0 -0.021310566 12.1288671
121 124 54 63 2 -3.19479186e-05 -4.91794634
47 50 56 63 2 -2.13384155e-05 -7.12686539
110 110 118 149 2 -0.000125404957 -5.17123842
12 16 20 26 2 -0.122371368 -6.59499311
108 108 119 124 3 -9.78698081e-05 -3.76574254
90 92 134 169 3 -0.000112532049 -6.53298903
114 122 137 144 0 -0.00419092737 -1.36330724
54 57 79 86 2 -6.99748489e-05 -4.20796871
79 82 190 205 3 -6.73526738e-05 -6.88410711
0 0 0 0 4 -0.0853395686 7.98557425
71 76 149 154 3 -0.000110862995 -5.75852823
185 189 70 78 1 -0.000184770237 -5.97584295
0 0 0 0 2 -0.181871921 7.85127115
61 65 79 114 2 -0.0002256562 -4.38898611
0 0 0 0 2 -0.432157815 10.7522497
98 103 53 58 0 -6.77101198e-05 -2.87980652
146 146 38 73 4 -0.000360471226 -2.81116152
22 26 33 68 0 -8.45176692e-05 -5.21876287
67 73 99 114 1 -7.12864567e-05 -4.45696115
0 0 0 0 1 -0.635671675 9.17039394
136 139 55 66 2 -5.45974908e-05 -3.97030282
0 0 0 0 2 -0.00264556613 6.24360943
0 0 0 0 2 -0.625516295 9.53382206
192 193 88 94 3 -0.000849344535 -3.82160139
111 115 129 164 3 -6.067711e-05 -6.2322216
0 0 0 0 3 -0.00380320102 6.12358952
48 52 104 109 3 -0.000416965835 -4.08772564
0 0 0 0 3 -0.00259806868 6.7213254
87 93 134 169 0 -6.61605081e-05 -5.63043499
107 109 48 83 2 -8.58305975e-06 -9.39982986
101 103 112 143 2 -0.000379184901 -5.87683678
0 0 0 0 2 -0.161734283 11.0542479
83 87 96 131 2 -7.89157421e-05 -4.805583
218 220 49 84 2 -0.490300119 -4.81615877
113 117 127 134 1 -4.16038129e-05 -4.96357107
40 45 54 89 2 -0.000495208835 -7.10765171
52 53 118 120 3 -0.000465480436 -4.95451069
33 37 48 79 3 -0.000109432563 -5.40429401
0 0 0 0 2 -0.34365651 6.36638355
90 92 110 117 2 -1.1682494e-05 -7.64205122
85 86 97 104 3 -1.74044962e-05 -5.98889112
65 73 92 100 0 -5.57893873e-05 -3.70691586
0 0 0 0 3 -0.699871719 10.2178574
42 47 51 54 2 -0.000818644301 -10.6511927
106 108 121 126 1 -9.00016821e-05 -3.99995971
103 108 56 91 3 -0.00159694999 -5.10466242
0 0 0 0 2 -0.0127181215 8.65778351
149 152 94 129 3 -0.000101325903 -4.59638977
0 0 0 0 1 -0.018232787 7.68087149
64 66 152 157 2 -0.000318631646 -4.10310698
47 52 65 72 1 -3.56433848e-05 -5.09588575
182 188 207 242 2 -0.0015234201 -4.85512066
47 48 146 181 2 -5.44782451e-05 -5.64513874
61 63 104 139 1 -0.000102161124 -5.7000165
43 43 48 54 4 -0.0445559286 -2.92135978
0 0 0 0 1 -0.392343402 7.41848898
24 31 72 77 1 -0.000245920673 -3.70237613
194 197 84 119 2 -2.76564733e-05 -5.82289696
26 30 144 179 2 -0.00068037468 -3.53247738
110 115 127 130 1 -6.75910487e-05 -5.79253197
120 123 140 142 1 -9.19092927e-05 -5.40441036
0 0 0 0 1 -0.355596036 8.86419582
181 181 115 120 3 -4.24382597e-05 -4.5803504
45 51 89 91 0 -8.511333e-05 -4.11379337
66 69 21 56 4 -0.00223478931 -1.36393738
0 0 0 0 2 -0.284830272 10.2402983
65 67 75 110 2 -8.92865646e-05 -4.05450344
67 67 102 107 2 -0.000493253698 -2.76788259
175 178 158 160 3 -7.24785787e-05 -4.7956562
53 62 81 96 1 -0.000159498028 -4.02869892
0 0 0 0 2 -0.914655447 9.80993557
65 73 133 139 0 -2.03847321e-05 -5.53577042
47 48 114 145 2 -9.61999758e-05 -7.01313734
83 87 97 104 3 -2.53914604e-05 -6.95709562
84 86 50 59 2 -0.00012635914 -6.56751347
79 84 101 136 3 -0.00039265462 -5.63965702
75 81 54 59 0 -3.63585714e-05 -3.19425535
117 118 75 79 2 -1.26361656e-05 -7.53196049
70 75 89 104 3 -4.50608277e-05 -5.87640905
0 0 0 0 4 -0.0415380262 8.37290001
145 148 46 81 4 -0.000266541378 -0.397109121
161 165 99 104 0 -0.000123975624 -2.76178551
0 0 0 0 2 -0.00524586299 6.38528013
44 48 87 92 3 -0.000120280209 -4.46758032
73 76 39 44 0 -2.34841664e-05 -3.66735768
67 67 89 93 3 -4.02925434e-05 -4.39033365
37 37 113 124 2 -0.000424119615 -4.00689173
92 94 128 163 2 -0.000861452427 -6.90368128
76 77 38 45 2 -1.53779547e-05 -7.22908163
46 47 78 113 4 -0.000330183044 -1.76611626
41 44 59 66 2 -1.53779711e-05 -6.87558651
138 142 161 166 2 -0.000205153134 -3.55247259
52 54 67 69 2 -7.85581724e-05 -4.18901491
0 0 0 0 2 -0.00263535231 6.22460842
100 103 37 72 3 -6.67566637e-05 -5.17533922
77 81 146 153 1 -2.69412121e-05 -6.17895889
102 104 112 135 2 -3.3140037e-05 -6.30593157
151 152 136 142 2 -0.00142634776 -1.78207946
0 0 0 0 2 -0.00595408864 6.73426437
121 122 77 80 4 -0.0014139351 -1.80263829
83 83 50 58 3 -2.09807804e-05 -6.75975037
0 0 0 0 2 -0.0449077673 8.03617573
0 0 0 0 0 -0.15418452 10.9587898
0 0 0 0 2 -0.00167168467 7.02842331
0 0 0 0 3 -0.0115757361 6.83599997
94 95 67 82 3 -6.79486839e-05 -5.51301622
61 62 74 81 3 -0.000109790351 -5.95800543
0 0 0 0 3 -0.648711383 9.14192486
0 0 0 0 2 -0.953655005 10.028821
131 132 31 66 4 -0.000221483191 -3.02866626
60 64 124 125 2 -0.000120995297 -2.7951982
16 19 24 32 4 -0.0277793631 -3.32821417
43 48 78 87 3 -6.65180924e-05 -4.25551176
135 140 112 119 3 -2.95638019e-05 -5.6000576
108 110 50 54 2 -9.28625523e-05 -3.96321416
67 71 98 103 3 -0.000102875485 -5.53695869
96 96 112 135 3 -1.1682494e-05 -4.40012836
170 175 118 153 0 -0.000162478449 -4.00524378
30 32 49 54 2 -1.90734299e-05 -8.15875912
22 27 77 112 2 -7.34321002e-05 -4.35696936
0 0 0 0 1 -0.00851822086 6.87567472
56 59 118 126 2 -3.23054774e-05 -5.80080414
0 0 0 0 3 -0.0600699633 10.0814562
84 88 49 56 1 -0.000125048784 -1.09975863
115 123 189 204 0 -5.23324343e-05 -4.21808815
145 146 91 126 2 -0.000620956125 -4.99681139
51 56 34 38 3 -1.78813552e-05 -5.43217039
145 149 20 24 3 -0.000585632632 -4.47416878
74 78 116 151 4 -0.000120636905 -3.2508297
101 105 120 155 1 -7.5816235e-05 -6.0324254
104 104 118 124 3 -1.2040121e-05 -5.33980417
98 99 53 76 3 -5.94847697e-05 -5.23060942
105 109 120 135 2 -1.46627062e-05 -5.79936838
71 73 80 103 3 -0.000175233508 -4.78187037
43 45 89 92 1 -8.24911549e-05 -5.10146332
74 75 142 148 2 -3.71928982e-05 -5.39285183
61 61 109 112 3 -3.37360943e-05 -5.0213542
124 124 45 53 3 -1.16824922e-05 -7.64420366
0 0 0 0 3 -0.72080338 10.3122845
165 167 36 67 2 -0.000136610644 -7.31820536
121 127 86 109 2 -1.84773926e-05 -7.58296251
42 48 81 84 1 -0.000155803107 -4.76340818
53 60 120 128 3 -3.29015602e-05 -5.48122692
131 131 78 113 3 -0.000398850796 -3.74256587
93 97 54 58 4 -3.56433848e-05 -3.45939422
64 69 87 94 3 -0.000334845216 -3.00913644
102 102 113 120 3 -7.74859654e-06 -5.09721136
140 147 77 100 1 -0.000106929219 -5.1541338
198 205 66 101 2 -0.00141520589 -4.50335407
79 81 132 140 2 -2.6106758e-05 -8.19394779
148 152 101 112 3 -0.00122976303 -2.68991804
100 105 118 153 3 -0.000267496158 -6.21251106
125 132 81 112 1 -0.000354510878 -5.74092245
71 75 108 143 1 -5.65048686e-05 -6.0049715
75 81 111 119 2 -6.85443592e-05 -5.26728725
91 91 116 151 3 -0.000161047428 -6.0853405
76 79 123 129 0 -1.07288206e-05 -7.31849003
110 110 125 130 3 -1.37090401e-05 -5.58733416
127 128 137 144 4 -8.57101913e-05 -3.64591241
63 71 165 170 2 -2.26496686e-05 -8.40785027
107 108 122 129 3 -4.72064821e-05 -5.20875549
174 174 99 104 2 -0.000156160982 -4.97332382
0 0 0 0 2 -0.00342314201 6.36817074
65 66 204 239 3 -0.00145419606 -5.90196276
35 35 65 100 3 -0.000301824708 -6.25643396
91 99 123 158 2 -4.60144947e-05 -7.18732738
0 0 0 0 1 -0.00470346631 5.74233294
63 69 88 123 1 -8.54714599e-05 -6.75481176
98 101 51 86 0 -3.42129097e-05 -7.93442583
0 0 0 0 3 -0.00305858464 2.96338344
0 0 0 0 3 -1.0888294 8.12268543
73 78 29 64 3 -0.00153999322 -4.26361704
99 103 54 89 1 -7.04521444e-05 -4.60113096
113 117 22 45 1 -0.000115509669 -5.4471488
80 81 91 102 3 -0.000195496803 -5.45554018
63 63 80 91 2 -0.000139710508 -4.77182388
0 0 0 0 2 -0.00719700567 7.56061888
89 89 111 142 3 -0.000468582264 -3.711303
98 102 110 114 1 -4.07693842e-05 -5.78381252
0 0 0 0 4 -0.796429932 10.0031652
111 112 70 77 1 -3.3974502e-05 -6.51439619
0 0 0 0 3 -0.0357206762 7.83958817
18 24 28 63 2 -9.20282982e-05 -8.92719746
97 100 112 123 3 -5.03060255e-05 -4.98702526
173 175 117 152 2 -0.000234113919 -6.48144293
41 41 60 67 3 -5.76967614e-05 -5.83388805
145 147 118 133 1 -7.71275591e-05 -4.99958706
84 91 62 69 0 -7.92730498e-05 -4.49283028
103 109 59 62 0 -0.00150283892 -3.84078479
149 156 172 178 0 -0.000800654292 -3.76129794
118 118 34 69 2 -0.000205509074 -4.09895849
17 17 38 40 3 -0.000221007504 -4.16927719
88 93 38 73 3 -9.357823e-05 -6.17755651
107 108 38 41 2 -5.1140476e-05 -4.76520634
51 53 69 77 1 -0.0037164588 -2.64336324
149 155 100 110 1 -0.000173802429 -3.6468854
46 51 66 101 0 -5.91266507e-05 -6.28346586
72 75 38 49 2 -8.72602322e-05 -3.45370817
128 129 109 113 3 -4.00540703e-05 -4.72201347
56 60 103 111 1 -0.000132796806 -5.26575375
32 35 79 114 1 -0.000216950939 -4.06769276
65 70 88 111 2 -3.49281618e-05 -4.78996801
61 69 28 35 1 -7.74852379e-05 -6.05009127
116 118 46 50 2 -4.19613825e-05 -4.62507534
146 148 76 84 2 -6.03194676e-05 -7.17168951
81 81 59 66 2 -6.22267762e-05 -4.83834791
12 13 18 21 4 -0.00060896884 -2.40922594
12 16 20 43 0 -0.00299184746 -5.42425442
119 123 132 163 4 -0.00209799036 1.03570747
99 102 68 75 3 -4.70873783e-05 -5.47744465
56 56 69 104 3 -4.86369609e-05 -7.22893333
93 93 58 81 4 -7.46243022e-05 -1.1072042
36 38 46 77 2 -2.62259382e-05 -5.23225069
28 32 64 71 4 -0.00123026804 -2.32105422
163 163 119 122 3 -4.98289664e-05 -5.74379921
60 60 72 79 2 -0.000205987628 -3.14395857
160 168 94 109 2 -2.18152309e-05 -6.26669979
91 98 114 123 1 -2.32457496e-05 -6.04684925
111 112 46 50 4 -5.53127829e-05 -2.73842263
53 56 76 99 3 -5.04249401e-05 -5.55602932
56 61 71 78 3 -3.88619956e-05 -5.38461542
44 45 54 56 2 -0.000126716506 -2.79848599
46 48 52 75 1 -0.000449013925 -4.20847034
50 55 36 40 1 -9.34590935e-05 -6.10280514
39 40 44 49 2 -0.0012637109 -8.66106319
35 38 72 107 2 -0.000134820773 -5.15253496
61 69 98 133 0 -3.7669859e-05 -4.96057558
96 96 40 42 2 -0.000137683586 -4.2331953
62 66 74 109 3 -0.000402422098 -5.06176758
105 110 52 57 0 -6.16303514e-05 -4.3133173
56 56 88 90 3 -5.99615378e-05 -3.92166543
37 37 55 58 3 -6.97368232e-05 -7.56525755
57 58 75 110 3 -0.000190490056 -4.58896637
54 55 67 71 2 -2.56299027e-05 -5.34847736
140 141 37 72 2 -3.63586805e-05 -6.7765727
72 78 96 111 2 -2.20536604e-05 -4.53998184
86 86 29 64 3 -2.0980784e-05 -5.36949778
60 66 77 83 0 -2.63451457e-05 -4.72883415
50 50 61 66 3 -9.41752205e-06 -5.28114319
66 66 45 51 3 -5.09020247e-05 -5.65651131
41 41 132 155 3 -0.000103233324 -5.98362303
117 117 34 57 3 -0.000129101652 -5.66074896
4 4 7 42 3 -0.00176110945 -5.38817596
59 59 75 106 3 -0.000724005979 -4.42196035
86 89 69 71 2 -5.56703526e-05 -4.32097626
41 41 109 140 3 -2.69412139e-05 -5.35661554
29 31 35 58 2 -0.00291818008 -5.85629845
108 109 92 103 3 -9.75119983e-05 -5.06137657
143 146 34 65 2 -0.000573819329 -3.89702678
114 114 88 94 2 -3.24247922e-05 -6.17292213
35 35 68 103 2 -8.33260056e-05 -6.97635746
173 176 49 80 2 -0.000394680537 -5.14731979
41 45 53 58 2 -4.07693296e-05 -4.42911959
89 93 105 140 1 -8.63065434e-05 -6.12670469
57 57 77 112 3 -3.67161701e-05 -7.30219269
130 130 66 101 3 -7.72467974e-05 -7.06044722
77 83 101 132 1 -0.000135298207 -6.48472166
130 131 152 155 2 -0.000514102983 -2.45015931
69 69 112 147 3 -2.41994167e-05 -6.07605934
148 149 49 80 3 -0.000193114276 -5.76144934
50 52 90 101 1 -0.000107286396 -3.86506271
91 92 49 84 2 -7.49815881e-05 -7.71987104
127 127 76 83 2 -5.06636097e-05 -5.49141455
17 20 41 44 2 -3.76698736e-05 -6.7232604
15 17 49 56 1 -0.000100492158 -6.3366766
85 87 20 25 2 -5.63855647e-05 -5.4723711
89 89 71 73 2 -1.00135694e-05 -6.00830936
51 55 66 77 2 -1.68084698e-05 -6.16330767
0 0 0 0 3 -0.0158850644 7.10214186
0 0 0 0 3 -0.0221241042 7.18928289
0 0 0 0 2 -0.242322981 8.88863945
0 0 0 0 3 -0.0188788343 7.53986645
0 0 0 0 3 -0.507047355 6.16053438
0 0 0 0 3 -0.00431046635 8.65786457
0 0 0 0 2 -0.00907345768 9.99298
0 0 0 0 2 -0.035019014 8.33905792
0 0 0 0 3 -0.00586902583 7.1322093
0 0 0 0 2 -0.453212768 10.1812716
0 0 0 0 2 -0.244464263 8.3006258
0 0 0 0 3 -0.697185636 10.5404701
0 0 0 0 2 -0.00798876677 8.35535145
0 0 0 0 0 -0.0708731934 10.5778675
0 0 0 0 3 -0.247467592 8.3827343
0 0 0 0 3 -0.0531099625 8.56622696
0 0 0 0 2 -0.0247643329 9.17343235
0 0 0 0 2 -0.0244967528 7.1953826
103 106 119 126 2 -5.88888724e-05 -5.17187977
53 59 126 128 1 -5.16172586e-05 -5.56135511
69 79 50 57 0 -2.38417761e-05 -5.04845095
22 23 27 62 2 -0.000853295671 -7.27724171
50 51 66 101 1 -2.49146397e-05 -6.78997564
133 136 70 105 3 -3.55241937e-05 -6.1623044
103 108 92 98 1 -4.80409872e-05 -4.53131056
143 146 93 128 1 -4.20806427e-05 -6.97612381
0 0 0 0 2 -0.220144629 9.91264725
125 126 98 106 3 -0.000141140685 -4.28778076
124 131 142 147 0 -0.000338774582 -1.62746263
113 114 125 131 2 -3.48089416e-05 -5.75895309
128 131 77 112 2 -6.37762278e-05 -5.42402029
35 42 52 58 0 -9.89435921e-06 -5.06990528
156 160 126 141 0 -0.00017416013 -3.20923233
55 59 73 104 3 -9.14321281e-05 -4.38449717
132 133 104 127 3 -0.000124809158 -6.90454483
141 145 51 82 1 -3.93388837e-05 -5.11196184
52 52 88 99 3 -0.000157591043 -3.55675292
94 102 214 220 0 -0.000823830545 -3.71456385
60 66 74 76 1 -2.87293133e-05 -6.88355017
73 77 92 123 3 -8.88096984e-05 -5.64884138
46 50 60 67 4 -0.000108717184 -2.40490246
52 57 79 114 1 -0.000299543404 -6.38774681
55 57 116 151 1 -0.000130889675 -7.31271362
71 74 113 148 4 -9.78697135e-05 -0.122805186
96 101 37 68 4 -0.000147340164 -1.35030019
37 37 49 60 4 -0.00016033226 -3.20625329
20 24 120 123 4 -0.000103949147 -1.65682781
0 0 0 0 3 -0.713655531 10.2176313
0 0 0 0 1 -0.0103835883 3.93762541
21 23 38 73 1 -0.000109312568 -6.09486532
53 57 111 146 0 -4.83985896e-05 -6.25465536
0 0 0 0 1 -0.210737169 10.0412073
0 0 0 0 3 -0.0436045974 9.21027279
91 95 121 128 2 -1.99079022e-05 -5.48433971
52 56 121 124 1 -7.11670073e-05 -5.27119541
0 0 0 0 1 -0.515191674 9.24405384
72 77 89 94 0 -2.56298808e-05 -4.36597204
118 124 139 141 0 -6.23457017e-05 -3.96468425
0 0 0 0 2 -0.667518258 1.31029129
134 135 74 82 2 -0.000246396638 -4.64789248
87 91 107 109 2 -2.90869557e-05 -5.78449249
34 40 48 50 0 -7.12864348e-05 -4.14776278
138 142 88 123 3 -0.000267730502 -5.02352095
0 0 0 0 3 -0.00599019136 5.68729973
127 130 77 85 2 -0.000595227873 -5.25741339
115 123 59 67 1 -3.93388909e-05 -6.22352266
0 0 0 0 1 -0.108555205 8.90469933
10 12 22 25 2 -0.00103014417 -2.54383826
9 13 123 126 2 -0.000412905531 -3.07574821
25 30 91 95 1 -9.02401953e-05 -5.18959761
66 72 55 57 1 -0.000155801215 -3.31667733
98 100 53 56 2 -0.000154611203 -4.168962
58 62 118 121 2 -2.05039469e-05 -6.23521185
0 0 0 0 3 -0.0604090579 7.91704226
48 54 64 72 3 -0.000237218745 -6.67731524
113 118 56 91 3 -0.000142452482 -4.2280426
119 123 51 86 1 -0.000233285798 -6.15136147
126 128 146 181 2 -0.00039383932 -6.2073245
44 47 92 99 2 -0.000175112684 -3.85467935
61 69 79 85 0 -5.2928488e-05 -2.48749113
114 115 36 38 3 -0.000270474993 -4.38580036
151 154 51 86 3 -0.000114796123 -5.81918287
144 148 44 79 3 -0.000382396334 -5.1851759
90 91 74 79 2 -7.10480235e-05 -5.0621357
97 97 110 145 2 -0.000238884153 -4.14331245
0 0 0 0 4 -0.000563949056 4.21371555
100 104 42 73 3 -0.00842692982 -2.54950118
76 84 46 54 3 -0.00123402779 -3.72472811
89 94 107 118 4 -4.17230331e-05 -1.68609118
155 161 108 139 1 -0.000304446672 -5.2887578
130 130 59 94 4 -0.000349137001 -2.16190052
0 0 0 0 2 -0.0126462458 8.23842525
86 86 37 40 4 -0.000472043583 -2.92794299
104 104 65 70 4 -0.000341640465 -3.09648728
112 112 62 97 3 -1.45435079e-05 -7.04548264
195 198 99 106 2 -0.000423389865 -2.36438179
135 135 76 83 2 -5.62663445e-05 -7.25743151
81 81 40 47 3 -7.86780402e-06 -6.17291021
119 121 166 177 3 -0.000102637787 -5.81474829
112 118 51 53 0 -3.19479441e-05 -2.78589916
75 75 82 84 3 -4.14846181e-05 -4.16435671
46 49 64 99 3 -9.29818998e-05 -5.98268223
60 66 79 84 1 -0.000109788452 -4.61024714
101 102 38 61 1 -8.29686905e-05 -4.8167758
110 117 90 92 0 -0.000282274792 -4.42319059
200 205 135 142 1 -0.000255336345 -5.12666321
0 0 0 0 2 -0.220395878 9.53153324
23 26 77 88 2 -0.000152702502 -5.91015291
41 43 50 85 1 -0.000158898154 -6.3329196
0 0 0 0 2 -0.432007372 9.23089409
0 0 0 0 2 -0.0350097939 8.31396008
151 156 70 105 2 -8.36840627e-05 -4.78858757
39 43 55 58 3 -2.0980784e-05 -4.62247562
92 97 40 63 3 -6.56837001e-05 -7.43641186
0 0 0 0 2 -0.371131152 8.91559315
54 63 76 87 0 -1.60932159e-05 -6.20862627
118 126 71 106 3 -0.000547464238 -6.54344368
71 74 89 94 4 -0.000676449679 -1.96769941
0 0 0 0 2 -0.00162930519 6.17855453
0 0 0 0 1 -0.00173078268 6.79024601
91 96 113 121 2 -1.2516959e-05 -6.42861271
197 200 55 63 2 -6.09152339e-05 -5.30850029
40 42 50 58 2 -1.5139547e-05 -5.25537062
148 151 35 70 3 -3.18287712e-05 -7.71666479
45 45 61 65 3 -4.93523075e-05 -5.49281645
175 175 109 144 2 -0.00109422661 -3.79243469
0 0 0 0 1 -0.00116677163 2.97258544
95 96 38 42 4 -0.000398853968 1.15224659
101 104 52 87 1 -0.000219930313 -7.34541273
44 44 75 78 3 -0.000141498924 -2.83971953
29 33 38 47 4 -0.00016712636 -4.09519339
118 122 135 150 3 -9.88225511e-05 -5.87164116
50 54 30 37 2 -1.71660849e-05 -7.03354311
45 48 22 28 1 -3.71930983e-05 -8.00864697
0 0 0 0 3 -0.235143483 9.64766979
115 120 129 136 4 -0.000114915296 -2.51897359
106 108 66 101 3 -0.000777289388 -7.84669781
68 71 80 115 3 -0.000124213984 -5.48267508
0 0 0 0 0 -0.0809547529 11.2740517
42 46 20 27 2 -0.000305995316 -3.43545294
0 0 0 0 3 -0.946733356 11.6220531
118 120 163 186 3 -0.00494200131 -3.37353015
39 39 44 55 2 -0.000101205231 -7.88971472
218 220 105 140 2 -0.00337408483 -5.5199008
0 0 0 0 2 -0.345417947 9.78995228
72 77 92 103 3 -0.000128862346 -4.55998707
136 142 157 192 1 -0.000249491772 -3.96256256
117 123 99 105 1 -4.41071606e-05 -5.75015545
63 63 78 81 4 -0.000158187235 -3.1472683
56 59 81 116 2 -4.38685711e-05 -9.22154808
49 57 68 83 2 -0.00105753238 -1.50096154
58 61 174 209 2 -0.000106689287 -8.73030663
69 75 87 90 0 -0.00010049199 -3.85810065
75 82 110 113 0 -0.000234468316 -2.04835367
121 123 48 83 2 -2.45570463e-05 -5.0012517
117 118 42 47 2 -4.19614298e-05 -4.170609
61 63 77 84 1 -0.000113008806 -6.45891714
93 97 117 152 4 -0.000202888143 -0.764148235
95 98 73 76 1 -0.000333166681 -4.479918
97 102 123 158 4 -0.000536277657 -2.53457737
75 76 38 42 1 -7.58164315e-05 -5.2615242
128 132 65 69 2 -7.79619004e-05 -7.7380147
103 104 113 119 4 -4.61336676e-05 -3.21097445
115 120 139 144 1 -7.92731589e-05 -5.18839025
110 114 96 99 0 -0.000226847289 -4.82548618
74 75 104 135 2 -2.515304e-05 -7.21231031
91 91 126 141 2 -0.000163668767 -6.5941124
78 84 93 128 2 -0.000486931123 -4.35698748
48 55 81 85 0 -8.36840336e-05 -3.49857402
170 173 39 41 2 -1.68084553e-05 -6.18335915
72 79 48 53 0 -5.71005694e-05 -4.89516115
23 26 52 58 4 -0.000149842206 -3.26841164
103 107 122 133 2 -1.32322102e-05 -5.89343643
116 121 86 88 2 -4.37495837e-05 -3.55927515
66 66 49 51 4 -0.00041875965 -1.9895488
0 0 0 0 3 -0.00492145261 5.88385916
79 83 102 107 2 -0.000132437985 -5.84184647
0 0 0 0 4 -0.383282751 9.62506962
0 0 0 0 2 -0.252335221 8.80070782
127 127 103 105 3 -2.95637819e-05 -4.11765051
63 65 76 80 2 -0.000179763141 -5.36554527
90 94 123 158 3 -5.80544001e-05 -6.61245298
0 0 0 0 2 -0.00113256928 4.20913076
0 0 0 0 2 -0.144741297 8.54413891
48 60 30 37 0 -0.000144955135 -4.59185505
31 37 83 98 0 -0.00113835488 -1.67683232
142 145 158 162 4 -0.00016748588 0.34209919
130 132 151 162 2 -2.19344365e-05 -6.08078337
44 50 54 59 2 -0.000276191451 -7.25256491
58 65 74 81 0 -4.81601201e-05 -4.847404
152 153 99 104 2 -1.13248643e-05 -6.2660656
73 81 21 56 2 -1.4901133e-05 -11.2576456
46 53 80 95 2 -7.89156766e-05 -4.46925592
56 61 81 87 0 -0.00360831781 -0.772188187
100 102 110 117 2 -1.50203377e-05 -6.24384117
7 10 16 51 4 -0.00293690991 -1.38387549
41 41 71 106 3 -0.00300765689 -4.40334415
48 49 70 105 2 -2.08615565e-05 -7.33023834
0 0 0 0 2 -0.0725582317 8.96765709
68 74 149 158 2 -0.000582414446 -5.10540819
174 176 191 195 1 -3.94580784e-05 -3.80600953
63 63 78 86 3 -0.000213259089 -6.54173374
0 0 0 0 2 -0.00214067963 4.03437519
57 59 98 133 2 -0.000133033536 -4.47084332
62 64 89 96 2 -8.22542916e-06 -8.97415733
30 34 42 77 2 -0.000110265202 -7.85180378
0 0 0 0 2 -0.239214912 8.43185997
54 58 107 111 4 -5.65046867e-05 -1.73033464
107 111 122 157 2 -5.03059746e-05 -5.79187489
0 0 0 0 3 -0.00338488398 5.55330896
0 0 0 0 1 -0.0121510411 7.89351082
49 50 126 149 3 -4.48224273e-05 -4.77927732
12 20 32 36 2 -0.000244725787 -3.89209461
34 39 108 113 2 -0.000230064819 -3.51243734
11 16 29 34 3 -0.00371901831 -2.9297986
102 108 139 147 3 -7.47435552e-05 -5.12649298
0 0 0 0 3 -0.00467122626 6.72042465
43 45 211 218 2 -0.00039418001 -4.84074259
36 36 155 158 3 -6.92600297e-05 -5.38673687
103 111 65 68 0 -6.3179752e-05 -3.46558881
0 0 0 0 3 -0.2529881 8.48466587
115 115 93 104 3 -3.99349301e-05 -4.19041014
59 63 80 82 3 -0.000602080429 -3.4402833
69 72 213 228 3 -0.0040740585 -6.10618162
141 143 60 95 1 -3.00406318e-05 -8.56718731
0 0 0 0 1 -0.0971564576 7.46204996
112 112 54 61 3 -4.32727065e-05 -4.39333153
48 54 78 113 0 -0.000122664205 -4.33607197
51 52 73 76 4 -6.89024746e-05 -3.30591607
92 97 114 119 2 -3.13518976e-05 -6.01821947
51 57 103 138 1 -6.66370033e-05 -6.12276173
82 87 55 57 4 -0.000110743989 -0.894602299
61 65 77 81 4 -0.000291812088 -3.18099022
0 0 0 0 2 -0.0123366211 7.75064802
0 0 0 0 3 -0.325381517 9.20692348
0 0 0 0 4 -0.0572795644 6.95731783
30 32 52 87 1 -6.22268053e-05 -7.3305397
40 44 78 101 2 -4.00541358e-05 -4.28931999
104 105 34 40 2 -7.03334172e-06 -8.20116329
118 120 83 86 2 -3.93387163e-05 -5.70551538
18 18 34 39 2 -4.95906716e-05 -5.75687551
42 45 63 98 2 -1.38282494e-05 -7.19671679
0 0 0 0 1 -0.0707590654 8.95192051
56 59 42 45 1 -0.000162954006 -4.98674202
86 86 53 56 2 -3.98157026e-05 -4.99114132
52 54 71 86 2 -1.10864494e-05 -5.17622042
80 81 115 150 3 -3.43321153e-05 -7.98802567
78 82 40 48 0 -5.72197714e-05 -3.70359087
209 213 180 187 2 -0.0675187856 -7.76932621
0 0 0 0 3 -0.336360812 9.25458145
96 102 167 176 1 -0.000489563565 -3.67243314
55 55 84 88 4 -0.00105554517 -2.26360083
114 117 130 132 2 -1.00135694e-05 -6.79594517
88 94 53 56 2 -3.85043568e-05 -3.97468042
0 0 0 0 3 -0.206979275 9.34857941
0 0 0 0 2 -0.232759669 8.87174034
52 52 74 77 2 -0.000200977054 -4.35360765
15 18 68 103 2 -0.000889382209 -2.50895143
46 48 96 111 2 -0.000157942195 -8.27395725
0 0 0 0 2 -0.030277947 9.48997116
31 34 40 75 4 -4.98292138e-05 -2.35224295
0 0 0 0 1 -0.177070484 9.42603779
103 104 56 59 2 -0.000141020966 -3.28637743
0 0 0 0 0 -0.649121642 11.8260431
0 0 0 0 2 -0.169499785 9.69520473
154 160 61 96 1 -4.87563375e-05 -5.26724768
54 58 75 106 2 -5.67432362e-05 -4.02550411
120 121 94 98 2 -1.90734281e-05 -8.21659088
29 32 56 61 2 -3.31400552e-05 -6.11029053
83 85 91 95 2 -1.32322039e-05 -7.1897645
0 0 0 0 4 -0.0940963104 8.6609621
80 87 101 103 0 -0.00020908541 -2.08457732
53 57 68 74 4 -0.0615254603 1.0029043
117 119 172 195 2 -0.000277149229 -4.73717451
25 25 38 73 2 -6.49684152e-05 -4.80692959
83 86 118 124 2 -2.15768305e-05 -6.17605686
0 0 0 0 2 -0.00815320481 5.73164177
46 50 63 98 0 -4.86369427e-05 -5.43239832
75 78 57 59 3 -4.00541358e-05 -4.74446344
48 48 60 68 3 -2.33649625e-05 -5.6627512
145 146 192 194 2 -0.000123140999 -4.88204432
55 59 127 131 3 -0.000156041657 -4.95188046
42 43 174 179 2 -0.000204431853 -5.89422035
110 115 47 54 1 -4.72064494e-05 -7.76643515
89 95 38 40 3 -6.66373162e-05 -4.78683424
30 30 43 46 2 -9.52468545e-05 -4.30767679
84 87 104 113 2 -0.00108226785 -3.44400382
93 94 157 163 2 -8.88100185e-05 -5.5052309
89 89 65 73 4 -0.000370959344 -2.86381006
0 0 0 0 3 -0.0358676836 8.79463673
41 44 92 127 0 -0.000119445467 -3.45260477
110 115 52 87 1 -0.00010120622 -5.16421986
148 151 65 71 2 -3.1351934e-05 -4.98417711
0 0 0 0 2 -0.0983353406 5.39532328
39 41 58 93 2 -2.31264785e-05 -7.9203434
30 36 94 105 1 -0.000108359462 -5.50151825
92 97 115 150 4 -0.000340328261 -2.33146119
97 97 171 206 2 -0.000480841642 -7.36562395
0 0 0 0 2 -0.363071442 10.3277359
43 43 124 131 2 -0.000260580913 -4.22600698
103 103 87 92 3 -1.96694909e-05 -4.82655954
51 52 27 35 1 -0.000466494472 -6.61020851
97 103 125 131 0 -1.38282567e-05 -4.15141249
153 156 172 177 2 -0.000107167652 -5.44077253
50 54 73 84 1 -7.35514695e-05 -4.40402269
109 119 96 99 0 -0.000100849153 -3.29227328
0 0 0 0 2 -0.598525703 9.78882313
75 81 89 93 0 -4.87559882e-05 -4.46541548
190 195 79 86 0 -0.000301942986 -4.15985012
0 0 0 0 2 -0.0038635754 4.60968113
43 43 107 115 2 -0.000363684085 -5.7672987
95 96 103 110 3 -3.83851439e-05 -3.94184041
101 101 115 121 3 -3.34975994e-05 -3.79724669
45 47 62 68 1 -4.52992899e-05 -3.96295309
171 171 98 103 3 -6.6041197e-05 -3.61030817
59 64 83 91 0 -0.000167723163 -5.59861374
0 0 0 0 3 -0.00850225333 6.30950403
0 0 0 0 2 -0.128097013 7.53969336
0 0 0 0 2 -0.00811621174 10.1883364
59 59 85 120 3 -0.000128743661 -5.77681875
66 68 148 154 1 -0.537992597 -5.27049923
62 64 85 88 2 -4.1603842e-05 -3.90861869
52 53 64 66 2 -2.20536676e-05 -8.03050518
79 80 59 70 2 -5.81735439e-05 -4.86368942
58 58 153 164 2 -0.00126363232 -2.04188275
40 44 105 128 3 -8.85714253e-05 -5.69846058
86 89 102 105 0 -7.70083425e-05 -1.60397387
111 119 128 143 0 -3.34976648e-05 -5.14447498
0 0 0 0 2 -0.00456341356 6.70372915
54 56 65 88 1 -0.000169630948 -6.45389986
59 62 100 108 0 -0.000104186387 -3.12575793
99 99 113 117 2 -5.44780996e-05 -6.62542486
112 115 127 162 2 -6.53259849e-05 -6.82394743
34 41 57 63 0 -6.46100816e-05 -6.65189219
101 102 133 168 2 -6.77100252e-05 -6.12493658
156 156 91 122 3 -0.000130766712 -5.807477
115 123 53 88 2 -6.00810454e-05 -4.84328222
33 34 86 93 3 -0.000116584561 -4.49964285
62 62 139 143 2 -5.43589085e-05 -8.94766712
18 18 92 99 3 -0.000379298348 -3.57982206
145 146 59 63 2 -1.50203377e-05 -6.42635155
214 221 111 146 3 -0.00256972201 -5.51100016
48 51 81 92 3 -3.27824055e-05 -4.6553688
61 67 77 84 1 -9.53657072e-05 -6.16634703
166 166 112 147 2 -8.39223503e-05 -6.53591919
36 40 109 144 4 -5.3882166e-05 -3.12127781
42 47 57 64 2 -6.96174902e-05 -3.63866043
0 0 0 0 3 -0.029288033 11.0013933
109 115 167 182 3 -0.000182624368 -4.28799868
53 61 73 108 1 -8.74985853e-05 -7.6195116
0 0 0 0 2 -0.0867759064 6.31991243
52 57 76 107 3 -7.27170263e-05 -5.1360755
67 67 83 118 3 -0.000210041224 -2.89522314
138 142 119 123 2 -3.61202365e-05 -5.13191414
55 58 115 146 1 -8.78560531e-05 -6.16532564
185 189 93 96 2 -2.64643495e-05 -7.28706551
36 41 49 60 1 -2.45570518e-05 -6.1443758
0 0 0 0 4 -0.00221586786 4.31528664
72 83 97 105 0 -1.34706215e-05 -5.04121733
86 93 110 117 1 -5.01867871e-05 -5.71824217
145 150 39 74 3 -0.000140068471 -5.4069128
120 122 139 147 2 -0.00282476936 -2.65097404
61 69 162 197 0 -0.000362849736 -3.86071396
54 57 67 102 2 -4.43456374e-05 -10.8472204
0 0 0 0 3 -0.61797756 10.7320499
59 59 136 167 3 -0.000115273215 -6.90073919
55 55 92 95 4 -0.000173922759 -3.64751482
133 137 55 86 1 -0.000108717468 -4.56508589
0 0 0 0 2 -0.567551613 7.5542717
0 0 0 0 2 -0.309329122 9.5977726
101 101 117 152 2 -0.000132081477 -5.82234573
155 160 56 79 0 -4.86368881e-05 -5.82406282
129 130 76 83 2 -5.7935129e-05 -5.32663488
0 0 0 0 2 -0.096534878 7.01952696
76 80 56 61 3 -1.45435079e-05 -6.58093882
69 74 44 52 3 -0.000511360588 -3.9467566
145 147 118 124 2 -0.00335280295 -7.80610704
116 116 132 141 3 -0.00476943282 -3.84605312
0 0 0 0 3 -0.0278385784 8.01589489
40 44 49 56 4 -0.000121472331 -2.94142604
27 28 39 43 4 -0.00968360342 -2.73561335
0 0 0 0 1 -0.537928045 -0.0236030146
0 0 0 0 3 -0.600247085 10.0165291
46 52 123 158 0 -4.863711e-05 -5.97612524
60 64 41 48 2 -6.91413334e-06 -7.51891327
128 132 151 174 2 -0.000713858055 -3.36433649
88 91 21 28 1 -2.44378352e-05 -7.29050064
63 67 49 52 0 -2.18152454e-05 -4.82859993
47 51 67 72 0 -3.31400042e-05 -4.98127365
37 39 98 105 2 -0.000142807752 -4.25598764
0 0 0 0 2 -0.00280618039 6.95375729
113 116 35 66 2 -0.000448796374 -5.07189083
15 20 34 49 1 -0.000167008257 -8.73779392
96 102 112 127 2 -1.72852706e-05 -6.5401001
84 88 50 55 3 -0.000107644264 -4.85258675
88 94 123 134 0 -0.00185315625 -0.96774894
31 32 43 78 3 -1.3947465e-05 -6.97479153
98 99 112 120 2 -1.45435006e-05 -6.27123022
81 82 184 219 3 -0.00295171724 -5.21465158
99 104 119 125 4 -7.35512585e-05 0.567854881
45 52 65 100 1 -0.000201456394 -8.2848053
52 54 65 80 2 -0.0015218039 -1.60644782
55 60 78 113 2 -2.55107134e-05 -7.59516573
57 62 148 156 1 -3.63586914e-05 -4.30395746
54 58 27 31 1 -6.79485893e-05 -3.52598429
77 79 124 133 2 -0.00401445013 -2.80780125
55 58 74 78 3 -0.000127670559 -4.4843812
105 108 141 164 2 -2.10999642e-05 -6.45740318
110 114 70 78 1 -0.000159021307 -3.16603112
129 132 77 112 2 -3.52857714e-05 -5.03350306
48 48 67 102 3 -3.71930037e-05 -4.0074873
80 81 29 64 2 -9.63177808e-05 -8.75894737
55 55 87 122 4 -0.000360947888 -3.23424721
100 102 41 64 3 -1.95502816e-05 -7.32478809
81 84 97 132 3 -0.000214332162 -6.00704622
0 0 0 0 2 -0.00423525646 6.49237299
143 147 117 121 2 -8.70226722e-06 -7.83264589
102 110 48 79 2 -0.00258701015 -4.10273695
0 0 0 0 4 -0.00338899507 6.56049347
22 26 80 115 3 -2.88485226e-05 -6.64242744
33 41 81 116 0 -1.99079041e-05 -5.35872984
106 110 121 156 3 -0.000109670764 -6.08792448
192 198 47 82 3 -0.000426619721 -6.10791397
83 83 45 60 2 -3.08751005e-05 -6.79203653
18 21 26 61 4 -0.000431867025 -3.6090517
55 61 40 43 2 -1.1682494e-05 -4.98510027
128 133 55 90 4 -0.000444740843 -6.11584139
143 144 68 103 3 -0.000808379729 -5.36349773
40 41 51 66 4 -4.58953182e-05 -3.33783579
0 0 0 0 2 -0.477912635 10.3285809
61 64 128 135 2 -1.72853124e-05 -6.23612118
83 87 97 104 2 -2.6583577e-05 -4.58194256
164 167 58 81 2 -0.000228397039 -6.08926964
44 46 65 100 2 -0.000241509362 -5.27532625
74 74 28 63 2 -0.000621366082 -6.03718185
27 35 66 101 1 -0.000541032816 -4.71937323
87 91 19 34 1 -3.18287784e-05 -6.83294916
71 72 81 92 3 -2.67027917e-05 -4.63777399
142 145 59 65 0 -9.50080139e-05 -4.86134672
119 123 96 103 3 -3.25439905e-05 -5.10562038
95 96 108 110 2 -4.86370773e-05 -5.65744448
42 52 60 62 0 -5.13787236e-05 -3.77333951
48 48 58 93 3 -3.09942843e-05 -6.39130259
39 39 72 107 4 -0.000205273202 -2.85078001
99 106 71 86 3 -4.08885935e-05 -6.05393648
72 76 86 93 3 -0.000746611506 -3.58504558
63 68 41 45 4 -0.000339376042 -2.074857
96 96 125 131 3 -4.23190431e-05 -3.57822442
127 129 83 118 4 -0.000225180353 -1.86402953
100 105 47 49 4 -6.28228518e-05 -1.59772873
39 43 55 62 1 -2.88485498e-05 -5.01843452
0 0 0 0 2 -0.0113719935 7.09351158
0 0 0 0 3 -0.355911732 6.40714979
111 115 47 51 2 -5.84121153e-05 -7.29400778
75 77 61 64 1 -4.38687275e-05 -5.72445011
68 75 91 97 3 -4.02925434e-05 -6.1991663
50 51 68 71 2 -1.28745851e-05 -4.46055794
71 77 109 144 0 -0.000166766098 -4.4243598
102 102 114 137 3 -0.00103954179 -3.53374481
0 0 0 0 1 -0.14354755 9.59218216
0 0 0 0 2 -0.454602361 10.0891218
134 139 51 59 4 -3.9696457e-05 -2.59463787
0 0 0 0 2 -0.552360654 8.14030457
26 34 38 49 2 -0.000158777722 -9.69336891
0 0 0 0 2 -0.00131919177 4.56011534
119 119 68 103 3 -1.40666725e-05 -6.04650784
47 51 116 151 4 -7.00943856e-05 -2.13578701
52 52 61 68 3 -3.30207804e-05 -5.67466688
90 95 40 75 1 -4.60144911e-05 -6.52261877
200 200 93 128 3 -9.15516794e-05 -4.3182807
0 0 0 0 2 -0.0478454046 7.55718088
92 98 46 81 3 -0.00011288948 -5.72003126
113 117 48 53 0 -3.96963369e-05 -5.15598011
103 103 86 93 2 -0.0001646241 -3.98584485
215 218 165 200 3 -0.0088257622 -3.14069057
151 152 47 82 3 -1.24647963 -4.15164614
0 0 0 0 2 -0.00291289599 5.74315929
105 107 54 85 1 -2.74180547e-05 -5.5548172
0 0 0 0 2 -0.00405569468 3.80814672
0 0 0 0 2 -0.27346766 8.94946957
97 101 42 77 4 -0.000289549818 0.494679302
133 137 86 101 1 -5.40014735e-05 -5.54811573
101 106 38 41 2 -1.51395543e-05 -6.1112175
64 68 102 137 3 -0.000249963749 -7.33367109
48 54 170 177 0 -0.000727877894 -2.04321527
179 183 202 207 3 -0.00162987225 -4.93305826
97 98 107 130 2 -5.29285426e-05 -6.44906378
99 102 111 120 3 -3.24248031e-05 -4.98104811
40 44 95 130 4 -0.000452134933 -2.57156968
53 53 119 121 3 -0.000319944404 -3.14195991
60 61 122 157 3 -5.35244981e-05 -6.34074545
61 61 47 55 2 -0.000102159771 -4.84624052
76 86 138 149 0 -0.000392148882 -2.33056688
104 106 119 134 2 -3.61202074e-05 -4.65543509
81 81 49 52 3 -6.2822779e-05 -3.78258562
0 0 0 0 3 -0.575829804 8.84999657
51 51 61 96 3 -2.07423454e-05 -6.67456722
0 0 0 0 4 -0.0170216188 6.20042896
97 100 67 82 2 -5.41206464e-05 -5.46823215
141 143 122 127 1 -8.46376206e-05 -7.1125083
0 0 0 0 2 -0.634247899 9.32251835
57 61 69 72 1 -4.41069897e-05 -8.07796574
82 82 95 106 2 -1.53779692e-05 -5.92226553
146 148 55 62 3 -5.09020902e-05 -5.52281857
63 0 0 0 1 -2.40695763 4.24376726
60 60 72 77 3 -4.86370991e-05 -5.07304716
0 0 0 0 2 -0.126961127 8.14798927
138 143 54 89 3 -7.64124925e-05 -5.64145136
52 53 72 79 2 -6.5922075e-05 -5.04332781
51 57 103 110 0 -0.000119921984 -3.87904596
182 185 44 48 1 -8.47564152e-05 -4.37831354
0 0 0 0 1 -0.0928001851 7.89801264
83 87 101 109 3 -0.000154372145 -3.82791996
81 86 35 70 3 -0.000361783226 -5.04154825
0 0 0 0 3 -0.00374161173 6.3030529
67 68 81 88 2 -2.65835952e-05 -5.20477486
0 0 0 0 3 -0.0559823848 8.57644558
33 35 64 79 1 -0.000355347001 -1.89603376
46 46 59 64 2 -0.000168196813 -4.07979107
105 108 137 139 2 -0.00537782535 -1.34344816
47 59 71 106 0 -4.70872583e-05 -3.83521366
54 57 135 137 2 -0.000492775929 -2.5550518
77 78 96 131 2 -8.01078932e-05 -8.00994682
60 64 28 35 4 -0.000426029495 -2.32289815
60 68 80 84 0 -0.000569178723 -0.495718747
62 67 80 84 2 -1.08480299e-05 -9.56454754
125 128 38 73 3 -4.60144984e-05 -6.63265657
39 39 95 130 3 -7.91539787e-05 -3.1035955
49 50 64 99 3 -0.000121591329 -6.43587542
57 59 38 45 2 -2.19344474e-05 -5.92997694
0 0 0 0 2 -0.0473210141 7.4710207
50 53 68 79 1 -6.49684589e-05 -4.25754881
73 74 54 60 2 -2.05039469e-05 -5.58388996
22 23 30 65 2 -0.000454268797 -4.45334625
76 79 87 95 2 -8.74983962e-05 -5.11961985
0 0 0 0 3 -0.446968079 9.32967091
26 27 97 132 2 -0.000128862885 -7.57300329
92 92 109 144 4 -6.35381002e-05 -0.804232776
0 0 0 0 2 -0.0125890709 6.02020502
66 68 52 59 2 -1.2516959e-05 -7.75893974
0 0 0 0 3 -0.0111819096 8.65429974
71 71 86 94 3 -1.77621514e-05 -5.91226864
49 53 65 80 3 -5.5074197e-05 -5.78932095
54 60 141 147 1 -0.000357356068 -5.97604465
108 117 137 144 1 -3.62394494e-05 -6.66815519
59 60 74 83 1 -0.00012123413 -3.38024759
121 125 51 86 3 -4.66105375e-05 -7.29492617
0 0 0 0 2 -0.00103021553 6.69492531
173 176 120 155 3 -0.0701165646 -0.28829208
46 50 55 70 3 -0.000537418702 -4.9351182
42 45 105 120 3 -7.72468484e-05 -4.88428831
120 124 53 57 3 -3.11134863e-05 -7.1658144
31 38 49 64 2 -0.000119922464 -4.99608946
46 49 117 152 3 -0.000196093519 -5.42041636
0 0 0 0 2 -0.134453773 7.86490965
165 169 207 222 3 -0.000423514983 -4.5947957
49 53 108 143 3 -0.000221723312 -6.0713129
133 136 17 26 1 -9.25052591e-05 -6.30321264
0 0 0 0 2 -0.00284349825 6.78017426
0 0 0 0 3 -0.896243095 8.51696491
0 0 0 0 2 -0.00984696764 6.52938032
134 135 113 119 3 -3.36168232e-05 -5.10657692
88 95 106 112 0 -4.88754595e-05 -4.58570719
53 55 66 77 2 -1.21593275e-05 -5.79262686
40 46 50 57 0 -8.22533329e-05 -5.93868828
95 100 109 116 3 -2.89677446e-05 -5.81156349
158 164 175 180 1 -8.9047513e-05 -5.24239349
0 0 0 0 4 -0.000370957889 0.987571597
41 45 59 74 3 -4.47031707e-05 -5.40919495
53 57 117 124 1 -3.46897577e-05 -6.50294447
126 126 57 92 2 -0.000184412405 -6.35480928
91 99 56 64 1 -0.000111458947 -5.48471832
42 49 24 31 0 -1.51395552e-05 -4.54622889
59 62 75 78 2 -0.000781332084 -0.900879622
0 0 0 0 3 -0.00387679739 4.50898552
48 51 67 71 3 -0.000439018011 -4.15592861
37 37 86 117 2 -0.000258430839 -2.95787072
79 82 95 98 3 -5.9127251e-05 -5.99022198
99 103 66 77 2 -0.0274363719 -3.65002275
132 140 52 87 1 -5.57895182e-05 -7.08739948
68 73 49 53 0 -1.96694855e-05 -4.25466299
190 196 102 107 0 -0.000187389 -3.90203285
90 93 39 62 1 -0.000257820531 -3.97789335
157 159 172 195 3 -0.000421614735 -5.2863555
0 0 0 0 2 -0.0167474709 7.67845249
96 100 44 49 1 -4.49416802e-05 -6.72426701
0 0 0 0 2 -0.0929222181 6.60260582
0 0 0 0 2 -0.00483770994 6.81686544
128 130 47 51 1 -3.89812121e-05 -5.70995855
58 61 112 147 2 -0.000588119961 -7.60022163
214 214 162 197 1 -0.211332679 -2.61199999
0 0 0 0 2 -0.755844831 9.47208977
130 137 49 84 1 -2.455705e-05 -6.61387968
127 131 72 78 0 -0.000109073895 -3.96898341
0 0 0 0 2 -0.0026261129 5.1863575
59 64 33 42 2 -3.34976503e-05 -5.04638863
103 107 81 88 1 -2.90869684e-05 -6.47575521
46 48 64 70 1 -0.63760221 -5.22234964
113 116 132 163 1 -0.0077053071 -2.25699234
0 0 0 0 2 -0.177797928 7.73575974
45 49 63 70 0 -0.00132988847 -1.1970917
0 0 0 0 2 -0.75606972 9.30536652
126 130 44 79 3 -6.74718249e-05 -7.39126825
116 120 137 172 2 -3.89811794e-05 -5.86468697
71 73 21 28 1 -9.91804554e-05 -4.79429245
120 126 38 73 2 -2.74180384e-05 -10.1258478
145 148 92 127 4 -0.000269403012 -2.26295352
0 0 0 0 2 -0.0993258208 7.83770323
112 113 141 146 1 -3.09942807e-05 -5.84488726
66 68 80 87 1 -9.34585551e-05 -5.33425903
80 83 45 51 1 -5.68624018e-05 -4.95278263
22 25 67 75 3 -8.01078859e-05 -4.80079699
17 21 26 34 1 -0.000489071943 -8.42968845
0 0 0 0 2 -0.0475515574 7.35275841
31 32 76 85 2 -3.0159792e-05 -5.56252909
95 96 48 55 2 -1.34706261e-05 -8.37402248
95 101 45 52 2 -2.39609926e-05 -5.01387978
69 77 127 150 0 -0.000177376802 -5.58803082
73 78 44 50 1 -2.63451639e-05 -6.63560152
132 138 51 59 2 -2.47954704e-05 -8.34094906
188 188 208 217 2 -0.000420765922 -5.48672724
82 87 98 133 4 -0.000148055609 -0.494115204
93 96 113 118 2 -0.0384636894 -0.1382332
54 57 73 108 2 -1.77621332e-05 -7.56170177
84 91 64 69 1 -8.07036122e-05 -5.09917402
19 19 82 90 3 -0.000665484229 -3.17451143
0 0 0 0 1 -0.37332952 9.72082043
41 46 62 97 1 -0.000166170212 -6.06377745
0 0 0 0 2 -0.00251687015 5.56769991
51 57 171 179 3 -4.89946869e-05 -7.02567196
132 140 150 155 0 -5.47167037e-05 -4.29483604
0 0 0 0 3 -0.795155287 9.05416965
0 0 0 0 4 -0.587675989 8.13874245
43 43 104 108 2 -3.80275451e-05 -5.43212032
106 106 35 41 2 -7.51008702e-05 -7.0923214
132 137 24 59 3 -0.000112174101 -5.38531351
39 44 96 102 0 -0.000375008181 -4.06719589
35 35 50 53 2 -9.10744493e-05 -3.45927525
27 35 43 78 2 -0.000275002734 -5.97971678
93 97 113 119 4 -2.7775659e-05 -3.06763363
78 83 25 60 2 -8.70226813e-06 -7.88257122
0 0 0 0 2 -0.00122216472 6.79265881
0 0 0 0 3 -0.00406460976 4.86923122
82 82 98 106 3 -6.17497717e-05 -5.14151049
129 131 27 62 1 -6.54451505e-05 -6.3255887
119 120 134 141 2 -1.07288224e-05 -6.51217842
100 103 116 123 4 -6.43724998e-05 -2.25251889
127 131 51 86 4 -6.12731892e-05 -0.996349037
135 135 104 111 2 -1.15632856e-05 -8.08085155
0 0 0 0 3 -0.69811213 10.5996723
123 127 104 111 3 -4.88754085e-05 -7.61297655
104 108 75 90 3 -4.06500512e-05 -5.66176796
101 104 51 86 4 -0.000112412963 -1.03983986
0 0 0 0 1 -0.00804750528 9.38166428
123 129 39 47 0 -0.000100849626 -3.37555528
86 86 124 155 2 -0.00377575052 -1.73004138
88 90 74 78 2 -1.47819283e-05 -6.18301487
171 175 58 89 1 -0.000227801836 -6.71427727
90 97 78 84 1 -3.933888e-05 -5.13533831
63 63 144 151 3 -0.000162238255 -5.86053324
168 172 111 146 2 -2.98022278e-05 -8.60661125
128 135 43 54 2 -2.76564551e-05 -5.80581045
61 69 39 44 0 -8.94054392e-05 -2.87607741
133 137 84 93 1 -0.00012469053 -5.04592466
56 57 146 154 2 -1.78813352e-05 -7.03867483
0 0 0 0 2 -0.00151478115 5.56716919
95 98 54 61 1 -6.47301713e-05 -7.4411068
0 0 0 0 3 -0.425602943 10.2734604
105 107 118 122 2 -1.21593212e-05 -7.55593014
0 0 0 0 1 -0.0448250584 8.1338892
45 49 110 145 3 -0.000112889742 -6.21662617
60 60 78 85 3 -0.000791818253 -4.09352112
51 55 80 85 3 -4.31535154e-05 -5.14146709
45 50 149 172 3 -0.000967376283 -4.65013647
0 0 0 0 1 -0.230411127 9.44153214
91 94 104 139 2 -1.53779438e-05 -5.9259305
37 42 48 83 1 -0.000954562332 -4.41368294
0 0 0 0 2 -0.165167436 6.31101656
125 128 140 151 2 -8.80946463e-05 -3.85609722
66 72 115 120 0 -4.32726847e-05 -4.43649006
201 201 68 75 4 -0.000975517964 -2.41239738
91 94 47 62 1 -3.71931383e-05 -7.08292341
102 104 142 148 2 -7.15254828e-06 -8.63275909
0 0 0 0 3 -0.00971115287 5.96324825
58 61 95 102 2 -1.38282558e-05 -6.87212181
129 133 60 95 1 -7.64124634e-05 -4.88844538
56 60 73 77 4 -6.02003056e-05 -2.20386457
134 138 89 96 2 -1.15632847e-05 -6.3542614
53 57 80 84 2 -4.31534609e-05 -8.64848042
79 81 94 101 2 -2.82524998e-05 -4.8564744
0 0 0 0 2 -0.227439299 11.3230753
27 29 41 76 1 -8.33263766e-05 -4.37896204
0 0 0 0 4 -0.368418396 6.74229288
0 0 0 0 2 -0.00324883102 6.80364609
132 133 57 72 2 -2.69412012e-05 -6.35073042
67 70 45 51 4 -0.000349983718 -2.43644047
70 75 111 146 0 -0.000110028326 -5.48208714
152 160 137 139 0 -6.66371561e-05 -3.05696058
56 59 141 149 3 -0.000161644391 -5.12323236
194 200 49 72 0 -0.000237693981 -4.51351786
81 82 91 95 1 -0.000129457563 -5.16526175
80 87 153 162 2 -0.000161405798 -3.82742071
0 0 0 0 3 -0.527454138 9.17734814
56 58 74 109 1 -7.85580633e-05 -7.52231884
152 156 51 82 4 -0.000520915492 -0.422910333
56 63 149 155 0 -0.000168914718 -4.88360405
0 0 0 0 2 -0.261817545 8.42520714
81 83 59 66 3 -0.000171776628 -6.98045397
109 115 133 168 1 -5.25709002e-05 -5.93661308
32 33 117 124 3 -0.00096987217 -3.85504222
87 87 36 59 3 -4.10078064e-05 -4.77123499
110 113 130 132 1 -5.65048031e-05 -6.10811329
109 113 133 140 3 -0.000165816338 -2.746351
123 130 54 56 3 -0.000169749357 -5.92898226
83 86 117 123 2 -9.98959149e-05 -3.66954207
88 89 73 77 1 -0.000220286282 -5.6909709
123 126 138 173 3 -0.00165342726 -4.56261158
0 0 0 0 2 -0.00391456345 7.33548546
47 53 106 141 2 -6.03193184e-05 -6.24962664
66 68 123 134 2 -2.37225486e-05 -6.72443151
87 89 97 101 1 -5.84120971e-05 -6.24169064
0 0 0 0 2 -0.0680034235 7.24547195
112 113 41 76 2 -0.000441031356 -4.81684017
138 142 90 97 1 -8.16575048e-05 -4.16829777
52 52 66 72 2 -3.94580493e-05 -4.3566103
0 0 0 0 2 -0.00574979465 7.39212179
184 186 127 162 2 -0.000123021891 -6.59068155
55 57 28 31 2 -4.81602365e-05 -9.35802841
0 0 0 0 2 -0.0338075645 7.87461996
39 40 52 57 2 -1.56163806e-05 -6.36664104
66 67 79 114 2 -0.000528292148 -3.07030892
130 132 115 122 2 -2.24112737e-05 -6.37160873
25 29 78 113 4 -7.33130437e-05 -2.88911915
95 99 59 74 0 -1.26361656e-05 -5.81095886
122 124 62 70 2 -0.000297645514 -2.5616498
97 97 112 119 3 -0.000569381751 -3.32506061
100 104 52 83 1 -3.45705157e-05 -4.72090435
0 0 0 0 2 -0.211887717 8.7153492
128 132 111 113 1 -6.93788897e-05 -7.34384298
51 55 138 146 4 -0.000100611302 -3.33482909
0 0 0 0 2 -0.566139817 7.55427456
0 0 0 0 3 -0.490029484 2.7349813
76 84 96 119 1 -6.16305406e-05 -7.11526442
0 0 0 0 2 -0.0140295373 4.04456615
30 31 56 59 3 -0.00172536564 -3.65726852
142 147 57 64 2 -0.000314579695 -4.34691906
91 97 116 151 0 -0.000931505929 -2.13636732
198 202 61 96 2 -6.97366486e-05 -5.48173332
107 110 126 129 2 -0.000352583069 -3.33697033
78 83 91 97 2 -5.72204135e-06 -5.02253342
61 61 128 136 3 -2.07423564e-05 -4.81942749
78 80 99 134 3 -0.000100492158 -6.05795622
157 162 56 60 3 -3.95772622e-05 -4.59019804
109 113 30 65 2 -4.75641355e-05 -8.28020287
200 202 44 79 3 -0.0645962805 -7.74578762
53 53 67 75 3 -2.78948846e-05 -5.82243824
0 0 0 0 2 -0.000458444993 0.779964447
92 95 107 142 2 -7.08092484e-05 -9.25717926
46 50 62 68 3 -0.00948786363 -7.25102854
0 0 0 0 2 -0.0678948238 8.12724686
0 0 0 0 2 -0.419446468 9.1121664
45 48 104 110 1 -0.000219934067 -4.85804415
109 112 59 94 4 -7.27170409e-05 -2.15946794
0 0 0 0 3 -0.750236928 8.22220325
99 102 86 88 4 -0.000633308489 -1.66615379
157 157 69 104 3 -0.00209847838 -3.42422128
77 80 55 62 3 -1.74045163e-05 -6.51684427
12 18 23 34 0 -0.000840922061 -2.75671744
47 54 59 61 1 -0.00693764538 -9.80234432
46 49 128 135 2 -0.000563215348 -3.27580547
35 37 54 61 1 -6.94984483e-05 -4.32533932
105 111 138 169 0 -0.000315415149 -3.46963954
0 0 0 0 1 -0.192071602 9.88981628
29 33 45 49 0 -1.76429367e-05 -4.43928385
139 145 26 61 1 -6.24649256e-05 -7.11542368
111 116 130 137 3 -1.50203432e-05 -6.12406206
49 49 111 113 3 -8.64245449e-05 -6.26446867
106 109 30 65 4 -2.77756699e-05 -1.74901581
153 156 103 138 1 -0.000122187223 -6.29641771
151 151 81 116 3 -0.000120994679 -4.16437721
107 113 127 130 1 -8.12999278e-05 -4.68799543
39 39 49 54 3 -3.12326156e-05 -6.44064093
0 0 0 0 1 -0.0937645212 8.06290436
73 78 87 118 0 -5.47166601e-05 -4.06529379
52 55 115 122 2 -1.71660959e-05 -8.00713825
171 173 57 62 1 -0.000126955318 -4.41275692
122 122 70 85 3 -3.12327247e-05 -4.6946702
59 60 74 83 4 -0.000336032768 -2.53896666
0 0 0 0 2 -0.1452353 8.90207958
113 113 51 57 3 -1.77621478e-05 -5.74142504
0 0 0 0 3 -0.986219645 7.35409927
148 152 52 59 2 -0.000152346649 -4.28673363
95 104 45 68 0 -0.000139113516 -4.15421152
141 141 94 129 3 -0.000434705726 -6.20750713
161 165 87 102 2 -0.000479190261 -5.48899984
55 62 71 77 0 -5.82927278e-05 -4.99913597
0 0 0 0 2 -0.00787205249 5.74707699
0 0 0 0 2 -0.202545732 5.90597439
68 70 108 111 1 -0.000134584829 -4.7500453
0 0 0 0 3 -0.0158312321 6.38885832
168 173 112 147 4 -0.000265708397 -2.21758056
65 72 85 93 0 -4.64912264e-05 -4.53200626
0 0 0 0 3 -0.00805968791 6.92879486
0 0 0 0 3 -0.521043897 8.08279514
109 113 135 166 1 -0.000119087716 -5.04618406
34 34 42 49 3 -1.56163878e-05 -6.5623827
99 100 114 122 3 -5.03059418e-05 -3.78684092
0 0 0 0 4 -0.00818231516 6.68018532
59 67 84 119 0 -1.83581906e-05 -4.71529579
0 0 0 0 3 -0.556352735 7.48084545
0 0 0 0 2 -0.0470998995 8.03697014
67 73 84 92 1 -7.84384756e-05 -7.75822449
133 137 37 60 2 -3.80275524e-05 -6.43466187
63 68 81 85 4 -3.33784519e-05 -2.59826827
43 48 62 74 4 -0.000128505126 -3.64943218
123 125 40 46 2 -2.47954522e-05 -4.2271266
90 95 45 49 3 -2.86101204e-05 -4.96791077
31 39 129 136 1 -0.000127193896 -6.60425711
0 0 0 0 2 -0.0438759811 8.38239861
54 62 111 146 1 -4.12461595e-05 -8.5301981
0 0 0 0 3 -0.124853976 8.56122303
98 106 43 78 2 -1.1682494e-05 -8.22442055
41 44 58 60 2 -0.000110028435 -3.55235767
50 55 89 95 2 -1.69276736e-05 -5.90631866
134 140 39 46 2 -2.63451002e-05 -7.05729008
130 133 87 110 2 -0.000210396945 -5.15192461
82 86 92 97 3 -1.64508529e-05 -5.07014894
71 76 119 127 1 -0.000115511641 -4.13690472
81 88 120 127 0 -0.000172252476 -3.10566807
111 121 133 144 0 -0.000183101103 -3.63025641
65 69 84 88 3 -4.98289919e-05 -5.38697958
147 153 48 83 2 -0.000108478947 -5.81020355
83 86 63 66 2 -1.53779656e-05 -7.5798192
0 0 0 0 0 -0.0695299581 10.4616947
107 111 139 143 2 -3.48089743e-05 -5.76250505
0 0 0 0 3 -0.639794827 9.06452656
48 51 62 93 0 -5.00675997e-05 -4.31705856
115 117 40 43 3 -1.46627135e-05 -6.48601389
56 59 75 110 2 -1.26361665e-05 -8.61590099
193 198 125 129 3 -0.00015866381 -4.76104975
59 61 20 27 2 -2.49146651e-05 -7.05532598
0 0 0 0 2 -0.096175395 8.22075272
114 114 77 100 3 -6.86639687e-05 -5.04132843
88 92 101 104 4 -3.85044041e-05 -1.66652703
133 138 204 212 2 -9.36971046e-05 -4.70975399
76 78 86 97 2 -2.47954667e-05 -5.50308657
59 60 71 106 2 -7.5696822e-05 -5.38111925
89 89 69 71 2 -5.47165982e-05 -4.97960854
150 155 54 58 2 -0.00131434912 -4.04650831
113 113 133 168 3 -0.000115035131 -5.74650812
0 0 0 0 2 -0.0254300032 8.58061218
0 0 0 0 4 -0.0168196317 6.58709908
52 54 184 219 1 -0.000242455149 -9.12698746
37 38 85 120 3 -0.00184062321 -4.04159689
58 62 98 102 2 -2.43186241e-05 -5.30123329
73 77 92 127 2 -1.97886948e-05 -6.85266113
218 219 188 199 2 -0.000412081135 -3.98278403
0 0 0 0 4 -0.0159910172 8.76180553
0 0 0 0 2 -0.297043145 8.73540211
124 128 141 146 3 -0.000291567092 -4.68651724
67 72 219 225 0 -0.00159786653 -4.74594259
49 52 70 78 4 -6.60412406e-05 -1.96971571
17 28 32 37 0 -0.000276060367 -10.8885584
158 165 105 114 3 -4.66104866e-05 -5.48403502
73 79 62 68 1 -0.000404933526 -4.57335424
51 55 204 208 4 -0.000137446346 -2.54671025
0 0 0 0 1 -0.013617686 6.33794594
62 65 44 55 2 -3.46897286e-05 -5.53874016
80 83 117 152 2 -7.49819301e-05 -5.5112958
0 0 0 0 4 -0.608535826 8.72764587
0 0 0 0 2 -0.239286825 8.97234535
0 0 0 0 3 -0.0321153738 5.64839792
62 66 42 47 4 -8.3326333e-05 -2.27981186
0 0 0 0 1 -0.00229747267 6.76165771
95 98 54 58 3 -2.45570482e-05 -6.34989071
42 46 49 72 3 -0.000923613086 -4.77445602
117 120 131 142 2 -8.66639748e-05 -4.85907507
98 99 107 109 2 -1.97886166e-05 -5.87797832
94 95 62 69 3 -5.86500719e-05 -7.00494003
62 69 83 118 0 -2.75372149e-05 -4.9246583
0 0 0 0 4 -0.00525840372 3.57276034
0 0 0 0 2 -0.490804851 8.60030651
47 58 71 75 0 -0.000512200291 -2.38062859
0 0 0 0 2 -0.005856751 7.32180357
102 104 37 44 2 -3.2067157e-05 -6.34136963
76 83 102 110 0 -0.000760065624 -2.32298303
52 55 122 126 2 -0.000289787422 -2.91393995
139 146 52 61 3 -0.000323875953 -4.99107647
0 0 0 0 2 -0.146726415 8.15215588
0 0 0 0 0 -0.0493424982 5.54345512
0 0 0 0 2 -0.247969776 8.48621368
111 111 126 130 2 -0.00152555015 -2.44295287
26 31 37 60 3 -0.000940231199 -10.1832285
0 0 0 0 1 -0.111107081 9.87384319
69 70 107 114 2 -0.000291333767 -4.79520702
26 29 39 47 2 -3.71931237e-05 -5.59358215
0 0 0 0 2 -0.00836495683 7.74784279
33 34 105 140 3 -0.000196688983 -6.03769159
51 52 63 98 2 -6.42527739e-05 -4.91969252
87 91 99 114 2 -0.000806130818 -4.76884985
0 0 0 0 2 -0.0260727629 7.84087801
98 103 55 62 1 -3.51665803e-05 -3.5959909
0 0 0 0 3 -0.0703995302 8.33754539
54 55 125 148 2 -6.09153503e-05 -6.86184311
46 51 76 107 3 -0.000115988645 -4.71524143
175 180 93 116 2 -0.000184290751 -4.48983097
56 64 75 110 3 -4.83984586e-05 -5.70445728
106 106 113 121 3 -8.94047698e-05 -4.2344532
85 89 141 143 2 -0.000256766943 -3.00958347
83 83 52 57 3 -1.0251988e-05 -7.51639414
78 80 62 69 2 -0.000105618077 -2.98483658
87 87 93 128 3 -2.70604305e-05 -5.10065365
43 48 80 85 1 -9.96570743e-05 -6.39225626
0 0 0 0 2 -0.247495919 10.508009
52 54 73 80 1 -0.000152583685 -3.66237855
97 98 111 118 2 -0.000404214719 -3.41423941
58 59 137 145 2 -5.03059782e-05 -5.23743963
129 129 109 115 2 -1.6450851e-05 -6.50571632
48 52 60 67 2 -1.31130009e-05 -4.08462381
68 69 84 119 2 -3.85043786e-05 -5.29373217
0 0 0 0 3 -0.231793195 8.76716995
81 85 101 124 4 -0.000460599142 -1.2362026
146 147 106 137 1 -0.000222198505 -2.92469215
96 102 76 87 3 -3.31400443e-05 -4.64041662
0 0 0 0 0 -0.0151313012 10.5123825
78 78 92 100 2 -4.50607586e-05 -5.77913761
63 68 74 81 2 -3.89812449e-05 -7.93179846
0 0 0 0 2 -0.167742506 7.01755095
14 15 19 21 2 -0.0560880974 -5.46326113
97 97 108 114 3 -0.000120756871 -4.33036423
115 117 56 91 3 -0.00022267332 -4.98501825
116 123 138 153 0 -6.24651439e-05 -3.55026937
65 70 90 113 2 -1.31129973e-05 -6.28922081
160 163 197 220 3 -0.00137902598 -5.39592791
0 0 0 0 4 -0.04390046 7.71170187
141 147 118 126 3 -0.000466313912 -5.3023057
148 156 188 197 1 -0.000290974596 -5.17184353
0 0 0 0 2 -0.325399756 7.66271019
79 81 34 69 2 -6.78291617e-05 -6.17078447
135 139 66 89 1 -0.000360352773 -2.93063712
91 95 44 49 0 -7.4862699e-05 -2.1865437
43 44 192 227 4 -0.00493950816 -3.10150981
22 27 34 69 0 -9.77493328e-05 -5.7550559
49 57 102 117 1 -9.19094309e-05 -5.22895193
0 0 0 0 1 -0.366703838 9.43663883
0 0 0 0 2 -0.0395397358 8.46835995
111 117 54 89 2 -2.14575412e-05 -8.24462891
0 0 0 0 2 -0.225837991 8.62666416
212 212 117 120 3 -0.000260096742 -5.12347507
140 144 53 88 3 -0.000187273501 -5.51556778
0 0 0 0 3 -0.00265932339 5.79587984
80 84 103 109 3 -0.000165337013 -4.32820988
0 0 0 0 3 -0.0120892515 7.14322805
111 117 137 172 0 -3.8385162e-05 -6.50513029
221 223 108 143 2 -0.000337817561 -6.88365078
106 110 119 130 2 -0.000732083688 -4.71434402
0 0 0 0 1 -0.00772755081 8.08505821
84 87 96 131 2 -6.59221259e-05 -5.1212306
226 226 162 197 2 -1.44434142 -0.836414218
114 121 131 137 1 -4.27959312e-05 -4.14204884
40 43 52 87 2 -8.61867375e-05 -6.91399574
50 50 65 70 3 -3.17095182e-05 -6.03090811
46 50 106 113 3 -0.000107167027 -5.40305614
0 0 0 0 2 -0.355992466 7.20790005
59 62 169 176 2 -2.75371785e-05 -8.28164864
78 78 89 94 3 -3.69547342e-05 -5.79973555
42 45 106 107 0 -3.2544016e-05 -3.45323706
0 0 0 0 3 -0.658688605 10.9227114
37 44 48 51 2 -6.91407404e-05 -8.42429543
75 78 48 51 1 -3.76698445e-05 -5.49872637
110 114 63 98 3 -0.000459283969 -5.89006758
0 0 0 0 2 -0.00855081528 8.4403677
103 107 48 83 3 -8.18958069e-05 -4.88286877
0 0 0 0 1 -0.0185384564 8.47114658
104 109 50 52 2 -8.48758355e-05 -4.53044462
67 75 88 99 1 -0.000187389436 -5.54586887
189 195 63 98 2 -0.000103471961 -6.22672892
153 153 108 143 2 -0.000330909679 -6.89554453
136 141 73 108 1 -2.53915096e-05 -7.06224632
41 41 46 53 4 -0.0253363028 -2.71714473
0 0 0 0 1 -0.42106086 7.88820076
25 27 57 63 1 -0.000172133819 -3.60607004
52 56 70 105 2 -2.70604141e-05 -6.22157383
36 40 146 181 2 -0.000325542118 -3.60033202
118 123 135 137 1 -8.94058685e-05 -5.45506954
54 57 137 142 1 -0.000196091976 -5.23147631
0 0 0 0 1 -0.324624777 9.48741913
184 184 127 130 3 -7.60544426e-05 -5.02451611
37 43 81 88 0 -8.73789904e-05 -4.54513884
70 74 25 60 4 -0.0012902054 -1.80653834
0 0 0 0 2 -0.0915387794 8.92506981
109 110 45 80 2 -3.80275451e-05 -4.5343585
66 66 101 106 2 -0.000963294762 -2.12206769
46 51 62 68 3 -0.000118253563 -4.76637316
35 41 82 113 1 -7.08095031e-05 -6.54991817
90 93 106 141 1 -5.23324852e-05 -7.9360671
58 64 106 111 0 -1.60932195e-05 -4.99086332
103 103 48 71 2 -4.97098772e-05 -8.7595005
111 114 124 131 3 -6.91402747e-05 -8.28125095
59 59 76 80 2 -9.2743714e-05 -5.81633615
177 181 82 117 3 -0.00408112025 -3.3899157
59 62 78 86 0 -3.88619555e-05 -2.78076553
61 63 82 85 2 -1.41858736e-05 -5.97087383
70 74 88 99 3 -0.000136968432 -4.7816906
0 0 0 0 4 -0.0324222408 8.89492989
122 126 30 65 4 -0.000130889865 -0.077811636
140 144 48 54 0 -5.9127342e-05 -2.80649424
0 0 0 0 2 -0.0008674438 4.96195936
37 40 51 55 3 -5.98425322e-05 -4.15563774
63 69 40 48 0 -2.83717036e-05 -4.14929914
146 147 46 53 3 -5.14981075e-05 -4.48686171
148 148 57 88 2 -0.00406174734 -2.44921255
101 102 134 169 2 -0.00173669215 -6.32834721
102 106 123 134 2 -3.02790104e-05 -7.30018187
142 142 32 67 4 -0.000686452491 -0.169219196
41 43 58 69 2 -2.99213243e-05 -6.44285583
156 159 135 136 2 -0.00232177717 -1.39664519
122 124 42 47 2 -0.00027643505 -2.10768104
0 0 0 0 2 -0.00131521281 6.43890762
123 126 74 109 3 -0.000322920736 -5.63496208
82 84 128 132 1 -0.00027868597 -3.30514574
95 98 106 121 2 -2.94445417e-05 -5.25670671
105 107 93 96 2 -0.000146147708 -3.10062194
0 0 0 0 2 -0.00546906842 6.50969744
79 80 169 174 4 -0.000654878095 -2.8306706
52 52 67 75 3 -2.40801783e-05 -5.67118549
0 0 0 0 2 -0.0459368229 8.35976028
0 0 0 0 0 -0.179640636 11.3304758
0 0 0 0 2 -0.011098058 7.79374981
0 0 0 0 3 -0.00783837587 7.47638512
73 74 104 119 3 -3.24247412e-05 -6.49695873
71 71 83 87 3 -3.19479186e-05 -5.64039564
0 0 0 0 3 -0.51442951 9.03535175
0 0 0 0 2 -1.09850287 10.0266523
77 77 89 124 4 -0.000432583474 -3.11731434
119 121 97 104 2 -0.000119207558 -2.206007
14 18 23 31 4 -0.0129368557 -3.18568444
158 162 130 139 3 -9.52470727e-05 -4.92597246
175 178 153 159 3 -7.20017852e-05 -4.93859673
60 61 159 162 2 -0.0001871532 -4.43304539
114 119 64 66 3 -6.28228081e-05 -6.19990826
70 70 124 135 3 -1.50203468e-05 -4.69302845
63 66 116 151 0 -0.00016927172 -5.18951225
30 32 49 54 2 -2.18151963e-05 -8.69852352
80 84 33 68 2 -9.9300014e-05 -4.68751335
0 0 0 0 1 -0.01333878 8.75937653
42 42 101 105 2 -0.0001579487 -4.43972921
0 0 0 0 3 -0.0656113103 10.0385008
112 114 123 154 1 -0.000105022125 -4.46194172
186 193 64 79 0 -2.33649516e-05 -4.61388636
73 76 143 178 2 -0.000140424134 -5.55811644
83 86 63 70 3 -2.05039523e-05 -5.67311621
99 104 37 43 3 -5.68623691e-05 -5.00735378
98 102 174 209 4 -0.000331624935 -2.65128922
110 111 27 62 1 -6.75909323e-05 -5.70274496
111 111 125 128 3 -1.88350132e-05 -5.11457539
95 95 119 142 3 -4.42263481e-05 -4.18593359
106 113 124 131 2 -1.19209126e-05 -6.36641026
81 82 89 112 3 -5.1736326e-05 -5.83712673
119 124 103 108 1 -5.90079035e-05 -3.80934668
53 54 138 144 2 -5.78160179e-05 -4.15920067
132 132 39 41 3 -0.00975329336 -3.02622056
44 44 58 63 3 -1.49011175e-05 -6.06079483
0 0 0 0 3 -0.717324615 9.76327705
127 127 137 160 2 -0.000117895775 -7.20147657
73 79 38 61 2 -1.87157966e-05 -6.81446123
45 48 130 132 1 -0.000160333002 -4.45334291
114 121 44 49 3 -2.36033738e-05 -5.84684086
56 57 69 104 3 -0.000133512091 -6.41170168
75 79 122 128 4 -7.27169027e-05 -3.08266568
99 102 67 78 3 -0.0218639728 -2.83715844
107 107 118 133 3 -1.52587636e-05 -4.49989367
61 69 135 150 1 -0.00018059698 -6.19784546
50 56 74 109 2 -1.3589839e-05 -6.90989208
61 61 68 74 2 -5.30476245e-05 -10.601594
119 122 131 162 3 -0.000736152753 -4.59267426
98 103 116 151 3 -0.000865119335 -4.40932131
86 94 111 134 1 -0.000405288476 -4.18281889
48 54 87 122 1 -0.000383232837 -5.53421354
84 86 99 102 2 -5.61469933e-05 -3.87740946
196 197 51 86 3 -0.00119028194 -6.10760307
0 0 0 0 2 -0.809665203 9.5611763
112 112 127 130 3 -1.57355917e-05 -5.3755765
117 117 126 132 4 -0.000232684164 -2.8853631
64 67 159 165 2 -1.71660922e-05 -8.44902802
105 105 119 150 3 -4.11268666e-05 -4.80091953
107 109 59 64 2 -0.000113484173 -4.40873146
0 0 0 0 2 -0.00408744905 8.05623817
61 61 75 110 3 -9.8583725e-05 -5.31627131
50 50 58 93 3 -0.000127790059 -5.59368038
158 162 170 205 2 -0.000197756177 -5.68723392
0 0 0 0 1 -0.00230054348 6.52039242
109 113 57 92 1 -2.39609908e-05 -5.23094273
32 36 71 106 0 -2.74180366e-05 -4.3470788
0 0 0 0 3 -0.0667796582 6.48293209
0 0 0 0 2 -1.19979811 7.83187389
25 29 44 79 3 -0.00558751356 -3.37151599
131 133 86 121 1 -0.000169034756 -4.71189642
42 44 86 109 1 -0.000137683324 -2.81021285
79 79 89 112 3 -0.000480734336 -3.74053097
58 60 77 84 2 -0.000196689667 -4.04590225
0 0 0 0 2 -0.00756572466 8.67058372
0 0 0 0 3 -0.455743432 8.48615837
80 85 106 113 1 -8.63062596e-05 -6.56727028
0 0 0 0 4 -0.85560447 10.8890381
45 50 102 109 1 -0.00012099486 -5.96499586
0 0 0 0 3 -0.0167641528 7.23060322
16 21 25 60 2 -0.000145550526 -6.87400961
103 108 120 127 3 -9.73928691e-05 -4.05680895
62 62 76 111 2 -0.00010299548 -10.954525
171 171 41 48 3 -0.000410884997 -5.36866856
68 73 25 56 1 -0.000132319998 -5.50774288
124 133 79 84 0 -0.00021838145 -4.20450783
149 159 103 107 0 -0.000369273534 -3.23183393
40 46 62 71 0 -3.83851984e-05 -3.3759017
52 53 65 100 2 -2.2292068e-05 -7.63235807
19 20 41 49 3 -6.62798266e-05 -7.12711763
92 95 105 140 3 -6.723345e-05 -5.75926495
103 105 77 81 2 -9.79888064e-05 -4.59145212
58 61 77 81 1 -0.000464408484 -4.14862061
55 61 127 138 1 -8.53528982e-05 -5.86838198
45 50 109 144 0 -7.30746397e-05 -5.06738997
101 103 38 48 2 -2.59875378e-05 -5.78449869
69 69 121 126 3 -1.68084716e-05 -4.71039486
102 104 86 92 1 -0.000109671048 -5.37560368
32 38 76 111 1 -0.000197762391 -4.79599524
42 46 85 100 2 -3.19479441e-05 -4.37005138
50 55 66 75 1 -4.51800734e-05 -7.80848122
114 118 96 103 2 -2.09807786e-05 -5.20193148
203 205 121 128 2 -2.01463008e-05 -8.61857891
59 61 89 94 2 -8.9405723e-05 -4.22549772
12 13 18 24 4 -0.00102488545 -2.3129096
12 15 19 42 0 -0.00391229382 -5.98586321
84 87 36 67 4 -0.000299682433 -0.0946262851
50 53 29 38 3 -6.13920492e-05 -4.9087863
54 55 68 103 3 -0.000132197005 -6.79431581
57 58 38 45 4 -5.25709729e-05 -2.21494007
96 97 105 128 2 -7.41471449e-05 -3.88919544
44 48 70 81 4 -0.000302303233 -2.78494501
170 171 66 74 3 -0.000266891584 -5.4539485
70 70 104 109 2 -0.000115631032 -4.07360363
164 170 75 90 2 -3.20670988e-05 -6.35781622
48 56 92 100 1 -7.86772434e-05 -5.46582174
112 112 130 135 4 -0.000112770293 -2.73598266
49 53 73 96 3 -9.26237408e-05 -5.24972248
54 58 68 79 3 -7.05710772e-05 -4.96272802
45 46 55 62 2 -0.000115035094 -3.17736411
39 42 46 57 1 -0.000109789558 -7.23442602
66 70 52 56 1 -3.13519267e-05 -7.28023052
40 43 47 53 2 -0.000145668571 -9.54073334
38 41 80 115 2 -5.40011533e-05 -6.93213844
71 80 92 127 0 -1.81197684e-05 -4.37502909
114 116 37 45 2 -2.07423673e-05 -5.01226664
62 65 73 108 3 -0.000313503784 -5.15759373
68 76 53 57 0 -3.00406118e-05 -4.34885311
114 116 44 50 3 -9.34583877e-05 -4.6261363
46 46 64 72 3 -0.000155440212 -7.40539408
56 56 73 108 3 -6.23459346e-05 -3.91584039
50 52 64 67 2 -5.04251439e-05 -4.91188335
166 170 86 121 2 -4.54183973e-05 -6.98329163
125 130 50 81 2 -0.000264396775 -4.20308304
114 114 42 77 3 -3.87428299e-05 -5.62833071
68 76 56 58 0 -2.71796125e-05 -3.22972751
89 89 40 45 3 -2.30073329e-05 -6.17950773
135 135 116 120 3 -0.000168675455 -5.35571814
136 136 153 176 3 -0.000178805727 -5.26862288
60 60 30 45 3 -0.000110862988 -5.88231611
4 4 7 42 3 -0.00158531172 -5.92148972
52 52 80 103 3 -9.70352048e-05 -5.49337578
56 59 86 92 2 -7.54587818e-05 -3.58319139
125 125 48 63 3 -3.98157281e-05 -5.53149843
23 25 29 44 2 -0.00224437076 -6.71528482
113 113 101 108 3 -6.127292e-05 -4.49182129
86 87 99 122 2 -2.7894861e-05 -5.0856123
44 45 64 71 2 -1.3113e-05 -5.11775064
133 134 75 110 2 -2.08615784e-05 -7.28871727
107 109 45 68 2 -1.19209108e-05 -7.2367301
95 97 81 85 2 -8.74985635e-05 -4.12335157
69 74 133 168 1 -5.32861959e-05 -6.92517328
54 55 75 110 3 -0.00106830336 -6.71974564
82 83 112 147 3 -0.000312908756 -6.71445227
52 55 73 104 1 -0.000135298033 -8.30823612
171 171 84 86 2 -0.0016501944 -2.4184885
110 112 59 94 3 -7.17629664e-05 -6.70766401
53 53 66 89 3 -1.12056596e-05 -5.44220734
110 116 72 95 1 -5.74585429e-05 -6.73950291
87 91 45 80 2 -0.000674028357 -6.05890274
106 106 50 65 2 -1.4305092e-05 -6.68036079
17 17 38 41 2 -0.00011324713 -5.32097197
15 18 47 58 1 -8.42800946e-05 -6.04871607
25 25 37 39 2 -0.000156042093 -3.76865387
142 143 70 74 2 -7.51017933e-06 -6.12218666
52 54 111 118 2 -5.62661589e-05 -5.44608688
0 0 0 0 3 -0.0281538963 7.68671417
0 0 0 0 3 -0.0202962346 8.04927444
0 0 0 0 2 -0.243720472 8.81393433
0 0 0 0 3 -0.00563633069 6.24588728
0 0 0 0 2 -0.23859638 8.6467495
0 0 0 0 3 -0.00195130438 6.8623004
0 0 0 0 2 -0.00683207298 9.29283333
0 0 0 0 2 -0.0418926403 7.55283737
0 0 0 0 3 -0.0188751463 8.07534027
0 0 0 0 2 -0.45986259 10.8732653
0 0 0 0 2 -0.532815814 10.5500879
0 0 0 0 3 -0.731289625 9.9953146
0 0 0 0 2 -0.0101992264 8.25512791
0 0 0 0 0 -0.0753893033 11.1149254
0 0 0 0 2 -0.539870739 9.37728119
0 0 0 0 3 -0.0437630489 8.8000412
0 0 0 0 2 -0.0113692852 8.58168888
0 0 0 0 2 -0.184542224 8.2069025
103 105 118 126 2 -0.000109075023 -5.32625437
61 65 132 134 1 -4.0650164e-05 -5.08952141
66 73 84 88 0 -0.000132795976 -5.19375467
22 24 28 63 2 -0.0511411168 -6.65287066
151 155 39 74 1 -3.74315532e-05 -6.52157211
131 135 81 116 3 -3.50473565e-05 -6.62598515
58 63 48 53 1 -4.61337222e-05 -4.2822175
122 124 50 85 1 -4.69681763e-05 -6.17755222
117 118 72 79 2 -0.000768915459 -3.70228457
57 58 33 38 3 -4.56568705e-05 -4.91512156
117 120 131 136 0 -0.000431141932 -2.06777358
98 101 62 66 2 -2.56299136e-05 -5.99722767
129 131 60 95 2 -1.64508183e-05 -7.45292044
35 42 52 59 0 -6.67571521e-06 -5.06130552
56 61 145 156 0 -5.79351254e-05 -5.00811529
52 56 70 101 3 -0.000148529769 -4.93786144
126 126 55 66 3 -2.28881254e-05 -6.03387642
99 101 165 196 1 -0.000173802211 -3.25884771
85 85 53 68 3 -4.39879586e-05 -5.38072395
137 141 107 113 0 -6.25843531e-05 -4.89242315
57 64 72 76 1 -4.85178934e-05 -6.47391653
147 151 112 127 3 -3.68355031e-05 -6.67702246
47 50 60 62 4 -0.000159498188 -2.00153065
55 59 81 116 1 -0.00013231943 -5.81969023
123 129 59 94 1 -0.000246039097 -5.0413475
70 73 87 122 4 -0.00033090834 -6.0795536
96 100 48 71 4 -4.48224855e-05 -1.37939143
49 49 61 92 4 -0.000230901103 -2.91674495
20 24 101 106 4 -7.96311142e-05 -1.50057113
0 0 0 0 3 -0.905709028 9.89499378
0 0 0 0 1 -0.0107523184 4.19290972
80 86 23 58 1 -5.73392754e-05 -5.57452536
156 161 91 126 0 -0.000135180322 -4.54477978
0 0 0 0 1 -0.445161879 9.68686104
0 0 0 0 3 -0.0439920835 9.60609245
197 199 66 97 2 -0.0013175722 -2.80131483
81 84 65 69 1 -2.45570391e-05 -5.6162343
0 0 0 0 3 -0.190770522 8.71599865
52 56 94 99 0 -0.00023030513 -2.74667001
89 92 57 62 0 -0.000151152097 -2.8610785
0 0 0 0 2 -0.55062294 0.846493363
111 112 97 103 2 -6.4610882e-05 -4.85523462
206 210 183 186 2 -0.000293714082 -4.43413401
119 123 30 36 0 -0.000234119827 -5.92683744
102 106 52 87 3 -3.13519231e-05 -6.77376556
0 0 0 0 3 -0.0143815512 7.0644846
163 165 145 149 2 -0.000344498665 -4.07495499
96 98 110 114 1 -7.15249989e-05 -5.81511164
0 0 0 0 1 -0.0486450978 8.92620182
10 11 21 24 2 -0.000530084479 -2.77044368
102 102 32 37 2 -0.000770454062 -3.2353406
47 53 91 96 1 -6.22267544e-05 -6.39543343
119 124 104 110 1 -5.78159124e-05 -5.60653019
139 142 31 34 2 -0.000111816604 -5.36191797
87 94 70 72 2 -9.51279362e-05 -4.39533806
0 0 0 0 3 -0.0441454761 9.28559685
55 63 39 48 3 -7.65315199e-05 -5.3214469
83 87 26 61 3 -3.62394821e-05 -5.29662848
77 85 109 144 1 -9.03596956e-05 -7.35627413
123 124 142 177 2 -0.000388359185 -6.62310743
40 40 93 108 2 -0.000102399332 -5.51979208
41 51 61 69 0 -8.69014984e-05 -3.84948754
106 107 36 42 3 -6.68757566e-05 -4.89846992
49 54 69 104 3 -7.60548137e-05 -5.58180666
156 161 44 79 3 -0.000422927638 -3.83951664
89 91 74 78 2 -6.4610882e-05 -4.42980194
95 96 109 144 2 -0.000129101129 -5.38506651
0 0 0 0 4 -0.000662746956 4.01099205
0 0 0 0 2 -0.377846211 8.81669712
0 0 0 0 3 -0.000416461058 1.78015864
88 93 106 129 4 -0.000156042093 0.0119673461
120 125 34 65 1 -0.000131604684 -5.81681871
96 96 111 146 4 -0.000288474257 -2.35906243
0 0 0 0 2 -0.0124519104 9.11023903
97 97 109 115 4 -0.000178809627 -2.35652065
109 110 93 97 4 -5.7696896e-05 -2.85804462
112 113 62 97 3 -2.96830094e-05 -6.83793449
48 51 93 95 2 -6.89021545e-05 -4.49448395
102 106 118 128 2 -0.000362933148 -7.65463352
170 170 79 110 3 -8.5590349e-05 -5.2597084
115 116 157 172 3 -0.000514231855 -5.48322439
98 109 125 126 0 -5.94848461e-05 -3.47040415
114 114 44 48 3 -1.2040121e-05 -5.69766283
96 101 39 74 3 -2.92061268e-05 -6.49347448
80 83 119 122 1 -0.000159617455 -2.94544387
27 33 47 58 1 -0.000159615083 -5.10315418
153 159 89 92 0 -0.00026379872 -3.98339939
220 230 177 184 1 -0.000990594621 -1.9246949
86 86 62 68 2 -1.57355971e-05 -4.8860116
25 25 97 104 2 -0.00336168474 -5.86264372
42 47 54 89 1 -9.69147441e-05 -5.52561235
0 0 0 0 3 -0.243610129 7.79221344
0 0 0 0 2 -0.597961307 9.32462406
140 146 67 102 2 -4.94715496e-05 -5.71768427
100 103 61 68 3 -7.86780492e-06 -6.42951632
61 65 90 105 3 -0.000166527752 -8.09919834
0 0 0 0 2 -0.245254904 8.77220154
82 93 48 59 0 -2.67027935e-05 -5.82500219
55 63 121 156 3 -0.015638534 -5.88784695
97 100 75 82 4 -0.000112412541 -2.08864188
0 0 0 0 2 -0.0108874543 8.03388882
0 0 0 0 1 -0.00241928594 5.82872868
65 69 86 95 2 -1.43050938e-05 -5.57267761
205 209 180 185 2 -0.000219097332 -3.71517563
81 83 91 94 2 -0.000634264783 -1.41731501
90 93 120 155 3 -9.58421879e-05 -8.53242016
45 45 61 68 3 -4.08885644e-05 -5.78739214
119 123 139 174 2 -0.000382880622 -4.2511816
0 0 0 0 2 -0.367059857 9.9230442
37 37 52 55 4 -0.00102841016 0.396036565
94 97 45 80 1 -0.000170104307 -5.71497202
75 75 63 66 3 -0.000123498743 -3.53911924
30 35 40 48 4 -0.000368803827 -3.68278503
117 120 133 156 3 -5.1974901e-05 -6.16169357
74 81 94 109 2 -1.77621187e-05 -7.63162327
95 99 22 31 1 -5.34051287e-05 -7.89870548
0 0 0 0 3 -0.505129039 9.45321655
116 119 128 136 4 -9.38160811e-05 -1.61665261
99 101 59 94 3 -0.000113961767 -7.377388
126 129 78 113 3 -0.000127789521 -5.99558735
0 0 0 0 0 -0.0315206684 8.48500347
25 25 82 88 2 -4.93523657e-05 -4.95547533
0 0 0 0 3 -0.543192327 10.2825327
99 102 32 43 3 -0.00445578061 -5.23612499
29 33 38 49 2 -0.000300269225 -9.45432281
38 41 172 207 2 -0.000792108593 -5.99647093
0 0 0 0 2 -0.044000674 7.25053501
57 61 76 83 3 -0.000499096583 -4.81186914
210 215 112 147 1 -0.00284599536 -4.67855692
128 135 111 116 1 -6.75905685e-05 -6.50960922
49 50 78 83 4 -0.000208966769 -3.32765388
48 51 73 108 2 -2.34841573e-05 -9.08732986
44 49 60 71 2 -0.00081935327 -1.67436707
177 181 199 234 2 -0.000202757481 -7.90504599
0 0 0 0 2 -0.22817041 8.93397522
73 78 48 52 0 -0.000113244176 -2.81381536
139 146 72 107 2 -3.31400261e-05 -5.56438303
91 95 56 63 2 -0.000362380059 -2.40563869
69 71 85 96 1 -0.000149603467 -6.43573666
90 94 114 149 4 -8.10616111e-05 -1.66998076
124 128 73 81 1 -0.000105975341 -5.7895813
148 154 89 124 4 -0.00094962318 -2.37316895
71 74 44 50 1 -0.000203365445 -5.93673897
48 49 61 68 2 -7.82001516e-05 -7.30720711
100 100 109 116 4 -8.86906855e-05 -2.95364046
45 47 66 68 1 -0.00014376342 -4.93904305
57 65 112 116 0 -0.000277386862 -3.73303246
59 62 92 123 2 -9.05989691e-06 -7.75148392
69 72 46 57 2 -2.05039432e-05 -9.13572884
81 86 95 130 2 -8.24917588e-05 -4.790833
52 56 68 75 0 -7.68891259e-05 -2.76890159
46 46 103 105 2 -4.31535227e-05 -5.5767107
125 132 69 78 0 -2.96830058e-05 -4.3447876
20 25 51 56 4 -9.94193324e-05 -3.41529083
104 104 119 130 2 -3.65970955e-05 -5.86511564
83 89 66 72 2 -5.71008059e-05 -3.73091245
85 85 124 128 4 -0.000251047488 -2.30729342
0 0 0 0 3 -0.0137087489 7.88710642
121 123 60 64 2 -0.000150080028 -5.03392982
0 0 0 0 2 -0.0501874313 7.53148794
0 0 0 0 2 -0.518255353 8.48523712
0 0 0 0 2 -0.447719276 10.1839819
32 33 44 50 2 -5.20941394e-05 -6.67631531
46 50 63 98 3 -1.76429239e-05 -5.87687683
0 0 0 0 2 -0.00497504137 5.45884705
0 0 0 0 2 -0.377220362 10.7165489
67 71 96 101 0 -5.36436419e-05 -4.02495289
87 93 38 49 0 -7.83196228e-05 -2.68559647
144 148 161 166 4 -0.000243896167 -0.921452999
108 109 157 188 2 -0.00018524492 -7.50807238
44 52 56 58 2 -0.00270748604 -4.68353128
61 67 45 51 0 -6.11537471e-05 -5.02309752
116 116 158 165 2 -2.62259582e-05 -6.08397484
43 49 135 170 2 -1.89542334e-05 -10.4712458
130 136 38 53 2 -0.000137684227 -4.69187164
59 67 87 92 0 -0.326464325 2.6534822
114 115 123 127 2 -7.05710991e-05 -5.83991623
7 11 17 52 4 -0.0952884182 -0.300212413
147 148 33 68 3 -7.73658248e-05 -7.02339315
101 101 51 86 2 -9.2385766e-05 -7.0915966
0 0 0 0 2 -0.0271459725 7.58537245
80 83 110 118 2 -0.000550910481 -4.97011423
124 129 192 195 1 -0.000111816 -5.00713348
78 79 118 125 3 -0.000153537287 -6.1635499
140 143 39 74 2 -0.000105498533 -8.24427128
38 42 80 115 2 -3.45705048e-05 -4.69489813
194 199 93 94 2 -0.00151427824 -7.30828285
33 38 46 81 2 -3.64778425e-05 -7.11921024
0 0 0 0 2 -0.375711083 8.7991991
66 71 41 46 4 -4.75641609e-05 -1.60945344
107 108 119 154 2 -9.07169233e-05 -5.0233779
0 0 0 0 3 -0.00640806276 6.89590788
0 0 0 0 1 -0.0244490504 8.90583801
151 151 115 138 3 -8.35647661e-05 -4.68341351
0 0 0 0 2 -0.0111548109 6.23857498
68 72 50 53 2 -4.51799169e-05 -4.01703835
11 14 27 30 3 -0.00916797202 -2.73690391
105 111 142 144 3 -0.000474523811 -5.23753119
0 0 0 0 3 -0.00788532384 8.29955196
224 226 45 52 2 -0.000802766765 -3.60340881
38 38 128 133 3 -0.000140782402 -5.90739298
99 106 74 78 0 -0.000161403295 -2.87369132
0 0 0 0 3 -0.439103603 9.30817604
134 134 100 123 3 -6.05577661e-05 -5.02068996
0 0 0 0 3 -0.0443379618 6.89196348
192 196 53 84 3 -0.0164386984 -4.58532667
138 140 86 121 1 -2.71796252e-05 -8.40527821
0 0 0 0 1 -0.0331422575 7.58529329
124 127 160 175 3 -0.000113723669 -4.03161764
23 31 80 115 0 -9.95367227e-05 -3.90298367
146 146 52 59 4 -0.000178689923 -3.17744017
117 122 55 57 2 -4.89946178e-05 -3.86272049
63 68 88 123 1 -6.01999709e-05 -6.15790415
101 106 91 93 4 -7.53395943e-05 -0.579948485
47 51 63 72 4 -7.29555031e-05 -3.39921975
0 0 0 0 2 -0.00979007129 7.85231781
0 0 0 0 3 -0.277887046 9.30973339
0 0 0 0 4 -0.0457806624 7.12176561
31 33 53 88 1 -0.000103829196 -5.75080204
89 91 49 72 2 -8.66639093e-05 -4.66531134
60 60 93 98 2 -5.54317885e-05 -5.76143408
98 100 107 108 2 -5.03058909e-05 -4.79100418
18 22 38 40 2 -4.6491281e-05 -4.90712786
103 105 50 85 2 -6.67571476e-06 -7.2619853
0 0 0 0 1 -0.00452447683 2.25490427
44 48 58 61 1 -4.75641573e-05 -5.82839727
153 157 45 49 2 -4.48224455e-05 -4.00129366
98 98 115 126 2 -2.67027845e-05 -6.34623432
103 103 52 87 3 -3.14711069e-05 -5.95247602
46 53 101 108 0 -6.24652166e-05 -3.60380769
214 214 188 192 2 -9.17896905e-05 -6.55043268
0 0 0 0 2 -0.889880002 9.46814632
112 118 56 64 1 -0.00153457816 -3.55253077
128 129 110 116 4 -0.000211590959 -1.31797016
85 86 60 67 2 -7.74859654e-06 -7.11392879
90 94 48 55 2 -8.30873905e-05 -3.36947012
0 0 0 0 3 -0.153550595 8.44580936
172 174 100 103 2 -7.41471085e-05 -6.82372475
175 176 144 151 2 -6.99752127e-05 -4.4480381
70 71 14 49 2 -0.000177736045 -3.82892799
79 83 103 134 2 -2.47953922e-05 -9.79351044
0 0 0 0 2 -0.0285569429 9.04373932
30 34 40 75 4 -4.85179226e-05 -2.34682536
0 0 0 0 1 -0.141668081 9.61444855
99 100 57 59 2 -0.000523146824 -2.60340953
0 0 0 0 0 -0.681978345 11.5582657
0 0 0 0 2 -0.013202454 8.0447998
223 227 167 202 1 -0.000319945626 -5.05225086
114 116 133 164 2 -0.000114319708 -5.71921587
120 120 71 80 2 -5.73390862e-05 -7.10828304
179 183 132 139 2 -0.0041240477 -2.8514924
73 75 58 64 2 -3.02790395e-05 -6.66697073
0 0 0 0 4 -0.0633775443 9.14476585
91 98 78 86 0 -0.00231556804 -1.86391449
59 63 37 41 4 -0.00753526855 0.476087838
98 101 155 170 2 -0.0350956582 -0.62098223
24 27 40 75 2 -5.47166783e-05 -5.15217304
71 74 106 113 2 -3.27824237e-05 -5.98747492
0 0 0 0 2 -0.0282035507 6.17021513
36 39 68 103 0 -2.09807749e-05 -4.98260784
121 124 53 59 3 -9.41741819e-05 -5.02519608
39 39 51 58 3 -2.55107025e-05 -5.23926067
184 188 136 137 2 -0.000285850634 -3.33310604
55 59 109 111 3 -0.000137922441 -5.04394436
34 34 92 96 2 -0.000677288626 -4.59018373
108 114 46 52 1 -2.92061613e-05 -7.18347025
92 96 39 43 3 -3.70739108e-05 -4.8140626
33 33 66 71 2 -0.000503838528 -3.32133007
129 130 64 72 2 -0.000112054666 -4.70985031
56 59 33 41 2 -0.000596355996 -4.10617971
67 67 45 51 4 -0.000783821684 -3.06058764
0 0 0 0 3 -0.0447076447 8.95180702
123 131 46 81 0 -0.000108836655 -3.37875319
55 60 102 137 1 -0.000133866735 -5.42780542
65 65 40 43 2 -0.000138041331 -5.34060097
0 0 0 0 2 -0.14448911 4.43614769
101 103 51 86 2 -2.22920789e-05 -6.64893389
157 159 117 124 1 -8.47568153e-05 -4.31171322
58 61 79 114 4 -6.1988394e-05 -3.25465512
172 174 59 94 2 -1.78813571e-05 -8.09010506
0 0 0 0 2 -0.283502728 9.73565674
0 0 0 0 2 -0.0681822821 8.40676785
79 79 90 95 3 -2.96829876e-05 -4.71061897
62 64 43 46 1 -0.000207418518 -6.17344809
122 127 54 61 0 -7.86770252e-05 -2.36896706
163 166 144 151 2 -0.000128505169 -5.00661182
125 128 52 59 1 -9.3458475e-05 -5.56311035
51 57 123 129 0 -8.67829367e-05 -4.48730135
0 0 0 0 2 -0.644693375 9.4994936
73 81 89 97 0 -5.14978165e-05 -4.02072239
201 205 112 118 0 -0.00081419159 -4.91663599
0 0 0 0 2 -0.00609659776 5.31259918
35 35 68 70 2 -0.000220051385 -6.85286713
106 106 113 116 3 -7.21204269e-05 -4.03533506
164 164 42 49 3 -8.7260225e-05 -2.41640997
45 47 62 64 1 -0.000341396284 -2.3416822
120 120 63 70 3 -4.49415675e-05 -6.2132163
56 63 82 88 0 -9.08362708e-05 -4.88803291
0 0 0 0 3 -0.00461869221 5.51789618
0 0 0 0 2 -0.123361938 7.55050421
0 0 0 0 2 -0.00873690005 10.7314825
79 79 133 168 3 -0.00189034827 -3.86712122
78 88 33 40 1 -0.0156088369 -1.51888466
153 153 125 127 2 -4.50608495e-05 -5.22228956
100 104 67 71 2 -0.000145194164 -6.40157986
40 41 54 69 2 -3.43321299e-05 -5.35150957
97 97 171 178 2 -0.00285416469 -5.2256875
40 44 87 102 3 -6.07961847e-05 -4.70665741
79 84 97 102 0 -0.000116582029 -1.75774908
100 108 117 128 0 -8.48760101e-05 -4.73517466
0 0 0 0 2 -0.0113884928 7.04922247
50 55 64 79 1 -0.000104187522 -6.49664974
72 77 54 59 0 -0.00017213184 -2.69942427
102 106 120 127 2 -2.09807749e-05 -6.37302876
100 102 114 149 2 -0.000214331129 -4.57692051
23 31 47 55 0 -3.24247703e-05 -6.80013609
114 116 65 100 2 -3.50473383e-05 -5.64707136
135 136 211 226 3 -0.000944707775 -5.78453302
102 109 56 91 2 -0.000174636836 -4.85131454
107 107 29 52 3 -7.41474869e-05 -5.10050392
161 162 52 56 2 -0.000101683931 -7.60939741
102 102 17 21 3 -0.000169392966 -3.80463052
94 97 34 39 2 -1.03711955e-05 -6.94911861
207 213 107 142 3 -0.0263230763 -7.02157164
78 82 115 126 3 -4.27958767e-05 -6.09527016
151 157 167 173 1 -2.55106715e-05 -5.33496857
73 73 114 149 2 -3.85044259e-05 -8.08129978
36 39 54 89 4 -4.58953436e-05 -2.96844888
42 47 107 122 2 -8.47564661e-05 -3.86872602
0 0 0 0 3 -0.0841056779 11.1783876
119 125 136 143 3 -0.000238170906 -4.95154572
31 37 81 116 1 -0.000578238105 -5.06142139
0 0 0 0 2 -0.196978629 6.13101482
83 87 106 129 3 -0.000148651248 -4.8901391
130 131 52 87 3 -0.00216707308 -2.56015968
114 114 92 99 2 -3.02790431e-05 -5.47854996
162 163 60 83 1 -4.75642082e-05 -6.19065666
45 48 95 100 2 -1.64508456e-05 -8.59735298
85 87 95 126 1 -0.000121233446 -5.87262344
0 0 0 0 4 -0.0474488549 8.49816608
83 94 123 125 0 -3.20671315e-05 -4.39002705
86 95 112 118 1 -8.20150453e-05 -4.82693291
45 49 83 118 3 -0.000111578265 -5.33556414
119 119 136 145 2 -0.000387883047 -3.52898026
197 207 86 121 0 -0.00161580346 -2.45543551
51 59 69 104 2 -4.16038602e-05 -8.95847416
0 0 0 0 3 -0.606295764 10.5211802
66 66 128 139 3 -0.000149365718 -5.6518836
74 74 87 94 4 -9.33398478e-05 -3.06596375
112 114 71 86 1 -0.000341862411 -2.49787426
0 0 0 0 2 -0.636902452 7.38683748
0 0 0 0 2 -0.207750082 9.57423782
91 92 108 143 2 -0.00011265069 -5.33434534
88 93 53 60 0 -4.45838632e-05 -3.00596285
126 129 94 102 2 -0.000120874764 -3.86533976
0 0 0 0 2 -0.112481177 7.28146553
85 88 51 55 3 -2.33649662e-05 -6.07414961
63 68 44 46 3 -0.00378790963 -2.67776489
54 60 154 162 2 -0.000139352269 -7.04746628
119 120 136 148 3 -0.00827194285 -4.06423855
0 0 0 0 3 -0.00997396931 7.13339615
45 48 53 61 4 -0.000128504966 -2.87787032
34 34 45 49 4 -0.000671802321 -3.368963
0 0 0 0 1 -0.00301172119 -1.86952043
0 0 0 0 3 -0.591140985 10.1631174
57 66 107 142 0 -3.26632253e-05 -6.20906734
116 120 31 34 2 -1.1324858e-05 -7.38879013
175 176 56 87 2 -0.00115083717 -3.34247065
25 28 41 45 1 -2.43186223e-05 -8.53565311
46 53 86 93 0 -6.6398934e-05 -3.47840047
97 103 42 48 0 -8.2254337e-06 -5.94975281
52 53 68 79 2 -0.000196928188 -3.46214843
0 0 0 0 2 -0.00229602237 7.40881252
88 90 35 58 2 -3.54049262e-05 -9.74757099
15 19 117 132 1 -0.000320296735 -7.62047672
90 94 104 115 2 -1.22785204e-05 -8.02301884
72 76 46 54 3 -0.000105736857 -5.41425323
166 171 38 49 0 -0.0115545988 -1.29154861
94 94 27 62 3 -2.46762575e-05 -4.85576916
124 125 104 111 2 -1.7642933e-05 -5.89809322
35 35 138 173 3 -7.59353206e-05 -5.34383678
100 103 118 127 4 -5.06635843e-05 0.261182517
43 51 64 99 1 -0.000202171708 -8.76125813
72 77 48 59 2 -0.00445301039 -2.04927707
57 62 80 115 2 -1.6450851e-05 -7.65159893
141 147 71 78 1 -4.04116581e-05 -3.29118967
89 93 31 38 1 -6.0796232e-05 -4.13227272
138 138 88 93 2 -0.0343173891 -0.619259477
94 98 114 118 3 -2.53914732e-05 -4.81182241
163 165 85 108 2 -3.14710924e-05 -5.6986146
56 61 38 42 1 -6.73523537e-05 -3.10409856
40 43 63 98 2 -1.47819264e-05 -6.11425686
122 122 63 98 3 -0.00012659801 -3.91061187
130 134 51 86 2 -0.000157586983 -7.11213064
76 76 108 143 4 -0.000849741278 -3.65755844
40 42 82 105 3 -4.25574617e-05 -6.7624836
70 74 101 136 3 -0.000224940901 -8.11321163
0 0 0 0 2 -0.00628357008 7.48144722
156 161 55 61 2 -0.000125286708 -4.43420887
84 87 49 72 2 -6.62798047e-05 -4.81087685
0 0 0 0 4 -0.014925316 5.16297388
34 39 53 88 3 -2.77756644e-05 -7.21376133
33 40 79 114 0 -2.75372258e-05 -5.23093224
39 43 119 154 3 -0.000839219952 -6.13162994
176 184 47 82 3 -0.000128624699 -7.29733181
56 59 85 116 2 -0.000100134246 -5.50509882
19 23 28 63 4 -0.000258674292 -3.72592449
47 51 126 128 2 -8.07028118e-05 -3.57334948
159 164 102 137 4 -0.000366419292 -1.63263643
61 62 77 112 3 -0.000936592929 -5.37694645
40 40 50 61 4 -6.449176e-05 -3.48257685
0 0 0 0 2 -0.348436743 9.9467659
101 102 135 143 2 -6.50873844e-05 -5.6714859
87 90 100 105 2 -4.00541212e-05 -4.46753693
181 183 75 98 2 -0.000439958647 -5.51143312
97 100 47 82 2 -0.000430904445 -3.85098839
71 73 25 60 2 -0.000283827248 -6.24059963
101 109 35 70 1 -5.42398993e-05 -5.46778631
89 94 102 117 1 -4.26767037e-05 -6.49710321
92 92 65 72 3 -2.72988436e-05 -3.27789712
110 113 129 137 0 -4.78025031e-05 -5.56276131
60 64 91 99 3 -3.29016111e-05 -5.75438452
40 43 110 118 2 -0.000103352577 -5.48322153
42 53 101 103 0 -0.000256052415 -3.56434178
48 49 59 94 3 -3.5762645e-05 -6.50789022
85 85 40 75 4 -0.00022350924 -1.83990276
53 61 106 129 3 -0.000203604344 -5.88310575
39 43 66 97 3 -0.00012981669 -4.40057421
64 69 41 46 4 -0.000741056516 -1.25092614
93 93 123 129 3 -7.61736228e-05 -3.73825431
82 82 96 131 4 -0.00147538702 0.141200364
113 116 80 84 4 -9.83465143e-05 -1.8168751
159 160 82 89 1 -0.000142452729 -4.52769947
0 0 0 0 2 -0.00275406428 6.34944582
0 0 0 0 3 -0.291522086 7.71005297
110 117 45 53 2 -7.09285814e-05 -7.79864788
55 57 38 44 1 -4.482246e-05 -6.38438416
86 90 106 110 3 -3.18287275e-05 -5.32805634
58 59 114 117 2 -7.86780583e-06 -5.62650061
48 53 65 100 0 -4.16036855e-05 -5.11735821
95 96 108 131 3 -0.000335789984 -4.60508108
0 0 0 0 1 -0.512497127 10.3267527
105 107 53 56 3 -5.12593615e-05 -5.95772648
136 141 161 165 4 -7.25976715e-05 -1.99204457
0 0 0 0 2 -0.763279796 8.06084538
24 32 36 47 2 -0.000158421404 -10.3206673
0 0 0 0 2 -0.000685499457 3.73181725
107 107 36 71 3 -3.34976066e-05 -6.37987232
81 86 121 156 4 -0.000286315888 -1.54243183
66 67 55 59 3 -3.44513392e-05 -6.42696142
64 71 99 134 1 -0.000116465773 -6.50747061
191 191 141 176 3 -0.00018643857 -3.81231737
0 0 0 0 2 -0.04315231 7.81415176
116 120 46 81 3 -5.56703671e-05 -6.11877203
39 44 82 84 0 -6.63990286e-05 -3.37407351
64 66 83 89 2 -0.000218385365 -3.47635031
82 86 107 142 3 -0.00224163732 -5.30458546
0 0 0 0 2 -0.301204085 3.07101655
0 0 0 0 2 -0.00475360174 5.79241037
109 115 8 23 1 -0.000136968316 -5.211236
0 0 0 0 2 -0.0138741024 2.34813356
0 0 0 0 2 -0.551779747 8.82135391
140 144 85 120 4 -0.000296105078 -0.783871531
75 80 125 132 1 -6.4372558e-05 -5.14677429
83 89 38 43 2 -1.41858845e-05 -7.41693163
133 137 46 81 3 -7.60535913e-05 -7.45130253
41 48 61 69 0 -7.68891186e-05 -1.41437018
196 200 90 95 3 -0.000197521513 -6.46511269
92 95 104 115 2 -0.000198474838 -5.80405235
101 105 114 120 3 -5.63856483e-05 -5.11436462
174 178 37 72 4 -0.00130784814 -1.98518658
46 46 118 122 3 -0.00101931987 -2.72236538
67 68 130 165 3 -0.00011861034 -5.95990801
103 106 36 42 2 -9.1791062e-06 -7.11261034
55 67 138 145 0 -7.51009648e-05 -4.55389547
38 38 95 126 2 -0.00068669091 -5.16934776
81 82 57 65 3 -0.000485742115 -4.04477739
0 0 0 0 3 -0.486497372 9.73431873
47 47 57 92 3 -4.47032216e-05 -5.83815193
0 0 0 0 4 -0.0455283746 9.00947094
24 24 84 107 2 -0.000342115643 -4.20521116
82 86 99 107 1 -6.55643089e-05 -7.54736662
90 90 67 78 3 -3.26632071e-05 -4.47021914
111 117 30 33 1 -3.659707e-05 -7.31435108
129 131 79 90 2 -2.39609471e-05 -4.82910395
85 85 123 154 3 -0.000120755154 -5.1939292
70 74 33 38 1 -0.637203813 3.03811598
208 209 48 54 3 -0.000507313758 -4.17566681
0 0 0 0 2 -0.0998772308 9.55496788
133 137 86 121 3 -0.000194187276 -4.95846653
89 92 111 118 2 -4.37494637e-05 -5.47437382
35 40 97 99 0 -0.000107881031 -3.27091861
167 173 192 198 1 -6.31803632e-05 -5.10812044
0 0 0 0 1 -0.0492593981 9.45021439
67 72 105 109 3 -7.02135003e-05 -5.04920816
151 156 33 68 3 -0.000300395186 -5.88766479
0 0 0 0 3 -0.0138424002 6.89324427
107 109 50 57 2 -5.11404287e-05 -4.67680311
0 0 0 0 2 -0.942050397 8.65515518
46 50 77 88 1 -0.000683725637 -0.72093004
53 56 103 108 2 -9.01212188e-05 -2.9922483
111 112 146 152 2 -0.000108478707 -3.7749908
92 102 45 80 0 -3.0279014e-05 -4.77505064
137 138 35 38 2 -0.000272502162 -2.60254955
58 60 99 134 2 -1.35898345e-05 -8.19403076
113 118 28 59 4 -0.00635061134 -1.23408985
81 87 62 67 0 -5.57896092e-05 -1.79252696
58 65 78 84 2 -1.70468957e-05 -9.00515842
35 39 49 84 3 -3.44513319e-05 -6.01535082
132 132 70 105 3 -6.92597387e-05 -3.51150751
66 66 101 136 3 -0.000109074972 -4.96605825
71 71 57 59 2 -8.18959743e-05 -4.33427858
0 0 0 0 2 -0.0166708492 6.14285326
81 86 135 142 1 -6.60412261e-05 -7.50874233
76 77 45 47 2 -0.000141855722 -3.96100783
22 26 33 68 2 -0.000176306276 -7.21558237
80 80 88 93 2 -0.000101207064 -4.16103935
0 0 0 0 3 -0.490492225 9.18908882
114 115 48 83 2 -0.000192391963 -6.90628862
200 202 45 80 4 -0.000259502296 -6.65638828
0 0 0 0 2 -0.00425582193 5.19572783
45 49 60 66 2 -7.74859745e-06 -6.78321123
0 0 0 0 3 -0.00546157733 5.22148657
93 93 108 115 3 -1.65700494e-05 -6.34785652
151 155 36 59 3 -0.000355922733 -5.29890966
144 149 57 66 1 -0.000133987647 -6.78002071
56 64 133 140 1 -6.84254919e-05 -7.57488537
44 47 78 83 1 -6.44917163e-05 -4.69623661
60 68 96 131 3 -7.62926793e-05 -7.27222633
0 0 0 0 2 -0.00142269291 6.85497761
184 189 60 95 3 -0.519830465 0.736761451
38 42 47 62 3 -0.000213375242 -5.0786624
141 141 39 62 3 -3.08750896e-05 -5.16963863
119 122 101 104 3 -2.24112409e-05 -6.81437397
153 158 81 92 2 -0.000152704044 -4.9382782
152 155 90 125 3 -0.000155445683 -5.15364981
0 0 0 0 2 -0.017019527 7.53350735
185 189 77 84 3 -0.00611764658 -4.42821455
71 75 85 120 3 -0.00107428466 -5.25234604
154 156 176 184 1 -0.000109313434 -3.92048788
0 0 0 0 2 -0.00397237437 6.45128775
43 47 88 94 3 -1.65700549e-05 -6.64911509
0 0 0 0 2 -0.00681215944 7.47308159
48 48 116 124 3 -5.11402177e-05 -4.38791513
70 76 32 40 0 -4.07692933e-05 -6.09326839
53 60 71 94 2 -2.05039396e-05 -5.48915052
40 45 49 61 0 -0.000156278344 -4.91429806
86 91 26 29 3 -9.09554656e-05 -4.05275297
111 117 176 179 1 -0.0134083834 -4.51535368
0 0 0 0 2 -0.381094009 8.80481815
41 46 60 91 3 -0.000201219693 -4.93336296
123 129 39 50 1 -3.11135118e-05 -7.34223747
73 74 108 143 2 -0.000164024474 -6.01862001
59 63 74 80 1 -8.38031556e-05 -7.07989359
51 59 32 40 0 -2.62259728e-05 -3.94998837
60 61 74 81 2 -0.00164734176 -0.260547817
0 0 0 0 3 -0.00119041139 3.62111545
114 118 70 75 3 -0.000149127853 -4.18661928
37 39 49 60 2 -6.6279601e-05 -4.94454956
87 91 104 106 3 -5.23324888e-05 -5.34738493
105 112 133 144 2 -0.0098667508 -3.59194708
152 158 59 94 1 -5.51935664e-05 -6.0199399
82 87 58 67 0 -2.19344547e-05 -4.47630262
94 100 185 189 0 -5.7458441e-05 -5.0632844
42 46 117 128 1 -0.000629573478 -2.14259171
84 84 54 61 3 -5.05444368e-05 -5.61992025
0 0 0 0 2 -0.0247097332 7.37437057
54 57 44 48 1 -6.49685389e-05 -5.72101021
0 0 0 0 2 -0.0370711237 9.3976059
0 0 0 0 2 -0.00189719012 6.3482728
75 76 91 97 1 -3.65970918e-05 -5.68457747
59 61 189 224 2 -0.00382434856 -8.1416769
188 189 207 242 2 -0.03887254 -3.61710668
0 0 0 0 2 -0.466811985 8.99504757
58 64 106 141 1 -6.12731819e-05 -5.93119574
69 75 120 125 0 -4.01732832e-05 -5.07041931
0 0 0 0 2 -0.00389584899 6.17097044
41 49 60 71 2 -5.18556626e-05 -4.49300671
100 104 49 51 1 -1.93118485e-05 -6.3386178
42 43 49 57 1 -0.362688839 -3.88943505
54 56 131 142 1 -0.000690631452 -1.60362566
0 0 0 0 2 -0.0992568582 7.15791845
44 51 65 74 0 -0.0437241644 -0.0405583307
0 0 0 0 2 -0.270105064 10.1569567
131 135 43 78 3 -6.28226626e-05 -7.14401484
124 124 141 176 2 -5.18556189e-05 -3.87555432
63 71 105 110 1 -0.000202881391 -3.93565893
132 138 79 114 2 -4.10077191e-05 -9.11182117
145 148 51 86 4 -0.000141976023 -2.76352501
0 0 0 0 2 -0.199650019 6.81583643
109 111 139 143 1 -3.40936967e-05 -4.98155832
117 121 105 107 1 -0.000133273978 -5.06851912
107 112 69 72 1 -8.78555657e-05 -1.94217217
22 27 48 50 3 -6.54452815e-05 -4.87098169
17 23 28 35 1 -0.000760566851 -8.27673054
0 0 0 0 2 -0.027671149 7.69504166
50 51 62 68 2 -6.81871461e-05 -4.83703279
114 114 49 55 2 -3.8623537e-05 -7.29244852
123 127 77 81 2 -0.000113246373 -4.45691109
67 70 118 129 0 -5.20939866e-05 -5.26948071
46 52 60 68 1 -3.43320971e-05 -6.47250843
75 80 51 55 2 -2.01463208e-05 -8.14434719
58 61 199 203 2 -3.51665658e-05 -9.22576618
79 84 95 130 4 -0.000638318248 0.455241412
97 100 117 121 2 -0.001498322 -2.54868913
53 54 111 146 2 -3.8266e-05 -7.74658346
83 85 66 68 1 -0.000106929161 -4.31165266
107 109 92 97 3 -9.91806373e-05 -5.68550301
0 0 0 0 1 -0.466640919 9.41447258
72 75 91 126 1 -5.16173059e-05 -5.74616814
0 0 0 0 2 -0.00381534756 5.70562553
180 185 128 135 3 -9.23862317e-05 -6.32564163
133 140 150 152 0 -7.66508383e-05 -4.98893261
112 117 135 141 3 -0.000343775668 -4.76344919
0 0 0 0 4 -0.570063353 7.15157127
63 63 124 132 2 -4.26766492e-05 -4.36705685
121 123 41 49 2 -4.07693951e-05 -8.02155876
124 128 71 106 3 -0.00026070184 -4.48464203
81 87 106 111 0 -3.69546724e-05 -4.09192276
35 35 50 54 2 -0.000131723034 -3.78117347
35 43 51 86 2 -0.00012576369 -6.356071
101 106 122 128 4 -3.51666058e-05 -2.65365267
78 82 25 60 2 -1.0609614e-05 -8.10024452
0 0 0 0 2 -0.00193689531 7.19461393
0 0 0 0 3 -0.00206982251 2.40772223
45 45 116 123 3 -4.89946979e-05 -5.56558847
75 78 105 140 1 -7.14055786e-05 -5.93144035
121 123 137 168 2 -5.1140436e-05 -6.38930559
100 104 42 57 4 -0.000166412632 -2.343086
53 57 74 109 4 -4.31535664e-05 -1.80439162
35 41 137 142 2 -1.26361556e-05 -9.61543369
0 0 0 0 3 -0.61178267 10.1092911
58 61 42 46 3 -2.18152236e-05 -7.97722149
63 67 101 112 3 -4.27958694e-05 -6.11832094
46 50 85 120 4 -9.6677395e-05 -1.99134731
0 0 0 0 1 -0.00451214612 8.50829983
40 44 80 82 0 -0.000393462949 -1.92300081
51 53 34 41 2 -3.12327211e-05 -4.09015465
32 35 18 22 2 -4.33919049e-05 -5.2926898
74 76 90 97 1 -0.000106928783 -6.4498229
67 70 78 83 1 -2.5153091e-05 -6.77430916
86 86 50 58 3 -6.17493788e-05 -6.17381048
58 60 106 141 2 -0.000194294698 -8.84811497
74 81 149 156 2 -1.15632793e-05 -8.33795071
117 121 79 81 0 -0.000407535757 -0.740104437
72 77 140 149 1 -8.3803192e-05 -6.13698864
111 111 122 126 2 -5.68622454e-05 -6.85714054
0 0 0 0 2 -0.00178701314 6.60768986
28 29 74 76 1 -0.000172134445 -5.69983578
0 0 0 0 3 -0.487657607 10.2002592
106 109 120 127 2 -2.00271006e-05 -7.24801731
0 0 0 0 1 -0.0160870291 8.52037811
44 49 110 145 3 -0.000118492302 -6.07454824
120 120 61 84 3 -0.00352361263 -2.84201193
79 83 51 60 3 -6.86634594e-05 -4.3964653
173 176 79 110 3 -0.000851656718 -4.4030652
0 0 0 0 1 -0.667235613 9.18283653
92 94 104 139 2 -1.23977343e-05 -6.44151688
38 40 46 81 1 -0.000612971664 -5.64084721
0 0 0 0 2 -0.173932254 6.17249346
142 148 100 107 2 -2.45570391e-05 -3.48018909
0 0 0 0 0 -0.0113721732 6.26709032
91 92 140 148 4 -0.000655550684 -2.62155867
84 89 106 121 1 -5.8173282e-05 -7.43058538
77 79 56 61 2 -6.91413243e-06 -6.53302813
0 0 0 0 3 -0.00362216542 4.15294266
105 108 145 151 2 -8.26111063e-05 -5.66253471
121 126 73 108 1 -6.78289725e-05 -4.74912167
100 104 134 139 4 -0.000106094616 -2.37664938
63 68 41 45 2 -1.71660904e-05 -6.88432121
111 113 136 140 2 -7.34320784e-05 -9.29851437
88 88 101 103 2 -0.000193348256 -4.12884188
0 0 0 0 2 -0.274535984 11.2443848
40 43 55 90 1 -0.00010490288 -4.39996195
0 0 0 0 4 -0.253253996 7.48842573
0 0 0 0 2 -0.00144933432 4.95152903
140 143 38 61 2 -9.44124986e-05 -4.27664185
147 152 73 82 4 -0.000342474843 -2.53156495
116 121 137 172 0 -4.6133584e-05 -6.34487486
99 110 157 161 0 -6.90210582e-05 -4.42602491
159 163 85 92 3 -8.29686542e-05 -5.26238489
42 50 170 201 0 -0.00179571472 -3.58895659
108 112 97 102 1 -7.61737901e-05 -5.11255884
191 197 66 72 2 -0.00461322814 -2.85294318
0 0 0 0 3 -0.573630154 9.84652805
110 112 39 74 1 -4.98291774e-05 -6.00115013
154 158 117 132 4 -0.000255100516 -1.89211178
58 65 176 176 0 -0.0006425826 -2.11193609
0 0 0 0 3 -0.040158201 9.07510185
64 66 82 93 3 -0.000350815622 -4.73876333
103 109 127 162 1 -7.28355226e-05 -6.44423914
60 60 97 112 3 -0.000320657418 -4.0649848
42 43 69 84 3 -0.00973017886 -1.69611776
58 64 173 175 1 -6.24651584e-05 -5.12492943
104 107 127 135 3 -2.0861582e-05 -7.87823629
48 55 128 134 3 -0.000463338016 -3.79142404
82 84 116 119 2 -7.09286833e-05 -4.36246872
61 63 42 50 1 -8.17765831e-05 -6.87541819
130 134 146 181 3 -0.000352603965 -5.41017008
0 0 0 0 2 -0.00250705634 7.27168512
113 116 34 69 2 -7.39085226e-05 -4.97190952
58 59 116 127 2 -3.36167723e-05 -7.28694296
95 97 105 111 1 -4.13654416e-05 -6.26585484
0 0 0 0 2 -0.135585323 8.58842087
117 119 45 80 2 -0.000106808548 -7.38556194
87 93 64 66 1 -0.000262122951 -1.57464492
55 57 71 75 2 -1.46627199e-05 -5.36082697
0 0 0 0 2 -0.0278527103 6.98885965
45 45 92 127 2 -7.51010375e-05 -6.10906506
132 135 100 108 2 -1.52587609e-05 -8.41562271
0 0 0 0 2 -0.0419261754 7.82824326
75 78 37 41 2 -1.27553758e-05 -6.50934601
109 113 64 99 2 -0.000155206653 -3.69774628
43 47 61 68 2 -2.09807749e-05 -5.26830626
67 71 84 119 4 -9.53664567e-05 -1.68960977
45 50 91 98 0 -0.0012927769 -4.56736898
105 108 70 77 2 -8.69024443e-05 -4.62079239
110 110 83 90 3 -0.000121709934 -4.13794041
53 59 116 123 1 -8.64254907e-05 -5.42068815
128 132 98 106 2 -7.86771343e-05 -5.29029131
117 119 40 46 1 -3.4332108e-05 -7.86076641
77 81 59 61 4 -4.29151405e-05 -2.80216694
123 123 54 85 2 -0.00330876373 -3.71038675
0 0 0 0 2 -0.271592617 9.04536533
84 90 51 66 1 -6.10347088e-05 -6.33052254
0 0 0 0 2 -0.00144959602 1.97709048
60 62 69 77 3 -0.00151291082 -4.65981293
113 117 96 102 2 -0.00033567904 -2.44476128
64 67 86 121 0 -0.000572520657 -1.56067514
64 67 83 118 2 -2.64643859e-05 -4.97944403
103 104 120 122 2 -0.000230898208 -2.93896127
105 109 88 93 2 -1.62124343e-05 -4.76908922
125 125 143 152 3 -9.8943583e-06 -5.39031744
185 185 48 83 3 -0.000238172332 -4.83938122
74 79 50 52 3 -1.59740157e-05 -5.39323139
128 135 58 93 2 -5.31668011e-05 -7.35263395
138 138 168 203 3 -4.37496128e-05 -8.57904148
105 106 120 126 3 -5.19748864e-05 -5.13488197
0 0 0 0 2 -0.218780681 10.3048096
41 44 56 91 2 -0.000112887661 -7.73811531
37 41 53 59 3 -0.211735994 -7.44973373
60 64 28 39 2 -6.83060207e-05 -8.82881641
47 54 68 70 2 -7.98701512e-06 -5.2656846
72 76 94 99 1 -0.000131962268 -3.61555409
115 117 65 100 4 -0.000142929523 -1.70843899
0 0 0 0 3 -0.0365120508 7.32438517
63 67 80 87 4 -0.000261655427 -1.78126419
114 114 68 103 3 -0.000314221281 -2.82893491
85 85 65 70 3 -2.20536695e-05 -4.98675156
12 20 25 56 0 -0.00656240899 -4.66527557
45 53 58 64 1 -0.000167246792 -8.51461411
49 52 71 75 2 -0.00048693741 -2.96755672
35 37 54 85 1 -0.00206479919 -0.908656538
137 143 96 119 0 -0.000134465387 -3.89884591
0 0 0 0 1 -0.975096464 10.5007782
24 30 59 67 0 -4.94714623e-05 -3.76107168
108 113 56 91 1 -5.19748937e-05 -6.83638239
114 118 132 138 3 -1.2636161e-05 -5.82258892
52 53 132 135 3 -2.81333068e-05 -6.33654118
51 55 61 96 4 -2.81332832e-05 -2.78628039
120 124 70 105 1 -0.000101684418 -6.25383329
46 47 99 134 3 -0.000133153342 -4.48254728
113 116 130 138 1 -0.000180120522 -3.697963
46 46 56 62 3 -1.93118467e-05 -6.2179904
0 0 0 0 1 -0.0175302718 6.80903912
96 103 66 81 0 -4.38687384e-05 -3.73829961
90 94 117 124 2 -1.02519862e-05 -8.58979702
85 86 103 111 1 -2.45570409e-05 -6.23111057
57 59 89 104 3 -4.47031489e-05 -4.88689947
56 57 71 76 4 -0.000156042137 -2.74399662
124 125 169 204 2 -3.13519122e-05 -7.4586606
45 46 109 115 3 -0.000129935492 -5.46473217
0 0 0 0 1 -0.286911428 8.31937313
162 162 69 92 2 -7.46243313e-05 -6.68004847
46 50 79 102 0 -0.000142689387 -4.11540318
143 144 96 131 3 -0.000545094314 -7.16110659
165 167 145 152 2 -0.000950438669 -3.83601999
48 53 62 65 0 -8.80941079e-05 -3.62202168
0 0 0 0 2 -0.00755767105 6.50644302
0 0 0 0 2 -0.00395608554 5.66020918
105 111 67 72 1 -6.58029312e-05 -4.84294033
0 0 0 0 3 -0.00841069967 6.51985788
48 51 117 152 4 -0.000607802707 -3.09281135
30 38 51 54 0 -0.000103710656 -1.76282322
0 0 0 0 3 -0.123203047 8.11857891
0 0 0 0 2 -0.742333293 6.64243412
120 125 147 158 1 -0.000114200855 -6.2327342
34 34 42 65 3 -1.69276846e-05 -8.41644573
38 38 52 60 3 -2.69411867e-05 -3.79144073
0 0 0 0 4 -0.076414831 8.0705719
127 133 74 109 0 -5.13788145e-05 -3.46724248
0 0 0 0 3 -0.507537007 7.69249964
0 0 0 0 2 -0.065422222 8.68508816
36 42 67 76 1 -8.64258618e-05 -7.03889894
108 114 123 154 2 -0.000146624137 -3.68378282
55 59 130 134 4 -0.000112055022 -2.90380263
46 52 111 120 4 -9.15517521e-05 -3.30849481
102 108 88 96 2 -2.89677573e-05 -4.80474329
61 64 73 78 3 -1.65700585e-05 -6.00625372
31 38 130 141 1 -0.000117300035 -7.50522137
0 0 0 0 2 -0.154447809 8.40805626
107 114 23 58 1 -3.6001009e-05 -6.48783398
0 0 0 0 3 -0.421268731 8.2957468
69 74 164 199 2 -2.28881108e-05 -7.6246233
34 34 48 50 2 -0.000150081149 -3.97794986
87 94 62 70 2 -3.80275487e-05 -6.64876747
127 128 136 143 2 -2.2172866e-05 -4.73826981
98 99 123 130 2 -0.00140236295 -4.24961615
83 88 94 100 3 -1.39474623e-05 -4.76518059
77 83 62 64 1 -7.05712446e-05 -4.10460711
82 85 112 113 0 -0.000147934887 -3.39866924
42 48 121 132 0 -0.000211112609 -4.19158888
96 100 72 79 3 -3.49282018e-05 -5.59764099
88 94 121 156 2 -4.61336967e-05 -7.28778362
80 87 150 155 2 -0.00015544155 -4.1404357
0 0 0 0 0 -0.0798503235 10.3292208
121 127 144 152 2 -0.000344021944 -5.06097031
0 0 0 0 3 -0.621740639 9.31689167
54 59 21 44 0 -6.37763515e-05 -3.68046284
131 131 56 59 3 -3.21863299e-05 -4.99964571
102 103 151 186 2 -0.000111695786 -7.09689569
113 117 62 71 3 -0.000124570273 -4.86422634
79 81 20 27 2 -4.06500949e-05 -7.19425249
0 0 0 0 2 -0.0267673731 7.74727154
115 115 86 101 3 -4.6252946e-05 -4.56897211
97 101 85 91 4 -6.49685971e-05 -1.52786529
153 156 67 75 2 -4.1842166e-05 -5.374403
0 0 0 0 2 -0.564772666 9.9646101
60 62 73 108 2 -5.04251948e-05 -5.539608
63 65 40 45 2 -2.01462899e-05 -6.56698847
54 60 100 106 2 -0.000102756603 -2.94224405
49 49 69 104 3 -2.70604251e-05 -5.84543896
0 0 0 0 2 -0.0603218377 8.79959011
0 0 0 0 4 -0.0435091965 7.0132308
55 59 139 174 1 -3.7073929e-05 -7.56774759
121 121 34 69 3 -0.00040695857 -3.60397172
58 65 101 108 2 -2.09807658e-05 -6.59352589
76 78 115 150 2 -1.87157966e-05 -7.27429962
208 211 174 189 2 -0.000290144293 -5.45559645
0 0 0 0 2 -0.347570211 9.39164066
0 0 0 0 3 -0.25568682 7.86762619
117 121 134 139 3 -0.000290856959 -4.88280153
189 197 119 121 0 -0.00479785446 -3.87261343
52 56 74 79 4 -5.09020028e-05 -1.56683314
17 29 33 41 0 -0.00129683467 -8.72521687
53 59 70 77 3 -4.62528187e-05 -6.18781042
22 29 37 42 1 -3.05174526e-05 -5.55143023
59 62 154 162 4 -0.000175471534 -2.90932226
0 0 0 0 1 -0.0267676134 7.49203873
113 115 95 106 2 -3.60010526e-05 -5.18909264
72 73 88 123 2 -2.6345173e-05 -5.85168505
0 0 0 0 2 -0.415887922 8.87329388
0 0 0 0 2 -0.333417028 8.75858688
0 0 0 0 3 -0.0160954203 6.57000208
68 72 51 53 4 -5.98426595e-05 -1.81745768
0 0 0 0 1 -0.00241430034 5.64428949
168 171 146 150 3 -0.000854146085 -4.1600194
41 45 48 79 3 -0.0011536238 -2.62708712
103 105 41 48 2 -1.29937926e-05 -7.03294373
80 82 108 115 2 -1.59739848e-05 -6.61967468
80 80 91 98 3 -3.11134791e-05 -5.83956528
151 155 56 91 0 -9.79888573e-05 -5.62217093
0 0 0 0 4 -0.000407516229 4.58700943
0 0 0 0 2 -0.396776587 8.65303516
47 53 66 74 0 -0.000178689545 -3.46352434
0 0 0 0 2 -0.0127054593 7.17135525
0 0 0 0 3 -0.83273989 10.4550209
61 69 88 93 0 -2.34841318e-05 -5.07311058
84 86 33 37 2 -0.00012945928 -4.73267937
146 152 167 176 3 -9.2266273e-05 -4.89204025
0 0 0 0 2 -0.169053152 8.05090427
0 0 0 0 0 -0.0941772535 7.36585808
0 0 0 0 2 -0.263678908 8.80642223
118 120 135 139 2 -0.00034687997 -3.52059364
26 30 36 47 3 -0.00224742573 -12.2035065
0 0 0 0 1 -0.284224123 10.3214684
136 140 43 74 2 -0.0153444698 -0.874407291
27 28 38 40 2 -0.000194901397 -3.56813049
0 0 0 0 2 -0.0112260459 7.68162489
73 73 152 187 3 -0.00048334137 -7.81225443
117 118 24 59 2 -0.000214094107 -4.43417501
84 87 95 118 2 -0.000672997732 -4.9359479
0 0 0 0 2 -0.0176875684 6.30448341
122 127 79 86 1 -7.24783895e-05 -3.02269936
0 0 0 0 3 -0.0263830014 7.87291718
171 171 212 219 2 -0.0013824054 -4.46089602
66 70 80 87 3 -0.00010692919 -4.55738783
37 41 162 169 2 -5.48357129e-05 -5.40526867
114 120 131 166 3 -7.42665507e-05 -5.87880754
103 103 110 114 3 -8.96433266e-05 -3.72563243
127 133 54 57 2 -4.27958621e-05 -4.82958126
89 89 70 77 3 -8.05842792e-05 -6.55658817
79 81 97 104 2 -0.000134107904 -5.04833364
82 82 88 123 3 -3.86236534e-05 -5.09987354
71 79 46 50 1 -7.95119122e-05 -4.13366318
0 0 0 0 3 -0.00051852694 0.643180668
78 83 57 64 1 -4.04116654e-05 -3.89391541
90 93 106 117 2 -0.000613639597 -2.9041996
151 151 115 122 2 -6.04385932e-05 -5.36863899
103 103 137 140 2 -6.29418646e-05 -4.37460947
119 121 67 73 2 -4.44647703e-05 -3.86557031
31 35 50 85 2 -5.48358657e-05 -5.19461966
0 0 0 0 4 -0.652486742 8.31622696
90 93 109 120 4 -0.000206107565 -2.02899098
157 160 69 100 1 -0.000295030623 -2.23286462
113 121 58 65 3 -0.000165696911 -5.33006525
0 0 0 0 0 -0.0335375294 11.9237757
61 64 40 49 2 -2.05039323e-05 -5.81028223
64 71 126 135 2 -2.57490719e-05 -8.607934
117 121 95 110 2 -3.86235333e-05 -4.26367331
13 16 20 24 2 -0.542879224 -5.51615429
0 0 0 0 2 -0.888795674 8.20283127
62 62 150 185 3 -0.000183457421 -5.04105806
118 122 137 152 0 -5.38822205e-05 -2.75898814
62 68 35 50 2 -7.62938771e-06 -6.23384809
106 110 191 206 3 -0.000813976687 -5.39504814
0 0 0 0 4 -0.0529253595 6.95627117
71 77 155 164 3 -5.26901058e-05 -5.94771147
146 150 182 191 1 -0.00013494218 -5.533216
0 0 0 0 2 -0.26372081 6.4587307
24 25 51 86 2 -9.45313441e-05 -5.32078314
135 140 88 111 1 -0.0389203206 0.721417129
148 154 70 76 0 -5.38821841e-05 -3.78693533
50 50 111 146 4 -0.000930318725 -2.75117612
22 28 35 70 0 -0.000471048086 -5.15906239
110 112 50 73 1 -0.000116700518 -4.45996618
0 0 0 0 1 -0.437602967 8.77294636
48 51 128 143 2 -4.10077555e-05 -5.97904825
0 0 0 0 2 -0.186056927 6.64932919
0 0 0 0 2 -0.0795291588 8.26921177
200 200 223 226 3 -0.000839496381 -4.7774291
61 65 107 142 3 -0.000258196756 -4.00110149
0 0 0 0 3 -0.00253925961 5.20948076
0 0 0 0 3 -0.0435749404 8.56501389
0 0 0 0 3 -0.0147157554 6.69380903
105 111 131 166 0 -3.98155353e-05 -5.69473505
171 173 112 147 2 -0.000141379336 -6.35411501
103 103 112 135 2 -0.00236811861 -1.75752354
0 0 0 0 2 -0.368923396 9.94261646
83 88 97 132 2 -5.19749228e-05 -4.53542662
230 233 123 158 2 -0.178892702 -2.6706388
100 104 114 117 1 -2.7537244e-05 -4.45501757
40 45 54 89 2 -4.95906424e-05 -6.44420099
53 54 69 70 3 -0.00068287988 -4.33871174
116 120 80 91 3 -2.61066889e-05 -5.60387278
0 0 0 0 2 -0.00191145763 2.92454815
131 134 103 107 2 -1.0967241e-05 -7.92066622
77 77 88 95 3 -2.07423636e-05 -5.72135687
65 68 87 91 0 -1.89542316e-05 -4.04366827
0 0 0 0 3 -0.708326817 10.5100822
38 43 47 50 2 -2.70603887e-05 -9.20411205
88 92 125 133 1 -7.80813643e-05 -5.24051237
107 111 60 95 3 -0.000537352287 -5.58234262
0 0 0 0 2 -0.0314124748 9.67778873
56 60 73 108 3 -0.000190967374 -4.96124649
0 0 0 0 1 -0.011875187 7.02151251
165 168 58 61 2 -0.000123140693 -4.51667213
75 83 96 111 1 -7.28362211e-05 -4.92064762
58 61 80 115 2 -1.15632856e-05 -7.53802443
47 49 117 152 2 -0.000181193158 -5.978127
144 150 94 129 1 -3.13519049e-05 -7.14906979
45 50 55 59 4 -1.11892056 -2.1889081
0 0 0 0 1 -0.436912954 8.39706612
81 84 59 64 1 -4.17230112e-05 -5.8552165
53 56 167 202 2 -1.88350168e-05 -8.5481205
79 81 30 65 2 -0.000755818211 -3.07065177
114 118 130 135 1 -8.82138775e-05 -5.33771229
57 62 79 81 1 -0.000177377078 -4.99239206
0 0 0 0 1 -0.29654175 9.51756287
148 148 130 135 3 -3.64778389e-05 -5.99101067
124 127 60 65 0 -0.000265823299 -1.66241109
65 68 20 55 4 -0.005746671 -1.94426787
0 0 0 0 2 -0.0494678617 9.58843708
81 82 34 69 2 -4.1126943e-05 -5.54069948
118 120 103 107 2 -8.11806894e-05 -3.13342643
63 68 148 151 3 -0.000769409118 -3.08631158
35 39 129 136 1 -3.20671752e-05 -6.59144926
0 0 0 0 3 -0.405224353 9.18007755
136 143 96 104 0 -5.07827608e-05 -3.55345702
137 137 51 58 2 -9.4054878e-05 -6.72064209
98 101 111 113 3 -4.38686875e-05 -7.10943699
58 58 91 96 2 -0.000101326426 -5.67088747
199 203 33 68 3 -0.00322482432 -2.88297963
76 81 58 60 0 -3.67162902e-05 -2.8290112
71 73 107 111 2 -1.09672364e-05 -7.09134674
69 73 87 118 3 -0.00210945867 -1.95047295
0 0 0 0 4 -0.024350699 8.02931213
80 84 94 129 4 -0.000140783726 -1.65342748
167 170 153 156 0 -0.000565717579 -3.0094595
0 0 0 0 2 -0.00127045368 4.43135643
132 136 53 55 3 -8.55913167e-05 -5.10208988
56 62 129 131 0 -7.76045272e-05 -4.2607317
140 140 71 76 3 -7.62932614e-05 -4.59137487
178 178 101 116 2 -0.00839508697 -2.63959861
92 92 124 159 2 -3.56433957e-05 -8.75091553
55 58 121 136 2 -3.76698445e-05 -5.3265214
43 45 55 90 4 -8.49954449e-05 -2.30855274
41 43 58 65 2 -3.74314077e-05 -7.006989
146 152 91 99 2 -0.000159855816 -4.13762856
41 45 58 60 2 -0.000159498464 -3.20627594
0 0 0 0 2 -0.00146088551 6.78581238
91 95 28 63 3 -0.000107286513 -5.47576046
109 116 135 141 1 -0.00066332944 -5.71449184
98 100 108 139 2 -4.73257824e-05 -6.14766264
87 89 76 78 2 -0.000384788291 -3.04734015
0 0 0 0 2 -0.0036008046 6.67736435
75 75 183 185 4 -0.000658803154 -3.22317791
128 128 101 103 3 -0.000102279082 -5.41821384
0 0 0 0 2 -0.302597523 9.25715733
0 0 0 0 0 -0.106938571 11.0129356
0 0 0 0 2 -0.00929019693 7.74253082
0 0 0 0 3 -0.0169916544 8.98272514
113 113 126 149 3 -3.06366637e-05 -5.81353903
0 0 0 0 2 -0.412808537 9.81337166
0 0 0 0 3 -0.599111736 9.38124561
0 0 0 0 1 -1.24275506 7.69106102
109 109 31 66 4 -0.000212543353 -3.18106985
57 59 135 143 2 -0.000114200935 -2.8344357
16 19 24 26 4 -0.00465777935 -2.91722703
89 93 152 158 3 -0.000112412068 -5.69319868
145 148 48 55 3 -3.79082994e-05 -6.39396
61 63 48 51 2 -7.65314326e-05 -4.85706043
126 129 56 62 3 -7.3313e-05 -6.67270565
0 0 0 0 2 -0.675222814 8.46936607
35 41 60 95 0 -3.1232652e-05 -4.54340982
30 31 48 53 2 -3.8981023e-05 -6.90983057
96 102 33 68 2 -6.05578825e-05 -5.40326929
0 0 0 0 1 -0.0137697812 8.93869591
53 55 114 118 2 -6.31797593e-05 -4.96234703
0 0 0 0 3 -0.036154557 9.08837223
132 133 45 68 1 -4.55376139e-05 -6.6251955
156 161 61 84 0 -5.62664391e-05 -5.44572163
168 170 28 63 2 -0.000340677099 -5.38078356
85 89 101 104 3 -2.03847285e-05 -4.931005
119 123 58 61 3 -5.60280241e-05 -5.90622854
197 202 48 83 4 -0.000126240397 -2.93409777
108 110 19 54 1 -5.41206609e-05 -5.87015533
109 112 126 128 3 -2.53915005e-05 -5.7104454
54 56 115 126 3 -1.64508456e-05 -6.16889668
114 118 129 140 2 -1.01327769e-05 -6.32535744
80 81 88 99 3 -0.000149485393 -4.08896685
42 44 63 71 1 -3.37360143e-05 -5.10722208
0 0 0 0 2 -0.490962684 10.1395922
144 144 167 170 3 -0.00167648541 -4.8521347
112 113 94 98 3 -3.01598302e-05 -6.16209173
0 0 0 0 1 -0.763804615 8.48480225
142 146 41 64 2 -1.72853015e-05 -7.83031178
52 58 117 124 2 -9.29831549e-06 -6.08091497
41 45 81 87 1 -8.59489373e-05 -4.67124128
0 0 0 0 4 -0.830695987 10.3303099
136 136 65 100 3 -2.98022078e-05 -4.30754805
0 0 0 0 4 -0.00126611104 -0.482843667
84 87 105 136 3 -0.00243038521 -3.96803498
99 100 111 122 3 -3.77891774e-05 -5.70784426
139 145 99 122 1 -0.000239717963 -3.87600946
54 60 154 189 2 -4.69680454e-05 -7.03217268
71 73 49 54 2 -3.05174544e-05 -9.38104248
141 145 44 55 3 -0.000578356849 -3.05504537
39 42 82 117 3 -0.000118134194 -5.69880772
108 112 59 74 1 -0.000177021386 -7.70047951
61 65 83 118 1 -4.58953509e-05 -6.37889433
62 66 34 41 2 -1.38282576e-05 -5.05108595
126 126 177 212 3 -0.00284097507 -5.80023575
77 82 98 106 0 -1.53779711e-05 -5.05675077
111 111 126 128 3 -3.19479404e-05 -5.1809144
113 114 123 130 4 -0.000158782161 -3.36771631
91 94 63 69 2 -1.09672401e-05 -7.39422607
108 108 122 145 3 -1.52587463e-05 -6.72049332
112 115 132 133 2 -8.12996368e-05 -3.68102074
0 0 0 0 2 -0.00222011912 7.31598902
151 151 96 131 3 -0.000249853532 -6.80411482
91 91 33 68 3 -3.26632107e-05 -5.88443947
108 112 138 173 2 -0.000144000674 -5.4934926
0 0 0 0 1 -0.00289324578 6.86353254
70 76 106 141 1 -3.38553036e-05 -6.00969219
144 147 8 43 0 -0.000126120809 -6.1822772
0 0 0 0 3 -0.00252864719 1.20429456
0 0 0 0 2 -1.17064238 8.38093758
107 112 63 98 3 -0.00221941224 -4.2605114
132 134 87 122 1 -0.000144120932 -5.00773478
86 88 48 71 1 -5.01863979e-05 -4.846416
79 79 89 112 3 -0.00108495099 -2.85509825
51 53 70 93 2 -0.00021850325 -5.64748383
0 0 0 0 2 -0.00514330994 7.78209591
123 123 78 85 3 -0.0380303301 -3.44003439
81 87 67 71 1 -0.000181074953 -5.97364664
0 0 0 0 3 -0.681515336 8.91307831
66 72 88 111 1 -2.96829603e-05 -6.61299706
0 0 0 0 3 -0.0210156776 7.88720655
19 25 29 64 2 -0.0022233245 -8.86599064
99 102 114 137 3 -0.000155801594 -5.52655458
55 55 90 125 2 -9.33398915e-05 -9.47327423
154 154 173 175 3 -0.000165697507 -6.33545971
53 57 89 120 1 -6.98560834e-05 -5.56439066
133 142 84 92 0 -5.87696195e-05 -6.03910303
99 105 53 56 0 -1.66892551e-05 -4.59644175
66 69 43 49 0 -7.85580778e-05 -2.77698421
80 80 34 69 2 -6.9379108e-05 -7.19608259
17 17 38 45 3 -0.000160571944 -4.34439754
142 146 92 127 3 -5.16172804e-05 -6.71520233
98 100 112 116 2 -4.47032216e-05 -3.9788847
44 49 65 67 1 -0.000832326536 -3.31942582
92 93 49 56 1 -6.13921802e-05 -4.44689178
46 49 108 143 0 -6.67562854e-05 -5.49360514
72 73 38 49 2 -5.82929169e-05 -3.84977579
50 50 114 118 3 -2.33649334e-05 -4.25663662
57 62 71 76 1 -4.01733305e-05 -6.44608879
87 93 28 63 1 -4.81603056e-05 -6.74636364
164 171 39 70 2 -0.00130689435 -3.46182156
67 71 82 89 1 -0.000101325357 -7.50884771
51 52 109 112 2 -1.83581869e-05 -5.85616255
114 116 202 207 2 -0.000116464129 -8.40811157
135 139 115 120 2 -2.30073383e-05 -4.27707434
12 12 17 20 4 -0.000280958106 -1.86788714
12 15 19 30 0 -0.00422377605 -5.03460503
70 75 42 53 4 -0.00015437344 -2.01503181
57 61 39 45 3 -1.62124361e-05 -5.6078248
62 62 75 110 3 -1.88350241e-05 -6.96659756
110 110 62 77 4 -0.000190372317 -1.56693757
94 95 82 89 2 -0.00159144809 -2.58764005
44 47 69 84 4 -0.000158425217 -3.09258389
61 62 85 88 3 -0.000129933149 -6.18210697
71 71 83 88 2 -0.000127074163 -3.97211647
53 57 151 166 2 -2.94444944e-05 -8.58743668
83 91 65 69 1 -0.000205392178 -4.06709862
100 101 119 127 4 -4.11270194e-05 -3.0316875
50 54 74 97 3 -9.45315915e-05 -5.13188839
54 59 69 100 3 -0.00029312502 -4.51721334
43 43 52 56 2 -4.47032435e-05 -3.86391711
43 47 51 62 1 -0.000513347914 -5.37049818
86 89 45 47 1 -8.55914186e-05 -5.67704344
38 38 42 47 2 -0.0103840232 -9.76857948
47 47 71 106 2 -0.000419324497 -4.72333574
106 114 59 94 0 -2.30072837e-05 -5.34053183
102 106 114 118 2 -4.06500476e-05 -4.11696434
72 76 84 119 3 -0.000340201921 -5.55802822
103 107 89 92 0 -0.000397894008 -4.01698112
104 105 64 67 3 -4.41072152e-05 -4.63185644
36 36 54 57 3 -4.14845999e-05 -7.45308971
64 64 81 116 3 -9.07171925e-05 -3.97469687
47 51 63 67 2 -3.05174053e-05 -5.63846302
106 107 120 155 2 -2.6941183e-05 -9.12060165
52 56 87 102 2 -3.46895758e-05 -5.77561712
34 35 87 122 3 -0.000138756892 -4.75467157
115 121 70 76 0 -9.40539394e-05 -3.19011855
49 49 94 101 3 -1.90734409e-05 -5.69666147
63 64 45 48 3 -8.14190644e-05 -6.10453558
111 112 147 170 3 -0.000147458893 -5.45023012
37 38 63 78 3 -0.00170016033 -4.69085073
4 5 8 43 3 -0.0361884795 -2.35463071
87 87 48 59 3 -9.47703084e-05 -6.09310961
134 134 49 55 2 -0.000127075182 -3.19929075
60 61 48 55 3 -2.95638038e-05 -6.46490812
25 25 29 36 2 -0.0059795361 -4.34321785
47 47 102 117 3 -1.22785395e-05 -5.851089
51 53 117 124 2 -0.000143285506 -4.06552839
91 94 41 43 2 -1.22785395e-05 -7.06892061
35 36 84 119 2 -5.07827499e-05 -6.47680664
88 88 45 68 2 -2.90869539e-05 -5.2405448
41 43 51 58 2 -2.07423473e-05 -4.68729687
88 92 127 162 1 -0.00010943204 -7.34034109
54 54 74 109 3 -2.10999642e-05 -7.30017376
198 199 115 150 3 -0.00349887367 -4.79772568
124 126 75 106 1 -0.000193348882 -6.07068777
123 123 174 177 2 -0.00107415312 -2.97342205
99 100 115 150 3 -0.000237442291 -6.76063585
57 58 128 139 3 -8.98828075e-05 -4.20497131
61 67 76 99 1 -5.88888943e-05 -5.59998703
87 89 45 80 2 -0.00047035949 -5.33467484
89 91 44 67 2 -5.50742807e-05 -5.54702473
17 18 39 44 2 -0.000126355328 -6.02848625
15 20 68 83 1 -0.000624943175 -4.66682339
25 28 55 61 2 -4.67297614e-05 -4.70545959
116 117 43 48 2 -8.22543279e-06 -6.37202358
51 52 63 86 2 -4.73257314e-05 -5.7436862
0 0 0 0 3 -0.0198132396 6.99412107
0 0 0 0 3 -0.0328540839 8.20235062
0 0 0 0 3 -0.247605264 7.26819563
0 0 0 0 3 -0.00747915916 6.5333848
0 0 0 0 2 -0.18897365 9.52327538
0 0 0 0 3 -0.00138026394 7.20456457
0 0 0 0 2 -0.00255481899 7.48455381
0 0 0 0 2 -0.0511892401 7.61192942
0 0 0 0 3 -0.00327713531 6.50281429
0 0 0 0 1 -0.455357552 9.8660326
0 0 0 0 4 -1.02690041 10.0606947
0 0 0 0 3 -0.340680897 10.2733326
0 0 0 0 2 -0.0086789187 8.00974464
0 0 0 0 0 -0.253649533 10.8523941
0 0 0 0 3 -0.0898804069 9.02635002
0 0 0 0 3 -0.0405801684 7.76857376
0 0 0 0 2 -0.0290176421 9.05528831
0 0 0 0 2 -0.00806494243 5.77552271
0 0 0 0 2 -0.0180675667 7.21490002
62 67 144 147 1 -5.55511069e-05 -4.86664677
87 96 68 75 0 -0.000155442496 -3.75495601
20 20 24 59 2 -0.0587085225 -5.12921762
50 55 100 135 1 -4.43456374e-05 -5.82439852
46 51 71 106 3 -3.27824346e-05 -5.90504551
50 57 65 71 1 -8.47569099e-05 -5.20158815
99 105 121 156 1 -0.000109909131 -5.20618916
119 120 102 109 2 -0.000127670966 -3.79369044
71 71 157 165 3 -5.7100704e-05 -4.84414434
115 121 132 133 0 -0.00021242183 -3.34621143
0 0 0 0 2 -0.000915133394 5.9270792
61 62 115 150 2 -4.06500621e-05 -7.16248369
35 40 50 55 0 -1.56163715e-05 -4.44854927
129 132 144 167 0 -6.00806925e-05 -4.18909693
50 55 69 76 3 -0.000710798544 -3.42540002
78 78 51 62 3 -0.000122425525 -4.67878628
113 118 29 36 1 -0.000125405262 -3.56170988
121 122 135 146 3 -0.000667268061 -2.3568728
61 67 103 108 0 -1.70468957e-05 -4.68911791
75 81 113 116 1 -9.36971628e-05 -5.88107824
145 148 66 73 3 -5.86505448e-05 -6.44801664
0 0 0 0 2 -0.33111611 8.15337086
52 54 76 111 1 -7.4862648e-05 -7.01646328
50 56 67 102 1 -8.64258473e-05 -7.92666054
130 134 53 88 4 -7.39090465e-05 0.366486937
80 84 48 55 4 -7.90349732e-05 -0.967690527
40 40 52 67 4 -0.00011014771 -3.39603829
58 62 93 99 4 -0.000558214262 -1.17451608
0 0 0 0 3 -0.714285493 10.2944107
0 0 0 0 1 -0.0105485395 4.46162415
71 74 26 61 1 -6.37763005e-05 -6.41259241
86 89 155 190 0 -0.000239959889 -4.03861332
0 0 0 0 1 -0.192157939 9.87943172
0 0 0 0 3 -0.0649062991 10.0910273
85 89 167 174 2 -4.88753576e-05 -5.91739416
82 84 92 96 1 -0.000123259335 -3.71754026
54 57 115 150 1 -6.58028439e-05 -5.4286871
57 65 95 97 0 -0.000503376476 -0.557548523
53 61 89 92 0 -1.97886948e-05 -4.58796072
0 0 0 0 2 -1.04475677 2.44633389
42 42 110 114 2 -8.320708e-05 -4.64364719
201 202 124 132 2 -2.67028008e-05 -6.38496017
80 88 107 110 0 -0.000128505038 -4.72277069
97 100 30 65 3 -3.7789152e-05 -6.56819725
0 0 0 0 3 -0.00292908563 4.64170694
173 174 152 159 2 -0.000900880666 -4.15667439
68 69 40 47 1 -1.76429276e-05 -7.33047962
0 0 0 0 1 -0.0921058357 9.28698921
10 14 24 29 2 -0.000238649518 -4.52608252
9 9 114 117 2 -7.70082988e-05 -4.59425116
72 79 47 56 1 -1.99079041e-05 -7.20484686
116 121 51 58 1 -4.68487306e-05 -4.91191578
43 45 32 38 2 -0.000118492178 -5.02353001
76 79 53 61 2 -1.18017051e-05 -7.74130201
0 0 0 0 3 -0.0277158562 8.30685139
116 121 105 109 3 -6.44914981e-05 -5.11927557
148 151 25 60 3 -0.000107763859 -5.49180508
105 112 63 98 1 -5.62664318e-05 -7.24612665
133 136 154 189 2 -0.00201338623 -6.06606293
38 42 87 94 2 -8.76176564e-05 -5.10286522
51 55 65 73 0 -1.46627126e-05 -3.92108631
42 43 56 61 3 -0.000184887758 -3.47239041
81 85 125 160 3 -9.84650178e-05 -5.52434921
113 117 63 98 3 -0.00649761176 -1.30525565
35 38 46 54 2 -2.53914895e-05 -4.10319328
124 127 73 108 2 -8.67834387e-05 -5.47161293
0 0 0 0 4 -0.00243012374 5.83581638
42 45 97 104 3 -0.000775128254 -3.83568144
69 75 48 50 3 -0.000240556401 -4.65148115
84 88 101 112 4 -5.05444732e-05 -2.03434706
158 161 81 104 1 -0.000138638134 -5.11710882
109 110 125 160 4 -0.00148122909 -2.2026844
0 0 0 0 2 -0.0182710476 8.39788055
54 54 86 89 4 -0.000506608223 -2.75854397
43 44 131 134 4 -0.000136492046 -3.09606695
108 111 58 93 3 -3.46897323e-05 -6.6255455
196 197 173 181 2 -0.00034568808 -4.3194828
28 29 124 132 2 -0.000899764418 -6.19277287
97 97 40 63 3 -3.11134791e-05 -6.47884226
120 122 163 170 3 -8.72602395e-05 -6.58669662
100 105 137 144 0 -4.27959094e-05 -3.11044455
79 79 100 103 3 -8.89290532e-05 -4.10368299
114 118 57 92 3 -3.20671825e-05 -6.78731489
97 102 77 80 1 -0.000325903879 -1.15467262
27 30 44 51 1 -5.37628111e-05 -4.9215436
102 110 79 84 0 -0.00121703534 -3.60231662
111 116 215 220 1 -0.000408268417 -5.41257429
117 120 92 99 2 -1.3113e-05 -6.68694162
49 50 97 120 2 -5.47166492e-05 -6.87451696
38 41 48 83 1 -0.000158777329 -3.48728037
0 0 0 0 2 -0.0560001805 7.60737085
0 0 0 0 2 -0.0626586005 9.26925373
144 150 85 120 2 -0.00010573717 -4.76296425
40 44 78 83 3 -2.52722712e-05 -4.59199429
94 98 40 47 3 -4.91138926e-05 -6.32244349
0 0 0 0 2 -0.235130742 8.32695484
115 125 44 55 0 -2.92061686e-05 -5.49492931
167 175 93 128 3 -0.00296702655 -5.52335358
45 49 116 120 4 -0.000163670687 -2.79155707
0 0 0 0 2 -0.00284600863 6.83980846
0 0 0 0 1 -0.00145061337 5.98052549
124 126 57 65 2 -1.85965891e-05 -6.20975924
179 180 196 204 2 -0.00012647835 -3.4216187
66 68 54 60 2 -5.51935009e-05 -5.38262033
136 142 35 70 3 -8.10612401e-05 -7.86204243
63 63 44 48 3 -4.69682054e-05 -6.23366547
32 34 50 85 2 -0.00159298617 -4.66489983
0 0 0 0 2 -0.343549609 9.91319847
37 40 66 73 4 -0.000315653568 -0.139642894
105 108 56 91 1 -0.000133272959 -7.91114426
116 120 66 70 3 -0.000216238259 -3.78401399
24 27 32 37 4 -9.27438887e-05 -3.98748779
109 112 125 136 3 -0.000100968333 -5.6806159
37 43 115 146 2 -0.000247708405 -5.72334337
91 93 108 116 1 -0.000107643144 -6.81825972
0 0 0 0 3 -0.106881097 8.27256966
109 113 122 131 4 -7.27167862e-05 -2.01503539
110 110 70 105 3 -0.00114423828 -7.56114912
130 135 64 99 3 -8.46373441e-05 -6.01693726
0 0 0 0 0 -0.0590381809 10.0495167
43 45 57 65 2 -8.96443598e-05 -3.68818545
0 0 0 0 3 -0.66552031 9.68008423
49 51 93 124 3 -0.00400521234 -2.66684055
30 33 38 48 2 -0.000332441588 -7.98214912
199 201 65 100 2 -0.00173966784 -3.94230247
0 0 0 0 2 -0.417712986 9.79399014
71 75 90 97 3 -0.000261536537 -3.90814447
167 173 27 62 1 -0.000368330919 -4.24229765
135 140 114 123 1 -5.69812e-05 -7.02829981
82 85 100 103 4 -0.000687284919 -2.59573936
59 61 83 118 2 -9.61993355e-05 -6.73524046
69 76 45 56 2 -0.00110753276 -1.92380786
110 111 53 88 2 -1.01327769e-05 -10.2686453
83 91 64 67 0 -0.000347945781 -3.14727187
82 90 97 102 0 -0.000489631784 -1.38384509
98 105 49 84 2 -4.06501749e-05 -6.63020611
52 59 69 72 2 -0.000100848934 -3.5390842
67 73 87 98 1 -0.000301220512 -5.74368477
147 151 90 125 4 -0.000351651164 -1.14163923
71 74 90 92 1 -0.000103591432 -5.19453859
163 169 62 97 4 -0.000246278796 -2.85336637
83 85 29 37 1 -0.000155326503 -5.56362057
50 50 62 66 2 -9.81077756e-05 -6.29415941
103 103 112 116 4 -6.91407258e-05 -3.04738641
49 51 127 135 1 -0.000146743521 -5.65006304
115 119 138 141 0 -0.000627804024 -3.38977122
95 97 50 61 2 -9.53673043e-06 -8.32494164
130 130 111 118 2 -0.000171179854 -6.50271797
81 86 95 130 2 -8.33260638e-05 -5.34285307
67 70 118 126 0 -7.95118394e-05 -3.72599244
124 126 55 62 2 -1.47819137e-05 -6.35944843
119 126 70 77 0 -6.43724343e-05 -3.12977695
20 23 49 51 4 -0.000180716452 -2.80598497
105 112 127 134 2 -2.92061777e-05 -5.17788553
47 51 100 105 2 -0.000100849458 -3.06304026
89 89 45 52 4 -0.000124095168 -2.54619145
0 0 0 0 3 -0.0265862104 7.90243959
107 108 67 72 2 -4.72065731e-05 -5.7599411
0 0 0 0 2 -0.0495144799 8.53248215
0 0 0 0 2 -0.326813072 8.95044327
0 0 0 0 2 -0.768364549 9.42083549
34 35 46 52 2 -0.000137326715 -5.24625683
43 46 119 154 3 -2.27689034e-05 -6.4983778
0 0 0 0 2 -0.00263425242 5.60977936
0 0 0 0 2 -0.172055319 8.99673176
46 54 114 117 0 -9.45315405e-05 -3.81596136
31 38 66 81 0 -0.000554008409 -1.83680046
143 147 160 166 4 -0.000250928802 -0.303513527
83 87 106 117 2 -3.65970809e-05 -6.47414589
43 51 55 58 2 -0.000872830744 -6.81313086
102 110 61 67 0 -8.2610255e-05 -3.90209532
58 58 207 212 2 -0.000113485148 -4.91717243
190 198 21 56 2 -6.35376564e-05 -9.61945343
108 112 124 131 2 -2.93253797e-05 -4.31479549
59 63 83 91 0 -0.0332152471 0.286776543
45 48 124 133 2 -4.74449189e-05 -6.53635168
7 10 16 51 4 -0.000941134058 0.310948521
61 61 70 105 3 -0.000267605297 -5.45302677
115 119 65 100 2 -2.87293224e-05 -7.13092136
0 0 0 0 2 -0.0223850254 7.32126236
58 64 192 196 2 -0.000594920071 -3.71018577
103 107 136 142 1 -6.80678932e-05 -5.90872669
119 119 93 102 3 -0.000174038738 -4.82110071
0 0 0 0 2 -0.532604337 8.48730659
129 131 47 82 2 -0.000108834429 -4.49844503
165 169 194 196 2 -2.19343874e-05 -7.58851337
36 38 46 81 2 -2.33649516e-05 -6.99392223
0 0 0 0 2 -0.304096341 8.81853008
113 117 44 51 4 -4.97097935e-05 -1.38088822
108 112 123 158 2 -6.96175703e-05 -4.68864632
0 0 0 0 3 -0.00276926556 5.18367195
0 0 0 0 1 -0.0176891312 8.6542635
79 79 59 66 3 -1.69276882e-05 -4.97322702
0 0 0 0 2 -0.00726147508 5.19628572
68 73 49 53 2 -8.73789249e-05 -4.17063427
15 20 33 41 3 -0.000447722152 -4.05698347
105 111 54 61 3 -1.59740175e-05 -6.19326162
0 0 0 0 3 -0.0642807484 -0.0152722597
165 166 225 227 2 -0.000180117015 -4.87004042
56 57 35 36 3 -6.72335009e-05 -5.95067024
78 85 51 57 0 -3.9219467e-05 -5.54211473
0 0 0 0 3 -1.08936143 10.2622147
100 100 124 131 3 -0.000133033798 -4.4630332
58 61 78 82 3 -0.000124929065 -6.40455914
143 147 81 96 3 -0.00118163659 -5.34277058
42 45 130 165 1 -3.55241718e-05 -8.25393677
0 0 0 0 1 -0.0508803464 6.86468077
110 111 127 158 3 -8.72602468e-05 -4.60564375
117 122 38 73 0 -8.15379753e-05 -4.94662857
67 67 50 52 4 -0.000229708967 -3.28373075
123 130 93 96 2 -0.000149366388 -4.97562122
63 65 109 144 1 -2.40802037e-05 -6.85556602
103 108 46 50 4 -4.42263954e-05 0.014324978
107 111 45 51 4 -4.47032471e-05 -2.68783236
0 0 0 0 2 -0.0243735369 7.97451067
0 0 0 0 3 -0.578326285 9.19206524
0 0 0 0 4 -0.112709731 8.22778606
30 35 55 90 1 -0.000174636472 -6.96788836
94 95 54 77 2 -4.80410345e-05 -5.56777382
36 36 93 98 2 -7.22398254e-05 -5.76858187
48 51 58 62 2 -2.62259255e-05 -5.7188406
16 18 34 36 2 -0.000392656191 -2.51336384
116 119 63 98 2 -1.41858645e-05 -6.53852797
0 0 0 0 1 -0.0645323023 8.78826523
117 120 45 49 1 -4.21998921e-05 -5.81516075
53 54 148 152 2 -0.000320061139 -3.43182945
81 85 50 57 2 -1.54971804e-05 -5.39812946
106 106 121 156 3 -2.59875269e-05 -8.28044128
90 98 105 109 0 -9.01212697e-05 -3.17075896
100 104 51 60 2 -1.27553722e-05 -7.39790535
0 0 0 0 3 -0.281741887 9.28998661
95 99 156 165 1 -0.000553449674 -3.44831848
95 95 124 132 4 -0.00492068101 -2.64089274
47 47 127 132 2 -1.81197738e-05 -4.75076342
47 50 65 68 2 -2.33649062e-05 -3.79230499
0 0 0 0 3 -0.0711878166 8.31462669
142 142 94 95 2 -0.000359363679 -7.61927176
140 140 113 116 2 -5.28093951e-05 -5.58053064
70 70 29 64 2 -0.000231376296 -5.31778002
25 25 98 109 2 -0.000115390569 -7.13921833
0 0 0 0 2 -0.0336354636 9.065835
47 50 56 91 4 -4.89947633e-05 -1.92626619
0 0 0 0 1 -0.675406933 10.717432
111 112 64 68 2 -0.00191791996 -3.03953409
0 0 0 0 0 -0.524075031 10.8510475
0 0 0 0 2 -0.0198343154 7.54587555
223 229 52 87 1 -0.000713880756 -2.97820878
84 90 107 138 2 -0.000422568934 -4.08880568
55 58 82 91 2 -8.10622441e-06 -8.20265102
152 157 32 35 2 -0.246997893 -3.46809793
84 87 117 124 2 -4.69678744e-05 -6.51802158
0 0 0 0 4 -0.457189083 10.1512461
75 80 66 70 0 -7.10479944e-05 -2.54116106
62 65 42 44 4 -0.0358385816 2.33444023
98 101 126 149 2 -1.35127199 -1.1288048
28 30 43 78 2 -0.000118730364 -3.97032142
121 124 156 161 2 -0.00010239931 -3.80605459
0 0 0 0 2 -0.0146933021 6.45793343
49 56 85 120 0 -5.7696896e-05 -5.73314142
106 110 123 129 3 -5.66239578e-05 -4.80723715
0 0 0 0 2 -0.512567878 8.62138844
161 164 140 143 2 -3.58818361e-05 -5.13812447
130 134 57 63 3 -5.43589922e-05 -5.32256556
34 36 168 172 2 -4.68489707e-05 -6.51722717
103 105 46 51 1 -3.12326993e-05 -7.15435648
36 40 112 116 3 -6.73522009e-05 -4.21806049
65 69 53 55 2 -0.000126121478 -3.92043591
51 51 102 109 2 -0.000286323077 -3.35624695
25 29 92 100 2 -0.00036522717 -3.51901102
47 47 84 91 4 -0.000463928853 -2.99857974
0 0 0 0 3 -0.0087490743 8.63250923
55 58 85 120 0 -7.97502362e-05 -4.67452335
149 150 91 126 1 -0.000102995276 -3.30184984
0 0 0 0 2 -0.495877832 7.50578308
0 0 0 0 2 -0.11140877 5.04871798
120 120 38 73 2 -4.5656885e-05 -7.22832727
34 37 113 120 1 -9.11941606e-05 -3.37191749
190 193 107 142 4 -0.000234953608 -3.21858811
213 216 94 129 2 -0.000348422996 -6.53013563
0 0 0 0 2 -0.0750501454 9.43791199
43 43 90 98 2 -6.10345996e-05 -5.02412271
42 42 101 108 3 -2.46762538e-05 -4.99978256
81 87 106 108 1 -0.000159732488 -6.99538231
46 52 58 66 0 -4.42263445e-05 -2.55012226
105 105 147 155 2 -0.00036296912 -5.5154438
161 166 52 63 1 -0.000121114077 -3.06250453
123 131 140 148 0 -0.000872992212 -2.4368937
0 0 0 0 2 -0.862861633 8.87102509
78 82 90 95 0 -4.31533153e-05 -4.76069832
63 69 126 128 0 -9.28627051e-05 -2.95908308
0 0 0 0 2 -0.0114044286 6.19971228
45 48 92 97 2 -6.61603408e-05 -7.44582605
96 96 103 111 3 -3.60009362e-05 -3.7829423
145 145 159 165 3 -8.14182276e-05 -3.9596324
45 50 65 70 1 -4.12462105e-05 -4.03418541
92 92 64 68 3 -8.89281873e-05 -4.81506491
51 56 75 84 0 -9.11939278e-05 -5.43737125
0 0 0 0 3 -0.00964223128 6.35872602
0 0 0 0 2 -0.0535438284 7.9362092
0 0 0 0 2 -0.00516053895 9.2517767
129 129 56 91 3 -0.000144240286 -5.96490812
47 54 151 157 1 -0.000739461044 -6.78213644
149 152 63 70 2 -4.87561774e-05 -4.66986322
126 131 44 52 2 -0.000429786829 -9.30767441
97 99 81 88 2 -7.72469139e-05 -3.733531
159 163 122 137 2 -6.72332972e-05 -5.64998198
0 0 0 0 3 -0.136860013 9.37297249
80 84 97 101 0 -0.000206819415 -0.642683864
106 112 121 132 0 -4.80410126e-05 -4.05103493
0 0 0 0 2 -0.00464741746 7.079
52 54 63 74 1 -8.28496632e-05 -6.38796616
59 63 43 46 0 -0.00195118284 -2.24091387
92 93 107 109 2 -4.63721044e-05 -5.06701469
63 63 130 165 2 -0.000152822642 -6.31958961
37 40 56 61 0 -8.58278727e-05 -6.40098286
154 156 105 140 2 -0.000104545019 -5.48315334
88 89 124 139 3 -8.1418737e-05 -6.41155767
56 60 122 157 2 -7.96309178e-05 -5.0390563
110 110 60 91 3 -0.000116107767 -5.31516171
70 73 117 124 2 -8.5829779e-05 -8.23947906
18 18 80 88 3 -0.00170252589 -2.73611879
110 112 91 98 2 -1.12056587e-05 -7.48488426
128 135 55 90 3 -0.000511469552 -6.80209589
125 129 86 109 3 -4.25574981e-05 -5.76873398
55 63 118 123 1 -2.77756644e-05 -5.11684895
120 121 140 175 2 -2.77756662e-05 -7.88632584
137 141 89 124 4 -0.000215285967 -2.69283438
103 108 85 96 2 -6.23458764e-05 -3.50221872
0 0 0 0 3 -0.0415035933 10.1132202
146 154 165 196 3 -0.0154639119 -2.47921395
33 39 51 86 1 -0.00150589028 -4.98024654
0 0 0 0 2 -0.0662095472 5.69910336
65 69 108 123 3 -0.00019048978 -5.01803493
60 60 96 131 3 -0.00882271957 -1.63889706
141 141 68 74 2 -0.000206106604 -4.48758888
70 76 53 60 1 -3.54049116e-05 -5.73854351
131 134 207 212 2 -3.23053973e-05 -9.18924999
139 143 38 69 1 -0.000111935879 -6.4532032
0 0 0 0 4 -0.0353352502 8.01376057
66 73 111 117 0 -2.62259346e-05 -5.46311426
87 93 110 114 1 -6.0915314e-05 -6.42157555
66 70 81 116 3 -0.000158306721 -4.88524866
127 128 145 154 2 -0.000220048503 -5.35155964
66 72 195 230 0 -0.00119098742 -5.04848814
134 137 41 76 2 -0.00026427189 -7.8404603
0 0 0 0 3 -0.58935976 10.5826578
108 108 138 153 3 -0.000169033854 -5.82571554
60 60 89 91 4 -0.000329360308 -3.36191154
53 56 84 91 1 -0.000202650554 -4.03035736
0 0 0 0 2 -0.823418856 7.87353897
0 0 0 0 2 -0.264157027 9.54858208
95 99 115 150 2 -9.50083704e-05 -6.21564484
161 168 54 85 0 -7.80802657e-05 -5.60436487
100 100 74 77 2 -0.000281321409 -3.0961802
0 0 0 0 2 -0.0878913626 6.73807335
137 141 96 105 3 -1.2278535e-05 -7.72173834
62 66 42 45 3 -0.0047308025 -2.61461592
164 166 135 143 2 -0.0359962471 -3.88178611
121 121 137 149 3 -0.00455596857 -2.92418313
0 0 0 0 3 -0.0109896651 6.59776783
45 48 53 61 4 -0.000194185937 -2.65374255
33 33 44 49 4 -0.000228508172 -3.74936628
0 0 0 0 1 -0.0108076241 -2.07870388
0 0 0 0 3 -0.720449328 10.291852
111 122 32 67 0 -4.39879441e-05 -5.74532366
59 62 74 77 2 -1.52587427e-05 -7.3527832
89 93 112 123 2 -2.33648861e-05 -5.75074387
103 108 81 88 1 -5.49550969e-05 -5.96775007
107 114 71 75 0 -5.17364388e-05 -3.37218285
97 105 59 65 0 -1.00135676e-05 -5.02649832
106 109 48 56 2 -0.000101088044 -3.15711451
0 0 0 0 2 -0.00152012031 6.83639383
97 99 51 82 2 -6.52067538e-05 -9.12841892
116 117 93 100 1 -0.000812400714 -5.93781137
95 101 111 142 2 -3.02789849e-05 -6.44716978
50 53 72 79 3 -0.000118730452 -5.55432653
144 148 161 168 0 -0.00228468631 -1.65019584
23 24 77 112 3 -4.54184483e-05 -6.24214315
78 79 60 65 2 -5.56700033e-05 -6.36000061
190 190 34 69 3 -0.000259743189 -4.25318384
90 94 109 116 4 -3.98156735e-05 -0.478742927
46 53 66 101 1 -0.000137086798 -8.1923542
48 52 63 70 2 -0.00211444264 -0.827544153
60 67 85 120 2 -1.70468957e-05 -7.58859682
100 104 138 144 1 -4.69681836e-05 -3.58873129
111 117 80 88 1 -6.12729855e-05 -4.32599163
101 102 80 87 2 -0.000528417877 -2.83397865
116 120 87 94 3 -0.000172730011 -5.85046577
161 165 54 85 2 -5.56703562e-05 -5.14631462
99 104 113 116 1 -8.15379608e-05 -3.50938487
40 41 61 96 2 -1.46627171e-05 -6.41352177
125 125 78 113 3 -0.000117896183 -4.13330984
149 150 80 115 2 -0.000394675066 -4.07923746
223 223 66 101 4 -0.000535559841 -3.38457775
106 106 41 52 3 -1.37090474e-05 -6.47095156
207 210 108 143 3 -2.89677409e-05 -6.58341694
0 0 0 0 2 -0.00167314813 6.6349926
83 87 159 167 2 -2.24112664e-05 -6.75436258
68 75 89 120 2 -0.000732695567 -3.26673055
0 0 0 0 4 -0.0309981555 6.19548988
22 26 64 99 3 -2.68220083e-05 -7.49139738
125 134 61 96 0 -0.000151392174 -4.0456152
84 87 39 74 3 -8.36841355e-05 -6.82207823
115 122 140 175 3 -3.89812485e-05 -7.9465003
94 96 64 87 2 -3.34975848e-05 -6.47943354
20 24 29 64 4 -0.00129274372 -3.99166679
132 137 67 74 2 -1.44242931e-05 -5.82629251
165 168 89 124 4 -0.0001311284 -1.28954494
139 139 68 103 3 -6.80677913e-05 -4.65181875
40 40 50 73 4 -7.18826341e-05 -3.30384016
0 0 0 0 2 -0.217026189 9.97703075
52 54 70 72 2 -9.17910438e-06 -7.39927769
85 85 95 101 2 -0.000106213258 -4.13329124
144 147 172 179 2 -5.4478267e-05 -4.77593899
153 157 103 138 2 -0.000142571414 -4.39722061
65 67 19 54 2 -0.000422810816 -3.80644464
52 62 73 108 1 -0.000187869591 -6.35497046
25 26 98 113 1 -0.000100491619 -6.20047379
62 63 122 129 3 -0.000189656988 -4.07384729
50 54 129 136 0 -0.000311713404 -4.28263378
134 138 67 72 3 -3.05174399e-05 -5.86764383
78 79 91 93 2 -1.16824949e-05 -7.44676781
59 69 38 46 0 -0.000102517261 -4.07855129
51 52 62 97 3 -3.75507698e-05 -7.37419653
123 123 57 92 4 -0.000525061798 -0.801704705
61 69 85 100 3 -4.39879768e-05 -6.23233891
69 73 41 48 3 -3.40936858e-05 -7.53447199
119 122 143 148 4 -0.000619100232 -1.83396292
88 88 117 123 3 -6.73526665e-05 -3.21932936
129 129 61 96 4 -0.00391360372 1.24515629
64 68 50 54 4 -5.24517491e-05 -1.98497915
39 45 57 63 1 -8.33264858e-05 -5.76659203
0 0 0 0 2 -0.00479236851 6.55433798
0 0 0 0 3 -0.186013997 6.94409084
109 113 48 52 2 -4.99481903e-05 -7.75872087
66 69 79 87 1 -2.6583577e-05 -7.06291819
61 69 85 93 3 -2.96829785e-05 -6.30916834
74 74 57 59 2 -3.18287493e-05 -4.34031391
119 126 68 103 0 -7.37892769e-05 -4.44303846
95 95 107 118 3 -0.00321982312 -4.78199148
0 0 0 0 1 -0.108702429 9.08486938
0 0 0 0 3 -0.37561655 9.38180637
52 56 103 110 4 -9.35783901e-05 -0.426139325
0 0 0 0 2 -0.710455239 7.79126692
20 26 30 37 2 -0.00137474388 -6.57343531
0 0 0 0 2 -0.00556162884 6.8393116
116 116 65 100 3 -2.55106825e-05 -6.04291677
150 154 58 93 4 -0.000190131177 -0.897364736
60 60 50 53 3 -5.9603768e-05 -5.86003399
73 81 93 128 1 -3.33784628e-05 -6.87634516
98 99 112 147 3 -7.71271225e-05 -6.00288391
0 0 0 0 2 -0.0394534282 8.58739471
104 107 58 93 3 -0.000194544526 -5.50139856
140 148 121 129 0 -0.000241747388 -4.20589161
30 33 110 117 2 -0.000313505181 -3.55677938
213 0 0 0 2 -2.08273482 2.75119448
0 0 0 0 2 -0.179454058 5.33903408
0 0 0 0 2 -0.00843053777 6.03763819
39 44 99 114 1 -0.000122663812 -3.05874538
0 0 0 0 2 -0.00165241957 3.92032242
0 0 0 0 2 -0.322890133 8.59672642
200 204 145 180 4 -0.000201219504 -2.29885435
100 101 115 130 1 -5.66239687e-05 -6.0642252
58 64 38 43 2 -1.47819237e-05 -6.91725922
105 108 55 90 3 -5.92463985e-05 -7.67346716
55 59 35 37 0 -0.000242339505 -3.33777761
198 203 84 91 3 -0.000985239283 -5.69733763
85 89 98 105 2 -6.80679805e-05 -6.61344528
105 109 118 124 3 -6.90215747e-05 -4.71049738
177 180 58 93 4 -0.00131815788 -2.08046269
86 87 54 61 3 -9.46508007e-05 -4.57924128
52 52 103 138 3 -7.92725696e-05 -5.74388313
107 109 96 101 2 -6.61600716e-05 -3.48099875
119 126 134 165 0 -0.0168513879 1.69262648
121 123 100 115 2 -0.000148527106 -5.07195997
159 159 48 55 3 -0.00083187077 -3.07680798
0 0 0 0 3 -0.510191202 9.8095665
40 40 50 85 3 -4.12461304e-05 -6.82990122
0 0 0 0 4 -0.0302862786 8.31477451
66 67 20 51 2 -0.00011432005 -4.54643822
73 76 52 59 1 -5.28093151e-05 -8.85881424
0 0 0 0 2 -0.438696414 8.76301956
58 63 151 153 1 -4.148464e-05 -6.1918869
78 80 44 59 2 -6.91413197e-06 -5.76637411
89 91 108 119 3 -7.51012049e-05 -5.96398211
68 72 32 36 1 -1.39154947 4.50344563
121 122 192 201 3 -0.000262358692 -5.14734554
0 0 0 0 2 -0.218114391 9.83951473
106 110 123 158 3 -5.53127247e-05 -6.36266184
70 72 51 58 2 -5.25709547e-05 -4.08311558
71 78 35 43 0 -4.66104866e-05 -3.30276036
0 0 0 0 3 -0.879175663 9.46329212
0 0 0 0 1 -0.0505247675 7.62190199
146 150 79 86 3 -6.02001637e-05 -4.88193274
66 69 112 147 3 -0.000462267082 -5.32149029
0 0 0 0 3 -0.00424191169 5.50058746
123 126 41 72 2 -0.000337586214 -2.33042884
0 0 0 0 3 -0.155083463 8.5094099
33 38 65 80 1 -0.000419951946 -1.23335361
44 47 137 143 2 -0.000224583069 -3.22935963
120 120 149 152 2 -0.001578419 -2.66549826
138 148 34 69 0 -7.27162624e-05 -4.45618534
35 37 72 78 2 -0.000134226837 -2.53563833
117 120 182 217 2 -9.20262828e-05 -9.07539558
29 32 48 79 4 -0.000772388128 -1.66556215
60 66 92 96 0 -0.000122903031 -2.57887101
55 60 73 80 2 -1.75237274e-05 -8.64266682
38 42 52 87 3 -4.37494746e-05 -5.55326319
39 40 77 112 3 -0.000179047434 -3.99410129
0 0 0 0 3 -0.228289843 8.76752663
57 59 38 45 2 -1.99078968e-05 -6.05249691
0 0 0 0 2 -0.0427615047 7.62581205
50 52 95 102 1 -5.67432435e-05 -4.51427555
44 46 90 97 2 -5.36437547e-05 -4.87833738
22 24 31 66 2 -0.000174875691 -6.22733641
78 81 89 94 2 -3.111349e-05 -5.29048491
0 0 0 0 3 -0.540784657 9.00729465
55 58 73 108 2 -8.74983962e-05 -8.18044758
206 206 75 110 4 -0.000876285136 -4.56309891
0 0 0 0 2 -0.00965183228 6.1426425
73 75 86 94 2 -1.65700403e-05 -7.19267941
0 0 0 0 3 -0.00912244432 6.11083555
88 88 64 70 3 -4.11269139e-05 -5.46935606
63 67 129 136 3 -8.78561841e-05 -5.03208876
105 108 144 148 1 -0.000263080292 -4.40755606
38 43 63 70 1 -4.0173345e-05 -7.56503582
82 86 21 29 1 -2.64643859e-05 -5.09008408
45 49 61 96 3 -0.000148053703 -6.30811262
0 0 0 0 2 -0.00600496307 5.13718128
144 148 73 108 3 -0.0085245138 -2.29603934
38 42 47 58 3 -0.000121947283 -5.7564373
58 61 72 103 3 -7.43859418e-05 -5.08119154
74 78 122 126 3 -3.06366383e-05 -6.81692839
38 42 113 144 2 -0.000138995048 -5.43573856
79 84 113 148 3 -0.000300749292 -6.48162603
0 0 0 0 2 -0.0968765765 7.34095478
152 156 126 137 3 -0.000535908737 -5.2524519
125 128 67 102 3 -0.000878465071 -5.40661478
184 186 80 88 1 -0.000253667968 -3.87050581
0 0 0 0 2 -0.00333891273 6.72394562
0 0 0 0 2 -0.858974934 9.49692822
0 0 0 0 2 -0.00999920256 7.71597862
134 135 95 101 3 -5.05443895e-05 -4.91512346
71 79 90 95 0 -7.77234673e-05 -5.59701252
55 58 69 76 2 -1.08480326e-05 -5.36882401
35 41 45 53 0 -8.76174672e-05 -6.24182415
97 101 110 115 3 -4.35110633e-05 -5.99344921
142 144 125 127 1 -7.59354079e-05 -6.80416059
0 0 0 0 2 -0.454409599 8.93469715
41 44 58 73 3 -3.86235952e-05 -6.39643002
62 68 78 85 1 -0.000127312524 -6.38830948
113 116 51 86 2 -6.28225316e-05 -7.62036896
136 143 67 74 1 -3.21863772e-05 -7.76477623
65 72 50 54 0 -2.84909056e-05 -3.43176603
61 64 77 84 2 -0.00165684184 -1.6838001
0 0 0 0 3 -0.0105077382 4.61604357
95 99 48 55 3 -8.95251942e-05 -5.10436869
54 54 86 93 2 -0.000561631983 -3.97866392
78 82 95 100 3 -8.86908165e-05 -5.53381824
72 74 154 177 2 -0.0104162209 -3.08398557
78 83 120 155 1 -9.26242574e-05 -6.14453173
139 147 106 114 0 -2.67027699e-05 -4.49919367
166 171 192 198 0 -7.21209144e-05 -4.57345915
51 54 112 127 1 -0.000903907814 -2.04855132
49 52 65 88 3 -9.76307565e-05 -6.64342403
0 0 0 0 2 -0.500644684 10.5750437
40 43 82 88 1 -7.42667326e-05 -5.68043184
0 0 0 0 2 -0.0597525053 9.56816673
0 0 0 0 2 -0.00214255834 4.98951912
133 135 111 119 1 -4.00541285e-05 -6.18523407
0 0 0 0 2 -0.00385920517 5.91398859
126 129 74 109 2 -0.00082208775 -7.60965776
0 0 0 0 2 -0.486492991 9.9017477
95 103 47 82 1 -8.63065798e-05 -4.65690756
0 0 0 0 2 -0.572073162 9.68079185
0 0 0 0 2 -0.00367295276 5.64943409
81 88 53 64 2 -0.000166054626 -3.68010211
73 79 105 108 1 -4.24381833e-05 -5.899858
47 50 61 64 1 -0.529302299 -4.73487759
57 63 138 149 1 -0.000505261181 -2.60028005
0 0 0 0 2 -0.0904784128 6.9961257
44 49 63 72 0 -0.00246280339 -0.785066009
0 0 0 0 2 -0.233835012 9.74663544
44 49 64 99 3 -7.91541097e-05 -5.897861
124 125 142 177 2 -5.88888724e-05 -4.43758297
41 49 112 116 1 -0.000567428186 -3.03806281
92 97 39 74 2 -0.000199065384 -6.78426123
130 133 77 112 4 -0.000193591317 -2.72087026
0 0 0 0 2 -0.182923913 6.92486382
119 124 152 157 1 -6.65182088e-05 -5.02675343
173 179 73 76 1 -0.000207656616 -4.8711195
58 62 92 100 1 -0.000133869718 -3.7839396
47 51 20 25 3 -0.000237337459 -4.61090517
17 25 30 32 1 -0.00017761733 -7.1440649
0 0 0 0 2 -0.0345638953 8.58230495
59 60 23 30 2 -1.10864485e-05 -6.50770903
47 47 103 112 2 -6.6398803e-05 -6.27270365
54 57 73 80 2 -1.08480326e-05 -4.78164053
94 102 113 144 0 -0.000116584277 -5.28857565
50 55 106 113 1 -6.54454343e-05 -5.20697451
56 64 118 125 2 -3.95772659e-05 -7.67796946
58 58 213 221 2 -0.000142926452 -7.34167194
80 85 96 131 4 -0.000266424671 -1.19437134
92 94 111 116 2 -0.0356350727 -0.635961652
137 140 82 117 2 -2.03847394e-05 -5.80650663
43 49 22 28 1 -0.000177496302 -5.1200633
19 19 30 32 3 -5.73392099e-05 -4.279006
0 0 0 0 1 -0.402048558 8.99916553
141 143 68 103 1 -5.62664136e-05 -5.90347004
0 0 0 0 2 -0.001270985 4.57689619
72 80 166 171 3 -0.000747423852 -6.76942921
137 142 152 157 0 -3.50473929e-05 -4.77240562
113 117 135 142 3 -0.00037547166 -5.2042942
0 0 0 0 4 -0.52804786 7.29964447
44 44 57 60 2 -3.0159772e-05 -5.22558212
135 137 51 56 2 -3.63586951e-05 -7.21934175
108 112 55 90 3 -4.38687748e-05 -5.26079655
147 150 169 176 0 -3.06366564e-05 -5.14139223
63 65 132 136 2 -0.000353168347 -7.09540367
24 32 40 75 2 -0.000174993329 -5.73680258
93 97 113 114 4 -5.47165437e-05 -3.0796237
105 111 52 87 2 -9.29831003e-06 -10.0376673
0 0 0 0 2 -0.00134698511 7.24291182
0 0 0 0 3 -0.0149586163 5.87974596
57 57 73 78 3 -6.60413643e-05 -5.50741863
106 112 33 68 1 -8.20151836e-05 -5.31759119
115 116 130 153 2 -2.68220083e-05 -7.07793808
60 63 100 123 4 -0.000176186644 -1.81766284
124 127 68 103 4 -7.09289525e-05 -1.46745777
112 116 138 145 2 -1.76429112e-05 -9.40198517
0 0 0 0 3 -0.599345922 10.3554134
104 107 42 48 3 -1.47819246e-05 -7.59666634
0 0 0 0 2 -0.230076686 9.99168205
118 121 68 103 4 -9.14324628e-05 -0.893768311
0 0 0 0 1 -0.0113524403 10.1526308
99 102 55 57 0 -0.00147687667 0.0628828481
34 37 101 108 2 -2.45570282e-05 -5.13064194
72 73 102 110 2 -3.86235661e-05 -5.18674469
41 47 109 120 1 -8.73792087e-05 -6.73024654
30 36 141 145 1 -0.000155326095 -5.1835494
132 132 97 104 3 -0.000102517974 -6.58722925
187 187 82 117 2 -0.000273572252 -6.44855976
53 57 75 106 2 -7.51017888e-06 -7.46557283
94 101 113 117 0 -0.000362725346 -1.15130615
0 0 0 0 1 -0.74668926 8.44215965
76 80 126 133 2 -2.53914877e-05 -7.10663414
0 0 0 0 2 -0.00116920797 6.98033094
50 54 63 67 1 -5.78161307e-05 -7.61508846
0 0 0 0 1 -0.389953345 7.76395845
102 104 115 119 2 -1.6808468e-05 -7.42835379
0 0 0 0 1 -0.0305072386 7.59872913
44 47 108 143 3 -0.000104544975 -6.26286888
52 52 92 99 3 -0.0128684584 -1.11577284
90 94 64 71 3 -4.57760507e-05 -4.7090354
127 131 94 101 3 -0.000112770074 -5.6563611
0 0 0 0 1 -0.221302897 8.92173195
86 90 100 135 2 -1.71660868e-05 -6.39235067
36 40 46 81 1 -0.000454850844 -6.12534046
0 0 0 0 2 -0.307426393 6.83705091
153 157 48 63 2 -0.000147220198 -4.08389044
0 0 0 0 2 -0.291797519 8.85272121
171 171 219 223 4 -0.00086028059 -2.38052893
46 48 84 95 1 -5.30477264e-05 -5.98713398
185 186 90 93 2 -4.01732686e-05 -5.92525959
0 0 0 0 3 -0.00858651754 1.14458048
110 113 49 55 2 -1.95502798e-05 -6.49070215
85 91 102 137 1 -7.42657503e-05 -6.79270029
104 108 163 170 4 -6.69950896e-05 -2.83294606
48 52 85 93 2 -2.52722857e-05 -5.58800888
80 84 135 140 2 -3.14711069e-05 -9.12315178
21 23 80 86 2 -0.000184173667 -4.04329252
0 0 0 0 2 -0.327145517 10.618989
109 111 54 89 1 -0.000212299929 -4.39230061
0 0 0 0 4 -0.187063277 8.22990036
0 0 0 0 2 -0.00149436132 5.53804541
101 105 56 87 2 -0.000212424988 -5.19449043
25 29 143 150 4 -0.000143166966 -2.6660676
136 144 87 122 0 -0.000278937514 -4.82358265
159 163 75 79 0 -4.64913355e-05 -3.81156731
166 170 92 99 3 -0.000169988372 -4.53297901
89 94 151 174 0 -0.000164027966 -3.87697101
42 46 55 62 1 -3.14711433e-05 -6.14862108
128 131 184 190 2 -0.00131640583 -3.96127176
0 0 0 0 3 -0.609464467 10.1799145
0 0 0 0 2 -0.284309328 9.39544964
96 100 51 74 4 -0.000145075363 -1.70357978
60 63 77 83 0 -0.000313627417 -5.09248209
0 0 0 0 2 -0.216052383 9.05012417
113 115 131 154 3 -0.000439496565 -4.85933495
107 109 127 162 1 -4.01733341e-05 -5.54454517
134 135 64 95 3 -0.00632767798 -3.68025374
57 59 34 41 3 -0.000685840729 -4.65974998
146 148 165 167 1 -8.30881254e-05 -3.88918257
104 109 129 134 3 -3.19479732e-05 -8.04685593
62 67 45 51 3 -9.17899015e-05 -6.05574846
81 82 97 103 2 -7.14055568e-05 -4.05008793
59 64 41 48 1 -0.000146862498 -6.22271967
122 126 138 173 3 -0.000464886747 -6.12166405
0 0 0 0 2 -0.00888904836 6.8426919
105 109 59 94 2 -3.11134572e-05 -6.07776976
121 121 46 53 2 -3.56433993e-05 -5.26185989
82 86 94 97 1 -4.60145202e-05 -7.30891991
0 0 0 0 2 -0.127020851 8.11038113
102 102 52 87 2 -0.000345919572 -5.83679485
55 61 92 94 1 -0.000212062427 -4.71109533
46 47 61 66 2 -5.09017846e-05 -5.41771269
0 0 0 0 2 -0.0118497973 8.24403095
123 127 145 180 2 -7.37898517e-05 -6.38000488
41 45 56 62 2 -1.76429276e-05 -7.63892841
0 0 0 0 2 -0.029682124 7.43912363
128 130 33 40 2 -1.49011266e-05 -7.02873945
103 103 41 76 2 -0.000671779038 -3.07485509
46 49 63 67 2 -1.89542334e-05 -4.36152077
57 61 74 109 4 -0.000235550629 -1.94995546
45 49 66 81 0 -1.10864494e-05 -5.67027187
43 45 120 128 2 -6.06770227e-05 -4.39968777
121 121 86 101 3 -0.00053315243 -5.42066526
119 127 52 59 1 -3.82660037e-05 -6.34665871
0 0 0 0 2 -0.144849658 9.28608608
44 48 86 94 1 -6.94984337e-05 -6.63578367
43 46 83 88 4 -0.00012576388 -3.1834054
37 37 68 99 2 -0.0148534328 -1.98657954
0 0 0 0 3 -0.0890040323 8.21785069
87 93 54 69 1 -5.85313755e-05 -6.19722462
0 0 0 0 2 -0.0139067303 3.31335211
50 52 29 35 3 -0.000424118625 -4.52469683
44 47 74 79 2 -0.000291098549 -3.07650805
73 76 141 176 0 -0.000192279636 -2.77804804
0 0 0 0 2 -0.379479378 8.9339571
100 101 117 124 2 -0.000497867295 -3.8982389
0 0 0 0 2 -0.21650584 8.38360119
135 135 153 161 3 -1.70468938e-05 -4.64677
188 188 76 111 3 -0.000633654359 -4.81552315
87 91 106 113 3 -2.30073347e-05 -5.48000622
41 47 106 141 2 -7.28360101e-05 -6.96636009
133 133 163 198 3 -0.000123260092 -7.47056437
147 147 46 53 3 -0.000192754422 -5.16758013
0 0 0 0 2 -0.249647334 8.63455868
102 104 50 85 2 -5.78156832e-05 -9.11510944
47 52 66 71 3 -0.425758004 -7.19354343
0 0 0 0 2 -0.0616659895 8.58334827
47 53 67 72 2 -8.46385228e-06 -6.39103699
117 123 141 146 1 -0.000118133918 -5.00323153
111 113 61 96 4 -7.74852888e-05 -1.36517537
0 0 0 0 3 -0.0937754735 8.07074642
61 66 47 50 4 -0.000301708002 -2.36495447
64 64 80 115 3 -3.27824055e-05 -5.3961482
104 107 84 89 3 -2.19344474e-05 -6.39559078
12 17 22 33 0 -0.000555463135 -3.9381063
46 49 54 62 1 -0.000678157201 -11.8064747
57 57 124 132 2 -0.000176783113 -4.91136217
36 42 59 74 1 -7.37898372e-05 -4.78539848
94 98 61 76 0 -3.25439105e-05 -3.88669372
0 0 0 0 1 -0.335061371 10.7604351
70 75 87 89 0 -9.84655198e-05 -3.13840675
88 96 112 147 1 -7.35514186e-05 -8.20828915
111 115 129 136 3 -1.95502762e-05 -5.48847389
108 108 123 130 3 -8.20150817e-05 -7.40278578
92 96 34 69 4 -3.65971064e-05 -2.3183496
104 106 120 155 1 -0.000107287022 -6.97346306
39 40 55 90 3 -4.69681363e-05 -5.67006016
111 113 127 134 1 -0.000159379299 -3.65112424
54 54 64 68 3 -6.91407186e-05 -5.54097843
0 0 0 0 1 -0.0781712383 8.08381462
53 56 65 88 0 -3.0755873e-05 -5.00193882
50 51 74 81 2 -8.94068762e-06 -7.31761837
76 78 52 56 1 -2.64643841e-05 -3.91346216
99 99 72 79 3 -0.000214449406 -3.88535476
59 59 73 77 4 -0.000461790973 -2.71976233
0 0 0 0 2 -0.196339265 8.57056904
34 34 109 113 3 -4.31533699e-05 -5.01056576
0 0 0 0 1 -0.383211255 7.34850693
122 124 143 158 2 -7.22401383e-05 -4.57050085
128 132 57 72 0 -9.72718772e-05 -4.53253794
141 141 94 129 3 -0.000213729276 -7.00989676
32 32 46 53 2 -0.000329119823 -5.33114815
47 54 63 69 0 -4.78024922e-05 -4.04045582
0 0 0 0 2 -0.00627637049 5.48341942
0 0 0 0 2 -0.28511858 3.45059824
134 136 67 72 1 -0.000330194627 -3.58018613
0 0 0 0 3 -0.00840592943 6.8937521
154 157 98 133 4 -0.00030313665 -3.07794476
90 97 34 40 0 -4.86367571e-05 -5.18992996
0 0 0 0 3 -0.0053729848 6.69290495
0 0 0 0 2 -0.18104808 7.70073748
137 141 163 174 1 -0.00027714757 -5.60870266
34 34 42 73 3 -4.93523585e-05 -7.09182215
113 113 102 104 3 -0.000147217856 -3.80066299
0 0 0 0 4 -0.164269999 8.57342625
188 191 114 149 0 -7.92731953e-05 -5.85129929
0 0 0 0 2 -0.662518799 7.61980963
0 0 0 0 2 -0.068874307 8.26052284
71 78 89 97 1 -9.44111525e-05 -8.04279995
122 126 74 85 2 -1.32322093e-05 -6.72682238
56 60 89 94 4 -6.6041408e-05 -3.24082398
56 62 99 111 4 -7.60544935e-05 -3.15469646
115 120 128 136 2 -3.99349046e-05 -4.4824605
34 38 101 105 3 -7.59352988e-05 -4.68761492
120 128 41 48 1 -0.000107524982 -6.20122719
0 0 0 0 2 -0.0899555832 9.26338863
30 36 74 109 1 -2.30073165e-05 -6.32570028
0 0 0 0 3 -0.176183835 8.28480053
126 133 147 182 2 -1.57355989e-05 -8.47276306
42 44 58 61 2 -3.21863736e-05 -4.546031
89 92 107 115 2 -3.24248067e-05 -5.97842884
84 90 37 48 2 -1.69276827e-05 -5.82364988
121 123 42 53 2 -0.00330990134 -3.5577898
87 92 98 101 3 -2.68220047e-05 -4.30015898
83 85 41 48 1 -2.74180384e-05 -4.43408203
86 91 120 126 0 -0.000171657113 -3.85225892
95 103 133 148 0 -9.19093363e-05 -4.60651398
47 50 113 120 3 -1.93118631e-05 -5.6081543
90 97 124 159 2 -3.39744838e-05 -6.66534042
69 75 49 52 2 -1.34706224e-05 -7.48722982
0 0 0 0 0 -0.0382737592 10.4395742
136 142 57 61 2 -3.85044186e-05 -5.17281151
0 0 0 0 3 -0.448589802 10.1878519
15 20 73 104 0 -0.00978825241 0.670886457
46 46 63 69 3 -1.3232213e-05 -3.64864373
225 229 47 82 2 -0.000649956753 -7.01746702
183 187 63 70 3 -0.000658075267 -4.06285286
22 22 34 38 2 -4.25574544e-05 -5.46295977
0 0 0 0 2 -0.0449401774 7.86088705
97 97 60 83 3 -2.07423709e-05 -6.03864241
41 44 53 61 4 -4.81602583e-05 -2.40294886
67 74 155 160 2 -0.124780744 -3.49518871
0 0 0 0 2 -0.134987041 9.26409721
57 60 71 106 2 -7.91541897e-05 -5.05221748
143 146 66 73 2 -0.000120876037 -5.67160511
57 62 106 113 2 -0.000141975557 -3.40503001
66 66 86 121 3 -0.000606009795 -3.74569702
0 0 0 0 2 -0.0749831647 6.67521048
0 0 0 0 4 -0.0333701372 7.08273792
116 119 198 233 1 -0.000161405507 -6.87443829
108 108 58 93 3 -0.000916374731 -3.58874202
55 60 96 102 2 -4.7087422e-05 -5.17832327
83 83 117 152 2 -1.50203405e-05 -8.94229984
152 154 39 54 2 -3.43320789e-05 -5.28497219
106 106 128 136 4 -5.20941503e-05 -2.444139
0 0 0 0 2 -0.29799962 8.31474018
118 122 135 143 3 -0.000320537802 -4.59369278
192 197 172 175 0 -0.000129694643 -5.10531521
49 52 70 74 4 -7.59354734e-05 -1.95069575
17 24 28 30 0 -9.95382507e-05 -7.05921173
86 93 152 159 3 -4.57761125e-05 -5.8297205
64 70 33 39 1 -0.000234955238 -5.62589741
134 137 218 221 4 -0.000565603317 -1.10796273
0 0 0 0 1 -0.0570660457 9.08829594
114 116 44 75 2 -0.000119444405 -6.00410843
144 146 99 134 2 -0.000359516707 -5.29641104
0 0 0 0 2 -0.666869223 9.08002853
0 0 0 0 2 -0.563873291 8.95023918
0 0 0 0 3 -0.030335227 6.42424822
54 58 130 134 4 -4.48224455e-05 -1.8988508
0 0 0 0 1 -0.00387752755 7.06207228
117 121 136 141 3 -4.79218106e-05 -6.08744717
42 46 49 80 3 -0.0108530195 -3.42954397
74 74 45 56 2 -4.68489598e-05 -4.75998688
107 111 90 95 2 -1.22785395e-05 -6.12979794
99 99 74 89 3 -5.40014007e-05 -5.6451211
81 87 101 136 0 -3.48089707e-05 -4.76891327
0 0 0 0 4 -0.000396460033 3.70322084
0 0 0 0 1 -0.969034076 7.70579863
54 60 73 77 0 -0.000318868202 -3.55384469
0 0 0 0 2 -0.00872408971 6.63878345
65 65 37 52 2 -4.8994596e-05 -5.80228472
46 53 99 106 0 -9.67944507e-05 -3.85025644
100 103 80 87 2 -0.000246992015 -3.10859323
77 83 160 165 3 -0.000645555963 -4.24055099
0 0 0 0 2 -0.211235046 8.48096561
0 0 0 0 0 -0.0500027984 7.3415184
0 0 0 0 3 -0.000590757001 1.4416678
114 115 130 139 2 -0.000956867938 -2.77181339
28 31 37 44 3 -0.000597072009 -10.5562458
0 0 0 0 1 -0.248791963 10.1878328
166 168 43 54 2 -0.000430080749 -3.9093504
28 29 39 45 2 -3.58817961e-05 -5.18783522
0 0 0 0 2 -0.0189684816 8.19132519
33 33 156 191 3 -0.000579071813 -4.42324543
113 114 53 88 2 -0.000449985091 -3.16037631
90 92 100 131 2 -0.0012051129 -4.55853701
0 0 0 0 2 -0.0755447075 6.86780787
140 144 61 84 1 -7.24784622e-05 -4.62733269
0 0 0 0 3 -0.0313580446 8.1655817
223 225 125 148 2 -0.000768335594 -3.33387399
113 117 83 106 3 -4.47032289e-05 -6.35107422
183 187 37 68 2 -0.000267734053 -4.04280949
45 53 116 151 3 -8.36835825e-05 -5.89880514
100 101 108 111 3 -2.81332759e-05 -4.47408581
81 89 59 62 2 -2.08615747e-05 -4.93026638
100 100 113 118 3 -2.28880435e-05 -7.17936611
113 115 81 104 2 -4.79218616e-05 -5.4858923
82 83 89 124 3 -6.10347197e-05 -6.23440027
43 45 53 58 1 -4.8279413e-05 -6.43542433
0 0 0 0 3 -0.00234523322 -0.330979764
62 64 41 48 1 -4.30342516e-05 -4.15900803
90 93 106 117 2 -0.000447603874 -3.2403543
62 63 92 97 2 -0.000104068284 -4.47862101
162 163 73 74 2 -9.79888282e-05 -5.00930309
64 69 52 58 2 -2.80140848e-05 -4.76765585
81 82 97 132 2 -2.02655156e-05 -6.66085911
0 0 0 0 3 -0.588260889 7.15751696
79 83 99 110 4 -0.000135300288 -1.60681975
140 144 116 131 1 -4.9590737e-05 -6.23692322
78 84 54 69 3 -3.62394785e-05 -4.43355942
0 0 0 0 0 -0.0184738878 11.0335922
29 30 105 111 2 -4.2199812e-05 -4.64480972
48 50 105 111 2 -1.16824931e-05 -8.39521694
0 0 0 0 2 -0.00196840498 1.89566314
16 17 21 27 2 -0.0890124962 -9.14366245
0 0 0 0 2 -0.829527617 8.02434921
53 53 94 129 3 -6.99744196e-05 -4.75098801
111 122 137 144 0 -0.0297521539 0.20266667
77 83 54 65 2 -1.41858836e-05 -6.07237291
168 172 188 219 3 -0.00218441128 -6.66727686
0 0 0 0 4 -0.129169688 8.3641367
78 86 56 63 3 -5.93658187e-05 -5.03891754
0 0 0 0 2 -0.365775645 10.2927008
0 0 0 0 2 -0.114684351 7.93826723
34 35 63 98 2 -0.000328763417 -4.77382612
142 144 35 58 1 -0.000246515847 -2.32963395
194 201 144 153 0 -0.000144121921 -3.73130989
101 101 168 203 4 -0.00326721487 -2.69161296
22 27 34 69 0 -0.000107882239 -5.53285408
130 136 47 78 1 -7.65315635e-05 -5.34614611
0 0 0 0 1 -0.469508797 9.72464657
83 89 56 63 2 -3.27823873e-05 -4.62576199
135 140 78 113 2 -3.33784701e-05 -8.55710602
0 0 0 0 2 -0.0573367439 7.64312792
111 111 68 70 3 -0.00012254488 -5.15613937
138 141 55 90 3 -0.000166411628 -5.77286339
0 0 0 0 3 -0.00296695111 5.91467285
120 124 55 63 3 -2.06231634e-05 -6.33130932
0 0 0 0 3 -0.011419449 6.45903349
39 44 64 99 0 -3.93388509e-05 -5.15636301
77 78 118 153 2 -2.65835624e-05 -7.75505638
109 112 121 152 2 -0.00947249401 -2.14493561
0 0 0 0 2 -0.274355888 9.32523346
84 90 99 134 2 -8.51143777e-05 -4.84788942
132 135 198 233 2 -0.11947874 -3.77728653
108 112 122 129 1 -3.51665549e-05 -4.62678242
40 46 55 90 2 -6.24650129e-05 -6.66267347
119 119 54 57 3 -4.0292507e-05 -5.42494726
33 37 106 121 3 -4.99483685e-05 -4.75777769
93 94 106 110 2 -1.56163533e-05 -7.39745283
89 92 206 209 2 -0.00015615864 -6.42174816
81 82 93 99 3 -1.99078859e-05 -5.77003908
42 45 112 119 0 -5.7220037e-05 -3.91669464
0 0 0 0 3 -0.727772415 10.8729954
42 48 52 58 2 -0.000225640455 -8.5140934
80 83 117 119 1 -0.000145789789 -4.34423065
108 112 61 96 3 -0.000574786507 -5.31537676
0 0 0 0 2 -0.0316778161 8.94039726
81 84 26 61 3 -8.91675591e-05 -4.15942049
0 0 0 0 1 -0.0108384825 8.34567833
145 150 58 64 2 -0.000169508974 -5.08876991
103 110 69 80 1 -2.9921408e-05 -5.35989618
158 165 184 219 2 -0.000599309395 -7.07442999
100 103 43 78 2 -0.000123975551 -4.22278166
81 85 100 135 1 -1.82389758e-05 -6.85975027
47 47 52 57 4 -0.190473467 -2.9015367
0 0 0 0 1 -0.587769568 8.36145687
27 29 61 65 1 -0.000101445541 -3.86872625
125 127 141 176 2 -1.00135676e-05 -7.85562563
34 40 142 177 2 -0.00164660998 -3.82562518
114 119 131 139 1 -5.75777158e-05 -5.51789474
131 135 48 56 1 -4.16037801e-05 -5.84128571
0 0 0 0 1 -0.267335445 9.16807652
47 47 180 182 3 -4.44646357e-05 -4.64844275
118 122 59 67 0 -0.000287159462 -1.37664723
63 66 18 53 4 -0.00248784432 -2.0986762
0 0 0 0 3 -0.0964397341 8.85706615
104 106 38 73 2 -5.55510342e-05 -5.11107302
48 52 85 90 2 -7.11673201e-05 -4.73022223
0 46 141 0 3 -1.94828796 -0.229225099
133 139 101 112 1 -9.63198399e-05 -5.09716225
130 135 42 77 1 -0.000426152401 -7.74269819
95 101 122 125 0 -5.13786508e-05 -4.70771503
135 137 49 56 2 -0.000173798879 -6.63278818
88 94 104 106 3 -2.65835733e-05 -6.87448978
108 111 144 151 2 -0.000142333301 -6.0372076
27 31 116 151 3 -0.00152900221 -4.97940111
92 99 71 76 0 -0.000125047562 -0.68452251
53 54 128 130 2 -1.57355935e-05 -6.59904623
70 74 88 103 3 -7.80811533e-05 -5.05824518
0 0 0 0 4 -0.0210256912 8.43251038
50 53 63 98 4 -3.38553073e-05 -2.08579993
97 100 135 138 0 -7.53395288e-05 -2.35372448
0 0 0 0 2 -0.00655988185 6.39131021
118 122 133 141 3 -7.62930649e-05 -4.81717062
70 77 48 55 0 -1.57355971e-05 -4.88602877
130 130 98 102 3 -4.07693005e-05 -5.10957718
88 92 108 115 2 -0.101729125 -2.21866083
87 88 119 154 2 -6.65181869e-05 -8.77522659
57 59 122 137 2 -3.50473238e-05 -5.84995079
67 67 87 122 4 -0.000113724054 -2.51684809
41 44 59 90 2 -5.24516436e-05 -6.52253485
127 133 41 48 2 -3.56433775e-05 -6.08487225
141 144 157 164 2 -0.000273448473 -4.69625044
0 0 0 0 2 -0.00531538529 6.30921507
75 80 26 61 3 -9.13130862e-05 -5.972929
91 96 49 54 1 -0.000410511944 -2.17227268
112 112 120 135 2 -6.36572076e-05 -3.5417819
40 43 81 84 2 -0.000965349842 -2.08245826
0 0 0 0 2 -0.00530719804 6.40539694
135 136 193 200 4 -0.000457374874 -2.33722186
48 48 77 80 3 -0.000137325842 -5.59112835
0 0 0 0 2 -0.34560445 9.03889847
0 0 0 0 0 -0.0844760686 11.1686096
0 0 0 0 2 -0.00429557776 7.38196993
98 98 43 45 3 -2.26363182 1.06470382
26 26 101 132 3 -4.07693915e-05 -4.18174076
50 51 63 66 3 -9.63198108e-05 -5.62929678
0 0 0 0 3 -0.780871332 9.39227962
0 0 0 0 4 -0.399568319 7.97567797
62 63 75 110 4 -0.000133512192 -2.95299363
129 136 108 114 2 -5.23325471e-05 -3.15227103
14 19 24 28 4 -0.0845042914 -3.16293812
128 132 33 41 3 -6.31803705e-05 -5.60487032
102 106 77 86 3 -4.47032471e-05 -5.36416435
110 111 49 56 2 -6.89021326e-05 -4.40147924
46 50 63 68 3 -5.74584265e-05 -5.40567064
116 116 73 96 3 -5.91273565e-05 -3.81600308
132 139 80 115 0 -5.67431998e-05 -4.25867987
32 33 50 59 2 -5.26897529e-05 -9.03330612
40 46 80 115 2 -0.00010120713 -4.18659163
0 0 0 0 1 -0.00495719584 8.30804729
45 46 105 112 2 -3.85043968e-05 -4.96439934
0 0 0 0 3 -0.0649446994 9.28909206
112 115 49 64 1 -6.22267034e-05 -5.05954981
54 61 108 131 0 -4.45840415e-05 -5.23315191
87 88 33 68 2 -6.59221769e-05 -6.23541069
92 95 74 79 3 -3.79083504e-05 -5.11395645
91 95 20 27 3 -0.000159737057 -4.74585629
144 148 85 120 4 -0.000143883022 -2.83875561
0 0 0 0 1 -0.0335546546 6.39442301
107 107 121 127 3 -2.21728733e-05 -5.10010338
88 88 66 77 3 -2.25304975e-05 -3.71652961
98 101 112 119 2 -1.28745842e-05 -4.81984758
72 72 79 90 3 -8.52335652e-05 -4.76707268
58 64 83 91 1 -6.18690392e-05 -4.569839
134 136 102 108 2 -2.28881217e-05 -6.29979706
57 57 105 112 3 -6.10346397e-05 -4.89942026
110 110 43 50 3 -9.05989418e-06 -7.33114719
0 0 0 0 3 -0.861209333 9.59637547
38 42 135 158 2 -7.16436844e-05 -7.24214935
44 49 129 160 2 -7.64119177e-05 -5.22387791
120 123 87 94 1 -7.36707443e-05 -5.46569586
60 66 43 47 3 -2.59875451e-05 -6.87614679
74 74 99 134 3 -5.97230683e-05 -4.62547684
126 130 51 55 4 -9.02403335e-05 -2.95993876
74 79 97 120 3 -0.000175233668 -5.21706343
97 97 108 123 3 -1.26361683e-05 -5.14290571
85 92 57 68 1 -6.96176867e-05 -5.89371824
144 148 166 201 2 -7.48625462e-05 -6.32597208
72 73 124 127 2 -8.64254544e-05 -8.35615921
77 81 90 105 3 -0.000105259925 -4.24427795
124 128 82 117 3 -0.000310408563 -5.37501192
103 108 57 72 1 -0.000117657139 -6.71538877
64 71 111 146 1 -5.81737622e-05 -6.825315
45 49 108 113 2 -2.3722574e-05 -4.86884069
75 76 175 210 3 -0.000660929712 -6.49834919
0 0 0 0 2 -1.02229941 10.2640181
114 114 129 131 3 -1.69276773e-05 -4.91481829
114 115 124 133 4 -0.000205388991 -3.38131356
84 90 113 118 2 -1.47819237e-05 -7.41299582
107 107 121 152 3 -8.84521141e-05 -5.487679
99 103 52 59 2 -0.000253059785 -4.22191048
0 0 0 0 2 -0.00351303979 7.40104914
65 67 160 195 3 -0.000577847764 -5.92220831
30 30 61 96 3 -3.56434321e-05 -6.60680294
150 154 59 94 2 -3.58818179e-05 -6.65092897
0 0 0 0 1 -0.0026206905 7.19519424
118 124 66 101 1 -9.09550217e-05 -6.7009201
79 85 138 173 0 -7.10479289e-05 -5.62548828
0 0 0 0 3 -0.00516752061 0.144474775
0 0 0 0 3 -1.30865562 8.3022337
77 81 33 68 3 -0.000182147473 -5.27217293
24 27 88 123 1 -0.000213139836 -4.69143057
68 73 87 94 1 -0.000199782095 -2.83281064
76 77 87 118 3 -0.000162834898 -5.63684034
57 61 78 85 2 -0.000278938795 -3.85333204
0 0 0 0 2 -0.00748875458 7.99468279
144 144 65 88 3 -0.000613522716 -3.98518372
52 57 65 72 1 -7.2240131e-05 -5.55295944
0 0 0 0 4 -0.732362509 7.74671602
101 105 48 71 1 -2.76564351e-05 -9.65121365
0 0 0 0 3 -0.0538644679 8.55030823
19 25 29 64 2 -0.00101064262 -9.93766022
102 106 118 141 3 -3.94580929e-05 -5.5277648
59 59 73 108 2 -5.88889816e-05 -8.894063
98 98 173 175 3 -0.000122664409 -4.56508541
50 53 31 38 1 -4.44648285e-05 -5.78330708
43 48 98 103 0 -8.92863536e-05 -4.59960842
138 146 111 119 0 -3.88619628e-05 -4.3587985
113 120 34 39 0 -0.00160746265 -1.97568929
52 56 81 116 2 -3.76699099e-05 -7.51464653
17 18 39 46 3 -0.00010895601 -7.11331797
55 59 69 104 3 -4.76834139e-05 -6.27429152
59 59 51 54 2 -8.49953503e-05 -4.96053314
51 53 69 76 1 -0.0043815691 -2.73214412
151 156 122 131 1 -0.000191919826 -3.54290318
42 45 79 114 0 -3.43321335e-05 -4.6041894
113 116 133 141 2 -4.97098299e-05 -4.99906731
50 50 71 76 3 -2.40802074e-05 -3.86024094
74 76 59 64 1 -4.52992572e-05 -5.63014221
101 104 26 61 1 -3.99349483e-05 -5.37582064
61 66 84 99 2 -0.000150319815 -3.8921876
85 92 43 51 1 -7.31938635e-05 -7.45971775
121 123 59 64 2 -4.10077628e-05 -4.42646074
159 161 220 229 2 -0.000924779742 -4.82514334
48 50 88 93 2 -0.000138041753 -3.66659093
12 12 17 19 4 -0.000821977039 -1.26949656
12 16 20 43 0 -0.00177710119 -6.16821814
104 107 116 127 4 -3.25440014e-05 -2.66547418
48 51 61 69 3 -2.69412049e-05 -4.93010092
54 54 67 102 3 -3.8504324e-05 -6.77752542
98 98 79 86 4 -0.000761911913 -0.972709239
121 124 37 68 2 -9.03594992e-05 -3.88933921
39 44 55 86 4 -8.03463845e-05 -2.03642535
57 58 161 166 3 -0.000202887371 -5.53268147
82 82 45 53 2 -0.000188821374 -4.09789753
147 153 112 123 2 -3.76699281e-05 -4.15759945
73 79 95 103 1 -3.00406427e-05 -6.49377823
70 70 42 44 4 -0.000397540629 -3.02271914
44 47 67 90 3 -0.000100848549 -5.87500048
56 59 69 92 3 -4.50608022e-05 -5.49698162
54 56 65 67 2 -0.000207176257 -2.82621074
48 54 58 89 1 -0.00179362344 -2.34221864
49 52 107 110 1 -0.000155922477 -5.77749491
38 40 44 52 2 -5.85310918e-05 -9.92617321
38 39 75 110 2 -6.40146536e-05 -6.74254799
122 133 45 80 0 -7.30742977e-05 -5.06601143
99 100 37 45 2 -2.78948901e-05 -4.93334866
62 66 74 109 3 -0.000638519123 -4.37167311
58 62 81 83 0 -9.94180664e-05 -4.55031681
65 65 79 82 3 -3.27823909e-05 -3.83678818
37 37 55 62 3 -0.000151272878 -7.72602177
68 68 85 120 3 -7.0213493e-05 -4.42574024
54 57 69 75 2 -2.50338708e-05 -5.58260202
142 142 83 118 2 -2.896775e-05 -6.20192528
119 127 72 103 2 -7.00942401e-05 -4.59754944
41 41 57 92 3 -1.84773999e-05 -5.996315
78 81 92 97 0 -5.13785162e-05 -3.43724132
47 48 59 66 3 -2.5749112e-05 -6.85828543
80 81 63 65 3 -0.000122425758 -4.35979462
127 127 22 53 3 -8.70217336e-05 -5.13541365
29 29 54 85 3 -0.000326021545 -5.5850749
5 6 9 44 3 -0.0255780034 -4.49827528
96 96 124 131 3 -0.000215524284 -4.20992279
114 115 127 132 2 -6.61606246e-05 -2.78306818
125 125 94 109 3 -2.63451784e-05 -4.74113512
28 31 35 50 2 -0.00177515089 -5.84848881
44 44 67 98 3 -5.3524629e-05 -4.81163883
50 53 65 80 2 -5.44780341e-05 -4.53615856
114 116 41 47 2 -2.7775639e-05 -7.36698437
133 137 46 81 2 -0.000173683438 -5.77439356
59 59 149 156 2 -6.09153612e-05 -5.55870008
78 80 88 95 2 -1.32322111e-05 -5.81457376
119 124 49 84 1 -9.52469127e-05 -7.72026777
57 57 77 112 3 -3.65970118e-05 -7.24514437
85 85 114 149 3 -0.00114539871 -5.5833106
23 25 91 114 1 -0.000328271126 -6.5671401
175 179 56 60 2 -0.00641785609 -0.525492311
54 54 111 146 3 -2.43186078e-05 -6.55098009
126 126 54 69 3 -3.96964788e-05 -5.11113644
116 117 53 64 1 -4.56567395e-05 -6.83927965
87 89 45 80 2 -0.000387757405 -6.00450373
55 58 113 120 2 -1.94310614e-05 -5.37961531
17 19 40 45 2 -5.4001066e-05 -6.49214983
85 89 46 69 1 -0.000344738306 -3.53033519
25 28 104 108 2 -7.83196156e-05 -4.16876507
73 75 142 150 2 -1.96694673e-05 -6.97770071
49 50 107 114 2 -8.89287548e-05 -5.13467407
0 0 0 0 3 -0.0161265396 6.44761515
0 0 0 0 3 -0.0199990906 7.79774427
0 0 0 0 3 -0.00160745985 3.02376747
0 0 0 0 3 -0.00859413855 6.50605249
0 0 0 0 3 -0.00804307777 6.90433407
0 0 0 0 3 -0.0125200544 9.59326553
0 0 0 0 2 -0.0189053956 10.5113258
0 0 0 0 2 -0.020330349 7.3778286
0 0 0 0 3 -0.0244567879 7.74307108
0 0 0 0 2 -0.694768965 10.0019579
0 0 0 0 2 -0.472575784 10.0724678
0 0 0 0 3 -0.201762527 11.1978931
0 0 0 0 2 -0.00660742773 8.11860371
0 0 0 0 0 -0.107127838 10.7813206
0 0 0 0 3 -0.781695604 9.4734621
0 0 0 0 3 -0.0371265486 8.91776562
0 0 0 0 2 -0.00271954271 7.48291492
0 0 0 0 2 -0.0102824913 6.55905581
107 107 120 125 2 -0.000120637604 -4.34224415
80 83 128 130 1 -3.37361053e-05 -5.448596
72 80 51 60 0 -0.00156683708 -4.08410072
22 23 27 62 2 -0.00279367249 -6.20730925
130 136 39 74 1 -0.000102159604 -6.46186638
66 70 89 124 3 -6.6995075e-05 -6.39675236
68 76 84 87 1 -0.000137326497 -3.34447408
126 130 53 88 1 -3.89812194e-05 -6.75148678
15 16 116 131 2 -0.00722935796 -2.89103246
167 167 124 131 3 -6.50874863e-05 -4.31569147
120 125 136 140 0 -0.000226607532 -2.47721267
0 0 0 0 2 -0.0553307123 7.44285154
53 53 89 124 2 -3.75506861e-05 -5.57432508
35 40 50 53 0 -1.58547955e-05 -4.19056606
127 132 51 62 0 -6.1749095e-05 -4.95827913
45 49 63 74 3 -0.000257719541 -3.82503366
96 96 107 130 3 -0.00010120662 -3.98740339
43 48 27 34 1 -0.00010228029 -4.52199078
145 145 106 113 3 -0.000500166265 -3.31176233
76 83 224 228 0 -8.86902417e-05 -4.50613308
83 90 45 51 1 -3.30208386e-05 -5.66426086
122 126 95 102 3 -6.18691265e-05 -6.37971973
47 52 62 65 4 -5.74584992e-05 -2.34363627
50 53 75 110 1 -0.000212660656 -5.46550751
55 60 147 182 1 -0.000398492295 -5.86015463
134 138 81 116 4 -0.000132318921 -0.197250366
83 87 44 75 4 -6.98561198e-05 -1.18588173
44 45 57 64 4 -0.000102280268 -3.58645964
75 79 46 52 4 -0.000114320028 -0.747139454
0 0 0 0 3 -0.574429393 10.4858494
0 0 0 0 1 -0.0114639457 6.08132172
24 28 73 108 1 -9.82271376e-05 -6.40267134
172 176 59 94 0 -8.77369603e-05 -4.49564981
0 0 0 0 1 -0.367349923 9.98231602
0 0 0 0 3 -0.0480542667 9.64874744
188 190 66 89 2 -0.000667716668 -3.95679116
91 95 103 111 1 -2.39609999e-05 -6.50105953
51 52 85 120 1 -6.22267034e-05 -6.7671442
30 36 95 97 0 -0.00213029329 0.358104467
155 158 92 95 0 -0.000128265921 -3.37928009
48 0 0 0 2 -1.82122159 -2.32102656
64 64 52 56 2 -3.8027596e-05 -6.01238203
153 155 125 133 2 -1.74045199e-05 -5.34677219
143 146 126 133 0 -6.87831052e-05 -4.68641758
103 106 53 88 3 -4.07693951e-05 -6.6779952
0 0 0 0 3 -0.00586570706 6.26934862
81 83 58 67 2 -1.21593312e-05 -6.67625141
53 61 40 47 1 -4.06501276e-05 -7.03699017
0 0 0 0 1 -0.0460607558 8.3363409
10 13 23 25 2 -0.00103491743 -3.07117748
51 51 32 40 2 -0.00117498904 -3.56879139
25 30 49 54 1 -3.0517469e-05 -6.16879892
45 50 119 126 1 -5.76968596e-05 -5.08427668
22 24 81 84 2 -0.00019442552 -3.98155642
129 135 106 114 2 -7.62925119e-05 -6.84829712
0 0 0 0 3 -0.0738888085 9.70837116
92 97 107 111 3 -8.15383537e-05 -4.76823282
117 122 60 95 3 -6.37764897e-05 -5.66747141
137 144 57 92 1 -8.57106206e-05 -7.0213418
120 120 138 173 2 -0.000125286853 -8.40263748
45 45 90 121 2 -0.000693848357 -4.31396437
60 65 75 78 0 -4.68489015e-05 -4.02708149
88 89 102 106 3 -8.35638857e-05 -3.79534602
50 54 120 155 3 -5.1498042e-05 -6.84232903
45 49 66 101 3 -0.000208253216 -5.04883718
108 108 74 82 2 -8.52338053e-05 -4.70531273
53 54 91 126 2 -4.24382742e-05 -6.40983963
0 0 0 0 4 -0.00159471203 5.47076511
64 69 98 121 3 -0.00255111791 -4.24912453
36 42 49 52 3 -8.97635036e-05 -4.08213186
89 93 106 113 4 -0.000107644766 -1.45045412
40 45 57 72 1 -0.000122305573 -7.21268845
153 154 51 86 4 -0.000187154306 -2.17861271
0 0 0 0 2 -0.0131881712 8.46290398
43 43 106 113 4 -0.000308381539 -2.80845571
80 80 113 115 4 -0.000498266192 -3.61548209
113 116 63 98 3 -6.16307079e-05 -7.77596951
138 141 121 123 2 -4.37495655e-05 -5.74087811
134 136 118 124 2 -0.000121710058 -6.39770317
98 98 40 47 3 -2.21728733e-05 -5.91087675
119 119 160 191 3 -0.000972229347 -4.03441525
110 118 134 140 0 -4.99482921e-05 -3.93392944
102 103 85 87 3 -4.68489816e-05 -3.89894366
48 53 84 119 3 -3.93387527e-05 -6.09436178
102 104 57 64 1 -0.000143762736 -2.80308723
27 31 82 93 1 -0.000326613954 -3.25078583
167 173 123 129 0 -0.000203603369 -3.26103759
213 222 170 177 1 -0.462108552 -2.02862597
0 0 0 0 2 -0.388013214 9.82505798
32 34 50 65 2 -2.15768214e-05 -7.26028872
45 46 53 88 1 -0.000302512664 -4.50525761
0 0 0 0 2 -0.243776381 8.49320984
0 0 0 0 2 -0.391079783 9.83455467
59 65 76 111 2 -2.13384083e-05 -5.06790209
79 85 115 122 3 -9.41752296e-06 -5.76877451
47 50 85 116 3 -0.000204674026 -5.69806385
0 0 0 0 4 -0.000366908149 0.730466425
137 144 91 114 0 -7.7843004e-05 -7.20958138
71 77 103 138 3 -0.00117242814 -6.72780943
76 79 43 48 4 -0.000228277975 -2.10010791
0 0 0 0 2 -0.00302005513 6.06317711
0 0 0 0 1 -0.0152437398 7.85388279
57 63 80 86 2 -1.82389831e-05 -5.51351023
127 127 198 202 2 -0.000158544106 -4.77098513
47 47 77 80 2 -6.44917163e-05 -3.64353275
137 140 84 119 3 -0.00016772277 -7.73781919
75 75 91 94 3 -9.60815451e-05 -5.01784277
220 220 131 166 2 -0.00412252406 -4.38268328
0 0 0 0 2 -0.280531496 8.83118343
69 69 50 55 4 -0.000139472861 -0.49391076
101 105 52 87 1 -0.000120874814 -6.90712833
91 91 106 112 3 -0.00013422739 -2.8762145
26 31 36 40 4 -0.000165337435 -3.80989814
122 126 139 150 3 -0.00021086882 -4.57700872
87 93 106 113 2 -9.29831458e-06 -7.08177328
90 95 110 119 1 -0.000159253439 -6.58967924
0 0 0 0 3 -0.324523628 9.54195309
112 115 124 130 4 -0.000104425621 -1.7399559
103 105 63 98 3 -9.94191723e-05 -9.05826473
150 155 54 89 3 -6.89023873e-05 -5.63884258
0 0 0 0 0 -0.0914284512 11.1934671
25 29 101 109 2 -0.000361286453 -3.58134389
0 0 0 0 3 -0.569473565 10.2095728
63 65 158 173 3 -0.0057371622 -4.93257666
31 32 37 44 2 -0.000232790349 -9.07472515
159 159 172 207 2 -0.00103987474 -3.06148911
0 0 0 0 2 -0.212473989 8.31612015
92 96 50 73 3 -4.17230513e-05 -6.17752886
159 161 104 139 1 -8.10611673e-05 -4.89543962
122 130 106 110 1 -0.00011503265 -6.08026457
57 57 113 117 4 -0.00105949712 -2.93858266
59 64 86 121 2 -4.05308492e-05 -9.74785137
72 78 44 59 2 -0.00039289135 -3.62863398
131 133 151 186 2 -0.000130766755 -5.27445078
58 66 97 100 0 -8.32069709e-05 -4.7811799
73 77 117 125 0 -0.00120683527 -1.55029809
116 120 67 102 2 -4.9352253e-05 -5.01257849
0 0 0 0 2 -0.384007484 8.87687206
61 67 81 104 1 -0.000174041837 -6.26797628
137 141 80 115 4 -0.000150200649 -1.68694961
71 74 90 96 1 -7.09289088e-05 -5.42425823
68 73 94 129 4 -0.000205034536 -3.08193517
59 61 73 79 1 -0.00015151102 -5.65897036
50 52 143 151 2 -5.67431271e-05 -7.47550535
99 99 108 113 4 -8.0226906e-05 -3.1491127
141 146 46 54 1 -6.12729054e-05 -5.57663012
91 96 157 163 0 -0.000288590119 -4.23737526
121 122 46 69 2 -9.7751481e-06 -7.78962755
98 102 63 86 2 -3.54050135e-05 -9.39793015
84 88 97 132 2 -0.000421972945 -5.64385271
48 51 78 81 0 -9.48895467e-05 -3.07925415
62 63 120 124 2 -8.10622441e-06 -7.50548697
120 123 49 56 0 -4.3034277e-05 -5.0238061
19 22 48 55 4 -0.00100788625 -3.2030158
103 105 120 151 2 -0.000787761528 -3.65541148
52 55 90 94 2 -5.98425031e-05 -2.80161214
54 54 70 78 4 -0.000204080949 -2.42336392
0 0 0 0 3 -0.00548673188 6.41404247
142 143 60 64 2 -3.20671279e-05 -6.39853048
0 0 0 0 4 -0.658112824 9.12033749
0 0 0 0 2 -0.243968964 8.84856796
65 66 107 110 3 -0.000620785169 -4.00863552
36 37 48 54 2 -0.000112293594 -5.37584209
77 81 94 129 3 -1.75237328e-05 -7.52923059
0 0 0 0 2 -0.0025626563 3.43065453
0 0 0 0 2 -0.0348888189 7.74091101
44 48 73 80 0 -8.7737084e-05 -4.18010807
96 101 40 55 0 -0.000113603732 -2.77271461
147 151 164 168 4 -0.000165817095 -0.619190872
58 60 79 90 2 -2.01462954e-05 -7.77007151
47 53 57 61 2 -0.00010752547 -10.9438601
67 75 49 57 0 -5.38821114e-05 -4.55874395
107 109 125 129 2 -1.83581888e-05 -6.46413279
73 78 21 56 2 -2.39609944e-05 -9.45779419
129 133 55 66 2 -2.12192026e-05 -5.3480196
52 58 78 84 0 -0.0404959396 0.0932284668
86 87 49 58 2 -3.06366455e-05 -6.49405766
9 13 19 54 4 -0.0208152309 0.311600059
129 130 139 174 3 -0.000467135833 -5.32218599
86 86 107 142 2 -0.000156512455 -8.56994057
0 0 0 0 2 -0.0613852181 9.41992092
126 129 193 199 2 -0.000653213472 -5.00266218
60 62 77 83 1 -5.38822678e-05 -6.64426804
88 88 120 127 3 -0.000801077345 -4.21414948
0 0 0 0 2 -0.467997193 8.31044197
64 66 80 115 2 -5.30477882e-05 -4.12934303
84 86 169 177 2 -1.27553585e-05 -8.81561947
23 29 37 72 2 -0.000205504577 -9.12010002
0 0 0 0 2 -0.00961773098 7.17451096
117 120 90 97 4 -2.82524798e-05 -1.43649316
110 114 125 160 2 -4.45839796e-05 -5.18422699
0 0 0 0 3 -0.00537134986 5.86719179
0 0 0 0 1 -0.0168401077 8.14958477
139 139 119 126 3 -6.4730033e-05 -4.1799922
10 16 28 35 2 -0.000130412212 -4.39910603
58 61 74 77 2 -2.49146542e-05 -4.82196999
13 16 29 36 3 -0.00532518793 -2.13653159
89 97 57 65 3 -9.39341844e-05 -5.91446018
0 0 0 0 3 -0.00298199756 6.77484417
82 85 57 60 2 -5.41205882e-05 -4.02029133
114 114 86 94 3 -1.2397747e-05 -6.30950212
77 81 65 72 0 -7.39086245e-05 -3.99783874
0 0 0 0 3 -0.904607713 9.37141323
65 65 124 135 3 -4.8875514e-05 -4.44551563
55 60 77 81 3 -0.000224584612 -3.4501214
69 73 162 193 3 -0.0117395883 -3.80782104
42 44 87 122 1 -5.60278277e-05 -8.18462944
0 0 0 0 1 -0.131296992 8.01913166
118 119 135 158 3 -0.000138518459 -5.41488028
88 94 41 76 0 -9.8823235e-05 -4.7433362
80 81 42 45 4 -0.000184173579 -3.07366323
35 42 59 67 2 -0.000221962124 -5.47569656
83 88 134 169 1 -6.85445702e-05 -5.02989197
47 50 111 113 4 -3.86236134e-05 -2.05197763
103 107 119 127 4 -4.4345652e-05 -3.40668225
0 0 0 0 2 -0.00949077122 7.67292738
0 0 0 0 3 -0.326048583 9.35530758
0 0 0 0 4 -0.0309778657 6.49691248
30 34 54 89 1 -0.000169509527 -7.81225443
40 43 74 85 2 -9.50085378e-05 -4.33881187
80 80 114 122 2 -1.95502689e-05 -5.61812019
85 85 92 94 2 -4.27959094e-05 -5.42266273
16 19 35 40 2 -5.7816047e-05 -4.77351809
115 118 39 74 2 -8.46385046e-06 -7.24012661
0 0 0 0 1 -0.0628819242 8.75514698
47 49 69 73 1 -0.0001325583 -4.92312813
145 146 154 158 2 -2.3603372e-05 -4.7409811
122 126 87 98 2 -6.97364158e-05 -4.92309284
101 101 50 85 3 -0.000115151874 -7.41676188
88 95 102 109 0 -5.85312191e-05 -4.04101229
188 188 205 212 2 -6.80677404e-05 -5.84348965
0 0 0 0 3 -0.715348363 9.03116512
74 80 146 155 1 -6.69950823e-05 -5.06055689
70 70 52 58 4 -0.000141260462 -2.40037441
131 131 40 45 2 -1.58548028e-05 -7.2202301
55 58 73 76 2 -4.80410017e-05 -2.78496814
0 0 0 0 3 -0.221528992 8.74739742
160 162 141 143 2 -5.55511069e-05 -6.84021473
163 164 70 77 2 -0.000144597565 -4.69252348
94 94 53 88 2 -0.000226966396 -4.91813946
73 73 24 31 2 -1.58548046e-05 -7.86818838
0 0 0 0 2 -0.0112040052 8.13751793
72 76 27 62 4 -8.57105479e-05 -1.43103814
0 0 0 0 1 -0.15794459 8.60289383
111 111 64 71 2 -0.000130173124 -5.07241583
0 0 0 0 0 -0.574939549 11.7397089
0 0 0 0 2 -0.461532831 9.54453754
225 230 58 93 1 -0.000423874939 -3.89504027
65 69 86 97 2 -2.13384064e-05 -5.86286211
95 99 123 132 2 -9.65594154e-06 -9.22237015
180 186 59 63 2 -0.000384023617 -6.40838623
89 89 95 100 2 -6.96174538e-05 -6.94418812
0 0 0 0 4 -0.458414704 10.7578011
33 40 95 103 0 -0.000161882592 -3.71827459
46 51 22 28 4 -0.000103591665 -2.58621573
98 100 125 156 2 -0.0734200403 -2.90754437
21 22 35 70 2 -0.000120518045 -4.27744627
133 136 155 160 2 -0.000308858987 -3.7674439
0 0 0 0 2 -0.0118466998 6.39100361
38 43 81 116 0 -5.30477082e-05 -4.75390434
73 76 55 57 3 -0.000112412781 -4.94380617
41 41 53 60 3 -2.65835915e-05 -5.49920225
188 189 208 210 2 -5.13787418e-05 -5.2417202
58 62 129 131 3 -0.00021373562 -5.49875546
89 92 135 142 2 -3.81467544e-05 -6.06720829
100 102 48 53 1 -0.000111814668 -6.19956493
91 95 38 42 3 -6.36572659e-05 -4.91415882
49 52 37 39 2 -8.41606379e-05 -3.11002898
91 92 69 75 2 -0.000363567291 -3.09432912
59 61 40 44 2 -0.00193853467 -3.52300882
47 48 67 74 4 -0.000287880597 -3.26092362
0 0 0 0 3 -0.0317805111 8.58574581
86 89 34 69 0 -1.90734409e-05 -4.52084398
79 84 99 134 1 -0.000574352278 -4.12805033
124 124 200 203 2 -5.2690164e-05 -4.82567167
0 0 0 0 2 -0.103753187 5.08961248
0 0 0 0 2 -0.263015568 8.76958275
179 181 48 79 1 -0.00249451422 -1.95178568
112 115 133 168 4 -0.000583003566 -2.49348712
222 223 61 96 2 -7.08096704e-05 -7.33437395
0 0 0 0 2 -0.248393327 9.52843475
0 0 0 0 2 -0.163754985 8.87245083
94 94 21 24 3 -2.65835915e-05 -4.88356924
26 32 91 94 1 -0.000891602831 -5.00266886
64 70 76 82 0 -2.40801965e-05 -3.56153774
141 145 122 129 2 -3.70737835e-05 -7.03803158
97 103 158 165 1 -0.000735802983 -2.59179568
105 114 123 131 0 -6.84250408e-05 -3.30476236
0 0 0 0 4 -0.397511065 11.8440781
75 82 90 94 0 -2.3722514e-05 -4.40434599
144 152 116 119 0 -0.000174756467 -3.7591567
0 0 0 0 2 -0.00582547253 4.96618748
44 45 107 113 2 -0.000231137325 -5.33964014
97 97 104 108 3 -2.47954231e-05 -3.7074976
88 88 64 70 3 -6.37761259e-05 -4.14543915
45 50 65 69 1 -8.51144359e-05 -3.59393835
61 61 81 89 3 -5.62663845e-05 -5.05876207
52 55 74 80 0 -0.000131127352 -4.66938782
0 0 0 0 3 -0.01347767 6.26074457
0 0 0 0 2 -0.0356394611 6.60513258
0 0 0 0 2 -0.00657675788 10.2936182
92 92 118 153 3 -0.000146385762 -5.86785746
69 76 103 107 1 -0.00164528657 -5.53562784
61 64 154 162 2 -2.80140521e-05 -6.88320875
41 43 69 74 2 -4.07693879e-05 -8.41620064
111 114 62 85 2 -0.000172848493 -3.85492349
148 150 111 126 2 -4.19614407e-05 -5.43877983
120 124 81 104 3 -6.00810745e-05 -6.15313196
88 92 105 109 0 -0.000624940963 -1.02707946
102 107 116 139 0 -0.000206941273 -5.35166073
0 0 0 0 2 -0.00403946871 7.80720663
51 55 64 87 1 -0.000165101083 -7.19558668
68 72 87 92 0 -0.000229462545 -1.80217505
91 93 107 110 2 -3.83851548e-05 -5.81011343
165 168 82 117 2 -9.52468108e-05 -4.97744083
32 38 54 59 0 -6.5325672e-05 -5.85986567
104 106 121 156 2 -2.99213916e-05 -7.23138189
40 41 171 194 3 -9.89421314e-05 -5.2145834
49 55 67 102 2 -4.70873783e-05 -5.48171043
68 69 85 116 3 -0.000322084001 -4.67255735
59 61 67 69 2 -0.000168914063 -7.97714472
70 71 17 21 3 -0.000255815103 -4.11195946
117 120 34 38 2 -1.2636161e-05 -6.06402445
188 195 137 172 3 -0.000167127 -6.37691498
66 71 86 109 3 -3.24247485e-05 -7.12841368
56 65 75 80 1 -5.38819295e-05 -5.96976948
94 97 138 173 2 -6.81866659e-05 -7.06233406
154 157 106 141 4 -0.000337226986 -2.52029729
36 41 116 147 2 -7.23593839e-05 -5.3771596
0 0 0 0 3 -0.0324407779 10.6494703
129 135 164 179 3 -0.00126457645 -3.91055322
119 126 31 66 1 -0.000129816195 -4.2741394
0 0 0 0 2 -0.0929508507 5.59056616
103 107 126 157 3 -0.00030075002 -4.75207424
130 130 76 111 3 -0.000113604765 -3.42895842
72 72 84 87 2 -3.85043822e-05 -5.46564198
130 136 145 168 1 -0.000212658488 -5.19618607
208 209 63 68 2 -0.000114199625 -7.19807768
121 126 93 116 1 -4.04117854e-05 -6.78016758
0 0 0 0 4 -0.00807357393 7.2809391
75 83 118 123 0 -3.13519049e-05 -5.15463448
85 89 106 113 1 -0.000104424558 -6.30822039
108 112 39 74 3 -2.65835952e-05 -5.31629276
135 136 153 162 2 -0.00060717907 -3.39693689
35 42 137 172 0 -0.000293835183 -5.49190235
72 74 95 130 2 -0.000125525607 -9.84279346
0 0 0 0 3 -0.517136693 10.7338657
81 81 51 66 3 -5.65046976e-05 -5.25451994
90 91 104 109 4 -4.10077591e-05 -3.34568048
52 55 98 109 1 -0.000220768619 -3.56294847
0 0 0 0 2 -0.644438744 7.63682747
0 0 0 0 2 -0.209798098 9.38698769
105 111 127 162 2 -0.00660036644 -7.50251055
69 73 87 102 0 -0.000130291344 -4.26066351
60 61 50 53 2 -7.54585126e-05 -4.14173651
0 0 0 0 2 -0.404137582 7.10624123
136 140 99 105 3 -1.63316345e-05 -6.72187757
60 64 40 43 3 -0.00611928664 -2.59361434
116 117 138 146 2 -0.000623953121 -6.81467152
128 128 144 155 3 -0.00375538599 -4.2724824
0 0 0 0 3 -0.00684856018 6.45160437
0 0 0 0 4 -0.161920592 8.66265297
35 35 46 53 4 -8.18953849e-05 -3.12115335
0 0 0 0 1 -0.00345507124 -0.737423241
0 0 0 0 3 -0.734964311 9.51809406
63 73 164 199 0 -9.97766911e-05 -5.4731369
69 72 53 57 2 -8.58305975e-06 -7.00470161
100 103 142 153 2 -5.23325361e-05 -4.94979429
70 74 105 114 1 -5.74582446e-05 -6.13711214
39 44 56 61 0 -1.12056568e-05 -4.15498543
96 102 42 50 0 -1.43050911e-05 -5.87878132
37 37 96 105 2 -0.00020681927 -4.03009605
0 0 0 0 2 -0.000805111136 6.58284998
111 113 35 66 2 -0.00022529882 -8.10759926
45 48 116 147 1 -0.000894147961 -5.66822958
90 95 105 128 2 -9.53672952e-06 -8.35654831
85 89 35 41 3 -9.73916685e-05 -5.79795074
119 122 135 158 0 -0.00341718318 -2.31323409
89 89 21 56 3 -1.29937898e-05 -5.9608655
57 61 150 157 2 -5.25708638e-05 -5.45994616
121 121 75 110 3 -0.000152108114 -3.82846451
104 107 122 129 4 -3.89812194e-05 -0.586958885
54 58 71 106 1 -0.000115273062 -8.60371494
41 48 59 70 2 -0.00183813134 -0.616246641
54 58 76 111 2 -1.75237328e-05 -7.1757946
141 143 108 111 1 -3.3974502e-05 -3.58481431
84 86 23 28 1 -5.67431089e-05 -3.70451379
71 73 102 110 2 -8.85713962e-05 -3.46964407
80 83 119 127 3 -4.87562538e-05 -4.85119534
43 47 64 87 2 -2.86101331e-05 -6.23530102
46 47 84 85 1 -7.2120587e-05 -2.82786798
130 134 60 95 2 -5.62662826e-05 -4.74776506
42 42 61 96 3 -4.14845563e-05 -4.07208967
84 85 97 132 2 -2.78948828e-05 -9.82296085
200 200 131 166 4 -0.000323043787 -2.88446999
85 85 41 48 3 -1.89542388e-05 -5.40427828
84 88 101 136 3 -5.82929279e-05 -6.53294659
0 0 0 0 2 -0.00318093738 7.21800947
127 134 153 160 2 -2.30073128e-05 -7.94250822
52 56 70 85 2 -6.93786569e-05 -4.66784382
0 0 0 0 4 -0.151656628 3.71338487
34 39 73 108 3 -9.13129261e-05 -5.80416632
33 40 86 121 0 -3.23055465e-05 -5.67970324
172 177 106 141 3 -0.000186438614 -5.6643424
135 141 48 83 3 -0.000243655406 -6.02901793
104 107 71 86 2 -3.08750277e-05 -6.1201539
20 25 30 65 4 -0.0015378776 -3.93679309
85 92 43 50 2 -2.25304884e-05 -4.75396395
118 123 61 96 4 -0.00308813155 -4.58648491
93 93 45 80 3 -0.000151034765 -4.25921965
48 49 59 74 4 -7.10480745e-05 -3.50420475
0 0 0 0 2 -0.311446875 10.0171509
110 112 128 135 2 -1.65700585e-05 -6.64586687
88 90 100 106 2 -2.94445817e-05 -5.31676722
155 158 57 72 2 -0.000356416102 -4.33445168
65 66 115 150 2 -0.000146624487 -7.615201
64 64 18 53 2 -0.0021561319 -4.23253107
102 110 56 91 1 -0.000174041445 -5.20055246
62 65 87 110 1 -8.47568372e-05 -6.56300974
64 64 137 152 3 -0.000232092731 -2.92582226
54 59 91 97 0 -0.00040776789 -3.20886683
139 143 70 77 3 -5.53126738e-05 -5.29526615
40 42 77 80 2 -0.000114081551 -5.28890228
103 113 35 38 0 -4.54183501e-05 -4.20802069
49 49 59 94 3 -2.81332686e-05 -6.45345402
84 84 39 74 4 -0.000212306157 -1.94743156
0 0 0 0 2 -0.613806784 11.0408154
85 89 55 78 3 -3.25440014e-05 -6.84001207
141 144 41 46 4 -0.000146624661 -2.78194952
93 94 123 124 3 -0.00267077982 -3.64935279
84 84 98 133 4 -0.000831964368 -0.255950212
117 120 102 107 4 -6.4253356e-05 -1.25496507
165 167 40 46 1 -0.000156513677 -6.2379899
0 0 0 0 2 -0.0037364522 6.48154736
0 0 0 0 3 -0.564549685 7.84754419
101 108 44 51 2 -8.6306507e-05 -7.33599854
89 91 101 104 1 -1.77621332e-05 -7.58762932
83 89 105 111 3 -2.46762465e-05 -6.6906352
52 56 136 141 2 -2.52722602e-05 -5.17841434
125 133 74 109 0 -0.000108121123 -4.33512497
92 93 105 112 3 -0.0007050407 -4.55474472
0 0 0 0 1 -0.0891356021 8.55695915
105 107 66 74 3 -4.10077409e-05 -5.76371527
132 135 51 57 4 -0.000100968762 -1.06643248
0 0 0 0 2 -0.418351322 8.65467834
26 34 38 49 2 -0.00013100545 -9.66349411
0 0 0 0 2 -0.00499726366 6.61813879
116 116 40 75 3 -3.68354558e-05 -6.11837912
47 50 97 132 4 -0.000152584063 -1.23807919
45 46 69 71 3 -0.000263800874 -4.47611141
121 129 37 72 1 -8.71409502e-05 -6.21590424
148 149 162 197 3 -0.000170104307 -6.29362202
0 0 0 0 2 -0.0841847584 8.77865696
126 130 80 115 3 -0.000290740776 -6.97595644
99 106 124 127 0 -6.34185708e-05 -3.62679219
25 29 83 85 2 -0.0291209482 -0.140100226
220 224 87 122 3 -0.00140104408 -3.92883992
0 0 0 0 2 -0.0419412032 4.76110744
0 0 0 0 2 -0.0081621455 6.01175117
63 66 28 43 1 -3.68354995e-05 -6.50653458
0 0 0 0 2 -0.0127009992 3.00805807
0 0 0 0 2 -0.00892737415 7.45046949
40 44 149 184 4 -0.000229945581 -1.32771862
88 92 49 56 1 -5.55511615e-05 -4.52478838
100 104 63 69 2 -2.1338401e-05 -5.79131556
93 97 112 147 3 -8.32067162e-05 -8.66396427
44 49 93 98 0 -3.7073878e-05 -3.12382531
157 162 85 89 3 -0.00541425683 -4.26511192
90 91 100 111 2 -0.000322553038 -5.33225107
110 114 123 132 3 -0.000246397045 -5.42665291
48 52 175 210 4 -0.000154253416 -2.91583967
85 85 52 60 3 -0.000133749636 -3.28591251
59 61 80 115 3 -1.71660977e-05 -8.23307037
39 42 52 54 2 -1.70468975e-05 -6.34083319
60 68 96 119 0 -5.7220037e-05 -5.0338254
30 35 64 95 2 -0.000233760366 -6.15059614
104 105 118 124 3 -0.000133630456 -4.99222183
0 0 0 0 3 -0.452842474 9.9124155
39 39 49 84 3 -0.000105735919 -5.81971312
0 0 0 0 4 -0.092197746 9.29278088
138 139 92 123 2 -0.00055463583 -4.96322775
134 137 112 120 1 -0.000112650865 -7.19581556
0 0 0 0 2 -0.264712274 8.87462616
34 39 117 123 1 -7.77233508e-05 -6.48155165
115 118 85 96 2 -6.91413334e-06 -5.91977406
52 55 142 173 3 -0.357230812 -0.778187275
0 0 0 0 1 -0.698763311 5.97176504
106 106 152 161 3 -0.000259629858 -3.78959537
0 0 0 0 2 -0.0500503741 7.62795448
93 96 109 144 3 -0.000102161139 -5.39294863
95 98 60 83 2 -1.78813516e-05 -6.46671343
35 38 101 106 0 -5.17363369e-05 -3.67078948
0 0 0 0 2 -0.187752113 9.47130775
0 0 0 0 1 -0.0624346323 8.34227848
136 140 82 86 3 -8.20147179e-05 -4.84047794
66 71 130 165 3 -0.00123626413 -5.42938471
0 0 0 0 3 -0.00882626232 6.88849354
56 56 103 126 2 -0.000368577574 -3.089082
0 0 0 0 3 -0.743646264 8.95140362
72 77 36 47 1 -0.000246039272 -2.6610074
53 53 152 157 2 -0.000341515697 -3.55142379
113 115 145 148 2 -0.000556065235 -2.2913835
136 146 66 101 0 -4.89946906e-05 -5.19803238
136 136 35 40 2 -0.000232928011 -2.59303141
157 157 46 81 2 -1.93118576e-05 -7.48532009
69 74 90 105 4 -0.000167246879 -2.62513542
84 92 67 70 0 -0.000124928876 -0.502357125
53 55 68 75 2 -1.89542297e-05 -9.52022839
103 108 53 88 3 -4.54184919e-05 -6.59230328
116 117 72 107 3 -0.00226958329 -2.66526103
42 42 73 108 3 -0.000172611239 -4.06799984
89 91 74 77 2 -0.000158306721 -4.18281555
0 0 0 0 2 -0.0211756881 6.75098562
123 129 91 102 1 -9.42922925e-05 -5.03965473
85 87 57 59 2 -8.34455641e-05 -3.99535108
22 27 34 69 2 -0.000462605472 -5.26414442
70 70 78 81 2 -8.94054028e-05 -4.30732489
0 0 0 0 3 -0.34833473 9.35526848
127 129 21 56 2 -9.69157045e-05 -7.69531155
56 58 92 127 4 -3.92196816e-05 -1.66900933
0 0 0 0 2 -0.00610313378 5.65411139
93 95 77 86 2 -2.71796325e-05 -7.69496298
0 0 0 0 3 -0.00623251544 6.68485403
70 71 86 89 3 -3.31400406e-05 -5.32784986
123 127 86 97 3 -0.000319095096 -5.49633789
118 121 105 110 1 -7.08096049e-05 -6.92909765
53 59 79 84 1 -5.30477628e-05 -6.4696846
77 78 55 59 1 -0.000163790071 -2.90848327
43 51 93 128 3 -6.83062681e-05 -6.0262289
0 0 0 0 2 -0.00260933558 6.77662468
74 78 142 177 3 -0.000531630358 -4.42277384
36 40 45 56 3 -6.86635321e-05 -7.02776814
0 0 0 0 3 -0.309345543 8.97547054
121 125 100 106 3 -2.83717072e-05 -6.64601278
42 45 160 183 2 -0.0002953847 -4.42703009
168 171 90 125 3 -0.000208012556 -4.46646643
0 0 0 0 2 -0.018937951 8.12472057
111 114 132 163 3 -0.00071549206 -5.23879337
141 145 95 130 3 -0.000362499442 -6.26712465
180 182 17 22 1 -0.0471212715 -2.04083753
0 0 0 0 2 -0.00402337732 6.55344963
106 109 133 142 3 -3.80275669e-05 -6.31241512
0 0 0 0 2 -0.017892994 7.5912261
119 119 125 127 3 -0.000133510795 -3.5856626
30 37 68 73 0 -7.27169972e-05 -4.75115061
54 60 71 78 2 -1.18016997e-05 -5.19932461
34 38 42 54 0 -0.000251626538 -6.62646961
27 31 40 48 3 -2.26497014e-05 -5.31944513
187 192 168 172 1 -7.91541388e-05 -5.99271345
0 0 0 0 4 -0.000128028769 0.534445643
41 45 59 90 3 -8.38031629e-05 -5.55235624
86 89 117 128 1 -2.9325367e-05 -7.28398371
0 0 0 0 2 -0.00143869244 4.00747967
78 84 143 147 1 -0.000114796887 -7.44887543
122 130 26 34 0 -4.73257205e-05 -4.44607878
59 63 76 83 2 -0.000791937928 -2.04587817
0 0 0 0 3 -0.00727172941 3.75167036
49 53 110 118 3 -0.000141855286 -4.94809008
54 57 86 109 2 -0.000176542861 -5.36007452
77 81 94 97 3 -0.000136730785 -5.32035685
177 181 202 225 2 -0.000443657627 -5.44370222
53 59 101 136 1 -7.68885438e-05 -7.16702318
59 64 133 138 0 -2.08615656e-05 -5.00778818
92 98 191 196 0 -0.000425664592 -4.00837851
41 44 52 67 1 -0.000185479279 -3.84948611
110 112 125 136 3 -0.000908702496 -4.8743124
0 0 0 0 2 -0.010554228 6.51640463
44 46 70 74 1 -8.4876141e-05 -5.44764042
0 0 0 0 2 -0.120112754 8.27719402
0 0 0 0 2 -0.00295812427 6.9814868
106 112 127 129 1 -5.56702798e-05 -5.99780846
228 230 115 150 2 -0.00693762721 -7.09132957
183 186 204 239 2 -0.0582550988 -1.78857863
0 0 0 0 2 -0.841926336 9.46057701
133 139 85 120 1 -4.11270048e-05 -6.03957844
144 147 116 120 0 -0.000326138193 -3.24138904
0 0 0 0 2 -0.0061857542 6.67442369
90 97 61 73 2 -0.000104306571 -4.60879278
47 49 61 68 1 -1.43050884e-05 -6.76673555
0 0 0 0 1 -0.0222072937 4.83633661
96 101 46 61 1 -0.00464298576 -3.03164244
0 0 0 0 2 -0.118309334 7.18397903
41 46 60 63 0 -0.00703448569 0.974586964
0 0 0 0 2 -0.284239173 9.64207077
111 115 44 79 3 -5.9723392e-05 -6.46036243
113 115 132 167 2 -6.94980117e-05 -5.86319685
0 0 0 0 2 -0.415156156 8.58913803
125 128 72 107 2 -0.000150081076 -7.09760284
130 135 42 77 4 -0.000413397269 -2.17199659
0 0 0 0 2 -0.173826501 7.28118515
110 112 140 145 1 -4.76834539e-05 -4.88670683
135 137 149 155 1 -0.000388360466 -4.82082367
44 48 103 106 1 -0.000311958138 -0.784150004
44 47 103 104 3 -0.000144359292 -4.62709904
17 21 26 32 1 -0.000966887164 -8.42527962
0 0 0 0 2 -0.0547435358 8.215518
52 53 29 37 2 -4.88757769e-06 -7.69208145
90 92 68 72 2 -1.46627199e-05 -7.22280264
95 98 78 80 2 -2.2530483e-05 -5.18425608
72 77 37 48 0 -1.96694764e-05 -5.43475676
0 0 0 0 2 -0.386116773 8.77431202
157 160 75 83 2 -0.000154133813 -5.60510397
91 93 62 69 2 -1.63316327e-05 -10.3272905
75 78 89 124 4 -0.000394920819 -0.149908572
99 102 119 125 2 -0.00558678247 -1.34824812
34 37 74 109 2 -3.6716272e-05 -5.94909048
48 56 68 70 1 -0.000179642637 -5.18488312
84 84 19 25 3 -0.000124928891 -4.68637753
0 0 0 0 1 -0.81515044 9.58342361
46 49 65 100 1 -9.36970464e-05 -6.27861309
0 0 0 0 2 -0.00352115836 6.34789181
115 123 163 170 3 -6.38956044e-05 -6.18934059
134 141 151 157 0 -3.00406318e-05 -5.29767132
116 119 137 141 3 -0.000611948315 -4.99192286
0 0 0 0 4 -0.622178197 7.34714317
62 66 127 129 2 -3.552415e-05 -4.51735401
133 136 109 117 2 -2.41993985e-05 -8.0121479
57 62 94 129 3 -0.000117657328 -5.54879713
46 54 140 145 0 -0.000693675363 -4.70326471
86 89 39 43 2 -9.41741746e-05 -5.03057957
35 43 51 86 2 -4.68489634e-05 -7.32991457
103 107 123 127 4 -8.03461735e-05 -3.1401186
78 86 25 60 2 -9.29831367e-06 -9.45829964
0 0 0 0 2 -0.00406121183 5.34182215
0 0 0 0 3 -0.00331997592 5.07192802
44 46 87 91 3 -0.00053221453 -3.93613148
67 72 103 138 1 -7.05711936e-05 -6.76566744
113 115 129 160 2 -5.86504393e-05 -6.2690773
100 103 140 151 4 -0.000357845624 -2.02356958
80 84 101 136 4 -0.000264038594 -1.57325959
35 37 133 139 2 -1.25169563e-05 -7.33447361
0 0 0 0 3 -0.634625435 10.3660078
66 70 45 54 3 -2.26496995e-05 -8.13722897
63 66 100 111 3 -3.9577295e-05 -6.31432009
102 105 41 76 4 -0.000104664403 -0.951384187
0 0 0 0 1 -0.00542073883 7.94584322
49 56 107 114 0 -8.57095656e-05 -2.96501827
83 87 34 45 2 -1.82389758e-05 -5.90625763
26 28 57 60 2 -6.15114404e-05 -4.5620594
101 103 35 58 1 -5.17365115e-05 -8.00762177
84 89 145 148 1 -8.04655647e-05 -5.09564304
78 78 180 188 3 -0.000193828848 -5.18916035
108 111 51 86 2 -1.34706243e-05 -11.3053493
155 160 49 56 2 -1.08480217e-05 -6.43092585
124 132 100 107 0 -5.2570831e-05 -4.24591732
97 99 128 137 1 -4.33919886e-05 -6.62578535
122 122 102 111 2 -3.43321044e-05 -6.40411472
0 0 0 0 2 -0.00330303563 7.01546907
25 27 36 42 1 -3.24247958e-05 -7.48815489
0 0 0 0 3 -0.992412448 8.91393089
105 105 116 123 2 -1.65700239e-05 -8.30442619
0 0 0 0 1 -0.0273960009 8.23322582
45 49 110 145 3 -0.000147340164 -5.57538033
92 92 64 75 3 -0.000140782184 -3.82520151
80 83 40 44 3 -4.10077337e-05 -4.2849822
171 174 51 74 3 -0.000630443334 -5.08805418
0 0 0 0 1 -0.163339585 8.50486946
82 86 96 131 2 -1.89541861e-05 -5.50596809
34 39 45 80 1 -0.000292761368 -8.41184425
0 0 0 0 2 -0.130005032 7.92120028
64 67 79 94 2 -3.00406318e-05 -4.37450838
77 82 53 61 0 -1.56163842e-05 -4.33436155
69 69 90 99 4 -0.00101040641 -1.42238235
116 120 71 102 1 -0.00034102457 -6.93723249
58 59 143 145 2 -2.39609763e-05 -6.56492424
0 0 0 0 3 -0.00142208475 2.82111311
51 51 61 67 2 -2.34841264e-05 -7.02151299
130 132 60 95 1 -3.8862061e-05 -5.68688631
112 117 182 190 4 -5.13788618e-05 -0.799391329
135 135 41 47 2 -2.62259418e-05 -6.5544529
102 106 129 133 2 -5.47165109e-05 -6.06006908
97 98 23 29 2 -4.76834393e-05 -5.45683384
0 0 0 0 2 -0.265667439 11.2505188
68 70 26 61 1 -0.000258194457 -3.84157705
0 0 0 0 4 -0.205329508 7.43840361
0 0 0 0 2 -0.00250385492 6.11346102
37 38 121 152 2 -0.000492532854 -3.71016026
74 78 142 151 4 -0.000344619126 -2.30046463
105 111 127 162 0 -7.23592311e-05 -5.80772686
142 149 59 64 0 -5.30474863e-05 -3.76524425
94 98 158 165 3 -4.92331164e-05 -5.11067057
50 57 69 80 0 -6.22267398e-05 -4.17473507
98 104 88 92 1 -0.000119445882 -3.31953597
118 120 138 145 2 -6.139178e-05 -4.65869761
0 0 0 0 3 -0.561234355 9.93064785
38 42 81 116 1 -7.00944365e-05 -5.63491154
82 85 148 163 4 -0.000210160797 -2.08627176
181 187 90 97 0 -0.0011784191 -2.9532299
0 0 0 0 3 -0.032239072 9.12143898
46 47 108 115 3 -0.000170941275 -5.49001026
108 111 129 164 1 -3.52858115e-05 -6.48405409
112 113 27 50 3 -0.000433877663 -5.14308977
42 42 70 93 3 -0.00175243046 -2.97006345
51 56 156 158 1 -0.000122782512 -5.49633646
104 107 127 130 3 -4.30343644e-05 -7.88354588
117 124 102 106 3 -0.000262963586 -5.09853029
73 75 47 51 2 -8.27303447e-05 -4.4479866
59 64 40 48 1 -9.23862026e-05 -6.26421118
123 127 139 174 3 -0.000296342565 -6.15487719
0 0 0 0 2 -0.00875377562 6.98098898
101 103 34 69 2 -3.3497643e-05 -6.1661334
93 95 112 127 2 -4.54183719e-05 -5.80959797
89 93 101 108 1 -5.56702253e-05 -7.00968695
0 0 0 0 2 -0.109785005 8.5289917
67 67 81 116 2 -0.000315292069 -5.10692978
120 125 134 138 1 -0.000243178467 -3.80059338
0 0 0 0 2 -0.31222716 8.03293991
0 0 0 0 2 -0.00653498573 8.11366177
123 126 39 74 2 -5.31670012e-05 -6.7119627
124 127 46 49 2 -3.19479659e-05 -9.56437111
0 0 0 0 2 -0.230201572 9.8373642
44 46 58 66 2 -1.69276864e-05 -5.54641962
87 88 42 77 2 -0.00057787844 -3.18176746
60 60 74 77 2 -3.02790559e-05 -4.06122017
93 97 43 78 4 -0.000147220606 -1.32641566
91 94 39 70 0 -1.03711945e-05 -7.21884108
95 98 52 59 2 -7.00939781e-05 -4.31062841
88 88 57 68 3 -2.03847303e-05 -5.08763075
101 106 51 66 1 -3.1828753e-05 -5.34294271
0 0 0 0 2 -0.0849485174 8.77584362
111 116 40 43 1 -4.10077919e-05 -7.05456305
44 48 131 138 4 -0.000143763798 -2.96504688
0 0 0 0 2 -0.320924312 10.9880142
0 0 0 0 3 -0.0305414423 5.37261343
101 105 63 70 1 -8.84522888e-05 -5.97616529
0 0 0 0 2 -0.0200146865 4.49816132
61 64 24 31 3 -0.000837078609 -4.73657036
52 57 69 73 2 -0.00012981685 -3.33996272
119 123 73 108 0 -0.000145552054 -2.38274956
202 209 120 155 2 -4.95907188e-05 -6.43077803
0 0 0 0 2 -0.000369391026 4.30161095
0 0 0 0 2 -0.221386492 7.97264814
56 57 144 151 3 -1.76429294e-05 -5.72044563
79 80 99 134 3 -4.92330582e-05 -7.1622014
64 68 161 168 3 -0.000123140679 -5.09748793
60 66 95 130 2 -1.69276827e-05 -10.2465048
58 60 156 191 3 -0.000433303765 -8.20390701
105 107 146 150 3 -0.000583241461 -3.27164674
0 0 0 0 2 -0.233777791 8.58324528
129 133 36 71 2 -0.000120278462 -7.7085433
47 51 59 65 3 -0.0015332516 -6.54427433
0 0 0 0 2 -0.0362166651 8.46320915
47 53 67 70 2 -9.77515174e-06 -5.03277349
160 165 132 138 1 -0.000516126805 -2.83136845
112 112 62 97 4 -9.81080739e-05 -2.26766896
0 0 0 0 3 -0.62915045 8.3311615
92 96 43 46 4 -8.20152563e-05 -1.90242422
64 65 115 150 3 -7.21208926e-05 -6.9163413
75 75 122 131 3 -3.30208422e-05 -4.9705739
12 16 21 32 0 -0.00121653406 -2.28919625
47 55 60 62 1 -0.000175948691 -7.02628851
148 150 48 56 2 -6.3299638e-05 -4.71724176
43 45 62 77 1 -4.9352333e-05 -5.33344507
132 136 87 94 0 -5.26900876e-05 -2.57030511
0 0 0 0 1 -0.316364586 9.25573349
62 68 24 30 0 -0.000212900108 -3.78047061
26 31 71 106 1 -2.34841536e-05 -4.86671686
110 114 128 137 3 -1.7523731e-05 -6.14088202
99 102 117 122 3 -8.53524762e-05 -6.4305191
37 40 46 81 4 -3.40937222e-05 -2.20614052
57 58 104 139 1 -0.000368811016 -5.91883898
88 88 127 162 3 -0.000132558009 -5.10104322
111 116 130 135 1 -0.000133869267 -4.96682835
54 54 64 72 3 -4.64911791e-05 -6.27480602
0 0 0 0 1 -0.0551383123 8.21393204
57 64 73 80 0 -5.23324452e-05 -4.52139902
0 0 0 0 2 -0.0418021046 8.50982857
156 157 131 136 1 -7.15250135e-05 -3.95630813
103 103 76 83 3 -1.65700512e-05 -5.27056074
56 56 70 76 4 -0.000405290804 -2.51749134
0 0 0 0 2 -0.0458712094 7.66445065
80 80 97 106 3 -1.10864439e-05 -5.9480772
0 0 0 0 1 -0.846289158 7.74541712
82 84 153 168 2 -7.85578231e-05 -4.2015233
39 51 122 153 0 -0.000679647434 -2.86567402
140 141 93 128 3 -0.000777473033 -6.77182531
43 43 57 72 2 -0.000373459305 -4.94707108
51 56 65 69 0 -4.45838778e-05 -3.72385716
0 0 0 0 2 -0.00214036088 5.64729977
0 0 0 0 2 -0.00328000425 5.32893991
158 163 69 72 1 -0.00316940178 -2.46481586
0 0 0 0 3 -0.0103363665 7.01260376
81 85 118 153 4 -8.82139575e-05 -3.04767442
30 35 83 91 0 -0.00011777589 -3.01194453
0 0 0 0 3 -0.00766274892 7.02261829
0 0 0 0 2 -0.626441479 7.66605759
112 114 136 143 1 -0.000678982353 -4.30277634
34 34 42 73 3 -8.80946754e-05 -6.45144606
101 101 41 44 3 -2.4914676e-05 -3.64822626
0 0 0 0 4 -0.0414780565 7.80805016
110 118 135 170 0 -0.000104424907 -3.72706914
0 0 0 0 2 -0.571795762 7.22778416
0 0 0 0 2 -0.0559890643 8.40153313
79 87 40 45 1 -4.31535482e-05 -7.40029716
67 72 95 126 2 -2.4676232e-05 -5.43752003
124 128 103 106 4 -0.00010537968 -2.23919678
66 72 42 54 4 -6.07962429e-05 -3.18383932
124 127 39 46 2 -1.58548009e-05 -5.56717539
35 39 48 54 3 -2.1338401e-05 -4.68360949
140 146 90 101 1 -6.75911506e-05 -6.84220743
0 0 0 0 2 -0.0601532646 9.61416531
53 59 72 107 1 -2.31265112e-05 -7.50354433
0 0 0 0 3 -0.214515656 8.73402882
74 78 166 201 2 -3.17095582e-05 -8.15992832
45 48 62 65 2 -5.30477628e-05 -3.87010598
49 52 67 73 2 -4.73257387e-05 -4.05809975
44 46 176 187 2 -0.000231134531 -4.73189354
66 67 76 87 2 -6.92600806e-05 -7.5697751
86 90 96 98 3 -2.19344565e-05 -4.85777044
57 63 85 89 1 -3.70739326e-05 -4.45155478
82 86 114 116 0 -0.000278580002 -3.1523273
64 72 129 152 0 -0.000260100496 -4.09756804
78 82 39 45 3 -2.83717254e-05 -5.16531134
43 49 97 132 2 -2.4676232e-05 -5.78687668
94 101 75 77 2 -1.76429348e-05 -6.01068211
0 0 0 0 0 -0.0681111589 10.528614
125 129 56 61 2 -0.000375968317 -4.08575487
0 0 0 0 3 -0.515935183 10.2423458
56 60 71 82 0 -0.000394321862 -2.23546338
111 111 128 136 3 -1.41858782e-05 -4.74817467
160 161 177 212 2 -0.000722343393 -7.18700838
183 187 135 141 3 -0.000216713292 -4.60508919
79 81 58 67 2 -3.99349119e-05 -5.3105092
0 0 0 0 2 -0.0357706137 7.76148319
85 86 64 71 3 -9.41731632e-05 -5.61498928
40 43 100 102 4 -3.98157135e-05 -2.68587947
84 89 212 220 2 -0.000127551379 -5.76491261
70 73 122 133 2 -7.61740012e-05 -3.8355999
59 61 72 107 2 -7.23592239e-05 -5.34326649
120 121 140 144 2 -8.57105479e-05 -2.91985178
99 106 54 59 2 -0.000128623869 -4.06016684
48 49 136 171 3 -0.000128505417 -6.19177723
0 0 0 0 2 -0.0503295362 6.46999979
0 0 0 0 4 -0.0267721098 7.05870819
108 110 133 168 1 -5.79353655e-05 -7.38674784
47 47 78 113 3 -0.000142214325 -3.75913739
62 65 101 104 2 -5.59086184e-05 -4.96170521
75 79 94 129 2 -8.82147742e-06 -7.61211014
179 181 39 50 2 -7.14054913e-05 -4.37259483
116 116 138 145 4 -6.35381148e-05 -2.12445545
0 0 0 0 2 -0.264692694 8.52030182
119 123 136 140 3 -0.000390144793 -3.77073097
195 200 213 218 0 -0.000775123481 -4.30270624
52 55 73 81 4 -6.13922748e-05 -1.26165748
17 26 30 32 0 -0.00526333973 -6.81741333
69 75 134 140 3 -6.34188109e-05 -5.69433784
42 50 58 65 1 -3.91003632e-05 -6.97577381
178 182 58 60 4 -0.000213259627 -2.33851814
0 0 0 0 1 -0.034419369 7.93040228
50 52 158 181 2 -8.9644047e-05 -4.99614811
150 152 105 140 2 -0.000251284451 -4.62438107
0 0 0 0 2 -0.323377788 8.99664021
0 0 0 0 1 -0.00171197182 4.79726219
0 0 0 0 3 -0.0111781415 6.63171101
120 124 43 45 4 -7.04521372e-05 -1.00491691
0 0 0 0 1 -0.00349324546 5.5793581
171 175 46 50 3 -0.000200617971 -4.75536776
40 44 47 78 3 -0.0189158674 -1.92226529
70 72 41 52 2 -2.32457351e-05 -6.1386404
106 107 91 94 2 -1.49011239e-05 -5.90196037
83 83 46 53 3 -1.81197756e-05 -6.39674807
63 69 101 136 0 -4.54184847e-05 -4.51601315
0 0 0 0 4 -0.000384860672 5.10947895
0 0 0 0 2 -0.617175102 7.52739096
58 64 77 86 0 -0.000229828118 -3.49184036
0 0 0 0 2 -0.00735599967 7.13476944
102 103 37 68 2 -8.14189843e-05 -5.4541688
47 54 107 111 0 -3.46895686e-05 -4.4652009
100 104 117 119 2 -0.000122544778 -4.08742905
100 107 85 88 3 -0.00102588825 -3.33339906
0 0 0 0 2 -0.115898058 8.86189461
0 0 0 0 0 -0.0608802512 5.90562105
0 0 0 0 2 -0.666315675 10.2628584
120 120 135 143 2 -0.000573215249 -3.44085312
30 33 39 54 3 -0.0005391218 -9.46134853
0 0 0 0 1 -0.500210464 11.0617065
120 120 157 180 2 -0.000975343341 -4.02131128
29 32 42 47 2 -3.15903089e-05 -5.30523491
0 0 0 0 2 -0.0651496574 5.95620584
49 49 120 155 3 -0.00126497657 -6.59110308
115 115 39 74 2 -0.00625403831 -2.07074022
82 84 92 115 2 -0.00164603372 -5.51749039
0 0 0 0 2 -0.0222493242 7.00916719
60 66 110 133 1 -8.23726368e-05 -4.90480137
0 0 0 0 3 -0.0266345404 8.22355938
56 57 203 210 2 -8.74983089e-05 -5.41738844
118 122 68 91 3 -8.01075803e-05 -4.69736385
37 39 156 171 2 -0.000344597123 -3.99788857
53 59 115 150 3 -3.7312333e-05 -6.56766272
103 104 111 113 3 -0.000118253636 -2.76823497
92 100 169 172 2 -0.000174993736 -4.46513939
69 70 83 87 3 -0.000464759476 -4.90160418
68 70 44 59 2 -2.1099986e-05 -7.61397648
86 86 92 127 3 -2.72988436e-05 -5.00014973
75 81 28 34 1 -2.68220119e-05 -7.15629244
0 0 0 0 2 -0.207562029 7.89714241
40 41 62 85 1 -6.46109111e-05 -4.33914185
93 94 107 130 2 -0.000265706709 -5.05782747
162 165 85 93 2 -0.000167127408 -5.0126586
106 106 88 92 2 -3.99349119e-05 -4.743011
53 54 111 114 2 -2.0384723e-05 -4.50357294
60 64 105 140 2 -4.85178098e-05 -5.04748726
0 0 0 0 3 -1.05390823 8.96677303
92 96 112 135 4 -0.000119565229 -1.60690057
141 147 69 84 1 -7.15248243e-05 -4.83853006
69 77 107 130 3 -9.03596665e-05 -7.37624979
0 0 0 0 0 -0.0301386341 12.3586817
89 91 25 31 2 -9.69152607e-05 -5.98048401
107 111 42 48 2 -7.39097004e-06 -8.59738255
140 145 110 133 2 -4.97099281e-05 -4.90539455
12 16 20 27 2 -0.0358895883 -5.50769329
98 98 109 114 3 -6.71142479e-05 -4.34127283
62 62 101 136 3 -5.63852518e-05 -5.22800589
110 122 137 152 0 -9.6439122e-05 -3.31285143
92 97 42 65 2 -1.60932213e-05 -6.46396255
108 112 193 216 3 -0.00250566704 -6.21482229
0 0 0 0 4 -0.0512925461 5.0293541
0 0 0 0 3 -0.0801550448 8.64889622
104 108 63 68 1 -0.000228278732 -4.39303303
0 0 0 0 2 -0.321326703 8.70227051
60 60 15 50 2 -0.000125404447 -5.71583891
106 108 119 126 1 -0.000430917687 -2.35884905
157 163 102 111 0 -4.0054103e-05 -3.50665927
98 98 175 210 4 -0.00560505688 -2.9438796
22 29 36 71 0 -0.000138875097 -5.03061914
58 64 74 81 1 -0.000106571155 -4.30095959
0 0 0 0 1 -0.105616063 8.45304966
49 52 65 88 2 -2.07423582e-05 -7.03708744
62 68 86 121 2 -1.59740102e-05 -8.45161247
0 0 0 0 2 -0.0511361174 8.57022667
53 53 76 80 3 -5.79353218e-05 -4.5966835
133 137 78 113 3 -0.00014590942 -5.57872438
0 0 0 0 3 -0.00298365881 5.52559137
91 96 44 51 3 -1.44243022e-05 -5.31586218
0 0 0 0 3 -0.00566890882 6.23005199
166 171 115 150 0 -0.000115154267 -5.90378237
93 97 115 150 2 -5.81737186e-05 -8.42570972
119 123 132 143 2 -0.000554398284 -5.41016293
0 0 0 0 2 -0.424357623 10.5919876
80 86 95 130 2 -3.58818506e-05 -5.19883966
175 176 84 119 2 -0.831378102 0.134995461
105 112 122 124 1 -5.14979001e-05 -4.372509
40 46 55 90 2 -0.000153532121 -7.7185154
92 93 58 66 3 -7.70082406e-05 -6.36338568
115 120 35 58 3 -2.98022151e-05 -5.46307611
36 38 50 53 2 -7.15255101e-06 -5.51694155
177 180 148 153 2 -2.45570427e-05 -6.7656827
77 78 89 93 3 -4.49416184e-05 -5.57690191
107 110 40 42 0 -5.80545129e-05 -3.71944761
0 0 0 0 3 -0.878549218 10.5682659
0 0 0 0 2 -0.436927736 8.28314686
55 59 72 80 1 -5.17364024e-05 -4.50263643
107 110 60 95 3 -0.00185737945 -3.78831744
0 0 0 0 2 -0.0189773161 9.19694042
111 115 26 61 3 -7.56971131e-05 -5.16099024
0 0 0 0 1 -0.00878483616 7.95620203
98 103 170 175 2 -8.1299695e-05 -5.29099751
127 136 48 71 1 -9.28628651e-05 -4.8831768
51 58 189 224 2 -0.000135536175 -6.81536531
111 111 66 101 2 -0.000129458916 -5.84399986
142 147 79 114 1 -2.88485626e-05 -6.19707775
39 39 44 49 4 -0.142324924 -2.5475955
0 0 0 0 1 -0.28260982 8.61344242
80 86 21 25 1 -0.000205977602 -5.69200802
208 209 153 188 2 -5.42397138e-05 -5.9278717
93 93 133 168 2 -0.00538419094 -3.4291141
115 117 129 137 1 -7.86773599e-05 -5.9600358
67 72 139 145 1 -0.000113961636 -4.59872007
0 0 0 0 1 -0.111757345 9.02810574
94 95 55 63 3 -5.79350999e-05 -6.15296412
33 39 89 92 0 -7.85581433e-05 -3.73982167
69 73 24 59 4 -0.00189684657 -1.27012336
0 0 0 0 2 -0.12384364 10.2388649
42 44 52 87 2 -3.57625904e-05 -5.2464366
93 93 75 82 2 -0.000237576198 -3.34233046
109 114 86 94 3 -0.000188463251 -4.13020325
105 109 128 139 1 -0.000164622747 -6.14609003
101 106 49 84 1 -6.30611903e-05 -8.54293633
90 95 133 137 0 -2.98021441e-05 -3.89775872
139 140 72 79 2 -2.72988e-05 -9.7431078
90 94 104 109 3 -2.21728515e-05 -6.51933002
128 130 168 175 2 -0.000144002028 -7.6039381
80 84 31 66 3 -0.000529243727 -4.74589205
91 94 110 115 0 -2.36033666e-05 -3.62644911
50 50 106 108 2 -5.03054544e-05 -7.54481983
70 74 88 103 3 -9.9180339e-05 -5.47741699
0 0 0 0 4 -0.0396417603 8.24729156
126 130 33 68 4 -0.000116704308 -0.91469413
45 50 90 94 0 -6.63990941e-05 -4.91696644
0 0 0 0 2 -0.00231559528 5.80579615
81 84 129 132 3 -0.000186795674 -4.27161789
112 119 95 97 0 -2.77756717e-05 -3.94673991
127 127 109 111 3 -3.55242046e-05 -4.78552294
156 158 174 197 2 -0.00153059699 -2.47245097
92 92 125 160 2 -6.67567001e-05 -8.24080658
139 139 102 125 2 -7.12859182e-05 -5.31483459
86 86 96 131 4 -0.000352963805 -0.850837469
41 47 62 77 2 -3.21862826e-05 -6.8827548
67 69 41 47 2 -2.49146615e-05 -5.13210106
147 150 133 135 2 -0.000287637056 -2.93379235
0 0 0 0 2 -0.00338486885 6.48203659
55 58 100 135 3 -0.00095011259 -3.39363694
125 131 75 83 1 -0.000408969267 -2.76526976
98 100 108 139 2 -3.18287239e-05 -6.84721422
104 106 73 76 2 -0.000621498388 -2.50289941
0 0 0 0 2 -0.00324006262 7.01936722
137 138 93 96 4 -0.000250925863 -2.55257773
138 139 105 113 3 -6.56835837e-05 -6.76125383
0 0 0 0 2 -0.196724102 9.02874565
0 0 0 0 0 -0.172633231 11.1746359
0 0 0 0 2 -0.00100167259 7.06102085
0 0 0 0 3 -0.00425862009 6.11901379
88 89 45 76 3 -0.000753919245 -5.24023247
57 57 69 74 3 -7.64122306e-05 -5.49500275
0 0 0 0 3 -0.674288511 10.0953684
0 0 0 0 2 -1.02499044 8.95941448
126 126 35 70 4 -0.000364286418 -2.79346538
130 133 109 115 2 -3.0398267e-05 -3.08521938
15 18 23 24 4 -0.0343526639 -2.77907181
137 141 78 86 3 -9.31014656e-05 -5.81338692
76 81 162 169 3 -0.000275714148 -4.81717682
162 164 147 152 2 -0.00159743382 -3.56499386
49 53 100 104 3 -6.93790498e-05 -4.96441317
70 70 125 156 3 -7.79621041e-05 -3.57728004
77 84 159 194 0 -0.000114796509 -5.27978134
33 37 54 62 2 -3.68354267e-05 -6.57490635
38 40 72 107 2 -0.000160332216 -3.93164182
0 0 0 0 1 -0.0108046485 8.55435181
52 53 112 120 2 -1.96694727e-05 -6.01175737
0 0 0 0 3 -0.0337749645 9.16382313
119 122 163 186 1 -0.000191563813 -3.77811122
188 193 75 98 0 -0.000167127218 -3.32340312
162 163 29 64 2 -0.000551415316 -4.1578145
76 80 35 44 3 -1.0848029e-05 -6.73080015
125 129 56 60 3 -0.000146267179 -6.09217024
197 201 47 82 4 -0.000171299835 -3.66824651
26 29 77 112 1 -0.000132677669 -3.70698476
103 103 117 120 3 -2.47954686e-05 -4.86910105
142 143 70 85 3 -3.07558657e-05 -5.65074062
104 107 118 125 2 -1.01327742e-05 -5.7812748
74 76 83 114 3 -0.000324950437 -5.73605776
47 50 69 73 1 -4.47031707e-05 -4.48202753
57 58 125 131 2 -2.32457205e-05 -6.42096424
145 146 194 201 3 -0.00754224043 -4.68116617
76 76 56 62 3 -0.00010430433 -6.76209497
0 0 0 0 3 -0.446316361 10.3046112
155 155 110 141 2 -0.000140066753 -8.53991222
52 59 140 151 2 -3.94579802e-05 -6.11770821
73 75 42 48 1 -3.19479732e-05 -5.77487183
111 118 78 85 3 -5.73391735e-05 -5.69511271
126 127 73 108 3 -0.000134703354 -5.31439638
0 0 0 0 2 -0.411459506 8.89019299
120 124 76 99 3 -0.00108420162 -5.29785633
107 107 118 125 3 -1.18017051e-05 -4.5876255
0 0 0 0 2 -0.221386492 7.97264814
204 211 51 86 2 -0.00150399725 -7.04430628
96 96 103 108 2 -0.000126717656 -7.67305851
143 147 92 123 3 -0.000786108314 -4.21702337
42 45 115 150 3 -0.000610423507 -4.90814829
58 66 120 131 1 -0.000153300338 -5.72086716
126 133 44 79 1 -0.000158662384 -5.67062235
45 48 75 77 2 -7.11672328e-05 -4.33597708
71 71 96 131 3 -0.000853079022 -5.41103554
81 87 123 129 0 -1.01327787e-05 -6.49525785
117 118 133 140 3 -8.5949061e-05 -6.02919245
121 121 130 137 4 -0.000202646275 -3.27772069
60 67 108 113 2 -9.05989691e-06 -7.34580946
105 105 119 126 3 -1.75237055e-05 -4.18543291
75 77 94 102 2 -0.00025295341 -4.49885798
0 0 0 0 2 -0.0031907591 6.81059456
0 0 0 0 2 -0.251027763 8.86488819
92 92 47 82 3 -5.13788837e-05 -6.81231546
97 103 158 193 2 -3.49281254e-05 -5.87063837
155 159 16 53 1 -0.716954827 1.60560834
69 70 103 138 1 -6.41336301e-05 -4.75821304
34 38 49 84 0 -3.99349228e-05 -4.22918081
0 0 0 0 3 -0.0312721021 4.1452632
0 0 0 0 2 -1.01860464 7.70434809
84 88 103 138 3 -0.000966299034 -4.34862328
119 123 74 109 1 -0.000218502842 -5.44042778
98 100 44 55 1 -0.00015687212 -3.65231204
72 72 82 93 3 -0.000108239663 -5.34975195
63 63 80 103 2 -0.000181431795 -5.60566092
0 0 0 0 2 -0.00420721853 7.59801197
90 90 112 119 3 -0.000250448473 -3.51743031
53 55 36 43 1 -6.89024528e-05 -6.05305099
0 0 0 0 3 -0.993284225 8.45292568
129 134 86 117 1 -5.44782852e-05 -7.44416952
0 0 0 0 3 -0.0200021025 7.84960032
17 24 28 63 2 -8.67834169e-05 -7.63425303
100 104 116 123 3 -5.79352673e-05 -5.14586973
92 94 108 143 2 -5.63855865e-05 -7.83720541
72 72 166 168 3 -0.000306594564 -5.171103
153 158 30 53 1 -4.99483685e-05 -5.65252924
97 104 76 82 0 -0.000197282672 -5.76194429
61 68 87 94 0 -2.02655301e-05 -4.29253435
184 188 37 45 0 -0.00140391104 -2.89954448
47 51 63 98 2 -3.57625249e-05 -6.13485956
15 16 38 44 3 -0.000534612802 -5.03033352
47 52 110 145 3 -7.09289016e-05 -5.97263813
59 62 36 38 2 -6.25843531e-05 -5.09257126
50 55 71 75 1 -0.000632802141 -4.4278965
145 151 117 125 1 -0.000117418116 -4.25058603
97 100 115 150 0 -3.17094746e-05 -6.38666248
70 71 88 96 2 -0.000295981532 -3.77635598
59 59 125 128 3 -1.90734354e-05 -4.54936123
48 52 61 63 1 -0.000111814399 -6.36072302
109 112 46 81 1 -3.94581075e-05 -6.83907223
141 146 95 102 2 -8.21341964e-05 -4.21999168
79 83 108 116 1 -9.10742529e-05 -7.17621613
51 51 62 67 2 -1.59740139e-05 -5.469522
139 142 177 179 2 -4.37494164e-05 -6.50831652
133 134 112 118 2 -2.87293406e-05 -4.24159575
12 12 17 20 4 -0.000538885011 -2.25930309
12 20 24 39 0 -0.0181408543 -5.54134083
68 72 81 112 4 -0.000370488066 -0.163964748
88 93 70 76 3 -6.98558943e-05 -5.08551121
57 57 70 105 3 -3.42129206e-05 -7.61825991
115 115 39 62 4 -0.000100373145 -1.22449124
88 88 96 107 2 -0.000152583627 -4.17701912
30 34 66 73 4 -0.000731042353 -2.04452586
64 65 88 91 3 -0.0001937083 -4.67189264
95 95 107 110 2 -0.000110743815 -3.48124337
83 87 48 59 2 -6.91413061e-06 -6.30182266
122 128 101 108 1 -4.02925507e-05 -6.53150845
47 47 129 135 4 -0.00010633326 -2.88398623
46 49 69 80 3 -6.43724197e-05 -4.57414389
54 59 69 100 3 -0.000625085086 -4.52663469
46 48 57 62 2 -0.000130412795 -3.19331217
44 46 50 61 1 -0.000216828397 -5.46743631
78 80 101 108 1 -0.000127550797 -6.48070192
39 39 43 46 2 -0.0061788098 -8.01452255
45 45 58 93 2 -4.08883861e-05 -7.43958282
118 127 50 85 0 -2.05039432e-05 -5.66191387
101 102 110 117 2 -3.12327284e-05 -4.80617762
62 66 74 109 3 -0.000153776535 -5.55554914
42 45 64 68 0 -6.05576934e-05 -3.13109994
109 109 70 76 3 -0.000271308294 -3.79580808
42 42 60 62 3 -0.000113602509 -7.11257124
60 61 78 113 3 -8.72596574e-05 -5.2061286
50 51 63 70 2 -4.75641391e-05 -5.61514473
121 123 38 73 2 -5.18554298e-05 -6.39870596
72 79 97 108 2 -3.49280381e-05 -4.97221613
98 98 26 61 3 -3.50473783e-05 -5.98126125
60 67 78 83 0 -2.39609763e-05 -4.40938473
74 74 42 46 3 -2.90869411e-05 -6.57162523
82 82 49 52 3 -3.74315532e-05 -5.59298468
81 81 41 64 3 -1.57355917e-05 -8.09548855
26 26 51 62 3 -9.59620229e-05 -5.43257809
4 5 8 43 3 -0.00827877037 -4.04674244
151 153 105 136 3 -0.000153776986 -5.032969
66 68 46 51 2 -5.43590177e-05 -3.64267159
117 117 59 66 3 -1.94310578e-05 -5.44779491
25 25 29 36 2 -0.333658218 -5.30972004
46 46 113 144 3 -5.7816047e-05 -5.44695616
107 110 34 45 2 -2.05039469e-05 -5.4686327
44 45 64 69 2 -1.80005554e-05 -5.42088699
49 50 83 118 2 -0.000168318875 -5.20013714
96 98 117 128 2 -9.34587733e-05 -4.65402317
64 66 74 76 2 -3.05174708e-05 -5.23057842
115 120 45 80 1 -0.000144478166 -6.38948059
48 48 68 103 3 -4.52987915e-05 -6.6947937
127 127 63 98 3 -0.000100611069 -5.77823114
23 27 45 68 1 -6.67565473e-05 -8.706213
57 60 174 178 2 -0.000618052669 -4.3601203
118 118 67 102 3 -7.64118085e-05 -5.79075575
139 139 48 71 3 -1.3947465e-05 -5.7205472
58 62 71 94 1 -0.000100610996 -4.82845354
91 92 49 84 2 -0.00020431733 -6.92377329
150 151 97 128 2 -0.000346763292 -3.91795588
17 17 38 46 2 -0.000246022944 -5.52987576
93 95 10 41 1 -9.9180761e-05 -5.5099287
103 104 20 26 2 -8.55911712e-05 -5.34645987
96 96 72 80 2 -1.4781921e-05 -6.46220636
96 100 111 122 2 -2.57490974e-05 -5.94327307
0 0 0 0 3 -0.0179553553 7.05954218
0 0 0 0 3 -0.0554651245 9.43986607
0 0 0 0 2 -0.462769538 9.52264023
0 0 0 0 3 -0.0153076053 8.55377293
0 0 0 0 3 -0.430413455 11.0607195
0 0 0 0 3 -0.00560055906 8.59539223
0 0 0 0 2 -0.0106892297 9.80786514
0 0 0 0 2 -0.0658555031 8.34598541
0 0 0 0 3 -0.0205319058 8.46918869
0 0 0 0 2 -0.478471011 10.4148684
0 0 0 0 2 -0.964479268 10.4231062
0 0 0 0 3 -0.952876329 9.50614738
0 0 0 0 2 -0.0116645526 8.65625095
0 0 0 0 0 -0.161681861 11.0916281
0 0 0 0 2 -0.662540674 9.83294868
0 0 0 0 3 -0.047490973 8.15746975
0 0 0 0 2 -0.0201715007 7.65291405
0 0 0 0 2 -0.020342499 7.62458849
0 0 0 0 2 -0.0185780395 6.5260458
0 0 0 0 1 -0.0104965204 8.33034801
78 82 37 43 0 -6.42531013e-05 -4.86723328
19 22 26 61 2 -0.00466727931 -9.06091499
80 85 127 162 1 -6.55645927e-05 -7.72433233
98 102 35 70 3 -2.21728624e-05 -5.88196325
60 69 48 55 1 -4.64913319e-05 -4.21958876
121 124 71 106 1 -0.00011539297 -6.41333914
101 102 118 129 2 -0.00052256987 -4.05566788
173 173 148 154 3 -2.31265349e-05 -4.38640308
123 128 139 147 0 -0.000257480075 -1.43701684
133 133 144 147 2 -4.64912737e-05 -5.53894901
97 99 116 151 2 -2.81332505e-05 -7.78136301
35 43 53 60 0 -8.46385228e-06 -5.48075676
74 81 93 104 0 -1.18017033e-05 -5.09707737
57 61 75 82 3 -2.24112773e-05 -5.8154006
42 42 64 75 3 -6.86639469e-05 -5.02469873
96 98 114 129 1 -2.51530837e-05 -5.43100548
185 185 145 168 3 -0.000410295062 -5.38760853
192 195 224 226 0 -0.000845323957 -3.23252869
81 88 64 66 1 -3.93388909e-05 -6.60241508
95 98 134 157 3 -8.51143559e-05 -6.26838732
45 50 60 62 4 -0.000123497535 -2.52442575
51 54 76 111 1 -0.00011694229 -6.35282993
168 178 72 107 1 -7.20017852e-05 -4.31746149
144 147 68 103 4 -9.53664639e-05 1.1217562
38 42 96 107 4 -0.000213974577 -2.66573143
45 45 57 88 4 -0.00024961587 -2.81497622
20 25 78 81 4 -0.000827109325 -0.237658411
0 0 0 0 3 -1.02645195 11.5428095
0 0 0 0 1 -0.00931754615 5.35349321
34 39 54 89 1 -8.83324174e-05 -5.98798418
65 70 136 171 0 -5.67432216e-05 -5.43770123
0 0 0 0 1 -0.343604505 9.82205582
0 0 0 0 3 -0.0457317457 9.8531599
68 71 162 173 2 -0.000110384935 -6.75528383
84 85 93 98 1 -2.15768232e-05 -6.28875351
50 54 71 106 1 -4.55377158e-05 -6.20920992
76 80 34 36 0 -2.95638056e-05 -3.66564035
74 82 97 103 0 -2.622594e-05 -4.06630754
0 47 51 53 2 -2.38657689 0.584632039
86 87 101 101 2 -0.019983314 -0.151093721
214 216 186 194 2 -0.000722672092 -3.06230164
93 99 179 186 0 -0.000234595675 -4.04595184
80 83 30 65 3 -3.14711215e-05 -6.78932428
0 0 0 0 3 -0.0087075932 6.38193607
97 98 164 171 2 -0.000197881178 -5.91662121
92 98 37 45 1 -2.53914968e-05 -6.82987642
0 0 0 0 1 -0.0724210814 9.01842785
10 12 22 26 2 -0.000798106485 -2.875458
104 104 118 120 2 -0.00046357722 -2.92667866
88 98 66 72 1 -4.87563266e-05 -5.00774336
140 145 125 131 1 -8.12996514e-05 -4.10477352
60 61 49 55 2 -0.000157707429 -5.14046574
59 61 93 100 2 -2.16960052e-05 -5.22519875
0 0 0 0 3 -0.00560123427 6.68805742
35 43 110 117 3 -3.75507479e-05 -5.66832638
37 40 120 155 3 -0.000671087182 -4.69289923
65 73 96 131 1 -0.000136969174 -6.59782696
131 132 150 185 2 -0.00162629143 -7.52469015
42 44 85 108 2 -7.28360683e-05 -5.95717192
50 56 66 70 0 -5.73391517e-05 -4.05678272
53 53 138 144 3 -6.67565473e-05 -3.7924974
153 157 101 136 3 -6.86639978e-05 -5.42665625
146 150 47 82 3 -0.00062637392 -3.89162683
108 108 30 37 2 -7.35514768e-05 -4.56012249
85 87 100 135 2 -0.000142690333 -5.62843418
0 0 0 0 4 -0.00421237154 6.32194519
93 98 54 61 3 -0.00123587158 -3.56456947
0 0 0 0 2 -0.638774157 9.74288559
85 90 103 134 4 -0.000115393166 -0.885684013
73 76 34 57 1 -7.70083716e-05 -6.478158
97 97 112 147 4 -0.000533533981 -2.50953031
0 0 0 0 2 -0.00672439672 8.68667412
56 57 69 72 4 -9.8942568e-05 -2.51520729
75 75 84 92 4 -0.000221604452 -3.48852277
107 109 57 92 3 -3.91004651e-05 -6.74355602
141 142 120 126 2 -2.37225831e-05 -5.18891811
35 36 48 54 2 -0.000575129117 -5.28303957
137 137 90 97 3 -3.05174544e-05 -6.27461004
118 118 155 170 3 -0.000619328523 -4.74279022
117 121 92 95 0 -4.18421332e-05 -2.57310414
65 65 35 37 3 -6.59221623e-05 -5.32931471
49 52 103 138 3 -3.86236497e-05 -7.34475327
41 42 75 80 1 -6.44916145e-05 -3.90766978
65 69 83 98 1 -0.00012075666 -4.64765978
121 126 182 186 0 -0.000350575225 -3.60447001
73 78 110 117 1 -0.000217072287 -5.18950081
73 76 53 55 2 -1.08480344e-05 -4.89024448
55 56 72 87 2 -5.32862177e-05 -8.64409161
49 52 59 94 1 -6.52065864e-05 -5.53512907
0 0 0 0 3 -0.114646859 6.96994972
0 0 0 0 2 -0.0336638615 7.62197495
107 110 121 156 2 -7.05712082e-05 -4.92279768
92 97 53 62 3 -8.46385046e-06 -5.26296329
96 99 40 47 3 -8.21342546e-05 -5.47046232
0 0 0 0 2 -0.260092199 8.83745098
62 70 119 150 0 -9.48890884e-05 -5.29866171
103 107 29 64 3 -0.000938515295 -5.85705709
64 68 44 49 4 -8.82138193e-05 -2.18546534
0 0 0 0 2 -0.00503096031 7.05419445
0 0 0 0 1 -0.00198968267 6.74708319
82 87 104 112 2 -1.93118649e-05 -5.50879526
60 64 129 136 2 -1.18017051e-05 -5.62205362
77 77 85 88 2 -0.000307309761 -2.77556276
121 125 68 103 3 -3.73123403e-05 -7.49743843
113 113 96 98 3 -0.000187868747 -4.33692265
33 37 53 88 2 -0.00138877938 -3.58251095
0 0 0 0 2 -0.761004984 10.1192694
92 92 74 78 4 -0.000448916107 2.34319282
98 100 49 84 1 -0.000174158718 -8.51130486
66 66 51 57 3 -0.000161525313 -4.03370476
25 29 34 39 4 -0.000193709129 -4.18330145
107 111 124 139 3 -7.79620023e-05 -6.10336924
114 120 90 101 2 -2.6941083e-05 -7.35825872
92 94 22 28 1 -2.93253288e-05 -7.58763123
0 0 0 0 3 -0.371650428 8.26491261
120 123 132 138 4 -0.000109313049 -1.81937754
103 105 63 98 3 -0.000166650192 -9.11457062
48 53 62 97 3 -2.56299172e-05 -5.64847088
0 0 0 0 0 -0.076849699 10.8554487
25 31 43 47 2 -3.87428299e-05 -4.01683903
0 0 0 0 3 -0.750435889 10.2978573
114 114 136 167 3 -0.00654488057 -2.44303513
30 34 39 51 2 -0.00130362948 -6.10906982
106 107 120 155 2 -3.94579984e-05 -6.01754427
0 0 0 0 2 -0.051811561 8.38182354
94 97 40 51 3 -0.000329838251 -3.69041586
26 222 84 119 1 -0.360644609 -5.01249552
125 133 108 113 1 -0.000130529952 -6.81624651
97 98 113 121 4 -6.97369178e-05 -3.07054424
0 0 0 0 2 -0.356583267 9.24354172
44 51 62 77 2 -0.00106329774 -1.89501357
141 144 177 212 2 -0.000110742549 -6.14482403
72 80 92 96 0 -3.14711324e-05 -4.58299923
137 142 92 100 0 -4.8160291e-05 -3.47011852
100 107 122 157 2 -3.05174217e-05 -7.22152519
0 0 0 0 2 -0.410626799 8.96056938
69 72 86 109 1 -0.000148889172 -6.76976061
108 111 131 166 4 -0.000101088095 -1.78658235
117 119 69 72 1 -8.2014878e-05 -5.56727123
59 64 105 140 4 -0.000159856674 -3.27671409
49 52 19 25 1 -9.0001995e-05 -4.96405125
103 105 80 88 2 -5.80545275e-05 -9.36137867
99 99 108 115 4 -9.5127667e-05 -3.04631805
118 121 140 143 1 -0.000179402065 -4.59962749
119 122 141 145 0 -0.000196332345 -4.34929085
130 130 46 77 2 -1.63316399e-05 -8.12165546
43 43 61 72 2 -4.64913173e-05 -7.2871666
83 90 99 134 2 -0.000287996227 -4.95315742
65 69 81 88 0 -0.000125287086 -2.26429605
130 132 39 46 2 -1.00135694e-05 -6.53910875
91 95 67 72 0 -0.000144835329 -3.20398331
22 26 53 59 4 -0.00052204862 -3.32379436
104 110 125 156 2 -0.000911947805 -3.36644888
61 65 74 78 2 -6.05577879e-05 -4.33463383
54 54 70 78 4 -0.000202053619 -2.4730773
0 0 0 0 3 -0.0996501893 4.12888908
144 147 79 87 2 -8.17761465e-05 -7.03799391
0 0 0 0 2 -0.00317394431 8.96362686
0 0 0 0 2 -0.354752809 9.04056168
62 62 88 91 3 -0.000111458736 -3.78585935
36 37 18 26 2 -0.000139591168 -5.97948456
91 96 40 75 3 -2.06231562e-05 -6.52512455
0 0 0 0 2 -0.373095036 1.01693618
0 0 0 0 2 -0.112607926 8.91559505
117 126 100 106 0 -0.000102399179 -3.44599676
31 36 46 77 0 -0.000915885554 -2.13031769
140 145 158 162 4 -0.000271192985 0.165043354
52 55 74 97 2 -1.41858691e-05 -9.85974407
48 52 56 61 2 -0.000575239537 -10.154376
56 61 107 111 0 -9.77503296e-05 -4.58236408
156 156 104 107 2 -8.84524052e-05 -4.66102886
160 168 183 218 2 -0.000121349716 -8.28471947
141 145 41 64 2 -0.000424838654 -3.96974277
52 57 77 81 0 -0.00298705185 -0.828128874
93 94 57 63 2 -2.80140684e-05 -6.12966776
7 11 17 52 4 -0.000162717217 0.494582385
171 172 119 154 3 -0.000484663557 -5.13105631
48 50 93 128 2 -1.2397747e-05 -7.98090029
0 0 0 0 2 -0.0838854387 7.25483227
152 154 97 106 2 -0.00326550659 -3.70441198
113 119 95 98 1 -5.55511506e-05 -5.62251377
54 54 105 113 3 -4.27958912e-05 -6.7029562
0 0 0 0 2 -0.333728254 9.3281765
124 129 59 94 2 -5.90080926e-05 -4.46798944
137 144 81 85 2 -0.000116343144 -9.27786732
28 32 40 75 2 -0.000135300157 -6.30700111
0 0 0 0 2 -0.26513344 8.28847408
69 74 85 90 4 -6.17498008e-05 -1.7267462
103 103 114 149 2 -5.60279841e-05 -6.05466843
0 0 0 0 3 -0.00192304992 5.41101837
0 0 0 0 1 -0.0324176997 8.66540337
138 139 97 112 3 -1.63316417e-05 -5.47690868
13 19 31 34 2 -0.000391457346 -4.10939598
83 89 102 105 2 -6.90212619e-05 -4.02581596
15 19 32 35 3 -0.00619189302 -2.44513416
161 167 66 68 3 -6.99751399e-05 -5.01243639
0 0 0 0 3 -0.0188422464 9.46940899
71 74 150 153 2 -0.00013100708 -4.55489111
164 164 36 40 3 -0.000973221264 -4.95762444
69 74 56 64 0 -1.87158039e-05 -5.3429122
0 0 0 0 3 -0.510264337 8.65994358
53 53 112 127 3 -2.86101331e-05 -4.9014926
50 54 71 75 3 -0.000299200474 -6.06935596
163 166 78 85 3 -0.00241101114 -3.92860651
166 168 89 124 1 -8.17758119e-05 -6.3705883
0 0 0 0 1 -0.104310766 7.35793352
141 141 67 74 3 -4.88754631e-05 -5.16569471
80 88 33 68 0 -1.76429367e-05 -5.39014578
99 99 120 124 4 -0.000123021891 -2.73306775
98 102 119 127 2 -0.000308619754 -5.96278286
161 165 60 95 1 -7.1167e-05 -5.58082056
124 127 96 101 4 -3.94580748e-05 -0.497823119
45 49 77 82 4 -0.000163194345 -3.68511748
0 0 0 0 2 -0.0063531152 7.39724684
0 0 0 0 3 -0.241038471 9.55570602
0 0 0 0 4 -0.0485114455 6.45503902
30 32 52 87 1 -0.000378560129 -5.02590418
77 81 53 60 2 -2.38417615e-05 -4.40662956
106 108 86 94 2 -2.49146469e-05 -6.74856567
108 111 72 76 2 -9.59599784e-05 -5.23256111
16 19 35 41 2 -4.47032508e-05 -4.62598133
113 117 60 95 2 -1.81197574e-05 -6.68982744
0 0 0 0 1 -0.0459089056 8.56641865
56 60 41 45 1 -0.000102995356 -5.36169672
130 133 141 143 2 -4.19614662e-05 -3.02523732
73 77 116 139 2 -2.72988291e-05 -6.20553255
105 105 120 155 3 -3.21863918e-05 -8.07973766
98 106 64 70 0 -0.000464530021 -1.17210543
102 104 57 63 2 -2.4914596e-05 -6.88390446
0 0 0 0 3 -0.274274409 9.37582016
83 91 141 147 1 -0.000143286888 -4.2486968
58 58 72 79 4 -0.00041136783 -2.31216002
46 46 126 130 2 -2.00271152e-05 -5.37155485
82 88 64 68 2 -2.33649444e-05 -4.8805809
0 0 0 0 3 -0.51483351 9.13586807
48 51 168 174 2 -1.75237237e-05 -7.39926958
86 86 59 62 2 -4.16035437e-05 -5.83042002
13 15 78 113 2 -0.000177617199 -4.97569513
23 27 47 54 2 -8.70226813e-06 -8.19941711
0 0 0 0 2 -0.0150941843 8.08132362
81 85 25 60 4 -0.000118850039 -1.89612472
0 0 0 0 1 -0.250765771 9.43400764
106 106 57 62 2 -0.000211467428 -3.7874887
0 0 0 0 0 -0.481546998 10.7223206
0 0 0 0 2 -0.110159054 9.37163353
144 149 183 218 1 -0.000114796763 -4.32502031
62 66 136 151 2 -3.14711251e-05 -5.96567297
127 131 55 60 2 -3.06366164e-05 -7.20467758
129 132 58 63 2 -2.67027881e-05 -6.15969276
106 109 115 117 2 -0.00078522414 -4.6114006
0 0 0 0 2 -0.776766956 9.65533161
86 91 121 127 0 -3.40937077e-05 -3.78676105
32 37 48 53 4 -0.000203843461 -2.18540239
193 194 124 147 2 -0.0015520762 -4.10646915
31 33 46 81 2 -0.000107286629 -4.87675571
92 95 74 77 2 -9.7750366e-05 -4.14347982
0 0 0 0 2 -0.045135919 6.24207354
104 109 55 90 0 -6.28227863e-05 -4.51485777
92 95 108 116 3 -6.66374617e-05 -4.42082644
45 46 58 65 3 -2.67027972e-05 -6.3217988
208 209 59 61 2 -8.49951975e-05 -4.36671972
58 62 85 92 3 -0.000117896212 -5.65604496
112 112 133 140 2 -1.8835015e-05 -6.07456112
112 117 48 53 1 -8.29680648e-05 -8.28560448
88 92 80 83 3 -0.000171537846 -4.07109642
55 59 42 45 2 -0.000306236121 -2.93117714
0 0 0 0 2 -0.384928465 8.75922775
81 85 169 175 2 -0.0199438483 -0.468136698
47 47 66 70 4 -0.000368456589 -3.17759347
0 0 0 0 3 -0.0468354709 9.20352268
121 126 69 104 0 -9.19088707e-05 -4.00859928
53 57 72 107 1 -0.000152460125 -4.79280138
117 118 191 194 2 -1.81197574e-05 -6.34119368
0 0 0 0 2 -0.150980532 5.34147215
119 119 38 73 2 -2.53914986e-05 -7.35822058
83 87 143 166 1 -4.23190577e-05 -3.978863
58 63 138 173 4 -5.9604281e-05 -2.98685026
198 200 121 156 2 -2.72988236e-05 -8.89232445
0 0 0 0 2 -0.32476148 9.77317238
130 130 42 49 2 -0.000158781899 -3.94821692
59 60 29 37 3 -5.32861122e-05 -5.53091526
90 95 27 32 1 -0.000345556939 -6.32542944
68 74 128 133 0 -1.71660977e-05 -4.53542089
79 82 98 103 2 -9.75111689e-05 -5.91532946
165 168 120 143 1 -0.000211110775 -4.02808619
102 108 85 92 0 -0.000105497944 -4.27616358
0 0 0 0 4 -1.02750528 10.1298571
73 79 87 92 0 -4.69680235e-05 -4.87666273
140 144 171 174 0 -0.000266899471 -2.70505476
0 0 0 0 2 -0.0100032864 5.89957666
100 103 59 64 2 -0.000732566754 -5.21880674
100 101 108 115 3 -4.92330983e-05 -4.13502359
104 105 161 167 3 -5.61471606e-05 -4.78281212
45 51 66 71 1 -5.67432289e-05 -3.67117572
133 134 154 157 3 -0.000210269398 -6.71852779
49 54 73 79 0 -9.66776497e-05 -5.17941618
0 0 0 0 3 -0.0124207744 6.56944323
0 0 0 0 2 -0.0305151697 7.33968973
0 0 0 0 2 -0.00418247422 9.5737381
172 173 51 86 3 -0.000489996863 -5.71920538
47 55 105 113 1 -0.0225971937 -7.23383904
148 149 74 79 2 -3.61202656e-05 -5.39078045
48 51 62 67 2 -1.00135685e-05 -8.56670856
76 77 90 113 2 -6.94981354e-05 -5.3289566
179 183 73 84 2 -0.000101206417 -6.28207588
40 44 61 76 3 -4.3749551e-05 -4.765625
83 87 100 106 0 -5.87696886e-05 -2.44031143
103 108 117 128 0 -6.13923257e-05 -4.39804077
0 0 0 0 2 -0.0046260776 6.85973978
53 55 64 79 1 -0.000110505542 -5.64439106
52 59 99 104 0 -0.00117080833 -2.58027482
90 90 104 106 2 -2.99213698e-05 -7.48827362
78 78 115 150 2 -7.67700622e-05 -6.34867191
28 35 51 55 0 -3.8623486e-05 -6.97588968
44 44 59 94 2 -3.24247958e-05 -4.9807353
107 107 189 196 3 -0.000126479063 -5.42228031
68 74 106 141 2 -0.000268924341 -4.53160524
73 74 28 39 3 -3.11135227e-05 -6.1872592
169 170 52 59 2 -0.000957349199 -3.43217349
18 19 93 101 3 -0.00293734344 -2.47893167
36 37 142 146 2 -5.16172695e-05 -5.39244127
124 132 30 65 3 -0.00159848051 -5.49168777
51 54 69 80 3 -1.63316399e-05 -4.82660151
156 161 34 41 1 -5.59081345e-05 -5.21702337
106 109 52 87 2 -1.38282549e-05 -8.3887043
107 112 127 162 4 -5.60280314e-05 -2.44529366
45 51 128 159 2 -0.000282991648 -3.72233868
0 0 0 0 3 -0.0307464227 9.68404579
114 120 83 94 3 -0.000332217605 -4.48993731
80 85 30 65 1 -0.000102398888 -6.66271973
0 0 0 0 2 -0.262682706 6.3082304
122 125 69 80 3 -0.000155207483 -5.3864975
54 54 89 124 3 -9.70350957e-05 -3.29368567
124 124 136 140 2 -0.000155564776 -3.43207431
137 139 120 127 1 -3.9577295e-05 -5.12542105
109 109 205 210 2 -2.30072837e-05 -9.15858841
60 61 117 132 1 -6.53261814e-05 -6.08680534
0 0 0 0 4 -0.0716944113 9.1846838
116 127 65 67 0 -5.28090168e-05 -4.86940908
87 92 109 115 1 -4.81602328e-05 -6.57960224
45 48 59 94 3 -4.72065949e-05 -5.28731298
130 132 149 157 2 -0.000321128726 -3.50270128
161 168 50 85 0 -0.000562117901 -3.47801089
131 133 76 111 2 -0.0001699883 -6.97544718
0 0 0 0 3 -0.661307693 10.7101126
126 127 142 173 3 -0.00571903586 -3.891922
99 100 85 87 4 -7.93925938e-05 -3.32931948
51 56 102 125 1 -0.000986495637 -1.64864826
0 0 0 0 2 -0.658108234 7.77629995
0 0 0 0 2 -0.290974379 9.59009838
90 94 110 145 2 -0.00167482893 -6.70111036
133 142 96 119 0 -3.88618864e-05 -6.14165688
40 42 31 33 2 -3.88620174e-05 -5.56722832
0 0 0 0 2 -0.0768545493 7.45311308
56 59 119 128 3 -2.03847339e-05 -6.40694761
64 67 42 47 3 -0.00209156959 -2.71661973
142 146 52 57 2 -0.0010379788 -5.21415949
120 120 136 143 3 -0.00122311898 -4.54521751
0 0 0 0 3 -0.0136995791 6.65224123
0 0 0 0 4 -0.0878605023 8.32002258
34 34 45 51 4 -0.000157468239 -3.3864994
0 0 0 0 1 -0.0507249683 -3.38302636
0 0 0 0 3 -0.77676934 9.93472385
113 122 54 89 0 -3.03982597e-05 -5.84882164
99 100 35 42 2 -1.00135658e-05 -8.23393536
129 131 47 54 2 -0.000428522675 -4.01895571
70 76 89 97 1 -3.00406446e-05 -7.21958351
50 56 95 101 0 -5.26900185e-05 -3.80602813
0 0 0 0 2 -0.396985829 8.4203434
45 47 118 126 2 -0.0012724984 -2.05278611
0 0 0 0 2 -0.00432725437 6.67445374
68 68 82 89 2 -0.000337702018 -5.59553194
133 138 40 63 1 -0.0005716671 -6.7125721
104 110 120 131 2 -1.04903975e-05 -7.60501862
71 75 36 40 3 -8.67832641e-05 -6.67276335
39 43 56 79 0 -0.000431160326 -3.24119496
103 104 35 70 3 -1.83581906e-05 -6.76859331
77 81 43 48 2 -8.74985199e-05 -5.02852297
147 147 101 136 3 -0.000172611384 -4.1222744
96 101 116 124 4 -3.01597265e-05 -0.397473961
54 62 75 110 1 -0.00013076952 -8.5824213
65 68 41 52 2 -0.00109380623 -2.0681529
65 68 86 121 2 -2.44378334e-05 -7.40849257
63 66 50 52 1 -2.52722966e-05 -4.03357553
95 101 22 27 1 -4.5537643e-05 -4.40027666
64 65 46 50 2 -3.70738962e-05 -3.48302674
99 102 23 30 3 -3.36168669e-05 -5.44318056
133 133 96 103 2 -0.000135060662 -4.51601362
49 53 62 68 1 -7.09288361e-05 -2.77654982
128 128 56 91 2 -0.000109551773 -5.01781797
74 74 93 128 3 -0.000313026074 -3.05472803
162 165 66 101 2 -0.00159201294 -5.5645709
47 47 120 155 4 -0.0008901314 -3.09252357
40 40 58 65 3 -2.20536549e-05 -5.93486929
174 178 56 91 3 -3.92196816e-05 -6.27536964
0 0 0 0 2 -0.00233343593 6.24418211
162 168 115 118 2 -5.00675524e-05 -6.03186035
59 61 96 119 2 -9.88217071e-05 -4.5705266
0 0 0 0 4 -0.0109854136 6.43655968
0 0 0 0 3 -0.26926744 8.25708866
78 87 105 140 0 -0.00012242535 -3.83215237
106 109 120 155 3 -7.82005081e-05 -6.33529282
51 57 75 110 3 -0.000262252172 -5.84078693
67 69 53 60 2 -1.39474605e-05 -6.3482089
20 24 29 64 4 -0.00033816864 -3.74299622
129 137 110 117 2 -8.46385046e-06 -5.84470034
74 79 95 130 4 -0.000110743902 -2.57771134
49 50 65 100 3 -5.43590759e-05 -5.65808773
41 41 51 58 4 -0.000128148167 -3.13803792
0 0 0 0 2 -0.398492455 9.60585785
142 144 119 125 2 -1.95502726e-05 -5.94366646
85 89 99 105 2 -3.42129024e-05 -4.61409616
134 136 161 172 2 -7.24785932e-05 -4.53622293
72 74 93 128 2 -5.79348271e-05 -6.71244955
79 81 33 68 2 -0.000426985178 -5.9935813
69 77 23 58 1 -0.000190133811 -4.84279776
83 85 30 61 1 -7.8915531e-05 -7.0283246
115 116 139 170 3 -0.000451889966 -3.64107585
115 121 46 49 0 -3.74315387e-05 -5.12278891
141 146 72 79 3 -3.27824237e-05 -6.1967864
105 108 62 67 2 -8.35648825e-05 -4.99783897
79 90 36 41 0 -0.000106212996 -3.49308753
47 47 57 92 3 -2.25304975e-05 -6.66120005
102 104 57 92 4 -0.000186916048 -2.48755717
115 119 56 71 3 -4.93523403e-05 -6.89310217
55 58 68 75 3 -8.72597884e-05 -6.54239798
65 69 41 47 4 -0.000152227469 -2.23183155
83 84 114 121 3 -0.000613878074 -4.24863195
84 86 40 75 4 -0.000380377314 -0.473315448
101 105 117 124 4 -5.43591086e-05 -1.70067024
122 126 160 162 1 -0.000912561954 -4.68014383
0 0 0 0 2 -0.0114299823 7.42130041
0 0 0 0 3 -0.141001686 7.72533512
109 111 47 56 2 -9.57229277e-05 -8.40818596
45 49 83 90 1 -0.000120280085 -5.88212967
69 73 107 113 3 -1.77621478e-05 -6.76808977
126 127 52 54 2 -3.48088979e-05 -4.80441046
87 94 106 141 0 -0.000172014552 -4.18237305
90 90 102 109 3 -0.000111338653 -5.0603919
0 0 0 0 1 -0.0579605736 8.83584595
104 106 69 71 3 -8.0703845e-05 -5.39642239
76 80 48 55 4 -0.000299325096 0.544359565
0 0 0 0 2 -1.04715657 7.72776413
24 31 35 50 2 -6.0557697e-05 -7.73198557
0 0 0 0 2 -0.00490717683 5.46915197
61 62 82 117 3 -0.00018035603 -6.30492544
131 134 168 203 4 -0.000129220003 -1.86360753
28 28 57 65 3 -1.93118613e-05 -5.73707008
62 67 79 114 1 -4.69681545e-05 -5.73114252
145 146 159 194 3 -5.59086911e-05 -6.19759655
0 0 0 0 2 -0.0411779508 7.67793369
46 51 92 127 3 -9.9300174e-05 -6.08919811
137 145 120 126 0 -6.37763223e-05 -5.35509205
0 0 0 0 2 -0.183789894 8.53358173
176 182 43 78 3 -0.00126886577 -5.10552645
0 0 0 0 2 -0.0195854474 5.25103426
0 0 0 0 2 -0.00327949133 5.66640091
39 45 54 65 1 -3.67162938e-05 -3.71818233
0 0 0 0 2 -0.0049326364 3.32952285
0 0 0 0 2 -0.729822218 8.03468132
48 52 162 197 4 -0.000101803431 -1.24257934
104 108 122 133 1 -3.34976721e-05 -6.11839056
39 44 60 64 2 -2.14576012e-05 -5.06869364
136 139 51 86 3 -5.17361441e-05 -6.72807407
69 73 165 172 0 -0.00231702114 -0.993867993
112 116 171 175 3 -0.00188670959 -4.45741796
97 97 106 137 2 -0.000388230779 -3.70311284
100 104 113 122 3 -0.000188465652 -4.37145042
75 80 145 180 4 -0.000216597458 -2.39986372
81 82 111 114 3 -0.000966540829 -2.79538465
51 51 70 105 3 -2.39610017e-05 -6.01828384
35 35 55 58 2 -0.0001480543 -4.53758812
63 72 80 91 0 -3.45704502e-05 -4.07473373
124 128 107 118 2 -1.87157966e-05 -6.28517199
59 59 106 109 3 -6.401477e-05 -4.5576067
0 0 0 0 3 -0.504789829 9.13053703
38 39 49 84 3 -3.43321408e-05 -7.31061316
0 0 0 0 4 -0.0482137725 8.74925995
24 25 38 61 2 -7.98694673e-05 -4.55990696
132 134 82 90 1 -0.000112412003 -7.53155708
73 73 50 61 3 -1.91926556e-05 -5.69875574
135 138 102 105 1 -3.32592244e-05 -7.31671953
100 103 74 81 2 -2.89677446e-05 -2.68449664
168 168 111 122 3 -3.6835474e-05 -4.31517649
66 67 27 34 1 -0.511373758 3.03846884
52 52 181 186 3 -9.20280436e-05 -4.52276039
0 0 0 0 2 -0.130942613 9.42653847
62 65 78 113 3 -8.77370039e-05 -5.61120892
55 56 75 90 2 -2.00271115e-05 -6.14103937
54 61 35 43 0 -2.9086963e-05 -4.01844168
131 134 108 110 1 -3.71931419e-05 -6.00358295
0 0 0 0 1 -0.0667800009 7.89772749
121 126 75 77 3 -0.000383712439 -3.54944158
145 150 19 54 3 -0.000134585105 -5.45153999
0 0 0 0 3 -0.00510402862 6.1202879
69 69 41 52 2 -0.000361517392 -4.68711567
0 0 0 0 3 -0.0587076284 8.80907726
96 100 48 71 1 -0.000464171055 -0.29851985
65 68 49 51 2 -2.27689143e-05 -3.68156838
115 116 150 153 2 -0.00053459272 -2.47189975
44 51 107 142 0 -4.85178971e-05 -4.92212343
109 109 55 61 2 -4.17229785e-05 -4.77298355
222 223 163 198 2 -3.57626195e-05 -7.6881609
123 126 75 98 4 -0.00102731318 -0.97912097
0 0 0 0 0 -0.681170106 10.7028275
60 67 80 85 2 -1.13248634e-05 -9.89975548
116 119 30 65 3 -4.27959276e-05 -6.53625345
36 36 65 100 3 -2.1576825e-05 -3.93120408
0 0 0 0 3 -0.493729472 8.67567062
95 95 78 83 2 -7.31937544e-05 -5.34339046
0 0 0 0 2 -0.0163736548 6.84266663
152 158 44 67 1 -0.000166054306 -4.07282639
48 49 61 69 2 -2.25304811e-05 -5.2025857
22 29 36 71 2 -0.00263909064 -8.50939178
81 85 93 97 2 -5.94849189e-05 -4.44920588
0 0 0 0 3 -0.469030201 9.57703018
95 99 43 78 2 -0.000311116804 -7.01635313
125 126 52 87 4 -8.22534857e-05 -0.573598027
0 0 0 0 2 -0.00555844605 5.91777897
107 109 147 152 2 -3.48089598e-05 -4.92607546
0 0 0 0 3 -0.00522136735 6.84096336
90 91 52 55 3 -4.85178534e-05 -5.70275497
151 155 36 59 3 -0.000262842048 -4.90948439
138 142 79 83 1 -0.00019561252 -7.0919838
136 143 93 101 1 -3.74315168e-05 -7.4181695
77 83 38 45 1 -2.83717127e-05 -4.71495104
44 48 60 95 3 -7.16439754e-05 -7.22511768
0 0 0 0 2 -0.00207744422 7.15390825
58 61 106 141 3 -0.000516379601 -4.39915943
35 39 44 59 3 -2.59874978e-05 -6.49163389
0 0 0 0 2 -0.634122193 9.90248108
74 79 95 98 3 -9.17910074e-06 -7.62509346
69 74 47 58 2 -9.1193775e-05 -6.94843292
45 49 92 127 3 -0.000195378962 -5.30035877
0 0 0 0 2 -0.0118808728 7.41544533
94 98 181 188 3 -0.0085980054 -3.95533442
80 83 23 58 3 -0.000158068331 -6.26440763
18 20 40 47 1 -2.68220156e-05 -6.06389332
0 0 0 0 2 -0.00292797643 6.52476549
114 117 46 52 3 -4.25573307e-05 -7.62074518
0 0 0 0 2 -0.0601653941 7.65634346
53 53 107 115 3 -2.44377698e-05 -4.58795786
39 43 54 63 0 -2.44378352e-05 -5.68434715
55 61 72 79 2 -9.89436012e-06 -4.90758133
37 43 47 59 0 -0.000193469037 -7.27974319
40 44 27 31 3 -7.51010666e-05 -4.27677298
193 197 152 157 1 -5.92464858e-05 -6.75343132
0 0 0 0 2 -0.410562515 9.02676678
41 45 59 74 3 -4.74449407e-05 -5.24934196
45 48 125 136 1 -4.87563484e-05 -5.9788456
97 100 49 84 2 -0.000550651457 -6.98267984
103 109 136 142 1 -8.15381791e-05 -5.51623297
56 64 76 83 0 -1.0251988e-05 -3.60852909
59 62 75 79 2 -0.000562861795 -1.59828341
0 0 0 0 3 -0.00159268652 3.00644398
113 117 90 96 3 -0.000140544827 -4.85133886
57 58 68 79 2 -0.000601835141 -2.8574872
85 89 102 108 3 -5.35245963e-05 -6.83998537
68 72 202 233 2 -0.00851176772 -5.54620409
157 165 56 91 1 -0.000136730174 -4.63896132
47 50 71 76 0 -5.50742407e-05 -3.35507298
183 186 98 103 0 -6.78294309e-05 -4.80393028
45 48 69 80 1 -0.0023981554 -1.96822739
166 168 46 53 3 -9.90616245e-05 -4.90226364
0 0 0 0 2 -0.0197777562 7.05127192
52 57 69 72 1 -4.72065076e-05 -6.48525286
0 0 0 0 2 -0.889052331 9.5730772
0 0 0 0 2 -0.00156263961 6.94783545
132 137 110 118 1 -6.40148064e-05 -6.2468214
155 155 170 205 2 -0.000562843867 -6.70863485
137 140 181 216 2 -0.00864405371 -7.14565563
0 0 0 0 2 -0.487010479 8.90858459
68 76 105 140 1 -0.00022386713 -5.62850571
144 150 103 105 0 -4.85178753e-05 -5.06434393
0 0 0 0 2 -0.00404511672 5.87280655
106 113 33 42 2 -3.6716272e-05 -5.82616711
106 107 45 53 1 -2.94445836e-05 -6.22085047
54 60 66 73 1 -0.152648956 -5.32849455
0 0 0 0 3 -0.137086034 5.57424974
0 0 0 0 2 -0.11620868 7.60258818
52 59 73 78 0 -1.89999223 1.78256178
0 0 0 0 2 -0.405811608 10.0917521
44 47 78 113 3 -0.000232925726 -5.52139807
133 134 151 186 2 -7.82002317e-05 -4.25527477
41 48 65 69 1 -0.000366906344 -2.80805063
141 147 34 69 2 -0.000115630668 -8.28765488
106 110 125 160 4 -0.000349863374 -2.97149181
0 0 0 0 2 -0.197584197 6.63410234
110 113 141 146 1 -3.68355177e-05 -4.97173548
143 149 77 81 1 -0.0539794862 -4.38389874
101 106 44 50 1 -4.75639645e-05 -3.87969279
113 118 63 69 3 -6.21073705e-05 -6.12374401
17 23 28 35 1 -0.00177553168 -10.0857458
0 0 0 0 2 -0.0454252735 8.2472496
109 109 57 62 2 -1.74045144e-05 -6.66712379
50 51 88 92 2 -3.23055938e-05 -6.78069305
46 52 96 104 2 -1.45434997e-05 -5.64829445
117 121 56 67 0 -7.77237292e-05 -3.15599847
73 75 48 52 1 -3.44513501e-05 -6.2973752
59 61 128 133 2 -5.48359167e-05 -7.27437067
204 206 61 70 2 -0.000178090937 -6.35092688
86 90 101 136 4 -0.0019854873 0.61715728
95 97 114 120 2 -0.00219527935 -2.21112442
34 36 73 108 2 -2.70604141e-05 -6.45559549
103 108 22 23 1 -0.000330553623 -3.36539912
97 98 19 22 3 -0.000190849518 -4.6783905
0 0 0 0 1 -0.406006992 9.93421173
49 53 90 125 1 -0.00041265937 -6.85748243
0 0 0 0 2 -0.00521006715 5.82090712
52 58 186 194 3 -7.72467465e-05 -7.06230974
130 138 148 150 0 -7.04520789e-05 -4.52098513
109 114 132 141 3 -0.00119582668 -4.582726
0 0 0 0 4 -0.632647872 6.5543642
118 120 61 63 2 -5.40013389e-05 -4.27725554
26 26 76 85 2 -3.26631671e-05 -10.4679766
134 137 36 71 3 -0.000183458702 -4.30661726
62 65 117 119 0 -0.000326019188 -4.17158842
107 109 91 95 2 -0.000103946295 -5.76837349
22 30 38 73 2 -0.000445095531 -6.65289545
94 97 113 119 4 -2.62259437e-05 -3.1784327
117 122 64 99 2 -1.14440772e-05 -8.18030167
0 0 0 0 2 -0.00179469166 6.53501511
0 0 0 0 3 -0.00322978571 5.49014568
45 45 96 102 3 -6.99749653e-05 -4.77843285
69 74 103 138 1 -6.34185999e-05 -7.1325655
116 118 132 139 2 -2.15768268e-05 -5.73795652
75 79 172 195 4 -0.00125089427 -2.54400563
106 110 127 162 4 -8.55914404e-05 -1.76320541
130 134 104 106 2 -0.000136128714 -8.15894985
0 0 0 0 3 -0.220519587 10.949935
92 96 115 119 3 -6.99751545e-05 -5.58432722
0 0 0 0 2 -0.113745689 8.27131939
114 118 38 73 4 -0.000225179727 -0.310165912
0 0 0 0 1 -0.00247959746 4.95004606
118 124 67 70 0 -0.000122664074 -2.65509605
34 35 47 70 2 -1.25169545e-05 -5.79102945
79 82 113 120 2 -2.83717072e-05 -5.37481117
62 68 107 118 1 -0.000120995173 -5.9106617
30 40 148 154 1 -0.000193228829 -4.82979202
74 74 179 186 3 -0.000208848607 -4.89591789
128 130 148 183 2 -2.33648989e-05 -6.68359995
162 166 41 64 2 -5.47165546e-05 -5.18722773
43 50 88 94 0 -4.29149659e-05 -3.28420949
135 139 92 96 1 -0.000140187403 -5.21654558
121 123 73 82 2 -9.2266484e-05 -6.46026278
0 0 0 0 2 -0.00457664439 5.9066515
74 77 37 40 1 -3.39745238e-05 -5.61465836
0 0 0 0 3 -0.475419343 10.5765228
103 104 115 120 2 -1.26361629e-05 -7.51599646
0 0 0 0 1 -0.0256157592 8.37057877
44 47 108 143 3 -0.000218739224 -6.19362926
124 126 71 86 3 -0.00015771047 -5.11324406
125 130 51 57 3 -3.06366237e-05 -7.28851318
138 142 44 55 3 -0.000281800603 -5.88600397
0 0 0 0 1 -0.346766144 9.71689892
86 89 99 134 2 -1.83581797e-05 -5.41697073
34 38 44 79 1 -0.000530073885 -7.86844301
0 0 0 0 2 -0.0689476803 8.54249668
77 80 92 107 2 -2.27689179e-05 -3.60792732
0 0 0 0 2 -0.417271078 9.10847187
41 41 116 124 4 -9.27432993e-05 -2.69098997
84 88 105 112 1 -5.91271455e-05 -5.85258913
147 147 79 85 2 -2.95637165e-05 -6.8813858
0 0 0 0 3 -0.00198859372 4.3852458
49 51 61 69 2 -1.15632856e-05 -6.83917618
32 34 87 122 1 -5.45973417e-05 -6.61837053
176 180 118 123 4 -0.000110982248 -2.00297952
82 82 60 64 2 -2.49146015e-05 -7.18067694
52 56 123 130 2 -3.278242e-05 -10.3642635
90 91 28 36 2 -7.6531418e-05 -4.88914251
0 0 0 0 2 -0.136812076 9.60199165
40 45 57 92 1 -0.000112412745 -4.08804131
0 0 0 0 4 -0.278078228 7.71232414
0 0 0 0 2 -0.00142659969 5.34721041
127 127 102 113 2 -5.54319267e-05 -4.43104362
25 30 120 127 4 -0.000252713944 -2.86831856
61 68 112 147 0 -0.000184411299 -4.87003422
68 73 159 165 0 -0.000171895794 -3.26268458
159 163 87 92 3 -5.06635806e-05 -5.21980858
131 135 162 177 0 -7.34321802e-05 -4.03736973
62 65 52 56 1 -3.69547051e-05 -6.16805696
138 144 115 119 2 -3.9696446e-05 -4.83372116
0 0 0 0 3 -0.601284564 10.6130409
0 0 0 0 2 -0.469846427 8.60253525
57 61 101 112 4 -0.000149366271 -2.30897331
155 159 105 108 0 -0.000121471501 -4.62239265
0 0 0 0 2 -0.317365527 8.87562275
73 74 51 58 3 -0.000125882201 -6.67472982
0 0 0 0 2 -0.885823011 9.88837719
115 115 65 96 3 -0.00792329386 -2.29977798
73 73 42 57 3 -6.80678131e-05 -5.02016163
183 187 98 103 1 -3.57626559e-05 -5.26542616
112 115 135 141 3 -0.000116941141 -3.6466217
110 116 93 99 3 -0.000123975478 -6.19545031
119 120 65 67 2 -0.00010776375 -3.62330985
93 97 79 82 1 -9.04784538e-05 -5.72647762
125 130 142 177 3 -0.00175373256 -3.69948411
0 0 0 0 2 -0.0125074806 7.96754122
47 51 84 119 2 -0.000107285901 -4.66625643
144 147 67 98 2 -0.000331861316 -3.17459297
0 0 0 0 2 -0.362436056 9.99550247
0 0 0 0 2 -0.0613662936 8.58379459
124 125 52 87 2 -0.000103113991 -6.40296459
140 147 64 71 1 -9.5247e-05 -4.92410326
48 49 63 71 2 -1.8715813e-05 -5.33818722
0 0 0 0 2 -0.00892408751 8.16080379
127 129 177 212 2 -0.00023887954 -6.41692114
92 96 129 132 2 -2.02655174e-05 -8.71558094
0 0 0 0 2 -0.0591009706 7.86730814
37 41 83 87 2 -4.16037874e-05 -5.1262641
40 41 71 106 2 -0.0013202189 -1.89823711
121 123 57 63 2 -1.40666725e-05 -5.18283224
22 26 39 74 4 -0.000324708846 -2.49582291
45 48 65 72 0 -2.15767977e-05 -4.82354212
90 91 55 61 2 -7.83196592e-05 -4.87292194
72 73 88 111 3 -1.72853106e-05 -6.55024719
96 102 120 151 1 -0.000195378991 -3.82351136
0 0 0 0 2 -0.0910339355 8.02677536
115 118 132 137 1 -7.03327023e-05 -7.27074194
51 54 92 98 4 -4.04117454e-05 -3.38903332
103 103 32 47 2 -0.00104137498 -3.74482036
0 0 0 0 2 -0.206005052 8.49034309
46 54 81 96 1 -9.2982169e-05 -5.66098928
0 0 0 0 2 -0.00173508725 0.520558357
55 56 34 40 3 -0.00137997465 -4.2933054
105 110 47 51 2 -0.000122306723 -2.91670632
97 103 122 157 0 -0.000175352994 -4.72471762
0 0 0 0 2 -0.232576057 10.0434608
100 100 116 120 2 -0.000606251764 -3.60349226
134 137 94 100 2 -8.1062235e-06 -5.07527113
117 117 135 143 3 -1.08480299e-05 -5.24446011
62 63 182 217 3 -0.00572225312 -4.81191921
106 110 125 130 3 -1.65700549e-05 -5.83336592
81 87 30 65 2 -0.000163663382 -7.96690273
135 135 167 202 3 -5.99618361e-05 -7.41481447
54 54 68 73 3 -2.44378334e-05 -5.95211267
0 0 0 0 2 -0.12808767 8.86044312
66 68 94 129 2 -0.00014066165 -9.38659191
39 43 53 60 3 -0.0233456306 -7.94803858
138 142 57 68 2 -9.98955584e-05 -8.43812752
48 54 68 76 2 -1.14440772e-05 -4.73690033
106 111 180 182 1 -7.74851796e-05 -4.92309809
108 108 58 93 4 -0.000115393123 -1.52151501
0 0 0 0 3 -0.323127449 8.14855099
45 50 63 70 4 -0.000109194269 -2.23298049
111 112 44 79 3 -0.000136730639 -5.42027187
101 103 134 141 3 -2.72988364e-05 -6.69038296
12 16 21 52 0 -0.00186368241 -1.8723923
46 53 58 66 1 -0.000407536631 -10.2615452
131 132 58 66 2 -8.66637347e-05 -3.86732197
49 53 70 93 1 -0.00016140526 -4.45678711
55 61 69 84 0 -3.29015857e-05 -4.01672697
0 0 0 0 0 -0.190502137 10.6272068
49 56 34 38 0 -6.66373162e-05 -4.10398674
50 56 118 153 1 -6.16307589e-05 -6.70373964
115 120 134 140 3 -2.30073092e-05 -5.55514336
131 133 97 101 3 -0.000129457912 -6.4113512
65 69 75 110 4 -3.99349046e-05 -2.95975757
145 149 51 86 1 -5.42398702e-05 -6.55796337
76 76 91 126 3 -5.69813419e-05 -5.2317853
118 122 136 144 1 -0.00014054506 -4.94933462
100 100 110 114 3 -6.00809799e-05 -4.9035058
0 0 0 0 1 -0.0299052708 7.75589085
111 117 45 60 0 -2.89677228e-05 -6.75888443
102 102 59 82 2 -3.00405445e-05 -7.81544924
54 60 77 85 1 -2.27689143e-05 -6.76111555
111 111 50 73 3 -1.96694891e-05 -4.58104324
51 52 66 75 4 -0.000266185903 -2.45668912
60 62 134 169 2 -1.89542097e-05 -7.39668465
116 116 51 60 3 -1.4662719e-05 -5.95872021
0 0 0 0 1 -0.158097044 7.82964611
165 171 130 145 2 -4.7564241e-05 -5.97567749
111 120 40 55 0 -0.000209322607 -4.13683319
147 147 100 135 3 -0.00111230218 -6.30253696
37 39 53 64 2 -0.000277026294 -5.81651068
52 57 66 73 0 -7.24783604e-05 -3.65591836
0 0 0 0 2 -0.0218939837 6.51727295
0 0 0 0 2 -0.26753819 4.96759415
69 79 118 120 1 -0.000331362389 -6.29439974
0 0 0 0 3 -0.00534673408 5.74627638
100 104 120 155 4 -0.00013065146 -2.67661667
49 52 34 42 0 -4.43454956e-05 -4.15209007
0 0 0 0 3 -0.00323398504 5.94052458
0 0 0 0 3 -0.404854268 6.99500418
112 115 137 168 1 -0.00046973367 -4.43521404
34 34 42 73 3 -3.42129351e-05 -7.61390734
115 115 89 93 3 -1.88350314e-05 -3.55472684
0 0 0 0 4 -0.032025326 7.70381021
165 170 112 147 0 -0.000729215855 -4.08635378
0 0 0 0 2 -0.65778023 7.49217844
0 0 0 0 2 -0.195847258 9.51153946
40 45 80 86 1 -6.62798411e-05 -7.18707848
49 56 118 141 2 -4.76834175e-05 -4.45222664
125 129 55 59 4 -9.94194634e-05 -1.85341573
90 97 67 78 4 -0.000454470952 -2.62754536
42 46 75 81 2 -3.80275887e-05 -4.57483387
46 50 22 27 3 -3.18287421e-05 -4.72606421
72 77 40 51 1 -6.21073559e-05 -5.88023329
0 0 0 0 2 -0.484514058 9.89258671
145 152 23 58 1 -6.48493733e-05 -5.86479425
0 0 0 0 3 -0.126498654 8.81846714
218 224 163 198 2 -7.36707225e-05 -6.03749132
37 38 52 56 2 -4.69681727e-05 -4.15637827
86 91 47 52 2 -3.0279034e-05 -5.17856264
181 181 158 169 2 -0.000121351848 -5.56139994
122 123 91 102 2 -0.000319456682 -6.50595617
91 96 102 105 3 -4.58953509e-05 -4.44672251
56 61 41 43 1 -6.62797756e-05 -4.02074623
89 93 122 130 0 -0.000160451949 -3.62829924
95 103 115 122 0 -0.000242344424 -2.98239732
60 64 39 43 3 -2.43186278e-05 -5.76279449
103 107 48 83 2 -2.30073092e-05 -6.80236721
141 146 50 56 2 -2.10999824e-05 -6.89054918
0 0 0 0 0 -0.0829184726 11.0446453
62 67 94 103 2 -2.40802146e-05 -6.60673475
0 0 0 0 3 -0.709195077 8.80084419
106 111 65 96 0 -0.000263203809 -2.78542018
67 67 40 45 3 -1.2040121e-05 -4.57647467
152 155 97 132 2 -0.000150676817 -7.59099245
113 116 62 71 3 -7.42659176e-05 -5.39594078
43 47 59 64 2 -5.91270546e-05 -5.95135355
0 0 0 0 2 -0.219470605 9.15807533
58 58 107 122 3 -4.60144984e-05 -5.73766708
112 115 101 106 4 -7.8200479e-05 -1.40645063
171 177 195 200 2 -0.000180478295 -3.22934103
0 0 0 0 2 -0.23901993 9.40861988
63 66 77 112 2 -4.696818e-05 -5.7998724
115 115 40 45 2 -3.61202437e-05 -5.69652128
146 150 102 110 2 -0.0142795583 -1.04864967
53 53 73 108 3 -3.11135118e-05 -5.24874878
0 0 0 0 2 -0.013553245 7.59019756
0 0 0 0 4 -0.0403830707 7.00525951
112 116 59 94 1 -9.190938e-05 -6.58870649
68 68 78 113 3 -6.78294964e-05 -3.6367023
63 67 103 108 2 -3.25439578e-05 -5.66006041
85 88 103 138 2 -0.0314134322 -2.00538921
207 211 173 188 2 -0.0197057892 -3.81875825
114 114 136 143 4 -8.57105551e-05 -2.24023438
0 0 0 0 2 -0.529454172 8.75325108
117 121 134 141 3 -0.000261652604 -4.45845795
126 129 193 198 0 -0.00363189983 -4.62239027
52 55 73 77 4 -4.60144984e-05 -1.48423183
17 25 29 31 0 -0.000218860107 -7.48180628
52 59 146 153 3 -9.32205585e-05 -5.89623594
43 50 58 65 1 -0.000286927359 -5.41848087
200 204 56 63 4 -0.000616136997 -1.53483176
0 0 0 0 1 -0.0399418361 6.8474412
96 96 104 119 2 -5.81736531e-05 -3.93102026
101 102 56 91 2 -0.00011825384 -3.50212526
0 0 0 0 2 -0.000258432468 3.48577976
0 0 0 0 2 -0.765956402 10.3184404
0 0 0 0 3 -0.0113130827 6.8193903
111 115 92 96 4 -6.03194931e-05 -1.223665
0 0 0 0 1 -0.0855118707 5.19735622
78 82 97 103 3 -4.86370591e-05 -5.77720213
46 50 53 64 3 -0.00480985036 -8.67740154
141 141 43 58 2 -4.88754667e-05 -5.62734938
64 68 30 37 2 -7.74859745e-06 -5.85863066
106 108 45 76 3 -9.13128752e-05 -5.84193802
151 156 98 133 0 -0.000136372648 -4.63386631
0 0 0 0 4 -0.000212899278 3.31775451
0 0 0 0 2 -0.319209725 8.60361576
47 56 69 73 0 -0.000275478902 -3.46248889
0 0 0 0 2 -0.00851703249 6.6677928
0 0 0 0 2 -0.373752832 10.6590166
100 106 76 82 0 -0.000267015654 -4.4310813
116 119 36 44 2 -0.000342232583 -3.38893628
52 59 166 171 3 -0.000728017418 -4.57856321
0 0 0 0 2 -0.108468503 8.44244385
0 0 0 0 0 -0.0883461535 6.81358624
0 0 0 0 2 -0.557833135 8.79090118
125 128 143 148 2 -0.000498370151 -4.14395952
28 32 38 49 3 -0.000509688864 -11.4549713
0 0 0 0 2 -0.672420979 11.0525408
39 41 78 101 2 -0.00784541108 -2.2159152
26 27 37 43 2 -5.18556844e-05 -5.10046864
0 0 0 0 2 -0.0449141413 9.92809868
174 174 115 150 3 -0.0004840685 -6.00619364
114 118 59 94 2 -7.08095686e-05 -4.26798248
96 97 105 128 2 -0.000512066646 -5.31727266
0 0 0 0 2 -0.0100939656 6.48069429
64 68 102 133 1 -0.000148412437 -3.57026386
0 0 0 0 3 -0.0272701327 7.763556
216 218 162 173 2 -0.000634603144 -3.37366581
56 60 91 98 3 -0.000320898544 -4.33505249
112 117 133 144 2 -3.56433047e-05 -6.05397844
48 54 65 100 3 -4.79217706e-05 -5.1178441
102 103 110 117 3 -4.9590657e-05 -4.19896984
58 66 166 170 2 -0.000217192777 -4.29905653
53 53 66 73 3 -2.44378025e-05 -6.2638545
116 119 84 107 2 -7.06904539e-05 -4.64509344
87 87 93 128 3 -2.15768305e-05 -5.15253353
39 47 55 62 1 -4.0173305e-05 -6.57190132
0 0 0 0 3 -0.47099933 9.06100559
42 46 52 83 1 -6.04386114e-05 -5.48506069
92 93 106 113 2 -0.000197523492 -4.14933681
90 92 147 152 2 -3.09942989e-05 -5.46634007
52 54 121 126 2 -1.75237274e-05 -6.80692387
87 91 75 81 2 -1.53779729e-05 -4.53506994
35 35 88 123 2 -9.67961823e-05 -5.93791533
0 0 0 0 2 -0.537837327 8.00750065
89 93 109 124 4 -0.000223034629 -1.43700266
150 156 55 78 1 -0.000103352861 -4.14006567
80 86 117 128 3 -6.21076324e-05 -6.91560459
0 0 0 0 0 -0.0160216242 10.9421778
49 53 32 37 2 -5.62661116e-05 -4.92647505
47 50 105 114 2 -1.96694818e-05 -7.62357378
126 130 100 107 2 -3.03982306e-05 -3.89220929
10 13 17 20 2 -0.0946380198 -4.76303053
98 98 109 114 3 -3.69547051e-05 -4.46528196
111 113 52 87 3 -8.42791633e-05 -6.44375896
119 130 145 160 0 -6.59221114e-05 -4.45450735
41 47 68 83 2 -2.38417942e-05 -4.87451935
100 104 202 209 3 -0.000626973051 -5.07830429
0 0 0 0 4 -0.0363076627 7.105793
99 107 53 61 3 -2.82525143e-05 -5.42936087
211 219 170 175 1 -0.000612805947 -3.76535821
0 0 0 0 2 -0.530117631 8.22475624
17 17 81 116 2 -9.09556766e-05 -6.53979111
90 94 44 75 1 -0.00374148646 -0.94929862
143 150 46 50 0 -3.06366455e-05 -3.09367251
50 50 175 210 4 -0.00195249496 -2.60980463
22 25 32 67 0 -0.000148173247 -4.82882595
91 95 41 52 1 -0.000100132456 -4.81852579
0 0 0 0 1 -0.549769759 9.63890839
48 52 65 88 2 -2.33649516e-05 -6.82616663
118 125 61 96 2 -1.7166094e-05 -9.00707722
0 0 0 0 2 -0.0269115046 7.60885525
157 157 35 38 3 -6.77102944e-05 -3.57518506
84 88 119 154 3 -5.86505193e-05 -6.19796419
0 0 0 0 3 -0.00407714024 5.97346258
62 67 86 93 3 -0.000115750481 -5.32588959
0 0 0 0 3 -0.00643451 6.49716377
158 162 67 102 0 -9.84656799e-05 -4.09490967
56 57 186 221 2 -3.09942261e-05 -9.00533676
110 113 122 145 2 -0.00174232398 -4.12696934
0 0 0 0 2 -0.29704538 9.14135647
88 92 101 136 2 -0.000117538293 -3.80594587
96 96 49 84 2 -0.141567677 -2.61227727
103 111 121 125 1 -5.94848352e-05 -5.15743876
40 44 53 88 2 -3.94579947e-05 -6.07927179
128 128 47 52 3 -9.81081321e-05 -5.24892521
36 40 96 111 3 -2.31265276e-05 -5.09586382
115 117 96 103 2 -1.09672346e-05 -7.39562702
204 207 102 108 2 -0.000890113413 -7.22789526
82 82 93 102 3 -1.4901123e-05 -6.22423697
71 78 97 101 0 -2.81333032e-05 -3.49204326
0 0 0 0 3 -0.329372704 11.0108299
0 0 0 0 2 -0.224683672 8.34880257
56 58 94 99 1 -7.52201595e-05 -3.62114596
96 100 49 84 3 -0.00246897154 -3.85172582
0 0 0 0 2 -0.026047077 9.19900322
35 39 75 110 3 -0.000134227361 -4.51548004
0 0 0 0 1 -0.0187275317 7.76186323
120 124 101 105 2 -0.000178213697 -4.32253885
88 94 107 118 1 -0.000184769538 -3.56502795
215 218 161 196 2 -0.000251044868 -5.23578978
133 133 88 123 2 -0.00017404063 -6.04931116
122 128 72 107 1 -6.79487057e-05 -6.00593472
39 39 44 50 4 -0.128668025 -2.45350909
0 0 0 0 1 -0.215461299 8.29300404
46 50 24 29 1 -0.000474954606 -4.42165089
52 53 139 174 2 -5.47166528e-05 -7.30936861
190 191 141 176 2 -0.000142331904 -4.49256229
115 120 132 136 1 -0.000230185484 -4.51063299
71 74 52 59 1 -5.12595725e-05 -5.6278038
0 0 0 0 1 -0.160811469 8.53120995
64 64 48 51 3 -8.54719328e-05 -6.15632105
40 47 60 63 0 -7.90344566e-05 -2.88649106
60 63 15 50 4 -0.00378384697 -0.428372711
0 0 0 0 2 -0.101702809 9.72301769
111 113 45 80 2 -2.74180311e-05 -5.5916872
58 59 43 47 2 -4.98291556e-05 -4.58882952
140 144 155 157 3 -0.000513748848 -3.0161624
53 59 78 93 1 -0.000167723018 -4.8109026
51 56 90 125 1 -0.00021421336 -5.80166197
56 62 124 127 0 -4.20806064e-05 -5.04778528
71 71 51 58 2 -6.02001346e-05 -7.55381298
93 97 107 111 3 -2.24112591e-05 -7.2885108
102 102 49 56 2 -0.000423051883 -5.83939743
126 131 77 112 3 -0.00256919535 -3.41623783
130 136 90 97 0 -7.84385047e-05 -1.98352671
61 63 135 140 2 -1.29937898e-05 -7.28084469
69 73 87 98 3 -4.41071643e-05 -5.88520193
0 0 0 0 4 -0.657231808 9.52523804
117 122 63 98 4 -6.41341321e-05 -1.22144473
92 97 108 115 0 -7.22396217e-05 -2.98547912
0 0 0 0 2 -0.00330737699 5.55425072
37 41 91 99 3 -0.000137564959 -4.37658501
130 135 108 115 0 -2.53915077e-05 -3.95675063
56 56 143 150 3 -4.67297687e-05 -3.93060422
148 149 46 57 2 -0.954367876 1.67841923
99 100 134 169 2 -0.00174314447 -6.45191097
141 142 84 107 2 -1.07288179e-05 -6.01928473
121 123 34 69 4 -0.000306711387 -0.618497312
41 41 56 63 2 -4.8756312e-05 -6.21038342
44 50 147 151 2 -0.000211709004 -3.93199992
133 141 169 175 2 -0.000257714448 -4.90743303
0 0 0 0 2 -0.00097992213 6.82340336
132 136 83 118 3 -0.000119803575 -6.55949163
78 82 123 130 1 -0.000172251908 -4.01519728
105 105 113 124 2 -3.25440014e-05 -4.57328987
0 0 0 0 2 -0.350079745 8.53680897
0 0 0 0 2 -0.00489551434 6.92250252
195 196 147 154 4 -0.00127459364 -2.69585133
48 48 127 132 3 -5.48357129e-05 -6.8374896
0 0 0 0 2 -0.113765098 8.43851471
0 0 0 0 0 -0.0854772702 11.0584888
0 0 0 0 2 -0.00154324167 6.89953709
0 0 0 0 3 -0.0124318479 7.00426674
101 101 114 145 3 -4.76834248e-05 -4.94769335
53 53 65 73 3 -8.22535876e-05 -4.64145136
0 0 0 0 3 -0.435537696 9.18088341
0 0 0 0 2 -1.08469379 7.8371563
41 41 78 113 4 -0.000214450454 -3.19420981
60 67 79 85 2 -3.42129351e-05 -4.02141428
7 20 25 28 4 -0.433522135 -3.14769125
40 43 57 64 3 -2.95638019e-05 -4.97990084
140 143 109 115 3 -8.27300973e-05 -5.06626081
120 123 106 110 2 -0.000213258565 -3.9888494
91 94 107 111 3 -2.72988054e-05 -4.8787818
0 0 0 0 2 -0.553230405 9.21844006
189 196 137 172 0 -0.000484533812 -4.40829039
33 34 51 55 2 -8.84508045e-05 -8.64044189
98 102 19 54 2 -3.18287603e-05 -5.84313488
0 0 0 0 1 -0.00454288907 8.37378788
53 55 114 116 2 -3.69545887e-05 -5.39401722
0 0 0 0 3 -0.0703763887 9.94185638
185 187 76 107 1 -0.000445818296 -2.51997375
85 90 173 180 0 -5.20939611e-05 -2.97113705
152 155 53 88 2 -0.000743224693 -4.83738613
36 40 112 119 3 -1.77621405e-05 -5.60902214
110 113 126 129 3 -8.60680448e-05 -5.87059355
159 164 100 135 4 -9.62007471e-05 -2.63470054
164 169 69 104 1 -9.08362636e-05 -5.34221506
108 110 124 131 3 -2.3126544e-05 -5.59104252
128 129 60 71 3 -6.1034636e-05 -5.32836723
103 110 121 152 2 -3.64778825e-05 -5.22979927
73 75 82 113 3 -0.000825041672 -4.86914492
46 47 66 73 1 -3.23055501e-05 -4.78248072
100 101 116 121 2 -3.18287239e-05 -6.42167997
168 170 94 102 3 -0.00243468187 -3.66413951
96 96 122 125 3 -4.21997538e-05 -5.69164038
0 0 0 0 3 -0.538681746 10.632967
92 93 143 166 2 -2.68219555e-05 -8.24129486
135 143 64 75 2 -1.03711936e-05 -7.29617405
124 130 51 54 1 -3.37361089e-05 -5.90365791
0 0 0 0 3 -0.37209183 9.08968067
103 103 50 85 3 -4.55375339e-05 -5.98533297
101 105 82 89 4 -4.11269903e-05 -2.85325098
79 82 115 122 3 -0.000243178103 -4.45422029
95 96 107 114 3 -2.90869775e-05 -6.2576623
85 90 53 68 1 -6.12730801e-05 -5.52117252
104 111 47 82 2 -3.74315023e-05 -6.49164152
76 76 83 89 2 -8.24918825e-05 -8.20281601
155 159 49 72 3 -0.000940486731 -4.2203002
138 142 96 131 3 -0.00211614929 -4.81571817
76 85 52 63 1 -3.60010672e-05 -7.03820848
136 140 84 119 1 -7.22399345e-05 -5.40798426
104 106 34 39 2 -4.80406816e-05 -5.74526644
175 175 104 139 3 -0.00450437656 -3.50168085
125 129 105 109 0 -4.32727502e-05 -3.86978483
112 113 128 136 3 -6.81870297e-05 -6.31566668
114 114 123 128 4 -0.000240431094 -3.20439601
56 59 136 142 2 -2.64643568e-05 -7.07028675
105 106 120 151 3 -0.000103829429 -5.9907012
51 51 146 151 2 -0.000164862897 -3.97645903
0 0 0 0 2 -0.0145129692 7.80677032
163 164 178 213 3 -0.00189991633 -6.51897144
38 39 60 95 3 -0.000185008335 -5.74838829
51 56 176 211 2 -0.00577007188 -5.94198608
0 0 0 0 1 -0.00359855965 5.94405365
115 117 54 89 1 -3.92196453e-05 -6.10858345
11 15 110 145 0 -0.000142094927 -4.72562075
0 0 0 0 3 -0.106496789 4.70611525
0 0 0 0 2 -1.16825163 8.28740406
87 91 43 78 3 -0.00216674036 -3.99193501
24 28 72 107 1 -0.000105617582 -3.19377327
49 52 91 102 1 -0.000483815616 -1.63003778
72 72 82 113 3 -0.000853431469 -2.74294305
51 53 70 93 2 -0.000178451388 -5.57441092
0 0 0 0 2 -0.0056469175 7.63027668
139 139 94 101 3 -0.00086582877 -3.34118414
42 47 55 61 1 -8.88094874e-05 -6.63234615
0 0 0 0 4 -0.459681869 9.04154491
104 107 62 73 1 -3.30208386e-05 -7.2125721
0 0 0 0 3 -0.00925528351 6.72821808
18 23 27 62 2 -0.000168198952 -7.19535637
100 104 116 147 3 -0.000125285485 -4.85340357
171 173 50 85 2 -0.000105974927 -6.58861113
41 42 140 148 3 -0.000673543429 -5.47374821
160 164 60 83 1 -0.000115511568 -4.97114992
76 81 138 144 0 -8.98817743e-05 -5.50848627
88 95 136 139 0 -2.71796198e-05 -4.55553484
216 222 191 199 0 -0.00240508188 -3.67078185
35 36 88 123 2 -5.80541528e-05 -6.35476017
19 19 40 47 3 -0.000127432373 -5.13865185
44 48 103 138 3 -0.000108120978 -5.397439
98 101 75 78 2 -7.70084953e-05 -4.2193017
57 60 76 83 1 -0.000732636894 -3.60473108
131 134 152 164 1 -0.000319582643 -5.3244319
97 101 49 84 0 -2.08615547e-05 -6.9136796
46 47 64 71 2 -8.55909748e-05 -3.20279956
67 67 50 52 3 -2.77756753e-05 -4.06111383
57 61 91 99 1 -0.000133749301 -5.38334227
31 35 77 112 1 -0.000183219265 -4.6975956
69 76 39 50 2 -3.33784265e-05 -4.94929028
26 32 43 49 1 -4.45840415e-05 -7.64714146
121 124 107 110 2 -3.32592608e-05 -4.76194191
180 183 203 208 2 -8.7378794e-05 -6.13767195
106 108 125 130 2 -3.77891702e-05 -3.77492881
12 12 17 20 4 -0.000953556795 -2.16808438
12 15 19 26 0 -0.000957259792 -7.03193951
53 57 136 167 4 -0.000321138243 -0.677097321
67 71 93 97 3 -3.8146587e-05 -6.0648551
55 55 68 103 3 -0.000475954788 -6.36942434
99 99 37 68 4 -0.000153181201 -0.843973398
113 114 38 45 2 -5.49550823e-05 -3.49701381
39 42 53 68 4 -3.5404988e-05 -3.050138
53 53 131 138 3 -4.87562247e-05 -5.01520491
130 132 112 115 2 -3.24247812e-05 -3.39046526
110 114 132 163 2 -2.3126513e-05 -8.19971943
73 81 121 128 1 -5.75777012e-05 -6.62036276
131 131 67 70 4 -9.70352266e-05 -2.60688543
46 50 70 101 3 -0.000370357331 -4.78603125
55 59 69 84 3 -5.04252239e-05 -4.90860939
54 57 66 69 2 -0.000614004734 -1.42108059
36 40 44 67 1 -0.000209439095 -6.8161087
55 61 41 45 1 -0.000160094496 -6.26776505
39 42 46 52 2 -0.000220761984 -10.0803709
81 84 33 68 2 -8.10622441e-06 -8.03726196
54 63 75 110 0 -1.46627126e-05 -5.82238626
54 54 110 112 2 -0.000189177925 -4.23460627
76 80 88 123 3 -0.000635675155 -5.1615119
39 47 84 90 0 -0.000337466219 -4.01307726
111 111 68 74 3 -0.000217431341 -3.6818347
54 55 73 80 3 -0.000120636294 -5.81613159
65 65 82 117 3 -5.18555062e-05 -4.16256046
45 46 58 67 2 -0.000145193422 -4.38385057
45 45 79 114 2 -5.61471024e-05 -6.37077427
84 86 53 68 2 -1.40666625e-05 -6.08367682
90 91 33 68 3 -2.57491229e-05 -5.61428452
53 58 110 115 0 -5.84120389e-05 -4.32039547
94 95 54 62 3 -6.40149156e-05 -5.67777061
50 50 65 67 3 -2.13383973e-05 -5.00959206
41 41 152 175 3 -0.000102636805 -5.23942423
28 28 97 128 3 -0.000158067924 -4.8107934
4 4 7 42 3 -0.00245647249 -4.43252802
101 101 51 74 3 -6.41340594e-05 -5.37795353
114 115 92 99 2 -4.42263845e-05 -3.49533248
64 64 52 59 3 -4.50608204e-05 -3.86872196
26 30 34 41 2 -0.0168542285 -5.48345041
115 115 103 110 3 -3.4332108e-05 -4.98762655
104 106 118 125 2 -6.59221332e-05 -3.85392666
44 48 89 93 2 -1.8119772e-05 -5.88336992
35 38 62 97 2 -2.92061704e-05 -6.48631763
81 81 136 147 2 -0.000798833091 -4.35394669
102 104 39 42 2 -2.38417924e-05 -5.60586596
62 65 102 137 1 -9.14322591e-05 -5.64891624
46 46 66 101 3 -3.85041858e-05 -6.77077675
60 61 146 181 3 -0.000299321022 -6.08528423
98 100 22 29 1 -0.000121114463 -5.46123457
169 172 148 150 2 -0.00109154033 -3.08597827
123 123 72 107 3 -3.40936749e-05 -4.99950743
139 140 48 71 3 -5.84121117e-05 -6.39024734
92 93 102 113 1 -7.54583234e-05 -5.13670683
91 94 49 84 2 -9.13127005e-05 -6.17797375
139 140 72 95 2 -3.74314623e-05 -6.19054031
17 20 41 46 2 -6.75907941e-05 -6.17937565
86 91 27 50 1 -0.00011050496 -4.61810637
39 42 20 24 2 -0.000201933784 -2.88318563
147 148 123 131 2 -9.65594154e-06 -6.57820606
119 120 88 103 2 -7.0094291e-05 -5.19912815
0 0 0 0 3 -0.0166769139 7.3506093
0 0 0 0 3 -0.0242375173 7.31038475
0 0 0 0 2 -0.529474854 8.7612524
0 0 0 0 3 -0.0310128406 7.97745562
0 0 0 0 2 -0.286524177 8.94446278
0 0 0 0 3 -0.00711788889 8.92728233
0 0 0 0 2 -0.00701335678 9.34054661
0 0 0 0 2 -0.0435738452 8.57285976
0 0 0 0 3 -0.0225604251 8.43801975
0 0 0 0 2 -0.530549586 10.8602562
0 0 0 0 2 -0.880005956 10.4244184
0 0 0 0 3 -0.332633048 9.82826805
0 0 0 0 2 -0.00654258532 7.99240923
0 0 0 0 0 -0.192222655 11.2256126
0 0 0 0 3 -0.54959929 9.76961994
0 0 0 0 3 -0.0218389388 8.20215988
0 0 0 0 2 -0.0080678286 7.78892422
0 0 0 0 2 -0.0217416566 8.58336258
108 109 122 124 2 -0.000160094569 -4.01756525
0 0 0 0 2 -0.245666221 8.15486526
40 49 86 94 0 -0.000238519904 -4.31962109
0 0 0 0 2 -0.427528322 10.0605202
162 166 69 104 1 -0.000256646483 -3.45866156
36 39 61 96 3 -3.46897577e-05 -5.76484251
64 71 51 59 1 -2.2053664e-05 -5.9862957
150 152 100 135 1 -0.000142094708 -6.15539885
146 146 21 52 2 -0.000720662181 -5.83758163
114 114 33 40 3 -2.82524725e-05 -5.60769463
123 126 137 144 0 -0.000187627345 -1.33061838
63 67 39 47 2 -1.28745796e-05 -6.94771433
60 60 115 150 2 -0.000114319562 -5.7592926
35 43 53 60 0 -7.86780583e-06 -5.06013298
51 57 69 92 0 -1.54971694e-05 -4.79362917
44 47 61 76 3 -0.00013684624 -3.92135882
48 48 59 74 3 -2.18152472e-05 -5.53835487
34 38 117 140 1 -4.62529497e-05 -5.15833664
140 141 49 72 3 -0.000777760288 -4.20031261
196 201 52 54 0 -0.000538038672 -3.35979342
74 78 51 59 1 -2.86101222e-05 -7.37998915
113 117 132 143 3 -3.33784665e-05 -6.46077871
46 51 61 63 4 -0.000143405196 -2.20476437
55 60 82 117 1 -9.3577677e-05 -6.23964262
180 186 49 84 1 -8.59489883e-05 -5.42182016
86 89 103 138 4 -8.64259273e-05 -0.496149868
47 51 65 88 4 -3.29016475e-05 -2.38498449
42 42 54 69 4 -0.00011777709 -3.07496643
104 108 30 34 4 -9.70348192e-05 -1.32922554
0 0 0 0 3 -0.419194579 10.3672171
0 0 0 0 1 -0.0194618069 6.06386042
78 84 19 54 1 -5.16173277e-05 -5.8269558
180 185 90 125 0 -0.000212425599 -4.98300123
0 0 0 0 1 -0.281268626 9.9786377
0 0 0 0 3 -0.0383692794 9.51315308
173 177 128 139 2 -0.000597399252 -4.64495134
49 52 76 77 1 -6.07962138e-05 -5.25918245
141 147 92 127 1 -2.89677519e-05 -6.07055426
30 34 46 48 0 -0.000154015041 -0.131579429
186 189 59 67 0 -0.000135537222 -4.56943464
43 45 49 53 2 -0.140726015 -0.832196176
72 75 107 109 2 -9.03595865e-05 -3.45951533
172 174 98 102 2 -6.12730655e-05 -4.81307602
103 107 126 131 0 -0.000873694837 -5.1041894
63 67 73 108 3 -0.000474643544 -5.22844553
0 0 0 0 3 -0.00706764543 5.78492641
145 146 76 83 2 -7.64122669e-05 -5.8881135
102 108 93 96 1 -7.51012194e-05 -6.56988239
0 0 0 0 1 -0.0625447035 8.15142632
0 0 0 0 2 -0.0142372474 8.41114807
9 13 121 126 2 -0.00018572266 -4.33397865
44 50 88 96 1 -0.000125047693 -7.16775227
133 139 122 124 1 -9.6438489e-05 -3.85430098
89 90 143 150 2 -0.000800036825 -3.79430985
130 133 110 115 2 -8.88095237e-05 -5.90673399
0 0 0 0 3 -0.0209901556 7.86129665
114 120 91 95 3 -4.76833666e-05 -5.50491524
38 42 57 92 3 -7.5816366e-05 -4.79366589
120 130 78 113 1 -0.000101445359 -6.37614441
132 134 152 187 2 -0.000561061723 -7.15587091
44 45 106 121 2 -0.000106690291 -5.2182951
44 54 64 67 0 -7.55773872e-05 -2.98905396
42 42 55 59 3 -1.90734463e-05 -4.18110418
153 158 101 136 3 -0.000172372922 -5.92700863
97 102 119 154 3 -0.00179872406 -3.83991003
102 102 30 32 2 -0.000103591592 -4.6480546
143 143 75 110 2 -0.000166650701 -3.84062266
0 0 0 0 4 -0.00776548637 6.70022392
43 47 89 120 3 -0.000612206117 -3.84281778
62 68 35 43 3 -0.000654747302 -4.4635396
88 92 105 116 4 -6.25844477e-05 -1.69999659
40 44 101 116 1 -0.000111100861 -7.81174564
139 139 93 128 4 -0.000591674703 -2.00560546
0 0 0 0 2 -0.0101121599 8.63787937
46 46 58 60 4 -0.00120011833 -5.00258684
44 44 77 83 4 -0.000180953532 -3.37869
115 115 65 100 3 -2.56298918e-05 -6.7071867
192 192 173 177 2 -0.00126422453 -3.28618598
140 141 122 130 2 -0.000440790027 -6.87565279
58 58 154 165 3 -0.000566057046 -3.52148294
120 120 161 184 3 -0.000245919044 -5.61027861
84 88 104 108 0 -7.0332484e-05 -2.90363479
66 66 33 35 3 -5.32862177e-05 -4.85033178
118 122 39 74 3 -2.37225577e-05 -7.85676718
41 45 126 130 1 -0.00010335257 -3.52130485
54 57 21 36 1 -0.000111220768 -4.70482016
160 165 140 142 0 -0.00206662319 -2.65994692
224 231 157 166 1 -0.00283373357 -3.19749761
68 69 44 50 2 -9.29831367e-06 -6.1446085
137 140 30 61 2 -0.000122305428 -8.03610229
40 44 51 86 1 -0.000537289889 -4.61136484
0 0 0 0 2 -0.0308143049 8.11338043
0 0 0 0 2 -0.11268913 9.37710953
101 106 43 78 2 -7.68891186e-05 -4.74356842
81 85 97 104 3 -7.27175893e-06 -6.11316729
50 54 89 120 3 -0.000210278318 -5.67280436
0 0 0 0 2 -0.162836239 8.87545395
55 61 74 97 0 -2.70604087e-05 -6.47740507
166 172 30 65 3 -0.214431778 -2.4933579
79 84 44 53 4 -0.000128504529 -2.76779795
0 0 0 0 2 -0.00585594028 7.30708933
0 0 0 0 1 -0.00203040475 6.91520548
109 113 84 89 2 -1.692769e-05 -5.94923639
201 203 174 181 2 -5.78160616e-05 -4.17032862
64 65 51 58 2 -2.19344474e-05 -5.92028999
92 95 119 154 3 -6.1749306e-05 -7.96037197
97 97 126 129 3 -7.18824595e-05 -5.00260592
37 40 181 216 2 -0.00207227049 -3.70583272
0 0 0 0 2 -0.261770785 8.86904812
48 48 83 91 4 -0.000849108677 -0.131942868
103 108 54 89 1 -0.000120756398 -7.55017233
108 108 95 99 3 -8.2849605e-05 -3.00637293
24 28 33 40 4 -0.000106094754 -3.6687386
119 122 135 150 3 -4.73258078e-05 -6.5432229
68 74 31 38 2 -2.06231489e-05 -7.62931442
26 29 44 50 1 -3.40936385e-05 -8.2094841
0 0 0 0 3 -0.718526185 9.63491726
119 123 132 137 4 -8.65449692e-05 -1.60378289
106 106 66 101 3 -0.000977857155 -6.12126875
159 162 44 79 3 -7.47435406e-05 -5.68648195
0 0 0 0 0 -0.0440684892 9.65897369
59 63 38 44 2 -7.05712446e-05 -3.9735322
0 0 0 0 3 -0.686423481 9.96216583
182 182 41 56 3 -0.00601858273 -3.7898407
29 30 35 43 2 -0.0445076562 -3.78410769
198 201 42 77 2 -0.00317616854 -6.40826035
0 0 0 0 2 -0.483821213 8.86854172
33 38 92 103 3 -0.000157710121 -4.04970646
174 179 16 51 1 -0.000249375124 -4.96671152
132 138 111 120 1 -6.41336592e-05 -6.5142808
85 85 113 118 4 -0.00154362433 -3.27343917
48 52 74 109 2 -2.74180384e-05 -9.21984577
73 77 45 60 2 -0.00206556497 -1.89320838
166 167 77 112 2 -2.8371709e-05 -8.13973713
17 23 35 40 0 -1.12056568e-05 -4.87925434
99 106 41 44 0 -2.13383828e-05 -3.53172636
96 99 114 149 2 -6.36571858e-05 -5.99384165
72 76 61 64 2 -5.18557099e-05 -4.83144617
65 66 80 103 1 -0.000358083344 -5.92933083
157 161 55 90 4 -7.68893369e-05 -1.70234251
117 122 49 54 1 -5.03058764e-05 -6.39624166
154 160 75 110 4 -0.000363206374 -2.85063362
21 26 78 81 1 -0.000415168877 -4.46423817
123 124 42 51 2 -0.000124094484 -6.51576662
103 103 112 119 4 -9.39356833e-05 -3.04590988
91 95 136 141 1 -5.5074288e-05 -5.40882921
43 50 69 77 0 -0.000105259962 -4.18339348
78 78 107 122 2 -4.1246185e-05 -6.46614504
112 115 69 100 2 -9.92999267e-05 -8.28102112
87 90 99 134 2 -6.69949513e-05 -6.79063606
105 108 61 65 0 -0.000135895447 -2.00117731
125 129 58 63 2 -1.59740011e-05 -6.84239578
51 59 96 104 0 -3.25439578e-05 -4.94040537
20 23 49 57 4 -0.000133154434 -3.04530978
100 104 119 134 2 -5.36437219e-05 -4.38978004
94 98 107 109 2 -1.9431056e-05 -4.45957851
94 94 75 79 4 -0.000141141616 -2.25256538
0 0 0 0 3 -0.00904495642 4.74526167
59 62 147 154 2 -0.000293599529 -4.81608534
0 0 0 0 2 -0.00459993072 6.8727808
0 0 0 0 2 -0.293810427 8.7783165
85 85 71 78 3 -9.09547525e-05 -3.1211102
41 43 54 62 2 -0.000126836472 -4.72454882
47 52 104 139 3 -8.36830441e-05 -4.76650238
0 0 0 0 2 -0.00103305944 4.06323814
0 0 0 0 2 -0.142801419 8.86153984
47 57 81 84 0 -9.98960313e-05 -3.88291359
31 37 81 112 0 -0.0046836026 -1.4295336
148 152 165 169 4 -0.000244372291 -0.854548097
108 109 155 162 2 -9.71532718e-05 -6.75302362
47 54 58 64 2 -0.00115122215 -7.62919426
55 61 91 99 0 -0.000164622907 -4.03005934
149 151 126 129 2 -1.56163878e-05 -4.90634918
110 116 21 56 2 -0.000261525885 -6.87937593
42 49 75 86 2 -0.000139829965 -4.00554991
50 53 73 80 0 -0.000331504969 -2.57160735
63 65 50 57 2 -1.40666643e-05 -6.91920614
7 12 18 53 4 -0.000391340844 -0.986770391
41 41 114 149 3 -0.00724505773 -4.77279282
55 58 96 131 2 -2.31265294e-05 -7.30025291
0 0 0 0 2 -0.210318789 10.3128681
97 101 68 72 2 -0.000646761502 -2.69071937
159 163 178 184 1 -3.11135154e-05 -5.51840115
54 54 105 110 3 -0.00134417857 -4.60471725
117 118 36 71 2 -6.69948931e-05 -9.27143574
107 111 42 77 2 -5.32861377e-05 -4.01947832
66 71 33 41 2 -0.00261708768 -8.7507925
24 27 35 70 2 -0.000143281068 -8.05021667
0 0 0 0 2 -0.256326705 9.0984745
86 90 101 109 4 -4.00540666e-05 -1.72743535
110 114 125 160 2 -5.07827972e-05 -5.30984259
0 0 0 0 3 -0.00410551857 4.65398741
0 0 0 0 1 -0.0162705351 8.30094051
151 151 115 138 3 -0.00011813431 -4.68880796
12 18 30 38 2 -0.000141854835 -3.79420233
89 94 33 41 2 -7.96306922e-05 -4.72481346
13 16 29 35 3 -0.00385484705 -3.15261245
94 101 63 70 3 -0.000161166507 -4.2485199
0 0 0 0 3 -0.0111076459 1.97390831
223 227 63 69 2 -0.000741927652 -2.99412394
108 108 37 40 3 -1.91926574e-05 -5.56980753
48 52 65 70 0 -8.09420308e-05 -4.58538818
0 0 0 0 3 -0.404626369 8.842906
57 57 116 123 3 -1.77621514e-05 -5.35724163
51 55 72 74 3 -0.000326495559 -6.01559401
69 73 159 182 3 -0.00433423929 -5.38133812
42 43 77 112 1 -5.31669248e-05 -7.40802193
0 0 0 0 1 -0.0573386773 7.09308767
165 166 113 128 3 -7.46242076e-05 -4.43169451
55 61 74 109 0 -3.02790577e-05 -5.34047222
143 143 50 58 4 -0.000616607605 -3.18849516
114 122 96 99 2 -6.02001528e-05 -5.73243093
158 160 77 112 1 -0.000101087964 -5.64418554
36 41 102 108 4 -3.70738817e-05 -2.19160366
46 50 106 112 4 -4.6491361e-05 -3.65233135
0 0 0 0 2 -0.0168482233 7.72390652
0 0 0 0 3 -0.347492903 9.29335213
0 0 0 0 4 -0.0388812907 7.43116808
31 36 56 91 1 -0.014527577 -2.69063258
111 114 34 57 2 -0.00011050373 -4.90206289
73 74 58 61 2 -9.1791062e-06 -6.44634819
88 88 95 102 2 -8.12991857e-05 -5.47029638
16 16 32 40 2 -0.000194540815 -4.43472624
40 43 61 96 2 -2.19343638e-05 -8.52845383
0 0 0 0 1 -0.057922665 8.57148361
95 98 45 48 1 -8.55907274e-05 -4.80030632
62 64 134 140 2 -8.36840409e-05 -4.28401804
140 143 74 97 2 -5.35245381e-05 -5.2509203
138 138 68 103 3 -5.74581973e-05 -5.55454683
53 59 66 72 0 -8.69019423e-05 -3.09907556
81 83 51 59 2 -9.77515083e-06 -8.35192585
0 0 0 0 3 -0.316554695 8.8353672
136 140 169 177 1 -8.45185932e-05 -6.42687988
128 128 110 116 4 -0.000274169637 -1.47365892
113 114 127 133 2 -1.13248661e-05 -8.24975777
114 118 57 61 2 -3.34975775e-05 -3.95385909
0 0 0 0 3 -0.0535576902 8.64330482
77 77 167 169 2 -0.000352837669 -6.83720064
109 110 168 172 2 -0.00029586241 -4.94473886
13 15 23 58 2 -0.000225179858 -4.12977171
43 47 67 90 2 -1.85965691e-05 -9.53204536
0 0 0 0 2 -0.0426211357 8.99674129
31 36 68 103 4 -6.1392333e-05 -2.2219851
0 0 0 0 1 -0.31314221 10.9355049
105 108 55 61 2 -0.000209912556 -4.21491337
0 0 0 0 0 -0.424577504 10.4121981
0 0 0 0 2 -0.0156341717 7.83635664
186 193 78 113 1 -0.000129339736 -5.23874807
135 140 58 89 2 -7.79619731e-05 -7.32659817
53 56 80 85 2 -3.60010017e-05 -5.5721693
107 113 185 190 2 -0.00031539565 -8.00133228
97 97 103 106 2 -0.000265827228 -5.76650238
0 0 0 0 4 -0.38327679 9.33941078
96 100 89 91 0 -0.000142213801 -2.49133325
58 62 73 80 4 -0.00409903144 -0.975048244
99 100 156 163 2 -0.0833271667 0.5257774
32 35 48 83 2 -3.75507479e-05 -5.70717955
156 157 136 141 2 -0.000267730735 -4.39629602
0 0 0 0 2 -0.0141775953 6.17219877
35 43 56 91 0 -2.3603372e-05 -5.11813784
106 110 50 53 3 -7.70084225e-05 -4.56352139
39 39 51 59 3 -2.12192008e-05 -5.80466366
150 151 53 59 2 -2.7060396e-05 -6.07725382
82 86 38 43 3 -6.07962211e-05 -6.06067991
173 176 33 37 2 -0.000158662573 -6.43612289
112 114 45 50 1 -5.29285899e-05 -6.99279404
95 99 108 111 3 -0.000245082541 -4.14649105
37 38 51 58 2 -1.95502762e-05 -4.56968355
120 124 95 104 2 -0.000213498017 -4.16941786
102 103 82 87 2 -0.0518711433 -1.14906085
45 45 64 68 4 -0.000324231485 -3.07814264
0 0 0 0 3 -0.0350861289 9.43732357
107 113 55 90 0 -5.28093624e-05 -4.77628136
78 82 121 156 1 -0.000513130566 -4.09639406
68 70 201 207 2 -0.000367946894 -5.2781229
0 0 0 0 2 -0.124442831 4.83042097
39 42 59 94 2 -2.40801019e-05 -7.26995373
25 27 102 113 1 -0.00016378994 -4.16927814
91 94 112 147 4 -0.000147101673 -2.68618417
220 221 161 196 2 -0.000187629252 -4.74823618
0 0 0 0 2 -0.110609852 9.43328094
43 45 66 77 2 -0.00022541848 -3.35559225
84 84 95 99 3 -4.08885389e-05 -4.64373827
66 72 46 50 1 -7.98689944e-05 -7.21617031
58 65 119 126 0 -2.47954631e-05 -3.70224118
53 57 165 173 2 -0.000104306397 -5.67226124
138 141 160 171 1 -0.000152823544 -3.40761805
89 99 48 55 0 -7.1167131e-05 -2.65176511
0 0 0 0 2 -1.17006218 9.72850513
77 80 88 90 0 -4.62528333e-05 -3.67262864
92 98 125 130 0 -8.23722439e-05 -3.57000184
0 0 0 0 2 -0.0063631013 4.86918974
53 54 30 32 2 -0.000186674311 -6.90138578
101 101 108 112 3 -4.37494564e-05 -3.97973132
140 140 96 100 3 -2.75372404e-05 -3.57168722
45 48 63 67 1 -6.21075451e-05 -3.63637972
64 64 84 88 3 -8.21341964e-05 -5.13237667
58 65 84 93 0 -0.000108358552 -5.59068203
0 0 0 0 3 -0.00543255173 6.77426386
0 0 0 0 2 -0.0880819038 7.35341024
0 0 0 0 2 -0.00887872372 10.2869339
130 130 57 92 3 -0.00121811894 -5.94944811
47 55 131 140 1 -0.00129917695 -7.22409678
134 136 157 159 2 -4.12461595e-05 -5.83515406
91 95 106 111 2 -3.27824055e-05 -8.53504944
113 116 65 88 2 -4.82791838e-05 -5.21876669
161 162 111 118 2 -6.58029603e-05 -5.77484226
97 101 40 63 3 -1.85966073e-05 -7.02635193
72 77 90 96 0 -8.89284711e-05 -1.9312228
97 104 113 144 0 -0.000102279781 -5.19525337
0 0 0 0 2 -0.00471564243 6.57233953
52 57 66 97 1 -0.000335439341 -5.28846264
66 74 50 53 0 -0.000318138656 -3.64258218
86 86 100 107 2 -3.27824382e-05 -6.91567802
136 139 61 96 2 -2.99214134e-05 -6.87005091
35 39 55 63 0 -6.5921784e-05 -6.90171909
133 135 65 100 2 -1.54971767e-05 -6.57749891
88 88 186 201 3 -0.000231378712 -5.65559721
113 121 67 102 2 -0.000300873042 -4.56230211
33 33 49 56 3 -7.21206452e-05 -4.25491905
53 56 106 110 2 -5.96041718e-05 -8.56653118
29 29 17 20 3 -0.0016778335 -2.46506715
126 129 106 114 2 -1.97886729e-05 -6.07364273
191 197 120 155 3 -0.000410166773 -6.727386
119 122 51 66 3 -2.53914986e-05 -6.63218164
149 155 80 81 1 -2.8014023e-05 -5.29072285
89 90 131 166 2 -3.85044259e-05 -7.85005951
53 56 71 106 4 -5.81737513e-05 -2.27478266
84 87 97 120 2 -4.70873092e-05 -4.35706615
0 0 0 0 3 -0.0307350848 10.9522934
151 157 185 216 3 -0.00435940595 -4.42129946
64 72 84 119 1 -0.000788967591 -5.91773605
0 0 0 0 2 -0.177805632 4.97977257
119 123 46 53 3 -7.58163951e-05 -5.38325167
62 63 79 114 3 -0.000718404772 -3.55792904
124 127 139 147 2 -5.56703199e-05 -4.30637693
60 66 75 98 1 -7.00944147e-05 -7.75693512
39 39 61 70 2 -2.78948537e-05 -7.19185829
36 41 49 56 1 -2.08615729e-05 -6.03585243
0 0 0 0 4 -0.0683325753 8.43102551
98 108 52 59 0 -1.72853015e-05 -5.26718807
85 95 112 119 1 -8.20149871e-05 -4.93972826
70 74 119 154 3 -0.000162002194 -5.46358776
135 135 152 160 2 -0.000945069478 -3.84047651
164 171 38 73 0 -0.00248571392 -3.88569498
74 77 98 133 2 -9.45314387e-05 -10.6532269
0 0 0 0 3 -0.197090447 10.8623114
102 102 56 87 3 -0.0001225452 -5.87261391
65 66 79 87 4 -5.96042046e-05 -3.62187147
63 65 88 111 1 -0.000874285877 -3.64112258
0 0 0 0 2 -0.710706174 8.03424358
0 0 0 0 2 -0.23024255 9.55446911
104 106 122 157 2 -0.000154368143 -5.62377167
114 121 135 166 0 -0.000171298554 -5.38417816
88 92 122 126 2 -0.000291930337 -4.03039837
0 0 0 0 2 -0.120254174 7.00435114
132 136 51 58 3 -1.37090456e-05 -7.21190691
65 70 42 48 3 -0.0016933789 -3.05984879
168 170 114 122 2 -0.0289872307 -3.03879094
120 120 136 144 3 -0.00451824348 -4.15872383
0 0 0 0 3 -0.0193641074 7.56259537
44 48 53 61 4 -0.000105021507 -2.7682035
33 33 44 49 4 -0.000208365396 -3.86754918
0 0 0 0 1 -0.0150284898 2.14656425
0 0 0 0 3 -0.69353354 10.0585289
42 48 155 190 0 -0.000100610596 -6.408638
125 125 82 89 2 -1.37090401e-05 -6.66607428
145 148 56 63 2 -0.000130769709 -3.64923334
102 106 66 72 1 -3.73123403e-05 -7.01724243
73 81 59 62 0 -1.81197756e-05 -4.56637001
84 92 42 49 0 -1.03711955e-05 -5.40027905
34 37 52 64 2 -0.000241747097 -3.44947791
0 0 0 0 2 -0.00349055114 6.79608154
73 75 35 58 2 -0.000576847582 -9.44311523
69 75 117 124 1 -0.000190490056 -7.26598692
104 109 119 142 2 -2.88484225e-05 -8.29161739
47 53 83 84 3 -0.00045677193 -4.39813662
39 44 128 151 0 -0.00169722736 -2.88151026
0 0 0 0 2 -0.410228252 9.53563976
106 108 85 93 2 -0.000176663409 -4.65444803
232 232 86 121 3 -0.00392681779 -3.77739239
98 101 116 121 4 -0.000113962415 1.06469452
46 50 63 98 1 -0.000162000564 -8.33134556
67 73 39 54 2 -0.000694561808 -2.81916428
58 60 78 113 2 -0.000109072113 -7.0683651
85 87 54 56 1 -4.21998775e-05 -3.12449718
72 74 42 49 1 -2.21728624e-05 -4.75818777
106 107 84 92 2 -0.000387289125 -2.95996404
121 125 73 78 3 -3.98156844e-05 -5.82642221
142 145 54 69 2 -2.12191935e-05 -6.20604181
114 119 93 100 1 -5.63854373e-05 -4.09203911
132 134 60 95 2 -9.32206021e-05 -4.36770153
126 126 46 81 3 -0.00012302 -4.67060375
37 39 72 107 2 -6.47300112e-05 -6.42439938
106 107 122 157 4 -0.000121472527 -3.53900576
103 103 41 52 3 -1.71661068e-05 -6.0086298
118 121 65 100 3 -0.000168198749 -6.60792494
0 0 0 0 2 -0.00303584198 6.69277096
125 131 75 80 2 -2.55106861e-05 -7.06711721
73 78 92 103 2 -8.48753625e-05 -3.94468451
0 0 0 0 4 -0.0548945628 4.27411556
115 119 68 103 3 -2.31265294e-05 -8.01900101
107 116 40 75 0 -1.78813498e-05 -5.19694614
168 171 39 74 3 -0.000184770179 -5.65912533
102 108 46 81 3 -3.42129133e-05 -7.17420101
53 53 81 104 2 -0.000156994356 -5.71879196
18 23 28 63 4 -0.011197024 -3.55447459
95 99 107 113 2 -5.48362368e-06 -5.79997873
114 118 57 92 4 -0.000526269549 -6.20979452
67 68 110 145 3 -0.0086935414 -4.11024904
41 42 52 59 4 -0.000108479151 -6.76010036
0 0 0 0 2 -0.235296369 10.0980473
93 96 112 118 2 -1.18017024e-05 -7.12963152
88 88 98 106 2 -0.000203484466 -3.83343077
105 108 63 74 2 -3.45705412e-05 -6.85490847
159 163 109 144 2 -9.52468326e-05 -5.2685771
74 76 28 63 2 -0.000398139236 -6.07747746
21 26 49 84 1 -0.00012063804 -5.79044628
22 27 35 50 1 -3.15903599e-05 -6.27484322
107 108 130 153 3 -0.000511606282 -4.24753475
76 83 50 57 0 -6.34180906e-05 -4.53602266
83 87 65 67 3 -2.36033757e-05 -5.78527212
95 95 107 112 2 -8.65443581e-05 -5.77273703
72 80 88 92 0 -2.98021514e-05 -3.15162659
52 53 63 98 3 -4.47032362e-05 -6.83019066
102 104 40 75 4 -0.000127432722 -2.16173172
0 0 0 0 3 -0.987073898 9.03233528
81 84 63 74 3 -3.55242191e-05 -6.06221104
143 147 91 97 4 -0.000172848988 -2.93631291
96 96 127 130 3 -3.44512664e-05 -3.68591714
57 57 99 134 4 -0.00126240659 -0.922316134
99 103 67 72 4 -9.40551472e-05 -1.49086571
131 141 84 87 1 -0.000161524309 -5.4175396
0 0 0 0 2 -0.0103317471 6.43742895
0 0 0 0 3 -0.158275142 8.15135193
111 115 47 53 2 -0.000291093049 -5.52660847
50 53 37 39 1 -0.000110743815 -4.71315479
57 64 116 120 3 -3.86236388e-05 -5.85879421
60 60 77 79 2 -2.09807768e-05 -4.1475296
146 150 77 112 0 -7.62929412e-05 -4.68590021
90 90 102 133 3 -0.000166647471 -4.6184516
0 0 0 0 1 -0.158260435 9.39531136
104 105 51 56 3 -8.90471711e-05 -5.37955856
152 156 48 51 4 -8.94060358e-05 -2.65750551
0 0 0 0 2 -0.95469147 8.31875229
28 33 37 48 2 -4.8756101e-05 -8.99515247
0 0 0 0 2 -0.000643425388 4.13741016
86 86 106 141 3 -5.09019264e-05 -5.66533422
133 138 152 187 4 -0.000123855672 -1.72510874
36 36 60 64 3 -2.50338853e-05 -4.94934273
115 121 65 100 1 -7.74851142e-05 -4.77945328
50 51 118 153 3 -0.000438766147 -5.9574585
0 0 0 0 2 -0.0697326809 8.7744112
103 106 46 81 3 -0.000420068071 -4.57955408
112 115 95 101 0 -3.38552782e-05 -4.23977995
24 27 44 48 2 -0.00115555583 -1.58764255
71 75 131 166 3 -0.000311122218 -5.95065975
98 101 55 90 2 -1.24474263 0.414746076
0 0 0 0 2 -0.00975208543 6.27897024
109 111 28 43 1 -0.00010669043 -4.88946295
76 80 47 58 2 -0.000669614528 -5.58456707
0 0 0 0 2 -0.309419513 9.02107048
148 152 93 128 4 -0.000351886993 -0.815000296
145 150 47 78 1 -6.48493005e-05 -5.70694685
39 45 79 86 2 -1.76429403e-05 -5.70895004
138 142 55 90 3 -6.18690174e-05 -7.02005863
109 114 35 40 0 -0.000697934185 -1.68594861
76 81 169 175 3 -0.000138040326 -7.41003847
97 99 108 139 2 -9.64384599e-05 -6.16553831
106 109 118 122 3 -9.17899015e-05 -4.40999937
149 152 38 73 4 -0.000375965639 -2.3871398
62 62 75 79 3 -9.41736216e-05 -3.51288724
48 48 126 161 3 -5.67430106e-05 -5.40371752
107 109 38 46 2 -1.72853088e-05 -6.38867712
52 59 130 141 0 -7.43858254e-05 -3.73953915
113 114 35 46 2 -4.18418167e-05 -5.88789511
103 103 150 156 3 -3.67162829e-05 -3.18546844
0 0 0 0 3 -0.472774208 9.91260529
42 43 53 88 3 -2.27689125e-05 -7.16514969
0 0 0 0 4 -0.00558148604 5.35730743
71 73 86 109 2 -2.67027863e-05 -6.15390253
59 62 153 159 1 -0.000155922069 -5.313272
53 53 80 91 3 -0.000412560592 -3.49701905
34 39 146 150 1 -7.31936379e-05 -7.0240798
120 121 55 78 2 -7.27175757e-06 -6.46183395
57 57 89 104 3 -3.93388291e-05 -5.28636122
62 68 24 30 1 -0.889240324 3.24706388
166 166 97 106 3 -5.00676106e-05 -3.46940732
0 0 0 0 2 -0.11519859 9.79718399
48 52 81 116 3 -0.000312792254 -5.22577763
80 83 123 146 2 -0.000105498206 -5.2232914
93 98 111 113 0 -0.000121113975 -2.7850821
137 141 111 116 1 -3.40937331e-05 -6.43374681
0 0 0 0 1 -0.0650037304 9.12686634
120 124 138 140 3 -0.000375352916 -4.4711709
139 143 47 82 3 -0.000870602089 -5.29728127
0 0 0 0 3 -0.00696716318 6.40399599
62 65 78 109 2 -0.00022446434 -3.0671525
0 0 0 0 3 -0.171014369 8.44260025
33 35 48 59 1 -0.00272831088 -0.852094829
106 108 61 64 2 -4.82792493e-05 -5.14544821
118 119 150 153 2 -0.000518749934 -2.28499603
65 71 83 118 0 -2.87293042e-05 -5.02243614
92 93 35 39 2 -0.000175233145 -3.8038497
130 131 71 106 2 -1.35898308e-05 -7.53805828
29 32 80 91 4 -0.000732118147 -1.72299945
66 73 99 103 0 -0.00030587794 -2.07927823
55 60 73 77 2 -2.41994039e-05 -8.56771755
83 88 98 133 3 -5.36438711e-05 -6.90746498
0 0 0 0 3 -1.24459684 2.52799082
118 119 69 104 3 -0.00159795268 -3.82289791
53 53 70 77 2 -0.000108001899 -3.62106061
0 0 0 0 2 -0.038812533 7.9912591
140 144 75 86 1 -6.40148792e-05 -4.61799669
52 55 84 87 2 -9.97768366e-05 -3.26890469
22 24 31 66 2 -0.000106929227 -6.44750929
77 78 86 89 2 -7.65314617e-05 -3.2080512
0 0 0 0 3 -0.511080325 10.0772734
73 75 21 56 2 -4.01732759e-05 -8.4908886
140 140 157 192 4 -0.000349978101 -0.469266951
0 0 0 0 2 -0.0032288949 5.50995016
144 146 89 93 2 -2.15767759e-05 -7.01496077
0 0 0 0 3 -0.00522396527 6.56156921
87 88 51 56 3 -1.57355971e-05 -6.72712612
49 54 129 136 3 -0.000169631559 -4.47366953
0 0 0 0 3 -0.5070135 9.66766548
32 37 75 83 1 -4.00541248e-05 -6.8105464
60 64 21 25 1 -6.41340957e-05 -4.07015038
76 84 96 131 3 -2.94446036e-05 -8.59724331
0 0 0 0 2 -0.000920014281 7.45445871
76 80 119 154 3 -0.00396987703 -3.53173423
38 42 47 70 3 -0.000349139096 -4.90397406
60 62 122 133 3 -0.00026833039 -4.64899302
99 103 119 126 3 -9.65594063e-06 -6.95997429
126 133 144 155 2 -9.56045114e-05 -5.39064503
70 75 104 139 3 -0.00041943515 -6.20097637
0 0 0 0 2 -0.0160080642 7.14554214
178 182 200 215 3 -0.000572514837 -4.82437754
126 129 36 71 3 -0.00287982263 -4.99735594
18 19 93 98 1 -5.48359276e-05 -6.3421092
0 0 0 0 2 -0.00486250035 6.28131628
133 138 85 89 3 -2.67027699e-05 -7.49373007
0 0 0 0 2 -0.0209882949 7.89079332
123 123 129 135 3 -8.97633217e-05 -3.00847507
0 0 0 0 2 -0.48556456 8.01976395
54 59 70 93 2 -1.44242986e-05 -5.46284866
38 46 50 61 0 -0.000666078238 -6.87968636
107 111 22 28 3 -0.000398481032 -4.04094028
59 61 119 124 1 -0.00116643775 -5.71354866
0 0 0 0 2 -0.404359967 8.90302753
41 45 59 66 3 -3.74315241e-05 -5.12473297
110 113 123 130 1 -4.041176e-05 -6.21466446
135 137 73 108 2 -0.000240193607 -7.41991234
124 127 138 142 1 -9.739284e-05 -5.70298386
129 136 59 66 0 -4.74448971e-05 -3.90493631
61 62 75 80 2 -0.00102754834 -1.12867737
0 0 0 0 3 -0.00975791365 3.62046266
52 56 120 127 3 -0.000302539906 -4.14732599
65 67 77 88 2 -0.00713082263 -0.432803065
80 83 96 101 3 -8.22536094e-05 -6.17309713
198 202 169 176 2 -0.0042770463 -3.58114004
132 140 59 94 1 -5.62663045e-05 -6.14396
73 77 49 58 0 -2.39609926e-05 -4.70981836
188 193 101 105 0 -0.00013255846 -3.42545772
144 148 98 129 1 -4.80410381e-05 -5.86334038
102 102 115 146 3 -0.000114319671 -4.90721893
0 0 0 0 2 -0.0193698257 7.13853693
86 88 78 80 1 -0.000145550119 -5.88740826
0 0 0 0 2 -0.117647752 9.77141857
0 0 0 0 2 -0.00288864761 6.37956953
0 0 0 0 2 -0.230104476 8.69507122
0 0 0 0 0 -0.318802595 13.702302
147 149 189 224 2 -0.121350072 -3.17484045
0 0 0 0 2 -1.0196774 9.15795994
128 137 80 115 1 -7.78428948e-05 -5.03563643
85 88 54 61 0 -1.43050866e-05 -4.8517766
0 0 0 0 2 -0.00166939211 4.20329142
96 100 33 43 2 -3.826596e-05 -5.19004726
68 71 105 111 1 -3.552415e-05 -6.94096518
47 53 67 75 1 -0.181104094 -4.25525141
113 119 135 150 1 -0.00137889828 -2.48643494
0 0 0 0 2 -0.0877968222 8.24194622
41 49 63 71 0 -0.000241984788 -3.73684549
0 0 0 0 2 -0.373456657 9.3317585
65 69 103 138 3 -0.000203842836 -6.8202529
123 126 143 178 2 -6.41339066e-05 -5.22224903
80 84 61 63 1 -0.000187750018 -3.8078742
102 107 38 73 2 -2.08615493e-05 -10.385066
119 122 66 101 4 -0.000274649035 -2.43314123
0 0 0 0 2 -0.181369781 7.70629644
121 125 153 161 1 -3.25439905e-05 -6.41490173
143 145 84 88 1 -0.000702286314 -5.10737705
39 41 50 56 1 -5.35245927e-05 -3.59555197
96 100 68 74 3 -0.000674305658 -4.01672649
17 25 30 35 1 -0.000707928441 -9.71185875
0 0 0 0 2 -0.0252588578 6.53016376
114 114 95 99 2 -2.14575975e-05 -7.97145557
107 109 84 89 2 -5.80545129e-05 -6.02126837
62 66 42 47 2 -1.93118631e-05 -6.47945786
0 0 0 0 2 -0.531924486 10.3154879
0 0 0 0 1 -0.00268311775 3.13203979
86 91 51 56 2 -6.86639323e-05 -7.17272615
216 219 54 61 2 -3.13519195e-05 -8.85990524
78 82 93 128 4 -0.00028204007 -0.598007917
94 95 112 117 2 -0.0220706128 -1.32843184
104 108 27 62 2 -4.55377121e-05 -7.24806833
67 73 22 30 1 -6.27035552e-05 -7.35146189
67 67 19 25 3 -0.000156638052 -5.05445194
0 0 0 0 1 -0.31235671 8.07305145
111 114 37 72 1 -0.000124093465 -5.37400579
0 0 0 0 2 -0.00508433767 6.56024075
166 173 84 92 3 -0.000901476073 -5.18882895
131 134 144 148 0 -9.95381488e-05 -4.19411373
0 0 0 0 3 -0.264500052 7.72749662
0 0 0 0 4 -0.655730247 8.28121758
44 47 73 77 2 -6.4253225e-05 -4.40710974
28 31 80 87 2 -3.82659891e-05 -9.84730816
141 145 72 107 3 -5.79353509e-05 -5.69687223
150 154 133 139 0 -0.00093540753 -2.35401678
35 37 133 135 2 -0.00040764513 -3.96916509
26 34 42 77 2 -3.67162647e-05 -8.75180721
92 96 112 120 4 -3.38552891e-05 -2.8324945
127 132 74 109 2 -2.25304884e-05 -6.36891651
0 0 0 0 2 -0.00240988773 6.54733181
0 0 0 0 3 -0.0114120021 6.24647903
118 118 97 103 3 -6.49681751e-05 -5.71417618
59 61 76 111 1 -6.67564964e-05 -6.36507559
114 117 131 162 2 -1.96694891e-05 -7.33195829
104 108 121 136 4 -6.86640633e-05 -1.7301954
52 56 99 134 4 -5.13788873e-05 -2.34424996
61 64 30 37 2 -1.32321902e-05 -9.05980301
0 0 0 0 3 -0.225024104 10.8068686
68 72 52 56 3 -4.12462214e-05 -8.09171772
60 65 100 115 3 -3.25440051e-05 -5.95726395
123 127 61 96 4 -7.67701058e-05 -1.19332385
0 0 0 0 1 -0.00212327181 6.22503901
83 90 38 44 0 -0.000498811714 -1.53879571
92 95 59 82 2 -2.70604087e-05 -6.20096111
22 24 102 105 2 -0.00012826582 -4.19336653
162 164 55 86 1 -0.00021278151 -6.86785126
114 121 147 154 1 -0.000147457235 -6.08631849
120 120 190 195 3 -7.52203268e-05 -5.365695
190 190 56 91 2 -9.01212334e-05 -7.92632723
133 139 52 59 2 -8.46385046e-06 -7.74655771
99 103 59 61 0 -0.000258899556 -1.65312767
88 93 152 158 1 -7.30745669e-05 -4.28231478
118 120 65 71 2 -1.76429348e-05 -6.41686869
0 0 0 0 2 -0.00380834867 6.19337416
63 64 27 31 1 -0.000102637205 -5.79796362
0 0 0 0 3 -0.468288243 10.4649954
101 103 114 119 2 -9.29831549e-06 -7.76817989
0 0 0 0 1 -0.0476553179 7.58831167
44 47 108 143 3 -0.000159973744 -6.3982029
97 98 116 127 3 -0.000351886934 -3.85742927
103 106 134 138 3 -7.78425892e-05 -4.40778685
122 127 44 59 3 -0.0029101714 -4.39995241
0 0 0 0 1 -0.779661477 8.97149658
90 91 101 136 2 -1.78813298e-05 -6.3307476
37 40 46 81 1 -0.000472113315 -7.77826023
0 0 0 0 2 -0.151815996 7.97624254
86 91 52 67 2 -3.38552054e-05 -5.12749195
49 53 113 115 0 -5.23325325e-05 -3.26344252
194 194 41 47 4 -0.000115392286 -2.71161079
65 67 84 115 1 -8.42799709e-05 -6.06639051
187 189 168 171 2 -4.89947088e-05 -6.26207924
0 0 0 0 3 -0.00152886671 1.55948496
138 140 122 130 2 -2.34841627e-05 -6.55618811
120 125 34 69 1 -4.43456302e-05 -4.46133471
115 118 183 187 4 -0.000173445616 -1.64214599
135 139 61 69 2 -8.82147924e-06 -7.1317153
143 147 57 66 2 -2.44378243e-05 -9.89479542
34 36 22 24 2 -0.000260582136 -3.93231606
0 0 0 0 2 -0.271042138 11.6563692
90 92 48 83 1 -6.10345742e-05 -4.17668962
0 0 0 0 4 -0.27873531 6.7854166
0 0 0 0 2 -0.00493902387 6.09985828
57 59 122 153 2 -0.00345523655 -0.998948336
120 125 48 55 4 -5.16173131e-05 -2.65099955
64 71 87 122 0 -0.000168556973 -4.75168133
130 135 54 55 0 -2.87292623e-05 -3.72704411
120 123 138 145 3 -4.55377158e-05 -5.39007854
115 123 179 202 0 -0.000482637202 -3.33715987
51 54 88 96 1 -0.000271547033 -3.58260202
158 162 180 185 2 -0.000308859104 -3.28165793
0 0 0 0 3 -0.531786144 9.87828064
0 0 0 0 1 -0.0029628526 6.36565971
164 167 71 94 4 -0.000495997665 -0.815268993
158 162 55 57 0 -0.000335077057 -3.30507612
0 0 0 0 2 -0.203806996 10.0302916
52 53 126 141 3 -0.000262009038 -5.1457777
105 107 125 160 1 -5.32860904e-05 -5.68026924
53 53 27 34 3 -0.000159379299 -4.03400946
32 32 57 68 3 -2.84909293e-05 -4.43078184
143 146 119 124 1 -3.57626341e-05 -5.14550543
108 111 131 139 3 -2.53914495e-05 -7.96692514
82 88 47 51 3 -0.000129936088 -4.72791147
33 33 111 114 2 -0.000197284084 -4.65950298
147 152 108 113 1 -0.000185722398 -5.19889927
116 120 132 167 3 -0.000350457849 -5.85219669
0 0 0 0 2 -0.00343281939 6.77184677
80 86 34 69 2 -6.19876664e-05 -6.23473024
126 126 48 79 2 -7.057123e-05 -5.15647697
86 91 99 106 1 -4.57761234e-05 -7.00026083
0 0 0 0 2 -0.17166011 8.68951988
115 115 43 78 2 -0.000401467492 -5.20363665
69 73 45 48 1 -0.000138875854 -5.35512829
44 47 61 66 2 -2.8252447e-05 -6.1887188
0 0 0 0 2 -0.0501549318 7.28121662
157 158 100 135 2 -0.000188345541 -5.28216124
105 105 29 30 2 -1.9073439e-05 -9.25149345
0 0 0 0 2 -0.209076792 9.56115437
51 52 37 39 2 -1.9907875e-05 -6.55162764
65 67 79 114 2 -0.000641167397 -3.12641621
136 140 120 128 2 -5.04250274e-05 -5.76619196
66 71 16 51 4 -0.000117061791 -1.73009229
87 90 107 118 0 -1.88350132e-05 -5.56667328
99 100 63 67 2 -3.21863554e-05 -5.00997019
80 80 95 126 3 -2.68219665e-05 -5.77856779
125 132 73 84 1 -0.000114677765 -6.35906267
0 0 0 0 2 -0.094478339 9.20903206
44 48 62 66 1 -7.02135076e-05 -6.52644634
122 126 51 57 4 -5.65048613e-05 -2.51453042
126 128 34 65 2 -0.00147919706 -5.4185586
0 0 0 0 2 -0.480274737 10.0381298
69 74 86 109 1 -3.08750896e-05 -6.13932562
0 0 0 0 2 -0.00542153651 1.3444711
50 50 68 74 3 -0.00100897613 -3.19509602
109 114 126 130 2 -0.000204438111 -2.10485911
141 147 95 130 0 -0.00029097579 -2.87346244
67 69 162 197 2 -4.7087342e-05 -6.29709768
0 0 0 0 2 -0.00240724348 3.23807001
0 0 0 0 2 -0.530225515 8.87222767
153 154 105 113 3 -1.89542279e-05 -6.41582012
141 141 160 195 3 -0.000311718846 -4.87901545
116 120 160 164 3 -0.000230662248 -4.47571564
132 137 81 116 2 -5.57893873e-05 -6.87275839
214 216 157 192 3 -0.00112036732 -6.59899998
55 55 69 75 3 -2.84909056e-05 -5.98624659
0 0 0 0 2 -0.224971265 9.99692822
55 59 96 131 2 -0.000183216674 -9.92759991
35 39 47 51 3 -0.0671569332 -9.13482666
131 135 103 110 2 -0.000281799526 -5.34840155
0 0 0 0 2 -0.283993334 9.07972145
161 164 74 76 1 -0.00113330723 -2.76742196
115 117 65 100 4 -0.000144836522 -1.4002769
0 0 0 0 3 -0.172629759 7.70276451
79 84 66 68 4 -0.000292172102 -1.99889767
91 91 45 80 3 -1.81197756e-05 -5.33867264
109 109 128 137 3 -0.000127313338 -4.90588188
0 0 0 0 2 -0.151368231 8.35243702
45 51 56 58 1 -0.000395149604 -9.37170601
123 126 145 148 2 -7.02136604e-05 -3.63753009
42 47 64 79 1 -3.55242228e-05 -5.72594881
74 80 88 119 0 -0.000853298465 -1.08530867
0 0 0 0 1 -0.13708134 8.37945938
18 26 89 93 0 -0.000100253121 -3.61663508
100 109 26 61 1 -6.55642507e-05 -6.31335688
112 116 130 133 3 -1.99078822e-05 -6.10158157
90 90 105 108 3 -0.00010335265 -4.97276545
102 107 29 64 4 -4.57760689e-05 -1.38590038
70 75 89 124 1 -0.000330195791 -5.54308891
117 117 50 85 3 -2.72988382e-05 -4.40034628
109 111 125 130 1 -7.64121869e-05 -4.33432293
103 103 113 119 3 -2.58683212e-05 -5.28822184
0 0 0 0 1 -0.0322199836 6.92056131
108 113 42 73 0 -0.000105617793 -6.2608428
48 49 112 127 2 -3.06366201e-05 -8.3993206
58 63 154 161 1 -9.64384162e-05 -6.08335924
101 103 66 81 3 -6.59222278e-05 -4.88595486
53 53 67 74 4 -0.00028907042 -2.62612844
168 170 91 126 2 -3.3139906e-05 -7.88129568
117 117 98 107 3 -2.67027426e-05 -5.66729498
0 0 0 0 1 -0.273585409 7.86373186
161 165 118 141 2 -8.27303738e-05 -5.98571014
81 87 40 55 0 -5.51933554e-05 -4.00453901
136 138 89 124 3 -0.000297769759 -6.2778573
159 162 36 51 2 -0.000531850557 -6.5325737
51 54 63 66 0 -0.000155682021 -2.22946048
0 0 0 0 2 -0.00310341059 5.65956879
0 0 0 0 2 -0.00229289802 7.19282675
133 138 68 73 1 -0.000668237393 -4.34479856
0 0 0 0 3 -0.00265322952 3.57210469
133 137 77 112 4 -0.00175137457 -2.48641062
74 77 64 67 0 -5.48358585e-05 -2.79888225
0 0 0 0 3 -0.010417955 6.65757799
0 0 0 0 2 -0.166767448 6.78833151
110 111 133 140 1 -0.00114998862 -4.27707291
34 34 42 57 3 -1.01327778e-05 -7.56485271
101 101 89 92 3 -8.70217264e-05 -3.14817715
0 0 0 0 4 -0.00362529606 5.19963503
56 59 157 192 0 -0.00312570739 -2.66736627
0 0 0 0 2 -0.457777202 7.15934896
0 0 0 0 2 -0.0584470518 8.22145367
78 85 111 118 1 -0.000474242755 -6.89387751
55 61 110 117 2 -7.34317728e-05 -5.43442869
55 59 85 87 4 -0.00016998683 -3.02231741
68 75 114 126 4 -0.12596193 -3.34950161
54 59 42 48 2 -1.89542334e-05 -5.08042336
71 74 22 26 3 -7.52203705e-05 -4.82885456
129 136 101 108 1 -0.000156278722 -6.51069927
0 0 0 0 2 -0.325044215 10.5953722
123 131 23 58 1 -0.000210753686 -4.73017025
0 0 0 0 3 -0.222652361 8.57430363
190 196 135 170 2 -2.58683049e-05 -6.87797928
34 35 49 55 2 -3.89812303e-05 -4.91487408
68 74 47 51 2 -6.22264124e-05 -4.29730797
52 56 64 75 2 -5.59082036e-05 -6.19445467
135 138 104 115 2 -0.000294791156 -4.01818943
83 88 94 101 3 -1.94310724e-05 -5.2251997
87 89 132 134 1 -7.14055714e-05 -3.85424924
87 93 124 130 0 -0.00033841221 -3.39789033
43 55 127 150 0 -0.000210756232 -4.63648176
142 147 54 62 3 -3.96965297e-05 -5.30179167
144 150 89 124 2 -5.31669721e-05 -5.30346251
74 78 51 57 2 -1.66892605e-05 -7.6576972
0 0 0 0 0 -0.105497122 9.82471275
103 107 137 143 2 -4.74448861e-05 -6.21880627
0 0 0 0 3 -0.567939878 9.68374443
15 21 32 63 0 -0.000492540246 -1.92656791
133 133 40 46 3 -2.28881254e-05 -4.59040356
108 109 53 88 2 -3.76697753e-05 -8.74423409
155 159 85 89 3 -0.000138399279 -4.6987195
22 22 96 105 2 -5.84119334e-05 -5.97256231
0 0 0 0 2 -0.147144482 8.10803223
51 52 83 98 3 -0.000104306724 -5.32178116
110 113 101 104 4 -6.37765479e-05 -1.57379496
161 166 138 142 2 -4.39878822e-05 -3.45612144
45 47 96 127 2 -5.25708965e-05 -6.48948908
59 60 71 106 2 -7.5458629e-05 -5.1055975
117 120 40 47 2 -1.80005554e-05 -6.01422644
57 63 79 84 2 -6.00808853e-05 -4.50964642
109 111 131 166 3 -8.88099094e-05 -6.53910732
0 0 0 0 2 -0.0318372808 8.92338848
0 0 0 0 4 -0.0155110341 6.17794847
241 242 141 176 1 -0.425946891 -0.949504852
88 88 38 73 3 -0.000321254221 -4.22644091
62 67 103 110 2 -4.41070515e-05 -5.67853689
51 51 66 101 2 -2.16960216e-05 -7.28761911
140 141 58 65 2 -0.000193348038 -6.66287851
109 109 131 133 4 -8.85716145e-05 -2.11191225
0 0 0 0 1 -0.00263496721 5.42908335
118 123 136 143 3 -0.000216715853 -5.06367064
165 170 34 37 0 -0.000160563941 -4.86994505
44 48 66 72 4 -8.43991729e-05 -1.73603046
17 24 28 30 0 -7.72468484e-05 -6.12852907
134 141 161 165 3 -0.000219098947 -5.05791664
31 38 46 50 1 -2.22920735e-05 -7.41462517
165 168 218 222 4 -0.000329718168 -2.30714011
0 0 0 0 1 -0.0372312404 9.13273621
94 97 153 176 2 -5.24514689e-05 -4.34443188
147 148 54 89 2 -6.98558142e-05 -6.26236343
0 0 0 0 2 -0.438535661 7.65016317
0 0 0 0 2 -0.229068547 9.29046535
0 0 0 0 3 -0.0411556885 5.77197838
62 65 77 84 4 -3.25439905e-05 -2.07387304
0 0 0 0 1 -0.00858481601 5.23379183
67 71 86 94 3 -0.000114081529 -6.01545715
39 44 47 62 3 -0.000229944213 -5.86750984
78 79 134 145 2 -0.000262127491 -4.55337667
51 55 63 67 2 -8.9406858e-06 -6.9212141
45 48 59 74 3 -1.7642933e-05 -6.83086109
126 134 35 70 0 -4.315353e-05 -6.16031408
0 0 0 0 4 -0.000327919959 4.0697484
0 0 0 0 2 -0.49925065 8.32782078
51 60 73 82 0 -0.000310166623 -4.12827682
0 0 0 0 2 -0.00888200011 6.07211971
93 97 57 80 2 -7.96303721e-05 -6.87502623
47 55 74 78 0 -2.84908529e-05 -5.18946743
110 111 90 97 2 -0.000119803226 -3.65161014
51 57 140 145 3 -0.00025056873 -4.2688632
0 0 0 0 2 -0.114005692 8.7143364
0 0 0 0 0 -0.139312908 8.3930788
0 0 0 0 2 -0.291191071 8.03688812
116 118 133 138 2 -0.000234355583 -3.50661135
26 30 36 59 3 -0.00221629697 -11.2960777
0 0 0 0 1 -0.61046654 11.0484877
141 141 94 109 2 -0.00066439464 -5.2029686
26 27 37 45 2 -8.79747677e-05 -4.85434008
0 0 0 0 2 -0.0449278355 9.86694813
111 111 35 70 3 -6.50875081e-05 -7.89378834
58 59 85 120 2 -0.000117061209 -5.30552006
89 90 98 109 2 -0.00018238496 -5.45489645
0 0 0 0 2 -0.025758693 6.1335454
83 88 36 67 1 -4.74449625e-05 -4.45292807
0 0 0 0 3 -0.0257487204 8.52530861
116 118 158 181 2 -0.000280368491 -4.28409529
76 79 89 120 3 -0.000102757047 -5.59475374
159 165 37 44 2 -0.00014722078 -3.02089071
56 63 110 145 3 -3.63586587e-05 -6.58074188
108 109 116 122 3 -6.71142989e-05 -4.60626936
88 92 145 151 2 -0.00022791962 -3.35537887
57 57 70 77 3 -3.4332068e-05 -6.47207499
101 102 58 69 2 -2.34841536e-05 -5.46785069
85 85 91 126 3 -4.39879659e-05 -5.02481842
95 101 83 90 1 -7.2477982e-05 -6.38945675
0 0 0 0 3 -0.236302599 10.3636742
85 87 43 58 1 -9.26227367e-05 -4.2226944
92 92 105 120 2 -0.000281681714 -4.93396997
84 85 114 120 2 -5.4359065e-05 -5.12830353
144 146 122 130 2 -4.11268775e-05 -6.40024233
94 96 64 69 2 -3.76699463e-05 -4.13862705
86 86 101 136 2 -0.000150080523 -5.2826066
0 0 0 0 3 -0.74617368 7.28452539
80 83 99 110 4 -0.000335440942 -1.44244385
89 94 49 80 1 -0.000376441865 -2.30306053
70 76 88 95 3 -8.85711706e-05 -5.17944765
0 0 0 0 0 -0.0233108737 10.2626953
22 26 104 111 2 -8.29686614e-05 -4.67365265
117 123 42 46 2 -2.38417688e-05 -6.74811697
121 121 91 114 2 -0.000125644292 -3.59644389
14 16 20 25 2 -0.050297495 -5.29464579
106 106 117 121 3 -7.86774399e-05 -4.38643646
104 106 45 80 3 -0.000101922356 -6.17780542
108 118 133 144 0 -0.00168485544 0.404515058
44 49 86 117 2 -6.25842004e-05 -4.56663084
63 67 128 135 3 -9.48893794e-05 -6.10812044
0 0 0 0 4 -0.0271245986 7.27205801
0 0 0 0 3 -0.638582587 8.87685585
151 157 189 192 1 -0.000136015587 -5.23228025
0 0 0 0 3 -0.479080468 9.39241028
83 86 38 73 2 -9.52464179e-05 -6.01432467
0 0 0 0 2 -0.820956051 9.72165871
173 180 146 154 0 -0.000136015864 -2.94561219
42 42 59 94 4 -0.000183101278 -2.68014455
22 27 34 69 0 -0.00023423275 -5.13554955
65 67 92 103 1 -0.000254848448 -3.3232677
0 0 0 0 1 -0.488912284 9.31266212
134 137 40 47 2 -2.181524e-05 -6.97549629
0 0 0 0 2 -0.313789159 8.55182362
0 0 0 0 2 -0.088803418 8.27890396
221 221 42 49 3 -5.79353218e-05 -4.37326097
108 112 53 88 3 -5.57895837e-05 -4.92714453
0 0 0 0 3 -0.00334028807 5.75374556
88 92 60 68 3 -3.82660146e-05 -5.72501278
0 0 0 0 3 -0.00628182804 6.25756788
138 143 65 100 0 -5.2928488e-05 -4.65493822
58 61 142 177 2 -1.5139547e-05 -8.65789127
110 114 123 130 2 -0.000992182177 -4.63277483
0 0 0 0 3 -0.366363078 8.89732647
85 92 101 136 2 -6.61603699e-05 -5.49160576
221 225 51 86 2 -0.552638412 -3.70497584
105 110 120 128 1 -4.20806427e-05 -4.0930357
40 47 56 91 2 -4.11268993e-05 -6.68941355
82 82 64 70 3 -2.7894881e-05 -6.20934105
30 35 46 61 3 -1.31130037e-05 -6.91125584
0 0 0 0 2 -0.455959916 8.56423092
163 167 108 115 2 -2.01462954e-05 -7.1252532
88 88 99 104 3 -1.04903993e-05 -5.43386412
106 113 65 69 0 -3.52857896e-05 -3.8944056
0 0 0 0 3 -0.756428719 10.4915848
38 46 50 55 2 -4.19614371e-05 -8.35478306
124 129 96 100 1 -0.000298718282 -2.76310968
107 110 60 95 3 -0.00266760495 -3.57778454
0 0 0 0 2 -0.0115898773 8.49687099
58 62 100 135 3 -0.000292289711 -5.02399349
0 0 0 0 1 -0.00727743143 7.15371513
108 111 130 137 2 -0.000238530483 -2.95890021
59 67 94 101 1 -0.000154015172 -4.04525852
229 235 67 102 2 -0.00900735706 -2.96583509
89 91 159 194 2 -0.00018262009 -5.0036335
62 65 80 115 1 -6.43723179e-05 -7.34823656
44 44 49 52 4 -0.00962841883 -2.74691486
0 0 0 0 1 -0.649251223 8.87741947
49 53 84 92 1 -0.000400160003 -3.90733886
215 217 160 195 2 -0.0496397652 -7.88727379
30 35 101 136 2 -0.00163673609 -3.53859544
115 118 130 133 1 -8.54720347e-05 -6.06534481
139 142 123 127 1 -6.83063918e-05 -5.14671755
0 0 0 0 1 -0.222265661 9.14328194
43 43 129 133 3 -3.95772186e-05 -4.68096256
107 114 73 77 0 -0.000351765164 -0.40327844
63 66 18 53 4 -0.00282720965 -2.25687718
0 0 0 0 2 -0.0696183145 8.23624516
51 53 80 115 2 -0.000411365239 -3.31570911
109 112 48 51 2 -3.33784046e-05 -4.45507479
129 133 110 114 3 -0.000625371293 -5.16044283
137 143 31 46 1 -0.00011348565 -6.78137493
135 141 45 80 1 -0.000123499165 -7.78671312
99 107 84 86 0 -4.8994596e-05 -4.06514263
150 150 48 71 2 -8.01078422e-05 -8.09928226
97 102 112 116 3 -4.30343207e-05 -6.00845957
176 177 142 151 2 -0.0107093286 -2.16782928
32 36 113 148 3 -0.0057688076 -4.7217555
129 136 76 78 0 -0.000109432367 -2.7908802
117 118 55 60 2 -1.3947455e-05 -6.35599947
71 75 89 96 3 -5.44781906e-05 -6.08924723
0 0 0 0 4 -0.0140960691 7.70089436
118 122 34 69 4 -0.000119207551 -0.436926574
61 67 45 50 0 -5.47166492e-05 -2.74373317
0 0 0 0 2 -0.00216072588 5.4431777
107 111 89 93 3 -6.71141679e-05 -5.12174511
59 66 132 139 0 -6.42529267e-05 -4.74184608
66 67 78 86 3 -2.70604341e-05 -5.55837393
63 64 123 134 2 -0.000621005369 -3.76242328
102 102 135 170 2 -0.000199193615 -8.51958656
128 128 103 114 2 -4.16038019e-05 -5.46922112
130 130 42 77 4 -0.000324949622 -0.313814044
41 41 56 87 2 -6.24651511e-05 -6.86726522
173 177 118 122 2 -0.00107348314 -1.98758781
48 53 151 158 2 -0.00025068369 -4.17885828
0 0 0 0 2 -0.00249785068 7.15415955
113 117 23 58 3 -7.03327896e-05 -4.29118347
49 51 95 103 1 -8.60676155e-05 -3.93927026
106 107 115 122 2 -0.000119564669 -2.6544013
45 47 65 69 2 -0.000150558204 -2.60115242
0 0 0 0 2 -0.00503906608 6.01249981
190 191 144 149 4 -0.00255975826 -2.34912705
58 58 123 123 3 -0.00288383733 -3.6605792
0 0 0 0 2 -0.132015809 8.21026325
0 0 0 0 0 -0.222704485 11.1209917
0 0 0 0 2 -0.00260761846 6.83949757
0 0 0 0 3 -0.0185322501 7.6388545
69 70 26 57 3 -0.000198001479 -4.80508137
47 47 59 66 3 -4.36303235e-05 -5.40286207
0 0 0 0 3 -0.697943091 8.38441277
0 0 0 0 2 -0.9879601 10.1980295
132 132 69 104 4 -0.000189418308 -2.74035358
61 66 139 143 2 -8.45185641e-05 -3.21904516
16 20 25 30 4 -0.005045522 -3.16952491
91 96 139 148 3 -9.11937241e-05 -5.39031267
48 52 67 71 3 -0.000124570943 -5.39782906
123 124 110 113 2 -0.000354986987 -3.23238611
74 78 60 68 3 -3.79084049e-05 -6.30878639
62 65 81 104 3 -5.96041937e-05 -5.06044531
100 104 173 208 0 -0.000337204838 -5.53359556
30 30 47 55 2 -2.20536422e-05 -8.05208397
67 72 20 55 2 -2.21728733e-05 -5.94320631
0 0 0 0 1 -0.00654544076 8.13821888
48 49 108 111 2 -3.5643352e-05 -5.66421318
0 0 0 0 3 -0.0610317215 10.3539009
151 154 45 56 1 -4.19614589e-05 -2.86810303
92 99 182 189 0 -3.44513028e-05 -4.45056915
186 188 70 105 2 -0.000153178611 -6.83497047
114 118 53 62 3 -2.80140248e-05 -5.48442745
68 72 20 23 3 -0.000564762566 -3.78212404
79 83 155 190 4 -0.000421617326 -3.47798967
0 0 0 0 1 -0.0684955269 7.98559332
105 107 121 123 3 -1.74045163e-05 -6.20261717
152 153 53 84 3 -0.00013482268 -5.59775972
118 125 136 159 2 -1.38282448e-05 -7.40007019
76 77 84 107 3 -9.39351812e-05 -6.05927181
43 48 107 113 1 -2.77756717e-05 -4.51248121
125 129 144 147 2 -4.82794348e-05 -4.09882832
64 64 112 119 3 -0.000178332877 -3.9662571
45 45 116 125 3 -2.49146196e-05 -7.52119207
0 0 0 0 3 -0.519101441 10.48699
86 87 97 104 2 -1.43050856e-05 -3.87631249
117 124 46 57 2 -7.62938816e-06 -6.91479874
81 86 120 123 1 -0.000162598095 -4.45446444
87 93 105 113 3 -1.93118412e-05 -5.74469233
132 132 53 88 3 -5.81734603e-05 -5.13870573
0 0 0 0 2 -0.232810631 8.90690231
57 62 98 109 3 -5.84119844e-05 -4.9280262
109 110 121 128 3 -3.25440051e-05 -6.37070847
73 81 127 142 1 -0.000160213574 -5.74969625
148 152 170 205 2 -6.30609575e-05 -7.39176273
128 128 108 111 2 -0.000111935449 -6.5771246
64 69 125 148 3 -0.000315176701 -6.31588936
50 54 121 156 3 -0.000557020889 -4.91059875
79 83 59 66 1 -0.000302776403 -4.56645966
138 145 43 78 1 -5.43590795e-05 -5.77787638
62 66 34 41 2 -2.27689088e-05 -5.43269825
151 151 176 211 3 -0.00115672476 -5.3828249
126 134 78 83 0 -2.16960252e-05 -4.90206575
109 111 126 134 3 -7.1048009e-05 -5.67972088
121 121 130 137 4 -0.000160212658 -2.97053242
163 168 61 69 2 -6.62793173e-05 -7.42143965
103 103 117 140 3 -2.83716327e-05 -6.71103239
71 72 50 55 2 -3.4808927e-05 -5.24182653
0 0 0 0 2 -0.0046787383 7.50358772
158 158 103 138 3 -0.00030325359 -5.36129761
68 68 23 58 3 -2.99214207e-05 -7.24354553
202 210 48 83 2 -0.000452934153 -5.76274824
0 0 0 0 1 -0.0177363306 6.84445906
124 128 60 95 1 -2.14575939e-05 -7.18492699
119 124 72 107 0 -5.92465622e-05 -5.64159298
0 0 0 0 3 -0.141968548 5.37774229
0 0 0 0 2 -1.11178362 8.01925468
0 0 0 0 2 -0.250867516 9.39054966
24 30 60 95 1 -0.000582611479 -4.32944536
23 28 99 130 1 -0.000245799893 -1.09601867
79 79 89 120 3 -0.0304254871 -1.83195364
59 59 76 91 2 -0.000192279476 -5.04505444
0 0 0 0 2 -0.00422558608 7.55705214
156 157 95 118 3 -0.00681286631 -2.46954894
64 67 37 39 1 -6.67566856e-05 -5.85770607
0 0 0 0 3 -1.13649881 10.2689304
46 48 84 115 1 -6.22264852e-05 -7.18795061
0 0 0 0 3 -0.0138330497 7.69854069
16 21 25 60 2 -0.000213256571 -7.44922018
103 107 119 130 3 -5.94849625e-05 -4.69664288
151 151 51 86 2 -0.000146267485 -7.9705615
98 98 117 122 3 -4.25573926e-05 -7.11117983
135 140 39 50 1 -3.21863918e-05 -6.50529242
82 92 62 67 0 -0.000180949166 -4.76387882
137 141 84 90 0 -2.80140775e-05 -4.59890127
139 142 28 35 0 -4.97100191e-05 -4.89377403
121 123 75 110 2 -0.000140783275 -5.54508543
19 20 41 48 3 -9.7392789e-05 -6.98977709
141 145 91 126 3 -5.67432508e-05 -6.45259857
112 114 99 107 2 -0.000118611468 -4.25669289
62 67 83 83 1 -0.194209516 -1.93988407
88 94 61 68 1 -7.55777655e-05 -4.95675802
88 92 107 142 0 -2.69411685e-05 -5.64648438
71 73 116 126 2 -3.20671534e-05 -4.66288757
110 110 116 124 3 -3.14710487e-05 -4.00472355
56 59 126 132 1 -7.37898517e-05 -5.7750988
104 109 57 92 1 -6.53261159e-05 -6.18252516
149 153 115 130 2 -2.15768287e-05 -5.99145317
31 38 49 53 1 -3.19479695e-05 -6.93260908
125 128 63 68 2 -1.90734245e-05 -5.70926523
207 209 153 160 2 -1.46627162e-05 -6.97924232
138 140 116 123 2 -2.76564715e-05 -4.22049618
12 12 17 21 4 -0.000590244657 -3.10601282
12 15 19 42 0 -0.066039376 -6.25141668
115 118 127 138 4 -0.000160571653 -1.95065033
97 101 40 49 3 -8.46385046e-06 -6.74047136
60 61 74 109 3 -0.000120873417 -6.6137352
80 81 53 68 4 -0.000401831116 -0.316955715
28 29 37 52 2 -3.12327029e-05 -5.09405947
90 95 31 62 4 -5.91274293e-05 -2.22879052
102 102 56 61 3 -0.000400861056 -4.88843441
56 60 121 127 2 -5.36438092e-05 -3.77280021
59 67 85 116 2 -1.81197483e-05 -7.64418077
48 55 71 76 1 -5.72201097e-05 -5.55518007
88 89 121 125 4 -7.78429167e-05 -2.72138715
50 53 73 104 3 -0.000147458981 -5.01258516
57 60 70 77 3 -3.05174253e-05 -5.14203978
46 49 58 61 2 -0.000142810371 -2.61278963
39 42 46 57 1 -5.28093442e-05 -7.06039429
92 96 61 66 1 -0.000127551233 -5.71142244
37 38 42 50 2 -0.00263716467 -8.40270042
37 38 51 86 2 -3.05173908e-05 -5.46935797
39 45 90 125 0 -7.0928807e-05 -3.79215455
87 89 97 105 2 -8.70227086e-06 -5.59521914
77 80 88 123 3 -0.000159617339 -6.24662447
68 76 95 98 0 -6.84255356e-05 -3.96544027
67 67 47 55 3 -3.46897286e-05 -4.50701475
60 60 78 85 3 -0.000117418356 -5.54590368
56 56 73 108 3 -5.78159743e-05 -4.19858599
50 53 65 74 2 -0.00013935173 -4.48937368
72 72 104 139 2 -5.79352272e-05 -5.67323923
114 120 91 98 2 -1.93118485e-05 -4.85045147
112 112 37 72 3 -4.1722993e-05 -5.61831808
84 91 49 53 0 -0.00037892643 -1.64381731
50 52 79 87 3 -3.62394821e-05 -6.56224155
90 91 67 75 3 -4.99483285e-05 -5.08753586
121 122 20 35 3 -5.2809366e-05 -7.52810574
28 28 97 128 3 -0.000359397993 -4.18496418
5 6 9 44 3 -0.0307909157 -3.16039205
141 141 91 114 3 -5.11404505e-05 -4.71661758
56 57 129 134 2 -9.69158355e-05 -3.35539365
129 129 44 67 3 -1.10864494e-05 -7.21638346
24 24 28 51 2 -0.00106364791 -8.5431509
127 129 107 122 3 -6.34188473e-05 -5.95937824
52 54 66 73 2 -4.11269575e-05 -3.44114995
108 108 85 88 2 -3.85044077e-05 -6.7150507
80 83 34 69 2 -5.13786326e-05 -6.59442663
105 107 126 141 2 -1.70468957e-05 -7.07197094
62 62 70 74 2 -7.04519698e-05 -4.76891804
130 136 59 94 1 -5.05443822e-05 -6.93004227
49 49 69 104 3 -3.13517812e-05 -7.35969496
86 86 115 150 3 -0.00113290374 -6.08170509
71 76 46 53 1 -1.96694818e-05 -7.25508308
174 177 122 128 2 -0.00153126474 -2.42486501
117 117 66 101 3 -5.24515344e-05 -5.55436611
134 134 100 123 3 -4.76834102e-05 -4.63612318
101 103 75 86 1 -4.76833156e-05 -5.79006529
92 95 50 85 2 -0.00016569646 -6.32379866
140 143 95 118 2 -5.57895146e-05 -5.27529669
17 18 39 45 2 -0.000165454956 -6.01738501
15 18 51 62 1 -0.000113008471 -5.96837378
70 73 85 91 2 -6.13922239e-05 -4.71443605
142 142 121 126 2 -1.76429421e-05 -6.67239141
98 98 109 140 2 -0.00103589054 -3.86712909
0 0 0 0 3 -0.0118828872 6.93073893
0 0 0 0 3 -0.0390099026 8.58275032
0 0 0 0 3 -0.00212204293 0.0765518919
0 0 0 0 3 -0.0243718084 7.40691662
0 0 0 0 2 -0.657290041 7.62266636
0 0 0 0 3 -0.0113751674 9.53625488
0 0 0 0 2 -0.00812629145 10.5762033
0 0 0 0 2 -0.173116714 8.19587326
0 0 0 0 3 -0.0384015515 8.22569561
0 0 0 0 2 -0.545042038 10.6398487
0 0 0 0 2 -0.889416099 10.2769451
0 0 0 0 3 -0.698336363 9.84853268
0 0 0 0 2 -0.0202047192 8.29432774
0 0 0 0 0 -0.180622414 11.09583
0 0 0 0 3 -0.444645405 8.81933117
0 0 0 0 3 -0.0608441681 8.37501526
0 0 0 0 2 -0.00414923113 9.17416859
0 0 0 0 2 -0.077937372 7.53222227
0 0 0 0 2 -0.0370854922 7.45872784
81 83 61 65 1 -2.30073329e-05 -5.3370595
55 65 90 98 0 -7.60540352e-05 -4.5886445
21 24 28 63 2 -0.00312353438 -7.69116354
78 82 123 158 1 -6.29419374e-05 -6.08829212
38 42 98 133 3 -5.86505703e-05 -6.20324898
39 47 99 103 1 -0.000121829042 -3.81223178
53 55 91 126 1 -0.000105856045 -5.5693903
128 130 103 118 2 -0.000110028675 -4.15080452
76 76 90 99 3 -2.36033484e-05 -3.896698
126 131 142 147 0 -0.000215285312 -2.83859015
46 48 59 66 2 -3.12324664e-05 -6.64382505
72 76 109 144 2 -1.99079077e-05 -7.60699272
35 38 48 56 0 -6.79492405e-06 -4.79046202
53 56 68 75 0 -1.53779692e-05 -3.18359971
52 57 71 102 3 -8.40412249e-05 -6.0471158
137 138 101 132 3 -0.00024925539 -6.3792758
36 41 105 112 1 -9.01210224e-05 -4.39063978
47 47 83 94 3 -9.28627269e-05 -3.38998485
128 132 190 198 0 -0.000294665253 -4.13989878
81 88 41 46 1 -2.4437828e-05 -6.09517431
164 169 44 67 3 -7.16435461e-05 -6.26519728
43 47 57 62 4 -0.000105260464 -2.76109362
52 55 77 112 1 -0.000115988834 -5.94887018
0 0 0 0 2 -0.6620785 11.6716633
148 153 52 87 4 -0.000168080136 0.65424633
77 82 96 107 4 -0.000494209118 -1.91650796
40 40 52 63 4 -0.000218026384 -3.18956995
20 24 55 58 4 -0.000192876469 -0.756539345
0 0 0 0 3 -0.992088437 10.3354454
0 0 0 0 1 -0.010010832 4.6145978
28 32 47 82 1 -5.00676178e-05 -6.67379856
111 116 146 181 0 -0.000135776965 -3.71440554
0 0 0 0 1 -0.21666646 10.523303
0 0 0 0 3 -0.0210739635 9.44865036
114 114 73 80 2 -7.97502144e-05 -4.6901865
52 57 121 129 1 -3.95772477e-05 -5.55233479
0 0 0 0 2 -0.481640756 9.3748951
72 75 59 66 0 -5.14981002e-05 -2.83877397
61 67 143 149 0 -8.63062523e-05 -4.97074509
41 41 45 48 2 -0.220343724 -1.19595551
41 45 59 64 2 -1.58548028e-05 -5.37092257
156 157 100 107 2 -2.32457405e-05 -4.58272409
93 98 179 181 0 -0.000367024448 -4.43694401
126 130 30 65 3 -7.61739066e-05 -6.95123005
0 0 0 0 3 -0.00602448266 5.67464828
129 133 57 64 2 -6.7948291e-05 -5.14784622
61 65 100 103 1 -3.9696497e-05 -6.8061471
0 0 0 0 1 -0.116298959 8.74429703
10 13 23 26 2 -0.000679902092 -3.72994304
63 65 119 126 2 -0.000306351343 -3.08355188
25 29 88 93 1 -0.00013768395 -6.45426416
0 0 0 0 1 -0.651719689 9.33132458
109 109 54 59 2 -0.000254622661 -3.37667847
89 96 57 61 2 -3.07558839e-05 -5.08033037
0 0 0 0 3 -0.0176872015 7.83592367
109 113 39 45 3 -3.77891411e-05 -5.74182987
41 47 62 97 3 -0.0001236182 -4.62128162
82 88 40 75 1 -7.39090901e-05 -5.84634113
125 127 145 180 2 -0.000468906161 -6.82510614
46 47 92 99 2 -7.67698002e-05 -4.99191046
47 55 65 71 0 -2.21728151e-05 -3.71683359
87 87 61 69 3 -2.81332905e-05 -3.88437057
48 52 94 129 3 -0.000154492271 -5.86155605
70 73 90 125 3 -0.000669879664 -5.03934288
60 63 46 49 2 -2.07423564e-05 -4.41263151
54 54 89 124 2 -0.000110147666 -4.96380377
0 0 0 0 4 -0.000401311321 3.16728139
74 78 92 103 3 -0.000431868626 -4.85590172
0 0 0 0 2 -0.268249601 8.75520515
86 90 103 114 4 -0.00011908837 -2.11761832
108 110 122 129 1 -6.98559088e-05 -6.30621099
130 130 84 119 4 -0.000374536117 -2.09344172
0 0 0 0 2 -0.0110199656 8.63802528
43 44 56 60 4 -0.000138518939 -4.51736546
54 54 27 30 4 -0.000239483838 -3.60089612
112 112 62 97 3 -2.00271115e-05 -6.69092798
199 200 125 132 2 -0.00012731312 -4.67259216
137 139 118 127 2 -6.32995725e-05 -6.82565165
126 127 87 110 3 -8.78559003e-05 -7.15616989
116 117 162 173 3 -0.000155684596 -5.63903332
120 131 58 61 0 -2.24112591e-05 -3.88500428
53 53 110 112 3 -0.00100691104 -3.21486163
48 53 85 120 3 -3.20671388e-05 -5.92313623
41 46 78 86 1 -9.65572908e-05 -3.7648108
27 31 90 121 1 -0.00618014671 -2.14713788
67 71 127 130 0 -8.3683597e-05 -5.33976603
191 197 73 80 1 -0.000429604494 -3.73302555
0 0 0 0 2 -0.132889181 8.88241959
32 33 49 64 2 -2.87293296e-05 -6.26691866
46 49 56 91 1 -5.53126592e-05 -4.29310369
0 0 0 0 2 -0.0480592027 7.49533749
0 0 0 0 2 -0.028794568 7.95248175
114 122 69 104 2 -5.79351872e-05 -5.51236343
92 96 33 38 3 -1.00135694e-05 -5.40260649
97 101 60 67 3 -6.34188327e-05 -5.94076014
0 0 0 0 2 -0.339086354 8.74325752
55 65 99 130 0 -6.40148282e-05 -5.7147541
161 167 99 134 3 -0.00614838209 -5.04022408
100 103 47 53 4 -6.09153576e-05 -2.36382818
0 0 0 0 2 -0.00312658353 6.83671284
0 0 0 0 1 -0.108916372 4.93280506
120 125 96 100 2 -2.69411576e-05 -5.69754887
126 127 50 57 2 -4.83985059e-05 -5.69167566
70 70 91 95 2 -9.22667386e-05 -5.11675835
146 151 35 70 3 -0.000185960249 -6.87621927
44 44 141 145 3 -0.00012850546 -5.52900934
86 88 179 214 2 -0.0024458277 -4.19748926
0 0 0 0 3 -0.738940179 9.10173321
37 37 52 60 4 -0.000195380053 -0.0799079016
102 106 53 88 1 -8.18957633e-05 -8.00552082
66 66 52 57 3 -5.18557063e-05 -4.01947498
33 38 43 48 4 -0.000158660929 -3.52053952
110 113 126 157 3 -0.000426601851 -5.08781338
112 118 46 53 2 -1.54971785e-05 -7.18796015
26 27 110 119 1 -0.00023112465 -6.91153479
0 0 0 0 2 -0.762635112 9.85634041
113 118 127 135 4 -6.43724634e-05 -1.75729871
100 100 60 95 3 -0.000605351175 -7.88847351
141 146 93 128 3 -9.8107892e-05 -6.20974255
0 0 0 0 0 -0.0490792505 9.98232746
42 46 103 107 2 -0.000306946517 -3.8923521
0 0 0 0 1 -0.825788856 10.9733076
151 152 110 117 3 -0.024423141 -2.09117866
32 35 40 52 2 -0.000268548931 -8.18150616
111 115 188 223 2 -0.000464160257 -6.1432128
0 0 0 0 2 -0.137258127 8.49754906
28 32 70 93 3 -0.000321253989 -4.19605589
31 33 192 227 1 -0.00187547086 -4.1068387
126 133 109 114 1 -0.000118728341 -5.87900496
57 58 73 75 4 -0.000182862423 -2.43061972
0 0 0 0 2 -0.0758346543 2.54384303
81 88 45 68 2 -0.000401354017 -3.9668951
115 115 176 211 2 -6.15113095e-05 -9.50331879
17 25 92 96 0 -2.22920644e-05 -3.963099
65 71 91 95 0 -7.43850251e-05 -1.91253281
45 49 64 99 2 -2.96829203e-05 -5.27742434
52 53 81 82 2 -0.00112175243 -2.58476162
60 61 75 90 1 -0.000221602633 -6.17537785
140 144 46 81 4 -0.000250808022 -1.37947392
120 126 94 101 1 -0.000249733246 -4.63556242
57 64 123 158 4 -0.000323638611 -2.76815534
87 91 75 81 1 -0.000115512157 -4.68456984
75 77 54 60 2 -4.6372119e-05 -8.65988255
105 105 114 120 4 -9.38165467e-05 -2.89355707
47 52 143 149 1 -0.000374534429 -3.8343401
102 107 47 49 0 -6.31801886e-05 -4.03244591
87 89 56 67 2 -8.10622259e-06 -7.47577429
111 111 129 144 2 -0.000111935282 -7.11391068
82 88 97 132 2 -0.000214925385 -4.91088676
110 118 96 98 0 -9.2863047e-05 -2.29184318
140 143 154 156 2 -2.01463245e-05 -6.39093494
101 105 49 58 0 -4.27958075e-05 -4.22884417
23 27 53 60 4 -0.00016867739 -3.55685043
104 108 123 134 2 -2.15768268e-05 -5.56817245
47 53 119 122 2 -5.12595579e-05 -3.24184752
72 72 112 115 4 -0.000266064832 -2.84062457
0 0 0 0 3 -0.0120493378 7.43314123
108 109 128 134 2 -7.90349513e-05 -5.52864838
0 0 0 0 2 -0.0320678838 8.35483456
0 0 0 0 4 -0.00219352753 6.35045624
83 84 72 76 3 -8.10614874e-05 -4.2086792
40 41 52 58 2 -0.000535570725 -3.37635183
131 135 52 87 3 -3.77891884e-05 -7.78448677
0 0 0 0 2 -0.000742361997 2.4191184
0 0 0 0 2 -0.253457934 8.5352087
60 67 44 49 0 -4.24382815e-05 -4.73750353
75 78 39 54 0 -5.17364861e-05 -3.41051579
145 150 163 170 4 -0.000111697256 0.0685443059
161 165 52 63 2 -5.32861777e-05 -6.73536444
43 51 55 60 2 -0.000146264181 -7.75731993
47 51 70 77 0 -8.83327448e-05 -3.60588741
57 57 100 102 2 -4.83986405e-05 -5.53112268
104 109 159 194 2 -7.36700167e-05 -9.14069939
44 49 124 135 2 -0.000174756438 -3.01278663
59 66 86 93 0 -0.676850975 1.36757565
0 0 0 0 2 -0.0183570534 0.903388381
7 12 18 53 4 -0.00205773534 -0.839199305
41 41 50 85 3 -4.42263517e-05 -6.86786985
199 202 51 86 2 -4.97099718e-05 -7.36033964
0 0 0 0 2 -0.0937741026 9.26073551
68 74 203 209 2 -0.00172204769 -4.75934935
61 65 198 204 1 -0.000881472719 -3.63955307
101 102 52 60 3 -9.46510845e-05 -5.78832674
76 80 93 128 2 -1.77621496e-05 -8.55119228
37 41 55 90 2 -1.83581833e-05 -5.39911079
84 86 111 116 2 -7.03334081e-06 -7.54945469
24 28 36 71 2 -0.00051292486 -4.0312686
0 0 0 0 2 -0.203806996 10.0302916
110 114 43 50 4 -3.43321226e-05 -2.1000514
109 111 122 157 2 -3.5166584e-05 -5.26024008
0 0 0 0 3 -0.0129865212 6.4773798
0 0 0 0 1 -0.027289398 8.5515213
59 59 122 133 3 -4.18422569e-05 -5.1906209
13 19 31 34 2 -0.000360348204 -4.04387903
36 43 56 63 2 -0.00293699093 -1.9708147
12 17 30 33 3 -0.00214121374 -4.46085548
80 88 119 125 3 -0.00111307413 -4.50991583
0 0 0 0 3 -0.0230313633 10.0583429
214 218 48 56 2 -0.000706113176 -3.5855968
112 112 87 92 3 -2.27689125e-05 -6.6439929
69 76 59 64 0 -1.96694709e-05 -5.03999376
0 0 0 0 3 -0.330678016 9.27569485
83 83 54 61 3 -1.62124361e-05 -4.33425283
54 58 75 82 3 -9.83461068e-05 -6.44136524
140 145 82 93 3 -0.00235795323 -5.3513875
162 164 93 128 1 -7.05706116e-05 -6.62462568
0 0 0 0 1 -0.112421915 7.05302572
58 58 108 119 3 -7.3432253e-05 -3.14155483
39 44 57 92 0 -2.18152418e-05 -5.4354372
48 48 69 71 4 -0.000123141072 -2.9639852
105 112 129 134 2 -0.000222795949 -3.63357234
135 140 56 91 1 -3.51665221e-05 -6.44534302
59 63 124 132 4 -3.32592354e-05 -1.6173588
114 118 53 58 4 -5.66240706e-05 -2.62978721
0 0 0 0 2 -0.00646426715 8.2141571
0 0 0 0 3 -0.251208752 9.5845089
0 0 0 0 4 -0.0918129086 7.99388838
30 32 52 87 1 -6.21074723e-05 -5.38696098
40 40 74 89 2 -0.000335548422 -4.08993769
36 38 78 81 2 -1.95502762e-05 -5.78693533
53 55 120 122 2 -5.80543565e-05 -5.56791353
15 15 31 38 2 -0.000136134186 -4.75557804
103 104 50 85 2 -7.39096913e-06 -7.30763531
0 0 0 0 1 -0.0284095034 7.71052837
101 107 86 90 1 -0.000121233446 -4.61354017
169 171 88 96 2 -4.30342916e-05 -4.825634
106 112 129 136 2 -1.83581906e-05 -6.16807127
49 50 65 100 3 -5.63854628e-05 -6.01104784
55 61 39 42 0 -0.00012421314 -2.85967588
142 143 114 120 2 -1.71660904e-05 -6.65572309
0 0 0 0 3 -0.205610469 8.9534483
147 155 52 59 1 -6.38956117e-05 -5.4262681
128 128 51 53 4 -0.000391463662 -1.63719356
111 111 40 45 2 -1.525876e-05 -7.13802433
69 75 90 98 2 -2.26496959e-05 -6.01424456
0 0 0 0 3 -0.0997279063 7.92018747
141 143 120 124 2 -1.23977461e-05 -8.57762241
100 100 122 128 2 -0.000221594804 -5.22032785
103 106 62 97 2 -0.00016998878 -4.47853231
52 54 74 85 2 -1.37090228e-05 -8.5265522
0 0 0 0 2 -0.0127167823 8.13837624
103 107 31 66 4 -6.7948582e-05 -0.910038114
0 0 0 0 1 -0.269553125 9.89301491
115 117 64 71 2 -0.000211230406 -3.95935321
0 0 0 0 0 -0.608611345 11.4429693
0 0 0 0 2 -0.189302698 9.34271908
107 113 51 86 1 -8.58296771e-05 -6.94039917
84 87 104 127 2 -0.000158664203 -4.22180128
121 121 55 59 2 -3.46895831e-05 -6.9459362
176 178 59 61 2 -0.000259984372 -3.44048119
33 36 115 118 2 -0.00135406991 -5.93495417
0 0 0 0 4 -0.571103513 10.0048847
88 92 61 63 0 -0.000287517556 -1.76021028
44 49 60 65 4 -0.334263086 1.85827434
69 70 124 147 2 -0.000130650442 -5.29443264
34 34 47 82 2 -5.59086111e-05 -5.69005775
50 50 107 114 2 -7.95117303e-05 -4.77210093
0 0 0 0 2 -0.0122954575 5.85496426
61 64 77 112 0 -9.14320772e-05 -4.26149988
95 99 71 79 3 -9.03596811e-05 -4.21974325
42 43 55 60 3 -0.000255811901 -4.5641098
80 83 102 104 2 -3.69547051e-05 -4.66453028
75 80 86 89 3 -2.75372604e-05 -6.55397606
94 97 156 162 2 -0.000210513012 -6.05179834
115 118 47 51 1 -6.73523682e-05 -7.68826151
111 115 84 90 3 -9.07171197e-05 -4.8829484
56 57 44 46 2 -0.000126955594 -3.5838902
132 133 110 116 2 -6.71142188e-05 -4.53078079
162 164 73 80 2 -0.0013239315 -2.84861469
109 109 128 134 4 -0.00027679131 -2.59861279
0 0 0 0 3 -0.031969998 8.17569065
111 114 59 94 0 -3.99348937e-05 -4.48942852
55 58 73 108 1 -0.000105496169 -4.98619843
129 130 48 52 2 -9.23856278e-05 -5.29911041
0 0 0 0 2 -0.111644082 4.59150934
88 90 38 73 2 -8.1062235e-06 -8.50026798
117 123 31 42 1 -6.52068265e-05 -5.12692976
59 64 105 140 4 -6.6875873e-05 -3.20216584
57 60 114 149 2 -2.24112537e-05 -9.28872967
0 0 0 0 2 -0.147809312 8.79301739
123 123 42 53 2 -0.000409576343 -3.07521796
25 25 96 98 3 -4.26767219e-05 -4.12893724
45 47 66 73 1 -0.000144835416 -7.37365055
50 57 63 66 0 -3.09943061e-05 -3.34083962
104 107 123 130 2 -3.58818033e-05 -5.80665684
81 84 52 59 1 -9.25037748e-05 -4.54739237
92 97 45 53 0 -4.23190031e-05 -2.72018075
0 0 0 0 4 -0.490571558 10.7770557
73 76 84 92 0 -7.02132966e-05 -4.59276628
84 87 54 59 0 -9.23854241e-05 -3.53345442
0 0 0 0 2 -0.00664394628 5.68160009
40 44 79 80 2 -0.000308859715 -6.92248154
98 98 105 106 3 -5.91270982e-05 -3.61630845
166 166 43 50 3 -1.84773999e-05 -3.19605708
45 49 64 70 1 -9.47701919e-05 -2.78987074
0 0 0 0 3 -0.244277716 7.90672922
59 62 81 85 0 -0.00014662437 -5.13947916
0 0 0 0 3 -0.0152363908 7.19255257
0 0 0 0 2 -0.0252397172 8.07494831
0 0 0 0 2 -0.00513182068 10.1400452
199 199 57 92 3 -0.000284542126 -5.01563358
149 153 105 111 1 -7.65315053e-05 -5.91332865
154 154 51 56 2 -5.8769594e-05 -4.51551008
113 115 84 85 2 -5.8531321e-05 -8.0536232
103 104 83 94 2 -6.46109256e-05 -4.51110935
198 198 153 176 2 -0.000274409802 -5.02718353
110 114 83 94 3 -8.22535658e-05 -5.24629784
75 79 92 94 0 -4.79217961e-05 -2.34237289
96 101 110 125 0 -0.000164504832 -4.95201921
0 0 0 0 2 -0.00670517283 7.28693819
52 54 63 70 1 -0.000115631155 -6.07637596
65 72 110 117 0 -0.000458294933 -3.26151991
92 94 108 110 2 -2.58683249e-05 -5.99563837
59 62 99 134 2 -6.00810163e-05 -5.32793427
27 35 51 59 0 -5.80540436e-05 -6.44835949
88 91 106 141 2 -8.94068853e-06 -6.67681885
225 225 128 151 3 -0.000423285208 -5.11884975
113 119 55 90 2 -0.00012028034 -4.45530081
76 77 29 36 3 -3.58818434e-05 -5.43661928
74 75 158 165 2 -7.22401383e-05 -8.93221092
81 81 41 48 3 -0.000343544845 -3.27884197
144 145 34 41 2 -7.86780492e-06 -7.14938641
182 189 78 113 3 -0.000290378288 -5.60798407
69 74 105 128 3 -2.70604069e-05 -6.52379942
70 77 34 39 1 -1.66892587e-05 -5.31998396
142 144 88 123 2 -2.32457278e-05 -7.61220551
83 88 35 70 4 -6.86640269e-05 -1.65561199
65 73 83 114 2 -0.000140067961 -3.15981722
0 0 0 0 3 -0.0989998281 9.82136822
165 172 138 145 3 -0.000708265929 -4.24850655
31 37 67 102 1 -0.000108240434 -6.17435837
0 0 0 0 2 -0.086239472 5.86511421
116 119 67 74 3 -0.000290740252 -4.58842468
36 36 65 100 3 -6.42533196e-05 -3.29256201
70 70 82 87 2 -2.00271115e-05 -6.13507366
62 63 142 173 1 -0.000186198391 -4.04040861
35 38 83 87 2 -1.81197574e-05 -7.2906146
142 148 42 73 1 -6.48493733e-05 -8.54846478
0 0 0 0 4 -0.00863930117 7.67671728
115 120 86 91 0 -0.000110740868 -4.70100069
84 93 110 114 1 -9.78692551e-05 -5.74917126
67 71 104 139 3 -0.000191563246 -5.43188763
122 124 141 147 2 -0.000341866573 -2.98730922
44 51 177 212 0 -0.00335028674 -4.86367607
128 131 48 83 2 -0.000330307579 -7.07419395
0 0 0 0 3 -0.600296617 10.9288206
73 73 134 145 3 -0.000142332297 -5.1720643
64 64 77 81 4 -9.25054337e-05 -3.36443424
59 64 74 105 1 -0.000289787131 -1.91794193
0 0 0 0 2 -0.403933167 7.75566816
0 0 0 0 2 -0.566246033 10.1384335
94 98 114 149 2 -0.183135778 -6.74960661
66 70 132 163 0 -0.000163669654 -4.70721912
31 31 55 60 2 -0.000109790228 -3.67149019
0 0 0 0 2 -0.0938490406 7.5670805
68 71 87 93 3 -2.88485535e-05 -6.51739883
62 66 43 45 3 -0.00260047684 -2.77946877
126 128 187 191 2 -0.00691930018 -2.90976906
121 121 137 149 3 -0.0103222299 -2.99191713
0 0 0 0 3 -0.0259518754 7.97852278
48 52 57 63 4 -0.000610290328 -2.04945707
31 32 43 50 4 -0.000465659454 -3.61761403
0 0 0 0 1 -0.0428450853 -2.00710106
0 0 0 0 3 -0.656380117 8.9075861
56 65 86 121 0 -1.81197702e-05 -6.38112926
47 51 30 35 2 -8.70226995e-06 -7.13229561
71 72 91 102 2 -1.64508529e-05 -5.17328691
25 31 89 93 1 -5.53125537e-05 -7.03729916
109 114 92 98 0 -0.00010347215 -3.4559381
47 52 96 103 0 -4.48223291e-05 -4.63495159
65 69 52 59 2 -0.000131722234 -5.09990311
0 0 0 0 2 -0.0020328206 6.85965395
39 40 70 93 2 -0.000166291909 -7.33190918
99 101 115 138 1 -0.00034247007 -7.23701525
96 99 109 140 2 -2.15768214e-05 -6.22017097
81 84 36 38 3 -0.000141617435 -5.0284338
175 182 129 160 0 -0.00193016254 -1.94096732
79 80 91 126 3 -2.25304902e-05 -5.75515985
65 66 47 52 2 -3.15903089e-05 -5.21976852
146 146 157 192 3 -0.000240914029 -4.12764072
95 99 114 118 4 -8.14189989e-05 0.619927227
50 56 69 104 1 -0.000135418566 -8.9386301
68 73 44 55 2 -0.00123465376 -1.85705698
58 62 80 115 2 -1.89542188e-05 -7.5481534
48 50 120 128 1 -3.08751005e-05 -4.08712912
43 49 59 63 1 -0.000249012606 -3.46108913
79 82 126 130 2 -0.000302778761 -3.19549131
64 68 84 90 3 -2.19344547e-05 -6.04486895
161 161 51 62 2 -0.000109432367 -4.37154388
112 117 49 55 1 -0.000182738411 -3.46124196
93 93 41 76 2 -2.65835843e-05 -6.17378473
51 52 71 106 3 -3.12327247e-05 -4.89994907
37 41 103 138 2 -0.000164385827 -5.32424688
84 85 163 198 4 -0.00233038026 -3.06220579
40 40 94 125 3 -7.93922882e-05 -4.67512751
65 69 170 205 3 -0.000140187738 -8.16384029
0 0 0 0 2 -0.0019098355 6.49560738
112 119 50 56 2 -1.52587509e-05 -7.58646488
103 106 69 80 2 -5.24516799e-05 -5.76392937
0 0 0 0 4 -0.00797208771 7.16038704
22 26 53 88 3 -5.4359054e-05 -6.42605352
120 129 40 75 0 -0.000619583589 -2.53662252
116 120 71 106 3 -8.82139211e-05 -6.29202652
50 57 75 110 3 -8.98826474e-05 -6.50625467
91 91 53 84 2 -2.74180093e-05 -6.20472574
22 26 31 66 4 -0.000129697204 -3.78660607
57 61 140 143 2 -3.93387818e-05 -3.82226062
64 68 84 119 4 -0.000734970323 -5.75453234
143 143 72 107 3 -0.000315519603 -4.12105942
40 40 50 65 4 -5.1617295e-05 -3.38157153
0 0 0 0 2 -0.247118205 10.7401056
97 98 129 132 2 -2.57490938e-05 -6.30994892
91 95 105 112 2 -2.93253597e-05 -4.36924505
63 64 109 120 2 -3.23055792e-05 -5.23713112
140 140 64 99 2 -0.000160925047 -4.58640003
64 66 18 53 2 -0.00122884079 -3.62667346
123 127 23 58 1 -0.000128267129 -4.57460976
112 115 36 59 1 -5.93658151e-05 -7.32337809
140 140 113 120 3 -0.000156875889 -3.77857733
132 140 42 48 0 -7.33128472e-05 -4.79578972
113 117 131 138 3 -2.34841627e-05 -6.26571608
114 114 63 68 2 -9.57239536e-05 -4.98162699
97 102 110 112 0 -6.99750162e-05 -3.82131743
49 49 59 94 3 -2.19344438e-05 -6.92417812
104 104 59 94 4 -0.000292288867 -1.99782825
0 0 0 0 3 -0.116081424 8.50807095
98 102 41 72 3 -7.24782731e-05 -7.27492571
41 45 143 152 4 -0.000150795793 -3.16907167
87 87 117 120 3 -7.62932177e-05 -3.32029819
42 44 98 133 4 -0.000289666466 -1.60377634
46 50 80 86 4 -0.000141260738 -2.30529094
116 124 104 106 1 -0.000120041608 -5.69407082
0 0 0 0 2 -0.00660742493 6.35381508
0 0 0 0 3 -0.500074923 7.95911169
113 118 44 51 2 -4.17229458e-05 -7.95176172
42 43 76 83 1 -0.000142332778 -5.42767429
172 180 52 61 3 -0.000508267723 -3.84063315
140 142 106 108 2 -5.20939939e-05 -5.07234764
71 76 88 123 0 -4.42263481e-05 -4.2803154
90 90 102 109 3 -0.000159135903 -5.08805037
0 0 0 0 1 -0.129981175 8.96639156
70 72 87 94 3 -2.94445781e-05 -6.18413019
160 165 77 85 4 -0.000107286927 -0.786794782
0 0 0 0 2 -0.564480186 7.40911436
30 36 40 63 2 -0.00035974948 -8.34357548
0 0 0 0 2 -0.00355531345 6.02379513
92 92 41 76 3 -2.28881181e-05 -6.64346552
178 182 38 73 4 -0.000192993059 -1.56873667
71 71 57 64 3 -2.3841756e-05 -6.40409327
86 94 36 71 1 -5.41204936e-05 -5.77027321
128 128 141 176 3 -5.29285971e-05 -5.27289438
0 0 0 0 2 -0.0915336832 9.38319778
71 75 99 134 3 -0.000739708019 -4.96886778
136 141 118 125 0 -0.000530792284 -3.95449114
40 41 78 83 2 -0.000750942505 -2.57335615
202 206 33 68 3 -0.00143717579 -4.12365437
0 0 0 0 2 -0.207129061 8.13827705
0 0 0 0 2 -0.00407195836 5.56411934
59 65 28 39 1 -2.22920753e-05 -5.96332359
0 0 0 0 2 -0.0163662937 3.65244269
0 0 0 0 2 -0.138575748 8.6098671
40 45 75 110 4 -7.76044908e-05 -1.37108004
56 60 100 131 1 -9.35780117e-05 -5.8585887
79 84 57 64 2 -5.48362414e-06 -7.27335119
130 134 63 98 3 -4.35111142e-05 -6.67183685
36 41 157 161 0 -0.00045258968 -1.9761101
145 148 167 175 3 -0.00197949097 -6.3774004
89 89 98 129 2 -0.00030408398 -4.2348752
99 103 112 120 3 -0.000105856503 -4.12038183
69 72 125 160 4 -0.000250569137 -2.6729629
100 100 46 53 3 -6.35380129e-05 -3.56229544
52 52 71 106 3 -1.22785332e-05 -7.57953262
104 106 35 42 2 -1.85966128e-05 -5.12042379
117 127 88 99 0 -6.37761696e-05 -4.27622747
74 75 44 51 2 -2.61066907e-05 -7.27156401
149 150 163 165 3 -0.00118974666 -2.7272079
0 0 0 0 3 -0.449379116 10.1664734
47 47 57 92 3 -2.22920771e-05 -6.81261969
0 0 0 0 4 -0.055003453 8.8328228
24 25 38 45 2 -3.89812194e-05 -5.12343931
125 130 65 73 1 -5.30476827e-05 -7.94726896
91 91 72 79 3 -3.54049844e-05 -5.01570702
101 103 148 154 1 -5.42398629e-05 -6.57028484
64 67 80 87 2 -1.16824904e-05 -4.64333868
152 152 115 130 3 -0.000198714522 -3.64180112
74 78 34 42 1 -0.273860097 2.63522649
106 106 86 90 3 -3.83851984e-05 -4.03863478
0 0 0 0 2 -0.0576343946 8.76860714
58 61 74 109 3 -0.000100134479 -6.41991997
75 76 121 128 2 -4.5776098e-05 -4.67110777
35 40 105 109 0 -5.07826117e-05 -4.03930378
51 57 179 181 1 -3.18287566e-05 -5.34859514
0 0 0 0 1 -0.0534417406 7.46717834
79 83 97 100 3 -0.000116823037 -3.90255451
155 159 25 60 3 -0.00112538913 -4.6856308
0 0 0 0 3 -0.0115753403 5.69486332
56 60 110 125 2 -6.91406603e-05 -4.36791372
0 0 0 0 3 -0.062928386 8.72690964
50 53 80 87 1 -0.00234948797 0.538007021
93 96 109 116 2 -7.84388176e-05 -4.5480485
109 111 140 144 2 -0.000205033837 -2.75807428
121 128 74 109 0 -0.000197523084 -3.37098646
148 151 60 68 2 -0.000540567562 -1.66423702
139 141 159 194 2 -1.60932104e-05 -9.71433163
28 32 48 63 4 -0.000259748107 -2.26159334
52 57 69 76 0 -3.82659528e-05 -3.69039917
64 69 82 86 2 -1.76429166e-05 -10.7649097
87 91 37 72 3 -4.39879768e-05 -6.05614662
66 66 79 114 3 -0.000230770354 -3.22689629
0 0 0 0 3 -0.312999696 8.42782974
94 95 61 63 2 -5.7458481e-05 -4.35928965
0 0 0 0 2 -0.0397099108 6.93447685
134 140 102 113 1 -0.000117657008 -3.86226058
52 52 95 100 2 -8.22532893e-05 -4.5206213
22 24 31 66 2 -8.69025898e-05 -6.73085213
73 76 84 87 2 -0.000133630921 -3.69423389
0 0 0 0 3 -0.576862276 9.82008648
90 93 108 143 2 -5.12595798e-05 -8.86297798
192 192 136 171 4 -0.000140068412 0.00302679837
0 0 0 0 2 -0.0032037585 5.22282267
56 58 69 76 2 -1.2516959e-05 -6.31710291
0 0 0 0 3 -0.0145227667 7.54750252
111 111 56 63 3 -4.98290719e-05 -5.59899092
139 142 52 63 3 -0.000356291654 -3.8939476
104 106 116 124 1 -3.278238e-05 -6.55134058
105 109 129 135 1 -4.16038238e-05 -6.92707348
60 62 21 27 1 -8.47569172e-05 -3.90804291
110 117 56 91 3 -4.24380705e-05 -6.79542589
0 0 0 0 2 -0.00204834878 6.57632971
181 185 128 163 3 -0.469612271 0.481511444
35 40 45 60 3 -0.000136134302 -4.73815155
133 135 88 119 3 -0.000262727874 -5.35166311
123 127 26 33 3 -3.68354995e-05 -6.75103855
169 174 33 56 2 -0.000157234026 -6.53637075
161 164 50 85 3 -0.000709335261 -4.87031794
0 0 0 0 2 -0.0242731534 7.64127207
197 201 171 182 3 -0.000213854728 -5.48507738
54 57 67 102 3 -0.000647128909 -5.79507065
189 193 47 56 1 -0.00010549897 -4.48018742
0 0 0 0 2 -0.0035471376 6.41885853
42 46 114 119 3 -2.53914986e-05 -5.99638271
0 0 0 0 2 -0.0419003814 7.38307667
79 79 43 48 3 -3.83851984e-05 -3.77911019
85 91 66 75 0 -8.16575339e-05 -5.10338259
54 59 70 101 2 -5.74584083e-05 -4.6218133
29 33 37 45 0 -0.000331376446 -6.37650871
112 116 98 103 3 -0.000401803962 -5.03732109
167 168 150 152 1 -0.000763398828 -2.77074575
0 0 0 0 2 -0.296975464 8.54206276
41 45 59 82 3 -4.36303526e-05 -5.57164431
45 47 57 72 1 -2.88485298e-05 -6.13710546
139 140 75 110 2 -0.000241622285 -6.62126541
80 85 144 153 1 -0.000163907447 -7.53138399
36 43 55 61 0 -9.53673134e-06 -3.38389754
62 62 75 81 2 -0.000186080346 -2.77914
0 0 0 0 3 -0.00126096583 3.2455194
93 97 47 55 3 -5.05444077e-05 -5.32457495
37 37 82 93 2 -0.00237156684 -2.48087907
79 85 98 106 3 -7.46241349e-05 -6.10499382
154 161 182 189 2 -0.383592606 -1.30763149
62 70 131 166 1 -0.000720770215 -3.21497226
107 114 135 141 0 -3.85043604e-05 -4.54955721
187 192 49 55 0 -6.65178741e-05 -6.82788467
115 117 43 50 1 -0.000663206563 -3.23350954
105 105 164 171 3 -2.84909293e-05 -4.43027496
0 0 0 0 2 -0.00959862396 7.39408827
73 78 60 67 1 -2.837172e-05 -6.53859043
0 0 0 0 2 -0.21987474 9.25505257
0 0 0 0 2 -0.00135388214 5.02099419
102 105 120 125 1 -3.03982597e-05 -6.48553324
207 209 40 75 2 -0.000242105729 -7.21550083
213 215 55 90 2 -0.188530818 -3.87082887
0 0 0 0 3 -0.257131696 9.38171196
93 102 113 148 1 -6.24652021e-05 -5.40114498
128 136 87 89 0 -6.43724125e-05 -5.04285669
0 0 0 0 2 -0.000795468746 3.02379465
41 47 101 110 2 -0.000108359636 -4.20867872
78 84 38 42 1 -1.6689266e-05 -6.26613331
43 44 55 62 1 -0.0170033872 -5.77569246
142 146 63 74 1 -4.89946178e-05 -5.70988274
0 0 0 0 2 -0.371758044 7.86135387
49 55 69 74 0 -0.160240501 1.2755748
0 0 0 0 2 -0.367621452 8.83288288
44 48 97 132 3 -0.000230184683 -5.51199484
109 109 126 161 2 -5.18556262e-05 -6.02825403
28 36 99 104 1 -0.000164144105 -3.88140202
71 75 94 129 2 -5.51934645e-05 -10.3032331
137 142 84 119 4 -0.000375013798 -2.72050595
0 0 0 0 2 -0.0759183839 6.26037693
114 120 148 154 1 -0.00020872739 -3.73334146
95 97 83 85 1 -0.000103353021 -4.69716454
62 68 101 105 1 -0.000120518336 -3.22658277
22 25 112 118 3 -0.000189179729 -4.65156078
17 23 28 32 1 -0.000424921862 -9.91134834
0 0 0 0 2 -0.0304493792 7.69893932
35 36 65 70 2 -1.6570044e-05 -6.76225805
47 49 67 73 2 -1.02519862e-05 -6.73391485
77 83 99 107 2 -9.05989691e-06 -6.07464123
93 98 109 124 0 -0.000128981774 -4.80693197
42 45 53 58 1 -2.24112773e-05 -6.90076256
70 72 84 89 2 -6.86636849e-05 -8.71273899
124 125 145 153 2 -2.19344547e-05 -7.67565584
81 85 96 131 4 -0.000532711216 0.538881183
97 98 115 124 2 -0.000982724945 -2.89597201
56 60 117 152 2 -1.89542388e-05 -8.46261311
104 111 85 89 1 -9.22662948e-05 -6.24531078
55 55 19 21 3 -0.000177020556 -4.80719662
0 0 0 0 1 -0.408700019 9.08824253
141 146 62 97 1 -7.51011103e-05 -5.89216518
0 0 0 0 2 -0.0012233844 4.92147017
162 168 184 191 3 -7.85579687e-05 -6.87752628
142 149 159 167 0 -6.58027711e-05 -5.62810946
112 115 133 141 3 -0.000399667217 -4.9179306
0 0 0 0 2 -0.595691681 7.90668058
130 133 68 75 2 -1.43050856e-05 -5.68629408
113 113 32 41 2 -8.55913095e-05 -8.18739605
108 112 55 90 3 -3.68355068e-05 -5.77602625
88 94 74 77 0 -0.000278460531 -3.89610434
35 38 53 61 2 -0.000249488483 -3.80807257
28 36 44 79 2 -3.77891338e-05 -7.13764286
105 109 125 131 4 -2.50338417e-05 -2.65368223
136 141 44 79 2 -1.88350296e-05 -8.03708363
0 0 0 0 2 -0.0011793063 6.49919939
0 0 0 0 3 -0.0182571635 7.67869663
69 69 101 105 3 -5.51934645e-05 -5.64053679
47 51 102 137 1 -0.000236142936 -6.06120872
0 0 0 0 2 -0.0602796897 7.27790642
124 127 140 155 4 -0.000190968945 -1.96550715
162 166 47 82 4 -0.000109313478 -1.26782596
107 109 30 35 2 -7.62938271e-06 -9.2583313
0 0 0 0 3 -0.23809278 10.7402925
118 122 57 62 3 -3.09942952e-05 -6.53241587
49 53 104 127 3 -4.08884916e-05 -5.90480423
104 108 54 89 4 -7.20018215e-05 -1.63017237
0 0 0 0 1 -0.0026578547 8.72622967
107 111 85 87 0 -0.00010657138 -2.29312825
86 86 98 129 2 -4.2915075e-05 -5.39881659
26 26 34 37 2 -3.55242119e-05 -5.01474237
115 120 74 97 1 -0.000253189006 -6.10604668
95 103 111 113 1 -3.09942989e-05 -4.94583607
184 184 98 105 3 -0.0010999263 -3.70978618
73 73 122 157 2 -0.000166526341 -8.68869495
88 91 53 64 2 -5.60283161e-06 -7.45885801
120 125 100 103 0 -6.47295092e-05 -3.07466102
0 0 0 0 2 -0.301341534 9.08733273
81 81 92 96 2 -2.87292914e-05 -7.72533321
0 0 0 0 2 -0.00544998702 7.63565159
66 67 49 56 1 -3.82659819e-05 -6.69403553
0 0 0 0 3 -0.478516698 10.7673826
114 114 125 132 2 -3.29016111e-05 -7.0874567
0 0 0 0 1 -0.0360312052 7.27928972
44 48 109 144 3 -0.000103829705 -6.26075315
44 48 112 127 3 -0.000262724294 -5.33836889
122 126 97 103 3 -3.9696406e-05 -4.98294353
84 88 60 71 3 -5.29285498e-05 -5.01191235
0 0 0 0 1 -0.290931642 8.80016327
95 96 106 141 2 -1.29937916e-05 -6.25393581
36 42 48 83 1 -0.000890926807 -7.05422688
0 0 0 0 2 -0.187599197 6.41138792
77 82 47 58 2 -0.000143763406 -2.88630629
59 65 116 120 0 -4.45840124e-05 -4.12127638
91 92 169 176 4 -0.00155699684 -2.07083869
130 135 85 116 1 -0.000155444461 -7.92236996
171 175 187 192 2 -1.88350259e-05 -6.20776367
0 0 0 0 3 -0.0624999255 2.11299372
142 145 54 63 2 -1.91926483e-05 -5.83256912
32 36 47 82 1 -3.68355286e-05 -6.83556461
48 52 172 178 4 -6.42533414e-05 -2.37234259
47 51 132 135 2 -3.56434102e-05 -4.30285025
55 62 112 121 2 -4.05309547e-05 -9.46343899
104 108 43 50 2 -4.30342916e-05 -4.72993183
0 0 0 0 2 -0.117290333 10.7692566
88 90 32 67 1 -6.05578571e-05 -3.43409896
0 0 0 0 4 -0.140164256 7.44953394
0 0 0 0 2 -0.00172875146 5.57511568
83 85 121 132 2 -4.75640263e-05 -5.85725832
25 30 93 102 4 -6.75909396e-05 -2.88966632
99 104 120 155 0 -0.000100968377 -4.90306425
139 149 55 58 0 -6.72333554e-05 -4.56373978
76 80 164 172 3 -0.000259507011 -5.5677824
109 115 172 179 0 -0.000232092774 -3.07967687
101 107 44 50 1 -4.25575126e-05 -7.09690952
121 127 60 66 2 -0.000358781836 -4.17862082
0 0 0 0 3 -0.59284848 10.3366156
0 0 0 0 1 -0.00503560668 7.94512129
109 112 127 134 4 -5.19749301e-05 -2.85552239
170 175 54 59 0 -0.000957669166 -3.24175239
0 0 0 0 3 -0.0231498051 8.87570095
47 47 75 82 3 -0.000236146341 -4.83511019
0 0 0 0 2 -1.00916672 10.0820074
58 59 89 96 3 -0.0010883247 -3.53951335
0 0 0 0 2 -0.490089536 9.91733837
49 54 161 166 1 -6.06769354e-05 -5.58650351
110 113 133 140 3 -0.000146147446 -3.37005877
124 130 47 51 3 -0.000109551795 -6.08383751
122 123 66 70 2 -8.48761119e-05 -4.09826422
111 117 38 43 1 -7.28361993e-05 -5.74254465
121 125 137 172 3 -0.000335081044 -6.54229784
0 0 0 0 2 -0.0060162656 7.43257236
35 43 55 90 2 -1.84773835e-05 -8.07086849
89 91 108 131 2 -3.15903417e-05 -6.68886423
95 100 108 113 1 -4.49415966e-05 -7.52564478
0 0 0 0 2 -0.0627255291 7.38069057
61 63 77 112 2 -0.000393242866 -6.08919096
137 143 46 49 1 -0.000161286487 -4.32034874
55 56 70 75 2 -2.63451711e-05 -5.09818077
0 0 0 0 2 -0.00538523355 8.01207447
168 168 39 74 2 -3.92196671e-05 -6.78800821
42 45 78 85 2 -3.45704866e-05 -9.81950092
0 0 0 0 2 -0.0229404103 7.68212032
38 39 116 119 2 -0.000118014483 -5.13948774
86 90 41 76 2 -0.00132381078 -3.09005475
127 131 67 69 2 -3.75507443e-05 -4.37596941
48 52 76 111 4 -0.000320896157 -2.76758671
85 93 110 121 0 -2.83716909e-05 -5.01030159
106 106 48 51 2 -8.7141023e-05 -3.90039301
130 130 40 71 3 -0.000376313692 -6.67219067
144 146 55 86 1 -3.58818324e-05 -6.13641024
0 0 0 0 2 -0.614640117 9.24879742
58 64 40 43 1 -3.48089816e-05 -6.72693205
137 140 51 57 4 -0.000102161197 -3.10307932
74 76 34 57 2 -0.000237694767 -4.75955725
0 0 0 0 2 -0.279494703 8.91825294
51 57 87 118 1 -0.000101922793 -5.65518141
0 0 0 0 2 -0.00210167957 2.55424118
48 48 55 59 3 -0.000148770414 -4.50902796
106 111 48 53 2 -0.000136849441 -3.11482525
135 142 89 124 0 -0.0004629787 -2.70310616
63 66 104 139 2 -8.98826984e-05 -4.47451782
100 102 118 126 2 -0.000180713672 -3.50320292
64 67 44 52 2 -7.03334263e-06 -5.46636868
156 156 63 67 3 -3.13518321e-05 -4.72811651
62 63 141 176 3 -0.000201934163 -5.81688309
134 138 153 160 3 -4.86370336e-05 -5.33967018
81 86 30 65 2 -4.39878422e-05 -7.42116499
67 69 103 138 3 -0.000194663036 -8.44919872
120 120 47 50 3 -4.81602619e-05 -5.23538446
0 0 0 0 2 -0.36736536 8.15690994
122 123 70 105 2 -6.9498361e-05 -7.73290539
47 51 64 72 3 -0.00442301342 -7.54254007
0 0 0 0 2 -0.0337438658 9.20462132
47 54 68 74 2 -9.05989509e-06 -5.43012953
136 138 70 75 1 -6.56837365e-05 -5.55970478
116 116 66 101 4 -0.000636877201 -6.00350523
0 0 0 0 3 -0.138785169 8.14466858
52 55 99 106 4 -0.000549856515 -2.63804483
40 40 103 138 3 -3.70738999e-05 -4.82856178
52 53 96 101 3 -4.02925434e-05 -5.89810419
12 15 20 35 0 -0.000149485961 -5.63415956
46 55 60 67 1 -0.000770469545 -9.54111958
68 68 45 51 2 -0.000282753113 -3.58205318
43 48 65 72 1 -4.68489743e-05 -5.25555134
137 144 48 59 0 -5.24514799e-05 -4.08731127
0 0 0 0 0 -0.611640036 10.1733866
35 38 20 24 0 -0.000132320143 -3.15309167
100 105 26 61 1 -2.84908801e-05 -7.04897118
115 120 134 142 3 -3.26632289e-05 -5.14969921
129 129 110 116 3 -0.000112529815 -7.47994375
108 112 50 85 4 -3.05174744e-05 -1.42068827
121 124 59 94 1 -0.000197880785 -5.92691469
151 151 105 140 3 -0.000414342852 -5.04320097
106 110 124 130 1 -7.04520644e-05 -4.52339506
110 110 48 57 3 -2.2888129e-05 -5.91658068
0 0 0 0 1 -0.0434467457 7.75178671
77 84 42 49 0 -5.17363951e-05 -3.88742495
68 69 107 138 2 -2.96829767e-05 -7.42975378
94 97 114 121 1 -8.8690831e-05 -3.75244403
138 138 70 101 3 -4.82795003e-05 -3.77093291
56 57 71 75 4 -0.000566444069 -2.29989386
195 197 84 119 2 -6.52069139e-05 -7.38437891
66 66 40 45 3 -1.418588e-05 -5.67328596
0 0 0 0 1 -0.41578716 8.23905087
64 70 157 172 2 -4.41071352e-05 -6.09030676
100 108 82 89 0 -0.000106690699 -3.70757937
142 144 95 130 3 -0.000170344676 -8.64298725
113 113 152 159 2 -0.00868736487 -3.93312597
46 52 61 68 0 -5.30475554e-05 -3.9423728
0 0 0 0 2 -0.0047584055 6.25004673
0 0 0 0 2 -0.00370155787 6.54968119
83 89 150 152 1 -0.0321856625 -2.61389732
0 0 0 0 3 -0.00326282112 5.42900372
138 143 34 69 4 -0.000167246311 -3.25266051
30 34 107 112 0 -7.77235837e-05 -2.6881988
0 0 0 0 3 -0.0392927267 7.18517876
0 0 0 0 3 -0.638304651 7.84649897
110 116 138 145 1 -0.000288348849 -5.71003628
34 35 43 74 3 -0.00023709971 -6.30200768
50 50 64 66 3 -4.863707e-05 -3.46436167
0 0 0 0 4 -0.00473695761 3.15001392
55 61 153 188 0 -0.000906890375 -2.62335801
0 0 0 0 3 -0.590612531 7.51495075
0 0 0 0 2 -0.141648695 8.83016491
92 98 109 116 1 -3.552423e-05 -7.31900501
103 111 120 151 2 -0.00868854858 -2.43571067
74 78 49 56 4 -5.80545493e-05 -2.52762437
86 92 44 53 4 -0.000106213614 -3.55096126
88 90 98 101 2 -8.94068671e-06 -5.0784936
52 57 66 68 3 -6.0319293e-05 -5.11120605
96 104 145 160 1 -0.000236740554 -5.90515566
0 0 0 0 2 -0.293645918 9.78723049
100 106 23 58 1 -8.05844684e-05 -5.42869377
0 0 0 0 3 -0.05702205 8.19763947
52 58 152 187 2 -2.68220065e-05 -8.90590477
37 37 51 54 2 -0.000118372991 -3.68147397
106 111 61 68 2 -4.38686366e-05 -5.26735306
117 120 128 151 2 -3.33783973e-05 -6.67473125
130 133 40 47 2 -0.000598848856 -5.23332262
85 89 95 100 3 -1.51395552e-05 -4.55618191
57 62 111 113 1 -0.000169869687 -3.89939642
89 93 124 127 0 -0.000182145741 -3.54964566
43 49 126 157 0 -0.000732114713 -3.84843278
77 82 39 46 3 -2.99214316e-05 -5.33234787
123 131 68 103 2 -7.98701512e-06 -7.54691744
139 145 51 57 2 -7.68890241e-05 -5.80643559
0 0 0 0 0 -0.152064294 10.6198015
101 105 122 126 2 -5.18557063e-05 -5.8682456
0 0 0 0 3 -0.527955353 8.83678055
