39 42 82 117 3 -0.00880442932 -1.0153358
95 97 109 113 2 -0.00297814701 -2.46860743
47 51 67 75 1 -0.0121273585 -2.78341413
85 91 53 65 1 -3.21863226e-05 -4.22531319
119 123 71 106 0 -0.00275285007 -6.07397318
97 100 0 48 2 -1.18756056 0.581925571
48 48 54 61 3 -0.115138218 0.0634439588
76 80 89 96 1 -0.00496665109 -1.4881084
49 54 69 104 1 -0.00337682525 -2.32560372
42 47 65 80 2 -0.000391086593 -5.12456608
70 76 28 32 1 -5.31669721e-05 -3.4902761
121 123 49 51 2 -0.000208368787 -3.3743875
197 198 49 55 2 -0.269022912 -0.136744261
131 133 101 103 2 -0.00831125397 -2.83655286
12 12 17 25 4 -0.0146223754 -1.61976099
12 17 21 28 0 -0.261605978 -0.934786677
133 137 37 68 4 -0.000433851354 -4.07994938
73 76 52 61 3 -0.000926242908 -3.19983315
68 68 81 116 3 -0.00114681339 -5.12210989
73 73 38 61 4 -0.000361881685 -4.16615438
37 37 109 120 2 -0.00650353497 -2.63619304
35 40 51 82 4 -0.000181906435 -2.74825811
143 143 166 168 3 -0.000507746066 -4.32768345
93 94 57 60 2 -0.000890034542 -3.52626848
155 162 50 81 2 -0.000301944441 -3.35918856
69 73 48 55 1 -0.000888420967 -1.81444073
121 121 56 60 4 -0.000316605612 -3.26346326
43 47 67 98 3 -0.000164503377 -3.13047123
55 59 69 100 3 -0.00102384482 -2.04787469
51 54 63 70 2 -0.0285207927 -4.75473785
47 49 53 68 1 -0.269371212 -2.70723295
40 43 75 83 2 -0.322081983 -4.53444719
40 44 48 55 2 -0.0284251831 0.448615789
97 97 34 69 2 -0.00148190267 -3.99981427
36 45 86 121 0 -0.0120458454 -5.77826214
99 100 108 113 2 -0.00026081191 -2.836339
61 65 73 108 3 -0.000921322033 -4.60762453
95 99 56 63 0 -0.000689516135 -3.98605013
68 68 82 89 3 -0.00706128404 -0.558643103
37 37 55 62 3 -0.00121455779 -2.66608214
56 56 73 108 3 -0.00292450516 -3.13821578
45 45 57 65 2 -0.000276065315 -3.63636971
159 162 60 95 2 -0.00117114419 -4.35030508
52 55 73 96 2 -7.43859928e-05 -4.63999891
94 94 37 72 3 -0.000690956309 -5.23387098
97 101 80 87 0 -0.000139708252 -2.83540297
98 98 43 47 3 -0.00846307632 -4.7385931
97 97 127 135 3 -0.000193340748 -5.06152153
151 151 94 117 3 -0.0102102486 -2.82809615
32 32 45 76 3 -0.0146204 -1.35957479
5 5 8 43 3 -0.113571748 -2.72943687
151 152 60 91 3 -0.000718010589 -4.0902133
83 84 55 56 2 -0.000254729646 -3.75346994
126 127 60 75 3 -0.0135537367 -1.44447398
30 30 34 41 2 -0.110810153 -0.433979511
94 94 105 128 3 -0.00735191442 -1.91250777
127 130 86 101 2 -9.11923853e-05 -4.03399658
70 72 109 113 2 -0.000363212341 -3.68031192
35 39 92 127 2 -7.80809933e-05 -2.51899409
150 152 92 107 2 -0.0191503242 -1.71816254
114 117 62 68 2 -0.000279994943 -4.37081861
70 74 86 121 1 -0.000150200445 -4.73551559
54 54 74 109 3 -0.0059941439 -5.87352371
189 189 107 142 3 -0.00525387609 -4.39903879
76 80 21 36 1 -0.000180001618 -1.33370042
113 114 86 94 2 -0.000668765628 -3.78399062
154 154 60 95 3 -4.82792238e-05 -3.12189436
64 64 77 88 3 -0.000986886909 -2.61150265
75 79 45 60 1 -0.0474485196 -3.4311676
99 100 57 92 2 -0.053341534 -3.2593801
55 57 72 79 2 -0.000165696998 -3.05366635
17 21 42 45 2 -0.00357758719 -1.64291024
15 17 71 82 1 -0.00335564255 -2.13709307
25 27 39 43 2 -0.000173796012 -4.3033247
99 103 118 120 2 -0.025816476 0.0864858031
120 123 89 104 2 -0.000271662662 -4.82021284
0 0 0 0 3 -0.00750976428 5.71213388
0 0 0 0 3 -0.000327305112 5.94019651
0 0 0 0 3 -0.00892755669 3.31313944
0 0 0 0 3 -6.25842804e-05 4.81156492
0 0 0 0 2 -0.329617292 3.68758941
0 0 0 0 3 -0.00146696332 4.29286623
0 0 0 0 2 -0.00111087086 6.17753315
0 0 0 0 4 -0.38504383 7.38285208
0 0 0 0 3 -0.840264976 4.08662891
0 0 0 0 1 -0.950414062 8.00161171
0 0 0 0 0 -0.138277918 4.34595203
0 0 0 0 2 -0.325397313 1.57753682
0 0 0 0 2 -0.0202847309 5.74014521
0 0 0 0 0 -0.247487962 6.7264204
0 0 0 0 3 -0.43586725 6.9591608
0 0 0 0 3 -0.00678655226 3.110044
0 0 0 0 2 -0.0092059914 5.12893343
0 0 0 0 2 -0.223628521 2.86580133
110 115 128 131 2 -0.00540648727 -0.341353208
61 64 148 154 1 -0.000112769543 -3.34517765
53 59 81 86 0 -0.0144939991 -1.81947255
0 0 0 0 1 -0.476778299 4.38031626
111 116 131 166 1 -0.00015067184 -2.83362055
49 53 108 143 3 -0.000654948119 -2.94478822
51 58 66 68 1 -0.000392991933 -2.63535786
146 150 96 131 1 -0.000795715488 -2.18511415
71 74 90 113 2 -0.011291909 -4.79130554
87 89 59 68 3 -0.000258433371 -4.57465649
122 125 136 141 0 -0.00129864342 -3.54398179
0 0 0 0 3 -0.417507499 2.82999206
51 55 89 124 2 -0.000615679426 -4.04487419
35 42 52 54 0 -0.00148299732 -1.41235876
81 86 148 163 0 -4.25571961e-05 -4.98935223
47 51 65 96 3 -0.00170751731 -3.29284978
123 123 52 63 3 -0.166902408 -1.31378198
164 169 27 50 1 -0.00219099619 -2.33803082
118 119 61 76 3 -0.00169190438 -2.89707756
79 87 223 226 0 -0.0400885418 -2.2974081
56 63 71 74 1 -0.000116224801 -5.07548237
48 51 90 101 3 -0.000221002207 -4.01249981
46 50 60 63 4 -0.093402274 -4.24024153
55 60 82 117 1 -0.163233846 -2.69745207
59 63 135 170 1 -0.0104870461 0.358425021
64 68 122 157 4 -0.000303827954 -3.44276977
36 40 91 98 4 -0.0161350612 -2.14369559
47 47 59 66 4 -0.0034827299 -2.91865063
106 109 46 53 4 -0.00296073314 -5.93463469
0 0 0 0 1 -0.0330714174 6.25448084
108 118 156 191 1 -0.915309668 0.930630863
13 19 62 97 1 -0.00133095763 -2.33669329
129 137 64 99 0 -0.0116865207 -2.63359523
0 0 0 0 3 -1.01634097 7.37001324
0 0 0 0 1 -0.645550609 7.09605932
195 199 63 94 2 -0.00595420506 -1.45997429
103 107 46 53 1 -0.0274546444 -0.498685867
144 146 53 88 1 -0.00141666597 -3.55344367
30 34 88 89 0 -0.000243652918 -3.56518006
143 151 126 129 0 -0.000405281491 -2.33498669
44 0 51 56 2 -1.79148126 3.93735003
102 102 58 66 2 -0.649764478 -0.0830743909
154 159 175 178 2 -0.0136084883 -1.86280131
88 95 30 32 0 -0.108412743 -3.65030122
152 156 102 137 3 -0.0185232852 -2.35330009
0 0 0 0 3 -0.00507604005 3.88475156
75 76 94 99 2 -0.00118842849 -3.37499285
91 97 82 85 1 -0.00289109093 -2.55720401
147 152 74 81 1 -1.40697491 0.806249559
10 11 21 24 2 -0.0068664141 -1.31922507
82 83 97 102 2 -0.000514299609 -3.91856718
43 53 72 78 1 -0.00353216496 -1.18152475
39 41 81 83 1 -0.000470469851 -4.3916955
135 135 114 116 2 -0.000561769935 -4.53950977
54 57 100 104 2 -0.00037238677 -3.41534805
0 0 0 0 3 -0.00263998215 5.18330956
38 45 67 76 3 -7.77232708e-05 -3.39821219
142 146 27 62 3 -8.92859534e-05 -5.45906878
81 90 39 74 1 -0.00168044795 -3.66981769
0 0 0 0 2 -0.729861259 1.18710709
36 38 91 98 2 -0.130449757 -3.12318492
53 61 71 73 0 -0.0028539747 -2.28085756
42 42 55 62 3 -0.00790288206 -3.09461975
147 151 43 78 3 -0.0030696413 -3.34466839
45 49 66 101 3 -4.69681399e-05 -3.46508455
108 108 30 38 2 -0.000150076594 -3.93514895
153 153 48 83 2 -0.0347656533 0.984179556
60 64 109 146 4 -1.07327807 -0.242086932
95 99 71 82 3 -0.0353505872 -1.3613224
48 56 77 80 3 -0.223052874 -1.11273026
94 98 111 134 4 -0.000663677871 -2.59233141
125 128 80 91 1 -0.134375915 -1.41294134
57 57 105 140 4 -0.000190124061 -6.40682697
0 0 0 0 2 -0.185603485 2.56313467
72 72 51 57 4 -0.0762417316 -0.438427418
86 86 107 109 4 -0.00971462205 -2.91939402
116 118 66 101 3 -0.0021386554 -3.14050508
49 51 111 117 2 -0.18051596 -0.162332892
71 74 35 43 2 -0.00927469227 -3.81956363
40 40 57 64 3 -0.0109332511 -3.63312459
118 118 171 182 3 -0.0814433098 -3.29150963
71 79 45 49 0 -0.00110514183 -3.15997386
95 95 102 108 3 -0.0132593103 -1.4675827
117 121 39 74 3 -4.35109541e-05 -3.93264031
123 128 56 59 1 -0.00209035515 -3.15446258
27 30 44 55 1 -0.000351408962 -2.19713879
191 199 168 173 0 -0.0292571113 -5.30596828
225 225 89 98 1 -0.975991249 -2.49353552
118 119 98 100 2 -0.00021921788 -4.26788187
0 0 0 0 2 -1.29678595 0.433591545
41 47 54 89 1 -0.0128406165 -1.33305967
0 0 0 0 2 -0.70107621 7.43940163
0 0 0 0 2 -0.614810228 6.31500149
48 52 63 98 2 -4.00539211e-05 -4.86965799
41 45 75 80 3 -0.0037859166 -3.95999789
50 55 61 68 3 -0.0799702257 0.050871551
0 0 0 0 2 -0.318316311 3.89374232
55 0 97 120 0 -0.866878867 0.316957772
30 38 81 116 3 -0.0690411925 -1.96534514
115 120 83 89 4 -0.00130013109 -3.73616576
0 0 0 0 2 -0.00204444816 4.56684399
0 0 0 0 1 -0.24270159 3.90253568
120 125 142 146 2 -0.00332534523 -1.82382321
133 133 198 203 2 -0.000246277807 -2.31031775
51 53 77 85 2 -0.00776313245 -2.4790678
152 156 65 100 3 -0.00108293106 -2.84215379
107 107 57 64 3 -0.000157112969 -5.08632231
158 160 176 211 2 -0.239839107 -1.23153591
0 0 0 0 2 -0.147294864 4.42072535
73 73 88 91 4 -0.0110325394 -1.48356986
102 107 53 88 1 -0.184029534 -1.4068892
65 65 53 56 3 -0.000111458779 -2.67477536
33 36 41 47 4 -0.000520790229 -1.73206162
111 115 128 159 3 -0.00428754091 -3.07068706
29 35 65 88 2 -0.00421674643 -2.45821571
46 51 22 29 1 -0.000238638022 -2.33636427
0 0 0 0 3 -0.432496399 6.7615571
117 120 129 135 4 -0.0110333124 -4.78200436
102 108 67 102 0 -1.20354199 -4.77806902
130 135 68 103 3 -0.0119179739 -2.95196319
0 0 0 0 0 -0.288931817 5.58091545
101 107 65 69 2 -7.22391633e-05 -4.821877
0 0 0 0 1 -0.023616299 6.64713955
103 105 38 69 3 -9.27432411e-05 -3.99509335
28 32 37 49 2 -0.00599627383 -2.83232808
67 68 145 180 2 -0.0222527534 -2.78589797
0 0 0 0 2 -0.035110753 6.28746223
69 73 88 111 3 -0.000268557575 -5.25789404
118 123 155 190 1 -0.587949276 0.414766729
129 135 112 117 1 -0.00182465964 -3.36183476
82 84 42 44 4 -0.00192008831 -1.88363957
48 52 74 109 2 -0.000332565105 -4.26246881
41 48 59 66 2 -0.854085207 -0.723610699
161 163 181 216 2 -0.00225940952 -2.63493729
0 0 0 0 2 -0.488504708 4.78529119
89 95 52 55 0 -0.351596147 -0.258137614
92 94 43 78 2 -0.000379737758 -5.13232994
0 0 0 0 3 -0.00756163243 5.98450804
63 66 80 111 1 -0.00931920856 -1.00294912
61 64 84 119 4 -0.000486208621 -2.21736979
70 75 43 51 1 -0.00331960083 -3.62725163
63 69 109 144 4 -0.000980667188 -2.23630095
79 81 48 55 1 -0.000544947572 -2.85640907
47 49 121 125 2 -2.12191935e-05 -4.35493898
102 103 112 118 4 -0.000533140672 -3.04252505
100 102 121 125 1 -0.169770539 -0.143788755
47 53 100 102 0 -0.0011284909 -1.23718762
130 132 67 90 2 -0.000302172935 -3.68480182
108 111 129 160 2 -0.0113880374 -3.98119879
81 88 97 132 2 -0.00750878174 0.796718776
110 116 93 98 2 -0.681005716 -2.38100076
177 179 38 46 2 -0.00429442385 -4.17303801
95 98 71 76 0 -0.0510244258 1.87415814
21 26 52 59 4 -0.0408846177 -0.0957598686
0 0 0 0 2 -0.380347103 2.49938512
0 0 0 0 2 -0.798256457 6.46124792
51 52 68 70 4 -0.00234585232 -1.14239359
0 0 0 0 3 -0.000221240916 5.05862474
50 51 70 78 2 -0.000381549296 -5.13502216
0 0 0 0 2 -0.0471373945 7.15782499
0 0 0 0 2 -0.0103964284 2.07238603
0 0 0 0 3 -0.580797315 6.8995347
82 84 52 61 2 -0.00147407595 -3.67259002
50 54 109 144 3 -0.0105973426 -5.91815233
123 126 143 149 2 -0.650427103 -1.85456324
0 0 0 0 3 -1.20530891 7.81500959
98 104 66 72 0 -0.00133023981 -2.25534296
50 53 63 70 0 -0.670303941 -3.51072669
147 151 164 167 4 -0.225557938 0.296723366
62 62 135 166 2 -0.210234478 -0.643934131
42 46 50 57 2 -0.00246579689 -3.16263032
59 66 44 49 0 -7.20015669e-05 -2.53304338
161 164 56 64 2 -0.0013634091 -2.41926646
73 81 21 56 2 -0.000625617511 -3.25764775
131 137 106 117 2 -0.00406569615 -4.49327898
59 62 82 86 0 -0.230181083 -1.07200038
57 58 45 51 2 -0.000115510375 -7.27826548
8 12 18 53 4 -0.0576470457 -2.37003684
41 41 50 85 3 -0.0212196931 -0.267043054
100 102 163 198 2 -0.00713317329 -3.10076427
0 0 0 0 2 -0.0160881784 4.4073143
68 72 181 185 2 -0.00102686766 -4.31355
68 72 87 91 1 -0.00311470428 -3.80474615
55 55 106 110 3 -0.123848587 -1.36512399
90 91 39 74 2 -0.089394547 -1.42288876
134 138 76 111 2 -0.000383808307 -4.82728481
200 201 167 175 2 -0.00279581873 -5.81399012
29 34 42 77 2 -0.0318965614 -0.370850444
0 0 0 0 2 -0.333178669 4.36116552
69 73 45 49 4 -0.27656737 -0.0570065975
104 105 116 151 2 -0.000354853371 -2.78967857
90 97 114 163 3 -0.00225889776 -2.16949105
0 0 0 0 1 -0.000883821282 3.5661881
53 53 116 127 3 -0.00144168409 -2.10219955
0 18 30 33 2 -1.17222309 0.391655684
56 61 95 96 2 -0.016131375 -3.31011796
11 0 28 33 3 -0.389899015 1.89313626
155 163 107 112 3 -0.000458908034 -5.61315393
0 0 0 0 3 -0.726684093 2.52956009
232 234 203 210 2 -0.0315046981 -1.24232519
65 66 135 136 3 -0.0365054011 -4.48884201
106 113 95 101 0 -0.000223031006 -2.83959246
0 0 0 0 4 -0.508146524 4.73795938
75 75 49 64 3 -0.000576513819 -3.22446227
59 63 80 85 3 -0.0245457683 -2.25432801
146 150 208 215 3 -0.055510778 -4.46377325
42 46 64 99 1 -0.000163906021 -5.33520031
0 0 0 0 1 -0.010014182 8.6433897
166 166 84 99 3 -0.0105873514 -0.637867332
56 61 74 109 0 -0.000426501618 -2.4003377
52 52 144 152 4 -0.000205387536 -3.478508
130 135 107 115 2 -0.00889189169 -2.27695417
108 113 133 168 1 -0.000714761612 -1.62858558
107 111 127 130 4 -0.00487048831 -2.7572763
45 49 61 65 4 -0.000390956935 -2.74116564
0 0 0 0 2 -0.00116026343 6.0407486
0 0 0 54 3 -1.68043542 1.80824804
0 0 0 0 4 -1.11275554 7.44987297
30 34 54 89 1 -0.103869483 -1.10255551
89 91 34 57 2 -0.0357192382 -3.09635615
58 60 72 77 2 -0.000168191924 -4.07479954
117 118 98 100 2 -0.0013548797 -4.48389006
15 18 34 42 2 -0.00670031039 -3.9436574
51 51 86 121 2 -0.0017080101 -5.22075272
0 0 0 108 1 -1.00707793 1.44648695
112 118 48 55 1 -7.70083207e-05 -3.41575551
127 130 138 141 2 -0.00197050348 -4.74541998
143 147 74 97 2 -0.0445116498 -0.62265861
71 71 110 145 3 -6.22265361e-05 -4.19281149
73 77 84 88 0 -0.000297176302 -2.49074841
156 158 60 65 2 -0.00473326491 -4.38714933
0 0 0 0 3 -0.270921975 7.76129675
133 141 54 60 1 -0.0306205526 -4.50610352
130 130 47 55 4 -0.000135890848 -4.33920002
129 132 108 111 2 -6.53261231e-05 -3.81218457
86 93 108 114 2 -0.00701248366 -0.657537341
0 0 0 0 2 -0.725658119 6.79551125
0 0 0 0 2 -0.0355931222 -0.539273977
52 54 112 116 2 -0.0189478416 -1.85939598
89 90 13 48 2 -0.0256920978 -3.43982625
122 124 74 105 1 -0.0108210631 -1.00442243
0 0 0 0 1 -0.951531231 7.41375637
50 53 59 94 4 -0.00155162311 -3.12274885
0 0 0 0 2 -1.16537535 7.27029848
104 107 53 58 2 -0.0796413049 -5.02073288
0 0 0 0 0 -0.00414762739 5.08898544
0 0 0 0 3 -1.11998296 7.66446924
139 144 162 197 1 -0.0045042811 -2.66956782
142 148 56 67 2 -0.00353957317 -4.20171309
117 119 72 76 2 -0.00325511675 -0.794044912
29 33 159 164 2 -0.0143053783 1.61463833
107 110 50 58 2 -0.0290237889 -1.49087214
0 0 0 0 2 -0.30496791 6.79386377
88 93 56 61 0 -0.000986446277 -2.92926574
0 0 0 0 4 -0.718891859 2.09958076
226 227 45 68 2 -0.0839093402 -5.18761539
30 30 43 78 2 -2.24112264e-05 -4.35732222
54 54 159 163 2 -0.000909727416 -1.79413748
0 0 0 0 0 -0.385318071 7.19514465
93 96 33 68 0 -0.000254501298 -3.59245801
119 122 79 87 3 -1.43050711e-05 -4.91018248
41 41 53 58 3 -0.000111816145 -1.64803433
193 194 139 146 2 -0.0232225955 -2.82394862
129 133 38 46 3 -0.00020776462 -3.33543158
174 177 95 101 2 -0.000450924621 -4.42431974
106 110 47 53 1 -0.00132763642 -2.20609951
108 112 84 86 3 -0.0141528919 -1.65138865
55 58 71 74 2 -0.0719579905 -0.831204832
95 95 52 58 2 -0.0180505179 -2.87695384
104 108 125 132 2 -0.0368850045 -3.02749515
67 67 86 93 4 -2.05039414e-05 -3.34569287
98 98 109 111 3 -1.1499815 1.51442838
56 61 112 147 0 -0.0773655996 -2.21303272
150 154 47 82 1 -0.0473616235 -3.82183862
197 199 172 175 2 -0.00489050802 -4.28559685
0 0 0 0 2 -0.0951231197 2.03509593
39 42 98 133 1 -0.574560046 -6.18557978
109 112 66 97 1 -0.0330322497 -0.75248003
172 177 50 85 4 -0.00378933968 -2.84691215
130 131 54 89 2 -0.00519759161 -0.894919515
0 0 0 0 3 -0.504027247 6.86864233
124 125 96 104 2 -0.0985231623 -0.435531169
23 24 83 86 3 -0.00492150057 -4.07633781
67 70 44 51 1 -0.000308616203 -3.31202459
74 77 59 61 0 -0.00341467978 -1.46825743
85 87 177 181 2 -0.00125642202 -5.03275013
103 107 70 81 1 -0.0447948761 -4.69896221
64 70 50 54 0 -0.00606311718 -3.27321219
0 0 0 0 2 -0.177171379 4.83430052
75 82 90 92 0 -0.00421916321 -0.711566091
113 118 196 199 0 -0.0551800281 -3.52786684
0 0 0 0 2 -0.0101462826 4.82558203
0 0 0 0 2 -0.3203246 2.21172762
102 103 110 117 3 -0.00574958604 -0.556703031
93 93 107 113 3 -0.26846242 -0.597102642
45 51 66 70 1 -0.0160601772 -2.71091366
155 156 56 63 3 -0.0060476237 -4.03876686
52 59 78 85 0 -0.037131235 -2.13158274
0 0 0 0 3 -0.00151767489 3.47714448
0 0 0 0 2 -0.796019077 2.47247529
0 0 0 0 2 -0.0153393857 6.43924618
117 118 44 79 2 -0.464407951 -4.57631493
68 73 149 158 1 -0.0114436392 -1.24006712
59 63 127 132 2 -0.000929213827 -2.68190145
43 45 102 108 2 -0.000188344784 -2.95232987
78 81 46 53 2 -0.000834571081 -2.55148959
208 183 68 91 2 -1.75771081 0.529125988
105 109 40 63 3 -3.77891301e-05 -4.40792751
81 87 100 104 0 -0.00258625322 -3.19014287
110 118 127 138 0 -0.00376112061 -0.855472445
0 0 0 0 2 -0.0154582681 3.79941106
52 55 64 95 1 -0.00133092515 -3.09397817
52 57 90 95 0 -0.000265698385 -3.36087394
92 93 107 112 2 -0.0151340757 -2.58819199
75 75 87 122 2 -0.00851442199 -2.38427949
31 39 55 59 0 -0.0540985577 -2.48450208
165 168 72 107 2 -2.52722402e-05 -4.45253038
162 162 99 122 3 -0.000959399855 -3.78218031
97 102 51 86 2 -0.0002748837 -2.20301843
34 34 63 74 3 -0.0041036047 -5.98953104
101 105 166 171 2 -0.000887337024 -1.28159904
18 18 28 32 3 -0.00533499522 -2.62131524
121 121 105 109 2 -8.02265713e-05 -3.05678535
159 167 182 217 3 -0.00193190284 -5.01316261
132 136 71 94 3 -0.000301816064 -4.65967512
84 91 62 67 1 -0.0700561255 -2.84935927
58 61 138 173 2 -0.00985892303 -3.60002542
83 87 35 70 4 -0.000136849209 -3.1138134
41 47 57 80 2 -0.000215879962 -3.87648988
0 0 0 0 3 -0.0757189468 7.7170434
177 0 134 157 3 -1.3524853 0.403862298
115 122 30 65 1 -0.00166387658 -4.28519249
0 0 0 0 2 -0.221623644 2.6275568
76 80 99 114 3 -0.000100134537 -3.25000429
110 110 55 90 3 -0.01689828 -2.24686289
138 142 39 43 2 -0.000396097661 -3.39719772
154 157 129 144 1 -0.0114772022 0.435275912
207 210 157 161 2 -0.0139447935 -3.69312286
97 99 107 130 1 -0.0196317136 -2.33760905
0 0 0 0 4 -0.0135975517 6.39053869
81 89 51 57 0 -0.00338912872 -1.77283716
86 93 110 116 1 -0.010477813 -1.0209347
155 160 81 116 3 -0.00245709764 -0.94212538
0 0 133 142 2 -0.347830802 -2.11919713
128 137 54 89 0 -0.0447193459 -4.24402714
146 150 34 69 2 -1.31044734 1.7747004
0 0 0 0 3 -0.532047987 6.59045172
51 51 126 133 3 -0.00340797263 -2.57067585
41 41 66 68 4 -0.241750583 1.21991682
84 90 100 111 1 -0.606381953 -2.88766408
0 0 47 54 2 -0.0237215385 1.4052043
0 0 0 0 2 -0.00309685851 1.86368823
90 90 106 141 2 -0.00339921401 -2.82317758
50 59 88 119 0 -0.0040770066 -1.66372395
93 97 123 131 2 -0.00611887313 -2.45608234
0 0 0 0 2 -0.000863431254 6.52931309
68 71 131 139 3 -0.000706893567 -3.64446115
0 0 41 44 3 -0.178152084 1.00152063
120 121 54 63 3 -0.319838315 -4.59823084
120 120 136 143 3 -0.337468714 -5.74215651
48 140 78 113 3 -0.30209288 -0.792456508
0 0 0 0 2 -0.102678336 4.70568848
25 25 36 41 4 -0.00152339542 -2.34789753
0 0 0 0 1 -0.193597659 3.17914987
66 0 83 92 1 -1.02442217 1.25488091
136 148 77 112 0 -0.000294905651 -3.73545623
93 93 105 110 2 -0.236854777 -4.36488676
131 131 96 111 2 -0.000403586368 -2.348557
86 92 105 110 1 -0.00152333768 -4.27383661
61 69 46 50 0 -0.029165037 -3.40443349
79 84 100 103 0 -0.00693986705 -3.51239967
116 116 85 94 2 -0.00119866175 -4.54226875
0 0 0 0 2 -0.00049567339 6.60030031
68 70 84 95 3 -0.998696804 -2.00989008
15 18 112 135 1 -0.00476072822 -5.02306938
105 111 121 136 2 -3.81467507e-05 -2.42896414
50 54 60 64 3 -0.000930619368 -1.51221585
128 133 146 157 0 -0.101072416 -1.54435062
0 0 0 0 3 -0.00806694292 5.39036894
143 146 159 164 2 -0.00984724145 -2.47072959
182 182 193 228 3 -0.14477627 0.624141037
92 97 112 120 4 -8.41602814e-05 -2.55837297
54 60 73 108 1 -0.000357964775 -3.24802732
67 72 39 54 2 -0.00410461519 -2.30224609
65 71 89 124 2 -0.00150307338 -4.05398321
116 120 138 142 1 -0.0117568355 -2.01057839
106 110 80 83 1 -0.0861103013 -1.37988114
51 54 158 162 2 -0.00145486172 -2.39776492
69 72 108 112 3 -0.0117948456 -0.166404754
151 151 85 92 2 -0.0101923142 -1.29991317
83 89 45 50 1 -0.0424222946 0.535650849
74 77 97 132 2 -0.000239837638 -4.23334789
48 49 104 139 3 -0.00342457113 -4.04969025
0 0 0 0 2 -0.470546484 5.81544352
132 132 147 182 4 -0.228794873 0.172392786
73 73 91 106 3 -0.010605162 -1.14311576
165 169 59 94 3 -0.0044964375 -4.00637484
0 0 0 0 2 -0.752407908 2.17986441
78 81 153 160 3 -0.632806718 -2.31141853
122 126 79 110 2 -0.00804478768 -4.41341114
0 0 0 0 4 -0.557586253 1.92935514
106 110 23 58 3 -0.00286156917 -3.16934872
148 157 60 95 0 -0.000152822264 -4.27626181
108 112 139 174 3 -0.000311467564 -3.81115007
136 142 46 81 3 -0.0859096125 0.299645841
104 105 66 97 2 -0.000545207178 -6.62457371
18 21 26 61 4 -0.22276625 -4.4294405
127 129 40 48 2 -0.000353669719 -3.90039086
86 90 134 169 4 -0.0016970468 -3.98039341
45 46 103 138 3 -0.00131456996 -4.15235281
46 46 56 79 4 -0.0559877492 -3.53586102
0 0 0 0 2 -0.130977526 6.53831768
52 55 71 77 2 -0.000133391135 -5.4778533
86 89 99 101 2 -0.0194972027 -2.48745561
71 75 116 127 2 -0.000291924836 -3.78483629
113 115 44 79 2 -9.21473402e-05 -3.16708088
64 67 18 53 2 -0.29666996 -0.71956706
18 22 46 81 1 -0.0037025772 -2.05993724
70 74 100 131 1 -0.0153619386 -1.18887782
65 65 74 89 3 -0.000178690898 -2.59747958
86 91 138 143 0 -0.000293345132 -3.29125285
60 64 139 142 3 -0.0201313812 -2.95331931
114 115 36 43 2 -0.0623470284 -1.92554379
56 66 111 114 0 -0.00105243258 -3.78023362
49 50 60 95 3 -0.00198209845 -2.81082225
72 72 85 120 4 -0.0040599783 -5.36709452
0 0 0 0 3 -0.23401852 6.85533571
40 44 68 0 4 -0.697242856 0.183152795
114 118 91 96 4 -0.0495424867 -3.54544592
89 89 119 127 3 -0.000955015654 -1.66721392
40 41 95 130 4 -0.00113592355 -6.0358882
107 111 70 76 4 -0.000458321971 -2.57202029
61 64 98 105 1 -0.000944645028 -4.48630381
0 0 0 0 2 -0.0770980716 7.50218201
0 0 0 0 3 -0.363550484 6.47181082
103 108 44 53 2 -0.000719116651 -4.96026659
105 106 63 68 1 -0.00012504484 -4.68654871
79 86 132 140 3 -0.000741754018 -1.61814094
96 96 113 117 2 -0.289078891 0.523266912
55 62 111 146 0 -0.012845776 -2.24695253
110 110 122 137 3 -0.220064297 -0.805918157
0 0 0 0 3 -0.0128745539 7.29190445
88 88 50 54 3 -0.0200700331 -3.00259781
56 60 106 112 4 -0.00875515118 -2.46325254
0 0 0 0 2 -0.127220884 6.81645632
18 25 29 44 2 -0.000521007925 0.213553846
0 0 0 0 2 -0.000624071283 5.79592943
59 59 115 150 3 -0.00607461296 -1.63139606
47 51 65 100 4 -0.00039192129 -3.59072518
26 27 64 69 3 -0.00881254207 -0.756118059
38 45 57 92 1 -0.000113603644 -3.32834148
186 186 114 149 3 -0.000920993974 -3.64903235
0 0 0 0 4 -0.713516712 6.6177702
74 78 91 126 3 -5.40008878e-05 -4.41970015
115 118 136 142 0 -0.000313854136 -4.39206743
0 0 0 0 2 -0.00170956447 2.83119392
214 0 116 151 3 -0.872205257 2.46913958
0 0 0 0 3 -0.00428069988 4.46702003
0 0 0 0 2 -0.00423748838 5.26070452
19 23 32 39 1 -0.00659673335 -2.81543398
49 50 110 219 2 -0.917275548 -1.84644222
0 0 0 0 3 -0.133203641 3.87961221
96 100 113 148 4 -0.0097876247 -4.35171223
48 52 123 146 1 -0.000159259056 -3.08046174
39 44 60 61 2 -0.00107606989 -4.16001654
47 51 82 117 3 -0.000956940581 -2.85115099
104 86 120 124 0 -0.144141063 -0.5399158
174 179 131 139 3 -0.000333522621 -5.07464743
84 87 96 111 2 -0.00172911654 -1.67740417
107 112 121 127 2 -0.258337826 -2.75121975
40 44 63 98 4 -0.000749705359 -4.57599545
119 119 48 52 3 -0.000619069731 -2.51951647
161 162 112 147 3 -0.291250914 0.137026072
47 49 37 41 2 -0.000443776895 -3.07521915
138 145 86 101 0 -0.000467009406 -2.73612523
32 36 111 142 2 -0.0178676937 -2.35869026
129 130 91 97 3 -0.00275381724 -3.37756371
0 0 0 0 1 -0.0209076777 3.48228168
43 43 53 88 3 -0.000194058492 -4.31322241
0 0 0 0 2 -0.909419 7.64655924
71 74 111 0 2 -0.78715694 0.314299703
125 130 102 111 1 -3.49281254e-05 -3.64001608
53 54 67 90 3 -0.0226584077 -2.31575847
34 37 45 49 1 -0.00885146111 -3.8117938
148 152 76 107 2 -0.0174263492 -1.68471313
164 166 76 87 3 -0.000270710298 -4.81943369
0 0 0 0 1 -0.343981087 2.17782187
111 111 91 95 3 -0.0165403429 -3.6064837
0 0 0 0 1 -0.46925807 7.42864084
98 102 115 150 3 -0.0116665792 -0.706765413
81 83 123 130 2 -0.000297295919 -3.31471634
35 40 53 60 0 -5.68621253e-05 -2.64709401
119 125 190 194 1 -0.0308828913 -0.790126204
0 0 0 0 1 -0.017051436 4.09982014
128 131 145 148 3 -0.88466841 2.1226306
18 21 67 102 3 -0.0063023027 -2.9258008
72 76 96 135 3 -1.29608297 0.29729104
45 49 98 105 2 -0.000233280036 -3.47002029
0 0 0 0 4 -0.557262659 7.55492401
85 91 36 51 1 -0.0799065828 -2.072963
140 142 82 84 2 -0.00555452891 -2.58037543
106 106 137 145 2 -0.144924819 1.38452244
77 82 94 129 0 -0.12540248 -3.31416798
122 123 58 65 2 -0.91900599 1.61508179
57 60 200 235 2 -0.0199791044 -0.241886869
60 64 80 95 4 -0.00139453285 -3.99058247
0 0 0 0 0 -0.497684538 5.71589088
64 71 84 87 2 -0.00208056229 -1.2801218
87 91 101 136 3 -0.0513523258 -3.74282646
114 115 44 79 3 -0.245218217 -5.38658381
0 0 0 0 3 -0.668900967 6.4815197
78 78 95 98 2 -0.00163205829 -2.99894357
0 0 0 0 1 -0.557419181 4.61939335
50 56 71 78 1 -0.221626878 -0.16902858
41 44 56 64 2 -0.000686187646 -4.12473917
22 24 31 66 2 -0.0272900071 -3.26675653
78 79 87 93 2 -0.00218513585 -5.1832552
0 0 0 0 1 -0.447179854 2.81243467
137 141 85 120 2 -0.00044187234 -2.24078441
55 56 115 150 4 -0.0229974575 -1.04996586
0 0 0 0 2 -0.0558077805 2.39470267
80 82 93 99 1 -0.0319428369 -0.594323277
0 0 0 0 3 -0.0137444837 4.9490447
68 69 84 85 3 -0.00202977308 -2.77492166
82 86 49 56 3 -0.28900227 0.873273432
97 99 84 89 1 -0.0107220309 -3.49912763
110 119 139 148 1 -8.71397715e-05 -2.82061887
43 49 21 25 1 -0.000226960517 -4.44681549
0 0 0 0 3 -0.000410831097 4.11935663
0 0 0 0 2 -1.61092854 1.89246655
180 184 59 94 3 -0.00381373428 -0.783217907
39 43 48 63 3 -0.158597454 -2.03333879
107 110 121 128 3 -0.0133416671 -4.3965559
125 131 26 34 2 -0.130623087 -1.08779788
0 0 0 0 2 -0.616300941 1.38250971
48 52 127 162 3 -0.00123438658 -4.50008965
0 0 0 0 2 -0.0181924701 3.78020835
0 51 0 0 3 -0.977048159 2.25206494
133 138 16 51 3 -0.00820412673 -4.89596558
134 183 157 164 1 -1.24418497 1.33207941
0 0 0 0 2 -0.000947343477 4.6755209
47 51 130 138 3 -0.0885600224 -3.44005466
164 165 115 153 2 -0.0273734741 -2.04364991
73 73 55 58 3 -1.19796801 0.822494447
0 0 0 0 3 -0.491961181 1.35877943
56 64 75 82 2 -0.0371411182 -1.45818305
41 48 52 60 0 -0.425165743 -4.71232176
46 50 59 66 3 -0.00607370306 -3.8915081
188 191 167 173 1 -0.231410235 -2.07826352
0 0 0 0 2 -0.284507036 4.58300161
41 44 58 69 3 -0.00900595542 -3.63369346
56 57 67 90 1 -0.000595830381 -3.05251002
135 138 69 104 2 -0.379194349 -0.937568784
74 83 55 60 1 -0.000471783511 -4.01062536
33 39 75 82 0 -8.72594537e-05 -4.94322491
61 65 78 84 2 -0.00288914563 -1.5475812
42 0 0 0 3 -0.517118573 1.577878
49 53 93 100 3 -1.21593248e-05 -5.25530195
49 49 77 92 2 -0.698088109 0.12427783
86 90 103 111 3 -0.137682378 0.455631793
140 144 95 225 2 -0.57188791 -4.34346008
105 110 128 163 1 -0.000706641702 -2.46479344
54 60 140 146 0 -0.00515837641 -2.24397349
189 197 101 109 0 -0.0190869346 -3.62624693
127 131 88 99 3 -0.572866619 -1.28477466
56 58 128 151 3 -0.00172750873 -3.96766639
0 0 0 0 2 -0.0636634156 7.21072054
98 101 113 119 1 -0.00174404599 -4.17038345
0 0 0 0 0 -0.0145372953 5.90641546
0 0 0 0 2 -0.0103196055 4.33240271
117 121 136 144 1 -0.000364015956 -3.7014823
212 213 166 134 0 -0.347307771 -3.81613517
146 147 93 243 1 -0.455177307 -1.16485405
0 0 0 0 3 -0.228445694 6.78567076
110 113 47 82 1 -0.000214808635 -1.96950412
85 89 56 61 0 -0.00199443544 -4.84416389
0 0 0 0 2 -0.0797664598 4.44232178
41 47 58 69 2 -0.0131969508 -0.973618209
87 90 45 52 1 -0.000314930978 -1.09231627
0 0 60 75 1 -0.539028049 3.47362494
52 56 86 109 1 -0.0016069609 -1.9055469
0 0 0 0 3 -0.00829700567 4.76066732
44 50 64 73 0 -1.26136863 0.0701420903
0 0 0 0 3 -0.292809993 6.99418688
132 136 61 96 3 -0.00211782381 -5.37644911
125 128 145 180 2 -0.000264747185 -2.8839581
24 30 109 116 1 -0.00181281415 -2.85847425
38 42 102 137 2 -0.0948446319 -1.14548731
53 57 110 145 4 -0.000130174274 -2.76241422
0 0 0 0 2 -0.00464105466 6.23020363
0 0 0 0 0 -0.6887362 6.14433289
154 156 46 51 1 -0.000888445589 -2.62563181
0 66 48 55 2 -0.783802629 -1.51702261
46 49 105 111 3 -0.213106498 -4.78635073
17 23 28 31 1 -0.0183047075 -1.3834902
0 0 0 0 2 -0.00083650084 5.98323345
53 53 64 71 2 -0.00162096275 -4.28819132
113 115 90 95 2 -0.0334905237 -2.89963365
120 126 78 83 2 -0.00652920129 -3.04276204
54 61 110 117 0 -0.102367498 -1.43881702
0 0 0 0 2 -0.331647635 2.60476613
166 173 81 89 2 -0.334345371 -0.0956368744
0 0 136 144 2 -0.847394288 0.504990876
77 81 92 127 4 -0.000179399969 -5.50011539
101 103 120 126 2 -0.00755660608 -2.15081167
135 135 47 82 2 -2.31264366e-05 -3.68685341
94 96 108 114 1 -0.0010617529 -1.36345005
84 84 19 22 3 -0.00128753518 -3.80816698
0 0 0 0 1 -0.131738916 7.90106916
136 137 40 75 1 -0.000341029314 -4.34359455
0 0 0 0 2 -0.000338301703 4.87224388
53 59 75 79 3 -0.0263560135 -3.34785128
130 134 144 149 0 -0.00184406783 -5.02375603
116 120 138 142 3 -0.000183570635 -5.63624763
79 131 40 46 4 -0.476487637 -1.30378985
42 43 69 73 2 -0.000110503956 -2.99025488
39 39 128 135 2 -0.000199426519 -2.87148261
86 89 33 68 3 -0.000679682475 -2.03046632
75 82 150 156 0 -0.00066953036 -2.30167794
0 0 0 0 2 -0.00350352423 2.56803799
30 38 46 81 2 -0.00485756621 -2.64374757
96 100 116 121 4 -0.0043037422 -0.204030648
32 35 105 140 2 -9.09549635e-05 -3.86885357
0 0 0 0 2 -0.00297075254 6.46661806
0 0 0 0 3 -0.45228678 1.78537917
115 115 45 47 3 -0.000810303551 -4.9235816
30 35 100 135 1 -0.0282075349 -2.95190644
111 112 126 133 2 -0.00129590358 -2.84154797
189 193 97 112 4 -0.0268480144 -3.75820494
100 105 122 157 4 -0.000247223914 -4.51042795
35 36 106 110 2 -0.00530901458 -3.87739038
0 0 0 0 3 -0.178958744 3.10887837
104 107 86 92 3 -9.429286e-05 -2.70966959
81 85 102 133 3 -0.0618105642 -5.61308002
101 104 51 86 4 -0.00181147049 -3.36888099
0 0 0 0 1 -0.396987826 4.09261227
43 48 63 69 0 -0.000721279823 0.0889196992
85 89 34 49 2 -4.41071061e-05 -5.61765671
75 78 15 17 2 -0.000190134553 -2.7747581
41 45 59 70 1 -0.154829085 -1.2058239
30 36 97 104 1 -0.00011217242 -3.12879395
162 163 195 200 3 -0.0229652617 -2.38801742
81 83 101 136 2 -0.00142044527 -2.03521156
86 90 158 169 2 -0.000146622275 -3.59356523
116 121 42 48 0 -0.000274284161 -2.00815582
52 56 85 93 1 -0.00155030726 -1.8960042
98 101 78 87 1 -0.0125695588 -0.975800097
0 0 0 0 2 -9.58416276e-05 5.85160351
62 65 49 52 1 -0.000238040579 -3.84186864
124 124 75 110 3 -0.137944624 -0.685565472
104 105 116 125 2 -0.000316599093 -5.81368113
0 0 0 0 1 -0.0018065864 5.96019173
44 47 108 143 3 -0.0320374146 -0.429090977
119 121 43 58 3 -0.00408040592 -2.43899512
138 142 51 56 3 -0.000155322283 -3.68853641
63 67 151 166 3 -0.0237919204 -3.98274517
0 0 0 0 4 -0.653414369 7.56741285
88 91 101 136 2 -0.0626449734 -2.20932317
37 42 48 83 1 -0.00548267365 -2.40838361
0 0 0 0 2 -0.0533930771 4.15161562
153 158 105 116 2 -0.000195488785 -3.65293097
71 77 136 142 0 -0.000181549432 -6.03742838
91 91 112 116 4 -0.0399629064 -1.62364888
93 97 47 58 1 -4.57760398e-05 -4.06211901
138 140 97 100 2 -1.42471707 0.545970857
37 45 49 80 3 -0.336127311 -0.921304703
78 78 88 94 2 -7.79619004e-05 -6.2610836
130 133 64 99 1 -0.0592849031 -2.68260241
47 51 81 88 4 -0.00185922079 -3.46918344
47 48 128 134 2 -0.000737086986 -4.57321167
139 144 109 118 2 -0.00050488062 -2.58710051
33 37 108 111 2 -0.00033090022 -2.94413733
0 0 0 0 0 -0.51287508 4.04102182
32 34 46 81 1 -0.00157820922 -3.64592075
0 0 0 0 4 -0.122436695 2.62118268
0 0 0 0 2 -0.00743778609 3.43434215
55 58 121 144 2 -0.0418267921 -1.7826941
98 101 142 145 4 -0.00408298708 -2.67589831
58 64 104 139 0 -0.000831191661 -3.77647161
65 70 45 52 0 -0.000340917264 -3.34580731
149 152 100 107 3 -0.00204053801 -4.57352161
42 47 59 74 0 -0.000533869315 -1.72934604
100 103 89 94 1 -0.00567587884 -1.97947216
166 172 141 147 2 -5.36437328e-05 -3.68689775
0 0 0 0 1 -0.0289434548 3.28263307
125 127 77 112 1 -0.000111339352 -4.93314362
98 101 116 123 4 -0.00135842478 -2.85902882
59 63 159 166 0 -0.0385723636 -4.58751154
0 0 0 0 3 -0.222167954 3.86247325
142 144 96 127 3 -0.0417942964 -4.40627718
108 112 130 165 1 -0.00024090636 -2.78329468
71 71 27 38 3 -0.0105142258 -2.14230776
73 73 26 57 3 -0.00110643345 -3.30069566
178 180 154 159 1 -0.151639774 -2.78667593
108 112 132 140 3 -0.000780363218 -1.90451789
97 105 116 123 3 -0.00684493361 -1.29977822
81 85 119 125 2 -0.00120604073 -3.01171684
146 0 45 48 1 -1.32636142 0.165584803
121 125 137 172 3 -0.0321369953 -4.12131977
0 0 0 0 2 -0.00966289919 4.67074537
72 76 88 123 2 -0.00263933232 -2.28334379
76 77 94 109 2 -0.000785416574 -5.32825708
0 0 0 0 2 -0.378716707 6.52598953
0 0 0 0 1 -0.947781205 7.78845453
46 49 86 121 2 -0.00122415042 -3.36937404
103 111 141 148 1 -0.000943138613 -1.48221326
55 55 69 76 2 -0.000471431966 -3.12469411
0 0 0 0 2 -0.00565626053 4.43130302
181 185 39 74 2 -0.000490139937 -3.30616045
116 117 128 136 2 -0.000292522804 -1.53588581
0 0 0 0 2 -0.000263077149 5.30949306
44 47 70 76 2 -4.12462032e-05 -4.53474617
103 103 58 93 2 -0.157424569 -1.55307174
83 87 52 59 2 -0.000135060924 -3.37302589
103 107 44 79 4 -0.000141134879 -5.33878613
121 124 63 78 0 -0.0112634404 -3.99244595
83 87 67 72 2 -0.000436362578 -4.07924843
90 90 44 55 3 -0.0024046551 -2.10521793
131 135 51 74 1 -0.000456353358 -4.58220959
0 0 64 71 2 -0.566672981 -0.273106098
60 63 40 45 1 -0.000277853018 -5.78928757
111 115 137 142 4 -0.000721539429 -3.7666471
38 42 75 106 2 -0.34686017 0.378917634
0 0 0 0 3 -0.234203264 3.65925193
55 59 88 119 1 -0.00169883191 -2.33733654
0 0 0 0 2 -0.000310642383 4.33930397
29 30 37 42 3 -0.000990288681 -4.8199172
110 114 126 134 2 -0.000293949357 -2.47129631
140 145 72 107 0 -0.000126475104 -3.87265921
129 136 177 212 2 -0.000508994912 -1.73814034
104 107 123 128 2 -1.04908097 -3.49011827
49 52 60 65 2 -7.10478853e-05 -3.97268867
63 63 100 107 3 -0.000436610921 -2.69466496
161 161 102 137 3 -4.14845672e-05 -2.90421081
0 0 0 0 3 -0.0906348452 5.18543243
71 77 107 142 2 -0.00473145023 -4.58074474
133 133 183 218 3 -0.16795148 -3.84081054
125 126 48 55 3 -0.000532104634 -3.12306619
0 0 0 0 2 -0.0183931943 4.38039255
124 127 36 71 2 -0.00084102992 -2.11672425
40 45 49 56 3 -0.542056859 -1.55996919
56 56 28 35 2 -0.665893972 -3.02546668
47 52 66 70 2 -0.00481723109 -2.02349377
142 146 164 167 1 -0.00160838128 -2.3285687
108 110 58 93 4 -0.0202439968 -3.1936934
0 0 0 0 2 -0.0390685908 6.68928576
71 76 40 44 4 -0.0330296271 -0.970956922
112 114 44 79 3 -0.00330708153 -3.64413238
101 101 79 86 3 -0.0139346644 -0.516906202
0 0 0 0 0 -0.0129437223 3.78797555
47 54 59 63 1 -0.0059489673 -1.96814418
91 92 58 61 2 -0.0465311483 -2.16337347
46 48 65 76 1 -5.90078962e-05 -4.26798582
146 151 117 128 0 -3.43321044e-05 -3.31120396
0 0 0 0 0 -0.00626367098 6.26145411
93 97 23 26 0 -0.126363486 -1.89115381
51 58 120 155 1 -0.0411969386 -2.26682281
112 115 129 134 3 -0.110009491 -3.02446985
112 112 127 131 3 -0.00276274467 -4.00346756
91 95 46 81 4 -0.0304517411 -1.06077647
69 73 87 122 1 -1.89542206e-05 -6.36985588
84 84 99 134 3 -0.000289998396 -3.17684269
108 114 128 135 1 -0.000248300057 -2.63947105
105 105 90 98 3 -0.00150812301 -3.09397078
0 0 0 0 1 -0.0392316096 3.30639243
100 107 45 52 1 -0.222142458 -4.62955332
0 0 0 0 2 -0.057909701 6.35219574
139 143 52 58 1 -7.36707661e-05 -1.97438502
79 79 89 120 3 -0.0372584686 -1.03649688
59 59 73 78 4 -0.00375587167 -1.99974108
136 138 161 196 2 -0.00736447889 -3.23446012
116 117 97 106 3 -0.00197703019 -3.01671481
0 0 0 0 1 -0.0120215341 6.86482906
57 61 130 141 2 -0.00937410165 -0.979604185
87 91 45 76 0 -0.000358196208 -4.50666285
148 149 101 136 3 -0.0712270513 -1.80867314
36 38 74 85 2 -0.64652884 -2.95636249
47 53 62 66 0 -0.000882269989 -1.6090219
0 0 0 0 2 -0.0184313096 6.92433405
16 18 112 154 2 -0.560987473 1.16018915
126 130 169 177 1 -0.202249512 2.1052947
0 0 0 0 3 -0.00233958126 3.85548091
42 46 77 112 4 -0.00193278748 -3.89912271
100 104 34 41 0 -0.000727436738 -2.49154425
0 0 0 0 3 -0.0378308147 4.8645587
54 54 111 118 2 -1.20286059 -1.1200316
110 113 135 158 1 -0.02733583 -0.444481492
34 34 42 57 3 -0.00113776734 -1.95422363
99 99 113 121 3 -0.00249214075 -2.42420125
0 0 0 0 4 -0.0637315735 4.15112209
109 116 133 168 0 -0.0572465286 -3.57474852
0 0 0 0 2 -0.0652743727 5.36441183
0 0 0 0 2 -0.487225652 7.58064508
78 84 39 44 1 -6.99751108e-05 -3.76731658
52 58 94 117 2 -0.00203312002 -5.21640635
131 135 95 101 4 -0.000426333863 -4.77669287
44 50 75 86 4 -0.000778284506 -3.07007575
40 43 123 126 2 -0.00208180281 -4.75921631
47 51 22 28 3 -0.00177373877 -3.77554536
100 107 131 138 1 -0.000106806358 -5.57324648
0 0 0 0 3 -1.04747796 7.7300458
30 39 109 144 1 -0.0885877237 0.686011016
0 0 0 0 2 -1.00611365 7.4811511
132 138 152 187 2 -0.00752039533 -4.36060476
38 40 54 62 2 -0.00131788221 -1.84781718
82 86 101 109 2 -0.0012634584 -2.96037483
182 184 37 68 2 -0.355147988 -4.63367033
116 119 128 135 2 -0.561463952 -1.55795288
88 92 98 104 3 -1.00924182 0.81328243
36 39 88 93 1 -0.00690871896 -3.12733603
90 95 125 130 0 -0.00463329768 -0.913564682
58 66 40 47 0 -0.00947836321 -4.6964941
68 72 42 51 3 -0.000822217553 -4.98403645
126 132 48 83 2 -0.0003939452 -3.71426415
108 115 128 133 2 -0.0439221635 -0.89856708
0 0 0 0 0 -0.000961771118 4.61929083
51 55 131 138 2 -0.00239671627 -6.30690575
0 0 0 0 2 -0.737520516 2.53872728
49 52 79 102 0 -0.00781904068 -3.59433508
132 132 105 110 3 -0.000214448344 -2.21264958
214 215 159 194 2 -0.0592580102 -4.04991245
187 191 62 71 3 -0.00416454626 -3.81680536
39 40 20 27 2 -0.0826808959 -3.37238121
0 0 0 0 2 -0.0307262111 4.46693182
120 120 95 106 3 -0.000413382775 -3.38346791
39 42 115 117 4 -0.00107668899 -2.31091189
154 159 126 135 2 -0.00910252053 -2.52309489
103 106 36 59 3 -0.119233593 0.306961536
64 65 76 111 2 -0.0274103079 -3.6060555
112 114 40 42 2 -0.0046232054 -4.26472425
57 63 123 129 2 -0.000341040024 -2.21514893
133 133 47 82 3 -0.000526005635 -1.97195697
0 0 0 0 2 -0.262619734 7.17355299
0 0 0 0 4 -0.870955825 7.39384651
63 64 110 145 1 -0.0026193501 -3.58177662
114 114 55 90 3 -0.151083946 1.48565197
62 66 102 108 2 -0.711629152 -0.261674315
112 119 63 98 2 -0.00188112457 -3.70955563
98 100 118 133 2 -0.425350606 -1.8227303
109 109 131 138 4 -0.00326495245 -4.19734716
0 0 0 0 2 -0.00350352423 2.56803799
123 126 139 145 3 -0.0821977779 -3.03692532
161 164 34 37 0 -0.0823886693 -1.82626247
52 57 75 78 4 -0.00138997333 -2.47490525
17 24 28 32 0 -0.0454485267 -0.386735141
52 59 82 88 3 -0.0290311985 -1.68994308
37 43 23 32 1 -0.00274970452 -1.6878891
59 64 130 135 4 -0.0508435667 -3.51158357
0 0 0 0 1 -0.0324600525 2.57004452
97 97 157 180 2 -0.00745783094 -3.97442961
127 128 82 117 2 -0.000227796918 -3.39754081
0 0 0 0 2 -0.64165014 -0.0451268554
0 0 0 0 1 -0.0327496678 2.80263424
0 0 0 0 3 -0.0260187276 6.10582924
47 50 62 64 4 -0.0669631884 -4.71040869
0 0 0 0 1 -0.00185539166 4.51146841
119 122 137 141 3 -0.0190837383 -4.21787119
41 45 48 79 2 -0.460371345 -2.28967857
93 94 44 75 2 -0.112738818 -4.00568295
109 112 74 81 2 -8.94068398e-06 -5.17597628
49 49 90 105 3 -0.00994489994 -2.31933498
75 80 94 129 0 -6.35374599e-05 -5.62503719
0 0 0 0 4 -0.00106994528 5.43169451
0 0 0 0 3 -0.00759949163 4.95886612
58 63 76 81 0 -1.20788562 0.580670416
0 0 0 0 2 -0.00111489859 4.14343834
0 0 37 60 2 -1.55075073 1.2376945
46 53 105 111 0 -0.00671085622 -1.945683
0 0 95 0 2 -0.799687147 1.92687702
67 74 50 55 3 -8.51134464e-05 -4.55960464
0 0 0 0 2 -0.0750727654 6.46122169
0 0 0 0 0 -0.000971485861 5.27172041
0 0 0 0 3 -0.00484806765 5.64086151
0 0 0 147 2 -1.12839162 1.40974379
25 29 35 58 3 -0.0982261896 -1.03991389
0 0 0 0 1 -0.202914104 5.54642963
98 99 43 66 2 -0.00169357646 -3.85087109
30 34 44 52 2 -0.0930432007 -0.588222742
0 0 0 0 1 -0.708688736 7.65018129
210 211 151 186 3 -0.0226879735 -0.468942493
21 21 32 67 2 -0.00963264517 -5.8622098
93 94 102 113 2 -0.00484129786 -3.44527984
0 0 0 0 3 -0.230159193 6.43789339
57 62 71 86 1 -0.00351569406 -5.61010313
0 0 0 0 3 -0.00701600406 7.40327263
240 241 58 89 2 -1.53083146 -2.5369513
72 75 85 92 3 -0.00129334326 -3.20232081
63 66 82 93 2 -0.00019716534 -3.78258944
56 61 72 107 3 -1.51395489e-05 -3.5329535
103 104 111 115 3 -0.0180403776 -1.53133917
80 86 56 61 2 -9.7750155e-05 -2.77187967
47 47 122 127 3 -0.0987270176 -0.86626339
41 41 76 87 2 -0.116752729 -1.57227302
84 84 90 125 3 -0.252941519 -1.22692966
95 101 81 90 1 -0.000665712985 -2.23276091
0 0 0 0 3 -0.0763853937 4.28101063
62 64 70 85 1 -0.0130324606 -0.843756676
97 99 112 135 2 -0.00350388256 -2.68880725
122 122 59 66 2 -2.90869175e-05 -3.89900351
117 117 98 103 2 -2.65835934e-05 -4.03703403
81 81 89 91 2 -2.45570191e-05 -5.30444002
38 40 55 90 2 -0.00595691008 -3.21052814
136 136 155 170 3 -0.170075476 -0.659884989
76 80 96 119 4 -0.00180607289 -3.99972963
153 158 52 83 1 -0.216274545 0.381393552
77 82 94 117 3 -0.110358484 -0.982942998
0 0 0 0 0 -0.114308193 5.51641798
36 37 113 118 2 -0.00179554929 -3.37977219
107 110 90 97 2 -0.0232539158 -4.8383131
110 112 92 103 2 -0.000193827946 -5.35831499
9 9 20 23 2 -0.619002104 -0.750798225
0 0 0 0 3 -0.42624265 7.2111659
58 58 138 173 3 -0.00108915684 -1.4896915
109 120 135 142 0 -0.00229584146 -3.23788667
75 79 34 49 2 -0.0002070505 -4.53548765
165 169 205 236 3 -0.292010993 -0.270746768
0 0 0 0 3 -0.891758204 7.20416927
0 0 0 0 2 -0.483150452 6.70505428
118 126 201 207 1 -0.000937560224 -2.79415321
0 0 0 0 2 -0.0113326795 3.10615873
96 98 17 52 2 -0.00508451788 -4.94296551
126 129 32 43 1 -0.0234624315 -4.89901352
206 211 133 140 3 -0.309317291 -4.16830111
42 42 117 152 4 -0.00210889964 -5.82801199
22 28 35 70 0 -0.00100041088 -4.18376493
106 108 82 89 2 -0.959286273 -0.991051555
0 0 0 0 2 -0.771664441 7.0176897
0 0 0 0 2 -0.325160682 5.94997263
157 165 72 107 2 -0.000547548232 -4.52586555
0 0 0 0 1 -0.527754724 7.80267382
164 164 213 220 3 -0.192868695 -3.27481055
109 113 54 89 3 -2.82523488e-05 -5.29090166
87 91 36 77 3 -0.401350766 -0.315690845
60 64 83 90 3 -0.0051894905 -2.47255182
0 0 0 0 3 -0.0879142284 3.38121796
92 97 41 76 0 -0.0025348987 -1.99831033
76 80 128 163 2 -0.00555281341 -1.24666119
113 115 124 147 2 -0.239994332 -1.92924476
0 0 0 0 1 -0.00142023631 4.59183741
83 89 98 133 2 -0.000375362841 -3.40878391
129 131 82 117 2 -0.181444436 -0.749322534
103 109 119 125 1 -0.000494159118 -2.07617974
40 44 53 88 2 -0.00720431283 -2.61372232
129 129 100 103 3 -0.018991176 -0.880619168
26 30 98 129 3 -0.000420900527 -3.40855145
0 0 0 0 1 -0.18242161 2.98502183
176 178 145 152 2 -0.433576763 2.54515123
87 87 98 102 3 -0.000635004428 -0.593384027
66 73 156 160 0 -0.0481120944 -0.431493729
0 0 0 0 3 -0.0737600103 4.95609951
38 44 48 52 2 -0.0436103791 0.289134681
74 77 45 50 1 -0.262422264 0.754208744
104 108 57 92 3 -0.0129521862 -2.48608708
0 0 0 0 2 -0.00701731257 4.25155687
149 153 94 129 3 -0.000257703621 -4.85943651
0 0 0 0 1 -0.00275857281 4.65628242
117 124 56 60 2 -0.00585334934 -2.48314047
91 100 37 68 1 -0.70212245 0.419429243
123 126 204 239 2 -0.0212175604 -4.70900536
92 92 115 150 2 -2.09807149e-05 -3.22864461
130 134 69 104 1 -7.68890168e-05 -5.37931728
47 48 53 58 4 -0.151017383 -0.935047746
0 0 0 0 1 -0.00673781475 6.1662159
78 82 58 61 1 -0.00105818128 -1.59620523
153 154 98 133 2 -0.0493470766 -2.86375308
37 41 104 139 2 -0.00823312625 -2.57235599
110 113 125 131 1 -0.00013804136 -2.90549517
138 141 105 113 1 -6.3179541e-05 -3.50274396
0 0 0 0 1 -0.650181651 7.20143795
40 40 83 86 3 -0.000665577478 -1.33532977
92 97 75 78 0 -0.00223158533 -2.96159148
70 74 25 60 4 -0.000347816094 -3.89133596
0 0 0 0 1 -0.933225155 7.07653904
112 116 45 80 2 -0.00172164547 -4.11991358
109 111 123 128 2 -0.0319171511 -1.03329206
90 94 71 75 3 -0.0725456029 1.84392881
35 42 113 128 1 -0.000424587633 -1.99281144
0 0 0 0 3 -0.664013803 6.38497591
80 87 64 67 0 -0.00125930272 -2.30231929
133 133 97 120 2 -0.000155681599 -3.34018683
102 106 116 123 3 -0.0179996565 0.148862302
85 86 51 60 2 -0.0118429875 -2.5021472
138 141 23 58 3 -0.0311261788 -3.50793028
136 139 117 120 0 -0.00048011032 -5.6336298
121 124 58 65 2 -0.00071160763 -3.64357281
70 73 87 98 3 -0.0101225954 -1.80644345
0 0 0 0 4 -0.425891042 7.4767952
94 97 30 65 4 -0.00225209212 -5.27758455
57 61 170 176 0 -0.00199912582 -1.61188078
0 0 0 0 2 -0.0294548124 4.04615259
89 93 31 33 3 -0.416006476 -3.36925268
60 65 86 93 0 -0.00444401428 -1.18127799
142 142 62 66 3 -0.15513593 -0.256514192
186 189 50 65 2 -0.464674056 -3.23454833
91 94 127 162 2 -0.00310135027 -0.981520057
130 131 84 99 2 -0.00836506858 -2.32910299
93 93 39 74 4 -0.0384763665 -1.70746851
41 43 58 65 2 -0.000409815751 -2.78922057
142 147 166 174 2 -0.000146146107 -1.67708945
142 149 162 169 2 -0.0565818883 -0.644992352
0 0 0 0 2 -0.0352778025 3.18021178
30 34 46 81 3 -0.0124186575 -2.43626714
129 133 111 114 1 -0.0499132723 -0.889400482
104 106 114 129 2 -0.105924927 -2.31618285
138 142 160 168 2 -0.0276468955 -3.36220336
0 0 0 0 2 -0.00283154426 6.00198889
197 197 149 156 4 -0.00395842083 -4.42087841
136 136 71 74 3 -0.000393487193 -2.43227267
0 0 0 0 1 -1.04974461 8.24128056
0 0 0 0 0 -0.0716563389 6.90153122
0 0 0 0 2 -0.00159709272 6.07617426
0 0 0 100 3 -2.08112335 2.53419375
144 145 91 114 3 -0.0699838847 -4.01812172
60 60 72 77 3 -0.00682234857 -1.29980946
0 0 0 0 1 -0.0270157717 2.99715519
0 0 0 0 0 -0.0184359383 3.68668675
40 40 52 87 4 -0.00414703181 -1.98297071
128 132 44 51 2 -0.000664244348 -3.74471712
17 20 25 33 4 -0.753876567 -2.65498638
39 43 149 153 3 -0.00558103435 -2.57292271
103 108 59 63 3 -0.15979059 -3.96625137
173 174 158 163 2 -0.00854203105 -4.04488754
100 103 52 94 3 -0.108491689 -3.92261958
63 63 79 110 3 -0.000177973736 -3.39425683
58 64 155 190 0 -0.000165456964 -4.0114069
27 27 44 47 2 -0.000293585064 -2.4758172
21 27 60 95 2 -0.0165830608 -3.17093897
0 0 0 0 1 -0.022230573 2.4965992
55 56 115 118 2 -0.0127568673 -4.3868947
0 0 0 0 3 -0.0761380345 6.73338985
56 59 97 128 1 -0.0116304299 0.471543074
54 60 123 130 0 -0.000423145771 -2.72137356
106 106 52 87 2 -0.00336760795 -2.72924042
33 37 76 85 3 -0.03795195 -1.63655853
93 98 111 113 3 -0.00908875 -4.00855255
202 205 143 178 4 -0.0211154316 -1.67189837
0 0 0 0 1 -0.106580436 4.73467255
112 114 128 136 3 -0.000850082492 -1.42565918
136 136 110 125 3 -0.00636908785 -2.68770933
105 110 121 144 2 -2.53914695e-05 -4.34474611
70 73 80 111 3 -0.000363326806 -2.74047828
98 101 79 87 1 -0.0511643365 0.382397234
107 108 123 126 2 -0.0035019652 -4.25631285
144 146 169 173 3 -0.0230605863 -3.21444488
65 65 79 85 3 -0.000472007436 -1.77436948
0 0 0 0 2 -0.594946325 3.0269413
73 74 149 160 2 -5.65046648e-05 -4.00455236
140 146 42 57 2 -9.39347592e-05 -4.52993441
41 43 58 66 1 -0.00230283383 -3.3198843
46 52 96 105 3 -0.000347337744 -3.4836874
75 75 87 122 3 -0.00480736187 -4.51120996
144 148 115 121 4 -0.00197136635 -1.32865548
109 113 68 75 3 -0.918924272 -0.644006252
104 104 115 130 3 -0.0021796748 -4.4479866
50 55 76 83 1 -0.0736646056 -0.110545844
105 110 177 212 2 -0.00134733412 -2.89959455
55 57 64 67 2 -0.000505701581 -3.00438309
111 114 123 154 3 -0.00167006056 -1.51973724
147 151 105 140 3 -0.000115749936 -2.33177304
66 70 87 118 1 -0.000821811089 -2.59322548
142 149 90 125 1 -9.08356669e-05 -3.65865231
59 63 76 79 2 -0.000260102737 -3.76662827
122 123 51 86 3 -0.0777169988 -2.48004007
142 146 47 54 0 -0.00014495058 -3.95187306
116 116 131 134 3 -0.000301103923 -3.11036348
125 125 134 139 4 -0.695668876 -3.77432036
117 124 147 152 2 -0.0148948226 -6.21596766
102 102 116 123 3 -0.000426564395 -4.24283648
104 106 123 130 2 -0.000640434737 -3.88653016
0 0 0 0 2 -0.000286190247 5.97150517
130 131 51 86 3 -0.00698249741 -1.39241028
21 21 51 86 3 -0.420662433 -2.12456942
46 50 161 196 2 -0.50458014 0.324633539
20 24 95 140 1 -0.0753997043 0.74639076
115 118 63 98 1 -0.00292543555 -3.69168591
55 62 8 43 0 -0.021354517 -3.97816372
102 105 150 185 2 -0.501586556 -0.228317752
0 0 0 0 2 -0.178091958 4.18117857
121 125 0 112 3 -1.75714517 -0.470944524
89 91 27 62 2 -0.621595979 -0.077865243
76 79 93 104 1 -0.172591761 -1.89373469
75 75 85 92 3 -0.0991547108 -1.23856211
56 58 75 106 2 -0.0311662778 -1.03595996
0 0 0 0 2 -0.0105591808 6.98244333
126 127 81 88 3 -0.00317715248 -3.49039102
88 93 73 78 1 -0.00215210416 -2.65090585
0 0 31 38 3 -0.0451835766 0.687550366
103 108 47 54 1 -2.89676882e-05 -4.08905697
0 0 0 0 3 -0.00280045811 4.979918
19 25 29 64 2 -0.0143800667 0.691990674
102 106 118 125 3 -0.000107882646 -2.8163352
119 121 135 170 2 -0.00335308025 -1.61810708
68 68 141 146 3 -0.0182863511 -2.8993082
0 0 85 0 1 -1.03785181 1.29312897
95 100 73 80 0 -0.000297749852 -3.0327487
128 138 105 109 0 -0.0143221971 -0.840335488
127 130 35 41 0 -0.00197117496 -4.63560772
95 95 49 84 2 -0.000899725535 -4.18703365
19 19 40 44 3 -0.374411821 1.22096562
46 49 93 128 3 -0.00156581355 -3.35697699
105 109 32 39 2 -0.000327323418 -4.03576231
43 45 61 63 1 -0.010103439 -1.7922852
109 110 79 89 1 -0.0554343723 -3.77731252
83 87 102 137 0 -0.013475542 -5.24855518
128 131 96 105 2 -0.00204024604 -2.52966857
81 81 48 53 3 -0.0256123766 -0.813132048
106 108 43 51 1 -0.00357334665 -3.41174293
106 108 28 63 1 -0.0014335711 -3.1048007
42 49 142 173 2 -0.00377032068 -4.28140783
88 92 29 34 1 -0.000380969897 -2.28581476
115 115 96 104 2 -0.000768761791 -2.59765983
178 181 49 55 1 -0.101006426 2.30758142
130 132 103 105 2 -0.00977400783 -2.20849252
12 13 18 26 4 -0.02015692 1.26513839
12 18 22 45 0 -0.399755657 -2.04981542
53 56 89 120 4 -0.000236373802 -4.4663496
93 97 107 113 3 -0.00045754778 -3.57070899
60 60 73 108 3 -0.000262481073 -5.54978228
102 102 38 69 4 -8.27296972e-05 -4.62248468
132 135 81 112 2 -0.00151331676 -3.35620475
40 45 67 78 4 -0.0216586553 -0.631564677
110 110 159 167 3 -0.00257047173 -3.3859818
83 84 51 56 2 -0.000240066875 -4.92319298
159 163 45 60 2 -0.000182860909 -3.35422015
97 100 116 125 1 -0.000801336777 -1.69544744
47 47 114 116 4 -7.17632065e-05 -2.88667369
51 55 75 98 3 -0.075289242 -2.79156947
54 58 68 75 3 -0.00051063206 -2.53396606
50 51 60 65 2 -0.0272683371 -4.31208754
41 46 50 73 1 -0.000561760156 -3.02536535
69 73 41 46 1 -0.00816359092 -5.32779026
37 39 43 45 2 -0.0285345335 -0.0428704917
90 93 31 66 2 -0.000112173118 -4.08260202
128 134 81 116 0 -0.00118117779 -6.08671284
55 56 41 49 2 -0.000179284354 -1.89269495
63 67 75 110 3 -0.0172720533 -4.38540173
89 95 56 62 0 -9.69131725e-05 -4.28413773
52 53 67 69 3 -0.00980389398 -2.16602921
41 41 59 64 3 -0.420539707 -4.82192183
67 67 84 119 3 -0.0386282913 -3.11867738
51 54 66 73 2 -0.00129410648 -3.19475651
124 127 65 100 2 -0.000206463956 -4.56241703
111 115 75 82 2 -0.00142481143 -4.59851551
55 55 71 106 3 -0.000810823403 -4.23735666
93 99 76 83 0 -0.000210152837 -3.15833211
47 47 86 92 3 -0.0153310532 -2.25015712
131 132 58 64 3 -0.0058906856 -3.82893419
25 26 79 86 3 -0.0118743293 -4.1689682
64 65 31 38 3 -0.00138674327 -3.08997178
5 5 8 43 3 -0.0383636504 -2.37740469
123 123 89 96 3 -0.000183935495 -3.67454314
136 136 55 60 2 -0.000142806952 -3.74585867
36 36 46 53 3 -9.47698281e-05 -3.35199332
29 30 34 57 2 -0.068921417 -1.37739432
127 127 52 67 3 -0.00185602158 -3.3734231
86 87 99 130 2 -0.00398653978 -2.83660889
44 45 114 122 2 -0.00241896766 -4.35377979
135 137 89 124 2 -0.0017319303 -4.14800453
89 89 144 159 2 -1.11360705 -1.71231961
75 76 62 65 2 -5.03058036e-05 -3.74646807
112 118 40 75 1 -0.000452257984 -3.51139379
57 57 77 112 3 -0.00134970457 -5.31940889
82 83 112 147 3 -0.000487394864 -3.75758505
116 119 49 72 1 -0.000684439146 -0.806896269
109 110 57 59 2 -0.00694827782 -3.45884609
118 118 67 102 3 -0.00121519878 -1.15961015
146 146 54 77 3 -0.0855376422 -0.893324375
69 73 82 113 1 -0.000562616973 -3.28242612
91 91 49 84 2 -0.058621794 -4.34493828
77 79 94 101 2 -0.000291809672 -2.89815998
17 19 40 44 2 -0.00267160824 -2.68754697
63 65 10 25 1 -0.00179446419 -1.87846398
98 99 80 83 2 -0.0128439134 -5.10041666
143 143 72 75 2 -0.00398628414 -1.93840003
127 129 32 55 2 -0.00151764415 -4.91549778
0 0 0 0 3 -0.0197271667 5.60532713
0 0 0 0 3 -9.584277e-05 5.78691864
0 0 0 0 2 -0.149723858 4.0212388
0 0 0 0 3 -0.000846225244 5.21566677
0 0 0 0 3 -0.082849279 3.30333972
0 0 0 0 3 -0.0136941094 3.81577516
0 0 0 0 2 -0.00328265899 5.37087679
0 0 0 0 4 -0.772202194 7.39342499
68 0 0 0 0 -1.22648597 3.68699622
0 0 0 0 2 -0.651485384 7.77546644
0 0 0 0 1 -0.0191279817 3.20697641
0 0 0 0 1 -0.0358911492 2.16863108
0 0 0 0 2 -0.00247224327 5.58281851
0 0 0 0 0 -0.00417059474 5.38252878
0 0 0 0 2 -0.58167398 6.02897978
0 0 0 0 3 -0.00247763563 3.26091695
0 0 0 0 2 -0.000991153996 5.91387415
0 0 0 0 2 -0.605642676 2.62382746
0 0 0 0 2 -0.0497992672 3.50130439
0 0 0 0 3 -0.669877648 5.46969271
65 73 37 41 0 -0.00548165385 -1.35233116
20 23 27 80 2 -1.34836781 -2.81988168
80 85 100 135 1 -0.000140783261 -1.26097369
118 122 34 69 3 -0.00212577474 -1.17332458
61 69 51 56 1 -0.00159726257 -1.63093138
56 59 98 133 1 -0.000261174631 -3.57333469
18 20 36 67 2 -0.0198172554 -2.88138723
163 163 33 41 3 -0.00174082513 -3.69422364
122 126 137 144 0 -0.000478469126 -3.08444858
0 0 0 0 2 -0.614794314 1.70804501
106 107 55 90 2 -0.000589225092 -3.78331804
35 41 51 55 0 -0.000470316387 -3.0042634
166 169 120 151 0 -0.000262714049 -4.64694166
47 51 65 80 3 -0.00371608231 -3.37255406
64 64 52 59 3 -0.000541862799 -2.50580597
25 27 157 180 1 -0.000221246562 -4.32107925
48 48 100 111 3 -0.00213769451 -3.08538508
174 178 127 135 0 -0.0201670006 -1.82043362
78 85 93 97 1 -4.8994425e-05 -3.77286696
48 52 67 82 3 -9.66770749e-05 -4.87678957
51 54 64 66 4 -0.00728322286 -3.8038137
59 62 84 119 1 -0.0347344577 -2.8651619
68 74 135 170 1 -0.203348607 0.127258241
129 132 76 111 4 -0.0041893688 -1.97732568
54 59 73 104 4 -0.000421368924 -4.31862068
43 43 55 66 4 -0.00520014437 -3.43968439
50 54 85 92 4 -0.00246603205 -6.21195459
0 0 0 0 1 -0.0937215611 5.48063707
0 113 0 185 1 -1.3174926 2.40911674
71 72 26 61 1 -0.0421703309 -2.70752025
175 180 128 163 0 -0.000531626574 -2.90731978
0 0 0 0 1 -0.855762064 7.62842798
0 0 0 0 3 -0.0371918492 6.29998302
121 122 58 73 2 -0.0010801279 -3.79227352
87 90 71 75 1 -0.00187638646 -2.41621351
0 0 0 0 3 -0.237674281 7.13119936
99 102 34 42 0 -0.00259569148 -2.02433896
177 184 56 64 0 -0.00881743804 -2.37606144
0 0 51 0 2 -1.940799 4.4788909
45 45 0 67 2 -0.979820311 0.684954107
61 62 178 182 2 -0.0312288366 -2.00072765
173 176 77 83 1 -0.113173462 -2.67090845
126 131 55 90 3 -0.000555161037 -2.83367705
0 0 0 0 3 -0.205827326 2.59261775
148 151 126 134 2 -0.00209410442 -4.8565383
72 77 89 91 1 -7.71268096e-05 -3.35419774
95 98 57 59 1 -0.444374293 -0.391609013
10 11 21 28 2 -0.00497580413 -1.49986339
48 49 63 67 2 -0.00195050065 -3.46645784
43 49 92 101 1 -0.00160746137 -1.65707874
39 41 129 134 1 -0.000180114715 -3.66538906
71 74 142 145 2 -0.00310128764 -4.33658934
72 77 120 125 2 -0.00165520445 -2.5667491
0 0 0 0 3 -0.0186389536 5.01761341
38 45 67 76 3 -0.000209202903 -3.51804852
45 49 64 99 3 -0.000591374817 -4.02290583
33 41 66 101 1 -0.000287514908 -4.09625053
0 0 0 0 2 -0.152195409 3.07003689
38 41 102 113 1 -0.123636067 -1.96652961
58 65 75 78 0 -0.000761193282 -1.65878916
132 133 61 68 3 -0.00276363408 -1.76399207
77 81 96 131 3 -0.000945052016 -4.33067036
43 47 64 99 3 -0.0119988564 -1.10314798
53 53 61 66 2 -0.000215876324 -3.39584398
77 81 116 151 1 -0.297515899 0.598680079
0 0 0 0 4 -0.00575416069 6.21540451
79 83 55 66 3 -0.0808057338 -0.687330604
48 56 35 41 3 -0.180040255 -2.15772748
89 93 106 129 4 -0.00133660052 -2.75652266
79 84 34 45 1 -0.0686810017 -0.500185847
122 122 76 111 4 -0.000195368382 -6.83219528
0 0 0 0 2 -0.0270867217 4.01379251
83 83 95 103 4 -0.000463323348 -2.54730773
90 91 100 106 4 -0.000101445359 -3.17417288
111 112 61 96 3 -0.447990745 -2.89241052
137 138 68 70 2 -0.0538804233 -2.94950509
65 69 29 36 2 -0.00206494215 -3.93010497
81 82 99 110 3 -0.0880122557 -2.65452027
124 124 169 176 3 -0.0133560766 -3.34948039
110 114 130 134 0 -0.0111081824 -3.03450823
105 105 41 45 3 -0.0734112412 -1.91908455
64 69 103 138 3 -0.000188821636 -2.37459922
41 44 123 126 1 -0.000485498575 -3.66511202
65 71 85 116 1 -0.0268929824 -1.82030988
62 69 143 149 0 -0.0120684719 -4.57817411
225 228 129 184 1 -0.769127488 -3.03985786
129 129 89 96 2 -4.589522e-05 -3.55985022
57 61 98 129 2 -0.264595002 -1.18550432
38 41 48 83 1 -0.000333171338 -2.30153513
0 0 0 0 3 -0.91973269 6.63891172
0 0 0 0 3 -0.56197834 6.71879435
57 61 112 147 2 -0.00296270149 -2.17109203
117 120 97 103 3 -3.76698517e-05 -3.90892196
73 78 37 44 3 -0.688551545 -0.237099826
0 0 0 0 2 -0.00172228238 3.48346639
91 99 112 127 0 -0.013316296 -1.35354984
68 74 118 153 3 -0.433746755 -1.55362153
77 81 53 62 4 -4.62527241e-05 -4.8567524
0 0 0 0 2 -0.00235604867 6.18964815
0 0 0 0 1 -0.0413618572 6.00579786
94 97 70 74 2 -0.00181600661 -2.40668273
96 98 68 76 2 -0.000357255078 -1.62641811
41 44 84 86 2 -0.074203074 -2.34394407
87 91 102 137 3 -0.00482075056 -3.4620595
45 45 104 108 3 -0.0124706216 -5.04927588
197 200 124 159 2 -0.332306802 -2.07489514
0 0 0 0 2 -0.0276413877 3.53874564
37 37 88 93 4 -0.418979794 0.156252861
102 106 53 88 1 -0.0155157764 -0.966740489
67 69 105 112 3 -0.000416587282 -3.40716887
25 29 34 39 4 -0.0533109158 -0.0325141847
111 115 128 139 3 -0.000195972534 -5.01007175
31 36 95 110 2 -0.000413958682 -4.21307278
91 94 69 74 1 -0.000316458638 -4.56475973
0 0 0 0 3 -0.141774803 7.05628729
110 114 123 130 4 -0.000617864076 -5.10168505
107 110 67 102 1 -0.121342853 -3.05740309
97 102 126 161 3 -0.00320415501 -3.30768442
0 0 0 0 0 -0.0455248542 6.18415737
104 107 82 89 2 -0.000148171021 -5.83590698
0 0 0 0 1 -0.155751243 6.7072649
0 0 140 147 3 -0.814804614 -0.552657545
37 39 44 51 2 -0.319038808 -2.98641968
143 147 39 74 2 -0.115236215 -1.54856539
0 0 0 0 2 -0.127223194 6.67667055
50 54 69 84 3 -0.000216586617 -3.75345373
78 81 23 58 1 -0.940227151 0.68263799
128 133 111 116 1 -0.000380956888 -3.10345101
82 84 56 64 4 -0.000146147358 -2.76717091
56 61 83 118 2 -0.00806230213 -4.19008684
75 83 39 62 2 -0.00216747145 -2.57047939
159 161 49 84 2 -0.00150131271 -2.25833964
104 112 80 88 0 -0.000884423556 -3.66648173
134 141 106 113 0 -1.09566319 1.71633744
93 100 44 79 2 -0.000241375164 -4.78079414
52 54 64 70 2 -0.00237916806 -2.54694486
69 71 85 92 1 -0.024964571 -4.81479836
50 54 123 158 4 -0.141018525 -0.806430459
121 123 48 54 1 -0.00626688916 -3.75511932
78 84 126 161 4 -0.00543303601 -1.84959507
73 75 87 92 1 -0.00679457653 -3.56057692
88 91 69 73 2 -0.00112953642 -4.27768326
105 106 115 123 4 -0.00671584066 -1.41909266
106 112 131 136 1 -0.0924365222 -2.24837613
136 144 101 106 0 -0.00185811322 -1.45246983
117 117 55 66 2 -8.7140339e-05 -3.25744247
90 92 46 61 2 -9.97745883e-05 -4.49958754
82 85 94 129 2 -0.0317190588 -0.813736975
98 104 81 86 3 -0.124780089 -2.34313822
95 96 107 112 2 -0.00421425141 -3.10386896
137 140 71 74 0 -0.0191818327 1.52422071
21 25 51 58 4 -0.0703351498 -1.60539246
103 109 124 147 2 -1.66166806 1.42370367
75 79 42 47 2 -2.65835588e-05 -3.17265344
127 127 41 48 4 -0.00581083447 -1.09445715
0 0 57 0 3 -1.45204687 0.684448898
121 124 143 151 2 -0.000449494895 -3.9715066
0 0 0 0 1 -0.462428451 8.04666805
0 0 0 0 2 -0.0138672693 2.05341649
129 129 56 61 3 -0.00131764961 -2.24107599
64 68 79 86 2 -0.00607776269 -2.6403904
127 131 60 95 3 -0.000775506138 -4.9663434
191 157 174 180 2 -0.61399287 -2.00270605
0 0 0 0 3 -0.397962123 7.22148275
79 88 25 32 0 -0.00130382413 -2.58808589
31 35 63 70 0 -0.464611977 -2.85621786
141 145 158 163 4 -0.000805477786 -2.0112462
124 125 54 77 1 -0.0172426924 -0.246242419
46 50 54 55 2 -0.0646375194 -3.7443161
45 49 69 73 0 -5.84116133e-05 -3.46530557
127 127 52 58 2 -2.00270842e-05 -3.33690286
26 30 174 209 3 -0.69099474 -4.29957628
125 131 88 111 2 -0.00357839791 -4.48634672
59 66 86 92 0 -0.279219776 -1.46868825
138 138 57 64 2 -0.145226523 -5.42216253
8 12 18 53 4 -0.0332168713 -2.4099381
131 131 56 91 3 -0.00523426151 -1.32757568
178 178 107 142 2 -0.000469414983 -4.44118166
0 0 0 0 2 -0.179355472 4.7593894
136 140 202 211 2 -0.0187812671 -2.72928548
158 164 179 183 1 -0.00463900203 -3.28413558
120 120 96 103 3 -0.00549862534 -1.96622109
0 0 0 0 1 -0.00114596286 2.96980143
122 126 80 115 2 -0.000271415251 -4.01684952
195 197 81 89 2 -0.0119879302 -6.12642908
35 39 47 82 2 -0.000350094284 -2.7547183
0 0 0 0 2 -0.0299870353 3.42711544
95 100 69 75 4 -0.00125347718 -1.73242617
108 112 123 158 2 -0.000605761306 -2.18668628
141 148 41 86 3 -0.194443822 0.771531999
0 0 0 0 1 -0.00126227201 5.56397247
133 134 52 59 3 -0.00939855259 -1.02657747
0 14 0 0 3 -0.8771981 3.31802845
102 107 33 38 2 -0.000911157753 -4.1870265
0 18 31 37 3 -0.614412904 1.07632637
88 96 58 64 3 -0.000405127939 -5.59222078
0 0 95 97 3 -0.119560607 1.42661476
205 210 226 165 2 -0.43656373 -2.24084067
37 38 56 61 3 -0.00108298822 -3.34153724
82 88 101 108 0 -0.00220980635 -2.73031044
0 0 0 0 3 -0.590178668 4.8939724
102 103 116 127 3 -0.00110593322 -4.28138304
49 52 69 77 3 -0.102783546 -5.25543642
222 186 53 68 3 -0.698193431 -2.54174542
131 137 61 96 1 -0.00140776869 -5.13897467
0 0 0 0 1 -0.000343065651 7.38037205
65 65 81 88 3 -0.00872407481 -2.51134229
79 83 32 67 0 -0.000730658765 -4.58702374
50 50 124 132 4 -2.50337835e-05 -3.8972075
111 118 43 51 2 -0.00084814796 -2.5461688
130 131 53 88 1 -0.010031091 -2.20891237
98 102 118 120 4 -0.0243367776 -2.79564524
44 49 121 126 4 -0.00704281125 -4.23145533
0 0 0 0 2 -0.0727087557 7.60594702
0 0 0 0 3 -0.00241406146 5.3367939
0 0 0 0 4 -0.849004626 7.41440153
30 35 55 90 1 -0.10090436 -0.545177579
112 112 54 77 2 -0.248375997 -2.19656801
36 36 48 51 2 -5.14979401e-05 -3.84971666
66 67 74 75 2 -0.197406411 -0.327150881
19 22 38 40 2 -0.000569659693 -2.70785093
118 122 38 73 2 -0.00212499313 -3.96682549
0 0 0 0 1 -0.328181773 1.54425073
82 87 107 115 1 -0.00756254094 -2.62615871
78 79 87 89 2 -0.000113245434 -3.85063863
60 61 78 93 2 -0.016696386 -2.09025645
123 123 48 83 3 -8.74972611e-05 -3.94037509
63 68 47 50 0 -0.000963472237 -3.41648221
60 62 79 86 2 -0.000407073763 -4.26996899
0 0 0 0 3 -0.509146571 7.83049917
73 79 152 160 1 -0.00139484985 -1.80201101
124 124 107 112 4 -0.000161643547 -3.94481349
65 68 129 132 2 -0.00758457789 -4.91790867
111 117 92 97 2 -0.0448053516 -0.643906474
0 0 0 0 3 -1.12038398 6.44613552
99 101 171 178 2 -0.000660004327 -5.77041006
83 86 176 183 2 -0.00549153797 -3.09594941
28 29 37 72 2 -0.0195426084 -0.195912242
91 91 23 46 1 -6.22264779e-05 -2.61599851
0 0 0 0 1 -0.647956192 7.75379705
72 76 27 62 4 -7.22397963e-05 -3.86280107
0 0 0 0 2 -0.830697954 7.06160975
120 123 60 63 2 -0.170099661 -3.31133318
0 0 0 0 0 -0.00399326533 5.04637194
0 0 0 0 2 -0.000431262946 5.54201317
67 74 182 217 1 -0.00294023613 -3.0639782
186 192 111 142 2 -0.00253600371 -1.72537875
55 56 119 0 3 -0.881046772 2.6670928
0 0 183 185 2 -0.859753251 2.599756
113 113 30 35 2 -0.000278342661 -2.00489068
0 0 0 0 2 -0.741451383 6.72930384
91 95 85 86 0 -0.000390380796 -4.23353672
67 72 41 49 4 -0.190295935 -0.0231778622
151 154 179 194 2 -0.00298941112 -3.83276892
25 28 41 76 2 -0.000188345744 -3.85136056
124 126 103 109 2 -0.00241261418 -2.97853994
0 0 0 0 2 -0.188333049 6.83344173
106 112 44 79 0 -0.000759918999 -3.26584744
114 118 131 135 3 -0.000704377191 -4.71588898
50 52 64 70 3 -0.000130648317 -3.01169252
54 55 124 132 2 -0.00878947973 -2.62904263
136 141 42 50 3 -0.000813800958 -2.63993907
156 159 37 44 2 -0.0470667668 -4.58722973
110 112 45 49 1 -0.013979353 -3.76650167
60 64 36 40 3 -0.000285018032 -4.00298595
33 35 64 71 2 -0.213673413 -0.143556476
102 0 69 73 2 -1.12305808 -1.54486465
64 65 44 49 2 -0.528078854 -0.340983212
65 65 129 136 4 -0.00127272354 -2.5027051
84 72 124 128 3 -1.584167 0.56218642
41 48 89 124 0 -0.104929358 -2.52182293
150 151 46 81 1 -0.0554029606 -3.9708178
70 71 45 48 2 -0.00889572874 -5.4477458
0 0 0 0 2 -0.0202488117 3.35013652
39 42 94 129 1 -0.149195045 -4.40091658
177 180 25 56 1 -0.0684082806 -0.325475246
172 175 84 119 4 -0.0091078328 -4.35937452
222 222 75 110 2 -0.248829365 1.34200096
0 0 0 0 1 -0.485182345 6.71969604
96 96 68 76 2 -0.000698767893 -3.5589931
28 28 39 44 3 -0.000111339788 -1.54586315
26 28 47 55 1 -0.0011984834 -1.2690239
130 136 96 102 0 -0.00426668441 -3.63428521
99 101 117 122 2 -0.000657313853 -6.15195084
92 96 63 70 1 -0.0124361748 -5.01514006
51 57 135 142 0 -0.00342172873 -2.2382977
0 0 0 0 0 -0.254125118 5.94900799
79 84 92 94 0 -0.00125850656 -1.57907414
141 146 54 57 0 -0.698288321 -4.05030107
0 0 0 0 2 -0.183893442 7.45860529
35 39 55 63 2 -0.0227655619 -0.177954137
100 101 108 112 3 -0.0112680215 -0.439254522
47 47 81 87 3 -0.162139565 -2.03299308
45 50 65 67 1 -0.0125495652 -2.08048677
0 0 0 0 3 -0.119721599 6.29929829
50 54 73 79 0 -0.0139458906 -2.20975757
0 0 0 0 3 -0.000881963526 4.8539238
0 0 0 0 2 -0.0499463491 5.03252316
0 0 0 0 2 -0.000357957906 5.95641518
169 170 96 131 1 -0.400270343 -5.57035303
98 102 33 39 1 -0.00743808504 -3.13069677
149 150 97 105 2 -0.00283860532 -3.04744649
69 69 95 98 2 -0.00022957586 -2.93006563
63 64 92 99 2 -0.302363098 -1.11943793
165 166 42 73 2 -0.132926255 -0.133816063
40 45 103 126 3 -0.000202644602 -4.88277626
81 88 101 108 0 -0.0018392232 -2.58368492
107 112 121 132 0 -0.00610540528 -1.5455699
0 0 0 0 2 -0.000329109025 4.80247402
52 55 64 79 1 -0.00147157861 -3.37413907
111 114 72 75 0 -0.00229330361 -2.24272466
99 101 115 119 2 -0.000554697355 -3.47153258
39 41 92 127 2 -0.000418506854 -2.90679765
29 34 50 58 0 -0.0038234524 -4.24933767
161 162 44 79 2 -0.00247104978 -4.49404526
168 168 185 196 3 -0.0573470108 -2.59376216
136 141 52 87 2 -2.51530801e-05 -4.04586124
67 67 83 106 3 -0.000164263765 -5.09211445
105 105 84 88 2 -0.0219018646 -0.532296777
18 19 61 66 3 -0.000917438243 -4.72315168
85 87 119 127 2 -0.000404683233 -1.91260171
57 65 111 146 3 -0.00514634699 -4.41815948
51 55 70 81 3 -0.00131482619 -3.74732256
143 152 79 84 1 -0.153876126 0.0895530581
64 66 131 166 2 -0.000473342661 -3.51853204
107 111 126 161 4 -8.51140576e-05 -3.59134364
36 43 103 134 2 -0.0931710005 -1.21841264
0 0 0 0 3 -0.0229988713 7.7147851
165 171 41 48 3 -0.0155835478 -4.25001144
116 123 46 81 1 -0.000718468917 -3.52809286
0 0 0 0 2 -0.419757485 1.28291368
131 135 81 88 3 -0.000114557872 -3.7566669
142 143 66 101 3 -0.055124037 -2.29512596
89 89 67 74 2 -5.59082473e-05 -4.23890209
121 124 133 148 1 -0.000358915655 -2.1342845
180 184 206 212 2 -0.00213885494 -5.67637968
81 87 110 133 1 -0.000711816479 -3.24071884
0 0 0 0 4 -0.384625226 8.01525688
59 71 125 131 0 -0.000299411651 -3.25761175
90 96 113 117 1 -0.000990340835 -2.36095786
157 161 106 141 3 -0.00949518383 -0.988162816
0 136 153 162 2 -0.744340062 -2.2382381
140 148 169 204 0 -0.101013146 -0.645597458
45 52 100 135 2 -0.0116377939 -0.221611589
0 0 0 0 3 -0.0268539526 5.28296471
80 80 191 222 3 -0.111204647 0.245199442
107 107 88 95 4 -0.000121467929 -3.72366476
100 102 78 89 1 -0.410391331 -2.98121977
0 0 0 0 2 -0.697352588 3.37401938
0 0 0 0 3 -0.231436163 3.08964682
98 102 118 153 2 -0.0276722815 -3.96095514
141 150 50 65 0 -0.00340824598 -2.97630215
31 32 101 104 2 -0.163553238 0.0777937174
0 0 0 0 2 -0.0027591323 5.39843988
138 142 116 123 3 -0.000166289043 -4.06476212
0 66 41 45 3 -0.854002953 0.452643871
52 58 161 166 3 -0.368770391 -5.88767338
120 120 136 147 3 -0.295776278 -5.00432348
186 189 76 111 3 -0.0894735679 -1.82648492
0 49 54 60 4 -0.69039464 0.060981214
29 29 40 44 4 -0.00254255021 -3.45469689
102 0 0 0 1 -1.02787185 2.67557907
0 0 0 0 1 -0.17276898 5.39210939
58 66 137 172 0 -0.000156757364 -4.36869097
76 79 57 64 2 -0.00816482864 -2.66895652
92 93 49 72 2 -0.0053858771 -1.65637636
59 62 39 44 1 -0.00874011964 -3.97844601
62 65 77 83 0 -0.00666302769 -2.22127724
98 102 42 50 0 -0.000109669796 -3.01228213
73 73 43 55 2 -0.00333507359 -3.95085382
0 0 0 0 2 -0.00242550741 6.11646557
55 56 70 85 2 -1.1369313 -3.29530072
122 127 11 22 1 -0.0106604975 -4.82569075
94 101 111 122 2 -0.000531743455 -1.46686244
50 53 59 66 3 -0.00160342711 -3.16681051
62 69 167 174 1 -0.22979331 -1.70774412
58 58 69 104 3 -0.000164384255 -1.89140224
61 61 40 48 2 -0.000300263433 -3.07969356
35 35 100 135 3 -0.388829172 0.587008178
93 98 113 118 4 -0.000156517024 -2.72371984
54 58 71 106 1 -0.00121210993 -2.55882859
76 83 48 63 2 -0.00385223329 -2.53336477
56 58 76 111 2 -0.000256160478 -6.08852386
146 152 109 117 1 -0.00104487711 -1.22390223
79 82 52 56 1 -0.0213613249 -2.59373641
149 151 43 48 2 -0.00166527368 -2.85216141
92 95 111 117 3 -0.00437976141 -0.234180793
127 130 46 77 2 -0.00907214358 -0.203739107
45 48 85 89 1 -0.0108301612 0.924606621
40 41 82 117 2 -0.00085489091 -4.27870178
47 47 66 101 3 -0.000947634573 -3.44964623
148 149 55 90 2 -0.008265418 -3.70365787
92 92 183 218 4 -0.196714088 -0.997728884
40 43 98 129 3 -0.000109551511 -2.43889189
116 119 63 98 3 -0.000421569071 -3.88773155
0 0 0 0 2 -0.0683968961 2.46299291
135 141 110 113 2 -0.00756768975 -4.24444389
55 58 83 106 3 -0.293153107 -4.45764828
85 89 99 107 4 -0.00578573067 -1.06028521
114 117 23 58 3 -0.00646449253 -3.45220375
149 156 40 75 0 -0.00789126474 -4.14194202
122 126 77 112 3 -0.0161459297 -4.31406403
52 59 108 143 3 -8.18957487e-05 -2.6054635
71 71 96 107 2 -0.000180716306 -5.01647663
22 26 31 66 4 -0.207701445 -3.19879007
57 63 43 45 2 -0.0011176418 -2.92383742
59 63 131 166 4 -0.00188689795 -4.32842398
93 94 45 80 3 -0.000591713004 -2.84866071
37 37 47 54 4 -0.0293264091 -2.17380929
0 0 0 0 2 -0.357785791 6.82404566
127 130 45 48 2 -0.000671897549 -5.42963362
89 92 102 106 2 -9.69148532e-05 -4.01809168
168 168 109 120 2 -1.68084462e-05 -4.88125277
154 154 45 80 2 -0.000117418924 -3.21756387
69 72 23 58 2 -0.00590895256 -2.13189483
125 127 79 114 1 -0.025191186 -1.97552824
84 88 20 31 1 -0.0024556322 -0.811542869
89 89 44 55 3 -0.00438411115 -0.844354033
105 113 129 132 0 -0.00332684349 -2.120193
60 64 140 145 0 -0.440737754 -2.66899323
40 44 82 87 2 -0.000841535802 -2.76655865
66 74 35 38 0 -0.000305854686 -3.82186389
51 52 62 97 3 -1.1752007 -0.262386799
40 40 53 88 4 -0.00285209785 -4.8294034
0 0 0 0 3 -0.563256979 6.66773176
40 44 54 85 4 -0.41478458 -2.23813105
96 100 41 50 4 -0.00375979859 -4.10441923
92 92 122 128 3 -0.000223866882 -2.09385085
65 67 81 116 4 -7.14055786e-05 -4.33691025
100 104 69 73 4 -0.00283182994 -1.94925022
40 48 60 68 1 -0.00235835137 -3.74272943
0 0 0 0 2 -0.000480948045 6.18731022
0 0 0 0 2 -0.430663437 5.90890455
110 116 46 53 2 -0.00189940573 -3.61847067
76 78 62 65 1 -0.0134672225 -1.83110809
105 110 126 131 3 -0.00205080141 -2.03290677
73 75 92 95 2 -0.435860068 1.98706937
55 61 90 125 0 -0.0010382185 -1.69503808
102 103 115 146 3 -0.182213575 0.311567843
0 0 0 0 3 -0.0825199112 7.00814962
107 107 71 76 3 -0.00114877801 -3.15759897
153 157 127 132 4 -0.00125600665 -2.6942575
0 0 0 0 2 -0.0984777734 6.81908226
24 31 35 46 2 -0.0781409442 -0.199248433
0 0 0 0 2 -0.00425949367 4.90432644
100 100 120 155 3 -0.0197218675 -3.42113304
180 184 38 73 4 -0.000587645918 -2.48996878
32 32 69 73 3 -0.0685888082 -0.368329525
51 58 70 105 1 -0.000893218908 -4.95514822
90 90 103 138 3 -0.000207770994 -2.89750147
0 0 0 0 1 -0.923632383 7.09773016
91 96 121 156 3 -0.00014853121 -2.89458323
41 44 62 69 0 -0.000108835709 -3.43589425
85 87 29 31 2 -0.000841113972 -3.20703363
0 0 0 0 3 -0.539354444 3.94237828
0 0 0 0 3 -0.219773322 3.14610434
0 0 0 0 2 -0.00909573585 4.2310257
105 106 74 85 1 -0.00146681676 -2.48996449
144 147 182 189 2 -0.617832959 -5.57685518
0 0 0 0 2 -0.817347288 -1.69885874
119 123 36 71 4 -0.000263661641 -4.38953829
53 58 127 158 1 -0.000390615169 -1.80441666
72 76 38 41 2 -0.000440643751 -3.95320368
63 66 81 116 3 -0.000403114886 -3.30637765
75 82 95 99 0 -0.00116869831 -0.682276726
201 205 133 138 3 -0.0441523492 -5.16607952
88 89 98 105 2 -0.00754299061 -0.385451913
108 111 120 125 3 -0.0199357197 -2.03523183
62 65 84 119 4 -0.0542287752 -3.63219237
51 51 87 90 3 -0.00579773728 -0.843797982
172 173 80 115 3 -0.0122854952 -1.244344
39 45 100 102 2 -0.000253311067 -2.32362008
117 124 132 139 0 -0.00010752512 -3.1930871
27 27 40 71 2 -0.00193153298 -3.07107663
109 109 122 126 3 -0.006832866 -2.18667793
0 0 0 0 1 -0.114725634 3.64495778
39 39 49 84 3 -0.00295446068 -3.37097263
0 171 0 0 4 -1.4119525 3.90113759
24 27 40 55 2 -0.000621363637 -2.1196363
58 62 100 108 1 -1.96694764e-05 -3.18393278
56 57 70 101 3 -0.0104145724 -2.92034078
58 62 41 48 1 -9.91801498e-05 -3.90317154
122 124 80 103 2 -0.0102868481 -3.33348536
109 109 44 55 3 -0.00821427815 -5.0284481
0 0 0 0 1 -0.591928124 2.47726202
90 90 150 155 3 -0.000292997371 -3.11547923
0 0 0 0 1 -0.796299934 7.58328676
94 98 111 146 3 -0.00053754024 -1.89286375
93 93 70 81 2 -0.000879295811 -2.59760189
110 117 51 58 0 -0.000833703729 -3.00133085
135 137 156 161 1 -0.0140082324 0.736442983
0 0 0 0 1 -0.141871989 3.24035335
86 90 146 152 3 -0.0452449471 2.30207944
78 81 91 126 3 -0.0010515413 -4.35215569
72 75 95 134 3 -0.0224524774 -2.57687926
110 112 62 93 2 -0.000119920485 -3.83588433
0 0 0 0 3 -0.986824751 7.81212378
47 53 83 90 1 -0.158942297 -2.37977934
135 135 115 121 2 -0.154441282 -2.77613974
0 0 0 0 2 -0.280337721 2.94821382
103 112 36 71 0 -0.000314447563 -4.71077204
0 0 114 122 2 -0.251013279 1.75720716
55 55 111 146 2 -0.000431142747 -0.804568231
84 89 58 73 4 -0.00612827949 -4.28077888
78 84 96 101 0 -0.0460366532 -1.39364254
64 70 83 91 2 -0.000249729666 -1.59120178
97 101 35 70 3 -0.00532707851 -0.861786723
81 81 37 72 3 -0.0578336157 -5.12620354
46 46 60 95 3 -0.000111816786 -3.67059898
36 39 91 95 2 -0.00052820344 -3.62298036
0 0 0 0 0 -0.00225123204 5.02560472
50 54 113 144 1 -0.772430062 -0.242005795
118 119 62 65 2 -0.00115657819 -3.31326437
22 27 34 69 2 -0.18674089 -1.6258893
78 78 86 92 2 -0.000904413289 -5.20327377
0 0 0 0 1 -1.04837012 1.55869412
39 42 100 135 2 -0.000113246853 -5.1297226
208 209 90 125 4 -0.0199061241 -2.75749731
0 0 0 0 2 -0.0385695361 2.81839561
85 86 97 104 1 -0.587307096 0.285618365
0 0 0 0 3 -0.0108544445 6.26031685
110 110 90 92 3 -0.000160093419 -2.97674704
119 123 86 93 3 -0.00181205105 -2.7293036
135 138 49 57 1 -0.000564429327 -3.61388993
125 130 107 110 1 -2.6941183e-05 -2.83719754
62 64 36 44 1 -0.00388593832 -3.88106942
100 108 33 68 3 -0.000926410081 -3.46321297
0 0 0 0 2 -0.0710907206 3.22644782
53 57 100 135 3 -0.485238165 1.55810952
38 41 46 67 3 -0.403022885 -1.76287317
128 130 54 65 3 -0.00178965181 -4.77229404
26 31 47 53 3 -0.337046832 -3.32227015
0 0 65 88 2 -1.45233631 -0.422726512
46 49 78 113 3 -0.00185394182 -3.10996342
0 0 0 0 2 -0.0140359271 4.15284681
0 101 180 187 3 -1.30719936 2.07010961
80 83 34 69 3 -0.00433754036 -5.65821123
106 110 160 169 1 -0.341515869 1.09122443
0 0 0 0 2 -0.0005216258 5.57343578
125 129 57 63 3 -0.118294246 -0.470049053
0 0 0 0 2 -0.576207638 1.4664104
107 107 113 0 3 -0.302241296 -0.914616466
90 97 74 80 0 -0.000828400254 -2.44268012
54 58 69 76 2 -0.000268086471 -1.75092554
34 39 43 54 0 -0.00137577509 -4.25473595
25 28 106 111 3 -0.487639219 -1.04674089
110 115 194 199 1 -0.0393625498 -1.80125833
69 73 126 0 4 -0.732357085 -0.823263288
41 45 59 90 3 -0.0027073205 -2.77455711
126 130 46 69 1 -0.00199939986 0.0499226451
0 0 0 0 3 -0.298556596 4.67014933
96 102 78 82 1 -0.000375956704 -3.52112365
123 129 107 112 0 -0.000756592955 -4.65143251
61 64 77 80 2 -0.00248448341 -1.96856618
0 0 0 0 3 -0.00193503452 4.60260773
73 77 48 56 3 -8.8570283e-05 -4.99205685
37 40 86 93 2 -0.0185198262 -1.46942997
76 80 93 100 3 -0.175501987 0.821803629
211 214 182 189 2 -0.00247316179 -3.98125529
146 153 76 111 1 -0.00218418939 -1.39423716
116 119 140 149 0 -0.0353697054 -3.42532659
67 70 49 52 0 -0.000451861502 -5.19946575
44 48 119 0 1 -0.762449682 -0.748226404
185 185 46 61 3 -0.00223228009 -5.13676453
0 0 0 0 2 -0.0765063539 6.86964369
113 115 61 64 1 -0.0118401414 -2.5945909
0 0 0 0 2 -0.228859246 4.38291407
0 0 0 0 2 -0.092016384 3.32354236
89 92 72 75 1 -5.14981002e-05 -2.3526299
231 231 185 220 0 -0.119506612 -3.17322421
145 147 212 105 1 -0.432565004 -0.899469554
0 0 0 0 3 -0.9624964 7.34193087
67 72 101 136 1 -0.00150702975 -3.91777468
60 66 80 87 0 -0.0017341217 -5.21921635
0 0 0 0 2 -0.00118040084 6.49636841
105 113 124 134 2 -0.712186575 0.431044877
87 92 64 72 1 -0.00015115214 -1.12615705
0 0 66 71 1 -1.46728861 3.26003814
0 0 0 0 2 -0.335818619 3.85897183
0 0 0 0 3 -0.0113833183 4.41322899
44 49 63 69 0 -1.3589946 0.1499964
0 0 0 0 2 -0.274058312 5.92745447
126 130 60 95 3 -0.000329686154 -4.35582972
130 133 150 185 2 -0.200022414 -0.642699242
26 34 66 74 1 -0.010988879 -1.90375662
49 51 72 107 2 -0.00150090817 -2.05105782
57 61 76 111 4 -0.00952945836 -2.82110929
0 0 0 0 2 -0.0361847617 4.11450481
114 118 146 155 1 -0.423381925 -4.58964872
151 157 169 177 1 -0.000241866495 -1.95986223
99 101 62 70 1 -0.82337153 -1.27859664
95 99 70 73 3 -0.00357114198 -2.16785312
17 23 28 33 1 -0.0877752304 -0.936976433
0 0 0 0 2 -0.000117657321 4.48179865
32 33 93 102 3 -0.280688107 -5.66332436
72 75 93 102 2 -0.000172485597 -4.94370174
67 71 50 52 2 -0.000466660713 -3.19790888
60 65 98 105 0 -0.00125039939 -2.44491577
0 0 0 0 1 -0.00604361203 4.97019339
69 76 42 49 2 -0.711728573 0.545125663
202 206 176 180 2 -0.000271902885 -1.88365149
78 82 93 128 4 -0.00126753072 -6.19347525
96 96 113 122 2 -0.000252830068 -3.7951839
75 76 92 127 2 -0.00711874198 -2.55980849
63 64 41 48 1 -0.00123973144 0.332500398
100 100 19 26 3 -0.000247110176 -3.68915153
0 0 0 0 2 -0.748369753 7.92654181
143 148 67 102 1 -0.143716574 -2.90831351
0 0 0 0 2 -0.00906064454 3.56384683
129 137 50 57 3 -0.0558528043 -3.81650639
133 139 149 154 0 -0.00189468137 -3.5810051
115 119 137 145 3 -0.000345329201 -6.04796648
92 94 126 130 4 -0.5575459 -0.472022474
129 130 114 122 2 -0.000167005957 -3.55085659
42 43 106 110 2 -0.6233145 0.607459247
28 32 82 117 3 -0.00499703363 -4.94772768
144 148 74 82 0 -0.00156261295 -2.16707039
83 83 39 41 2 -0.00121490343 -2.5452137
27 32 40 75 2 -0.0312854014 -0.676320076
86 91 107 114 4 -0.000635660894 -1.38352752
123 130 43 78 2 -0.00255257869 -4.52235365
0 0 0 0 2 -0.374995232 4.51223612
0 0 0 163 3 -1.39040244 0.588639438
63 63 45 48 3 -0.000346730463 -3.76610851
32 34 102 137 1 -0.00501087308 -2.02880383
0 0 0 0 2 -0.280526102 6.99216652
57 61 176 191 4 -0.0810915455 -4.41491747
105 109 49 84 4 -6.75904885e-05 -4.5385108
109 115 137 141 2 -0.000383462931 -4.82657576
0 0 0 0 1 -0.373193115 3.81354594
120 124 101 108 3 -0.000120158635 -2.42420173
84 87 63 70 3 -9.54838542e-05 -3.29846597
46 50 77 112 4 -0.000193111744 -2.43188262
0 0 0 0 2 -0.729607821 5.62321186
130 133 83 88 0 -0.00202577794 -0.305489659
75 78 34 65 2 -0.00021540439 -4.4477253
26 30 62 64 2 -0.0010266212 -3.90334868
122 125 60 83 1 -0.0334913433 -1.93973923
30 35 91 96 1 -0.000634842785 -2.42003846
55 55 87 94 3 -0.000456611771 -3.99569964
185 186 128 163 2 -0.0632423535 -0.0975036025
165 170 126 141 2 -0.00040229049 -1.92740273
92 97 109 112 0 -0.00386460917 -2.15782809
116 118 63 69 1 -0.003547851 -2.73445487
77 78 100 104 1 -0.00175466121 -0.729284048
0 0 0 0 2 -0.000546430354 6.22279167
25 28 37 45 1 -0.00261810143 -3.75674701
46 46 86 121 3 -0.127378285 -1.6776669
98 98 109 117 2 -0.00547576882 -3.45544529
0 0 0 0 1 -0.000389173802 5.20115328
44 47 108 143 3 -0.0206724573 -0.369537145
40 41 100 107 3 -0.017920455 -1.13790953
139 144 114 120 3 -0.000655310112 -2.42103314
109 114 147 178 3 -0.0890304521 -3.80608058
0 0 0 0 4 -0.723439157 7.55856419
95 95 105 140 2 -0.0471205786 -2.27934289
34 35 41 76 1 -0.393830657 -3.42340732
0 0 0 0 2 -0.715229273 3.16854811
147 150 105 128 2 -0.00282053743 -4.04156828
101 106 67 68 0 -0.0420689993 -3.83821893
172 172 69 76 4 -0.104452781 -1.76734805
110 115 48 59 1 -0.000480091054 -4.88439608
141 143 46 49 2 -0.0244901478 -0.335461974
53 48 59 90 3 -0.806904614 -2.29201293
122 124 134 140 2 -0.000458326103 -6.50877285
101 104 34 69 1 -0.00781478733 -1.34140265
122 126 91 93 4 -0.000348186994 -1.79513192
66 70 131 134 2 -0.0160216335 -3.95867085
55 62 110 114 2 -0.000196213077 -2.58373737
22 22 93 98 2 -0.00056881184 -2.4062047
0 0 0 0 0 -0.0836002305 3.61925435
90 93 37 72 1 -8.32062069e-05 -3.91528726
0 0 0 0 4 -0.0784457996 2.3311491
0 0 0 0 2 -0.000733527122 3.95349479
37 38 74 105 2 -0.00150002609 -1.82440948
25 28 118 121 4 -0.00838103984 -2.18577003
160 163 111 146 0 -0.00090298109 -3.67654085
57 64 101 108 0 -0.00313616614 -3.96994829
72 76 110 112 3 -0.0636940375 -4.24177837
50 55 175 206 0 -0.0867327005 -1.6090548
42 44 53 55 1 -0.00352516887 -1.49405575
83 87 190 196 2 -0.00167274114 -3.99512744
0 0 0 0 1 -0.300165892 2.4355669
38 43 96 131 1 -3.46897141e-05 -4.21739912
52 56 140 151 4 -0.00455182837 -3.70553827
79 84 58 64 0 -0.15777345 -6.04147816
0 0 0 0 3 -0.0483210348 1.53507066
140 141 110 125 3 -0.00051275891 -4.45640707
107 113 131 166 1 -0.000405371567 -2.07975602
46 47 127 134 3 -0.00366927078 -1.97393441
0 0 0 0 2 -0.293952107 1.81760716
58 63 144 148 1 -0.00767240161 -0.501381457
108 112 132 135 3 -0.000572286197 -2.52339196
52 59 104 111 3 -0.000991313369 -2.47433472
123 124 68 71 2 -0.00128582411 -5.38272619
41 46 164 167 1 -0.0349384807 -2.481071
125 129 141 176 3 -0.000779184338 -3.21046591
0 0 0 0 2 -0.00172542525 4.40113974
75 78 90 125 2 -0.00127428002 -1.77134252
99 103 120 127 2 -1.5377962e-05 -5.44869518
89 92 100 105 1 -0.00170343602 -5.05748081
0 0 0 0 1 -0.0728311092 6.96148777
98 98 48 83 2 -0.100314468 -1.40833569
68 72 44 47 1 -0.00410734769 -4.09006834
0 0 0 0 2 -0.0419210643 4.65804625
0 0 0 0 2 -0.011379363 6.31763172
104 105 178 213 2 -0.0123053612 -6.79759455
59 61 123 127 2 -0.00165169709 -0.67300272
0 0 0 0 2 -7.53395434e-05 4.95540762
91 93 105 107 2 -7.5696953e-05 -4.39778185
106 107 41 76 2 -0.0135358311 -2.24613357
53 53 67 71 2 -8.30869685e-05 -3.39984703
108 112 58 93 4 -2.45569809e-05 -5.96802092
112 116 60 91 0 -0.0269185118 -3.82215142
46 48 66 71 2 -0.00493692048 -3.10933399
90 91 106 113 3 -0.00590170966 -2.26708031
75 77 51 58 1 -0.000117418916 -2.93879461
0 0 0 0 3 -0.516081452 5.95917368
89 91 69 74 1 -4.39878168e-05 -3.21776652
69 73 95 99 4 -1.57355807e-05 -3.2778573
38 40 90 113 2 -0.308757961 0.280367672
0 0 0 0 2 -0.00512971496 4.7031126
93 98 64 75 1 -0.00401480403 -3.4741447
0 0 0 0 2 -0.00010883512 5.47811317
49 50 68 71 3 -0.0130397342 -3.33294773
52 58 133 139 2 -0.00021361548 -2.55101943
120 127 52 87 0 -3.38551945e-05 -4.31296206
195 201 138 173 2 -0.00355710462 -1.86627126
102 90 118 123 2 -0.861280739 -3.95290494
0 0 0 0 3 -0.12656343 5.87625313
0 0 0 0 3 -0.000437641458 3.64899421
167 168 56 91 3 -0.000636473938 -2.48476148
138 142 108 116 3 -0.680355608 1.04268885
105 109 34 69 2 -0.000581722124 -5.41592026
61 62 98 133 3 -0.221444741 -2.9265132
124 124 47 54 3 -0.00283067953 -2.31924152
0 0 0 0 3 -0.069130905 5.07679081
82 84 110 145 2 -0.225165948 -0.43038258
35 39 43 47 3 -0.139165789 -1.4559319
87 89 28 39 2 -0.24480705 -2.79384303
47 50 64 72 2 -0.00126835203 -1.65923309
45 48 162 168 1 -0.000823935203 -2.90481567
112 112 62 97 4 -0.0452671945 -4.03438139
0 0 0 0 2 -0.000560963759 5.75581551
52 56 69 75 4 -0.0407851711 -1.82406187
85 85 101 136 3 -0.0148072364 -3.37789583
104 104 114 119 3 -0.00719958032 -0.193072677
12 18 23 30 0 -0.72279501 -1.36418629
44 54 59 63 1 -0.00487590535 -2.85199046
0 0 0 0 2 -0.253065974 6.88094378
45 47 64 87 1 -0.000106690015 -3.64346051
143 151 110 125 0 -0.000172371714 -3.67191482
0 0 0 0 0 -0.00128099974 6.15283871
62 65 24 32 0 -0.0580546856 -3.19811821
26 34 99 59 1 -0.678300321 -5.12168837
107 112 126 133 3 -0.00372206257 -1.95677233
126 127 106 113 3 -0.000639106904 -2.11287141
38 43 49 84 4 -0.00166047085 -2.00827456
53 55 81 116 1 -2.4556979e-05 -5.06373453
47 47 115 150 3 -3.43318643e-05 -6.37336397
111 116 130 136 1 -0.00414100569 -3.62194681
48 48 58 62 3 -0.000418939977 -3.80943441
0 0 0 0 1 -0.024600476 4.30188274
52 55 75 106 1 -0.00355545082 -3.9914465
88 92 115 126 2 -2.92061359e-05 -5.42182875
147 150 167 173 1 -0.000285369286 -1.30372727
89 89 99 122 3 -0.00898992643 -1.85466862
60 61 75 84 4 -0.00466782926 -3.38292336
176 180 96 131 2 -0.0191650409 -3.86093307
117 118 98 107 3 -0.00435745064 -2.48275089
0 0 0 0 1 -0.00275002257 6.28288364
169 174 76 99 2 -0.0157494061 -0.927803695
92 98 124 135 0 -0.000110385205 -3.54814315
137 139 90 125 3 -0.446772575 -1.10503078
173 174 99 122 2 -0.0114533249 -2.69109297
55 59 68 70 0 -0.0100629618 -1.31553257
0 0 0 0 2 -0.0156093957 5.23615599
16 19 110 149 2 -0.0345809497 -1.49865055
59 61 124 132 1 -0.397738755 2.21216893
0 0 0 0 3 -0.232599199 2.55234313
143 148 34 69 4 -0.00453376584 -2.472224
44 48 34 37 0 -0.00167856552 -3.16714668
0 0 35 0 3 -1.22030151 2.78815985
81 105 46 53 3 -1.04538262 -1.85815072
125 128 150 157 1 -0.74058342 -0.854775727
34 34 42 53 3 -0.000729831925 -1.8420136
0 0 0 0 2 -0.338572204 1.77283359
0 0 0 0 4 -0.731131196 7.72262239
184 187 54 89 0 -0.0021218427 -3.56005764
0 0 0 0 2 -0.00577156991 5.96084642
0 0 0 0 2 -0.413432539 7.08894682
28 32 76 82 1 -0.0345742367 -1.70936728
72 78 112 143 2 -0.000304924324 -4.71479511
60 64 125 127 4 -0.00199196045 -2.81753397
115 120 54 66 4 -0.0313941725 -3.9033668
52 59 42 46 2 -7.42663397e-05 -4.34972668
87 90 63 68 3 -0.00290062348 -3.74633765
97 103 53 76 1 -0.000335291174 -4.41678715
0 0 0 0 1 -0.621590853 7.40459108
30 37 50 85 1 -0.138771564 1.25047612
0 0 0 0 1 -0.222624108 2.98771763
201 206 146 181 2 -0.00116439373 -2.92474723
45 46 60 62 2 -0.0123847639 -1.62022042
104 109 43 47 2 -7.02131365e-05 -4.28554821
194 195 148 159 2 -0.0101066548 -3.91149497
134 135 91 114 2 -0.799271762 0.0894696116
84 87 93 99 3 -0.358254582 1.17903543
56 59 41 43 1 -0.0102304127 -1.94137287
85 92 119 121 0 -0.00228740741 -1.2821418
138 145 42 65 0 -0.000328391732 -4.95092249
92 96 71 75 3 -4.58951399e-05 -4.281425
148 155 48 83 2 -0.00048522235 -3.9213872
55 60 91 93 2 -0.0324055105 -1.19034111
0 0 0 0 0 -0.00374101475 3.46992803
130 136 61 66 2 -0.00370323355 -5.82458544
0 0 0 0 0 -0.0860849321 3.75879169
89 92 68 79 0 -0.000267734635 -2.59520435
118 118 90 96 3 -3.42128733e-05 -3.04735303
227 0 97 132 2 -1.28527105 1.20579863
184 188 136 142 3 -0.0100574065 -3.64405155
22 26 59 68 2 -0.000134584436 -4.5269475
0 0 0 0 2 -0.131548539 5.77459097
118 118 86 93 3 -0.000200858325 -4.71559525
39 42 113 115 4 -0.00891098194 -2.39718008
201 206 60 64 2 -0.0298930816 -3.53071451
0 0 0 0 3 -0.588811398 7.35190344
62 65 76 111 2 -0.000165339225 -4.01578856
142 144 92 98 2 -0.000555864535 -4.28749084
109 114 90 98 2 -0.0847503021 -0.595563352
74 74 120 155 3 -0.000460687908 -1.7903502
0 0 0 0 2 -0.79773736 7.55053759
0 0 0 0 3 -1.34859443 7.59989691
55 60 106 141 1 -0.300675005 -0.0228359401
123 124 73 108 3 -0.209283769 1.07191133
59 63 99 104 2 -1.19719434 -0.295645595
161 165 93 128 2 -0.00102606462 -4.19042492
72 74 138 145 2 -0.697352648 -3.2696507
0 0 0 0 3 -0.0116652446 1.9209044
0 0 0 0 2 -0.266301394 3.87776208
124 129 142 149 3 -0.0214933474 -1.88825846
85 218 85 91 0 -0.995568931 -1.12814474
44 48 66 73 4 -0.00139392843 -1.40292072
17 26 30 35 0 -0.0190842953 -1.81537223
142 148 159 165 3 -0.146755263 -1.76651025
84 91 25 34 1 -0.00319967372 -2.58233619
108 112 219 227 4 -0.0720589831 -4.68697309
0 0 0 0 1 -0.271217227 2.32666135
152 153 130 145 2 -0.0272078812 -1.49933219
141 144 56 91 2 -0.000249960809 -3.46223378
0 0 0 0 2 -0.894319057 4.8245244
0 0 0 0 2 -0.258439064 4.93823242
0 0 0 0 3 -0.73841083 7.34300709
47 50 62 64 3 -0.375317931 -4.51898909
0 0 0 0 1 -0.00413697585 4.63467693
184 188 159 166 3 -0.0181483123 -1.85770559
45 49 52 75 3 -0.507018983 -2.71045113
118 121 45 76 2 -0.174563572 -0.319115162
67 67 47 55 2 -8.55906983e-05 -4.32353163
61 63 89 120 3 -0.00638748752 -2.65644932
41 46 86 121 0 -0.00230182218 -5.14595222
0 0 0 0 4 -0.0249475259 4.45351028
0 0 0 0 3 -0.00145424332 3.33252048
49 58 71 75 0 -0.169676811 -0.73376894
0 0 0 0 2 -0.000248293974 5.21537781
36 38 139 146 2 -0.202236086 0.0559719205
84 91 45 50 0 -0.00014304767 -1.1392833
43 46 94 97 2 -0.00382563565 -2.78089309
97 105 48 52 3 -0.003113396 -4.9286623
0 0 0 0 3 -0.39186269 6.52483082
0 0 0 0 0 -0.00267871632 5.88973951
0 0 0 0 4 -0.0442885421 4.56430578
123 127 142 150 2 -0.0826704353 -0.0796455145
28 32 38 69 3 -0.559894621 -0.0117082596
0 0 0 0 1 -0.0682019368 6.83162117
160 161 43 50 2 -0.0105312485 -4.6629734
28 28 38 45 2 -0.0605203323 -2.63251472
0 0 0 0 2 -0.0333108529 6.88275957
94 94 35 70 3 -0.479901195 -0.15638265
119 121 24 59 2 -0.0388775617 -4.4151268
96 99 107 138 2 -0.0122187017 -0.772904277
0 0 0 0 0 -0.243195236 6.8474474
47 53 124 131 1 -0.00135895354 -5.02631998
0 0 0 0 3 -0.00200299337 7.16002131
215 219 80 87 2 -0.0899508148 -3.40552068
77 82 92 115 3 -0.00188081921 -3.70871091
93 96 137 148 2 -0.000859616557 -2.45741534
115 123 134 169 3 -0.000325070461 -2.44021344
105 107 114 122 3 -0.18064633 -0.256661177
58 62 83 91 2 -0.000187988393 -2.78420377
57 57 70 77 3 -0.0122022526 -2.09307742
78 79 42 57 2 -0.0755429491 -0.635739326
88 89 95 130 3 -0.00144732138 -1.27396393
93 95 40 48 1 -0.000237812623 -2.73976493
0 0 0 0 3 -0.126646638 5.33838606
63 66 26 49 1 -0.151474312 -0.501033545
95 99 112 135 2 -0.00014793445 -3.37178302
141 142 56 64 2 -0.00234989566 -3.52740335
93 96 71 79 2 -0.00129434548 -2.81121993
64 68 116 120 2 -0.00015496726 -4.37370729
125 129 55 90 2 -0.0115666427 -2.35141706
0 0 0 0 3 -0.613409221 1.51855516
75 80 96 107 4 -0.000225891461 -4.0543046
140 143 116 131 1 -0.00185773126 -1.61437082
110 116 55 86 3 -0.0160871204 -1.61290216
0 0 0 0 0 -0.0145256165 7.32441807
114 115 33 37 2 -3.49281399e-05 -3.96259141
55 60 40 45 2 -0.000258430606 -4.01079845
96 97 118 133 2 -0.000422673707 -4.74814224
14 15 19 22 2 -0.325282544 1.44798875
107 107 118 0 3 -0.723002851 -0.670149505
163 163 83 118 3 -5.03058145e-05 -2.85543227
113 120 135 166 0 -0.0148566868 -0.466202676
48 52 90 113 2 -0.00148544391 -4.69129419
61 65 124 139 3 -0.000367813715 -4.70103025
0 0 0 0 2 -0.706802189 7.01371002
120 128 53 60 3 -0.000540326815 -2.98967242
71 79 111 120 1 -0.0103430655 -0.325627327
0 0 0 0 2 -0.00398318795 3.7623508
33 37 51 86 2 -0.000194899752 -4.48344803
62 66 21 36 3 -0.0170999393 -6.69109726
178 186 82 86 3 -0.122652672 -2.09260774
46 46 63 98 4 -0.00211150153 -3.66801667
22 29 36 106 0 -0.174418151 -4.87747622
50 58 105 128 2 -0.230334148 -2.41749859
0 0 0 0 0 -0.359858692 7.06851387
114 118 38 45 2 -0.00281965313 -3.12422585
127 133 54 89 2 -7.80810733e-05 -3.73352981
0 0 0 0 2 -0.915010273 7.50769138
64 65 213 220 3 -0.127904475 -3.4828229
134 137 37 72 3 -0.000268543896 -6.49562645
88 92 34 78 3 -0.243377358 -0.705965877
110 113 72 80 3 -0.00325418659 -2.30879831
0 0 0 0 3 -0.046579849 3.97317815
165 173 114 149 0 -0.000126120736 -3.35892773
126 127 210 243 2 -0.918018937 0.899360001
105 106 115 126 2 -0.390987813 -1.08432937
0 0 0 0 1 -0.00711449981 4.24704933
85 87 96 131 2 -0.000626551569 -4.0059166
48 48 85 120 2 -0.835292459 -1.12592125
108 115 125 131 1 -0.00033160139 -3.52884007
40 45 54 89 2 -0.00737280119 -3.86579061
140 140 72 78 3 -0.00196157536 -2.20154858
119 123 80 95 3 -0.00015925389 -5.61511326
36 40 68 75 2 -0.000186913152 -3.45056486
152 154 119 128 1 -0.747770488 3.81203771
87 87 98 102 3 -0.000383346051 -0.569157004
101 106 152 156 0 -0.00789324939 -1.33247602
0 0 0 0 3 -0.162611514 5.57728863
47 53 57 64 2 -0.169384599 1.47494149
89 93 127 132 3 -0.168837294 -2.41540027
107 111 60 95 3 -0.000395991839 -3.1758213
0 0 0 0 2 -0.0102493139 6.90684462
108 113 53 88 3 -5.7815967e-05 -4.99915695
0 0 90 97 1 -1.83814037 1.91753483
146 149 125 131 2 -0.0307776835 -1.46660352
112 118 53 76 1 -0.00541169755 -1.54845381
70 75 144 179 2 -0.0280747414 -5.0491209
56 59 83 118 2 -0.000764472352 -4.99945688
132 137 69 104 1 -0.00304297684 -4.5193491
42 42 47 54 4 -0.0924243405 -0.798865855
0 0 0 0 1 -0.0216071308 7.02551317
25 29 46 52 1 -0.0144382538 -1.15773368
147 148 92 127 2 -0.00434665941 -3.74713516
129 133 29 64 2 -0.00194168347 -3.44958782
114 116 128 134 1 -0.00116896338 -3.16291404
50 53 134 137 1 -0.000694699062 -3.60148716
0 0 0 0 2 -0.264515817 7.10205841
114 114 173 177 3 -0.00245165452 -2.49955463
111 117 44 51 0 -0.000122783109 -4.53001976
69 72 24 59 4 -0.0627121627 -1.5634234
0 0 0 0 1 -0.897828698 7.15090704
48 51 76 111 2 -0.00176961662 -3.36101246
132 133 70 78 2 -0.000741032884 -1.70169067
70 73 153 159 3 -0.398512393 -0.678605258
153 161 49 80 1 -0.0205233991 -3.11740255
74 78 91 126 1 -0.000479775481 -6.00768232
84 89 63 71 0 -0.00605379883 -2.29119086
105 107 51 74 2 -8.12990183e-05 -4.528018
94 99 109 115 3 -0.00336277648 0.02344051
166 167 50 58 2 -0.159156859 -1.59766722
25 28 140 175 3 -0.00709097041 -3.84179497
0 0 0 0 2 -0.197815388 4.92360926
109 110 129 136 2 -0.0159086175 -2.2243526
71 75 89 100 3 -0.120647721 -2.40671039
0 0 0 0 4 -0.994348586 7.3364048
72 75 85 120 4 -0.0038532326 -4.47039938
119 123 101 108 0 -0.00348390872 -2.35663795
0 0 0 0 2 -0.000582862122 5.27935123
35 39 121 124 3 -0.00933063589 -4.11421776
116 124 130 138 0 -0.000840860943 -0.492155939
71 71 47 55 3 -0.00671596266 -0.217413306
37 37 68 75 2 -0.00107902067 -3.7632885
94 97 131 166 2 -0.00262820348 -2.00304341
140 140 103 126 2 -0.00294011901 -2.55164814
44 44 54 89 4 -0.00388992764 -2.35610747
41 44 59 66 2 -0.00175857381 -2.76165247
44 48 183 185 2 -0.000729419058 -2.26439691
159 164 63 68 2 -0.00964255445 -1.56659102
0 0 0 0 2 -0.0288690031 2.78898144
36 41 95 130 3 -0.283162296 -0.522214293
87 93 139 147 1 -0.0669959038 -0.263675123
97 101 109 116 2 -0.00164678751 -3.42152452
64 64 82 87 2 -0.000278334017 -4.8735714
0 0 0 0 2 -0.0173662007 3.25064254
192 192 147 151 4 -0.000679290562 -4.75391388
69 69 49 57 3 -0.000347932713 -2.64749861
0 0 0 0 2 -0.0566726066 4.58484507
0 0 0 0 0 -0.105434582 7.02001667
0 0 0 0 2 -0.000750517182 4.3363142
0 0 0 0 3 -0.195123494 2.14136577
101 103 116 123 3 -0.150616899 -3.99349213
66 66 78 82 3 -0.00144937681 -0.868130565
0 0 0 0 1 -0.00835037604 3.69216704
0 0 0 0 3 -0.323061049 4.60135746
117 117 33 68 4 -9.21477185e-05 -5.43139362
89 93 55 61 2 -0.000132438203 -4.15117168
14 18 23 31 4 -0.517714858 -3.1584506
154 158 128 135 3 -0.00188861543 -3.22615147
44 48 79 83 3 -0.113280751 -1.03028035
119 120 63 65 2 -0.00209972006 -1.7356863
87 92 105 111 3 -0.00422879495 -1.9712472
0 0 0 0 3 -0.0607053079 4.07388496
94 99 149 184 0 -0.000205028482 -1.9338479
28 30 47 51 2 -0.0067430269 -3.61460352
102 105 24 59 2 -0.00621257536 -4.17932367
0 0 0 0 1 -0.0350624733 3.21316886
54 61 120 122 2 -0.0132884961 -3.64241362
0 0 0 0 3 -0.0208016969 6.2066803
57 61 70 93 1 -0.00798572227 1.47903538
81 84 50 61 0 -0.000290377473 -2.8519671
182 182 128 163 2 -0.00546347862 -0.3646864
98 103 50 58 3 -0.00181810372 -1.99704766
101 104 20 27 3 -0.00743607152 -3.57167196
153 157 77 112 4 -0.17872183 -2.42791557
52 58 135 170 1 -0.0147889499 -3.18647623
112 114 128 130 3 -0.000748802093 -0.677575707
95 96 120 135 3 -0.0170024019 -3.12857151
107 113 124 131 2 -0.00175290729 -3.37415433
73 73 80 95 3 -0.000161997799 -6.03192139
83 87 106 113 1 -0.00403773086 -1.48202801
105 109 124 128 2 -0.000152816152 -4.47691345
78 78 101 106 3 -0.00951263495 -1.97314858
70 70 48 56 3 -0.000234117251 -1.86631107
101 0 0 0 3 -1.11812186 2.31270075
62 62 72 83 2 -0.000229095138 -4.21494007
43 49 85 100 2 -0.000817244174 -3.66873026
92 97 112 114 1 -0.0018909825 -3.07618713
99 107 54 62 3 -0.000313857396 -1.68689179
129 129 61 96 3 -0.00188402995 -4.63318491
102 106 154 163 4 -0.0038396134 -2.63278246
68 71 107 118 3 -0.000649623049 -1.49767685
96 97 108 123 3 -0.000246038457 -4.91289663
50 58 79 86 1 -0.0738406628 -0.346843004
103 110 46 81 2 -0.000195018918 -2.71642995
55 58 83 90 2 -0.000143164682 -3.49022055
65 69 78 85 3 -0.000507063814 -3.33074236
164 168 99 134 3 -0.00194300001 -2.97201085
107 114 71 94 1 -0.00209339429 -2.17853069
138 145 47 82 1 -0.000170226282 -4.81550407
67 71 99 104 2 -0.00479327375 -3.80584431
183 183 112 147 3 -0.212734684 -2.40739465
57 64 104 108 0 -0.00101715617 -3.10954261
114 114 129 136 3 -0.00132047688 -1.87367964
116 116 125 132 4 -0.000605256646 -2.48882055
67 71 94 100 2 -0.000740533462 -5.95527077
108 110 124 139 3 -0.00029729071 -3.84152651
155 159 75 82 2 -0.000744580873 -2.67399693
0 0 0 0 2 -0.000786089047 4.88949776
106 107 51 86 3 -0.0834413618 -1.79477406
79 80 23 58 3 -9.92997084e-05 -3.95081782
48 53 0 0 2 -1.38755631 -0.637812614
72 0 126 0 1 -1.10881484 0.969391763
136 140 73 108 1 -0.634523571 -4.70837736
33 41 134 169 0 -0.125438422 -2.67187262
160 163 102 137 3 -1.52923262 1.81857538
0 0 0 0 2 -0.0594686754 3.34328604
0 0 0 0 3 -0.00421597203 2.55031204
51 56 90 125 2 -0.920100033 -3.07516694
78 81 48 63 1 -0.0292100348 -0.99915278
70 71 81 92 3 -0.0070631681 -3.51004171
67 70 87 102 2 -0.000272379431 -2.17292881
0 0 0 0 2 -0.000485586264 7.08411264
152 152 73 96 3 -0.000411461544 -4.37735081
48 51 36 38 1 -0.00629772106 -5.05358887
0 0 30 0 3 -0.355213881 2.36172223
64 65 81 112 1 -0.000170105835 -4.43030691
0 0 0 0 3 -0.00201443816 6.72984266
19 21 25 60 2 -0.0112804081 -2.14493608
101 104 116 139 3 -0.00235376391 -3.91187668
63 67 81 116 2 -0.0025207256 -0.589592934
130 130 170 178 3 -0.0655601993 -3.11057425
56 59 21 44 1 -0.0534980707 -0.198491871
66 74 98 102 0 -0.247636914 -0.752601385
104 110 58 61 0 -0.00893991534 -0.354046285
151 213 99 103 0 -0.117470056 -4.85887909
35 37 64 99 2 -0.0395942405 -1.12201607
19 20 41 46 3 -0.0384462029 -0.528918862
81 86 31 66 3 -0.0039525223 -1.3344245
108 108 101 103 2 -0.00154535461 -3.77534819
52 54 70 72 1 -0.0287918877 -1.99293756
157 160 60 71 1 -0.000273442187 -3.58301926
50 53 111 146 0 -0.00064267288 -4.39408684
99 100 68 76 2 -0.202906698 -1.31432152
56 56 39 41 3 -0.287014335 -0.463751256
99 102 85 89 1 -0.00843057036 -2.00044227
73 79 26 61 1 -0.000827268639 -2.69118357
144 149 39 46 2 -0.000754486944 -3.74426484
78 84 63 68 1 -0.0369736142 -3.18485379
50 53 110 117 2 -0.000103471699 -3.35488224
176 177 197 201 1 -0.263766915 0.921117723
115 118 93 100 2 -0.00632390846 -1.23200083
12 13 18 23 4 -0.00348005886 -1.65951991
12 16 20 35 0 -0.048167631 -1.33621383
78 82 38 61 4 -0.000685363077 -4.17030096
93 98 41 47 3 -0.000259029708 -2.99870968
57 57 70 105 3 -4.12460504e-05 -5.42369032
119 120 76 107 4 -0.000223503943 -5.50740385
29 29 37 60 2 -0.0827688724 -3.22137427
47 51 62 69 4 -0.00040755095 -3.12652493
64 64 167 172 3 -0.000593697827 -4.82698011
65 68 80 83 2 -6.69949077e-05 -4.12428951
85 93 161 184 2 -5.18553934e-05 -3.34344149
112 120 47 51 1 -0.0665483177 -0.289901137
48 49 131 136 4 -0.000564203307 -3.95585346
53 58 78 93 3 -9.78684911e-05 -4.59463787
53 57 67 78 3 -0.000435076654 -1.46398616
44 48 57 65 2 -0.0257535465 -5.10392475
44 49 53 84 1 -0.000905605149 -2.35386133
71 74 45 49 1 -0.00396398315 -4.96791983
38 38 42 49 2 -0.0308606718 0.621320426
104 106 56 91 2 -0.000777523324 -1.69804645
47 56 68 103 0 -0.000111339519 -4.3072381
50 51 39 44 2 -0.000323618384 -2.69481397
61 66 74 109 3 -0.000232448394 -4.71443462
43 50 86 89 0 -4.57760216e-05 -3.91184211
130 131 52 57 3 -0.00330860214 -1.78934693
40 40 58 65 3 -0.0371914208 -3.23252702
65 65 82 117 3 -0.0066439705 -3.85197544
43 46 58 66 2 -0.00131657196 -3.93830895
49 52 84 119 2 -0.00119149243 -4.55488157
90 94 63 74 2 -0.000251990976 -3.91025281
37 37 68 103 3 -0.00219184719 -4.06276798
101 109 84 91 0 -0.000199304719 -4.30829906
87 88 99 103 3 -0.000799620757 -4.41110468
129 129 110 114 3 -0.000311932876 -4.9229269
21 21 55 62 3 -0.0279721059 -4.94199562
29 29 42 73 3 -0.00677803997 -2.37821817
5 5 8 43 3 -0.0310222954 -2.63530898
52 52 113 136 3 -0.000514640589 -5.1745944
110 110 122 124 2 -0.0040927818 -3.64425659
37 37 93 104 3 -0.00501990598 -1.25316119
26 26 30 37 2 -1.01355338 1.17623353
94 94 105 120 3 -0.001417252 -2.05220056
122 125 53 60 2 -3.70738999e-05 -4.06598663
111 114 88 91 2 -0.0018438258 -3.46982098
76 76 88 123 2 -0.000740264601 -4.58677101
68 71 112 119 2 -0.175556168 -0.677748263
57 57 40 47 2 -0.00612579193 -1.99438381
118 119 69 104 1 -0.00470815366 -4.48077059
57 57 77 112 3 -0.000914573844 -5.59413433
64 64 153 188 3 -0.000185597251 -3.34017658
122 128 22 53 1 -0.00111624959 -1.45206285
80 83 57 61 2 -9.51255133e-05 -3.02719736
122 122 71 106 3 -0.00849577319 -0.544428706
48 48 107 114 3 -0.000289887976 -2.8103776
86 92 101 108 1 -0.00145885663 -3.79835796
99 101 57 92 2 -0.188124031 -3.99804544
82 85 100 123 2 -0.000357725134 -1.98956609
17 21 42 48 2 -0.00127152086 -1.55641723
52 57 70 77 1 -0.000616947596 -2.29423809
85 86 65 70 2 -0.00305896043 -4.662251
149 152 97 104 2 -0.68294239 1.77285314
39 40 61 72 2 -0.00112279004 -4.60005093
0 0 0 0 3 -0.000407375221 5.4195447
0 0 0 0 3 -0.00095492485 4.57283831
0 0 0 0 3 -0.182994992 4.52197123
0 0 0 0 3 -0.00058667094 4.98704243
0 0 0 0 3 -0.0020603314 3.75414681
0 0 0 0 3 -0.00321691297 4.10505342
0 0 0 0 2 -0.019566996 5.91411114
0 0 0 0 4 -0.522810638 7.46279478
0 0 0 0 3 -0.0151459901 6.39339447
0 0 0 0 2 -0.4508228 7.67860079
0 0 0 0 1 -0.0323110558 3.23293591
0 0 0 0 3 -0.181257784 2.64761734
0 0 0 0 2 -0.0382444933 5.32830191
0 0 0 0 0 -0.973625302 7.52726316
0 0 0 0 0 -0.433571368 5.90672398
0 0 0 0 3 -0.00427798694 2.72810459
0 0 0 0 2 -0.0116167646 5.64859247
0 0 100 103 2 -0.280605555 -2.07016277
103 103 116 119 2 -0.00056807138 -3.30514526
80 85 102 109 1 -5.94846351e-05 -2.80119944
40 48 89 93 0 -0.00103397481 -3.22063065
72 25 29 64 2 -0.576246917 -2.1321218
132 133 39 74 1 -0.0126711093 -0.254178047
125 129 50 85 3 -0.000566075556 -1.91157174
79 83 66 74 1 -5.76967977e-05 -3.23195076
52 54 114 149 1 -0.000522445887 -3.72693348
43 46 22 33 2 -0.0193916727 -1.36988688
131 134 166 172 3 -0.0482902005 -4.34819984
121 128 139 147 0 -0.00706075644 -2.63712883
68 69 142 147 2 -0.0034162018 -2.2228303
124 125 73 108 2 -0.000936782686 -3.77760124
35 39 49 53 0 -0.00118806481 -1.38301194
158 164 98 121 0 -0.000490729406 -4.03324127
50 54 68 91 3 -0.0132978801 -3.88364458
55 56 67 82 3 -0.0152405873 -2.98406959
49 54 163 186 1 -0.00231387047 -4.08065414
48 48 61 84 3 -0.00171728991 -2.8974998
149 156 228 236 0 -0.503831744 -0.76175487
115 121 93 100 1 -0.000827120326 -4.30845928
95 98 136 151 3 -0.00165651389 -3.44304299
46 49 59 62 4 -0.236499786 -4.02957869
56 59 81 116 1 -0.0100199524 -3.82006621
115 120 67 102 1 -0.101032317 -0.319608122
145 149 92 127 4 -0.000125642327 -3.58203244
83 87 64 75 4 -0.00319722015 -2.98853922
41 41 53 84 4 -0.473566264 -0.907107711
20 24 111 114 4 -0.000475330307 -5.24145651
0 0 0 0 1 -0.00720767723 5.12588406
111 121 230 193 1 -0.255306274 0.084967196
31 32 47 82 1 -0.000134582064 -3.37566805
104 110 57 92 0 -7.12859255e-05 -3.85262918
0 0 0 0 1 -0.814902723 7.55249214
0 0 0 0 3 -0.270121723 7.20593596
173 175 59 70 2 -0.00331812678 -2.7625525
50 52 60 64 1 -0.000437343289 -1.89758372
43 45 79 114 1 -0.0395038798 -3.86731482
30 33 45 50 0 -3.60009763e-05 -3.92839193
140 148 60 64 0 -0.000845633156 -2.47246385
0 0 59 63 2 -1.37119675 3.56862807
0 0 0 0 2 -0.0405698419 2.83523965
132 134 108 112 2 -0.000609199749 -3.05955863
93 96 30 37 0 -0.00257257209 -2.26558518
126 130 30 65 3 -0.000508969417 -3.38150263
0 0 0 0 3 -0.187540665 2.76744676
50 52 91 96 2 -3.43320207e-05 -4.47378826
33 36 88 90 1 -0.0335514173 -1.42953157
151 153 62 69 1 -0.338580847 -1.57297182
10 11 21 26 2 -0.0047037974 -1.41278303
30 33 101 107 2 -5.74582191e-05 -3.06620073
25 31 92 97 1 -0.00182481704 -2.43710113
112 116 136 142 1 -0.000647108012 -3.56044197
123 125 29 35 2 -0.00047847 -3.29333615
140 145 58 64 2 -0.0153458891 -0.421593666
0 0 0 0 3 -0.0648364276 5.3473773
88 94 104 108 3 -0.000143163488 -4.28908682
0 0 0 0 3 -0.073501192 6.21097374
122 130 43 78 1 -0.00135223265 -3.78377056
0 0 0 0 2 -0.27223146 2.03435516
34 37 98 109 2 -0.00650929054 0.660059631
62 70 80 83 0 -0.000553669233 -1.31654513
78 78 91 94 3 -0.00110729993 -2.66012406
57 60 100 135 3 -0.000415416376 -3.38128924
97 101 47 82 3 -0.0017952018 -0.997325301
47 49 30 36 2 -0.000698497111 -4.0877285
140 142 48 83 2 -0.00389505457 -0.779414892
0 0 0 0 4 -0.00289390073 5.95198298
42 48 79 94 3 -0.331231147 -1.54646683
64 71 78 82 3 -0.0721843317 -2.12246513
91 95 108 115 4 -0.00155308505 -3.56545496
110 113 34 49 1 -0.011054676 0.507372022
144 144 98 133 4 -3.20670697e-05 -6.19831657
0 0 0 0 2 -0.0084445104 4.54470301
96 97 44 46 4 -0.00230099307 -2.22881675
68 68 95 103 4 -0.000185121491 -3.1930809
105 105 55 90 3 -0.0010713723 -2.71859288
118 120 187 192 2 -0.0103362883 -2.68644738
99 102 79 89 2 -0.0400455892 -3.61206651
61 61 78 89 3 -0.0111347679 -3.1154573
127 130 183 194 3 -0.498570055 -1.61309242
128 134 47 54 0 -0.00115228316 -4.29851151
106 106 113 118 3 -0.0157708973 -2.44813895
133 138 56 91 3 -7.10467866e-05 -3.92482805
107 113 126 133 1 -0.0014870381 -2.65913653
50 54 68 75 1 -0.00894089416 -1.7728827
135 142 73 79 0 -0.0127662988 -5.05831385
221 231 128 134 1 -0.119849533 -2.08948565
90 94 50 53 2 -0.000702271995 -2.35051847
0 128 0 84 2 -1.97217619 0.640067875
49 54 61 96 1 -0.000446512218 -2.4096868
0 0 0 0 4 -1.01029503 7.45017576
0 0 0 0 2 -0.530633271 7.05079556
0 0 0 0 2 -0.915507555 7.33446169
86 90 48 56 3 -0.000138632779 -4.16077423
117 122 38 69 4 -0.335066557 -1.31766391
0 0 0 0 2 -0.838592052 5.65337467
59 65 117 148 0 -0.0361724123 -0.798719764
31 39 154 189 3 -0.0127508165 -2.38057423
63 67 82 89 4 -0.000149961212 -3.82525516
0 0 0 0 2 -0.0013197097 5.32962418
0 0 0 0 1 -0.00326346187 6.30671644
147 150 121 127 2 -0.0130933467 -1.95273089
147 147 68 75 2 -8.48757263e-05 -3.06783485
74 74 61 68 2 -0.143985406 -1.11846161
0 0 0 0 2 -0.000536446401 0.290018857
95 95 45 51 3 -0.00164929323 -3.66706491
201 202 32 67 2 -0.242588267 -1.09341455
0 0 0 0 1 -0.185205027 0.561632812
0 0 85 90 4 -0.495983034 0.986550748
106 111 57 92 1 -0.00330977142 -1.44035625
44 44 59 64 3 -0.000319215353 -2.33754158
25 29 34 42 4 -0.13706778 -0.615433037
119 123 136 151 3 -0.000620168692 -3.61371994
127 133 83 114 2 -0.120964937 -0.931886256
113 115 89 96 1 -5.85312373e-05 -5.00452709
0 0 0 0 3 -0.41667667 7.34625149
121 126 135 139 4 -0.000669047295 -4.46713734
110 112 70 105 0 -0.687286615 -7.18109655
157 161 109 144 3 -0.0002370968 -5.18417358
0 0 0 0 0 -0.159166336 6.41798878
25 30 87 91 2 -0.00258572283 -5.6119051
115 0 0 0 1 -2.17344952 3.04572201
102 104 147 178 3 -0.00309626688 -4.43022728
31 34 39 50 2 -0.00370472763 -3.72469091
205 205 40 75 2 -0.0215765331 -3.87382507
0 0 0 0 3 -0.865856886 7.05046511
52 55 70 93 3 -0.000152344757 -3.8426733
0 0 0 0 1 -0.625439405 2.89665437
126 131 109 114 1 -0.000234828578 -1.95675707
94 97 47 52 4 -4.67296049e-05 -3.00527453
50 55 77 112 2 -0.00173910346 -4.20493698
0 0 70 77 2 -1.44843006 -0.81969595
142 146 179 214 2 -0.0235030651 -2.88955665
17 21 82 85 0 -0.00131518382 -4.93111324
62 69 111 117 0 -0.178150043 -0.803491652
93 97 112 147 2 -1.40666707e-05 -3.79986739
45 49 97 100 2 -0.00224557612 -2.41744804
66 71 85 116 1 -0.0181539934 -1.41879368
54 59 142 177 4 -0.0710891113 -0.557042837
120 124 67 75 1 -0.00354521303 -3.99654293
120 126 61 96 4 -0.00021074916 -3.84718704
84 86 71 78 1 -0.0010460862 -2.75378251
79 82 58 64 2 -0.000283087284 -4.43330956
102 102 111 116 4 -0.00391424866 -2.22442675
94 99 129 134 2 -0.00140031695 -1.27040386
160 164 145 149 0 -0.0235588383 -0.365341783
91 94 48 71 2 -3.99347118e-05 -2.52619123
63 63 127 142 2 -0.000517684093 -3.87110186
85 90 99 134 2 -0.442923993 -0.0824536085
103 111 48 55 2 -0.286792815 -0.68170917
112 115 172 178 2 -0.00171660364 -4.97752905
76 79 92 99 0 -0.0185837336 1.27653098
22 26 53 61 4 -0.715755582 -0.815242529
106 110 125 140 2 -0.00747099798 -0.143183142
79 84 66 68 2 -3.74315059e-05 -3.94174099
89 90 48 52 4 -0.00416842708 -1.12940049
0 0 0 81 3 -1.60628343 1.58489227
62 66 153 161 2 -0.0155503619 -4.16071272
0 0 0 0 1 -0.549253106 7.77007914
0 0 0 0 3 -0.0156149929 2.580055
0 0 0 0 3 -0.462126732 6.93537998
34 34 45 49 2 -0.00083960616 -4.14465141
97 103 34 69 3 -0.261000186 -2.77800894
186 46 63 67 2 -0.756456017 -2.08192587
0 0 0 0 3 -0.526908219 7.47910595
95 105 25 33 0 -0.002815051 -2.61312962
50 58 86 109 0 -0.0239046626 -0.282860458
147 151 164 167 4 -0.108546615 0.0189340115
61 64 164 195 1 -0.0134680057 -0.261573136
45 53 57 59 2 -0.00137217774 -3.81239438
105 110 54 58 0 -0.00167259737 -3.26936793
83 83 58 63 2 -0.00010001364 -2.90223932
196 200 21 56 2 -0.000893800112 -1.36784685
93 99 128 151 2 -0.0239901282 -4.19470167
52 60 80 87 0 -0.062751472 -1.97363281
50 52 126 131 2 -0.000731468899 -5.59585142
7 11 17 52 4 -0.001614501 -2.52178574
151 152 33 68 3 -0.014922251 -2.29107833
109 112 59 94 2 -0.00187008642 -2.6560638
0 0 0 0 2 -0.0165160839 3.91789317
136 142 105 111 2 -0.00250843866 -3.89146137
141 144 58 65 1 -0.498923123 -1.37233806
116 116 65 71 3 -0.0719550401 -2.25769114
34 36 98 133 2 -0.0469492227 -1.97331548
39 41 55 90 2 -0.00536485808 -3.0848155
145 145 170 172 2 -0.000686575891 -5.59900904
28 30 38 73 2 -0.153808519 0.478303432
0 0 0 0 3 -0.520579576 4.91166878
84 88 57 64 4 -0.000750300591 -2.43536925
110 112 123 158 2 -0.00057183014 -3.11591697
149 155 87 134 3 -0.744391739 -0.712495327
0 0 0 0 1 -0.00108645449 5.11148739
57 58 73 104 3 -0.000569386117 -2.69209647
0 16 0 32 2 -1.04131007 1.79562831
53 58 31 38 2 -0.000124211772 -4.74887562
0 0 31 36 3 -0.776372194 0.78358835
89 93 59 65 3 -0.000179873474 -5.11817503
0 0 0 93 3 -0.522226334 2.34328151
186 186 207 213 2 -0.135858864 -3.0038898
164 164 66 74 3 -0.00461977301 -2.86117053
82 89 51 59 0 -8.72600649e-05 -3.30793309
0 0 0 0 1 -0.717713714 4.88726234
103 103 127 142 3 -0.000197044996 -3.04146171
0 0 0 0 2 -5.96028694e-05 4.39667988
213 248 135 166 3 -0.828686953 -0.0473155975
133 136 81 116 1 -0.00184498902 -4.8552289
0 0 0 0 1 -0.0102939252 8.91267204
100 102 145 156 3 -0.00193776248 -3.29264975
22 25 73 108 0 -0.00329713803 -4.33599997
108 109 147 155 4 -0.000448426639 -3.12097764
53 61 35 38 2 -0.000560784421 -2.57211328
140 145 85 120 1 -0.011312969 -0.767847419
119 123 47 51 4 -0.128616333 -1.25774741
106 109 89 94 4 -0.00429596286 -2.69567728
0 0 0 0 2 -0.00491985073 6.20430326
0 0 0 0 3 -0.0195813626 3.49247527
0 0 0 0 4 -0.850251079 7.4337759
31 35 55 90 1 -0.265127748 -3.15401483
77 77 54 61 2 -0.249503821 -2.05598545
94 95 34 40 2 -0.000766272948 -3.5901134
63 64 44 46 2 -0.00715317577 -2.29352403
19 22 38 45 2 -0.00321334926 -3.10776043
92 94 39 74 2 -0.00074197608 -3.55082226
0 0 0 68 1 -1.2629385 1.35372663
44 47 117 122 1 -0.00118779123 -3.383919
56 60 108 113 2 -0.0263882149 -1.41198373
128 130 67 82 2 -0.00897298753 -2.66558313
162 162 48 83 3 -3.62393585e-05 -4.32545137
62 65 93 98 0 -0.00988357887 -2.41775155
133 137 154 163 2 -0.0649835318 -2.94878507
0 0 0 0 3 -0.475467205 7.82765532
101 106 135 141 1 -0.000966984604 -2.9696629
69 69 130 137 4 -5.93656696e-05 -4.76093626
47 47 128 132 2 -0.00138312485 -4.01613331
55 59 92 100 2 -0.00071206654 -1.8392427
0 0 0 0 2 -0.3755503 6.70211315
94 94 111 113 2 -0.00175084174 -4.58881998
60 62 84 92 2 -0.105140701 -3.49986196
13 13 21 56 2 -0.00282800756 -2.53936315
49 51 96 127 1 -0.0100914491 -1.13482523
0 0 0 0 2 -0.853531897 7.22667313
31 34 66 101 4 -0.000550925266 -2.48783636
0 0 0 0 3 -0.302936465 7.05992365
103 104 56 61 2 -0.104119532 -4.27782774
0 0 0 0 0 -0.00959116127 4.4284153
0 0 0 0 3 -1.2739445 7.63917875
126 134 189 238 1 -0.186888546 -1.42914188
171 176 73 96 2 -0.003070632 -1.65672207
120 123 90 98 2 -0.332383245 0.614311159
0 75 174 176 2 -1.2418139 2.1852808
129 129 81 85 2 -0.00250655855 -1.8472445
0 0 0 0 2 -0.0439906567 6.66781473
96 100 68 76 0 -0.000729322783 -3.37797093
44 48 23 26 4 -0.00162949122 -2.68641639
69 69 124 135 2 -6.34186072e-05 -4.9836235
30 32 45 80 2 -0.000113722665 -3.7633214
93 94 76 78 2 -0.00326032145 -2.28948069
0 0 0 0 2 -0.457619756 6.61865282
82 85 33 68 0 -0.00099493342 -3.36160445
77 80 93 97 3 -6.98558651e-05 -4.24726963
44 44 56 61 3 -0.000308599818 -1.99124932
210 213 108 114 2 -0.00212931819 -1.31095135
56 60 66 74 3 -0.00247275829 -2.46682096
155 155 128 133 2 -3.44512846e-05 -4.57246065
100 103 46 50 1 -0.000647921464 -2.08614659
92 96 38 43 3 -0.000585488277 -2.9915514
59 60 28 31 2 -1.40124083 2.06538272
62 63 105 109 2 -0.285088718 -0.962283134
109 113 88 94 2 -0.0104140844 -2.94030619
68 68 47 52 4 -2.80140557e-05 -3.63373852
85 85 158 164 3 -1.45255435 0.713682353
86 92 34 69 0 -0.00343214022 -1.54140306
104 109 46 81 2 -0.0770407692 -3.92719412
73 74 44 51 2 -0.0458899289 -3.54236341
0 0 0 0 2 -0.00503499992 3.32668352
39 40 57 92 1 -0.287133098 -5.26075745
164 169 26 41 1 -0.0533486493 -3.04110146
139 144 82 117 4 -0.00314697321 -4.01347113
153 156 52 87 2 -0.264338493 1.50466681
0 0 0 0 3 -0.655529976 6.63847303
0 0 0 0 2 -0.576695561 6.78587532
71 71 93 97 3 -0.000391692738 -2.69726181
89 91 46 53 1 -0.00457269605 -2.11532044
105 110 128 134 0 -0.0021835994 -2.13477325
80 84 100 104 2 -0.00146181171 -6.42295456
52 55 98 113 1 -0.000191800587 -3.86960649
100 106 115 117 0 -0.00251915678 -2.92130017
0 0 0 0 3 -0.346151143 5.43593454
78 84 92 96 0 -0.00119637558 -0.820288777
161 167 88 90 0 -0.448090404 -3.65144587
0 0 0 0 2 -0.458655775 7.80146933
54 54 70 72 2 -0.782470107 -0.0189553499
99 99 106 113 3 -0.182144284 -0.452066332
182 182 102 110 3 -0.000287518371 -2.62181163
45 47 62 67 1 -0.0288568921 -2.72050738
61 62 97 100 3 -0.0120670525 -4.02301788
48 52 71 80 0 -0.00341493799 -1.46198511
0 0 0 0 3 -0.000361664715 5.73171949
137 137 75 0 2 -0.150365502 1.1790309
0 0 0 0 2 -0.000476551708 5.40626097
168 168 67 102 2 -0.00792607851 -4.22401381
145 151 82 86 1 -0.0135682849 -3.94129467
146 149 112 120 2 -0.00119930669 -2.31104946
63 65 47 51 2 -0.000117415941 -3.23235011
61 63 76 91 2 -0.0100470018 -1.77605867
204 206 159 182 2 -0.0604643002 -1.53309274
131 135 40 71 3 -6.74716139e-05 -5.08415461
83 87 100 103 0 -0.00474436302 -1.27810931
103 108 117 124 0 -0.0156042166 -0.781717837
0 0 0 0 2 -0.000488475838 4.30362082
50 53 62 85 1 -0.000753025059 -3.28667402
109 113 89 96 0 -0.000882947235 -1.35215187
96 98 112 120 2 -0.000466320955 -2.4686594
42 45 138 173 2 -0.0543549731 -3.21814013
29 36 52 57 0 -0.0406595692 -4.32132578
161 162 60 95 2 -0.000660754391 -3.84668493
173 174 94 109 3 -0.029016681 -4.0427618
105 113 125 160 2 -0.00203596102 -1.57837367
95 95 61 76 3 -0.000341137202 -5.82863808
70 74 80 83 2 -0.0203686114 -1.44656014
18 19 61 64 3 -0.000253779668 -4.55903292
105 106 62 70 2 -0.000481924129 -2.32952332
33 38 72 107 3 -0.00135569123 -0.425553888
47 50 65 72 3 -0.000222310191 -3.4508462
75 82 34 41 1 -0.00744685531 -0.680776834
167 167 113 148 2 -0.00183064432 -4.40784168
154 159 52 87 4 -0.000414578506 -3.06963158
103 109 119 142 2 -0.000347825524 -3.64172864
0 0 0 0 3 -0.0176936015 7.62579584
101 107 135 142 3 -0.0204462484 -3.99732709
49 53 86 121 1 -0.0141282184 -4.03627968
0 0 0 0 2 -0.0668703765 3.14479637
126 130 73 80 3 -0.000218381349 -3.52463007
41 43 72 107 3 -0.000786226476 -3.89743853
44 47 87 89 2 -0.000750499545 -3.94112682
163 169 51 82 1 -0.598990023 1.81051993
178 180 202 211 2 -0.00188012992 -5.07432938
33 38 108 139 1 -0.00220154598 -3.28666949
0 0 0 0 3 -0.752690017 7.6273818
76 84 119 122 0 -0.00811207946 -2.34897184
82 89 106 114 1 -0.0456612967 -0.277085125
68 72 105 140 3 -0.00272773113 -1.76001549
0 0 153 162 2 -1.04985273 -0.34565258
45 53 180 215 0 -0.128149778 -1.30541122
85 92 102 137 2 -0.00280019501 -0.424781978
0 0 0 0 3 -0.17950359 4.93131399
111 111 126 149 3 -0.0543400533 -0.151099801
56 56 36 44 4 -4.18421187e-05 -3.28382993
97 99 75 86 1 -0.0101270862 -3.12121916
0 0 150 165 2 -0.0810913593 -0.221500725
0 0 0 0 2 -0.020304285 0.804422796
93 97 113 148 2 -0.00319988932 -4.56318474
49 58 86 93 0 -0.00538636837 -3.49274945
72 74 145 153 2 -0.0064315577 -2.11862659
0 0 0 0 2 -0.00073538674 6.38787127
81 85 57 66 3 -0.000322670385 -4.5144105
69 72 44 52 3 -0.126174599 0.0187938213
140 145 52 57 3 -0.421818554 -5.06698418
125 126 142 150 3 -0.38603723 -5.32023048
57 60 155 190 3 -0.529941261 0.472341478
48 52 57 61 4 -0.360561192 -1.18462133
32 32 43 51 4 -0.0453112349 -0.757455111
104 87 0 0 1 -1.45058763 2.39827633
0 0 0 0 1 -1.09434259 1.64803863
178 187 100 135 0 -0.000497607281 -2.99942231
110 113 45 53 2 -0.000493955333 -2.02238941
154 156 72 95 2 -0.001126713 -2.24485898
43 48 61 67 1 -0.000304540677 -4.28505182
78 82 94 98 0 -0.000604455534 -2.89033532
0 0 0 0 3 -0.291807055 3.14392114
105 107 43 55 2 -0.00337949442 -4.51206875
0 0 0 0 2 -0.00224054535 6.91366005
38 99 50 81 3 -1.62438989 -3.90303159
69 71 85 108 1 -0.0110131586 -5.25229359
98 101 111 134 2 -0.000228512989 -3.34670496
86 90 50 57 3 -0.00299923937 -1.53558969
134 139 38 69 1 -0.130352601 -1.48093295
91 91 43 78 3 -8.33262457e-05 -2.7405951
46 49 127 134 2 -0.000359738013 -2.8936007
181 181 192 227 3 -0.881938517 0.814437568
102 107 122 129 4 -0.000111816444 -2.47801399
51 58 71 106 1 -0.00161903421 -3.3083334
83 88 39 70 2 -0.000656066637 -2.65829968
53 57 75 110 2 -0.000102995313 -4.07142162
71 75 145 152 1 -0.000662135717 -1.06438124
39 41 98 100 1 -0.160927132 -1.93162942
93 95 140 149 2 -0.000224222153 -2.85748434
53 58 94 102 3 -0.00951419864 -0.735228717
0 90 68 75 2 -1.54164469 1.71901703
53 58 112 119 1 -0.0128085138 0.258937597
109 113 41 76 2 -0.000125999781 -3.83906412
120 120 73 108 2 -0.489483893 -4.86173248
107 110 38 73 2 -0.000573671248 -3.01806283
192 193 141 176 4 -0.0214966107 -3.36589146
40 41 75 82 3 -0.0115935132 -1.17871523
109 112 125 160 3 -0.274015784 -4.23413897
0 0 0 0 2 -0.019564189 2.5927968
74 79 98 104 2 -0.00353436102 -3.91313362
94 99 59 70 2 -0.00155845482 -3.68737626
0 69 0 0 4 -1.48152041 1.54084921
122 127 23 58 3 -0.0037314326 -2.35945129
33 39 57 92 0 -4.07692314e-05 -5.9410491
59 64 141 176 3 -0.0164367948 -3.18221807
126 132 47 82 3 -0.660886228 0.35839206
119 120 81 112 2 -0.0144569222 -6.45337534
18 23 28 63 4 -0.132279992 -2.08076143
57 59 136 141 2 -0.000290976663 -3.74934459
102 105 121 156 4 -0.0953289792 -2.99517679
103 104 119 154 3 -0.00237994781 -3.12889338
45 46 56 71 4 -0.0798885003 -4.04410744
0 0 0 0 2 -0.127985716 6.58075953
132 134 46 51 2 -0.000267488096 -5.49535847
91 94 104 110 2 -5.63854264e-05 -2.52544308
112 114 66 81 2 -0.000115868228 -5.79605818
119 119 47 82 2 -0.000144478225 -2.66094041
64 64 18 53 2 -0.0357736014 -0.525628686
65 73 84 119 1 -0.008592044 -4.02097702
39 45 53 64 1 -0.000172488188 -1.66198444
93 93 58 73 3 -0.00853123423 -0.529177785
123 130 46 48 0 -0.0156131936 -2.47356391
113 117 131 134 3 -0.0108387917 -1.34961653
109 109 66 68 2 -0.188683301 -2.25789213
97 104 112 115 0 -0.00633783173 -3.54465938
49 49 59 94 3 -0.000113841161 -3.43943262
125 126 62 97 4 -0.00224984763 -5.77326632
120 125 63 78 3 -0.000837301253 -2.21531248
40 44 54 61 0 -0.130227149 -0.180566669
146 150 41 50 4 -0.0212331712 -3.64244008
86 86 115 122 3 -0.00241243374 -1.25252676
41 41 71 106 4 -0.00151996431 -5.20146465
46 50 123 125 4 -0.00359312724 -1.11317611
125 129 40 48 1 -0.00375529937 -2.37717414
0 0 0 0 2 -0.000311597541 6.11708927
0 0 0 0 2 -0.200906754 6.49505806
105 109 47 53 2 -0.000383591745 -5.03516531
41 45 55 56 1 -0.00111705926 -2.91758704
114 121 153 159 3 -0.000690510496 -4.12665224
88 91 70 73 2 -0.187215015 0.107327282
135 138 45 80 0 -0.000292516575 -3.25172472
111 111 123 134 3 -0.0129765738 -2.76899767
0 0 0 0 3 -0.134361714 6.49816942
74 77 51 59 3 -0.000190012463 -3.20978761
110 113 133 136 4 -0.000870250165 -2.98998046
0 0 0 0 3 -0.674817383 7.83239508
18 26 30 45 2 -0.0263400972 1.8404789
0 0 0 0 2 -0.000530310033 5.40471935
121 121 70 105 3 -4.48224055e-05 -2.83146906
127 131 145 180 4 -0.00128180615 -4.63390207
76 77 34 39 3 -0.00272275484 -2.306077
36 43 85 120 1 -0.00357364025 -3.65583754
76 76 166 201 3 -0.00357279647 -3.17168975
0 0 0 0 1 -1.09895968 7.67695761
125 129 59 94 3 -8.34464026e-06 -4.82578325
95 102 120 128 0 -0.000163785153 -5.04892588
56 57 74 79 2 -0.00585228018 -3.12758303
211 215 161 196 3 -0.401635289 2.13394642
162 169 0 0 3 -1.71543336 2.89405012
0 0 0 0 2 -0.0045921281 4.61488342
125 128 74 105 1 -0.00251497049 -1.59115791
111 112 128 143 2 -0.0537381172 -4.97162676
0 0 0 0 2 -0.0141073838 4.56445694
48 53 129 164 4 -0.0150869433 -4.94157028
51 55 69 84 1 -3.50472837e-05 -3.97101951
98 104 57 60 2 -0.000289062998 -4.21367216
55 59 91 126 3 -0.00162306381 -2.91474319
36 44 137 144 0 -0.0150447069 -0.533374667
158 164 85 89 3 -0.00401705736 -4.74973917
90 91 100 131 2 -0.00104215578 -1.67051554
105 109 118 125 3 -0.716578424 -1.5052433
174 179 39 74 4 -0.00126934086 -4.09046412
45 45 58 64 3 -8.18955305e-05 -2.4536798
157 157 108 143 3 -0.0931603312 -0.343041122
105 109 47 54 2 -0.00875874516 -0.787155926
0 0 0 0 2 -1.21353209 5.24168015
131 131 35 66 2 -0.00332491798 -2.30957794
174 174 87 92 3 -0.000340681028 -4.35051107
0 0 0 0 2 -0.832033813 2.42397118
41 41 51 86 3 -0.00200205413 -4.63156986
0 0 0 0 2 -0.61549741 7.49386263
131 133 93 116 2 -0.0677922443 -0.236157984
50 51 127 131 1 -0.0183216184 -1.26108098
85 86 36 59 3 -0.00101973629 -5.17931509
100 106 88 90 1 -0.0668246746 -3.9904902
126 130 80 87 2 -0.324374229 -4.31235409
137 139 52 83 3 -0.011553227 -1.5444355
0 0 0 0 1 -0.037827529 3.40937638
68 68 44 52 3 -0.00188159733 -2.78678918
0 0 0 0 1 -0.339761734 6.99779224
71 76 89 124 3 -0.000689121196 -1.77386832
149 153 106 137 2 -0.000278934836 -3.12567306
71 77 56 60 0 -0.000134703369 -2.18211961
0 0 0 0 1 -0.000869611453 3.83421445
0 0 0 0 1 -0.00706484728 4.43474722
106 110 58 62 3 -0.0541346408 0.623524487
100 104 114 149 3 -0.0260390025 -4.10130262
0 0 0 0 3 -0.00303515536 4.1844945
107 109 42 73 2 -0.000266778661 -4.46142912
0 0 0 0 3 -0.701023459 7.47152758
87 91 48 63 1 -0.330855072 -3.23230219
78 82 60 64 2 -0.0204632133 -3.56164885
119 121 155 163 2 -0.0068340837 0.0416109264
39 47 59 94 0 -0.094806008 -2.64831161
137 139 35 39 2 -0.0702802613 0.94720453
108 111 175 210 2 -8.20149216e-05 -2.91616821
94 99 39 46 4 -0.0124485036 -4.83014107
65 72 84 87 0 -0.00146076898 -2.31359434
56 61 74 79 2 -0.000770230254 -1.14317966
38 42 52 87 3 -0.00265255151 -2.22426295
88 88 44 79 3 -0.146420091 -4.21893597
45 45 92 127 3 -0.00159475836 -6.06905603
53 55 38 41 2 -0.000525670883 -3.53395009
0 0 0 0 0 -0.0291055832 3.50579333
72 75 132 155 1 -0.00229013944 -1.08716083
77 79 91 98 2 -0.00201456994 -2.11766744
22 22 29 64 2 -0.130500406 -2.93371463
78 82 90 98 2 -0.00015198499 -4.53369379
0 0 0 102 1 -1.26132941 2.64664841
73 76 91 126 2 -0.000880813401 -3.09535813
74 76 151 186 4 -0.00412114756 -3.4781723
0 0 0 0 2 -0.00167432451 5.44598484
121 124 110 114 1 -0.475481957 -0.5174402
0 0 0 0 3 -0.00578675792 5.78969908
55 55 70 76 3 -3.64777588e-05 -3.5832932
94 99 36 51 3 -0.00163093221 -1.62762284
105 109 119 123 1 -0.00393734965 -3.70025706
90 98 118 123 1 -5.84125064e-06 -2.906847
27 29 77 85 1 -0.000157942486 -4.698524
122 130 38 73 3 -0.00157722505 -2.78070188
0 0 0 0 2 -0.270291388 2.46843195
178 181 52 87 3 -0.013185746 -0.272123545
0 0 0 0 3 -0.281478107 6.734797
46 46 75 98 3 -0.00125065597 -4.05881834
26 30 120 128 2 -0.0118258009 -1.04367399
42 46 72 79 2 -0.00139318069 -2.98509145
70 74 103 138 3 -0.00166983798 -4.22412109
0 0 0 0 2 -0.000723130244 5.04391289
0 0 0 0 3 -0.00228631217 5.21875477
21 26 61 96 3 -0.00227749581 -5.25193119
38 41 150 157 1 -0.0689200535 0.259327948
81 81 0 0 2 -0.945014238 0.435006917
0 0 0 0 3 -0.857818961 6.30483818
0 0 0 0 2 -0.0994341001 2.56140876
74 75 81 85 3 -0.071261242 -0.294214129
54 60 86 94 0 -0.0130206207 -4.14843655
55 60 71 86 2 -6.55643744e-05 -1.40970755
38 44 48 57 0 -0.00373507105 -3.31791091
23 27 58 66 3 -0.00849061273 -0.241539836
193 199 122 128 1 -0.0348106138 -2.27929997
0 0 0 0 2 -0.223525971 4.54631805
41 46 60 75 3 -0.000611577474 -2.70777845
126 131 96 119 1 -8.43988601e-05 -1.6372838
0 0 0 0 2 -0.0240206216 -0.362820029
151 157 64 73 1 -0.00399372214 -4.6072998
27 33 45 50 0 -0.00149826391 -4.23982811
59 60 73 75 2 -0.0167310331 -1.62881494
74 77 0 0 3 -0.873659074 1.76919889
94 98 48 53 3 -1.0728817e-05 -4.74161816
113 114 31 62 2 -0.109918863 -1.177706
82 86 99 106 3 -0.0711788163 0.786366165
116 122 196 211 2 -0.00440749293 -4.72217131
71 79 120 155 1 -9.11938405e-05 -1.92094731
122 128 99 107 0 -0.636629105 -4.20978975
100 105 174 178 0 -0.00859696139 -4.79651546
139 142 38 61 1 -0.448972434 -1.0454284
72 72 54 61 3 -0.0017999683 -4.87428713
0 0 0 0 3 -0.708687246 7.05369329
37 43 73 78 1 -0.00344286766 -4.13156796
0 0 0 0 0 -0.0463656411 4.79526186
0 0 0 0 2 -0.581351638 2.19095588
57 60 75 79 1 -0.000126597399 -2.42517281
221 222 76 111 0 -0.1381073 -2.59218812
62 62 114 149 1 -0.466388792 -1.29109788
0 0 0 0 3 -0.15925321 6.5351944
107 111 44 79 1 -0.0126906373 -1.81711221
87 91 120 127 0 -0.00496557355 -4.66476727
0 0 0 0 2 -0.0425494127 3.49833727
58 62 33 41 2 -0.117936388 -1.23360443
67 71 83 88 1 -0.00702790031 -0.987411857
51 0 62 74 1 -0.41126129 3.65071988
120 124 140 155 1 -0.000821491296 -2.1531868
0 0 0 0 3 -0.00668958528 3.31697369
52 59 73 82 0 -0.991522193 0.989097178
0 0 0 0 2 -0.846648574 7.01554394
43 47 81 116 3 -0.000197394693 -4.69282532
119 122 139 174 2 -0.00227324129 -1.66979766
88 93 20 26 1 -0.00100815424 -3.11779094
54 60 95 130 2 -0.0126626119 -3.91563559
121 124 43 78 4 -0.0243731141 -1.22763062
0 0 0 0 1 -0.672025979 7.43521881
119 121 149 157 1 -0.00762108341 -5.41329718
76 81 59 66 1 -0.00181212346 -1.14584088
100 105 60 65 1 -0.0134608047 -1.81242061
57 61 104 108 3 -0.00248012645 -4.26699209
17 21 26 29 1 -0.569196284 -1.4971931
0 0 0 0 2 -0.000193352025 3.76882625
87 88 113 121 2 -0.0102762124 -5.16939163
91 93 64 73 2 -0.000588372641 -2.62416911
97 101 74 82 2 -0.000732032349 -3.3762219
141 149 101 132 0 -0.00503626512 -1.49123049
50 52 60 64 1 -0.00131392677 -2.32142472
115 119 141 149 2 -0.103757054 -0.869346261
83 85 54 61 2 -0.0372687951 -0.153732002
80 84 95 130 4 -0.00360472267 -6.29356384
99 99 116 125 2 -8.16569809e-05 -4.76354742
54 58 74 109 2 -0.000121947982 -3.62926984
29 35 47 54 1 -0.00104865909 0.224946499
43 45 84 88 3 -0.00720840273 -1.87990093
0 0 0 0 3 -0.496926308 8.24249172
41 47 83 118 1 -0.00484145014 -3.26168466
0 0 0 0 2 -0.00208532601 4.96055555
95 103 173 181 3 -0.0114993779 -3.04956865
141 146 156 159 0 -0.0128104053 -5.34698963
0 0 0 0 2 -0.74288559 6.69313717
42 69 119 124 4 -0.849582851 -1.89263654
60 62 47 53 2 -0.00125034456 -3.36491036
75 78 34 38 2 -0.000776011846 -3.35986114
113 116 40 75 3 -0.000106330124 -5.15451288
119 123 89 92 0 -0.000386205153 -2.11216545
136 140 39 41 2 -0.000808987184 -2.21773958
22 26 34 69 2 -0.0775498822 0.334578216
102 106 122 129 4 -0.000279167638 -1.64151645
123 131 25 60 2 -0.00037929567 -4.29709864
0 0 0 0 2 -0.394146502 3.73276353
110 131 0 0 3 -2.57514071 0.986960709
44 45 90 96 3 -0.0162184518 -1.53262568
30 34 49 84 1 -0.00203016261 -1.49439311
113 113 127 142 2 -0.000330647686 -2.96811223
77 81 173 204 4 -0.0160414856 -3.08653498
125 129 69 104 4 -4.72062457e-05 -5.25956917
135 140 58 63 2 -0.0223159082 -2.06319189
0 0 0 0 1 -0.787895203 4.17183781
45 49 58 67 3 -0.000319077226 -3.11547923
44 48 80 111 3 -0.000760638097 -6.41717577
120 124 70 105 4 -0.00242029014 -3.55463409
0 0 0 0 1 -0.0539551377 4.36471939
131 134 43 45 0 -0.00788852759 0.359683633
139 141 114 129 2 -5.60278822e-05 -3.70435834
80 84 18 22 2 -0.000252238358 -3.70812225
41 42 100 107 1 -0.108545169 -0.790261865
30 36 60 62 1 -6.81861784e-05 -4.33351469
71 71 145 151 3 -0.00174115715 -1.27998376
113 114 56 91 2 -0.045807071 0.122862399
167 174 54 69 2 -0.000427083432 -3.22007728
111 118 154 162 0 -0.0111648375 -3.48830843
46 49 105 110 1 -0.00242649601 -1.7331562
78 78 126 130 1 -0.0295319632 1.36408401
0 0 0 0 2 -5.43587557e-05 5.40438795
36 42 87 94 1 -0.00160756311 -0.733604431
69 69 100 135 3 -0.465515137 -1.03435969
105 107 118 126 2 -0.00028107973 -2.18752909
0 0 0 0 1 -0.000306811446 6.16977024
45 49 110 145 3 -0.136876255 1.59232211
117 119 65 80 3 -0.000335191144 -4.70308781
139 142 51 55 3 -0.000204793876 -2.61361957
46 49 112 123 3 -0.0099141458 -2.79823899
0 0 0 0 4 -0.810409546 7.8764596
91 93 103 138 2 -0.0018429776 -2.66014528
36 41 47 82 1 -0.0662283003 -2.81803203
0 0 0 0 2 -1.29695177 2.71894646
64 72 84 91 2 -0.000167245787 -3.7068882
95 100 130 136 0 -0.00246624323 -4.48470354
147 147 223 232 4 -0.278205842 -2.85898829
104 109 67 90 1 -0.00100017921 -5.8342886
142 144 52 56 2 -0.00223311852 -2.2408042
36 41 52 59 3 -0.304822654 -2.09916019
102 106 141 150 2 -0.000406107603 -6.12296677
32 33 90 125 1 -0.0263259802 -1.23799944
165 168 181 187 4 -0.00331207388 -2.68041325
132 132 89 96 2 -8.16573083e-05 -3.89527249
82 88 57 61 2 -0.000836605206 -1.90343308
50 51 33 40 2 -0.000939880905 -2.78817463
48 49 0 0 2 -0.725764334 4.45936775
46 51 63 98 1 -0.0299572684 -2.35688376
0 0 0 0 4 -0.148067087 2.36149287
0 0 0 0 2 -0.00389137818 2.96910238
147 149 102 133 2 -0.00949565228 -0.723960757
115 118 93 99 4 -0.00014793234 -2.63877535
136 144 63 98 0 -0.0119852005 -3.04757357
150 160 113 115 0 -0.0139074735 -5.10091305
161 165 50 52 3 -0.000663294573 -4.72991657
92 97 157 188 0 -0.00100169703 -1.22789538
43 49 58 63 1 -0.000700945442 -2.22537637
173 180 98 106 2 -0.06712275 -3.2774663
0 0 0 0 1 -0.0269290432 4.29428673
124 126 39 74 1 -0.000470298866 -4.37430573
69 73 40 47 4 -0.013233562 -2.53797555
59 65 131 137 0 -0.00172799919 -3.8658483
0 0 0 0 2 -0.000957031618 2.20456052
151 153 68 91 3 -0.0101003246 -5.22411156
105 110 128 163 1 -0.000758029753 -2.94643211
86 86 27 38 3 -0.00108937651 -3.0424211
77 77 26 37 3 -0.000500719529 -4.79126263
118 123 43 48 1 -0.0133899869 -0.148052901
115 120 140 145 3 -0.00469742855 -4.14513493
44 48 59 62 3 -0.0022176425 -1.77673292
120 124 93 98 2 -9.03578475e-05 -3.42713094
164 167 81 84 1 -0.000645499851 -4.80340052
128 131 143 178 3 -6.24652166e-05 -4.75153303
0 0 0 0 2 -0.0219329316 5.6755805
136 141 34 69 2 -0.00060383731 -2.73635888
128 128 67 82 2 -2.40801419e-05 -5.12771082
0 0 0 0 3 -0.464083672 6.75922394
0 0 0 0 2 -0.713487983 7.62286234
53 53 67 102 2 -0.500824988 -0.591873467
122 129 138 140 1 -0.00885802042 -3.51243734
48 50 64 68 2 -0.00161495141 -4.8261919
0 0 0 0 2 -0.00388281234 4.47393847
45 48 151 186 2 -0.00048418506 -5.64224625
59 59 31 35 2 -0.00219795713 -0.660429358
0 0 0 0 2 -0.347792685 7.36359835
107 107 119 124 2 -1.0013564e-05 -5.28316689
60 61 73 108 2 -0.0270572919 -2.3699131
49 49 127 130 2 -0.00014674032 -2.71954894
83 87 24 59 4 -0.000196088164 -3.58804655
110 113 78 89 0 -0.00242573791 -2.9878161
46 46 112 114 2 -0.0155884773 -2.2262435
107 108 76 87 3 -0.00334642478 -3.44319749
137 143 97 120 1 -0.000398125558 -2.33608341
0 0 0 0 2 -0.703541696 6.80169725
44 48 90 94 1 -0.000140658871 -3.00231385
128 133 55 63 4 -0.00552127836 -4.34649515
0 0 0 0 3 -0.00571439881 3.57644963
0 0 0 0 2 -0.0166987032 4.91513634
56 60 72 83 1 -5.30476245e-05 -3.72467017
0 0 0 0 2 -0.000239587636 5.76533937
62 62 28 36 3 -0.00177583215 -4.29262638
65 69 100 101 2 -0.111349747 -0.221579283
87 92 137 172 0 -0.000241267102 -3.45730424
185 189 71 106 2 -0.000570433389 -3.67671299
102 105 121 127 2 -0.576068938 -4.17291927
121 123 131 135 2 -0.000388718152 -3.03093266
63 64 82 88 3 -0.000182145915 -2.93267441
162 162 79 114 3 -0.000130769156 -2.98810291
133 136 107 111 3 -0.0202485099 0.0117756426
132 140 59 94 2 -0.000352106843 -4.05192566
133 134 180 215 3 -0.347375304 -3.97828722
55 57 95 98 3 -0.000739328796 -3.93562746
0 0 0 0 2 -0.00976327993 0.147525787
128 130 76 111 2 -0.0125661092 -4.03677177
43 47 51 57 3 -0.265130967 -2.94038606
0 0 0 0 2 -0.0330044813 5.76632643
48 52 66 73 2 -0.000198596841 -2.18426204
100 106 124 129 1 -0.00195169926 -2.3614819
109 109 59 94 4 -0.666608512 -1.27103138
0 0 0 0 2 -0.040243648 3.52103162
41 44 72 75 4 -0.0153863169 -1.20279694
90 90 44 79 3 -0.000339005492 -3.10920024
134 134 81 88 3 -0.0758979917 0.643276036
0 0 0 0 0 -0.110988542 4.08890915
46 54 59 67 1 -0.000635413278 -2.53690457
143 146 61 67 2 -0.00140437484 -2.59628582
43 47 64 79 1 -1.68084589e-05 -3.76102471
107 111 139 146 0 -0.00521237589 -1.84661627
0 0 0 0 0 -0.000962387538 6.14752674
26 32 96 98 0 -0.00445746211 -1.70101285
129 133 26 61 1 -0.00268328632 -4.44473791
112 116 130 137 3 -0.000323750661 -2.65727091
137 137 53 60 3 -0.000234117761 -4.04482985
107 112 62 97 4 -0.0816253871 -0.342479348
62 66 105 140 1 -5.73391953e-05 -5.08069754
99 99 53 88 3 -5.71005112e-05 -4.61720133
109 112 126 131 1 -0.000296446495 -3.70707464
106 107 44 53 3 -0.00161064649 -3.84486842
0 0 0 0 1 -0.00514716981 4.1323452
113 117 73 88 1 -0.67636162 -4.62006378
0 0 0 0 1 -0.520411313 6.7368269
101 106 123 127 1 -0.000594549405 -1.12878084
61 62 105 136 3 -0.648339629 -0.0382066965
48 48 62 67 4 -0.0109345289 -1.12628901
97 99 161 196 2 -0.0147480685 -4.70086384
112 112 86 91 3 -0.00752809783 -2.21402884
0 0 0 0 1 -0.0511405282 5.99078035
182 183 111 142 2 -0.00385962822 -1.05613065
39 48 104 135 0 -0.00108841364 -2.36761975
142 144 95 130 3 -0.00258451817 -2.82455015
112 116 66 73 2 -0.00182387617 -2.1989975
56 59 68 71 0 -0.0102404198 -0.806254148
0 0 0 0 2 -0.00216575246 5.10184002
158 158 63 112 2 -0.261206567 0.787836373
58 66 143 151 1 -0.173983678 1.33487463
0 0 0 0 3 -0.0110123744 3.78791356
96 99 115 150 4 -0.00160717824 -2.77388239
56 63 103 111 0 -0.00891173258 -2.8921423
0 0 0 0 4 -0.333720297 6.23175001
74 49 91 95 2 -1.39439225 -2.05355859
123 126 148 155 1 -0.929571748 -1.54670191
34 35 43 74 3 -0.0388048962 -0.678756893
38 38 52 60 3 -0.000189178812 -2.87547445
122 0 143 102 4 -2.40342045 2.42288017
132 136 57 92 0 -0.0030331593 -4.2600379
0 0 0 0 2 -0.104005024 6.03064442
0 0 0 0 2 -0.675952137 7.40126467
67 74 99 106 1 -0.000640771177 -3.07023239
45 52 61 68 2 -6.46105254e-05 -4.56869984
54 58 71 79 4 -4.85178061e-05 -4.13402128
107 114 85 95 4 -0.00536614936 -4.27461529
64 69 77 82 2 -2.75372331e-05 -4.42877913
35 39 48 50 3 -0.000258912361 -3.84276223
142 146 114 121 1 -9.95380615e-05 -4.42320013
0 0 0 0 1 -0.256625533 7.32667875
130 139 74 109 1 -0.010095546 -0.672401726
0 0 0 0 4 -0.445543617 4.22640371
201 209 62 97 2 -0.0230460651 -2.89190435
46 47 61 66 2 -0.00963203423 -0.835610867
64 69 43 47 2 -0.00249027088 -3.28322983
161 163 171 182 2 -0.00202673115 -4.54224348
75 75 40 0 2 -0.394799292 -1.56638789
81 87 93 101 2 -0.320216537 0.278230608
56 61 41 43 1 -0.00107380433 -3.62780833
85 90 120 124 0 -0.0124049587 -3.13086438
134 141 40 63 0 -0.000110384033 -4.52990103
48 52 149 154 3 -0.00297651533 -4.83078814
66 70 118 153 2 -0.00182301062 -2.11371374
92 97 69 75 2 -0.0069908835 -1.19975901
0 0 0 0 0 -0.00280942395 4.78360415
131 137 50 54 2 -0.00355968834 -6.31687069
0 0 111 0 2 -1.07928228 1.04322004
24 30 83 94 0 -0.0116307251 -4.98784113
46 46 128 135 3 -0.00049585267 -2.67580318
0 0 0 207 2 -0.628582716 2.06718636
133 167 87 91 3 -0.65141958 -3.75691104
44 44 56 60 2 -0.0122674713 -2.16249704
0 0 0 0 2 -0.273494512 4.40821028
136 136 63 94 3 -0.00345937326 -5.37711191
113 117 102 107 4 -0.000727409148 -3.4036088
136 140 112 117 2 -0.00592155708 -3.37166476
0 0 0 0 2 -0.72138387 6.83689547
61 62 73 108 2 -0.000348894682 -4.09407091
119 122 141 144 2 -0.00639180513 -3.95371008
133 137 60 67 2 -0.0111185443 -1.69839096
158 158 102 137 3 -0.00212073233 -1.31428194
0 0 0 0 2 -0.538218856 7.330616
0 0 0 0 4 -0.593483448 7.53638935
60 62 190 225 1 -0.0461879596 -2.4640069
91 91 41 76 3 -0.0342543758 -0.0787833631
54 59 95 97 2 -0.267379224 -1.1173172
109 113 60 95 2 -7.48622697e-05 -5.02160549
120 122 94 101 2 -0.00406668428 -3.14674854
0 0 0 0 3 -0.604357243 5.55622005
0 0 0 0 1 -0.00427777786 3.19218731
118 122 135 142 3 -0.0228706319 -0.934111893
221 225 155 204 0 -1.11445677 -3.06686664
52 56 74 81 4 -0.00376429991 -1.96944594
17 27 31 36 0 -0.0139951799 -1.72263813
99 106 117 125 3 -0.00525908032 -0.794480562
0 0 81 90 1 -1.61734879 1.63187742
114 118 208 214 4 -0.0141417673 -4.48566246
0 0 0 0 1 -0.464248717 1.84913182
74 74 144 167 2 -0.00517213298 -3.24839449
126 126 81 116 2 -0.000113958398 -4.46545744
0 0 0 0 3 -0.422925591 4.57822227
0 0 0 0 4 -0.666355669 5.45063543
0 0 0 0 3 -0.00712621305 6.05876589
115 119 96 100 4 -0.00439241668 -3.73801875
0 0 0 0 1 -0.00424537994 4.87623358
173 177 127 135 3 -0.00187046896 -3.26656699
40 44 47 58 3 -0.103140622 -1.95128155
50 53 126 133 2 -0.00999934878 -1.260939
97 98 106 110 2 -0.000217188121 -4.06014633
98 98 42 57 3 -8.2372615e-05 -3.86482239
88 95 35 70 0 -0.000141018871 -4.16618347
0 0 0 0 4 -0.00201953435 5.5872407
0 0 0 0 2 -0.0039108838 2.97231078
0 68 81 86 0 -0.990739107 0.456638813
0 0 0 0 2 -0.00038036413 4.55457497
161 165 82 105 2 -0.668534994 1.23010468
82 89 45 51 0 -6.98559088e-05 -1.45217466
96 100 78 83 2 -0.00873670075 0.980025828
48 56 71 74 3 -0.000427936902 -4.78404903
0 0 0 0 3 -0.315487921 5.09195518
0 0 0 0 0 -0.00450948253 4.73505592
0 0 0 0 3 -0.0216138847 6.12528086
122 123 138 144 2 -0.00982710067 -2.3627708
28 32 38 61 2 -0.321003705 -0.37598446
0 0 0 0 1 -0.462621242 5.06652498
116 119 73 84 2 -0.00361408154 -5.13360453
30 31 41 47 2 -0.0352906398 -1.00033569
0 0 0 0 2 -0.129939437 6.10008669
83 83 110 145 3 -0.0841712728 -1.48926568
65 68 24 59 2 -0.00465526059 -4.2530117
86 87 95 118 2 -0.00502437027 -0.915405989
0 0 0 0 0 -0.185123414 5.28427935
117 119 34 41 1 -0.0806289986 -4.89303446
0 0 0 0 3 -0.00754146231 6.75103188
208 236 101 132 2 -1.36176574 -1.45072651
37 42 92 107 3 -0.000374168565 -4.1280036
128 130 37 68 2 -0.00019967102 -2.73992991
110 116 40 75 3 -8.88099021e-05 -3.82414842
104 104 111 116 3 -0.082465075 -0.294571519
129 135 63 70 2 -0.00217681099 -1.4071188
70 70 49 58 3 -0.00361282239 -1.70743012
48 50 101 112 2 -0.0016044745 -3.42178631
84 84 90 125 3 -0.0107342433 -0.160822183
76 84 62 71 1 -0.00471490389 -3.65923667
0 0 0 0 3 -0.0110108405 4.8929553
43 44 50 65 1 -0.206964552 0.990178406
91 92 105 120 2 -0.00273567857 -3.04494953
92 94 56 63 2 -0.00156073819 -5.57876873
47 47 62 66 2 -0.000123972408 -3.31083131
60 62 49 54 2 -0.000310882926 -3.00211716
47 47 62 97 2 -0.0279230345 -2.67167068
0 0 62 73 3 -0.304917097 -0.256064981
88 92 108 123 4 -0.000681493955 -4.11591911
50 52 130 153 1 -0.00455270801 -0.28741771
59 65 77 92 3 -0.13562797 -2.02077103
0 0 0 0 0 -0.00141024136 7.1429491
69 71 32 39 2 -0.00100002461 -3.30762482
123 125 107 113 2 -0.00576173561 -4.34425306
57 59 67 82 2 -4.33919304e-05 -5.10006666
17 18 22 30 2 -0.710361063 0.677207649
105 105 116 121 3 -0.897240043 -0.35452801
80 80 119 154 3 -0.00136830332 -1.30351877
107 113 127 134 0 -0.000282862631 -2.92048478
41 44 52 63 2 -5.07828008e-05 -4.51133108
84 88 132 143 3 -0.00116011978 -2.86905217
0 0 0 0 4 -0.730955899 7.38151884
142 150 72 76 3 -0.000932085968 -3.49963164
106 112 65 70 1 -0.00518468441 -2.40313816
0 0 0 0 2 -0.00128487416 4.33156967
38 42 68 103 2 -0.000213732448 -4.75217533
70 74 85 92 1 -0.103182673 -4.59035635
184 190 201 207 1 -0.378391385 -2.53566837
164 165 51 86 4 -0.0577105284 -4.13583374
22 28 35 70 0 -0.00402829703 -4.24386024
69 73 82 89 1 -0.307763636 -0.505080163
0 0 0 0 2 -0.0541555323 6.87704802
105 109 39 70 2 -0.375474036 -0.0472369492
0 0 0 0 2 -0.00205239188 2.19400859
0 0 0 0 2 -0.586693943 7.3629508
104 104 208 211 3 -0.0291857198 -3.85425639
149 153 94 129 3 -0.000307883776 -5.90055037
93 99 35 83 3 -0.098240152 -0.305782914
80 84 115 120 3 -0.0183357503 -2.79380941
0 0 0 0 3 -0.00750864344 5.3387928
161 169 62 97 0 -0.000191324129 -3.81811762
58 58 76 111 2 -0.406487048 0.815255463
109 112 121 136 2 -0.0158783942 -2.00551915
0 0 0 0 3 -0.0109354351 6.35963583
87 92 101 136 2 -8.6305954e-05 -4.27966166
63 64 189 130 2 -2.0085907 0.0134901404
105 111 121 128 1 -0.000208598518 -2.99111509
40 46 55 90 2 -0.00543439807 -3.25521517
134 134 55 59 3 -0.00621843711 -1.5402019
120 123 93 108 3 -5.37627857e-05 -5.13731575
111 113 36 40 2 -0.000439372641 -5.2461729
163 164 131 139 1 -0.014540676 1.94925308
86 86 97 102 3 -0.00209455122 -0.986213028
42 45 64 71 0 -0.000637385063 -2.14276958
0 0 0 0 3 -0.361393005 3.82918239
43 51 55 58 2 -0.137101725 -0.798889041
78 80 48 54 1 -0.0327681638 0.0696225762
107 111 60 95 3 -0.00156952441 -2.88629031
0 0 0 0 2 -0.00390823232 6.23529911
124 128 46 81 3 -0.000129336666 -5.34155798
0 0 0 0 1 -0.000825818279 4.77711391
115 120 93 100 2 -0.0186901651 -1.3898586
0 0 0 0 1 -0.991914272 0.96584481
58 62 131 166 2 -0.0453741737 -1.95674682
51 53 77 112 2 -0.000362828607 -4.84843636
116 122 66 101 1 -6.735239e-05 -4.58745813
50 50 55 59 4 -0.319433481 -3.48142099
0 0 0 0 1 -0.31393066 4.45220757
64 69 86 90 1 -0.000572054472 -3.614218
96 97 41 76 2 -0.00142514776 -2.66654181
94 98 114 149 2 -0.000682286278 -1.98200417
110 116 128 135 1 -4.94714004e-05 -2.94692016
131 136 102 105 1 -0.0024088514 -2.78173828
0 0 0 0 2 -0.741226494 7.36140776
167 167 101 109 3 -0.000195377026 -3.14697146
118 125 96 104 0 -0.00459428132 -3.76623487
69 73 24 59 4 -0.000501808012 -3.04656053
0 0 0 0 3 -0.822665215 7.4051733
89 91 42 77 2 -0.00235303352 -3.65746188
108 111 123 126 2 -0.000612684758 -2.13554096
0 80 55 61 3 -1.08775043 1.82515955
111 117 83 90 1 -0.00123722246 -4.82748985
111 113 59 94 1 -0.00283929356 -4.20794582
89 96 68 76 0 -0.000796732784 -2.28721833
153 155 96 119 2 -0.000330550421 -4.82046509
100 104 114 119 4 -0.503375947 -1.7349267
74 77 141 145 2 -0.0146661298 -2.20458221
58 61 125 160 3 -0.00444963621 -3.80274057
121 125 81 86 0 -0.000692561327 -5.96789837
128 131 51 55 2 -0.00145524321 -2.19089055
70 73 87 102 3 -0.0757390037 -1.77894211
0 0 0 0 4 -0.113437235 6.56152248
96 100 30 65 4 -0.000135415641 -5.37521935
45 51 62 64 0 -0.000504919037 -1.64104104
0 0 0 0 2 -0.0369915999 4.94267416
57 60 94 98 3 -0.00302896812 -3.75816035
62 67 73 78 0 -0.000289069052 -1.26158798
129 129 95 102 3 -0.00572195649 -0.872993469
117 120 190 108 2 -0.848261356 -1.62041235
92 93 124 159 2 -0.00431860797 -2.00236177
63 63 38 49 2 -0.00576574402 -2.7785511
112 112 33 68 4 -0.0497346222 -0.498638123
41 43 58 81 2 -0.000415622373 -2.78944182
174 180 150 154 2 -0.0175637491 -1.48795938
66 71 47 54 2 -0.0897276327 -0.376008391
0 0 0 0 2 -0.239739865 2.26701045
89 94 106 141 3 -0.00181568612 -3.23272991
99 107 126 131 1 -0.380727023 -0.440085471
102 105 113 120 2 -0.00241849944 -2.90863824
147 148 64 68 2 -0.00268447446 -3.91325569
0 0 0 0 2 -0.000205506745 5.77340937
124 124 78 83 4 -0.000687358668 -5.1063242
106 106 121 126 3 -3.4689765e-05 -3.13690305
0 0 0 0 2 -0.121545129 4.71566343
0 0 0 0 0 -0.228362769 7.24395657
0 0 0 0 2 -0.000582367298 4.59513092
77 77 117 118 3 -0.844776452 -0.13414976
75 75 102 109 3 -0.0077204518 -3.01101613
0 0 0 0 2 -0.620174408 6.50701094
0 0 0 0 1 -0.00872316398 2.94804096
0 0 0 0 2 -0.208349034 1.97637486
53 53 65 100 4 -0.000122783196 -5.31402731
126 129 104 111 2 -0.00059807644 -5.119627
15 19 24 28 4 -1.07339311 -4.29041767
121 125 139 148 3 -0.000208607118 -3.4786272
105 109 124 128 3 -0.000703712518 -2.32139993
93 93 106 111 2 -0.000655918615 -3.14765
96 99 73 78 3 -0.00106346817 -2.77746558
138 140 78 101 3 -0.00331559568 -3.5481813
110 115 37 72 0 -0.000140305026 -2.78808188
30 30 47 51 2 -7.68882455e-05 -2.96328521
101 106 36 71 2 -0.00353330607 -3.79966831
0 0 0 0 1 -0.0613702983 2.60750008
47 53 112 118 2 -0.010465052 -3.11713457
0 0 0 0 3 -0.325783789 6.9227581
60 64 107 122 1 -0.00101064099 0.67683357
195 199 152 175 0 -0.0360626094 -0.869883776
124 124 140 175 2 -0.0681701675 1.15094543
33 37 90 94 3 -0.00120696414 -2.18890643
80 85 98 104 3 -0.0583883077 -6.07072639
107 111 48 83 4 -0.000219453228 -2.75744414
130 134 75 110 1 -0.00765087176 -2.49800754
110 112 126 129 3 -0.00409829617 -2.31637931
48 49 62 73 3 -0.00225833873 -3.58526802
105 111 122 133 2 -0.000126596919 -4.59919882
70 70 77 88 3 -0.00278703449 -5.12442875
116 118 97 105 1 -0.00696376991 -0.250329584
105 108 141 147 2 -0.000522291171 -4.40016174
164 164 120 123 3 -0.0125805736 -2.79269695
130 130 52 59 3 -0.000708115171 -1.61569166
90 0 0 0 3 -1.38249803 2.19400573
141 145 120 127 2 -0.00315690483 -4.51706505
0 0 0 0 2 -0.00659150863 5.16572762
105 109 124 128 1 -0.000663360348 -3.17838168
92 100 112 117 3 -0.000264273142 -1.49151754
136 136 60 95 3 -0.00487552397 -3.7330122
129 134 86 95 4 -0.00219011726 -2.2792182
87 92 51 66 3 -0.00453469949 -0.506634474
102 102 113 144 3 -0.0138808377 -1.39400339
109 117 52 67 1 -1.01812732 -0.301258743
57 61 175 210 2 -0.00121504674 -3.29436994
108 110 87 91 2 -0.000781905197 -2.82571793
123 127 45 56 3 -0.00621185778 -3.17566705
70 75 134 169 3 -0.118716672 -3.1233952
95 99 116 139 1 -0.0688882545 -2.66893578
99 106 124 159 1 -0.00070036907 -3.9607594
108 112 51 57 2 -0.000227441356 -3.87812495
180 216 85 120 3 -0.563927412 -2.61821723
123 127 76 80 0 -0.000678845623 -3.6265986
107 108 123 128 3 -0.0266333576 -0.416612715
112 112 121 125 4 -0.0501763225 -2.66420078
150 152 66 74 2 -0.0011509005 -6.37861967
107 107 121 144 3 -0.000133273541 -4.00241852
173 176 103 110 2 -0.0206235256 -4.63373327
0 0 0 0 2 -0.00039117405 6.50197363
166 167 205 240 3 -1.06396031 0.419244766
88 88 32 67 3 -0.00379447406 -2.78577042
98 102 153 188 2 -0.0427453667 -1.4118309
140 0 16 0 1 -1.98032546 1.12862301
128 133 76 111 1 -0.038651973 -3.87268639
11 19 88 123 0 -0.00920056459 -3.2571938
94 98 116 151 3 -0.0227814484 -1.30142188
0 0 0 0 2 -0.0332660824 4.24899626
114 118 30 65 3 -1.32207036 -0.532545149
93 94 48 83 3 -0.0886426121 -1.26903641
23 26 63 70 1 -0.18665053 -0.276770502
78 78 88 0 3 -1.58759189 -0.496943474
64 67 84 99 2 -0.00126672571 -2.75067687
0 0 0 0 2 -0.0068923356 7.03992033
115 115 70 77 3 -0.00920765754 -3.79960179
90 94 74 80 1 -0.00385267311 -2.95812106
0 0 108 110 3 -0.0498972312 0.796261489
45 48 81 112 1 -0.00080345216 -2.31264162
0 0 0 0 3 -0.0017822705 6.68168879
16 20 24 59 2 -0.00197903975 -2.41567183
104 108 120 127 3 -0.00166645122 -2.4492135
67 68 107 142 2 -0.000196799054 -4.13094044
116 118 137 144 3 -0.0218893252 -3.60294843
99 101 113 144 1 -0.0447402857 -0.555402219
129 136 107 114 0 -0.000609715062 -4.48229265
78 85 55 59 0 -0.0233406797 -0.0325064063
35 43 149 156 0 -0.00574763026 -5.5523653
35 37 70 105 2 -0.000103351471 -4.33234024
17 17 38 46 3 -0.13272284 -1.11794019
42 46 96 131 3 -0.0251494385 -2.93378139
86 88 100 106 2 -0.00223145843 -4.36797428
49 53 69 72 1 -0.0107589494 -2.88977051
80 83 49 60 1 -6.1987972e-05 -4.44698048
135 140 87 122 0 -0.000379655277 -5.63971186
0 0 0 73 2 -1.24835145 0.48506552
73 74 51 58 3 -0.0104449252 -0.791734457
62 64 0 0 1 -1.48612976 0.325867891
29 30 70 105 1 -0.0357719138 0.00496786833
42 47 65 76 2 -0.00589540042 -5.10290384
58 65 43 48 1 -0.000252942904 -3.03899121
99 101 122 126 2 -0.000354257703 -4.27201557
228 232 100 104 1 -0.126312196 0.978966773
133 135 66 72 2 -0.00641355524 -2.43328285
12 12 17 21 4 -0.0832437873 0.181625485
12 17 21 28 0 -1.1574595 -1.02603412
132 135 104 115 4 -0.00024280943 -4.75509739
83 87 65 71 3 -6.28225171e-05 -3.20870185
65 66 79 114 3 -0.283991903 -4.65923214
72 72 37 60 4 -0.000190963736 -4.83451557
50 51 107 122 2 -0.0296371728 -2.48369837
55 59 41 48 4 -0.0020903924 -3.8775897
158 159 31 37 3 -0.0764869377 -3.57172418
103 105 80 88 2 -0.00024448894 -4.39868879
56 64 109 120 2 -7.55768488e-05 -5.05775738
68 77 46 54 1 -0.000455212954 -1.47794461
49 50 132 134 4 -0.00582279637 -3.83895206
46 49 69 80 3 -0.000589069037 -4.6383338
57 60 70 81 3 -0.000832076767 -1.88723516
50 53 62 67 2 -0.00382639561 -4.11011839
47 50 54 85 1 -0.011921078 -1.47696042
89 93 101 105 1 -0.0429218113 -5.21799564
38 39 43 45 2 -0.0278505012 -0.807300448
105 107 57 92 2 -0.00130409095 -2.30271411
121 133 41 76 0 -0.000836844207 -2.71777749
49 52 37 43 2 -0.000653302821 -1.93120575
59 64 72 107 3 -0.00134506822 -4.76720476
86 90 52 59 0 -8.91652453e-05 -4.54475117
133 133 71 76 3 -0.00231630309 -0.17057389
56 57 75 78 3 -0.0165317338 -4.4308424
60 60 77 112 3 -0.00886716228 -3.83751106
54 58 70 74 2 -0.0225884635 -1.33630371
49 50 103 138 2 -0.00496046618 -3.89884591
109 113 62 93 2 -0.00489512086 -1.8100028
79 79 95 130 3 -0.00623823702 -3.61204195
96 102 113 120 0 -0.00327198999 -3.4944222
107 107 82 91 3 -0.00202514604 -3.40087056
137 138 67 70 3 -0.0147872241 -5.18810987
21 21 55 62 3 -0.187807679 -4.13361931
37 37 95 106 3 -0.00145213737 -2.48757792
4 5 8 43 3 -0.0760496259 -2.82235003
82 83 52 67 3 -0.00222552661 -5.96025038
57 57 130 132 2 -0.0359234437 -3.37949872
86 87 108 119 3 -0.0058471486 -1.6675899
29 31 35 50 2 -0.284231305 -0.74062866
43 43 98 121 3 -0.000101085767 -3.30111217
86 89 117 124 2 -7.31929904e-05 -3.99780703
115 115 41 46 2 -6.41340157e-05 -4.71822309
35 38 71 106 2 -0.00010800064 -5.52251244
59 61 144 175 2 -0.00919714477 -2.20318508
65 67 75 79 2 -0.00100700487 -2.80165935
42 47 59 94 1 -0.000139232929 -4.20413828
46 46 66 101 3 -0.000510250509 -5.29120541
82 82 148 183 3 -0.000830039906 -3.62616777
89 92 22 45 1 -0.00169547659 -0.579757512
56 56 106 111 2 -0.00184074498 -3.2791779
146 146 95 130 3 -2.81332577e-05 -2.84225106
49 49 74 81 3 -0.00488838041 -2.01724052
92 94 103 134 1 -0.00314169936 -2.91450095
90 90 48 83 2 -0.1809306 -4.05212879
113 116 76 91 2 -0.000492477382 -3.2545259
17 18 39 46 2 -0.00741792284 -2.19238043
15 18 71 102 1 -0.0101346942 -3.64144087
103 104 65 70 2 -0.000923454529 -4.76202202
77 78 145 148 2 -0.000716666225 -2.75040221
39 40 60 83 2 -0.00114862702 -4.92707872
0 0 0 0 3 -0.0654444396 4.88989878
0 0 0 0 3 -0.000205502103 6.12522411
0 0 0 0 2 -0.210616365 4.16334486
0 0 0 0 3 -0.000521855312 4.4238739
0 0 0 0 2 -0.0142551987 3.82100415
0 0 0 0 3 -0.137182772 2.9951849
0 0 0 0 2 -0.131344482 5.50841808
0 0 0 0 4 -0.0878250077 7.17692804
0 0 0 0 3 -0.0596549176 4.71832323
0 0 0 0 2 -0.334591091 7.61694098
0 0 0 0 1 -0.0321546979 2.64767861
0 0 0 0 2 -0.49879992 2.2475183
0 0 0 0 2 -0.109997571 4.60284233
0 0 0 0 0 -0.152303502 6.0642395
0 0 0 0 0 -0.740404785 5.94534874
0 0 0 0 3 -0.00161099248 3.31216645
0 0 0 0 2 -0.0160056874 5.29561281
0 0 0 110 2 -0.595381618 2.24168992
0 0 0 0 2 -0.00140609732 0.690356433
62 66 102 110 1 -0.000231251091 -1.84343791
84 93 65 72 0 -0.0111477533 -2.01852131
0 0 0 0 1 -0.288658887 5.94576073
130 136 151 186 1 -0.000908867922 -0.00541558862
97 101 47 82 3 -0.000752499909 -1.62807345
43 50 58 61 1 -0.00043601889 -2.25052452
119 121 48 83 1 -0.000104544699 -4.42313242
0 0 0 0 1 -0.604811072 6.35343027
68 70 100 105 3 -0.00858930405 -1.08253074
119 122 133 141 0 -0.000446645019 -2.64142942
76 79 39 42 2 -0.000215045104 -3.63313007
147 151 59 94 2 -0.0161049999 -4.17457056
35 42 52 54 0 -0.0151294917 0.0647912025
168 171 130 153 0 -0.000120637691 -5.32595921
56 59 73 84 3 -0.00563141797 -4.4086256
41 42 53 60 3 -0.000458915893 -3.2713511
131 135 166 197 1 -0.0327602029 -3.7956388
142 143 156 171 3 -0.00149157899 -1.97208261
170 175 59 67 0 -0.0134940017 -2.21412587
69 76 84 91 1 -1.90733972e-05 -4.27975273
120 125 140 147 3 -8.27301992e-05 -2.33176875
45 48 58 60 4 -0.627007782 -3.64811444
59 61 83 118 1 -0.0106465835 -3.20879173
0 0 0 0 3 -0.804362059 3.07693434
157 161 104 139 4 -0.00213197316 -2.97380471
78 82 96 127 4 -0.00048119764 -4.57697248
51 51 63 78 4 -0.00844968483 -2.35985756
20 24 55 58 4 -0.00631066971 -5.21980143
0 0 0 0 1 -0.0213219821 4.87331438
115 120 229 190 1 -0.524715602 -1.67411947
100 104 39 74 1 -0.0755603835 -1.30360973
96 101 157 192 0 -0.00179970404 -2.79047871
0 0 0 0 1 -0.699549913 7.54329443
0 0 0 0 1 -0.556803584 6.7911315
91 94 120 143 2 -0.000831576646 -3.34549022
78 81 42 45 1 -0.000791678205 -2.57258797
88 92 109 144 1 -0.0154041443 -2.6963799
30 34 75 83 0 -0.00056070782 -2.61782908
67 71 86 88 0 -0.00335857435 -2.36708236
47 0 0 55 2 -1.87129211 4.57229996
0 0 0 0 2 -0.927570105 1.41057515
209 210 110 112 2 -0.00398334395 -2.69359875
91 97 155 159 1 -0.382913351 -1.69020033
145 149 30 65 3 -0.0107671246 -4.18417025
0 0 0 0 3 -0.521499693 1.71418476
151 154 105 111 2 -0.000247449818 -4.56360769
108 114 84 89 1 -0.00117449858 -1.91670871
53 57 70 77 1 -0.702463448 0.13088131
10 11 21 29 2 -0.00446890295 -1.81314397
102 104 118 124 2 -0.000195616929 -2.80231762
88 96 26 32 1 -0.0038080411 -1.04184997
60 65 85 89 1 -0.000162596698 -4.48868752
40 44 56 59 2 -0.00165762648 -3.19429374
99 104 136 141 2 -0.00246311049 -1.21957111
0 0 0 0 3 -0.260042846 5.17208481
57 63 73 78 3 -3.95771349e-05 -4.49562073
85 89 28 63 3 -5.13788254e-05 -4.8000412
45 51 107 142 1 -0.0154287508 -4.49999285
0 0 0 183 2 -0.882311821 1.09531784
48 51 88 99 1 -0.188441679 -3.12391257
45 51 61 67 0 -0.000493132859 -1.47596145
139 139 36 38 3 -0.00540695852 -2.38682127
80 84 99 134 3 -4.18420168e-05 -3.70004559
143 146 93 128 3 -0.000447108585 -2.21692824
35 36 44 51 2 -0.000100371391 -3.59533024
164 165 113 148 2 -0.00766867213 -0.620605707
0 0 0 0 4 -0.00109525828 5.21634102
71 75 43 58 3 -0.0416447893 -1.16137385
66 71 51 59 3 -0.0285959169 -0.787095845
89 93 106 113 4 -0.0011007085 -2.17390823
98 101 34 41 1 -0.0975000486 0.829574883
48 48 99 134 4 -0.00175912865 -5.79958868
0 0 0 0 2 -0.33271572 2.71718311
78 78 101 106 4 -0.00158684968 -1.52203488
35 35 101 105 4 -0.00225627003 -2.69515109
104 104 54 89 3 -0.000295621983 -2.47233558
195 198 174 180 2 -0.0123098707 -2.96582818
93 94 106 114 2 -0.00214611809 -3.11183167
130 130 83 114 3 -0.014585197 -3.77744699
125 125 186 197 3 -0.386304826 -0.181766093
93 99 68 71 0 -0.0885126069 -3.5173769
49 50 109 111 3 -0.00378579833 -4.14305639
46 50 65 100 3 -3.39743965e-05 -4.41065311
68 72 85 90 1 -0.000981146703 -3.27478528
98 101 21 36 1 -0.00359521876 -1.52598476
131 137 170 175 0 -0.0147261498 -6.74734306
210 217 130 139 1 -0.0584537461 -3.24922323
126 130 102 108 2 -0.000117060787 -4.59543419
0 0 26 33 4 -0.994144857 -1.73689485
40 45 52 87 1 -0.0014054972 -2.22858
0 0 0 0 2 -0.316233128 6.73211908
0 0 0 0 2 -0.139610365 6.4329381
128 132 83 118 2 -0.000398471515 -3.77832913
61 66 43 47 3 -0.00165927166 -2.86843371
62 66 72 79 3 -0.160748243 -0.35248667
0 0 0 0 4 -0.00274910079 0.906300366
79 87 49 56 0 -0.00302945939 -1.45431852
57 63 145 180 3 -0.440859169 -1.23149014
56 60 75 82 4 -3.02789958e-05 -4.30831575
0 0 0 0 2 -0.00212706393 5.51436234
0 0 0 0 1 -0.0384018794 4.65096855
138 142 70 74 2 -0.000257953623 -2.40472174
190 191 164 170 2 -0.00482996786 -2.82068896
53 56 44 47 2 -0.0159389544 -1.63386416
118 122 65 100 3 -0.000618255173 -3.77668667
75 75 45 47 3 -0.00336235948 -4.7893219
127 127 78 113 2 -0.649016201 -2.17556214
0 0 0 0 3 -0.00312199444 3.35674143
80 82 38 46 4 -0.765295863 0.860290945
96 102 47 82 1 -0.0161690023 -0.965225577
123 125 48 52 3 -0.000165218938 -3.90891004
25 30 35 39 4 -0.0182237215 -0.228483871
109 112 125 140 3 -0.0219985154 -4.14600801
33 40 115 130 2 -0.000919947925 -3.60300851
113 115 40 49 1 -0.00126927369 -4.14715433
0 0 0 0 3 -0.27640003 7.29679823
126 130 139 146 4 -0.00277210516 -3.77534509
104 104 64 99 0 -0.500550628 -4.11768484
158 163 59 94 3 -0.000418762153 -2.99657559
0 0 0 0 0 -0.0626499355 6.61770296
25 31 106 109 2 -0.0182574149 -4.77212811
0 0 0 0 1 -0.112769917 6.31908226
73 73 144 159 3 -0.014008672 -2.41293621
27 30 35 46 2 -0.0997563154 -2.17502713
202 205 158 193 2 -0.00873635802 -2.32705402
0 0 0 0 2 -0.0461107939 6.30048895
81 85 24 39 3 -0.000289188611 -3.00908422
207 210 151 99 1 -0.701643586 0.705494344
130 139 109 118 1 -0.000309795432 -1.72905397
78 81 56 60 4 -0.000256285071 -2.60106921
50 55 77 112 2 -0.00217331992 -3.99156356
0 0 63 74 2 -0.840010524 -0.598308623
212 212 96 131 2 -0.905911505 -1.97231388
37 44 56 63 0 -0.00168733613 -4.14849186
62 69 93 99 0 -0.0164032523 -2.11116409
46 48 91 126 2 -4.08885098e-05 -5.70518684
41 41 51 58 2 -0.000860853877 -2.21271801
68 71 85 96 1 -0.0015726157 -4.1148181
125 129 47 82 4 -0.0016657355 -2.03211784
93 98 48 50 1 -0.000528738135 -4.55447245
164 172 105 140 4 -0.000407271582 -3.15402198
32 34 20 26 1 -0.00166481384 -3.07205534
107 109 90 92 2 -0.0249626245 -4.19153547
96 96 105 113 4 -0.000156040056 -3.58459568
46 52 71 78 1 -0.307959735 -0.898043633
112 116 94 101 0 -0.004379333 -1.50872302
77 77 105 120 2 -2.622594e-05 -2.23434234
42 45 80 103 2 -0.000921542465 -4.41240978
85 88 97 132 2 -0.0777616501 -1.10689926
127 134 57 59 2 -0.15245977 -3.48189735
173 177 103 111 2 -0.00239259005 -3.08547401
139 143 46 52 0 -0.00276354118 0.760046899
22 26 52 58 4 -0.347169876 -2.01904035
104 110 125 140 2 -0.00857474934 -1.77448869
0 0 0 0 2 -0.11936228 6.32258654
77 77 115 122 4 -0.000669994566 -1.86663866
0 0 0 0 3 -0.046980828 3.70722651
131 131 112 119 2 -0.000954211748 -4.14554358
0 0 0 0 4 -0.588700235 7.82451868
0 0 0 0 3 -0.0224574022 2.03595877
119 119 81 87 3 -0.0181684326 -2.63098407
33 36 78 86 2 -0.0022413996 -3.00529146
133 136 82 117 3 -0.00386072928 -4.33923197
122 126 164 168 2 -0.611029387 -1.35880208
0 0 0 0 1 -1.01012897 7.20638752
30 41 52 52 0 -0.0087360153 -3.82273483
25 25 84 115 0 -0.37913388 0.311305881
141 145 158 164 4 -0.013463527 -0.758423686
173 173 115 126 1 -0.00774830673 -0.1045219
44 52 56 62 2 -0.019113455 -4.75649309
84 87 41 42 0 -0.0367127992 -0.353757709
203 206 130 134 2 -0.000427190243 -1.72883034
44 52 167 202 2 -0.00382957421 -3.48777342
133 137 55 70 2 -0.00232627173 -4.51175594
51 54 74 79 0 -0.314229041 -1.64683914
135 136 123 129 2 -0.000232092047 -5.90080023
7 11 17 52 4 -0.0457303226 -2.58256269
62 63 130 165 3 -0.005559552 -1.35485482
51 54 99 134 2 -0.00366185955 -2.42490697
0 0 0 0 2 -0.043840643 1.77140689
93 96 123 131 2 -0.000243412025 -4.11149836
126 132 195 203 1 -0.0796298906 -1.26760614
52 52 103 112 3 -0.000623058702 -3.12935853
41 41 54 89 2 -0.0014875636 -3.50479937
76 81 95 130 2 -0.00346274208 -3.75447178
93 95 148 151 2 -0.00441783387 -5.0914731
30 36 44 79 2 -0.00935789384 -0.791109681
0 0 0 0 3 -0.13136813 4.73795319
107 110 80 87 4 -0.00349691883 -2.27412343
115 117 128 163 2 -0.00308761443 -3.723279
74 80 114 161 3 -0.0107438779 -0.0259645879
0 0 0 0 1 -0.00620376738 4.69787407
152 152 68 91 3 -0.00476435386 -1.80696726
0 21 33 0 2 -1.26148283 1.08421206
33 40 76 80 2 -0.000938336772 -3.88581538
11 0 29 36 3 -0.682601213 1.81863308
107 112 77 83 3 -0.00127350842 -5.50008249
0 0 90 95 3 -0.119001031 1.60869908
44 48 219 226 2 -0.0833862796 -1.01859426
116 116 155 159 3 -0.000573200989 -4.05278444
83 89 53 61 0 -0.000139352444 -3.03395772
0 0 0 0 3 -0.301417381 4.95335197
121 121 103 110 3 -0.000104424849 -3.44723606
56 60 77 80 3 -0.0131849758 -3.13125634
100 104 163 178 3 -0.043738354 -2.78423762
90 92 110 145 1 -0.000799099915 -5.53735781
0 0 0 0 1 -0.0151341092 8.07314777
177 177 126 157 3 -0.00560039189 -0.113420337
37 43 80 115 0 -0.00118312309 -2.21162271
98 98 135 143 4 -0.00423194608 -4.92581224
113 118 38 42 2 -0.00141198293 -2.65758872
133 135 78 113 1 -0.00256502721 -2.07114244
58 62 78 80 4 -0.0105677471 -3.30349422
91 94 106 112 4 -4.98291411e-05 -4.26753187
0 0 0 0 2 -0.175353184 7.36364222
0 0 0 0 3 -0.0635318086 3.81198621
0 0 0 0 2 -0.649192035 7.27605963
30 36 56 91 1 -0.204850152 -2.97352767
116 120 68 99 2 -0.00728837401 -2.01834583
123 123 103 111 2 -7.04507329e-05 -3.60628819
93 94 101 104 2 -0.00232417951 -2.78620267
16 19 35 38 2 -0.00217700796 -3.21450186
105 108 52 87 2 -0.00165970426 -5.17690325
116 118 53 0 1 -1.7119627 0.547186315
102 108 118 126 1 -0.000354613789 -2.96459365
48 50 96 98 2 -0.00465421844 -5.38327932
109 115 54 85 2 -0.0109164622 -1.55149913
57 57 72 107 3 -0.000113842645 -4.75520229
53 59 107 115 0 -0.00758101139 -3.46610761
185 186 203 212 2 -0.00169273012 -4.2968421
0 0 0 0 3 -0.568785071 7.6812377
79 84 152 156 1 -0.00883969944 -3.27498531
116 116 130 132 4 -0.00067715568 -3.73962808
94 97 129 137 2 -0.000995140523 -4.78065252
109 112 49 54 2 -0.0149044702 -2.10123706
0 0 0 0 2 -0.0683378652 6.69149208
135 136 60 68 2 -0.00209369999 -4.85988951
80 80 50 56 2 -0.00573894568 -1.56777263
110 111 29 64 2 -0.0596425794 -0.903442144
50 50 92 123 1 -0.00185928796 -1.46732211
0 0 0 0 1 -0.779309869 7.44190073
81 86 36 71 4 -0.00206951541 -3.87736058
0 0 0 0 1 -0.0173564013 7.17553234
110 113 54 58 2 -0.17553097 -5.76651239
0 0 0 0 0 -0.00266642612 5.12393475
0 0 0 0 4 -0.566067934 7.54206657
231 237 130 165 3 -0.0399390273 -0.714742422
134 137 48 59 2 -0.00239747553 -2.81434631
68 70 94 102 2 -0.0120090665 -0.25491643
29 35 87 91 4 -0.704208672 4.03559065
134 135 120 125 2 -0.0441138931 -2.57520247
0 0 0 0 3 -0.376000375 6.98213577
35 41 106 113 0 -0.00221907231 -4.43488932
62 65 23 27 4 -0.0227958802 -2.17110109
69 72 152 183 2 -0.0327036716 -4.16383791
25 25 38 73 2 -0.00013267652 -3.92144585
74 74 134 137 2 -0.0020251018 -1.35209024
0 0 0 0 0 -0.135073066 6.90136528
59 62 75 110 0 -0.000746825652 -3.78321576
95 99 112 120 3 -0.000738390547 -4.18362474
48 48 60 68 3 -0.000100611011 -2.56896806
196 199 86 91 2 -0.00289503997 -3.26720762
109 113 40 42 3 -0.00023458038 -3.41109133
65 67 178 182 2 -0.000264514354 -4.61537743
99 105 42 46 1 -0.00194157287 -2.38449168
83 89 115 123 3 -0.000474722328 -3.07099771
51 52 65 71 2 -0.205260754 0.713988841
105 108 53 55 2 -0.0415594131 -2.58862448
146 149 126 131 2 -0.00928128231 -1.71356678
127 128 93 95 4 -0.00406903774 -2.43661451
50 51 92 99 3 -0.572640359 -0.00346833467
70 74 84 119 0 -0.377966911 -3.14752197
157 162 99 134 1 -0.174548462 -3.07344413
61 63 197 201 2 -0.00142666581 -3.94452214
0 0 0 0 2 -0.00283227768 3.7164762
54 54 89 124 2 -0.137133792 -5.82745028
58 64 23 46 1 -0.00561377732 -0.787046432
147 150 90 125 4 -0.0219780859 -2.85527658
154 155 95 0 2 -0.729143143 1.47456598
0 0 0 0 1 -0.119613729 6.69155121
0 0 0 0 3 -0.719936967 6.84217834
40 41 26 29 3 -0.00887507014 -0.236016884
62 64 100 108 1 -0.00466754101 -2.02323484
122 128 41 47 0 -0.000370008638 -2.44143581
80 83 60 68 2 -4.48219762e-05 -5.35079861
141 144 71 82 1 -0.00120234478 -3.09592056
92 101 44 46 0 -0.0631503537 -3.31693506
0 0 0 0 2 -0.00156835956 5.27034664
74 77 85 88 0 -0.00116502028 -1.21726775
190 197 133 136 0 -0.0227530077 -3.59798622
0 0 0 0 2 -0.11525701 7.21850252
106 109 81 85 2 -0.127636999 0.351502001
93 94 101 109 3 -0.0198774002 -0.779927433
48 48 155 159 3 -0.189176977 -3.07671809
45 49 64 66 1 -0.0116570098 -2.26863003
114 114 82 90 3 -0.00595992384 -3.13842034
52 60 79 83 0 -0.0162338093 -2.12404299
0 0 0 0 3 -0.000696586736 5.54918814
0 0 76 0 2 -1.9179132 1.42473769
0 0 0 0 2 -0.000898865284 6.19854116
62 62 148 183 3 -0.110354036 -6.37955236
47 53 80 88 1 -0.00281385914 -4.19835901
144 144 73 75 2 -0.0011026822 -3.48716784
59 65 76 82 2 -0.00112222519 -2.94293547
99 100 46 53 2 -0.000527098309 -2.66955948
179 183 146 157 2 -1.38184905 -2.86147404
81 85 102 113 3 -0.00967200845 -2.97483945
77 82 95 98 0 -0.0886003897 -3.85479617
103 107 116 131 0 -0.00151014631 -1.42269421
0 0 0 0 2 -0.000519178284 5.30901384
51 53 62 85 1 -0.00208683894 -3.23387003
96 101 80 83 0 -0.00223387755 -1.09411883
90 90 104 110 2 -0.000534241786 -2.64362788
121 121 70 105 2 -0.0158270001 -3.49716902
34 42 58 65 0 -0.000465220277 -2.81971383
67 69 108 143 2 -4.13653543e-05 -3.87862492
117 117 40 47 3 -0.00337016187 -3.59124088
60 67 99 134 2 -0.0080667343 -3.27982068
90 90 42 53 3 -0.000107286811 -4.02329397
75 76 52 58 2 -0.0254595056 1.70105076
79 79 65 70 3 -0.00101961498 -3.05694938
118 118 34 36 2 -0.000177377136 -2.88486171
140 147 180 215 3 -0.00322074979 -2.65884638
47 50 102 113 3 -0.000649859896 -3.67073727
124 129 34 37 1 -0.00752520235 -3.54585075
58 62 146 181 2 -0.0117484275 -4.38196707
154 158 52 87 4 -0.0030349791 -3.40728927
104 106 91 98 2 -0.0555114001 -3.22163653
0 0 0 0 3 -0.0300017335 7.28550053
150 158 39 54 3 -0.301929921 -0.777724624
32 37 84 119 3 -0.212222934 -3.45021653
0 0 0 0 2 -0.026997678 3.64318395
124 127 77 84 3 -0.00156723987 -3.58484125
71 71 110 145 3 -0.0063132355 -3.9266603
96 100 139 147 2 -0.000183332246 -4.02631712
55 57 114 125 1 -0.0102140307 -0.161579281
201 205 36 44 2 -0.0870120749 -3.37541866
89 91 116 147 1 -0.000245312287 -2.36737013
0 0 0 0 4 -0.00260041608 5.18748808
70 78 92 99 0 -0.0114154369 -4.25986719
84 92 0 117 1 -1.49548841 1.9193747
45 49 60 95 3 -0.000518754765 -2.367836
130 132 149 153 2 -0.0105041992 -3.27456403
114 123 144 179 0 -0.133271649 -0.796349645
94 98 39 74 2 -0.00841311365 -1.51972342
0 0 0 0 2 -0.291596025 4.40631962
224 225 120 143 3 -0.0536078848 -0.987781107
76 76 89 97 4 -0.00770181278 -4.6999445
124 128 66 97 3 -0.853509605 -1.70614862
0 0 150 165 2 -0.0539704338 0.789972365
0 0 0 0 2 -0.0564014055 3.90223145
92 94 110 145 2 -0.0554857589 -5.4643898
66 72 134 145 0 -0.00148445473 -4.28364801
31 31 120 123 2 -0.000359732541 -3.29493308
0 0 0 0 2 -0.00895205978 5.44714308
59 62 139 147 3 -0.00165195717 -5.25529242
66 69 44 49 3 -0.23332414 0.00359138846
55 61 171 175 3 -0.06249623 -5.46633387
121 121 137 146 3 -0.0305680148 -4.50753403
137 141 153 188 3 -0.747007072 -0.728235841
0 0 0 0 4 -0.211353257 6.42818594
28 28 39 46 4 -0.00610775966 -2.74874783
0 0 0 0 1 -0.920452058 3.17019129
0 0 0 0 3 -0.535045683 5.35642767
43 51 143 178 0 -0.000182141754 -3.89884758
84 84 39 44 2 -0.000578317791 -3.70970058
78 79 98 113 2 -0.222246706 -0.811853886
44 48 21 29 1 -0.00104642543 -4.14503431
46 54 111 113 0 -0.0035794687 -3.60626364
100 106 59 67 0 -0.000234594714 -3.12992692
72 73 55 66 2 -0.00128593016 -4.82918215
0 0 0 0 2 -0.0400727354 7.67058516
59 42 72 95 2 -1.18751991 -4.79474068
92 96 65 76 1 -0.0219182484 -6.17181015
103 106 116 131 2 -1.82389795e-05 -2.85597706
84 87 61 66 3 -0.0065681343 -0.483982682
151 159 92 115 0 -0.0876316503 -0.644521117
0 0 0 0 3 -0.00105754775 4.33305025
174 177 44 52 2 -0.00240475382 -2.64357448
183 184 85 120 3 -0.689832568 0.723234594
97 100 115 121 4 -0.000197403962 -2.45474839
43 50 63 98 1 -0.00255267601 -2.71066356
48 52 63 86 2 -0.00481748581 -2.43060732
57 61 79 114 2 -0.00047129087 -6.34163523
71 76 94 101 1 -0.000384405779 -0.833479643
88 91 101 103 1 -0.090603821 -2.91558194
145 146 79 84 2 -0.00357002555 -2.73536944
45 49 88 97 3 -0.00521751028 -0.430190504
43 45 104 111 2 -0.948295474 1.38787842
88 90 67 74 1 -0.00615081703 0.902614653
133 137 81 116 2 -0.00102095318 -3.92581797
95 95 48 83 3 -0.00288105197 -2.10999298
41 41 121 156 2 -0.000133390946 -4.53170872
133 133 148 183 4 -0.0292423256 -0.926160455
74 74 92 107 3 -0.00338871032 -1.70413613
132 136 149 184 3 -0.000449372077 -3.16446376
0 0 0 0 2 -0.250062704 1.90997863
92 99 66 70 2 -0.00196616119 -3.6609745
107 110 60 83 2 -0.00326565234 -4.68929577
75 79 89 94 4 -0.00907329656 -1.21011829
56 59 73 108 3 -0.000626851339 -2.8313489
131 137 40 75 0 -7.8200479e-05 -4.55393267
39 43 54 89 3 -0.00022839263 -4.35278463
85 91 109 144 3 -0.0135535356 -1.37910628
63 65 45 56 2 -0.00100323989 -3.44496465
20 23 28 63 4 -0.0346964709 -3.02480316
106 113 89 94 2 -0.00588897755 -1.85964775
76 81 97 132 4 -0.00167731498 -4.02795458
88 90 105 140 3 -0.00204770593 -4.19561863
38 38 48 71 4 -0.00395628624 -3.62771249
0 0 0 0 2 -0.407217592 6.32398605
56 59 138 145 2 -0.000617469545 -5.44623327
87 91 101 107 2 -0.000824878342 -3.15700626
118 119 162 193 2 -0.00140115828 -3.74526978
44 47 66 101 2 -0.00136453414 -4.14256144
71 72 25 60 2 -0.0115425661 -1.8397131
110 112 55 90 1 -0.000322675798 -3.28117585
122 124 30 53 1 -0.00817891676 -0.992112696
119 119 128 139 3 -0.00218879688 -1.54584002
133 140 156 160 0 -0.00138012506 -2.48385215
134 139 116 118 0 -0.0725151375 -0.702733457
80 84 36 38 2 -0.0354214162 -1.86271095
42 52 98 105 0 -0.0027808887 -3.65200067
47 48 58 93 3 -0.000853938982 -3.51337528
39 40 89 124 4 -0.00687710103 -4.91958094
0 0 0 0 3 -0.213078827 6.29730797
93 97 55 86 4 -0.0129447319 -1.26311314
69 73 94 103 4 -0.00269969064 -3.56773663
96 96 125 129 3 -0.0364918597 -1.33608818
58 59 109 144 4 -6.11537107e-05 -5.92623997
116 121 101 106 4 -0.00137776893 -1.00951791
39 46 124 130 1 -0.00100927299 -5.52275467
0 0 0 0 2 -0.000290376775 6.82420254
0 0 0 0 2 -0.217902884 5.76164007
97 103 45 49 2 -0.00017725912 -4.72122383
110 114 68 75 1 -4.36300907e-05 -5.07103634
88 96 112 121 3 -0.000492034713 -2.98014259
52 52 107 109 1 -0.0565391108 1.8950274
161 166 110 145 0 -0.00423065852 -2.76202393
90 90 102 117 3 -0.208286032 -3.81948328
0 0 0 0 3 -0.0518454425 6.9862895
51 52 67 71 3 -0.00255263038 -3.15739155
151 156 48 50 4 -0.000952611852 -2.43888998
0 0 0 0 2 -0.194065392 6.45831871
31 39 43 58 2 -0.00277871871 -0.962474227
0 0 0 0 2 -0.00597711001 5.25752783
88 90 136 171 3 -0.0117897503 0.0169453323
121 125 157 192 4 -0.000218500441 -4.80253601
75 75 37 40 3 -0.00588530721 -1.81306553
100 107 50 85 1 -0.000284418842 -3.69320846
70 71 141 176 3 -0.00433585141 -3.4090364
0 0 0 0 1 -0.637921691 7.61775351
44 47 80 115 3 -9.32201074e-05 -3.96853018
116 120 138 142 0 -0.000219331341 -2.92075133
65 65 51 55 2 -0.000329827773 -3.19477534
217 221 73 108 3 -0.685488582 -0.0144047737
0 0 0 0 3 -0.0363624878 4.26021624
0 0 0 0 2 -0.0342682637 3.9366076
85 88 97 112 1 -0.00908023492 -3.19103956
118 120 136 151 2 -0.371121526 -5.23749208
0 0 0 0 2 -0.150177285 5.24240255
144 149 89 124 4 -0.0217461865 -3.03595257
106 107 56 63 1 -0.00030000988 -3.59910297
39 42 86 94 2 -0.000148650142 -4.19430351
55 60 111 146 3 -0.00345478742 -3.81955075
99 105 118 126 0 -0.0138615286 -2.09081674
105 109 128 134 3 -0.000129576612 -5.55481529
89 92 101 116 2 -0.000161525022 -1.98443103
107 110 119 125 2 -0.424883723 -3.71391344
93 98 149 184 4 -0.00288020307 -3.94193506
44 44 96 103 3 -0.00310402713 -2.27633238
77 77 96 131 3 -0.00992649049 -0.851058602
83 88 98 105 2 -0.000593234261 -2.50169897
59 68 97 104 0 -0.000356294506 -3.15633059
57 60 117 124 2 -0.0265355222 -5.29518843
145 145 158 165 3 -0.00224738242 -4.26423931
0 0 0 0 1 -0.103591278 4.18489695
42 43 53 88 3 -0.00147894002 -3.38678217
0 0 0 0 2 -0.37435618 7.55633879
96 99 112 119 2 -0.000992048648 -3.43361211
127 130 108 113 1 -6.19881757e-05 -2.06382322
63 63 36 51 3 -0.0150035638 -2.8127172
53 56 41 43 1 -0.00417278055 -3.77013206
106 106 119 126 2 -0.554354191 -4.49655294
154 154 94 117 3 -0.00333911227 -3.2880013
0 0 0 0 1 -0.0803162605 2.47447181
146 147 67 71 3 -0.00364063564 -3.99823213
0 0 0 0 1 -0.714754641 7.33602667
124 128 51 86 3 -0.00133234449 -2.95922256
106 109 52 75 2 -8.71403172e-05 -4.37375736
35 38 85 90 0 -0.0543527566 -2.37874937
196 201 113 117 1 -0.642389953 1.63469553
0 0 0 0 1 -0.310640693 2.90036345
114 119 46 50 3 -0.0449650437 0.283528686
112 115 20 55 3 -0.00111405714 -5.12773991
0 0 0 0 3 -0.00220802822 3.8429606
56 58 106 129 2 -0.00534238387 -2.46168137
0 0 0 0 1 -1.33147156 7.29443455
89 94 64 79 1 -0.0375974402 -1.71661258
109 113 62 68 2 -0.00354143395 -2.5251987
111 115 144 146 2 -0.616217792 0.389575005
136 146 73 108 0 -0.00126960548 -1.65152645
90 93 35 39 2 -0.013384372 -1.47875738
183 183 201 236 2 -0.0118666589 -1.42233181
54 58 111 122 4 -0.0106940717 -3.85748482
60 66 91 93 0 -0.00100177096 -2.7234416
56 61 74 76 2 -0.00033567514 -1.48368216
133 137 38 73 3 -0.00353293959 -1.71656299
36 36 71 106 3 -0.23312147 -4.15680981
42 42 56 91 3 -0.000843681861 -3.11888814
79 80 97 101 2 -0.000268077973 -4.19491291
0 0 0 0 0 -0.0292589758 5.12582302
161 166 44 75 1 -0.00620007422 0.090726614
72 75 100 102 2 -0.00022350892 -3.28543568
22 26 33 68 2 -0.0273345318 -2.23102188
69 69 77 79 2 -0.00213773898 -2.79280782
0 0 0 0 3 -0.334586382 3.13725471
63 66 108 143 2 -5.45973708e-05 -3.20385027
131 131 148 183 4 -0.00180883717 -1.90976644
0 0 0 0 2 -0.0614601001 4.20653868
123 126 107 116 2 -0.339519113 -0.750082791
0 0 0 0 3 -0.0172551516 5.55367899
68 69 99 107 3 -0.000612063333 -3.12000513
148 153 99 122 3 -0.00373031828 -1.38975883
135 137 121 127 1 -0.00068348716 -4.36049461
59 66 37 44 1 -0.00016235096 -2.8769052
83 88 57 65 1 -0.0003561622 -3.81824112
69 75 87 122 3 -0.000266531686 -4.9227109
0 0 0 0 2 -0.00072208402 5.3459177
0 0 0 0 3 -0.457691669 6.83072424
39 43 48 79 3 -0.152669176 -0.333186269
61 63 123 138 3 -0.000790420687 -5.09394503
96 99 26 33 3 -0.305957168 -2.65940237
93 99 158 181 2 -0.192666501 -0.308426291
57 61 152 187 3 -0.00212310744 -4.27394247
0 0 0 0 2 -0.0581433624 2.28924036
44 48 66 97 3 -0.00662065484 -1.94729853
39 43 73 108 3 -0.0343419835 -4.85288334
47 49 69 78 1 -0.45673573 -3.09169602
0 0 0 0 2 -0.746381164 1.93346691
50 54 97 102 3 -0.0137608694 -2.34320307
0 0 0 0 2 -0.0594004132 3.04528427
137 138 68 74 3 -0.0948554724 -0.514972508
29 37 48 54 0 -0.000665715314 -2.49566555
55 60 71 86 2 -0.000158064955 -1.55903959
31 37 41 52 0 -0.00130774302 -1.27323306
109 113 27 29 3 -0.000859972322 -3.31906986
173 179 190 194 1 -0.0624096952 -2.10212302
0 0 0 0 4 -0.524082839 4.83115244
41 45 59 74 3 -0.000814799103 -3.8161304
45 48 128 143 1 -5.59085238e-05 -3.92576671
133 135 66 101 2 -0.0626217276 -2.87874675
79 89 61 65 1 -0.00026200412 -2.87992907
119 125 103 108 0 -0.00796791445 -4.2143302
59 59 72 80 2 -0.00556808803 -1.71256566
0 0 0 0 3 -0.0576118454 4.13968706
127 131 78 86 3 -1.46626971e-05 -5.35438585
98 101 31 46 2 -0.0586307421 -0.684436083
79 83 96 101 3 -0.064281702 0.0312098265
127 131 204 215 2 -0.000939181016 -3.72865605
130 136 52 87 1 -0.0276837107 -0.561052442
130 134 106 115 1 -0.0969620571 -4.21799326
44 47 121 128 0 -0.000382759084 -3.54432869
130 133 0 0 3 -1.1032114 -0.716295183
135 135 113 124 3 -0.0015006332 -3.74388623
0 0 0 0 2 -0.744828999 7.55953598
87 89 76 81 1 -0.000368554873 -3.32968712
0 0 0 0 2 -0.131300956 4.04137564
0 0 0 0 2 -0.00384263298 4.99481821
106 108 123 125 1 -0.000886169611 -2.52354813
35 35 50 85 0 -0.0325326398 -4.84882212
60 62 162 124 1 -1.16571093 -2.17012143
0 0 0 0 3 -0.449877888 7.10834455
133 138 70 105 1 -0.000204546028 -4.0460248
137 140 109 113 0 -0.000662463834 -4.29592943
0 0 0 0 2 -0.0575736389 4.44190025
61 69 80 89 2 -1.22314596 0.421479821
51 53 65 67 1 -0.0562584884 0.16952461
54 58 64 72 1 -1.04144323 1.37757063
61 65 81 96 1 -5.03056363e-05 -3.07805395
0 0 0 0 3 -0.048243098 3.41020012
0 0 0 0 0 -1.4604938 2.44558764
0 0 0 0 3 -0.481272519 6.47159004
125 128 43 78 3 -0.0158297271 -5.28643322
132 135 152 187 2 -0.164556444 0.306111217
78 83 36 39 1 -0.189095527 0.103656352
137 143 34 69 2 -0.000902429572 -2.19796705
57 61 76 111 4 -0.0326013267 -0.857577205
0 0 0 0 2 -0.0012068334 6.36823606
111 114 142 146 1 -0.0355964266 -4.47321129
78 81 122 129 1 -0.00178469054 -3.54737258
66 72 102 110 2 -0.888388038 -0.817941666
22 26 71 76 3 -0.466077417 -5.28146982
29 24 29 31 1 -0.543772757 -0.24549444
0 0 0 0 2 -0.000503934745 5.71976471
29 29 97 104 3 -0.333833396 -5.23726273
87 88 45 50 2 -0.00373534556 -2.67643929
69 76 120 123 2 -0.000239476838 -4.04752827
76 83 109 132 0 -0.0387021676 -1.48436999
50 51 59 66 1 -0.000661995029 -2.83834457
84 88 48 53 2 -0.020942593 -2.05971193
148 151 66 72 2 -0.00309562706 -0.507673204
80 84 95 130 4 -0.00120713958 -6.65647554
94 94 111 119 2 -0.107868336 -4.75883007
53 57 106 141 2 -0.000107405438 -3.56302524
89 97 50 54 1 -0.00206060964 -0.00837612152
98 98 43 48 3 -0.00134074886 -1.83395338
0 0 0 0 2 -0.267209679 7.31674767
68 74 90 125 1 -0.00274343858 -3.18110275
0 0 0 0 2 -0.00198746216 5.685256
128 135 107 111 3 -0.0117340814 -2.90372109
132 135 145 148 0 -0.00122308312 -4.59255648
112 116 134 141 3 -0.000773098087 -5.89564323
50 68 98 103 4 -1.10771585 -0.666606247
106 108 121 127 2 -6.30610521e-05 -2.40255928
60 62 37 44 2 -0.00552480342 -2.33198404
90 93 37 72 3 -4.60143638e-05 -3.865556
77 84 64 66 0 -0.01944438 -1.86552024
84 84 70 72 2 -0.00103267177 -2.46806788
24 29 37 72 2 -0.0669391453 -1.1081779
100 104 120 127 4 -0.00260221539 -1.6549046
32 36 50 85 2 -0.000143405618 -2.79775786
0 0 0 0 2 -0.00832941011 5.83565569
0 0 0 0 3 -0.00836016703 2.67933464
91 91 45 47 3 -0.00052956515 -3.1780057
57 63 78 113 1 -0.00402193796 -1.27005029
119 120 134 145 2 -0.00230549625 -2.86395335
139 143 156 171 4 -0.00364111271 -4.2378931
129 133 73 108 4 -0.00647654198 -3.1769352
86 91 30 36 2 -0.00124927459 -3.07049608
92 0 0 0 2 -1.1193738 2.4141705
62 66 119 128 3 -0.000170939878 -4.3893609
63 68 85 116 3 -0.000262601505 -6.07726002
118 123 49 84 4 -0.000558139407 -2.63200164
0 0 0 0 2 -0.499511182 3.90156579
45 50 115 122 0 -0.00461707776 0.472325921
139 142 62 77 2 -0.000505628588 -4.85634851
41 45 53 58 2 -0.000218024477 -3.81022668
110 113 35 42 1 -0.158071682 -0.587921262
126 131 118 120 1 -0.000477922586 -5.63830233
182 182 53 56 3 -0.0780726746 -2.20704365
78 79 97 132 2 -0.0127115641 -1.46017551
132 140 43 58 2 -0.000785475597 -4.65872574
47 54 66 69 0 -0.00563968346 -1.7560029
55 58 87 94 1 -0.000466061756 -2.79776073
64 65 76 80 1 -0.00292894011 1.01537704
0 0 0 0 2 -0.00247103651 4.76465893
27 32 106 110 1 -0.0213676747 -2.42331243
0 115 54 89 3 -0.901744246 0.578007638
108 112 123 128 2 -0.00569067523 -5.76892996
0 0 0 0 1 -0.000163786826 5.85264969
45 49 110 145 3 -0.373602152 2.09151649
105 105 47 70 3 -5.29282552e-05 -3.44157195
123 126 138 147 3 -0.00117674668 -2.44010115
166 170 105 120 3 -0.0343089327 -3.1644547
0 0 0 0 1 -0.73544842 7.5683341
90 92 102 137 2 -0.0123818433 -3.6673913
35 35 42 77 1 -0.435411394 -2.41263366
0 0 0 0 2 -0.319979548 3.88975358
98 101 64 79 2 -0.000233046201 -3.33644462
80 87 39 46 0 -0.000701452431 -4.7740407
141 141 119 123 4 -0.0541879609 -1.50999093
128 134 83 114 1 -0.000930418144 -5.84874916
102 104 144 150 2 -0.00177788327 -2.27681494
44 58 62 93 3 -0.810170054 -1.0174489
49 51 132 141 2 -0.000323756482 -6.26514244
60 63 100 135 1 -0.000284301554 -3.72340918
114 118 183 186 4 -0.000349844864 -3.06660986
47 48 130 137 2 -0.000701921643 -4.40472317
131 135 55 62 2 -0.00963548198 -1.6819303
37 39 21 27 2 -0.000944571686 -4.93907499
56 58 87 0 0 -0.735711157 2.24675465
98 101 43 78 1 -0.00190925272 -1.69822907
0 0 0 0 4 -0.0119612804 2.81748796
0 0 0 0 2 -0.00302874553 3.67393851
75 77 38 61 2 -0.0023237248 -0.974322498
122 125 139 144 4 -0.00276490883 -2.1008997
142 145 65 100 0 -0.000123140344 -2.84849811
122 133 169 175 0 -0.00304194237 -6.19051886
115 120 50 57 3 -0.000103351682 -4.20233583
105 112 173 188 0 -0.0033338475 -2.03057528
43 46 100 102 1 -0.00104424474 -1.71103501
66 69 135 141 2 -0.000118134165 -4.46967983
0 0 0 0 1 -0.463220417 4.57208061
38 42 58 93 1 -0.000848897616 -5.60787964
160 164 115 138 4 -0.000230055914 -4.54116535
60 64 119 126 1 -0.0739816055 -3.48675132
0 0 0 0 3 -0.0360280238 4.10077143
77 77 47 62 3 -0.000461032731 -5.40268803
104 106 124 159 1 -0.00325379381 -2.81456184
131 0 0 112 3 -2.10348988 0.918926179
67 67 40 51 3 -0.000804709678 -5.95685005
137 139 95 101 1 -0.0894887596 0.646398365
109 113 133 135 3 -0.0031611016 -4.22680569
89 96 54 58 3 -0.00390547165 -1.90757394
33 36 51 54 2 -0.000489278871 -5.19785833
67 71 49 56 1 -7.98692199e-05 -2.24287081
129 134 146 181 3 -0.00049191789 -3.9075439
193 0 0 0 2 -1.33604896 3.79174161
35 42 109 144 2 -0.000422919111 -2.90782094
96 97 55 70 2 -0.000987020554 -6.60986042
88 89 97 99 1 -0.00319127482 -5.75926685
0 0 0 0 1 -1.10046923 7.72495127
95 95 45 80 2 -0.944966972 -0.517667949
122 128 137 142 1 -0.00706291758 -2.79953671
44 44 58 66 2 -0.000203484466 -3.22401166
0 0 0 0 2 -0.000754345616 6.27618361
71 74 183 218 2 -0.000239839283 -5.5260129
60 63 29 36 2 -0.000383676728 -2.12123227
0 0 0 0 2 -0.000139113312 5.76587725
130 130 82 89 2 -7.17618386e-05 -4.48603392
49 53 85 120 2 -0.0532872826 -1.50898433
121 125 47 49 2 -0.000180114788 -3.63369584
25 29 53 88 4 -0.000201809322 -4.33942699
110 117 58 89 0 -0.00741303945 -3.23503995
41 44 62 65 2 -0.00591906486 -3.67693639
57 57 116 127 3 -0.00257420517 -2.84035802
121 126 78 85 1 -0.00127373438 -1.67837763
55 55 105 112 2 -0.35856995 -0.397993088
103 109 86 88 1 -0.00122166181 -2.65045333
56 60 145 149 4 -0.000591979071 -3.98583555
59 61 89 104 2 -0.247189447 -0.499824464
0 0 0 0 2 -0.68539995 2.51208234
73 80 105 128 1 -0.00122257904 -3.17201161
0 0 0 0 2 -0.000217546854 3.38306189
54 54 31 39 3 -0.000467833539 -4.32131767
127 133 110 116 2 -0.000991423614 -1.99895263
76 83 102 137 0 -0.000564708374 -4.80027676
0 0 0 0 2 -0.0414248779 5.49631357
110 113 129 131 2 -0.215335026 -3.57062483
68 72 51 56 2 -5.07825098e-05 -4.56581545
61 61 79 88 3 -0.000683585065 -1.63158298
73 73 92 127 3 -0.000199307673 -4.309515
58 61 126 134 3 -0.00424452871 -1.23694658
130 136 79 114 2 -0.000277018844 -4.38452625
215 216 142 177 3 -0.0351989865 -4.5421567
54 54 92 98 3 -0.0027079666 -2.42977047
0 0 0 0 2 -0.0115979509 3.27014852
113 113 61 96 2 -0.0428785607 -3.13299775
38 42 46 62 3 -0.629432321 -1.61104774
136 138 104 115 2 -0.0012692631 -1.98778129
0 0 0 0 2 -0.225164056 4.31920147
156 160 90 98 1 -0.000354510295 -1.34426236
112 113 62 97 4 -0.133132935 -3.72343206
0 0 0 0 2 -0.00201542326 3.4176228
56 60 93 97 4 -0.0289466642 -2.02464747
40 42 58 93 3 -0.00245882035 -2.79760718
103 103 84 88 3 -0.0363511965 0.49286449
12 17 22 33 0 -0.501265943 -1.69633365
46 53 58 63 1 -0.00213575875 -3.47625589
0 0 0 0 2 -0.310757428 6.92030096
43 45 62 73 1 -0.000643931213 -4.97705412
135 141 47 54 0 -0.00174837653 -3.71999383
0 0 0 0 0 -0.00302825565 7.19094706
86 90 73 75 0 -0.0695090964 -0.444272459
26 35 95 130 1 -0.00708090607 -4.82690144
116 120 134 143 3 -0.00150798331 -1.79394531
121 124 106 108 3 -0.000720189477 -2.93578863
74 78 29 64 4 -0.0212673768 -1.765306
148 153 57 92 1 -8.39210988e-05 -3.95182276
115 116 131 166 3 -0.00209501362 -1.43599176
107 110 124 130 1 -0.000448864885 -3.30099773
38 38 106 113 3 -0.00105677196 -4.00743294
0 0 0 0 1 -0.00681153731 3.67853713
66 70 99 130 1 -0.02666975 -4.02922869
0 0 0 0 2 -0.225629896 6.63705254
58 60 105 111 1 -0.000479515962 -1.42454243
61 61 106 137 3 -0.000430906948 -2.32021666
51 52 66 74 4 -0.0016227985 -1.86744547
0 0 0 0 3 -0.44810468 7.01701355
34 34 108 114 3 -0.249940962 -0.375416696
0 0 0 0 1 -0.0326559395 6.08670139
88 89 53 68 2 -0.00264940504 -0.880057514
42 51 127 142 0 -0.000294784375 -2.84718776
150 150 103 138 3 -0.082473509 -3.11257267
165 167 48 63 2 -0.0050982968 -4.05452967
45 48 57 64 0 -0.000251402264 -2.26197767
0 0 0 0 2 -0.114452548 7.31239033
16 17 55 94 2 -0.317178309 -0.546178877
66 70 139 143 1 -0.826602042 0.767283142
0 0 0 0 3 -0.00123229378 3.92985988
48 52 137 172 4 -0.000620894716 -3.53287697
30 38 86 94 0 -0.000333156378 -2.76510429
0 0 0 0 3 -0.234465435 5.83372498
64 64 107 0 3 -1.16091359 -1.97029138
112 114 136 143 1 -0.0271839257 -1.28294408
34 34 42 73 3 -0.0731025934 -0.224278271
69 70 42 46 3 -0.00567431329 -2.28997803
0 0 0 0 4 -0.883545637 7.97224283
55 61 114 149 0 -0.00146042171 -4.55474854
0 0 0 0 2 -0.0232751444 5.85034704
0 0 0 0 2 -0.9084813 7.22651911
85 92 42 51 1 -0.061328277 -3.56659055
101 107 37 60 2 -0.000120041623 -4.5522356
75 79 92 96 4 -0.000594094512 -3.09219885
100 108 42 53 4 -0.237895146 -3.75446677
129 135 90 98 2 -1.54971713e-05 -4.19352388
34 39 68 74 3 -0.00041278213 -3.48850894
45 52 142 149 1 -0.000212062718 -5.24557304
0 0 0 0 1 -0.534679174 7.31891918
30 35 71 106 1 -0.0096852351 -0.439690888
0 0 0 0 1 -0.250086784 4.00098562
115 121 42 77 2 -0.0210501608 -5.28372478
45 46 60 62 2 -0.0098502133 -0.916094601
102 109 63 68 2 -0.000250680372 -3.68975067
113 117 38 53 2 -0.000498465262 -5.31406403
77 77 42 57 2 -0.0962639675 -2.22003365
91 0 101 107 3 -0.676786661 2.24297428
93 94 41 45 1 -0.0116019435 -2.00617719
85 91 120 122 0 -0.00864338968 -2.54105186
43 53 110 117 0 -8.11794016e-05 -3.9980824
126 129 144 151 3 -0.0999365672 -4.38450909
43 51 102 137 2 -5.67428979e-05 -4.00406742
132 137 48 50 2 -0.387098312 -0.64110291
0 0 0 0 0 -0.142396376 4.94999504
76 81 54 60 2 -0.00104680168 -4.91820669
0 0 0 0 2 -0.120534174 2.3587203
44 50 77 88 0 -0.0537459627 -1.73618531
46 46 63 65 3 -0.000796494482 -3.55049586
54 58 74 109 2 -0.000767552876 -3.2181859
112 115 62 70 3 -0.00199468201 -3.54514313
22 25 83 90 2 -0.247562066 -3.74146795
0 0 0 0 2 -0.00162998016 2.51994658
88 88 108 123 3 -0.00339967734 -3.81155586
117 121 41 48 4 -0.000368920853 -3.42838216
186 190 58 63 2 -0.0069044577 -3.25088573
0 0 0 0 2 -0.316999763 6.47317362
62 65 76 111 2 -0.00010418726 -4.01964808
68 71 90 93 2 -0.0035680111 -4.88455153
59 65 106 112 2 -0.00241928222 -2.86304331
0 0 0 0 3 -0.242845818 1.85821557
0 0 0 0 2 -0.0334562324 6.82744265
0 0 0 0 3 -1.03605115 7.67028379
161 165 81 116 1 -0.579018116 -0.484368712
36 37 47 82 3 -0.00730228284 -0.834497094
56 63 99 101 2 -1.6525687 -0.0134190619
53 55 124 159 2 -0.000473792432 -4.2930727
0 0 0 0 2 -0.735225081 4.17965412
105 105 127 131 4 -0.00110308186 -3.64808011
0 0 0 0 2 -0.32933405 4.75059795
116 120 133 141 3 -0.0686474442 -1.04759073
56 60 34 39 0 -0.00254808948 -2.76945615
48 52 70 79 4 -0.00118873618 -1.66608572
17 25 29 33 0 -0.0277140774 -2.84387922
61 68 79 88 3 -0.00434401259 -1.90944266
31 37 45 53 1 -0.000585013069 -1.88347721
182 186 204 206 4 -0.0324951187 -5.01997328
0 0 0 0 1 -0.599630296 1.90114331
138 139 147 154 2 -0.00453860778 -2.94852972
48 52 67 102 2 -0.000107524087 -3.48427057
0 0 52 0 3 -1.27762246 0.439169228
0 0 0 0 2 -0.315921068 4.86563158
0 0 0 0 3 -0.0215643235 7.05847502
121 126 103 106 4 -0.000287394127 -5.9194746
0 0 0 0 1 -0.0510945767 3.87430739
45 49 64 70 3 -0.00159826013 -2.77871013
43 47 50 73 3 -0.197513923 -2.41572666
116 119 41 56 2 -0.0170665253 -1.17059588
53 55 107 113 2 -0.00119785639 -4.06563139
110 110 46 69 3 -0.000118252487 -4.48301363
41 47 102 137 0 -0.000601378153 -4.3108387
0 0 0 0 4 -0.000440200529 5.61676931
0 0 0 0 3 -0.235200614 5.22104931
58 66 79 88 0 -0.0443653949 -0.593339205
0 0 0 0 2 -0.00170113158 4.43074417
147 148 37 0 2 -0.664366066 0.44858849
46 52 87 93 0 -0.0109578036 -0.1179474
101 103 80 88 2 -0.00242942222 -0.303967178
52 59 142 146 3 -0.0394466482 -4.81109142
0 0 0 0 3 -0.183377296 5.250525
0 0 0 0 0 -0.00490011461 4.3899703
0 0 0 0 3 -0.086599566 2.17729139
111 113 128 137 2 -0.00745854015 -0.9045555
27 31 37 52 3 -0.272738814 0.226611078
0 0 0 0 1 -0.0810008794 6.41163683
166 169 43 54 2 -0.000533072511 -2.34520912
27 27 37 41 2 -0.0451437049 -1.75345087
0 32 0 0 2 -0.826104641 4.66379309
33 33 156 191 3 -0.00104352285 -0.682554603
37 40 86 121 2 -0.000574299833 -4.18803263
98 101 109 132 2 -0.00383555819 -1.32887268
0 0 0 0 1 -0.758006215 6.35402727
86 91 118 141 1 -0.00152114348 -5.1530962
0 0 0 0 3 -0.0678290054 7.64614344
187 187 204 215 2 -0.0218543634 -1.80271602
95 99 77 88 3 -0.000121352343 -3.9205842
87 90 58 73 2 -0.0023055966 -2.56060529
155 159 57 92 3 -0.000169272913 -2.26613402
102 103 110 116 3 -0.00776807126 -1.44226432
55 62 123 131 2 -0.000103114835 -3.14629793
48 48 125 129 3 -0.00920568127 -1.5741787
48 49 77 100 2 -0.0403058007 -0.593159795
90 91 97 132 3 -0.00339418743 -1.9352169
28 32 71 77 1 -0.00734745478 -4.7383666
0 0 0 0 0 -0.273625851 5.43652248
64 70 76 87 1 -0.192010581 1.3070457
94 97 110 133 2 -0.00167934969 -2.84201002
95 98 59 66 2 -0.000199063492 -4.76220274
166 167 149 152 2 -0.00151995081 -4.16827488
69 70 118 122 2 -0.000186429912 -5.1471796
80 82 97 132 1 -0.590879977 -0.958216667
0 0 151 182 0 -1.75928342 0.617073357
90 93 109 124 4 -0.00182681112 -5.60718775
90 96 124 139 1 -0.00539142266 -2.67441249
92 100 72 83 3 -0.0106586767 -1.34005785
0 0 0 0 0 -0.00191391306 7.01925564
119 123 82 90 2 -0.000601738051 -3.28243446
112 116 122 129 2 -0.00144302042 -4.42922115
49 51 119 134 2 -0.00366648054 -4.08194351
8 9 21 26 2 -0.976151645 1.40311742
96 97 108 113 3 -0.777927518 -0.577646732
51 51 70 105 3 -0.000336625351 -3.47158146
115 125 140 155 0 -0.00282236258 -2.98417449
110 116 67 98 2 -0.000141614844 -5.3389678
108 111 48 55 3 -0.000133148613 -4.39327669
0 0 0 0 2 -0.220200941 7.19059229
0 0 0 0 2 -0.804672897 7.11069918
175 179 132 139 1 -0.0276978314 -3.04581571
0 0 0 0 3 -0.0129346121 4.91409445
116 118 23 58 2 -0.000645443914 -4.76662493
122 126 43 50 1 -0.442441225 -5.47701025
154 162 52 59 0 -0.0377876535 -2.29097414
108 108 54 89 4 -0.0164557174 -4.7107296
22 30 37 72 0 -0.101064995 -4.1719017
90 92 50 73 2 -0.00655323407 -1.98497534
0 0 0 0 0 -0.0222945083 5.41583014
49 54 134 157 2 -0.000436383329 -4.04013062
0 0 0 0 3 -0.163025931 4.93706799
0 0 0 0 4 -1.11530316 7.75909948
110 110 38 42 3 -0.214611799 -3.34898925
144 148 37 72 3 -0.000127308725 -6.05995893
96 100 34 0 3 -0.717095077 0.643556297
111 114 133 141 3 -0.014091488 -0.992580533
0 0 0 0 3 -0.00802740827 5.41640806
166 172 67 102 0 -0.0131539032 -3.7028904
162 162 48 83 2 -0.0132879587 -0.69327879
110 113 122 153 2 -0.11577405 -0.57728231
0 0 0 0 3 -0.513761938 4.72465086
88 92 101 136 2 -5.48356475e-05 -4.79359388
204 205 54 89 2 -0.713012636 0.667231381
110 118 128 133 1 -0.00260739471 -3.04051781
40 44 53 88 2 -0.00604504626 -2.30924439
137 137 122 125 3 -0.00706097204 -1.82112217
114 118 77 88 3 -9.50081376e-05 -4.97160101
53 54 66 70 2 -0.000627693138 -3.18498135
129 129 147 151 1 -0.000799062313 2.11506295
84 84 95 102 3 -0.00161953422 -2.65856266
67 71 90 98 0 -0.0255780276 -0.0177979767
0 0 0 0 1 -0.289446682 3.74304366
46 52 56 64 2 -0.0265215393 -0.168289781
0 0 86 88 1 -0.260689497 0.561598063
106 110 59 94 3 -0.000627794827 -2.88724375
0 0 0 0 2 -0.0045565879 5.68312216
82 85 98 133 3 -0.00312333158 -5.74116993
0 0 0 0 1 -0.00825043395 3.64777303
151 155 101 104 2 -0.0121436315 -2.7986567
134 0 48 79 1 -0.640455663 1.30704355
49 55 111 146 2 -0.0488350838 -5.46470261
178 182 133 168 2 -0.000591779652 -1.4558754
59 62 90 125 1 -0.000589155243 -4.92831564
46 46 51 59 4 -0.114245951 -2.26677108
0 0 0 0 1 -0.00726235611 6.98605251
61 67 84 85 1 -0.0172902215 -2.11810851
53 56 122 157 2 -0.00251387223 -3.56341124
168 168 29 64 2 -0.00491046021 -2.9541254
112 115 127 133 1 -0.00484487507 -2.52325535
127 131 113 115 1 -0.000284055888 -3.40643549
0 0 0 0 2 -0.189512983 7.06101513
51 51 69 77 3 -0.000258789078 -1.48691702
95 99 40 45 0 -0.46437183 -3.87764978
68 72 23 58 4 -0.0972908735 -1.36638439
0 0 0 0 3 -0.749736965 7.67834044
51 51 59 94 2 -0.003274936 -2.37158823
74 76 88 90 2 -0.000422308454 -3.18891859
123 126 57 64 3 -0.0290989 1.08348608
75 81 31 54 1 -0.000313015829 -1.51023626
74 80 115 150 1 -0.00110081362 -4.62368059
118 125 102 105 0 -0.00180464063 -1.46794915
92 94 131 138 2 -0.000239838279 -3.46819472
90 95 105 108 3 -0.0117136827 -2.34263754
162 165 112 120 2 -0.0443252102 -2.50709629
85 90 107 142 3 -0.00456647854 -3.86803699
82 89 58 66 0 -0.000124809623 -5.31692839
94 94 113 116 2 -0.000852445199 -2.96935749
71 75 89 96 3 -0.0951060727 -2.19966435
0 0 0 0 4 -0.106561132 7.22681761
151 154 41 76 4 -0.0226943698 -1.94797778
103 111 45 48 0 -0.000454875699 -2.446697
0 0 0 0 2 -0.00318795908 5.16734171
33 38 115 117 3 -0.00528698461 -4.52844143
125 129 42 48 0 -0.00061898143 -1.41327286
53 53 64 69 3 -0.00966995768 0.0183108747
89 92 65 80 2 -0.0113752075 -3.92811775
102 103 137 172 2 -0.00559188798 0.150350213
102 105 122 153 2 -0.00229449058 -1.63439345
41 42 101 136 4 -0.0182834603 -1.18542552
41 45 60 91 2 -0.00591937546 -1.92035866
64 68 179 181 2 -0.00708492938 -1.59351921
167 172 148 155 2 -0.012850197 -1.84960413
0 0 0 0 2 -0.0110408012 2.7697022
126 129 23 58 3 -0.845842242 0.00573417544
71 77 98 101 1 -0.331515133 -1.42560434
105 105 113 124 2 -0.000259152876 -4.23068285
97 101 119 127 2 -0.000482577365 -3.94179249
0 0 0 0 2 -0.00117688894 5.16266489
193 194 77 81 4 -0.138620332 -4.528162
136 136 122 124 3 -0.000311715354 -2.69507217
0 0 0 0 2 -0.0796283931 6.98678017
0 0 0 0 0 -0.0596886091 7.36066675
0 0 0 0 2 -0.0153151304 6.59212875
0 0 0 0 3 -0.636831164 1.76886225
75 75 34 41 3 -0.0586265661 -3.72740889
0 0 0 0 2 -0.13675198 6.59157658
0 0 0 0 1 -0.280652165 1.69802427
0 0 0 0 2 -0.0459000021 2.22418261
103 104 29 64 4 -0.000364397129 -4.92034197
51 57 117 121 2 -0.000235657411 -4.35218811
14 18 29 27 4 -0.653374732 -4.3108449
129 132 50 57 3 -0.000742344186 -3.02157545
44 48 94 102 3 -0.0296664126 -2.16417575
158 158 103 107 2 -0.000163905002 -3.49364281
84 89 102 107 3 -0.002121025 -2.32432938
100 100 116 123 3 -0.000347584166 -2.21483946
156 159 104 139 0 -0.000222429066 -2.27842188
34 37 54 58 2 -0.000184520395 -3.48526096
105 110 41 76 2 -0.00651414553 -3.66126347
0 0 0 0 1 -0.050501544 2.99986315
46 53 112 120 2 -0.197035149 -2.82507539
0 0 0 0 3 -0.0374086462 6.63221693
53 56 157 168 1 -0.317555279 0.546817482
56 61 175 186 0 -0.000110623412 -2.4964819
149 149 50 85 2 -0.00209059054 -2.61518812
118 122 81 84 3 -0.000558208674 -3.4504149
29 32 83 90 3 -0.0210182425 -4.3004055
127 131 46 81 4 -0.277939826 -2.51711106
0 0 0 0 1 -7.97489556e-05 3.18576193
110 110 124 132 3 -0.010935639 0.18908149
127 129 47 58 3 -0.0031778065 -3.14408875
101 105 116 131 2 -4.87560392e-05 -3.68235874
84 84 91 102 3 -7.41468393e-05 -2.59089851
82 85 128 131 1 -0.0433828905 -2.7559638
75 76 0 0 2 -0.0440348387 -2.50877738
55 57 160 162 3 -0.0448907241 -3.22725868
127 127 52 56 3 -0.0028152694 -0.89262569
0 0 0 0 3 -0.256220698 2.55532146
82 82 53 68 2 -0.000458793162 -4.52404833
122 128 139 162 2 -0.00164908718 -3.99726868
102 103 118 125 1 -0.00312676444 -2.57109261
107 114 50 59 3 -0.0039859172 -0.975345433
104 104 51 86 3 -0.000378082768 -4.04441309
78 82 132 141 4 -2.27689106e-05 -2.55852365
57 61 79 90 3 -0.00780843012 -2.36214495
99 99 110 121 3 -0.000239361936 -4.81589222
134 141 82 97 1 -0.0146332337 -2.07646537
81 87 176 211 2 -0.00440663286 -3.41271925
123 123 45 45 2 -0.000132200352 -3.30239701
117 122 66 97 3 -0.0141667742 -2.20495939
124 128 82 117 3 -6.75908741e-05 -4.15199041
118 125 53 68 1 -0.0814893171 -1.53283143
134 139 46 81 1 -0.0280410238 -4.74163485
102 104 73 81 2 -0.000105021893 -4.20938826
226 226 58 93 3 -0.0140388971 -2.22022223
58 65 149 157 0 -8.38019623e-05 -4.42969131
106 106 121 123 3 -0.0208994448 -0.0715101361
114 115 124 131 4 -0.0106461188 -1.41170335
83 90 113 118 2 -0.00010287459 -5.53836966
108 109 123 134 3 -0.00368739525 -5.50079823
151 153 129 135 2 -0.0036229752 -1.0940454
0 0 0 0 2 -0.000525713083 6.45279837
80 80 186 221 3 -0.00836826488 -0.780976236
68 69 23 58 3 -0.00810190663 -4.04297209
80 87 95 130 2 -0.00677475613 -2.39255071
140 0 68 119 1 -1.34729338 1.40112686
72 75 84 119 1 -0.000622691412 -4.40494156
158 165 75 110 0 -0.269213557 -3.96611404
149 152 58 93 2 -0.0957100913 -0.428821951
0 0 0 0 2 -0.0272751227 4.40111637
77 82 33 0 3 -0.648531675 0.112493455
0 0 27 62 3 -1.82193279 -0.509147525
23 48 65 72 1 -0.610139847 -0.971494317
75 76 86 109 3 -0.747142017 -0.359168321
52 53 70 81 2 -0.00188806478 -2.17043543
0 0 0 0 2 -0.0535636432 7.47493362
116 116 67 78 3 -0.0309653357 -4.30456448
65 68 76 79 1 -0.217214867 -4.06416321
0 0 51 0 3 -0.577888131 1.23110199
45 49 65 80 1 -0.000105617059 -3.53724432
0 0 0 0 3 -0.000511826773 6.22013044
18 23 27 62 2 -0.115306035 -0.592949033
101 106 118 141 3 -0.000277859654 -3.93824697
55 56 70 105 2 -0.00106157549 -1.7274754
121 121 191 195 3 -0.00231466559 -3.73595786
161 163 118 149 1 -0.208729208 -1.1395216
101 106 78 86 0 -0.00117483386 -3.15909743
129 133 106 110 0 -0.132789254 0.0237269402
201 205 75 83 0 -0.0460077189 -4.56714296
114 117 68 103 2 -0.0545082167 -1.91228795
15 15 37 45 3 -0.272675902 -1.81052208
135 140 85 120 3 -0.00507115433 -1.61851645
97 100 112 115 2 -0.00112907682 -4.33837795
61 66 82 85 1 -0.00350607606 -0.989454091
98 102 53 63 1 -0.000661670521 -4.72084999
143 147 53 88 0 -0.000359743543 -5.41340494
46 47 64 74 2 -0.0365028232 -2.04630113
59 59 78 84 3 -0.00426736102 -0.728520393
64 67 48 54 1 -0.00122199231 -4.70949888
28 31 46 81 1 -0.0875383392 -0.648613572
42 47 121 152 2 -0.000168198982 -3.97323823
30 38 86 90 1 -0.0340450145 -3.29634047
50 50 70 75 2 -0.000264036702 -3.02795625
82 83 179 183 1 -0.112663135 0.275949299
47 49 124 131 2 -0.0035439434 -1.8559339
12 13 18 26 4 -0.0352860205 0.986308753
12 16 20 35 0 -0.201744631 -1.57777691
76 80 36 59 4 -7.08092994e-05 -5.18525219
72 77 53 60 3 -0.000919334474 -2.40475011
61 61 74 109 3 -0.000699547178 -4.91500378
30 31 63 70 4 -0.00119444111 -3.47023535
36 39 109 124 2 -6.67562854e-05 -3.37985706
71 76 41 64 4 -0.000749608735 -2.1842525
156 156 33 35 3 -0.0066052475 -4.72276211
55 55 93 100 2 -0.000137088107 -3.72894311
133 140 102 109 2 -0.000169270468 -4.34579468
135 142 46 50 1 -0.000317554164 -1.71388292
39 39 57 59 4 -4.9352202e-05 -3.31593871
51 55 75 86 3 -0.00129142834 -4.56346273
56 60 70 101 3 -0.00195765519 -0.831871271
47 49 58 62 2 -0.00216139131 -4.47052288
38 42 46 57 1 -0.000951459166 -2.62459779
97 100 108 115 1 -0.00166677567 -3.20983076
38 40 44 52 2 -0.0412015617 1.4334805
47 48 76 111 2 -0.00109881256 -3.41263318
47 53 65 100 0 -0.000138039803 -5.40115881
52 54 39 46 2 -0.000114080336 -2.01532245
70 75 83 118 3 -0.00288178213 -4.32016659
62 67 123 129 0 -0.00174254144 -5.1505456
56 56 70 73 3 -4.48224127e-05 -2.3433392
50 50 68 74 3 -0.000932767754 -2.61912131
58 58 75 110 3 -0.00433068117 -3.77207375
43 46 58 63 2 -0.000505340344 -3.84152842
45 48 124 159 2 -0.000232567545 -3.39232659
114 122 54 69 2 -0.00093412475 -3.03715062
118 118 42 77 3 -0.00708117383 -5.11433411
101 105 116 120 0 -0.00199977565 -4.27538109
98 98 74 82 3 -0.00519369915 -3.51222634
64 64 79 84 3 -0.00166347693 -5.95562506
25 25 153 160 3 -0.039771717 -2.66676116
82 83 107 122 3 -0.00139883417 -4.73723459
4 5 8 43 3 -0.251770109 -1.52234364
112 112 128 143 3 -0.000209203485 -4.85587025
121 124 104 106 2 -0.000120279794 -3.36055803
90 90 100 131 3 -0.019336177 -1.06515801
29 29 33 40 2 -0.352831811 0.860439122
88 88 49 72 3 -0.00197117403 -1.65280032
131 133 106 121 2 -6.00807034e-05 -3.86588216
89 90 109 111 2 -0.0017617658 -3.59934258
114 117 47 82 2 -6.55643162e-05 -5.44080877
161 161 56 67 2 -0.012546367 -1.38084888
63 63 71 75 2 -0.146851018 -1.72796583
137 140 63 98 1 -0.000195140616 -3.19744349
46 46 66 101 3 -0.000976803363 -5.93013668
79 79 108 143 3 -0.000485835888 -3.57623124
104 107 46 57 1 -0.00116831576 -1.87506056
154 158 61 69 2 -0.00375943561 -2.95081568
153 153 75 110 3 -0.000464881537 -1.93902421
98 98 111 126 3 -0.000340790255 -2.64354801
56 59 68 91 1 -0.00036833834 -2.78848743
92 93 50 85 2 -0.0793612674 -4.07920313
77 77 92 107 2 -0.000165458099 -3.00886321
17 17 38 46 2 -0.00333624217 -2.40695119
53 56 10 17 1 -0.220678642 0.2158252
42 45 102 105 2 -0.000713755901 -6.65077066
100 100 143 151 2 -0.000769481412 -2.10488844
111 111 32 39 2 -0.000802289927 -5.41335297
0 0 0 0 3 -0.0002725964 5.4270916
0 0 0 0 3 -0.000842381676 5.23326778
0 0 0 0 3 -0.0651916042 4.66515589
0 0 0 0 3 -0.000677147065 4.88687372
0 0 0 0 3 -0.400298476 2.0831728
0 0 0 0 3 -0.116219655 3.89871335
0 0 0 0 2 -0.000441365293 6.22929144
0 0 0 0 4 -0.35139662 7.84195471
0 0 0 0 3 -0.0856037736 4.19355726
0 0 0 0 2 -0.883948326 7.57831049
0 0 0 0 1 -0.00177599478 2.71290088
0 0 0 0 1 -0.65344578 2.75948119
0 0 0 0 2 -0.0198389012 5.31428862
0 0 0 0 0 -0.139240712 5.56303835
0 0 0 0 3 -0.363362521 5.96208668
0 0 0 0 3 -0.00806692056 2.60892677
0 0 0 0 2 -0.00691653183 5.65831757
0 0 107 115 2 -0.966756582 0.515567303
112 112 125 131 2 -0.00058607239 -2.63215923
94 98 51 59 1 -0.000117298732 -1.73581123
78 84 38 43 0 -0.0119647766 -1.61806345
22 26 30 65 2 -0.655412376 -2.99615169
131 136 69 104 1 -0.00791991409 -0.0778314173
138 144 33 68 3 -0.00190863409 -1.31419444
41 48 56 61 1 -0.010198947 -3.95464945
141 144 91 126 1 -0.000107406144 -3.61204314
39 40 119 126 2 -0.063252978 -2.92590547
40 40 175 180 3 -0.0302528497 -1.99224663
126 134 145 153 0 -0.0191227645 -3.43407512
64 65 99 102 2 -0.00117524317 -5.01225185
49 49 106 141 2 -0.000496582885 -4.13927031
35 43 53 56 0 -0.00189658476 -2.6053946
103 107 143 150 0 -0.000452553126 -4.93168926
47 51 65 72 3 -0.00242554676 -2.92929459
123 124 51 62 3 -0.0075081056 -1.54948592
82 88 170 201 1 -0.000402536534 -3.66420245
64 64 157 168 3 -0.013452528 -2.21869612
203 208 109 111 0 -0.0481451228 -1.89739728
91 96 104 110 1 -0.00020646234 -2.70422411
47 51 140 155 3 -0.000501198927 -4.33203554
54 58 68 70 4 -0.358343989 -3.47744441
48 52 74 109 1 -0.0348868668 -1.74453926
171 176 123 158 1 -0.0326162502 0.448128223
151 154 83 118 4 -0.00502101518 -2.21390295
40 44 78 89 4 -0.000199546048 -4.00536108
44 44 56 67 4 -0.0015291922 -2.66389298
58 61 30 35 4 -0.000213960375 -5.23588371
0 0 0 0 1 -0.00208318653 6.1706934
112 118 155 190 1 -0.743669927 0.42552495
64 69 19 54 1 -0.0028944558 -3.51223493
187 192 56 91 0 -0.00948092528 -1.88545465
0 0 0 0 1 -0.119304396 7.1092658
0 0 0 0 3 -0.214567468 7.18214989
70 71 112 123 2 -0.00368629675 -3.57932925
94 99 64 66 1 -0.00442873593 -1.27165627
51 55 117 152 1 -0.000159615272 -2.52054429
101 107 119 126 0 -0.0332600027 -2.60381556
61 66 147 154 0 -0.0159316082 -3.8204627
0 0 0 0 2 -0.58085382 4.42956638
107 108 96 99 2 -0.171314418 -0.403992355
81 83 99 102 2 -0.0019460005 -0.921211958
80 85 144 152 0 -0.143696293 -0.906575859
143 147 30 65 3 -0.00147472729 -2.96026587
0 0 0 0 3 -0.141682416 2.81880808
155 155 58 66 2 -2.14576012e-05 -3.95205832
44 51 91 93 1 -0.0156071708 -1.3734628
94 98 134 138 1 -0.691783249 0.680709898
10 14 24 30 2 -0.000672262977 -1.56207156
29 32 46 52 2 -0.000315155223 -2.89547729
89 99 46 53 1 -0.00263825897 -1.05028057
90 92 134 136 1 -0.000300013955 -3.93004155
83 84 96 99 2 -0.00103469181 -3.83927155
62 65 84 90 2 -0.014120305 -1.59027243
0 0 0 0 3 -0.0222638734 5.21313095
108 114 48 55 3 -0.00193166803 -2.67517829
69 73 88 123 3 -0.000101324084 -4.68238497
42 49 59 94 1 -0.000197759466 -3.81689739
0 132 150 0 2 -1.66750503 1.06562734
42 43 88 95 2 -0.427870452 -1.65429115
49 59 69 73 0 -0.658536911 -1.3002317
53 53 112 118 3 -0.000600252708 -2.78333163
124 128 47 82 3 -0.00011980057 -3.53699017
45 49 85 120 3 -0.00124529458 -2.76236081
35 35 104 107 2 -0.00595796434 -3.58107948
57 61 99 134 2 -0.363083273 1.7373805
0 0 0 0 4 -0.291120887 5.41163969
0 0 0 0 3 -0.0190653428 5.25317287
62 68 47 55 3 -0.0467547029 -1.48678231
90 94 107 114 4 -0.00216712034 -3.07434678
40 43 123 130 1 -0.0102174813 0.509990633
73 73 109 144 4 -0.000157590548 -6.61704445
0 0 0 0 2 -0.622472227 2.38490486
92 93 45 50 4 -0.00257673603 -2.91552424
108 109 67 71 4 -0.000628719979 -3.25089717
116 116 66 101 3 -0.000590370619 -3.0310576
94 97 112 114 2 -0.00285253651 -2.19861579
142 144 102 112 2 -0.00308695133 -3.18390226
118 118 40 63 3 -0.016255945 -5.50110245
114 115 152 167 3 -0.122954719 -4.07654476
58 68 141 147 0 -0.00823794678 -3.48727655
97 98 66 67 3 -0.00356150186 -3.3706696
135 140 41 76 3 -0.000238040127 -3.24524379
72 76 108 111 1 -0.000341396779 -3.63484359
65 67 81 88 1 -0.015749231 -2.57053041
85 90 163 170 0 -0.0131345131 -5.11958694
152 159 191 197 1 -0.733500779 -0.744120479
58 60 107 114 2 -3.69546797e-05 -3.98091125
24 26 96 111 0 -0.21735397 -0.722930074
40 45 52 87 1 -0.00443987316 -2.68102646
0 0 0 0 3 -0.740231156 7.68822718
0 0 0 0 2 -0.254512668 6.86163759
48 53 64 99 2 -4.86370882e-05 -4.38213587
78 82 94 102 3 -5.2928237e-05 -2.84725261
78 81 55 62 3 -0.164851755 0.0144537389
0 0 0 0 2 -0.0103338715 1.74962091
79 90 121 152 0 -0.434964687 -0.72630465
103 110 56 91 3 -0.107178509 -1.41011667
66 70 43 51 4 -0.000197520421 -4.17305422
0 0 0 0 2 -0.00192800537 5.5615921
0 0 0 0 1 -0.0119377971 4.86299944
61 66 100 108 2 -0.000454984023 -3.26251197
120 121 189 197 2 -0.00142085529 -2.28676581
84 86 106 111 2 -0.000640556216 -2.78039551
0 0 0 0 3 -0.000279878645 1.67318988
106 106 70 75 3 -0.0143580707 -4.80218458
37 39 173 208 2 -0.0379032716 -2.61266184
0 0 0 0 1 -0.0154771181 3.57476354
37 37 52 53 4 -0.208043292 0.243637085
94 97 45 80 1 -0.0784088224 -0.600340545
85 85 73 76 3 -0.0008614955 -2.65555215
24 29 34 38 4 -0.0312578455 -1.33918035
119 123 136 159 3 -0.0104860747 -4.53676033
49 55 114 137 2 -0.126346245 -2.51797962
114 118 22 31 1 -0.000394992327 -3.12761283
0 0 0 0 3 -0.214399353 7.29956436
119 123 132 138 4 -0.00143536658 -4.51402807
103 103 63 98 0 -0.744678855 -2.50438523
50 55 124 159 3 -0.00287034619 -4.01712465
0 0 0 0 0 -0.444947541 6.37765455
100 102 82 85 2 -0.000694496208 -4.72585821
0 0 0 0 1 -0.19296132 7.92494726
90 90 161 172 3 -0.0757022798 -2.17082119
30 34 39 51 2 -0.0379004963 -3.57137036
122 125 41 76 2 -0.0108167138 -4.95428467
0 0 0 0 2 -0.047560595 6.40125465
53 57 72 79 3 -0.0084404815 -1.34445453
82 84 27 62 1 -0.763781369 0.674276769
116 121 100 104 1 -0.013806209 -0.955827415
85 85 113 115 4 -0.00766376732 -2.35932302
52 58 80 115 2 -0.0090256324 -4.14710522
52 60 71 86 2 -0.273610801 -1.19404626
129 132 57 92 2 -0.00200282293 -1.1302855
78 84 11 15 0 -0.0027160747 -3.93831038
105 46 55 59 0 -0.698470414 -0.783731103
42 46 105 140 2 -2.15767432e-05 -4.88786411
0 0 0 0 3 -0.527362466 6.07579136
68 72 86 117 1 -0.00308585539 -0.844244123
109 113 133 168 4 -0.00086626556 -2.6374197
103 105 49 57 1 -0.0058078235 -4.34410238
150 158 69 104 4 -0.00683988445 -3.33633089
69 71 0 22 1 -0.529303074 -1.30028713
106 108 42 47 2 -0.00347220735 -4.69857168
101 101 110 117 4 -0.000257464038 -3.87389684
112 116 90 96 1 -0.136662915 -1.62296724
114 118 96 103 0 -0.000856707687 -1.26055908
74 77 47 54 2 -6.96173956e-05 -4.06068277
44 47 65 80 2 -0.000138875504 -3.80265427
79 84 93 128 2 -0.0644838139 -0.309291124
53 57 111 114 2 -1.15676236 -0.0461293459
177 181 110 115 2 -0.00128949678 -3.73565769
73 76 125 129 0 -0.00455333944 0.447686791
19 23 49 57 2 -0.181086063 -0.777296782
107 107 122 133 2 -0.0348031744 -0.213708729
56 60 69 76 2 -1.22785059e-05 -4.50562239
109 109 52 55 4 -0.0978413075 0.534620821
0 0 0 0 3 -0.00862486754 2.80510879
77 79 60 65 2 -0.000253899721 -4.66706181
0 0 0 0 3 -0.54943192 7.44122648
0 0 0 0 3 -0.00198346237 3.78801465
0 0 0 0 0 -0.464222699 5.98061371
63 64 32 37 2 -0.00808542874 -2.67681146
57 62 75 110 3 -0.0100742457 -4.67003822
90 93 181 189 2 -0.1089634 -2.32922769
0 0 0 0 3 -0.543772459 6.87381792
94 103 26 29 0 -0.00120916869 -2.49979758
88 94 20 27 0 -0.131887928 -1.56370831
140 145 158 165 4 -0.00192071719 -0.968029916
83 85 158 181 1 -0.164266646 -0.660888433
46 53 57 63 2 -0.0230714399 -3.66956925
76 81 64 66 0 -0.000731465174 -2.07812119
114 115 131 133 2 -0.000766150828 -4.16215515
26 30 108 143 2 -0.00752861798 -2.12619233
62 65 126 137 2 -0.00222528609 -4.68904448
55 60 80 88 0 -0.0241017453 -2.46375823
0 0 0 0 3 -0.112424888 4.93753099
7 11 17 52 4 -0.00686372863 -2.85924649
147 147 60 95 3 -0.135538161 -1.17185831
44 47 111 146 2 -0.00261124992 -2.50222468
0 0 0 0 2 -0.0584203713 1.69052434
142 147 61 69 2 -0.062185239 -4.05194378
132 137 200 208 1 -0.440952986 0.836934149
130 130 88 96 3 -0.000314933859 -3.40032554
141 144 90 125 1 -0.513865709 -0.967774034
61 62 102 137 2 -0.00102799735 -4.15488863
112 114 81 87 2 -0.00351908058 -5.694592
24 29 37 72 2 -0.317880124 0.334134281
0 0 0 0 2 -8.69016585e-05 1.79601264
67 70 41 47 4 -0.0014279813 -1.95886254
110 110 121 156 2 -0.000655345269 -2.90526533
162 169 45 90 3 -0.707669973 0.948500097
0 0 0 0 1 -0.00102719991 5.61113787
75 76 55 62 3 -0.00847635604 -1.67919397
0 0 0 0 2 -0.0308240969 4.3752985
67 72 85 93 2 -0.000566791859 -2.22327852
0 0 31 33 3 -0.886247158 1.67421603
68 75 106 110 3 -0.00130006263 -5.85247278
0 0 0 92 3 -0.618168235 2.75512314
144 148 41 45 2 -0.00296258251 -2.50167298
162 162 110 112 3 -0.000728630112 -3.01520967
81 88 54 61 0 -0.00319850119 -2.04474306
0 0 0 0 1 -0.353423208 4.28005075
49 49 119 142 3 -0.000994142611 -2.29182482
50 54 71 76 4 -0.464495003 -5.15748787
69 72 180 203 3 -0.582931995 -3.5702877
162 166 92 127 1 -0.0119218631 -4.82534504
0 0 0 0 1 -0.0857091174 8.89261723
94 94 67 74 3 -0.000927147514 -1.77930307
71 75 24 59 0 -0.0224031396 -2.38663745
131 132 110 116 4 -0.0216487758 -4.10329962
75 83 45 48 2 -0.00472921506 -2.18308806
82 88 108 143 1 -0.00351259252 0.0847689509
56 59 47 48 4 -0.0482187383 -1.37577736
107 111 45 51 4 -0.0037560903 -3.22464466
0 0 0 0 2 -0.00349560939 5.41750336
0 0 0 0 3 -0.00111857988 4.61893272
0 0 0 0 1 -0.890189767 7.31852388
31 35 55 90 1 -0.441652447 -1.72345281
97 100 34 41 2 -0.715691447 -1.55095387
36 36 92 95 2 -5.94847952e-05 -3.32240653
96 99 106 113 2 -0.00727615738 -2.57068276
18 20 36 43 2 -0.00033864798 -3.12721491
103 106 39 74 2 -0.000182143107 -4.23947287
87 88 63 71 1 -0.283111423 -0.481799275
100 102 45 49 1 -0.64522779 0.395537853
131 132 140 146 2 -0.00231981138 -3.64032173
92 94 45 68 2 -0.000319578743 -2.81848001
170 171 75 110 3 -0.00782719813 -3.4477222
49 55 62 65 0 -0.000446870516 -2.58959103
143 148 56 63 2 -0.0370168425 -3.85108805
0 0 0 0 1 -0.802997291 7.85558462
76 84 113 120 1 -0.00659687957 -3.89834094
51 51 127 131 4 -0.000220409842 -3.69615865
130 132 88 94 2 -0.000151985907 -5.00016594
70 76 111 113 2 -0.00148475205 -1.47513342
0 0 0 0 2 -0.123373263 6.69092846
80 83 100 106 2 -0.00177063211 -5.90511131
171 172 56 63 2 -0.0936609134 -3.30124807
53 55 12 47 2 -0.00253628031 -3.540411
24 26 46 61 1 -0.110629611 -3.01415849
0 0 0 0 1 -0.842348099 7.38950968
98 103 53 88 4 -0.000270355347 -3.20885181
0 0 0 0 1 -0.00239856425 6.5754056
113 116 64 70 2 -0.0323089361 -2.78553772
0 0 0 0 0 -0.0126818772 4.10880852
0 0 0 0 1 -0.466510057 7.30990314
163 170 62 97 1 -0.0283279922 -0.479282618
88 93 51 66 2 -0.00183467392 -1.91004372
119 121 93 97 2 -0.294157594 0.187103271
182 186 32 38 2 -0.0279811677 0.759209454
86 86 92 98 2 -0.000895970268 -2.01799464
0 0 0 0 3 -0.382278472 7.02387285
69 75 42 49 0 -0.000528946519 -4.05029535
47 51 62 67 4 -0.143233284 -0.749121308
233 233 157 188 2 -0.797134817 -4.32109499
24 28 41 76 2 -0.00302935811 -1.55431318
72 75 126 128 2 -0.0940490812 -0.0311869979
0 0 0 0 2 -0.57126528 7.41566896
107 112 31 66 0 -7.70082843e-05 -3.54946876
52 57 70 78 3 -2.93253543e-05 -3.92915893
41 43 55 62 3 -0.000290615804 -3.10734248
110 114 209 212 2 -0.147252455 -1.37523007
101 104 110 114 3 -5.28084893e-05 -2.93750763
178 179 66 70 2 -0.0206802599 -2.99259305
111 115 46 52 1 -0.00187949976 -2.72097826
37 41 50 53 3 -2.02655247e-05 -3.70806766
64 66 46 54 2 -0.00318286521 -1.56022406
53 55 72 76 2 -0.00503481133 -3.19084859
45 47 28 30 2 -0.0243359264 -1.21580625
48 48 130 135 4 -0.000904633314 -1.77609682
0 129 0 0 3 -1.15517855 0.411036551
131 137 46 81 0 -0.0363022946 -0.810889006
113 115 55 90 1 -0.0987688005 -4.54777193
44 47 141 143 2 -0.00052589667 -4.4685688
0 0 0 0 2 -0.0490316227 2.55963635
102 102 52 87 1 -0.127817228 -2.65960908
145 147 67 82 1 -0.000458687951 -2.67311382
66 71 89 124 4 -0.00406512385 -2.40415549
191 194 132 167 2 -0.00344277779 -1.44937706
0 0 0 0 1 -0.588635802 6.33737564
112 112 84 92 2 -0.000374890864 -1.78584719
39 40 21 28 3 -0.00309067545 -2.14386797
67 72 47 51 1 -0.000867306837 -3.2518692
82 89 65 69 0 -0.00011229331 -3.10535049
51 52 68 77 2 -0.00199972373 -4.86579132
74 77 145 168 1 -0.00170740183 -4.43003988
111 122 131 134 0 -0.190024689 -3.54642391
0 0 0 0 3 -0.447126657 4.35195637
78 84 92 97 0 -7.79615657e-05 -1.33919704
56 60 150 154 0 -0.0370270051 -4.11923409
0 0 0 0 2 -0.0808086246 6.45368433
125 127 0 0 2 -1.31037498 1.22992516
94 94 101 104 3 -0.00222811988 -2.16496253
48 49 134 142 3 -0.51545608 -0.868475556
45 49 64 68 1 -0.00250735995 -2.70568085
110 110 130 136 3 -0.000118015341 -4.14234638
59 63 82 91 0 -0.0131174494 -1.91443324
0 0 0 0 3 -3.54047879e-05 5.27592611
0 0 0 0 2 -0.648952067 2.42741752
0 0 0 0 2 -0.000541054469 6.1646266
173 173 81 116 2 -0.459192693 -5.94284439
145 153 102 107 1 -0.0133784758 -3.56189871
92 95 116 122 2 -4.6133624e-05 -4.3736105
45 50 61 65 2 -0.00260624709 -1.52811861
78 80 46 53 2 -0.00136054109 -2.55439639
139 139 154 169 2 -0.00458677253 -3.57030702
0 0 0 0 3 -0.261919469 6.91907454
83 89 102 104 0 -0.00050707499 -3.76049232
103 109 118 133 0 -0.0631532818 -1.55982471
0 0 0 0 2 -0.00142694125 4.86868143
53 58 67 90 1 -0.00127740647 -3.07950664
66 73 105 110 0 -0.218389168 -0.0915126503
96 97 111 118 2 -0.00371054886 -1.45871592
51 52 123 158 2 -0.00051287876 -4.15086031
38 42 58 62 0 -0.0287942588 -5.82275009
138 140 44 79 2 -2.62258964e-05 -4.27582693
126 126 95 110 3 -0.00045557355 -4.24890184
114 122 134 169 2 -0.00126341742 -3.42104244
65 65 81 112 3 -0.000331142364 -3.88525009
122 122 43 50 2 -0.00166259101 -0.826732874
34 34 17 25 3 -0.000838742009 -2.16119146
136 137 78 80 2 -0.0019221874 -1.91964841
135 140 155 190 3 -0.00102248846 -4.03959656
70 73 107 122 3 -0.00127459457 -3.5219419
116 122 97 99 1 -0.0122186616 -3.96884584
167 167 93 128 2 -0.00761651387 -5.25359297
154 158 106 141 4 -0.000794026768 -3.14632511
110 114 124 139 2 -0.00343027641 -4.51506186
0 0 0 0 3 -0.0329153351 7.58624792
78 86 164 175 3 -0.306243658 -0.424302936
77 81 27 62 1 -0.000334707671 -3.94948363
0 0 107 110 2 -1.54357636 1.03466868
74 78 97 104 3 -0.00128668768 -2.56402636
45 45 108 143 3 -0.000578240782 -3.83141279
140 144 39 47 2 -0.000153893096 -3.13977528
134 136 145 168 1 -0.0938972831 0.0371333659
122 125 198 207 2 -0.000318370643 -4.7577734
33 37 107 114 1 -0.000774159678 -3.12857604
0 0 0 0 4 -0.0203538518 7.35895014
61 69 83 85 0 -0.000909714436 -2.16669893
82 92 0 0 1 -1.0218662 2.40216827
46 50 111 146 3 -0.000384431478 -2.92128634
123 123 140 146 2 -0.172987342 -2.31891632
40 51 193 228 0 -0.033695247 -2.79616308
147 151 92 127 2 -0.00361256208 -0.670239687
0 0 0 0 3 -0.0228602011 5.29118872
140 141 208 239 3 -0.0661481321 -1.28785253
99 99 51 55 4 -8.48738855e-05 -4.95327806
100 105 63 70 1 -0.0504845865 -3.47264695
0 0 0 0 2 -0.0396108069 3.18554735
0 0 0 0 2 -0.000891818025 2.57024384
100 102 118 153 2 -0.00244544633 -4.8906765
141 151 101 112 0 -0.0267117005 -2.86105871
0 0 52 59 2 -2.03760195 1.61930919
0 0 0 0 2 -0.00432166317 6.56591511
117 121 137 142 3 -9.21473838e-05 -3.8860631
0 0 44 45 3 -0.313302666 1.18942714
107 108 129 135 3 -0.446430862 -5.35990953
120 121 137 144 3 -0.19433336 -4.47895145
162 166 47 82 3 -0.468909502 -0.66609025
40 44 49 53 4 -0.724770248 -0.415020466
26 27 38 44 4 -0.936006248 -0.0534413755
0 0 0 0 1 -0.654871702 3.34003019
0 0 0 0 0 -0.112911023 4.59451818
43 52 159 194 0 -0.000334582553 -3.12206078
60 61 73 79 2 -0.00921101682 -5.32771778
142 146 98 105 2 -0.250348836 -0.0465071797
60 63 39 45 1 -0.00516102137 -4.93806982
103 107 42 44 0 -0.00383567275 -3.64590168
97 103 42 50 0 -0.000121233228 -2.67084384
112 114 96 106 2 -0.00120354909 -4.66113949
0 0 0 0 2 -0.000238755994 6.04778624
97 97 35 50 2 -0.30577898 -3.60393524
118 122 11 18 1 -0.0224003978 -4.92261648
92 97 107 118 2 -0.000333740551 -1.8322928
73 76 48 55 3 -0.0102298418 -0.0622106194
120 127 160 183 0 -0.751187146 -0.0450152457
114 115 66 101 3 -0.000918138074 -2.3703959
140 141 172 179 2 -0.0148164071 -3.45850992
0 0 34 69 3 -0.0888961405 1.18636346
94 97 112 121 4 -8.58287312e-05 -2.59836292
46 54 67 102 1 -0.00157119078 -3.48063684
44 48 59 74 2 -1.30987656 -0.368580937
58 64 82 117 2 -0.00051025342 -3.81850314
54 60 150 156 1 -0.00199730368 -0.983462811
39 40 87 95 1 -0.38567856 -0.788482428
130 132 110 116 2 -0.00962958299 -2.83683443
98 102 44 48 3 -0.00322978571 -1.00214171
135 135 93 124 2 -0.00573626813 -1.10273576
128 129 46 53 1 -0.00157056027 -0.245620042
112 113 60 95 2 -0.000867221795 -4.35956144
67 67 102 137 3 -0.0232059844 -3.60116053
104 108 31 66 2 -0.000415284623 -2.81289744
118 118 171 206 4 -0.160335287 -1.77138281
40 40 58 73 3 -0.00509676104 -1.82060289
67 70 172 207 3 -0.00137454458 -3.98876166
0 0 0 0 2 -0.132444054 1.79242945
92 96 139 142 2 -0.00528171845 -2.60808063
72 76 90 97 2 -0.00993372127 -5.00849438
116 119 129 131 4 -0.00418824703 -2.45618296
22 27 81 116 3 -0.00194963173 -1.15301156
103 111 40 75 0 -0.000755312038 -2.81566334
55 59 136 171 3 -0.00944590755 -6.16588306
187 194 45 80 3 -0.00238044513 -1.25134683
62 66 44 55 2 -0.00128689618 -4.55272007
22 26 86 66 4 -1.00378466 -3.91792297
68 71 48 56 2 -0.000485616853 -2.62223792
58 62 102 137 4 -0.00365403201 -3.96933722
68 68 110 145 3 -0.00156289199 -3.10154581
40 40 50 81 4 -0.187004998 -2.05311203
0 0 0 0 2 -0.928317308 7.29072142
48 51 83 87 2 -0.00132229261 -6.09556961
88 90 100 104 2 -0.000469172897 -3.54662776
164 164 74 81 2 -0.00276813516 -3.46482825
45 45 82 117 2 -0.00248818379 -3.11606526
71 74 25 60 2 -0.0740170926 -2.03697395
103 110 57 92 1 -0.0194373876 -3.77029967
23 29 85 100 1 -0.00383322407 -0.296191186
110 111 59 90 3 -0.0003980154 -1.39406109
116 123 44 49 0 -0.000970650231 -2.76114225
60 63 137 145 3 -0.0122482376 -3.1103518
66 67 105 109 2 -0.00670062937 -2.09496975
113 120 81 88 0 -0.00153916003 -4.01620722
49 50 60 95 3 -0.00163896265 -2.67157078
120 121 59 94 4 -0.00364441541 -5.18328428
98 103 74 85 3 -0.00159485743 -3.1777432
81 85 43 74 4 -0.0516440645 -2.30015993
143 147 69 75 4 -0.00272073876 -2.92421007
84 84 114 121 3 -0.0112421848 -0.708161116
75 77 109 144 4 -0.000348545203 -3.76101446
100 104 85 90 4 -0.0761391446 -0.32792449
141 143 40 43 1 -0.00113030733 -1.95491648
0 0 0 0 2 -0.00743772835 5.98457766
0 0 0 0 2 -0.0222770218 6.53251314
113 118 48 57 2 -0.00314328051 -4.27670288
70 75 85 91 1 -0.000924892607 -5.95523453
110 116 156 163 3 -0.000241507849 -1.63448095
122 124 82 90 2 -0.875198543 0.85002321
92 95 41 76 0 -0.0352289155 -2.68767047
91 91 48 134 3 -0.197223514 -1.98153591
0 0 0 0 3 -0.03365127 7.12835169
54 56 103 105 3 -0.00408000592 -2.26830387
54 57 157 164 4 -0.000412066234 -3.14286637
0 0 0 0 2 -0.0407326333 6.04329824
25 29 33 40 2 -0.0165165085 -0.385081321
0 0 0 0 2 -0.000327441725 5.34298706
145 145 94 129 3 -0.00514100865 -3.14002228
47 51 86 121 4 -0.000372473733 -3.76264262
61 62 29 35 3 -0.205699801 0.345986247
99 105 31 66 1 -0.000558157219 -4.29289103
179 179 129 164 3 -0.000365714979 -3.78325295
0 0 0 0 2 -0.634968877 7.25849152
133 137 76 111 3 -0.000154728375 -3.47714996
58 63 81 86 0 -0.00308251777 -4.97138834
0 0 0 0 3 -0.00893350225 4.28554344
47 50 108 143 3 -0.234794006 2.30758286
98 106 0 0 3 -1.26308334 2.665977
0 0 0 0 2 -1.24879956 1.97606874
65 71 80 95 1 -9.52462287e-05 -2.20151114
74 76 170 201 2 -0.00306136603 -5.3374877
0 0 0 0 3 -0.346808404 4.33087301
127 130 72 107 4 -0.000347223657 -2.71070957
151 154 83 114 1 -0.00100462371 -1.37945056
56 60 76 84 2 -0.000258904678 -3.1443038
114 118 46 81 3 -0.0031852189 -4.6035924
84 92 138 145 0 -0.00433008792 -1.53512597
157 161 114 122 3 -0.144267723 -4.24908304
85 85 94 117 2 -0.000439858821 -1.84932399
109 113 122 129 2 -0.0381593257 -4.18152237
109 113 147 182 4 -0.00101090292 -3.58467722
53 54 67 70 3 -0.000673110888 -2.48598886
126 126 77 112 3 -0.0897366107 -0.840575695
91 91 101 103 2 -0.0251312163 -1.60102582
132 143 59 70 0 -0.00134088506 -4.74189663
106 107 41 56 2 -0.00932419021 -4.69733763
100 100 150 153 3 -0.00254612369 -4.14474297
0 0 0 0 1 -0.191276222 2.08220792
47 47 57 92 3 -0.000157589529 -2.75766921
83 251 0 0 4 -2.51424575 3.52219939
24 26 111 134 2 -0.00320785423 -2.51438928
105 107 82 91 1 -0.000731318956 -3.31624293
0 0 0 0 2 -0.000829710218 2.23187184
34 38 149 105 1 -0.620882213 -3.25259304
106 109 122 137 2 -0.0302622281 -4.04517174
127 127 90 105 3 -0.0241966378 -2.6505661
0 0 0 0 1 -0.421677083 2.7547071
52 52 73 81 3 -0.173951924 -3.61787295
0 0 0 0 2 -0.562410593 6.47103214
54 58 117 152 3 -0.00107625534 -0.831328928
77 80 117 148 2 -0.00233628717 -4.12283373
35 42 95 103 0 -0.000135775859 -2.4959259
147 152 44 45 1 -0.148724303 0.474942565
0 0 0 0 1 -0.0812417865 3.06821966
121 126 73 80 3 -0.0942648351 1.00943255
118 121 72 107 3 -0.0166285243 -2.93283772
0 0 0 0 3 -0.00217788154 3.7976644
86 88 58 69 2 -0.00224015885 -4.01306963
0 0 0 0 2 -0.735500395 7.61859751
0 0 0 0 2 -0.00323558366 3.44615674
147 148 41 47 2 -0.00251874235 -3.06931424
114 118 147 154 2 -0.0833139941 1.52002239
129 135 64 99 0 -0.00299015362 -3.56183505
125 126 108 114 2 -0.00120382966 -2.24338722
223 224 126 161 2 -0.0764422789 -2.96448851
125 130 53 76 4 -0.00441363454 -3.82730484
66 73 85 89 0 -0.000725234975 -3.19460082
56 62 75 79 2 -0.00123663782 -1.58520389
37 41 88 123 3 -0.000520663394 -1.13553917
100 100 56 91 3 -0.457225323 -3.64309502
0 0 0 0 3 -0.0531450547 6.70068789
36 36 105 112 2 -0.00979675632 -2.91514397
0 0 0 0 0 -0.0141504556 5.01491261
123 128 44 59 1 -0.0227887817 -0.362742066
52 53 94 96 2 -0.473921001 -0.815437198
22 22 29 64 2 -0.0397763662 -1.85857964
79 80 88 90 2 -0.0020274932 -3.86135769
90 0 99 103 1 -0.867327809 0.598110259
70 74 104 139 2 -0.00905507151 -1.9033432
175 176 119 154 4 -0.00883435458 -2.01851153
0 0 0 0 2 -0.0112327812 3.74737477
106 107 90 99 1 -0.15534544 -0.779307842
0 0 0 0 3 -0.00741617102 5.51291561
107 107 58 61 3 -0.00018274138 -3.36354089
49 53 65 72 3 -0.0188444778 -1.39128244
50 53 63 67 1 -8.23724695e-05 -4.13255787
126 130 41 43 1 -0.000154961162 -2.54664588
78 81 21 26 1 -0.000525066571 -2.97728944
105 113 51 86 3 -0.000152223118 -5.06765795
0 0 0 0 2 -0.000817519904 5.46063423
75 79 153 188 3 -0.0238435064 0.276816845
0 0 0 0 1 -0.711811066 6.84605551
42 44 55 86 3 -0.0102320565 -4.33488512
100 104 120 128 3 -0.00313808885 -1.64606643
105 108 87 94 2 -0.0104700271 -1.50009751
159 163 72 107 3 -0.000395621435 -3.98226237
0 0 0 0 2 -0.0656422377 2.32349992
76 80 117 132 3 -0.293347865 1.0509696
91 95 105 140 3 -0.000585350848 -3.45686913
18 21 126 135 1 -0.0835409239 -1.17941236
0 0 0 0 2 -0.0157565586 3.81094432
74 78 119 125 3 -0.0186408181 -1.28402507
144 144 53 102 2 -1.21382725 -0.230748802
117 118 47 54 3 -0.808992565 0.116900682
0 0 0 0 3 -0.0187393147 5.73572254
55 62 73 84 2 -0.000273329351 -1.69528222
32 35 39 47 0 -0.000683196704 -3.75869727
107 112 25 28 3 -0.0214701109 -1.66274524
54 59 186 193 1 -0.00205263356 -3.05121326
0 0 129 0 4 -0.840181708 -0.0286000371
41 45 59 90 3 -0.00188647688 -3.07960868
95 101 111 134 1 -0.000121826473 -2.35493326
47 49 100 135 2 -0.197430685 -1.65031743
135 143 114 121 1 -0.0202312618 -3.74946451
117 121 103 106 3 -0.305651426 -3.70664191
59 62 75 77 2 -0.0212893933 -1.73999786
66 69 0 0 3 -0.0878661126 2.01857853
91 94 70 74 3 -0.000197995789 -4.25393009
93 97 48 79 2 -0.0269584339 -1.58274007
78 83 96 104 3 -0.1956283 0.539805472
115 121 198 213 2 -0.0167548023 -5.4583993
131 135 52 87 1 -0.0162499268 -0.268012017
43 47 127 135 0 -0.0332913697 -3.44136572
101 106 127 135 0 -0.000272851816 -3.92460585
56 62 120 0 1 -0.748002827 -0.386976063
185 185 54 61 3 -0.00445056427 -4.7786994
0 0 0 0 2 -0.00129044906 7.08339071
44 46 58 64 1 -0.00011944244 -3.74621654
0 0 0 0 2 -0.301481575 5.15373755
148 151 0 0 2 -1.39312518 2.02451134
118 122 137 144 1 -8.28493794e-05 -2.31999063
176 179 194 229 0 -0.0583426058 -2.63774323
235 124 164 199 1 -1.54243922 -2.01910639
0 0 0 0 3 -0.541310906 6.97114944
127 133 79 114 1 -0.00241424399 -3.57815361
0 0 0 0 3 -0.682972372 7.09969282
0 0 0 0 2 -0.277592391 4.0986805
41 48 102 113 2 -0.0502642915 -0.818274975
96 101 41 43 1 -0.00171347708 -0.937516868
54 0 65 74 1 -1.47013795 3.95930791
0 0 0 0 2 -0.125786498 4.27603436
0 0 0 0 3 -0.00112745503 4.67266941
0 54 0 0 0 -1.10944271 1.62750936
0 0 0 0 2 -0.698738873 7.02564621
92 96 43 78 3 -1.88350168e-05 -5.74653482
121 124 141 176 2 -0.00041418348 -2.63237739
75 81 50 58 1 -0.00347023201 -2.36992669
93 97 107 142 2 -0.000340189901 -3.78335929
54 58 73 108 4 -0.0163188968 -1.54314399
0 0 0 0 2 -0.0362300165 5.96109962
116 120 148 152 1 -0.0105626024 -4.05298948
115 118 130 133 1 -0.00307479315 -1.97635579
81 87 96 104 1 -0.00511288643 -2.00161457
81 86 107 109 3 -0.305729419 -2.78921604
17 25 30 33 1 -0.0178873353 -0.935109496
0 0 0 0 2 -0.000164504105 4.54498959
87 90 101 110 2 -0.0458223931 -4.49674511
89 89 67 71 2 -0.0137936352 -2.23582029
108 115 91 93 2 -0.000696357689 -3.81240773
72 75 44 51 0 -0.00113372575 -2.0488503
95 99 84 90 1 -0.000149246043 -2.17044306
59 63 157 166 2 -0.579839349 0.812888086
216 220 171 175 2 -0.0196458623 -1.45826435
80 85 96 131 4 -0.0475353375 -6.52958393
98 99 116 122 2 -0.00142690202 -2.8122108
85 88 104 139 2 -0.00149609649 -2.21603847
78 80 22 27 1 -0.000631737232 -1.85998249
19 19 30 38 3 -0.00127412239 -2.75543213
0 0 0 0 1 -0.123673208 7.09635544
144 146 90 125 1 -0.0159098841 -1.38186455
0 0 0 0 2 -0.00192058575 5.34900188
140 147 163 169 3 -0.588027954 -3.02940607
132 139 149 151 0 -0.0148071861 -4.29831076
113 117 135 142 3 -7.91532875e-05 -5.07318354
49 51 88 91 4 -0.510472775 -1.49732161
61 62 49 54 2 -0.00013839727 -3.31843901
28 28 58 64 2 -0.00247644191 -1.70168424
124 128 71 106 3 -7.67699821e-05 -4.31690979
82 86 143 149 0 -0.00181128411 -1.98544097
87 88 132 136 2 -0.00469442504 -3.38287687
30 37 45 80 2 -0.0865143687 -1.31246281
83 87 103 109 4 -0.000443758152 -2.27601027
52 58 119 154 2 -0.000204199721 -2.84007263
0 0 0 0 2 -0.0319426134 5.14395857
0 0 0 0 3 -0.323226154 1.55339766
81 81 97 105 3 -0.000315528654 -3.52386689
76 78 29 64 1 -0.00117435539 -2.79188466
0 0 0 0 2 -0.0817964822 6.81462288
139 142 38 49 4 -0.000101921534 -4.21968985
144 147 45 80 4 -6.3180516e-05 -3.51814771
138 142 107 114 2 -0.00273230718 -1.93568134
0 0 0 0 1 -0.116452396 2.34269118
71 75 51 59 3 -0.000316721678 -2.14207554
0 0 0 0 3 -0.0436067805 3.27339196
45 49 58 93 4 -0.000176059461 -3.16846967
0 0 0 0 2 -1.21614778 1.6704514
83 86 101 108 0 -0.0336044505 -0.0681450963
34 37 76 99 2 -0.000614620047 -5.09126854
97 99 107 111 2 -0.000354863208 -3.81611657
133 135 35 66 1 -0.0105229942 -2.06414509
78 85 144 146 1 -0.00150346151 -3.62840319
102 103 57 62 3 -0.0238993391 -2.2515893
186 189 82 117 2 -0.0294566751 -0.608870804
173 178 126 149 2 -3.76699354e-05 -3.21701455
182 189 31 36 0 -0.00784627069 -2.83213758
48 52 81 90 1 -0.000161046846 -3.27072716
133 136 54 62 1 -0.00759984506 -0.0885073841
0 0 0 0 2 -0.000174276502 5.20942545
30 33 42 47 1 -3.20670333e-05 -3.76907539
120 121 71 106 3 -0.137395695 -1.04522467
101 103 114 118 2 -0.00265371148 -5.82459164
0 0 0 0 1 -0.000984097365 5.72528172
44 48 109 144 3 -0.0101851933 -0.536442578
97 99 42 53 3 -0.00248814025 -3.28952527
131 136 43 47 3 -0.00156529131 -3.2682023
159 162 55 62 3 -0.0311202351 -3.83435059
0 0 0 0 4 -0.474866867 7.55813217
87 90 100 135 2 -0.00658119004 -3.80088353
34 38 44 79 1 -0.0101605486 -3.42912865
0 0 0 0 2 -0.25743556 3.80115199
81 83 51 62 2 -0.000668957015 -3.98016071
0 0 0 0 3 -0.0135564068 4.18430948
98 98 41 47 4 -0.6341272 -0.372950613
50 52 69 76 1 -0.000654130999 -5.05333519
186 186 116 124 2 -0.0236239955 -0.716448188
48 59 0 0 3 -1.64555848 2.76100516
134 137 50 54 2 -0.00082757388 -6.19656754
44 45 56 91 1 -0.00208312809 -3.4186902
116 119 169 171 4 -0.000240904003 -3.6055603
134 139 108 116 2 -0.00162477151 -4.20992279
77 81 132 140 2 -0.000210634971 -1.96383119
48 48 32 38 2 -0.000383325474 -4.28432703
56 58 0 0 2 -0.465942442 2.25953889
99 105 32 67 1 -0.0390059464 -5.36694717
0 0 0 0 4 -0.0561875552 2.65410495
0 0 52 0 2 -1.40417957 1.37341309
67 67 38 53 2 -0.00205289922 -1.53473663
74 78 116 124 4 -0.000989289954 -2.91970396
69 75 136 171 0 -0.00107256835 -3.26134133
144 149 71 78 0 -0.000618844759 -4.38907146
77 81 113 121 3 -8.05841701e-05 -4.39391422
107 112 171 186 0 -0.00483407173 -2.33507156
84 86 47 49 1 -0.000615516037 -2.39074254
140 147 67 73 2 -0.000105617095 -3.78523803
0 0 0 0 1 -0.0451268926 3.14507079
0 0 0 0 3 -0.0928190202 4.11255789
75 79 94 109 4 -0.000925156521 -4.17665195
188 191 57 64 0 -0.0283429455 -4.20270491
0 0 0 0 3 -0.00164384302 3.07400107
46 47 76 107 3 -0.000758216309 -5.37208986
110 114 132 167 1 -0.00144170481 -2.14797544
91 91 27 58 3 -1.35478449 0.191540182
41 41 71 78 3 -0.00238554226 -3.91908884
164 170 115 121 1 -1.5446676 1.45923042
109 113 133 135 3 -0.00275094993 -3.87233186
60 66 43 49 3 -0.00121772592 -2.677917
99 101 116 121 2 -0.00041136361 -4.8812542
118 124 82 84 1 -0.0475726798 -2.58041883
128 131 143 178 3 -8.01076385e-05 -4.23899078
55 58 0 0 2 -0.954410195 2.01530695
114 121 55 90 2 -0.000417069241 -3.30596328
131 133 94 105 2 -0.000440790871 -5.67932653
79 82 90 96 1 -5.61466986e-05 -6.0412674
0 0 0 0 2 -0.606533885 7.73077917
73 75 89 124 2 -0.181288511 -1.47180367
67 74 43 46 1 -0.239053756 -2.41318512
47 50 64 69 2 -0.0005206067 -4.01556206
0 0 0 0 2 -0.00812337548 5.65226889
207 207 124 159 2 -0.00119145808 -6.08461285
134 136 51 59 2 -0.000121113604 -1.78203678
0 0 0 0 2 -0.00876828004 7.19437933
75 78 61 63 2 -0.0168731268 -4.32681799
107 110 41 76 2 -0.0162782222 -2.36476493
62 65 79 86 2 -0.000544587441 -3.04123521
91 94 41 76 4 -0.000418359909 -3.07736659
110 113 78 89 0 -0.000271176832 -2.77616501
78 81 64 67 2 -0.000454736553 -3.83774614
49 50 65 76 3 -0.00310910377 -2.08821821
114 119 70 77 1 -0.0040338384 -3.37556958
0 0 127 136 2 -0.71181035 0.893581927
87 89 40 43 1 -9.75094517e-05 -4.16237354
55 58 95 102 4 -0.000185712342 -3.85469484
78 81 94 117 2 -0.00219509634 -1.18020368
0 0 0 0 2 -0.000218725108 4.28107977
48 53 95 106 1 -0.000759756716 -2.44482803
0 0 0 0 2 -3.09941752e-05 4.28683615
26 27 61 68 3 -0.0105423573 -3.77094197
137 139 82 84 2 -0.000918627018 -1.83876729
127 132 81 116 0 -0.00110489409 -4.50063372
116 121 137 167 2 -0.0020587265 -2.53637671
103 105 121 125 2 -0.202012286 -1.33051991
0 0 0 0 2 -0.412964761 4.30316544
67 70 88 94 3 -5.29282697e-05 -2.52588654
112 112 53 88 3 -0.00106088747 -3.09751725
84 89 104 109 3 -0.46022296 0.386532307
41 48 60 95 2 -0.00462245848 -5.22406006
57 59 155 190 3 -0.0156122297 -3.64724588
73 75 47 55 3 -0.000398453092 -4.08934355
0 0 0 0 2 -0.00195556507 2.49909806
99 99 47 82 2 -0.0119404253 -1.7333169
35 39 43 49 3 -0.783583999 -1.7651968
132 132 104 111 2 -0.000527789816 -2.53462005
48 51 65 72 2 -0.00169472676 -0.825420678
139 143 161 168 1 -0.000169749183 -2.30379128
111 111 61 96 4 -0.0834729001 -3.48400974
0 0 0 0 2 -5.88882722e-05 4.721416
75 80 43 45 4 -0.00384808332 -2.34186578
40 41 115 150 3 -0.68755722 -0.638305664
129 129 77 85 3 -0.261868894 0.777386367
12 18 23 30 0 -0.842974663 -1.30024648
44 51 56 58 1 -0.0590447523 -3.99701953
46 48 140 144 2 -0.0265806615 -1.55077362
45 47 64 75 1 -8.21337017e-05 -3.8913064
56 64 133 144 0 -0.10881944 -1.01636958
0 0 0 0 0 -0.0186793115 7.26967812
25 29 59 67 0 -0.014613878 -2.30165625
51 57 99 134 1 -0.00654989388 -5.28282833
112 115 129 135 3 -0.00174349884 -1.67260289
67 67 82 88 3 -0.002991752 -4.64914799
90 95 45 80 4 -0.0229567364 -0.989494205
54 60 85 120 1 -0.000294410944 -6.00350952
70 71 123 158 3 -0.000288830313 -4.60592175
111 115 129 132 1 -0.000429923442 -3.08718181
119 120 94 101 3 -0.00846294314 -2.6867466
0 0 0 0 1 -0.0115746204 3.47477484
130 136 84 115 1 -0.0979267061 -3.94874239
51 52 93 108 2 -0.00396138616 -4.07273865
154 159 68 72 1 -0.000170104453 -1.11658168
89 91 101 116 3 -0.00346204545 -2.59392476
60 60 74 82 4 -0.00159920566 -2.72137761
0 0 0 0 3 -0.353594691 7.11416817
34 34 109 118 3 -0.116202377 -1.16702175
0 0 0 0 1 -0.248711184 7.33295488
129 133 102 109 2 -0.00172101066 -1.57113099
42 50 78 101 0 -0.00111700757 -2.83344913
144 145 97 132 3 -0.0844236612 -3.04583383
51 53 128 135 2 -0.000393947354 -2.92710328
49 55 64 70 0 -0.000915540964 -2.00706387
0 0 0 0 2 -0.00973920804 5.71315002
79 83 11 0 2 -0.661068082 2.37535334
126 132 171 176 1 -0.35962379 1.70567465
0 0 0 0 3 -0.00228522648 3.96731496
88 92 108 143 4 -0.00102348591 -3.22334719
87 92 77 80 0 -0.00574427377 -2.31529474
0 0 0 0 3 -0.256647676 4.37465239
115 0 38 46 3 -1.3572135 -2.25396991
122 124 146 157 1 -0.191384152 -1.76682997
34 34 42 57 3 -0.00462296978 -1.78172994
0 0 0 0 3 -0.27854538 3.32175565
0 0 0 0 3 -0.846679688 7.24770594
162 167 109 144 0 -0.00627182052 -3.21602345
0 0 0 0 2 -0.0125420373 6.79767323
0 0 0 0 2 -0.495498061 7.36006784
72 79 36 42 1 -0.000550286728 -3.66263223
82 86 114 137 2 -0.00693915552 -4.74813461
127 132 103 109 4 -1.62124179e-05 -4.20965099
111 117 76 88 4 -0.00112663885 -5.51019096
122 125 112 116 2 -0.000144001067 -3.16388774
57 61 70 76 3 -0.00116983568 -2.348001
104 112 136 159 1 -0.000138396179 -4.87606573
0 0 0 0 1 -0.748123288 7.27376413
146 0 46 0 1 -1.58218861 1.98202634
0 0 0 0 1 -0.0422331914 4.28824902
202 208 121 156 2 -0.00299081136 -4.19962072
35 38 52 57 2 -0.000199071539 -2.25633264
49 53 100 104 2 -0.00288515887 -2.91511941
52 52 60 71 2 -0.00664488459 -4.30427361
100 101 126 133 2 -0.42417869 -1.61049199
88 92 98 104 3 -0.638759255 0.302805066
60 62 41 47 1 -3.09942989e-05 -3.95083761
88 91 118 126 0 -0.000300269836 -1.72060561
135 142 109 124 0 -0.000837394386 -5.04986429
49 53 68 75 3 -0.000328398863 -4.75924397
43 51 78 113 2 -1.22785368e-05 -4.91439199
53 57 138 145 2 -0.741563678 -0.931202054
0 0 0 0 0 -0.00123250589 4.06277466
53 59 87 93 2 -0.000109312619 -5.27446747
0 0 0 0 0 -0.563082576 2.92490649
89 92 64 79 0 -0.0305009391 -2.53695679
119 119 40 47 3 -0.000952093105 -1.96295619
222 224 50 85 2 -0.297642618 0.738703907
156 161 194 200 3 -0.00896998867 -3.73216677
60 60 44 48 2 -0.00456579728 -2.7123878
0 0 0 0 2 -0.498453379 5.58025837
113 113 84 99 3 -0.00025652576 -3.8994031
40 44 114 116 4 -0.00203752052 -2.0471561
143 145 163 169 2 -0.0349791422 -2.89600039
147 149 0 137 2 -0.69410181 2.14104772
64 68 79 114 2 -0.000644124637 -3.90692735
94 96 115 120 2 -0.000126716754 -3.13569045
96 100 144 152 2 -0.0260667335 -1.76534009
83 83 121 156 3 -0.00158872211 -0.916823983
0 0 0 0 2 -0.0805760473 7.16411972
0 0 0 0 1 -0.779632092 7.39077711
59 62 134 169 1 -0.0475878641 -2.87190199
75 75 94 129 3 -0.00547772553 -0.0870208442
62 65 101 104 2 -1.77987111 0.663653672
100 102 51 86 2 -0.00121143274 -2.79537868
65 67 39 46 2 -0.050108619 -2.46797919
114 114 136 141 4 -0.00163780688 -3.25020194
0 0 0 0 2 -0.220228687 4.72123098
115 120 133 137 3 -0.00208546943 -2.32997465
214 221 34 36 0 -0.0702933893 -1.85642219
41 45 63 68 4 -0.000395872688 -2.13997698
17 25 29 31 0 -0.265253067 -1.61692166
128 134 95 101 3 -0.0120965326 -0.877293229
46 52 18 25 1 -0.0118268784 -1.6247251
128 132 194 198 4 -0.00582617521 -4.98833275
0 0 0 0 1 -0.0367383622 3.9789207
115 115 97 108 2 -0.00287341583 -2.04182577
154 154 58 93 2 -0.000339241378 -2.50034761
0 0 0 0 2 -0.0177264251 3.7362144
0 0 0 0 1 -0.607935309 5.00690079
0 0 0 0 3 -0.00314964657 6.24360704
114 117 129 132 4 -0.0045279609 -4.02222681
0 0 0 0 1 -0.728912532 2.50508857
47 51 137 142 3 -0.00534724304 -3.11605453
40 43 46 61 3 -0.297218263 -2.18773365
101 101 130 161 2 -0.00103706634 -3.36255741
67 71 47 55 2 -4.6848676e-05 -3.7184999
70 71 45 60 3 -0.000278811873 -4.32551384
61 65 113 148 0 -6.29417918e-05 -5.11178446
0 0 0 0 4 -0.00195576437 5.90619802
0 0 0 0 3 -0.0304685608 5.50360632
55 65 78 83 0 -0.808747172 0.158899724
0 0 0 0 2 -0.000466431433 4.59765863
118 118 82 105 2 -0.142742813 0.0475587249
64 69 101 109 0 -0.000103829261 -1.47677064
96 96 64 68 2 -0.195026681 1.41218781
69 75 51 57 3 -0.00862603076 -5.49895382
0 0 0 0 2 -0.30642134 6.90359402
0 0 0 0 0 -0.000503933174 5.26061249
0 0 0 0 3 -0.00734498492 5.27920675
113 116 131 135 2 -0.204143465 0.483671725
25 29 35 58 3 -0.0709620193 -0.595234931
0 0 0 0 1 -0.0770367235 6.92129326
176 176 70 93 2 -0.000494878215 -4.18010712
27 29 39 46 2 -0.00566060562 -2.6423583
0 0 0 0 2 -0.689155579 4.37270546
198 198 123 158 3 -0.314516008 1.72654057
98 98 42 77 2 -5.09018137e-05 -4.17754412
93 97 105 136 2 -0.00767488359 -1.85042048
0 0 0 0 2 -0.00451896666 4.86974812
89 92 121 144 1 -0.00165652554 -5.50423288
0 0 0 0 3 -0.111611962 7.32801771
214 216 156 171 2 -0.013055102 -4.11824751
66 70 96 103 3 -0.000498802867 -3.23758864
37 43 115 122 2 -0.00275975093 -2.8161478
131 139 57 92 3 -0.000572514429 -2.3028717
102 103 110 113 3 -0.0589969531 -0.00554251671
129 136 52 54 2 -0.00172613224 -3.38644195
74 74 56 62 3 -0.0620933659 -0.130261183
102 104 78 93 2 -0.00581749342 -2.70160651
84 84 90 125 3 -0.0210401677 0.0691686869
91 99 81 86 1 -0.000783722964 -2.60485673
0 0 0 0 3 -0.27854538 3.32175565
0 0 0 0 3 -0.0247959103 5.11001587
98 101 114 125 2 -0.000403118 -3.67793059
94 96 60 65 2 -0.000155800823 -3.65720558
78 79 94 99 2 -0.000173681736 -3.58442974
61 64 49 55 2 -0.000165933961 -3.41108537
139 139 91 126 2 -0.0273264926 -1.38188243
0 0 100 107 3 -0.163638443 -0.223612875
86 90 106 121 4 -0.000571476354 -5.06303024
143 148 0 0 1 -0.657435179 1.46714067
112 120 88 103 3 -0.454811394 -1.61196733
0 0 0 0 0 -0.00259563047 7.10328531
33 37 97 105 2 -0.00140899245 -4.4220562
74 81 44 50 2 -0.000156991227 -4.04492617
81 87 63 74 2 -0.000789731508 -2.55779004
13 15 19 21 2 -0.388051808 -0.0857290626
0 0 0 127 3 -2.26777315 0.999617755
51 52 133 168 3 -0.000534838124 -3.51258302
120 127 142 153 0 -0.000320764724 -4.78054285
53 58 34 41 2 -0.00227322918 -4.6467948
111 115 51 58 3 -0.000140898177 -4.07091999
0 0 0 0 4 -0.470819741 7.54336596
160 167 117 125 3 -0.00124546874 -2.94742274
81 87 119 123 1 -0.000913330587 -2.84888268
0 0 0 0 3 -0.438102692 4.86640167
114 115 39 74 2 -0.00235669874 -4.67232084
0 0 0 0 1 -0.00877532363 3.44751716
146 153 96 103 0 -2.09807677e-05 -4.08908033
47 48 124 159 4 -0.221262872 -4.54390717
22 25 32 67 0 -0.123457298 -5.69413567
137 139 88 119 2 -0.176413104 -2.04751539
0 0 0 0 3 -0.806125045 7.12601471
75 80 40 55 2 -0.00194613833 -2.20535278
57 65 83 118 2 -0.000187025289 -4.88769341
0 0 0 0 4 -0.53238523 7.69761133
187 187 210 214 3 -0.0350125171 -2.16912103
108 112 126 161 3 -0.000165216217 -3.51236868
0 0 0 85 3 -1.03782415 1.61872768
59 64 83 89 3 -0.00587188127 -2.38679266
0 0 0 0 3 -0.0117091807 3.84992146
39 45 65 100 0 -0.00108668266 -3.2277751
219 221 160 195 2 -0.00549135683 -2.11134791
112 113 122 137 2 -0.0203154143 -2.11056018
0 0 0 0 3 -0.012084079 5.61013603
88 93 102 137 2 -0.000265931449 -4.39304924
105 218 122 157 2 -2.06608462 0.0500007272
103 109 119 123 1 -0.00363359367 -1.36205781
40 44 53 88 2 -0.00321398582 -3.35605741
120 120 101 108 3 -0.00541281793 -1.80328369
45 49 22 33 3 -2.47954467e-05 -4.470716
108 110 92 96 2 -0.000170341838 -3.59471083
208 212 56 64 1 -0.271793842 1.41468763
84 84 95 100 3 -0.00632221764 0.14145869
130 136 87 89 0 -0.000836026215 -2.20918012
0 0 0 0 3 -0.604263484 4.58372593
0 0 0 0 2 -0.00074108917 2.93230438
60 66 79 83 1 -0.00150861416 -1.57498193
107 111 60 95 3 -0.000243414848 -3.41994119
0 0 0 0 2 -0.0031428712 5.63719177
66 69 112 147 3 -0.00210024626 -5.6591301
0 0 0 0 1 -1.24530315 2.24057221
85 91 123 127 2 -0.00835003331 -2.57239485
55 64 77 100 1 -0.011202055 -0.56764698
134 138 179 214 2 -0.042663347 -5.51753283
154 156 109 144 2 -0.00125190488 -3.1997261
110 112 60 95 1 -0.000422925979 -4.8600626
42 42 47 49 4 -0.334735036 -0.463374794
0 0 0 0 1 -0.00248247734 6.06908417
27 28 45 47 1 -0.00137994054 -1.6894927
50 54 167 202 2 -0.000843763235 -3.4444797
153 157 104 139 2 -0.00245494558 -2.55858231
111 117 129 137 1 -0.000297048915 -2.63383627
71 74 57 59 1 -3.99349119e-05 -3.11759281
0 0 0 0 2 -1.01077807 7.67509604
114 114 132 139 3 -0.000122783531 -3.12163138
116 123 32 39 0 -0.189320683 0.87023741
76 80 31 66 4 -0.1078161 -1.84608865
0 0 0 0 2 -0.705343544 7.25268459
101 102 54 89 2 -0.00952278264 -2.81288886
84 86 47 52 2 -0.00181325281 -2.68938208
110 115 170 175 2 -0.16921027 -0.0461832881
87 93 112 127 1 -0.00657211337 -3.35913587
94 99 42 77 1 -0.000250448647 -3.58977294
115 123 81 84 0 -0.00190977391 -2.39342308
67 69 135 146 2 -0.000171417734 -4.86605787
97 100 110 116 3 -0.019865118 -0.143713832
59 61 94 99 2 -0.0223205164 -2.93776989
87 91 108 143 3 -9.13129843e-05 -4.95202875
78 84 127 134 0 -6.36571713e-05 -4.35447788
118 119 55 58 2 -0.000247112417 -3.06566715
70 74 88 119 3 -0.0680032223 -0.819406152
0 0 0 0 4 -0.0541926101 7.06020832
71 76 86 121 4 -0.00134214014 -4.18557072
104 112 44 49 0 -0.00039074535 -1.62632918
0 0 0 0 2 -0.16717498 2.46533966
122 127 53 61 3 -0.000679977413 -4.25451994
51 56 122 125 0 -0.00154225586 -0.597241104
116 117 128 133 3 -0.0151866488 -0.0706050992
179 180 69 84 2 -0.0257993564 -3.46021175
97 98 132 167 2 -0.0273586921 -0.644001484
37 37 100 107 2 -0.00443297625 -3.21715832
133 135 41 76 4 -0.0333773606 -1.17874718
41 42 57 64 2 -0.00739036966 -1.49131823
178 186 62 66 2 -0.00109835074 -1.03156519
176 182 50 53 2 -0.0218703821 -0.314677715
0 0 0 0 2 -0.50409323 2.42899561
35 39 103 138 3 -0.0742780641 -0.624546647
78 86 105 111 1 -0.095112972 -1.16335273
108 111 119 130 2 -0.0617111698 -3.23399949
117 120 138 146 2 -0.311486125 -3.10567355
0 0 0 0 2 -0.072877951 2.89916658
79 79 187 195 4 -0.00120513153 -5.40492201
61 61 76 78 3 -0.000924807275 -1.91506028
0 0 0 0 2 -0.0274270251 6.83993101
0 0 0 0 4 -0.510172009 7.81700182
0 0 0 0 2 -0.023077121 6.23961496
109 109 0 73 3 -1.08571327 1.44982982
94 94 128 143 3 -0.105418704 -4.16434193
47 47 59 62 3 -0.041937124 -1.73897433
0 0 0 0 1 -0.00305294385 3.82842183
0 0 0 0 2 -0.0101439022 3.71772647
40 40 52 87 4 -0.000828603283 -3.13412142
76 82 56 61 2 -0.000155323418 -4.28515768
17 21 26 29 4 -0.71300447 -3.15783787
100 105 31 36 3 -0.0663356483 -2.65104079
119 122 149 153 3 -0.00283188117 -2.82390523
55 57 114 121 2 -0.00113511411 -2.2270689
40 43 56 62 3 -0.000224225441 -2.77486229
86 88 120 131 3 -0.00107822276 -3.78479743
135 142 161 196 0 -0.000454477791 -2.87888408
35 36 53 57 2 -0.0929606706 -3.61007452
17 20 72 107 2 -0.0012391666 -3.74016929
0 0 0 0 1 -0.0177910626 3.60898614
49 51 110 113 2 -0.00544761913 -3.44703269
0 0 0 0 3 -0.179458082 6.49560881
177 179 50 73 1 -0.0292227939 1.43721366
128 133 53 76 0 -0.00938568451 -1.32997942
173 173 33 68 2 -0.00184280821 -1.64433312
76 81 56 63 3 -0.111935608 -3.69062519
29 33 122 124 3 -0.00914614461 -5.67302275
79 83 172 207 4 -0.0023957463 -3.85119557
179 183 124 159 1 -0.0507825315 1.21957922
113 113 127 134 3 -0.00525264163 0.328882635
67 67 126 133 3 -0.00759442197 -2.69516897
107 110 121 144 2 -0.000167959515 -3.85613394
70 70 77 84 3 -0.00142015179 -3.36694169
85 86 129 135 1 -0.129776075 -0.776362181
53 55 86 94 2 -0.000610886025 -4.58516264
131 132 181 189 3 -0.00713185966 -2.02988315
110 110 124 130 3 -0.000281316607 -1.96676993
0 0 0 0 2 -1.71479952 2.23273659
144 146 40 47 2 -0.000194657972 -4.29786253
48 56 67 78 2 -8.72601522e-05 -4.64111853
102 105 120 123 1 -0.0004790409 -4.05786133
0 0 0 0 1 -0.327206969 7.07603741
105 105 52 87 3 -0.000326377864 -4.2738061
0 0 0 0 2 -0.0581113994 4.18164206
110 114 74 89 3 -0.0256566517 -1.41499138
103 104 115 138 3 -0.00263123144 -1.608284
75 80 101 112 1 -0.246438697 -0.640664399
77 82 171 206 2 -0.000183575437 -2.09872079
51 53 120 126 2 -0.00223201374 -4.12225103
78 82 91 106 3 -0.00359773543 -2.55422854
90 95 48 83 3 -0.000280710199 -3.16342497
119 124 57 88 1 -0.00420180615 -2.26688552
151 157 99 134 1 -0.000249969948 -5.091784
45 49 62 68 2 -0.000108597706 -3.85687375
89 90 191 226 3 -0.0162474886 -3.79229856
0 0 0 0 0 -0.741621971 7.13337994
111 111 126 134 3 -0.00724143675 -0.548128605
122 123 132 141 4 -0.185299173 -1.98823953
67 72 110 117 2 -0.000127431515 -5.94783258
110 110 124 135 3 -0.0599114671 -2.58871078
139 139 182 186 2 -0.00021933431 -2.74267125
0 0 0 0 2 -0.000236026928 4.88734865
81 82 188 223 3 -0.00717002852 -0.821325898
44 44 52 87 3 -0.000484713266 -3.7335515
200 207 64 99 2 -0.00322040264 -2.10711098
159 162 45 86 1 -0.0314828083 -0.680491924
80 84 93 128 1 -0.000239473564 -3.96815586
76 79 90 125 0 -0.00181435549 -3.92398047
164 168 58 93 2 -0.558634877 0.173606396
0 0 0 0 2 -0.0070217629 4.50970793
27 30 57 92 3 -2.01301479 0.316917896
24 30 64 99 3 -1.33526301 -3.01192164
89 94 43 74 1 -0.00107651704 -2.52553749
79 0 0 0 3 -1.22713709 0.669148147
62 65 82 105 2 -0.184977099 0.58450073
0 0 0 0 2 -0.0117537361 6.92654133
92 92 132 143 3 -0.000415656454 -4.22987986
65 66 74 79 1 -0.0047160727 -3.31954789
0 0 0 0 3 -0.789316118 2.67734075
114 117 87 102 1 -0.000131007342 -3.78600502
0 0 0 0 3 -0.000875970698 5.89079285
17 20 24 59 2 -0.00430192146 -2.30234337
94 97 109 120 3 -0.00036427044 -2.63691401
155 156 52 87 2 -0.00782051496 -1.44257855
143 143 123 62 3 -0.678884447 -3.16791248
0 0 0 0 1 -0.468017876 3.04812098
61 67 119 124 0 -0.000943691644 -2.88393164
86 96 62 67 0 -0.120069601 0.82303983
85 88 198 207 0 -0.201452687 -4.63394451
35 37 49 84 2 -0.000453296001 -5.10432148
17 17 38 42 3 -0.049939774 -0.729896724
97 102 37 72 3 -0.00915956683 -0.0690166354
94 95 107 112 2 -0.00364041957 -3.21135879
55 60 76 79 1 -0.0039399229 -2.18318248
59 65 131 140 1 -7.04518243e-05 -3.77763128
46 51 88 123 0 -8.6782311e-05 -4.836689
46 48 65 72 2 -0.0224226695 -2.06065512
74 75 39 45 3 -0.133949757 0.473859668
80 84 105 107 1 -0.00844495744 -3.34038067
77 81 30 65 1 -0.00370676792 -2.29670978
98 101 119 150 2 -0.00120126491 -3.75071526
94 99 35 40 1 -0.000831672107 -4.58448935
120 123 96 99 2 -0.000153413857 -4.3027916
184 188 77 82 1 -0.149737522 0.721329629
117 120 137 139 2 -0.0123512298 -3.12203646
12 12 17 21 4 -0.00570789864 -1.46453762
12 19 23 34 0 -0.295635015 -2.42530036
121 126 93 104 4 -0.000586766168 -3.60424042
104 107 88 92 3 -6.37763296e-05 -2.38916898
65 65 78 113 3 -8.261107e-05 -4.92503452
56 56 37 44 4 -0.00040060372 -2.96800447
39 42 98 121 2 -0.0107414592 -2.30083489
30 34 67 82 4 -0.00974125788 -2.89607787
98 98 55 57 3 -0.000880998268 -5.70798016
114 117 129 136 2 -0.0105773769 -3.27063298
147 153 39 50 2 -0.000635912875 -4.10261059
124 133 105 110 1 -0.00128851668 -1.95759082
56 57 75 82 4 -0.000552556128 -3.16026974
54 59 79 90 3 -0.00154399523 -4.2382679
56 59 69 76 3 -0.00252983416 -2.2561574
51 52 61 65 2 -0.142727539 -4.13198042
46 48 52 75 1 -0.00167039421 -3.07661867
49 51 36 39 1 -0.125312239 -3.91467643
39 41 45 49 2 -0.00591385504 0.404670119
35 39 52 87 2 -4.97096735e-05 -3.58866906
57 65 96 131 0 -0.00175188505 -6.10586357
53 57 65 73 2 -0.000281661836 -1.93334627
66 71 79 114 3 -0.000877969607 -4.51388693
67 75 131 134 0 -0.00157838233 -3.79738045
45 45 106 108 3 -0.000191792977 -2.12527537
56 57 75 83 3 -0.0164572876 -3.70672178
68 68 85 120 3 -0.0154375695 -3.87172413
54 57 69 73 2 -0.00574673805 -3.51177692
90 93 106 141 2 -2.69411576e-05 -4.42224407
130 133 78 101 2 -0.0190364588 -2.50162816
37 37 71 106 3 -0.0170289353 -3.43567681
51 54 94 99 0 -0.000493933447 -3.16084576
82 82 43 51 3 -0.000395127136 -5.1667037
120 120 135 143 3 -0.00219154777 -5.16490793
118 118 22 29 3 -0.0145432409 -4.29192352
59 59 26 33 3 -0.00601209514 -2.09348345
5 5 8 43 3 -0.0305438899 -2.72827435
46 46 120 143 3 -0.000101325888 -5.14300823
123 125 44 48 2 -0.00020634367 -3.60761642
44 44 54 69 3 -0.000656639342 -2.20321536
29 33 37 60 2 -0.152619824 -1.59603024
128 128 48 79 3 -0.000103590894 -2.21115971
86 87 99 122 2 -0.0020519516 -3.5689218
107 109 41 43 2 -0.00272892974 -3.46718502
35 38 83 118 2 -0.000334118522 -3.97721553
97 97 49 60 2 -0.55844301 0.445153177
92 94 102 110 2 -0.00251634419 -2.50507903
75 79 110 145 1 -7.18816809e-05 -4.88066626
53 54 74 109 3 -0.00175670348 -6.2048955
120 121 169 204 3 -0.000998452888 -3.68477035
25 27 96 119 1 -0.0273692086 -2.74525023
151 155 176 180 2 -0.000684235303 -4.51883459
62 62 104 139 3 -0.000297171035 -1.90487671
69 69 47 58 3 -0.00387636968 -3.26228404
99 103 56 63 1 -0.000609183044 -3.24358535
92 94 50 85 2 -0.00529615674 -3.93704057
141 144 96 119 2 -0.00119502051 -2.14358282
17 17 38 40 2 -0.00380886672 -1.93637013
74 76 30 41 1 -0.00129350915 -2.2985363
25 26 101 107 2 -0.000859314867 -5.66441965
50 50 117 120 2 -0.0226720758 -0.0470908582
39 41 52 59 2 -0.000584967725 -4.52271271
0 0 0 0 3 -0.00531424349 4.94819355
0 0 0 0 3 -0.000784824195 6.35328484
0 0 0 0 3 -0.00096882123 5.40142298
0 0 0 0 3 -0.000167124861 5.22450399
0 0 0 0 3 -0.0045330557 1.94476104
0 0 0 0 3 -0.00958772656 4.02636814
0 0 0 0 2 -0.0363509618 5.48577118
0 0 0 0 4 -0.61781615 7.54107428
0 0 0 0 3 -0.00766995456 4.58312702
0 0 0 0 2 -0.887139618 7.64288092
0 0 0 0 1 -0.0286517683 5.14387274
0 0 0 0 1 -0.491421938 2.4630456
0 0 0 0 2 -0.0155006256 5.11472416
0 0 0 0 3 -0.493535578 6.47580814
0 0 0 0 3 -0.117892005 5.97839022
0 0 0 0 3 -0.0107232155 3.95387483
0 0 0 0 2 -0.000277624553 5.73132515
0 0 0 0 0 -0.455659419 3.95029569
106 110 123 125 2 -0.000876848469 -1.56412411
52 57 74 80 1 -4.88754413e-05 -2.3099997
40 48 70 76 0 -0.00690378249 -1.51326561
20 22 26 61 2 -1.571872 -3.50901079
50 55 70 105 1 -0.000643608451 -1.762748
60 63 86 121 3 -0.000498484995 -2.28435206
84 90 75 79 1 -0.000103948449 -3.47592854
52 57 73 108 1 -0.000617312384 -4.2049613
0 0 0 0 2 -0.296988577 5.84051275
110 110 31 37 3 -0.0062482385 -4.83374023
125 130 141 142 0 -0.0388762653 -2.95068169
146 148 38 44 2 -0.00102000218 -3.90204835
119 120 51 86 2 -0.00061322382 -4.58538342
35 39 49 52 0 -0.000128505242 -2.85192871
147 154 52 59 0 -0.000204196127 -5.04038429
50 53 67 90 3 -0.00146264466 -4.51547194
51 51 62 73 3 -0.000756719382 -2.43186617
107 109 27 34 1 -0.00023709338 -5.07991457
71 72 155 162 3 -0.00872599054 -1.82865191
160 167 181 188 0 -0.0208380874 -2.03692102
79 85 61 64 1 -0.000104544728 -3.62034225
116 120 135 146 3 -0.000186430567 -3.38520455
54 59 69 76 4 -0.218051672 -5.34859896
51 57 79 0 1 -0.646620631 -2.49003196
0 0 0 0 1 -0.00836540945 3.36860466
151 155 83 118 4 -0.00536197051 -2.15787196
52 56 37 44 4 -0.00576543808 -3.17915392
51 51 63 86 4 -0.00461216643 -2.42416358
20 23 54 56 4 -0.0126352105 -3.75109553
0 0 0 0 1 -0.177145779 4.57640171
110 118 157 192 1 -1.0145365 0.600559056
81 85 23 58 1 -0.0807051882 -0.775505066
166 171 119 154 0 -0.000725577993 -2.71950316
0 0 0 0 1 -0.268695146 7.50117826
0 0 0 0 1 -0.312235743 7.10062933
177 177 128 143 2 -0.00122285902 -3.08015275
49 54 104 107 1 -0.00145967654 -1.24489331
43 47 64 99 1 -0.00663093757 -2.91798973
80 87 99 101 0 -0.00168166799 -2.93632793
156 159 139 142 0 -0.00158280879 -1.61691308
0 0 0 0 2 -0.41881001 4.67949152
0 0 0 0 2 -0.319791794 1.42380071
56 58 203 211 2 -0.0010909359 -1.6924541
34 41 49 53 0 -0.0384584554 -1.12543416
39 43 72 107 3 -0.00151225599 -2.91558766
0 0 0 0 3 -0.0579128489 3.39676142
127 129 108 113 2 -0.000192631633 -4.02725744
61 66 101 105 1 -0.00162614754 -1.61658454
0 0 0 0 1 -0.916607499 1.32077575
10 10 20 23 2 -0.0221228097 -1.08337998
61 64 47 50 2 -8.45179529e-05 -3.52599192
92 101 69 76 1 -0.00137695903 -1.52541113
0 0 0 0 3 -0.793095529 5.48707151
26 29 41 46 2 -0.000653761032 -3.36669302
76 83 57 61 2 -0.000754880486 -2.52561188
0 0 0 0 3 -0.00909474306 4.84085941
37 43 110 115 3 -0.00146935298 -3.32258272
0 0 0 0 3 -0.0468233153 5.98526192
111 115 33 68 1 -0.0114538632 -3.51001859
0 0 0 0 2 -0.0168414749 2.86328363
42 45 82 97 2 -0.00664889254 -2.40259886
54 60 70 76 0 -0.000921702536 -1.33932447
134 135 36 44 3 -0.00195192033 -2.74174309
121 125 69 104 3 -0.000247700984 -3.33878136
73 77 115 150 3 -0.000862081943 -2.00855303
35 37 104 110 2 -0.00212482759 -2.61494207
74 77 111 146 2 -0.0294165071 0.510508418
0 0 0 0 4 -0.0146877579 6.26484251
79 82 96 103 3 -0.0172994584 -0.977030873
36 43 50 58 3 -0.0330790207 -1.4788363
99 103 116 139 4 -0.000165809848 -4.96810532
40 43 126 141 1 -0.00612078141 -0.474998444
104 104 58 93 4 -0.000225886877 -7.73966455
0 0 0 0 2 -0.395611793 2.75147653
113 113 96 98 4 -0.00632071681 -1.5995605
88 89 37 43 4 -0.0149865784 -2.1890285
111 113 61 96 3 -0.00662136171 -3.9220562
136 139 71 74 2 -0.0225134995 -1.9072268
93 93 124 135 2 -0.019532606 -2.83962727
125 125 102 109 3 -0.00771935703 -3.5157609
120 123 164 195 3 -0.0146529656 -2.74770999
117 124 93 95 0 -0.0258654244 -4.34071207
67 68 75 80 3 -0.000886935799 -3.00026035
68 73 88 123 3 -2.01462899e-05 -4.79724884
41 47 60 62 1 -0.00152222556 -3.40961742
70 72 86 109 1 -0.00815000385 -2.43438268
191 196 80 85 0 -0.0433730483 -7.068573
223 231 98 107 0 -0.628898978 0.640123308
47 51 106 111 2 -0.00021611854 -3.6075182
0 82 98 109 4 -0.780828476 -1.2406733
38 40 47 82 1 -0.00155115791 -3.22741675
0 0 0 0 4 -0.19836925 7.2108469
0 0 0 0 2 -0.265612572 6.32658482
0 0 0 0 2 -0.196330696 6.44523191
76 80 92 98 3 -6.03191438e-05 -3.62192774
97 100 70 81 3 -0.0577943958 0.052138716
0 0 0 0 2 -0.206710681 3.70621324
133 0 87 110 0 -0.315010786 -0.832988143
104 110 121 158 3 -0.121389121 -3.89639497
51 55 86 91 4 -0.000434244634 -3.90690875
0 0 0 0 2 -0.00162543333 4.70575809
0 0 0 0 1 -0.418259144 3.19082522
81 88 105 113 2 -0.000140545293 -3.46422005
105 105 194 200 2 -0.000131601497 -4.03757
74 74 82 84 2 -0.824405432 0.67565912
144 147 46 81 3 -0.00535679283 -2.43533468
44 44 104 108 3 -0.00781576987 -5.36332464
36 36 127 162 2 -0.0491970517 -1.59145951
0 0 0 0 2 -0.424973041 3.5208168
37 37 88 91 4 -0.936672091 0.363132715
97 103 48 83 1 -0.0466230512 0.257759809
128 130 97 101 3 -0.000367491797 -3.66719437
26 30 35 40 4 -0.0103779556 -0.104004204
111 114 127 158 3 -0.000678487297 -4.37198305
27 34 93 104 2 -0.000767859223 -3.27396369
114 120 43 50 1 -0.00117907289 -3.02024508
0 0 0 0 2 -0.259391963 6.38006735
121 124 133 140 4 -0.00108899584 -4.16272163
103 103 63 98 0 -0.236163691 -5.14103889
163 167 115 150 3 -0.000317554077 -2.87140083
0 0 0 0 0 -0.427876294 5.88025236
86 87 99 106 2 -0.000361894548 -5.34372187
0 0 0 0 1 -0.0219311751 6.683887
69 69 162 185 3 -0.303288549 -2.43146253
42 42 47 55 2 -0.42179051 -3.42924714
79 83 120 155 2 -0.00386908744 -3.18000984
0 0 0 0 2 -0.256592482 6.856493
89 92 39 70 3 -0.000387992855 -4.31226683
122 127 160 195 1 -0.19844842 -1.62827849
122 127 104 110 1 -0.00087031204 -2.04318213
68 68 43 50 4 -0.0023122984 -1.97236228
59 61 83 118 2 -0.0113757253 -4.2202096
72 79 48 59 2 -0.149317443 -1.51707292
106 107 125 160 2 -0.0108669857 -2.32631588
34 41 11 18 0 -0.00162952265 -3.14241982
126 131 81 89 0 -0.0212861635 -0.612453938
53 60 116 151 2 -0.000167717342 -5.29401827
57 0 0 0 2 -0.932641327 0.382198393
70 72 86 117 1 -0.0265375394 -2.16335773
167 171 110 145 4 -0.000473814202 -2.06289291
103 105 121 127 1 -0.0190056562 -3.9822793
152 160 53 88 4 -9.29805101e-05 -3.38808775
16 19 74 81 1 -0.168874756 -4.02238464
49 51 128 132 2 -0.00200587534 -4.5401206
102 102 111 116 4 -0.00026867594 -3.16383815
123 125 103 107 1 -0.00982188154 -0.962129712
87 92 72 76 0 -0.000373217423 -2.18409491
112 115 61 92 2 -6.29415881e-05 -3.01308727
159 161 50 81 2 -0.00205200491 -4.99055624
81 86 95 130 2 -0.0253816172 -0.679382563
114 118 130 133 3 -0.0906203836 -3.3129642
46 48 174 177 2 -0.00234881788 -5.29556847
96 99 69 77 0 -0.012408847 1.41203022
23 38 54 62 4 -0.682642519 1.14051747
104 105 120 127 2 -0.000988968415 -2.03639269
57 63 42 46 2 -0.000153531349 -4.09581518
43 43 122 126 4 -0.00593226729 -0.600801349
0 0 0 0 3 -0.0474650487 3.28947115
121 121 140 146 2 -0.00173669297 -4.04365349
0 0 0 0 2 -0.0439604372 6.81715488
0 0 0 0 2 -0.576674104 2.81203866
116 116 49 56 3 -0.000992368557 -1.82660055
29 33 64 69 2 -8.40409703e-05 -4.19246006
155 158 41 76 3 -0.01147357 -3.20076275
69 73 202 207 2 -0.112817578 -0.526148975
0 0 0 0 3 -0.464551389 7.31544542
90 94 43 47 0 -0.00235280697 -3.17667341
86 28 40 47 1 -0.496798426 -2.48166299
145 150 163 165 4 -0.00695897453 -0.747825801
61 61 161 172 1 -0.00186857174 -2.16597342
45 51 55 59 2 -0.0114135854 -3.97796535
46 51 117 122 0 -5.8054422e-05 -3.22661495
170 172 188 192 2 -0.0465305522 -2.39307642
89 97 112 147 2 -0.00625151629 -4.41392708
91 95 121 136 2 -0.00147062587 -3.76171589
55 62 82 88 0 -0.377960563 -1.49093413
76 76 84 91 2 -0.000181191557 -6.63596058
7 12 18 53 4 -0.00326328073 -2.91494393
61 61 138 173 3 -0.137336984 0.578613937
55 59 100 135 2 -0.00265693781 -3.18326449
0 0 0 0 2 -0.0273315534 5.15548515
111 116 78 86 2 -0.43826437 -3.93832326
106 108 123 129 1 -0.00421738904 -4.20124674
75 75 107 116 3 -0.0200593956 -2.18009162
131 133 80 115 2 -0.0278849564 -1.85737991
127 127 85 120 2 -0.000182382108 -3.63785505
64 66 151 153 2 -0.000932485389 -6.14581966
32 38 46 81 2 -0.00186629151 -2.14466453
0 0 0 0 2 -0.00426207948 2.65080881
86 90 119 126 4 -4.32726592e-05 -3.4437604
107 110 121 156 2 -0.000883544155 -2.0759089
61 67 112 165 3 -0.0195213668 -0.801389039
0 0 0 0 1 -0.000963316299 4.25450706
57 58 86 97 3 -0.00318104192 -2.1303792
0 0 0 0 3 -0.991201043 3.0737226
75 77 54 60 2 -0.00103306375 -4.70462084
0 0 30 38 3 -0.880876243 1.54056478
58 66 150 154 3 -9.83450227e-05 -5.54805851
0 0 101 104 3 -0.462599695 0.173303366
103 105 217 221 2 -0.0036075348 -2.81028414
67 67 155 161 3 -0.000316473481 -3.89728689
105 112 98 100 0 -0.00101425045 -3.8384316
0 0 0 0 2 -0.79860276 4.00656796
48 49 74 81 3 -0.00208204705 -2.84212494
58 63 80 86 3 -0.151903808 -1.01223826
99 103 217 223 3 -0.224490196 -3.93715048
42 44 132 167 1 -0.0019810251 -5.21135807
0 0 0 0 1 -0.049811054 8.96807003
122 122 138 169 3 -0.000831418904 -1.54752898
121 128 42 77 0 -0.000444383011 -3.59579468
81 81 64 66 4 -0.00119197194 -3.52702546
96 103 120 127 2 -0.00156822754 -0.966829956
159 163 78 113 1 -0.00068210467 -1.19046497
123 126 107 115 4 -0.00231123017 -3.42918849
88 93 105 113 4 -2.03847412e-05 -3.65714025
0 0 0 0 2 -0.00362549629 5.89784193
0 0 0 0 3 -0.00318399025 4.11537504
0 0 0 0 1 -1.22886956 7.3966012
30 34 54 89 1 -0.00644280342 -2.63009572
0 0 34 41 2 -0.630055904 -0.101594001
105 105 86 93 2 -0.000118134005 -3.98755336
105 108 47 54 2 -0.000322796725 -3.83620143
18 20 36 42 2 -0.00246231491 -3.45350003
38 38 82 117 2 -0.00463912869 -4.13382626
0 0 0 0 1 -0.224829197 1.59732175
109 113 93 98 1 -0.0100050271 -1.61644673
143 145 73 78 2 -0.000930337526 -3.3631959
110 112 75 86 2 -0.00748140831 -1.49756408
56 56 95 130 3 -0.00122667861 -3.02341175
92 100 61 63 0 -0.00779689476 -1.61569786
217 217 121 125 2 -0.00265499344 -3.41834164
0 0 0 0 3 -0.41110909 7.58751822
107 113 54 59 1 -0.0262460057 -4.05653954
101 101 130 136 4 -0.00164437992 -3.48599839
47 47 127 131 2 -0.000467270904 -3.69552469
112 119 50 58 2 -0.00487207063 -1.23761058
0 0 0 0 2 -0.0708750859 6.62586403
182 185 83 90 2 -0.00582394935 -5.01035595
63 66 177 179 2 -0.00669808965 -2.08623767
56 56 15 50 2 -0.0015083648 -4.30315781
104 105 25 32 1 -0.00183244958 -2.43655992
0 0 0 0 1 -0.453818202 7.54220295
107 111 62 97 4 -0.00200742576 -2.78780556
0 0 0 0 1 -0.157380685 7.30962944
120 124 60 65 2 -0.03658453 -4.31209183
0 0 0 0 0 -0.254126966 2.77779603
0 0 0 0 4 -0.805497468 7.93930101
214 220 158 193 1 -0.000656312448 0.305222273
115 120 137 160 2 -0.0001009681 -4.3000679
102 104 74 80 2 -0.00251301471 -1.04509699
0 0 0 106 2 -0.695893824 2.58786249
33 33 92 96 2 -0.000243057977 -2.86058807
0 0 0 0 0 -0.810741186 6.40718794
44 51 65 67 0 -0.00101370411 -4.18599129
62 66 22 27 4 -0.303222299 -1.3234427
69 71 159 190 2 -0.162243888 -3.41699171
31 31 44 79 2 -0.000112769398 -3.18655539
115 118 137 143 2 -0.00285703503 -2.14665079
0 0 0 0 2 -0.254092216 7.33566809
38 41 67 102 0 -0.000103710736 -2.60977507
69 73 104 108 3 -5.01867034e-05 -3.93740225
43 45 57 66 3 -8.1537517e-05 -2.99853802
62 63 180 185 2 -0.0109222438 -2.90864205
59 64 70 77 3 -0.0001653324 -2.32129288
173 177 146 151 2 -0.000297524501 -3.95747542
98 103 44 50 1 -0.000897208229 -2.55121922
55 59 112 115 3 -0.000595324556 -4.65508127
36 39 52 57 2 -0.176486745 -0.567720771
91 94 68 75 2 -0.00033567744 -4.13326883
114 118 94 99 2 -0.0346896388 -0.896763802
47 47 66 73 4 -6.97361465e-05 -2.64523315
103 103 86 92 3 -0.557721615 -0.898293853
93 97 107 142 0 -0.0549984947 -0.544068813
146 147 66 101 1 -0.089839831 -4.68612623
59 61 82 85 2 -0.00985509902 -4.64255047
0 0 0 0 2 -0.00157850003 3.36345935
102 104 38 73 1 -0.0333619639 -5.32636213
71 73 148 179 1 -0.0731840655 -1.47126484
175 179 87 122 4 -7.73657011e-05 -4.38950157
74 75 155 190 2 -0.0387185141 -0.505147636
0 0 0 0 3 -0.800607383 6.80880213
0 0 0 0 2 -0.274940401 6.90772057
35 36 47 53 3 -0.000287508185 -2.53798056
26 27 87 90 1 -0.0320537612 -3.29478669
105 112 90 92 0 -0.00174272677 -2.11048913
165 168 102 106 2 -0.000904806075 -5.63406277
57 62 81 112 1 -0.00387520506 -3.63653851
123 131 111 113 0 -0.022749925 -1.77501035
0 0 0 0 2 -0.394572616 5.67438078
76 80 88 96 0 -9.45312713e-05 -1.07692671
191 196 85 89 0 -0.015459571 -4.46195793
0 0 0 0 2 -0.0895480812 6.99055433
0 0 0 100 2 -0.514469266 2.12242508
97 97 104 107 3 -0.115019366 -0.908529103
168 169 141 150 3 -0.00640199659 -2.35269499
45 49 64 69 1 -0.00352875865 -2.79282022
103 104 124 128 3 -0.00044056325 -4.31049061
52 57 76 80 0 -0.00998988189 -1.48066902
0 0 0 0 3 -0.00115483161 4.92009926
0 0 0 0 2 -2.10733676 2.14674759
0 0 0 0 2 -0.001218235 6.05773258
162 162 49 84 3 -0.530287921 -5.29507351
149 157 54 62 1 -0.0112547297 -5.82858562
69 69 90 98 2 -0.000729097868 -2.91381979
110 110 79 81 2 -2.59874469e-05 -3.38544273
71 73 86 109 2 -0.00314974319 -1.37918019
58 59 182 213 2 -0.035643883 -2.00618243
40 44 82 105 3 -0.000102994847 -5.08495092
88 94 107 109 0 -0.0276652761 -2.8329978
102 109 118 133 0 -0.0515916571 -1.84990788
0 0 0 0 2 -0.000197046465 5.47399426
53 55 64 87 1 -0.000977601856 -2.91619444
49 55 92 98 0 -0.000606460497 -1.62375259
101 101 115 122 2 -0.000851995661 -3.64552569
133 134 70 105 2 -0.00172671466 -2.8240757
35 40 56 60 0 -0.0167273991 -3.64920187
159 159 60 95 2 -3.76697863e-05 -4.08166552
145 145 181 192 3 -0.149622515 -4.11372423
98 104 52 87 2 -0.00309898192 -2.20604658
34 34 50 65 3 -0.00277850335 -6.20986557
113 114 160 166 2 -0.011213907 -0.805559218
46 46 56 61 3 -5.59086984e-05 -3.97865701
153 153 34 40 2 -0.000157113158 -3.28123784
63 68 159 194 3 -0.00103153347 -2.88328981
112 116 72 79 3 -0.00233536516 -3.66035867
105 110 120 123 1 -0.00714731356 -2.28045034
69 69 88 123 2 -0.00510448217 -4.90633011
155 159 35 70 4 -0.000209918479 -3.23565102
53 58 68 83 2 -0.230383992 -4.13600636
0 0 0 0 3 -0.00354835694 7.09612942
148 154 0 67 3 -0.868493795 0.792458236
114 120 29 64 1 -0.00414128415 -4.95081234
0 0 0 0 2 -0.810389638 1.41209698
50 54 111 118 3 -8.16572719e-05 -3.6234324
45 46 76 111 3 -0.0286845751 -3.21271062
70 73 137 140 2 -0.000229106576 -3.84494519
78 81 90 97 1 -0.000103590515 -1.79669929
202 205 90 98 2 -0.0505145788 -3.16378784
33 35 106 113 1 -0.00168419397 -2.09649825
0 0 0 0 4 -0.636663079 7.99119711
60 68 122 126 0 -0.00115943549 -3.10622644
81 89 106 114 1 -0.00594414864 -0.667449832
113 117 62 97 3 -0.000747002603 -2.78132701
124 125 142 148 2 -0.226843461 -3.0290029
222 231 109 144 0 -0.350806594 -1.13657355
108 115 32 67 2 -0.000822510628 -2.76027012
0 0 0 0 3 -0.253235251 4.70549059
148 149 209 220 3 -0.0132261105 -1.39403963
45 45 112 119 4 -0.000380370126 -2.9439168
88 93 54 77 1 -0.00738463085 -2.50516701
0 0 65 80 2 -0.343945742 1.67796683
0 0 0 0 2 -0.00235999445 3.10775208
100 102 118 153 2 -0.00567147974 -4.21088552
0 0 0 0 0 -0.00883374736 1.88139129
114 117 71 74 2 -0.000431592402 -2.40993333
0 0 0 0 2 -0.00816002488 6.17594385
136 140 56 62 3 -0.00321312039 -3.67699981
62 67 42 45 3 -1.17169952 0.254003167
166 170 88 97 3 -0.0841926709 -5.03530693
122 123 139 149 0 -0.496978819 -4.13129377
118 122 69 104 3 -0.179189354 0.675230443
0 0 0 0 4 -0.00644219248 4.4486208
24 24 35 43 4 -0.0107369302 -1.60387444
0 0 0 0 2 -0.687495768 3.83457589
0 0 91 97 1 -0.728344679 0.985181868
56 64 135 170 0 -0.000208486657 -4.23886967
43 44 70 78 2 -0.0324935988 -3.82700014
103 104 144 175 2 -0.00236032694 -1.77728462
55 57 21 25 1 -0.000121708988 -4.45272541
58 64 41 47 0 -0.0022986827 -3.37308478
48 54 70 76 0 -0.000237808126 -2.99188852
89 89 117 128 2 -0.00644643605 -2.94557285
0 0 0 0 2 -0.000150556938 4.61486673
38 38 50 65 3 -0.746431828 -2.83842564
92 94 65 76 1 -0.0200941563 -5.80478907
97 102 112 119 2 -0.0241576452 0.716318548
51 54 84 91 3 -0.0110134343 -0.447601199
39 42 71 102 1 -0.0296989828 -0.931779981
87 87 19 54 3 -0.000759151881 -2.96210146
44 44 77 82 2 -3.76699172e-05 -4.57615328
184 0 0 0 3 -1.04153454 2.04375577
96 100 115 122 4 -0.000110265355 -2.77240324
51 57 70 105 1 -0.000518266519 -4.0937705
41 43 54 65 2 -0.376915097 -0.23172012
53 58 76 111 2 -0.00030122156 -5.4151845
91 95 73 80 1 -0.00365046971 -0.911926091
114 120 30 37 1 -0.0552354679 -1.59618425
147 148 125 133 2 -0.0196580235 -3.23088574
42 45 61 67 3 -0.0202877764 0.332623065
0 0 0 0 3 -0.289599508 5.83181763
44 47 96 100 1 -0.00925346278 0.764885128
113 116 61 96 2 -0.000120995013 -4.24348593
72 72 91 126 3 -0.00122169196 -4.02252579
141 145 90 125 2 -0.000730542699 -3.05401468
44 44 119 154 4 -0.000590989948 -2.55252266
40 41 96 103 3 -0.010550891 -1.45401597
117 121 134 169 3 -0.0113601517 -3.8759985
0 0 0 0 2 -0.0748477653 2.30688953
81 85 104 107 3 -0.429513216 -2.35115767
53 59 96 107 2 -0.00818489399 -4.54669952
106 110 120 123 4 -0.00234984839 -2.23413491
106 110 23 58 3 -0.000689814566 -3.60380149
33 41 59 94 0 -0.000198119538 -5.75686264
39 43 103 138 3 -0.000220525268 -4.58985758
154 158 98 133 3 -0.000256887753 -2.57373142
66 67 79 110 2 -0.00230131554 -6.20278502
22 27 32 67 4 -0.153138772 -3.42686296
139 142 74 81 2 -0.000332575932 -4.02213573
136 139 79 114 4 -0.000291569595 -4.04080677
139 139 72 107 3 -5.47166819e-05 -3.85250807
44 44 54 85 4 -0.00638540601 -4.30482388
0 0 0 0 2 -0.206995189 6.36312342
56 56 120 122 2 -0.000397871161 -5.73058176
86 88 98 101 2 -0.00358621194 -2.47514367
181 184 127 150 2 -0.00136562542 -4.13872337
117 117 46 81 2 -5.69811455e-05 -3.88955402
78 81 32 67 2 -0.326553762 0.282757819
89 93 43 78 1 -0.00311636995 -2.29360867
44 48 24 39 1 -0.00997366011 0.0253863037
61 61 83 114 3 -0.00190046278 -1.34743357
99 103 136 138 0 -0.00247499091 -2.10200548
49 54 68 70 3 -0.0572751164 -2.75367856
96 96 108 114 2 -0.0227031279 -2.43055367
95 101 51 57 0 -0.0362727679 -1.8075428
51 52 62 97 3 -0.00937959552 -2.29472113
119 120 74 109 4 -0.00287096482 -4.76408052
112 118 88 99 3 -0.000186318459 -3.44609427
55 58 81 96 4 -0.0906745419 -0.962130427
114 118 91 96 4 -0.0192859042 -3.30373907
96 96 125 130 3 -0.146111041 -0.0369955301
138 139 40 75 4 -0.00157283584 -4.59505177
77 81 110 116 4 -0.00299265026 -1.06053066
150 156 91 94 1 -0.0099843489 -4.78490019
0 0 0 0 2 -0.000655217911 6.67899609
0 0 0 0 2 -0.606382966 5.74205351
119 125 48 56 2 -0.00147886318 -4.44522524
76 80 36 41 1 -0.00110315764 -5.50623417
52 58 102 109 3 -5.38818858e-05 -2.82824135
77 77 140 145 2 -0.52677834 1.86704755
128 132 41 76 0 -0.0114309639 -4.09472895
103 104 116 139 3 -0.220149711 -1.99561405
0 0 0 0 3 -0.0885653943 6.91169119
71 71 102 105 3 -0.00805175398 -2.14395571
109 113 159 163 4 -0.00016426378 -3.07383013
0 0 0 0 2 -0.115182459 6.14257431
19 25 29 44 2 -0.0142380157 -1.55852652
0 0 0 0 2 -0.00472164433 4.64086771
80 80 100 135 3 -0.00042550941 -4.81586695
191 195 80 115 4 -0.0008516573 -4.95008087
68 68 30 32 3 -0.367744476 0.690366685
55 62 92 127 1 -0.000368543871 -5.22755766
116 116 66 101 3 -0.0025113388 -2.26202106
0 0 0 0 1 -1.10644245 7.49492407
104 107 47 82 3 -3.55241318e-05 -3.7355144
60 67 46 49 0 -0.000198110589 -5.20873737
42 44 61 64 2 -0.000360226171 -3.1372087
0 68 0 0 3 -1.26834726 3.81011748
0 0 0 0 3 -0.012578222 4.57951832
49 49 0 0 2 -1.28361058 1.59914637
86 88 97 128 1 -0.0585267358 -2.09984612
184 187 95 110 2 -0.0123087959 -5.97629642
0 0 0 0 3 -0.110879906 2.93771124
105 109 50 85 4 -0.0553529002 -5.3373313
81 85 99 110 1 -5.3166812e-05 -3.63980126
39 43 82 87 2 -0.00498208776 -4.15684032
0 0 0 0 0 -0.0377866179 0.411247432
36 39 107 115 0 -0.00210205396 -3.09981394
168 172 90 95 3 -0.00346901896 -5.12093925
90 91 100 131 2 -0.00346519053 -0.885725379
113 117 126 131 3 -0.471608371 -3.0913105
142 146 38 73 4 -0.00187193451 -2.96802473
96 96 125 127 3 -0.00199148827 -2.57461333
119 119 55 90 3 -0.0111493785 -0.391730964
38 42 63 67 2 -0.00520106778 -2.14157152
135 143 66 73 0 -0.00285354955 -4.89995527
121 126 100 115 2 -0.00884877518 -4.15640163
108 109 53 60 3 -0.00576027157 -2.50528097
0 0 0 0 2 -1.02751386 1.24909925
49 49 59 94 3 -0.000509987702 -3.6596415
0 0 0 0 2 -0.532766521 7.37466621
136 139 90 121 2 -0.0111074625 -1.10707593
140 142 51 60 1 -0.000263425114 -3.12152338
93 94 50 81 3 -0.00508332066 -3.08395672
126 129 100 105 1 -0.000243649716 -2.93813753
133 135 75 86 2 -0.159095794 -3.43986917
100 102 55 78 3 -0.000395740994 -4.25057745
0 0 0 0 1 -0.617922187 2.42424726
216 216 228 234 1 -0.20985131 0.00245216489
0 0 0 0 1 -0.66519618 7.2870388
104 108 121 156 3 -0.00102241931 -1.29253411
140 140 80 111 2 -6.61601298e-05 -5.11186838
83 90 35 39 0 -0.00262568332 -1.08543575
0 0 0 0 3 -0.438555568 4.93027258
0 0 0 0 1 -0.00803491101 3.43071437
129 132 98 105 3 -0.054404635 0.140914321
62 66 121 156 3 -0.00036702177 -2.75852108
0 0 0 0 3 -0.00311992224 4.46626091
103 104 47 54 2 -0.0453703292 -2.52384686
0 0 0 0 1 -0.909749389 7.63472605
0 0 0 0 3 -0.0466817208 5.34512377
46 50 80 83 2 -0.00506416801 -3.26252913
114 114 143 0 2 -0.799956501 2.19463277
150 156 75 110 0 -0.301626354 -3.13857245
35 37 50 55 2 -0.229559973 0.217961967
158 159 177 212 2 -0.0295251105 -1.97685218
126 130 42 0 4 -0.285579085 0.724114597
56 60 36 42 0 -0.000718194118 -3.21964574
57 64 77 79 2 -0.00347793591 -1.33378184
50 54 64 99 3 -0.000463412143 -4.4778595
47 47 60 95 3 -0.0021438757 -5.05386162
115 116 45 80 3 -0.00140919897 -4.72972393
74 74 56 62 2 -3.74315459e-05 -2.91697645
0 0 0 0 2 -0.0212260932 2.87454534
145 151 109 124 1 -0.0458384454 -0.47914511
95 97 40 43 2 -0.000967231579 -4.41044569
22 24 31 66 2 -0.547464371 -0.984013557
81 83 91 96 2 -0.000347583846 -4.91170549
0 0 0 0 1 -0.0945268273 2.89505601
123 123 57 92 2 -0.000804933428 -2.95453715
142 142 47 82 4 -0.0523941182 -3.19613838
0 0 0 0 2 -0.000878350867 4.57629251
107 110 121 130 1 -0.0288709644 0.131691575
0 0 0 0 3 -0.148978248 3.82495379
107 108 87 89 3 -0.00561705744 -3.61306167
77 82 36 51 3 -0.00107436674 -2.42838168
97 103 113 119 1 -0.00038774655 -4.22520399
37 44 131 137 1 -3.4331988e-05 -2.96236324
77 83 37 43 1 -0.000566314091 -3.35486007
42 50 75 110 3 -2.81332705e-05 -4.17702532
0 0 0 0 2 -0.0192532167 3.07224107
59 63 82 117 3 -0.84978354 0.429072678
46 49 54 65 3 -0.0255137235 -1.90026617
80 80 59 66 3 -0.00224264828 -4.25448847
92 96 74 77 3 -0.0129142851 -0.834275723
35 40 99 110 2 -0.115114108 -0.206940696
67 71 100 135 3 -0.000949811365 -4.76195669
0 0 0 0 2 -0.030316202 3.88110423
77 81 189 212 3 -0.636676252 0.956845582
103 107 57 92 3 -0.000131245775 -5.84961176
82 87 131 139 1 -0.00139608223 -3.02950454
0 0 0 0 2 -0.00162418035 4.62984848
60 64 88 93 3 -0.00358410901 -1.81665421
0 0 0 0 2 -0.395464331 2.30890036
60 60 132 137 3 -0.0624031723 0.178447545
89 95 36 43 0 -0.000945667969 -4.73839474
54 58 69 80 2 -0.00352936261 -1.03172302
38 41 45 57 0 -0.00452123815 -4.62391043
48 52 109 115 3 -0.000100134304 -3.50027704
201 207 54 61 1 -0.00772814639 -0.681764543
0 0 0 0 3 -0.0026960948 4.98343229
41 44 58 89 3 -0.000962198246 -2.9526391
34 40 117 124 1 -0.000150914537 -3.62161446
0 0 0 0 3 -0.330857217 4.76670122
60 69 141 148 1 -0.089908883 -4.37410307
44 49 27 33 0 -0.000312300632 -4.78745365
62 64 77 83 2 -0.00067644642 -1.58482146
76 79 25 28 3 -0.528149009 2.04029822
119 122 50 54 3 -3.92193397e-05 -4.87880611
37 38 48 79 2 -0.398305088 -0.176828146
87 91 104 108 3 -0.0645238087 0.162784636
167 172 122 145 2 -0.0506509058 -3.76041865
55 62 127 162 1 -0.000961120822 -1.53572011
47 50 71 78 0 -0.00104946923 -3.46868825
120 125 100 105 0 -0.000130172717 -4.30530167
108 113 82 93 1 -0.141896755 -0.952232897
100 102 178 201 3 -0.00433571078 -4.92758083
0 0 0 0 2 -0.0139425127 6.8151741
87 90 75 81 1 -0.00178586273 -2.696522
0 0 0 0 0 -0.0113074202 5.08249426
67 69 0 122 2 -1.76583004 1.76240206
117 120 135 141 1 -3.57626159e-05 -3.68937969
159 160 175 210 0 -0.102611162 -3.69879985
215 242 163 198 1 -1.13633251 -1.82925653
0 0 0 0 2 -0.964670062 7.18334007
72 77 88 123 1 -0.000509385543 -3.46940398
121 126 155 160 0 -0.0001312448 -4.81681156
0 0 0 0 2 -0.00624969369 4.70546436
41 45 76 85 2 -0.00609258795 -1.72818756
93 96 40 42 1 -0.00290627056 -1.26143241
45 0 53 64 1 -1.53539217 4.43640089
151 152 68 83 1 -0.00263513508 -2.81007028
0 0 0 0 3 -0.0903477967 3.78714585
0 0 0 66 0 -2.18518972 1.42550325
0 0 0 0 2 -0.327415556 6.06872368
44 47 62 97 3 -1.50203259e-05 -5.35280895
125 128 145 180 2 -0.0249569081 -1.00366294
85 87 23 27 1 -0.00153291365 -3.74027252
85 88 32 67 2 -0.00630659191 -1.56726146
138 142 51 86 4 -0.00110191724 -5.05066204
0 0 0 0 2 -0.163783252 3.40978122
119 124 152 160 1 -0.0124213072 -5.68005657
175 180 117 121 1 -0.00545778219 -0.967635453
52 56 41 43 1 -0.895050108 -2.47154975
22 26 47 47 3 -0.0926681459 -5.2271018
17 25 30 33 1 -0.0336968563 -1.09720016
0 0 0 0 2 -0.000103829152 5.00029755
43 44 74 82 2 -0.143260509 -5.15954256
49 50 90 99 2 -0.000161643533 -3.49115562
80 85 63 65 2 -0.000466189289 -3.94641066
41 45 76 91 0 -0.00027571831 -1.75514507
0 0 0 0 3 -0.0322243497 5.22880793
179 186 111 119 2 -0.28435117 0.702540457
225 226 179 187 2 -0.0419315957 -0.0606040359
81 85 96 131 4 -0.0614824779 -5.93596363
92 95 112 120 2 -0.00168142526 -4.22825718
142 146 87 122 2 -0.013868331 -3.93727064
60 70 42 45 1 -0.0037998117 0.649707139
19 19 82 86 3 -9.52462506e-05 -4.47373247
0 0 0 0 1 -0.486970305 7.64929724
40 41 83 118 1 -0.00310258917 -3.03141856
0 0 0 0 2 -0.00253865682 4.21840954
70 77 167 176 3 -0.177615985 -3.21322656
135 139 149 155 0 -0.17817691 -4.78022432
109 114 132 140 3 -0.000131245586 -5.77516031
42 43 56 63 4 -0.723263085 -0.641491771
52 55 68 72 2 -2.57490865e-05 -2.81618738
99 100 29 36 2 -0.00418040156 -2.67638302
125 129 72 107 3 -3.9577164e-05 -4.04986525
113 121 140 146 0 -0.000428159721 -1.34885335
35 38 80 86 2 -0.00229300116 -2.02403259
23 27 35 70 2 -0.0199081004 -0.0507392883
88 91 107 112 4 -0.000685219071 -2.40062022
50 58 72 107 2 -4.98290538e-05 -4.65870142
0 0 0 0 2 -0.0852483809 4.52893877
0 0 0 0 3 -0.0391182229 2.68934274
114 114 77 83 3 -0.00858796202 -3.98338604
45 49 64 99 1 -0.00249034748 -2.61810136
117 119 133 140 2 -0.00307691819 -2.38904786
139 142 42 65 4 -0.0258416198 -2.73971796
76 80 97 132 4 -0.00146710011 -2.89280987
88 93 56 64 2 -0.00413479144 -3.30845571
0 0 0 0 1 -0.262164712 4.2905941
90 94 113 122 3 -0.00403427379 -0.595119357
0 0 0 0 2 -0.00246019382 2.26747179
55 60 87 122 4 -0.000887979229 -3.3344605
0 0 0 0 1 -0.0122071169 6.29906607
40 47 62 69 0 -0.00591258705 -1.3882941
51 53 34 41 2 -0.000100491685 -5.11250877
90 90 98 105 2 -6.11535725e-05 -4.30981684
103 109 123 146 1 -0.332147539 -1.21158946
42 51 30 36 1 -0.0136180995 -1.13566709
172 172 87 92 3 -0.00299421092 -1.44289923
186 186 101 136 2 -0.0500852913 -0.197227091
159 165 124 135 2 -0.00163482025 -2.93240833
173 180 77 82 0 -0.0148292612 -2.45217538
80 85 58 63 1 -0.00034354112 -2.85862112
137 138 85 90 1 -0.000795434171 0.233731925
0 0 0 0 2 -0.00014638179 5.17410898
57 61 70 75 1 -0.0034129913 -2.50260353
120 120 56 91 3 -0.207305461 -0.322985113
110 110 121 127 2 -0.00186084211 -6.09780741
0 0 0 0 1 -0.000383207429 5.31493187
45 48 109 144 3 -0.118323639 0.21068126
48 49 87 98 3 -0.00245685247 -1.819139
91 95 64 72 3 -0.000344598433 -2.33474469
137 141 95 110 3 -0.481854916 -2.80957317
0 0 0 0 4 -0.588084638 7.42311239
87 87 97 132 2 -0.0341357365 -3.58605671
36 41 47 82 1 -0.00637187902 -2.59897161
0 0 0 0 2 -0.147367865 3.9742043
106 111 47 70 2 -0.000277504587 -3.48030734
0 0 0 0 3 -0.0631146431 4.69592142
193 194 169 175 4 -0.33540225 -2.15660334
87 89 106 113 1 -0.000702783233 -3.62961864
68 72 48 52 2 -0.00204128865 -1.95983434
45 56 60 91 3 -1.32009804 -0.907903135
142 142 54 63 2 -0.000279649044 -6.62807131
35 39 102 137 1 -0.0138634909 -1.89427733
108 112 182 184 4 -0.00250300416 -3.47356677
110 112 40 44 2 -0.00160304189 -3.84517503
56 58 109 113 2 -0.00573281851 -1.52285981
34 36 93 100 2 -0.00843000785 -1.24634576
0 0 0 0 0 -0.786353052 3.55733395
80 84 38 73 1 -0.000920345483 -2.81728673
0 0 0 0 4 -0.204478741 1.7576561
0 0 0 0 2 -0.00295628747 4.14920092
83 86 123 134 2 -0.00706795417 -0.935866475
93 96 20 28 4 -0.000175829307 -2.03655028
133 136 84 119 0 -0.000983995269 -2.91163588
82 93 108 116 0 -0.00461413711 -4.10273027
80 83 44 46 3 -0.000174515677 -4.23898029
92 95 107 118 0 -5.99615414e-05 -2.71306324
55 59 43 49 1 -0.00101677049 -0.862874269
106 110 167 171 2 -0.000320745807 -4.24727869
0 0 0 0 1 -0.0424187854 2.99895716
56 60 97 132 1 -2.3841767e-05 -5.42429066
50 54 117 148 4 -9.42925108e-05 -4.03349066
91 94 53 61 0 -0.137245297 -4.80672646
0 0 0 0 3 -0.00634566275 0.892844975
96 97 113 128 3 -0.0030564405 -4.30700111
107 109 127 162 1 -0.000807141245 -2.47347736
32 34 75 98 3 -0.00359529094 -2.90056348
0 0 0 0 3 -0.0170729011 3.88063836
109 114 71 74 1 -0.000235659158 -2.52469897
104 107 127 130 3 -0.00871413667 -5.20844364
91 97 55 62 3 -0.000113245937 -3.83130383
82 83 51 56 2 -7.97497414e-05 -5.00263309
62 64 45 51 1 -9.33382471e-05 -3.26878119
128 132 144 179 3 -0.000976944924 -4.14062023
0 0 0 0 2 -0.000234477702 5.84820795
128 132 82 117 2 -0.00075693446 -2.58964324
66 66 122 137 2 -0.000153176647 -5.60484982
87 89 97 100 1 -0.00327986083 -4.91051579
0 0 0 0 2 -0.513475358 7.49168348
44 47 84 119 2 -0.018800471 -2.18426514
142 146 115 121 1 -0.495852828 -3.12791181
46 48 62 70 2 -0.00426342851 -4.20889235
0 0 0 0 2 -0.409751654 7.57852602
183 183 126 161 2 -0.000481917639 -6.02636623
124 126 78 81 2 -0.000337224657 -1.76616216
0 0 0 0 2 -0.000142568897 5.4805131
56 58 79 87 2 -0.00923414342 -4.23076916
61 64 76 111 2 -0.0242512599 -2.96375346
124 126 63 66 2 -0.0014142968 -3.4702332
118 123 68 103 4 -2.96829385e-05 -6.31876373
66 70 105 120 0 -0.00267932075 -3.1152029
41 45 63 65 2 -0.00925804861 -3.94746184
81 81 112 143 3 -0.00188368035 -2.36495042
49 51 90 105 1 -0.000255572697 -2.68647146
0 0 0 0 2 -0.249898747 6.51298189
45 47 61 69 1 -5.17361987e-05 -4.92556667
54 58 129 135 4 -5.69813928e-05 -3.47777438
68 69 36 51 2 -0.0220461097 -0.822172701
0 0 0 0 2 -0.000967273721 2.96262884
122 129 57 88 1 -0.000173799286 -3.9950192
0 0 0 0 2 -0.000390254805 2.50591445
31 34 41 45 3 -0.00139164261 -4.20053196
45 51 141 144 2 -0.00172544771 -1.84257984
50 56 129 164 0 -0.00446653739 -3.29262972
139 143 82 117 2 -0.000882944674 -2.29674602
101 102 118 121 2 -0.371122718 -2.84529018
61 67 42 49 2 -8.67830822e-05 -4.24376869
58 60 145 151 3 -0.00479190983 -1.28849328
164 165 52 87 3 -0.0120188054 -3.06122208
0 0 0 0 3 -0.966203809 2.59761429
67 73 104 139 2 -0.00191415939 -4.37605047
219 221 46 81 3 -0.383053422 -3.54764366
121 122 47 51 3 -0.00529393321 -2.5224483
0 0 0 0 4 -0.331054956 6.11279678
88 90 36 71 2 -0.000478791917 -3.21117973
43 47 51 56 3 -0.318439752 -3.31728768
31 31 73 104 2 -0.0172474906 -1.09780562
47 54 68 75 2 -0.000356172619 -2.93517041
148 150 82 88 1 -0.000342574407 -2.67759228
115 115 65 100 4 -0.18069756 -3.71829534
0 0 0 0 2 -0.000113482078 4.66465282
49 53 80 85 4 -0.00153901102 -2.11368299
40 41 57 92 3 -0.0075082737 -4.94616222
74 77 87 91 3 -0.00993295852 -0.873511553
12 17 22 45 0 -0.396245211 -2.33209991
44 52 57 63 1 -0.00215930399 -3.62058806
72 74 49 55 2 -0.00038357763 -2.81503057
38 43 60 83 1 -8.70216973e-05 -2.45182943
153 159 68 91 0 -0.00385896605 -2.97243571
0 0 0 0 0 -0.0885087177 8.0179987
99 102 82 88 0 -0.00624489598 -1.11032033
126 135 74 109 1 -0.00178907299 -3.66503596
115 120 134 143 3 -0.00050730264 -1.6840651
41 41 120 126 3 -0.000816711574 -3.50000405
38 41 47 82 4 -0.05158424 -0.371936202
160 164 110 145 1 -0.000413744448 -3.98708582
67 67 82 117 3 -3.82658982e-05 -4.35308552
101 103 117 124 1 -0.00271831453 -4.17873955
121 123 94 101 3 -0.000493608823 -3.15071082
0 0 0 0 1 -0.00277952407 4.27437639
49 56 65 88 0 -0.155599311 -4.43198633
99 102 56 79 2 -6.32994488e-05 -4.57701874
58 63 149 153 1 -0.000147339582 -1.84640026
110 112 67 90 3 -0.0016144712 -2.91295552
51 51 65 71 4 -0.00186265586 -2.07573462
201 204 148 183 2 -0.0752345845 -2.24770117
45 45 62 67 3 -0.213910982 -0.90578264
0 0 0 0 1 -0.0521739125 6.44071865
111 113 149 160 2 -0.00136351364 -1.50951338
50 58 69 84 0 -0.00104374101 -4.97413015
149 151 102 137 3 -0.151896328 -1.91196918
51 55 151 166 2 -0.0951312184 -1.95341778
44 48 57 61 0 -0.000815494859 -2.15792608
0 0 0 0 2 -0.00389118958 6.19118071
95 99 110 153 2 -0.0461381897 0.862439692
159 167 73 80 1 -0.245419368 1.41297221
0 0 0 0 3 -0.00463080592 4.03150988
150 155 94 129 4 -0.000905259629 -4.14464808
100 107 85 93 0 -0.099229984 -2.57160807
0 0 0 0 4 -0.603553474 6.43981266
117 79 62 66 3 -1.43895924 -1.4412241
130 131 153 160 1 -0.333254278 -0.59732914
34 34 42 53 3 -0.00163014163 -1.70704746
51 51 65 67 3 -0.00194984232 -2.84061813
0 0 0 0 3 -0.567397833 7.7003684
186 194 57 92 0 -0.00538076041 -3.70213771
0 0 0 0 2 -0.00298547 6.17950201
0 0 0 0 2 -0.265122145 7.08031893
32 37 48 56 1 -0.000540264125 -3.03123569
57 64 92 123 2 -4.55376794e-05 -4.3780365
63 67 128 130 4 -0.000500502356 -2.67265844
110 118 56 65 4 -0.00496510509 -5.06443405
72 79 61 66 2 -0.000661416503 -3.4808259
35 39 87 89 3 -0.10119094 -2.79559445
154 162 110 133 1 -0.00315641379 -5.93570423
0 0 0 0 1 -0.600779653 7.15368748
30 39 119 154 1 -0.0626296997 0.920821369
0 0 0 0 1 -0.280585259 3.70464635
174 179 100 135 2 -0.0107174888 -3.88355875
38 40 54 62 2 -0.000912971154 -1.85955429
50 55 90 99 2 -6.94980772e-05 -3.99789238
182 186 115 122 2 -0.000950809801 -4.5457015
53 57 0 0 2 -0.751525581 -0.114812315
88 92 98 106 3 -0.381911844 0.131758392
79 80 102 104 1 -0.00766827771 -4.57964659
89 92 123 126 0 -0.00140564411 -1.27097631
50 61 134 145 0 -0.000540854351 -4.93283939
63 67 82 89 3 -0.0616536401 -5.13675642
65 73 100 135 2 -5.56699779e-05 -4.35887623
74 76 51 57 2 -0.358849734 -0.195097715
0 0 0 0 0 -0.0138373766 3.53570771
125 131 100 109 2 -0.0123879854 -5.16218853
0 0 0 0 2 -0.58599776 3.28677011
51 58 69 76 0 -0.00107531319 -2.93763709
112 112 129 133 3 -0.000724467449 -1.82927728
111 113 178 213 2 -0.00102872925 -0.883716583
209 213 64 71 3 -0.00634514494 -3.74466443
61 62 20 25 2 -0.0606174171 -1.83763313
0 0 0 0 2 -0.0492034033 4.75641298
58 58 78 109 3 -0.00146942213 -5.95272303
113 118 85 91 4 -0.000123139413 -3.81758261
128 135 208 214 2 -0.0581905507 -3.19458246
68 69 0 116 3 -1.01214397 1.83572769
63 64 75 110 2 -9.70346955e-05 -3.0982585
42 43 62 65 2 -0.0124999154 -4.3351965
76 81 59 65 2 -0.00309883081 -1.12272453
155 156 99 134 3 -0.000591818942 -1.90917349
0 0 63 68 2 -1.98835707 0.697513878
0 0 0 0 1 -1.16626799 7.74903154
210 215 57 92 1 -0.072117433 -1.16661334
115 115 56 91 3 -0.0177539364 0.258504629
63 66 102 107 2 -0.0749499425 -1.51201272
58 59 118 153 2 -0.000199071437 -5.27643251
42 44 149 160 2 -0.013401797 -2.54897761
0 0 0 0 2 -0.78232199 5.56122971
0 0 0 0 2 -0.00342069915 1.8286891
112 116 129 135 3 -0.0302421711 -2.20305896
41 49 121 122 0 -0.00764277019 -0.569224
44 48 66 74 4 -0.000310764648 -2.06111097
17 26 30 37 0 -0.0597980656 -1.69618225
157 164 58 65 3 -0.0293782298 -0.496407628
91 99 26 34 1 -0.0116554555 -1.12308073
190 195 213 127 4 -0.550616682 -3.96710443
0 0 0 0 1 -0.00267183781 3.65471482
164 164 102 109 2 -0.00106345001 -1.91713166
138 141 51 86 2 -0.000175107736 -3.15905929
0 0 0 0 3 -0.0758441985 4.31112289
0 0 0 0 0 -0.0835135356 5.16244125
0 0 0 0 3 -0.0436321571 6.72495747
90 94 121 128 4 -0.000640767452 -6.02096891
0 0 0 0 1 -0.382298052 2.93078709
75 79 178 187 3 -0.0587176196 -3.08062363
41 45 48 55 2 -0.0709596947 -2.36333966
114 114 45 68 2 -0.00179244997 -2.13014698
80 82 107 112 2 -0.00574989012 -4.86502934
54 57 68 83 3 -0.00156523439 -3.35288596
122 129 69 104 0 -0.000454836118 -4.16357231
0 0 0 0 4 -0.000600516214 5.71942854
0 0 0 0 3 -0.0322708711 5.09587336
58 67 80 85 0 -0.511966407 -0.129699945
0 0 0 0 2 -0.000685845269 4.75951719
77 78 139 154 2 -0.0795801207 0.478316963
76 83 102 109 0 -0.00507395854 -1.18725657
118 118 102 105 2 -0.00159121992 -0.639170408
155 161 110 118 3 -0.0129018389 -5.22218657
0 0 0 0 2 -0.567614615 6.24445677
0 0 0 0 0 -0.00285582244 5.38808584
0 0 0 0 3 -0.0341086835 4.75448275
117 117 132 137 2 -0.0125234444 -1.98233485
30 34 40 47 3 -0.295494229 0.530846357
0 0 0 0 1 -0.0572660081 6.50565577
67 70 158 173 2 -0.000212186525 -4.63288641
26 27 37 44 2 -0.0141694462 -1.91740561
0 0 0 0 1 -1.15022457 7.49455833
146 147 35 70 3 -0.113872647 1.95499682
41 42 68 103 2 -0.00289752847 -4.45450449
93 94 102 133 2 -0.0188046824 -2.23985338
0 0 0 0 1 -0.441103101 4.69295406
120 123 33 40 1 -0.00570801925 -5.28867531
0 0 0 0 3 -0.157074198 7.46086216
204 205 222 242 2 -1.50427246 -1.13688898
58 62 92 115 3 -0.0001409018 -3.48117137
57 60 101 112 2 -0.0303273369 -1.84624696
56 64 75 110 3 -0.000324227294 -2.63598251
0 0 105 107 3 -0.827223182 -0.555943787
150 155 124 131 2 -0.000925939006 -2.6362958
140 141 54 63 3 -0.0793608129 -1.83773208
40 43 59 90 2 -0.0155570097 -2.37177134
86 87 93 128 3 -0.0175852049 0.0780507326
50 60 41 45 1 -0.00029740046 -3.48235774
0 0 0 0 3 -0.022224417 2.2819953
101 106 56 87 1 -0.0761847049 -0.0369874835
97 99 112 119 2 -0.0015700839 -3.23229265
62 62 91 93 2 -0.000391430658 -4.74181461
59 62 167 169 2 -0.000348427246 -4.6319437
105 110 92 99 2 -0.0853532478 -5.04543591
132 135 84 119 2 -0.00279622688 -1.76666641
0 0 151 158 3 -0.0744659081 -0.0785563588
87 91 107 122 4 -0.000606787158 -4.61914778
137 139 97 128 1 -0.00271343393 -1.80079961
69 75 87 94 0 -0.208729595 -1.41745138
0 0 0 0 0 -0.00542304106 6.36643839
112 112 95 100 2 -0.000720848329 -4.11785507
60 65 71 78 2 -0.000722154509 -4.53542566
125 128 59 70 2 -0.000922581356 -4.53026295
8 9 18 21 2 -0.767796636 1.06911302
0 99 0 0 3 -1.02198958 2.16756654
112 113 53 88 3 -0.000864449365 -2.44857168
120 130 145 160 0 -0.000888989598 -2.75870991
41 46 54 65 2 -7.12863693e-05 -3.384022
69 73 198 213 3 -0.000954730785 -2.69409585
0 0 0 0 1 -0.845829308 7.27785397
0 0 0 0 2 -0.593317926 7.03250742
109 117 208 213 1 -0.00366313197 -2.50526714
0 0 0 0 3 -0.490286052 4.69334173
15 16 52 87 2 -0.00397058763 -4.69749928
0 0 0 0 1 -0.00337405247 5.26907444
112 120 183 191 0 -0.000115986266 -2.38683891
43 44 89 124 4 -0.00231690658 -4.73403025
22 27 34 69 0 -0.0340552256 -4.80213976
63 69 79 90 1 -0.571722865 -1.21351075
0 0 0 0 2 -0.0879280865 6.68467951
0 0 0 0 2 -0.165726125 6.01293182
59 63 96 131 2 -0.000155920367 -4.93285847
0 0 0 0 2 -0.933859766 7.74700975
188 188 39 43 3 -0.0383747034 -4.95117092
68 72 86 121 3 -0.000127669526 -3.88745975
97 101 48 87 3 -0.0261137001 -0.683053136
85 88 107 113 3 -0.0265352856 -1.62895823
0 0 0 0 3 -0.00249020173 5.99804926
39 47 91 126 0 -0.000201098272 -3.98605943
56 58 175 210 2 -0.0803696811 -3.66403866
107 109 118 149 2 -0.487511605 -0.661056638
0 0 0 0 3 -0.225369528 5.95519829
85 89 98 133 2 -0.00838184077 -3.72638631
54 54 128 163 2 -0.0537892766 -1.75963116
111 115 125 129 1 -0.00606745854 -2.4535923
40 46 55 90 2 -0.0129942102 -3.68140197
134 135 102 109 3 -0.0277732611 -1.67154145
78 83 106 113 3 -0.000487507612 -5.19482136
57 59 40 45 2 -0.000489546394 -4.06323528
153 154 125 129 2 -0.714985728 3.71388221
79 79 90 95 3 -0.000751128187 -0.761644721
92 95 137 144 0 -0.000436161441 -1.25561023
0 0 0 0 1 -0.724083364 4.76135969
0 0 0 0 3 -0.0408875383 3.70485663
95 97 41 48 1 -0.41335237 0.839964092
97 100 50 85 3 -0.0108707054 -2.60689497
0 0 0 0 2 -0.00596072618 6.55737877
145 149 44 79 3 -0.00320682209 -5.00658512
0 0 0 0 1 -0.00403976208 3.77382016
148 151 65 72 2 -0.00589621859 -1.57627058
105 0 71 82 1 -0.504517555 -0.511437297
188 192 119 154 2 -0.0129282949 -3.95713425
162 164 117 152 2 -0.387236536 -1.13885832
84 86 113 148 1 -0.00647867704 -5.68680191
42 42 47 53 4 -0.0326503068 -1.01244092
0 0 0 0 1 -0.00981370639 5.97827244
83 91 22 30 1 -0.00147832383 -2.33692789
168 171 41 76 2 -0.000651051174 -2.44827175
193 197 144 179 2 -0.000441628217 -2.44082761
114 118 130 137 1 -0.00029776842 -2.08265185
105 110 140 144 1 -0.000222435949 -2.9571557
0 0 0 0 2 -0.274664968 7.27734137
105 105 88 92 3 -0.00326890661 -2.98665762
66 72 85 92 0 -0.00342859514 -4.69974422
77 81 32 67 4 -0.0196154304 -2.3247292
0 0 0 0 3 -0.0503230765 6.16637945
48 51 59 94 2 -4.75641682e-05 -3.92415142
118 119 52 59 2 -0.00178670872 -3.018893
99 103 61 64 3 -0.27796939 -1.23001695
153 158 101 132 1 -0.00145552284 -2.40537548
88 89 102 137 1 -0.000196807727 -5.60524368
124 132 108 111 0 -0.00197021128 -1.9394803
141 143 66 81 2 -0.00426141592 -5.18841457
97 102 112 119 4 -0.624475479 -2.39536572
58 60 146 154 2 -0.00746385148 -2.22776222
132 136 153 188 3 -0.000575526559 -3.19317055
124 132 101 108 0 -0.00134431128 -6.3233633
130 133 83 87 2 -0.00251902873 -2.40226197
69 73 87 110 3 -0.0163937677 -2.94519758
0 0 0 0 4 -0.000846181822 6.31814194
128 131 63 98 4 -0.170453414 -4.76477766
153 160 44 48 0 -0.0692885071 -0.195821479
0 0 0 0 2 -0.0117945038 4.23616457
57 62 119 125 3 -0.0053247693 -4.50256157
124 132 41 46 0 -0.00497673871 -1.04450774
141 141 73 77 3 -0.0415535308 1.01295877
171 171 50 61 2 -0.000875110214 -3.0470984
97 97 0 166 2 -0.792282879 0.871778667
37 37 74 105 2 -0.00083620887 -1.70530295
69 69 89 124 4 -0.0145615367 -2.04939294
41 45 60 91 2 -0.0043155225 -2.59661412
132 138 183 188 2 -0.00340295979 -1.52513814
100 105 156 160 2 -0.0706738979 -3.18009377
0 0 0 0 2 -0.0853403211 2.16281581
72 75 23 58 3 -0.0997261107 -0.100874811
49 51 123 128 1 -0.0901513323 -1.63221812
101 103 111 118 2 -0.0462911688 -3.01543093
90 91 109 115 2 -0.000670444861 -3.1275959
0 0 0 0 2 -0.00243116962 4.45854092
133 133 88 92 4 -0.00492145121 -5.20121527
75 75 56 63 3 -3.43320571e-05 -3.51267457
0 0 0 0 2 -0.916757107 7.88634157
0 0 0 0 0 -0.0239534602 7.06149769
0 0 0 0 3 -0.0729436353 6.9655385
115 64 127 133 3 -1.17776406 0.118561685
157 157 33 64 3 -0.00608500699 -3.12562966
0 0 0 0 2 -0.0287064426 6.12225342
0 0 0 0 1 -0.000834347215 3.97053456
0 0 0 0 3 -0.00633176602 3.99561
52 52 64 99 4 -0.00244448474 -4.40405798
87 92 64 72 2 -8.07036413e-05 -4.65293264
17 21 26 31 4 -1.15195584 -2.61729455
129 133 104 110 3 -0.00516547356 -3.76939344
154 157 132 138 3 -0.00695688976 -2.66788554
62 65 50 52 2 -0.000915815588 -3.40105963
122 127 66 74 3 -0.000232323844 -3.3065486
59 59 75 106 3 -6.40143335e-05 -3.09832001
178 181 38 73 0 -0.000691534253 -3.24663973
30 32 49 57 2 -0.00319112372 -2.56397629
84 90 23 58 2 -0.00601747911 -2.93315458
0 0 0 0 1 -0.0238203704 3.60002971
51 52 111 116 2 -0.00194071559 -3.46376944
0 0 0 0 3 -0.0300996229 5.81495476
81 87 157 188 1 -0.133865207 1.84530878
152 158 172 183 0 -0.000465221499 -2.61101317
187 187 30 65 2 -0.0521881357 1.09401679
34 38 69 73 3 -0.00337473117 -3.49652672
102 106 42 47 3 -0.00496628787 -5.15244055
147 150 170 205 4 -0.00124426256 -3.24658632
101 103 118 153 1 -0.000740681891 -4.02837467
111 111 125 128 3 -0.00461327238 -0.584552646
127 127 93 116 3 -0.00562850619 -2.80840826
101 104 115 146 2 -0.00027297315 -3.17235613
79 79 86 93 3 -1.93118467e-05 -4.28308535
96 100 134 140 1 -0.00464803632 -1.04334605
0 0 0 0 3 -0.120021135 1.99980998
64 64 135 141 3 -0.00133078313 -4.16136122
117 117 94 103 3 -0.000271190132 -2.15217638
0 0 0 0 3 -0.48740688 2.80780888
87 89 99 130 2 -0.00156979728 -2.38786936
121 129 140 151 2 -0.000296207261 -4.3254528
37 41 122 127 1 -0.00368486741 -4.04730988
49 57 84 90 3 -3.02789795e-05 -4.63233995
137 137 68 103 3 -0.000406467443 -3.52961493
73 78 44 50 4 -0.0014149968 -2.02414775
93 97 57 72 3 -0.00864432566 -1.17386889
104 104 115 122 3 -0.000965502928 -5.86656332
0 0 0 0 3 -0.0273105055 2.95287561
152 160 178 213 2 -0.0022778695 -3.61594391
132 133 108 115 2 -0.00810153782 -2.8371563
57 60 116 139 3 -0.00105266715 -3.79427552
46 50 110 145 3 -0.0014999276 -2.33930469
113 122 71 82 1 -0.0204345435 -1.9657042
59 65 83 118 1 -0.000113484442 -5.13976669
105 109 34 38 2 -0.000322318636 -3.48879004
233 234 86 121 3 -0.216879442 -2.51963353
85 88 104 112 0 -0.00123747252 -3.20127535
113 113 128 132 3 -0.00204994273 -1.23814225
109 109 118 125 4 -0.00257919868 -4.33080292
137 140 163 167 2 -0.00130534952 -6.39464998
111 111 125 132 3 -0.000581079745 -3.78379083
111 111 155 162 2 -0.000318859093 -3.66057038
0 0 0 0 2 -0.000268551084 6.10874653
65 65 159 194 3 -0.190769538 -1.98742676
26 26 45 80 3 -0.000784231699 -3.95361614
197 204 70 105 2 -0.581792355 0.961409986
161 164 97 140 1 -0.0239063129 -0.587813795
64 65 85 120 1 -0.181083873 -4.47199535
56 61 72 107 0 -0.00215140032 -3.87832475
188 192 56 91 2 -0.502225697 -1.06402528
0 0 0 0 2 -0.00305773295 5.25068283
0 0 0 0 3 -0.0164630376 5.29796219
44 49 62 97 1 -0.164442495 -3.02326298
112 113 74 97 1 -0.117478661 -2.10960031
0 0 0 0 3 -0.366169423 1.17057586
52 53 70 81 2 -0.0227685664 -0.439331353
0 0 0 0 2 -0.0105043538 6.16466236
0 0 0 0 2 -0.0832775161 6.15792179
95 98 37 39 1 -0.0647099614 -4.71351147
0 0 111 119 3 -0.0378158465 0.494671047
46 51 107 118 1 -0.00233129784 -3.93153787
0 0 0 0 3 -0.00222328794 5.02293491
18 20 24 59 2 -0.0142261107 -0.744004309
94 98 110 121 3 -0.000239467307 -3.63406587
83 86 100 135 2 -0.00088024314 -2.00416374
68 70 170 177 3 -0.304490238 -3.19336247
90 92 104 115 1 -0.00138839032 -2.77138162
122 128 101 107 0 -0.0128381504 -3.89861226
54 63 140 147 0 -0.123298883 0.699451745
211 216 38 44 0 -0.0236928351 -5.79602528
51 54 91 126 2 -0.00356156426 -2.37668562
17 17 38 41 3 -0.0493466593 -0.548515618
140 144 90 125 3 -0.0004955146 -1.81703806
56 59 49 51 2 -6.49681824e-05 -4.0160594
56 58 74 79 1 -0.00165449339 -2.31956697
128 131 149 158 1 -0.000111696529 -4.16592121
46 51 82 117 0 -4.29149877e-05 -5.2743926
96 98 141 150 2 -0.139618188 -0.223753691
101 101 119 121 3 -0.0613445416 0.110319316
112 114 123 127 1 -0.000320537656 -4.66316795
102 106 27 62 1 -0.00183810457 -3.41871381
118 123 141 172 2 -0.000605574751 -3.4800396
30 35 82 91 1 -0.000280959153 -3.65685081
124 126 49 56 2 -0.000938596088 -4.00123596
121 122 207 213 1 -0.0109261069 1.2104342
134 135 117 119 2 -0.0076395981 -3.11264062
12 13 18 20 4 -0.0107952934 -0.128602087
12 18 22 33 0 -0.311763555 -2.41055799
56 60 69 100 4 -0.000128146115 -4.56556845
88 92 37 44 3 -1.97886857e-05 -3.95013666
56 57 70 105 3 -0.000430402317 -5.45592546
75 75 91 114 4 -0.000599255553 -4.48822927
118 119 37 52 2 -0.000883482397 -2.764153
89 93 30 61 4 -0.000224818883 -3.76986718
161 161 89 95 3 -0.000196800334 -4.53422499
50 54 66 74 2 -6.22263833e-05 -3.36044669
91 97 52 67 2 -1.19209035e-05 -4.23020506
72 79 119 125 1 -0.000114555893 -2.53207302
61 62 48 49 4 -5.05442877e-05 -3.74507236
46 52 72 87 3 -0.000113722628 -4.35579205
52 55 65 88 3 -0.00243890821 -1.67628121
51 52 61 64 2 -0.143061846 -4.41591549
37 41 45 52 1 -0.00117019913 -2.30886745
79 83 42 49 1 -0.570442319 -4.32111835
37 37 41 44 2 -0.0309834965 0.731214345
38 41 65 100 2 -6.42525702e-05 -2.99285507
101 112 54 89 0 -0.00182644464 -3.01999569
115 115 41 47 2 -0.000116465002 -2.35238671
65 68 76 111 3 -0.00148711132 -4.21344614
46 51 117 122 0 -0.00156461413 -4.35332108
79 79 65 67 3 -7.21202014e-05 -1.96199512
46 47 65 70 3 -0.00984574575 -4.55326128
68 68 85 120 3 -0.114850812 -2.94252253
47 51 63 72 2 -0.000708480133 -2.06482911
167 171 38 73 2 -0.00150541356 -2.69186687
53 60 78 93 2 -0.000383352744 -3.49133515
53 53 69 104 3 -0.000264515867 -3.31367564
84 92 56 63 0 -0.000141617667 -3.08633232
49 49 92 99 3 -0.000116941424 -3.33089256
113 114 129 137 3 -0.000647334033 -4.22965193
39 39 132 163 3 -0.00931583438 -4.09557629
73 74 27 58 3 -0.106338918 -0.666245818
4 7 7 42 3 -0.990983844 -3.42683721
58 59 120 127 3 -0.00112372136 -3.30523777
60 60 72 76 2 -0.00012004048 -4.89988565
119 120 37 68 3 -0.00327439047 -1.81269002
27 29 33 40 2 -0.513859034 0.429018795
132 132 96 127 3 -0.00312249642 -1.67051458
52 53 65 80 2 -0.000181667448 -4.3082056
114 116 41 45 2 -0.000137444076 -4.79612064
127 131 81 116 2 -0.00129579846 -3.97940731
55 55 124 131 2 -0.00558860833 -1.34521985
104 107 87 94 2 -0.000326608046 -3.49944091
119 125 70 105 1 -0.000144954713 -3.19061661
57 57 77 112 3 -0.00152194477 -5.459023
80 81 110 145 3 -0.00200455822 -3.30561709
73 77 44 55 1 -0.00688053388 -0.130704939
106 107 81 87 2 -0.00149520359 -3.6709609
140 141 89 124 3 -0.000560465851 -2.28754473
121 121 57 64 3 -0.00065966032 -2.95514369
74 78 44 59 1 -0.154695749 -3.4401567
96 100 54 89 2 -0.0979734883 -2.97506809
120 121 46 77 2 -0.00123926962 -3.1214726
17 19 40 45 2 -0.00306957029 -2.45110273
81 83 50 65 1 -0.00708406232 -3.46668553
25 25 97 102 2 -0.000135775612 -4.17004156
148 150 127 132 2 -0.00212367903 -1.46603441
70 70 43 54 2 -4.11268265e-05 -5.08076334
0 0 0 0 3 -0.000277743413 4.08535576
0 0 0 0 3 -0.00135050574 4.428895
0 0 0 0 3 -0.00531537412 6.01147223
0 0 0 0 3 -0.000843388028 4.57090139
0 0 0 0 2 -0.0397091955 3.65285945
0 0 0 0 3 -0.00570535613 4.49821186
0 0 0 0 2 -0.00327784382 5.53940535
0 0 0 0 4 -0.300776958 7.03241968
0 0 0 0 3 -0.0422241986 5.47686195
0 0 0 0 2 -0.765529335 7.74152327
0 0 0 0 3 -0.732812047 4.8230257
0 0 0 0 1 -0.0491471998 2.3936851
0 0 0 0 2 -0.00221654284 5.5472517
0 0 0 0 0 -0.0155102592 6.01246309
0 0 0 0 3 -0.570754051 6.43114138
0 0 0 0 3 -0.0129146241 2.53677773
0 0 0 0 2 -0.00530153001 5.90709162
51 0 51 55 2 -1.581918 0.338256657
111 114 127 135 2 -0.00105710444 -0.914749861
0 0 0 0 3 -0.474719912 4.76086855
40 48 59 64 0 -0.0283739585 0.618941009
67 20 24 59 2 -1.39994621 -3.41462278
101 105 39 74 1 -0.000238767345 -1.48176956
117 120 42 77 3 -0.0022903909 -0.985983133
84 92 51 55 1 -0.00011610573 -3.06877112
60 65 122 157 1 -0.00178191368 -3.40938306
99 102 118 129 2 -0.000108357461 -4.78230286
160 161 136 141 3 -0.00522492034 -3.48719573
121 124 135 140 0 -0.000374279654 -3.07126474
0 0 0 0 0 -0.446269929 5.3488307
67 71 88 123 2 -0.000637435238 -3.91266346
35 39 49 56 0 -6.24649838e-05 -2.72558331
71 79 45 56 0 -8.98812432e-05 -5.02663755
43 47 61 68 3 -0.00098523905 -3.49564576
73 73 53 68 3 -0.0154968267 -1.34102917
123 125 77 100 1 -0.00435309345 -3.64182687
56 56 69 100 3 -0.0128746033 -0.0996569991
81 89 50 57 0 -0.000718290335 -0.434508801
99 105 113 118 1 -0.00239796983 -3.92082787
47 51 89 96 3 -0.000313138356 -4.11727428
43 47 57 65 4 -0.00261552865 -3.99782062
51 56 78 113 1 -0.000980977667 -3.0015111
120 126 182 173 1 -1.55625725 -0.32172364
111 114 58 93 4 -0.00375118013 -1.88161373
95 99 56 67 4 -0.00088524248 -3.72857451
43 43 55 66 4 -0.194920138 -3.9261651
37 42 73 76 4 -0.0137364436 -4.52532768
0 0 0 0 1 -0.0671918467 5.89698935
103 107 143 178 1 -0.010283215 0.153233945
98 100 53 88 1 -0.0030860859 -1.87607121
71 78 92 127 0 -0.0353242233 -2.46148729
0 0 0 0 1 -0.402444363 7.80034971
0 0 0 0 3 -0.0620074011 6.84549713
190 192 73 104 2 -0.00598283578 -1.2089324
78 83 44 49 1 -0.00132331671 -1.71301723
136 142 46 81 1 -0.010807123 -3.18808699
94 100 84 88 0 -0.0105312467 -2.87806106
67 71 86 94 0 -0.000183220051 -0.589472532
44 47 51 59 2 -0.214793116 3.34223962
86 89 72 78 2 -0.000913330005 -2.09351301
55 61 205 208 2 -0.00196238537 -2.67623353
85 92 137 142 0 -0.00415034313 -2.42290878
129 133 139 174 3 -0.00513067329 -1.56706095
0 0 0 0 3 -0.483699501 2.19843364
181 183 109 118 2 -0.00277572731 -4.56575537
99 103 70 75 1 -0.000230186633 -2.12599945
0 0 107 0 1 -1.80009127 1.21594548
0 0 0 0 0 -0.55779773 4.96451139
102 105 64 71 2 -4.94713022e-05 -3.62316036
48 52 71 80 1 -0.0541642457 -0.266800761
70 75 55 61 1 -1.12056532e-05 -2.55804849
114 115 102 109 2 -0.00186482607 -2.38431191
83 90 66 68 2 -0.00068799546 -1.908391
0 0 0 0 3 -0.162865773 5.53765869
46 52 120 124 3 -0.000295486854 -3.53174138
61 65 104 139 3 -0.000156514958 -4.61554861
113 119 49 84 1 -0.00650385348 -3.83193016
0 0 0 0 2 -0.659891129 2.80408883
48 48 101 132 2 -0.00149339833 -0.380299807
53 60 70 78 0 -0.000468660583 -2.62711883
114 114 93 96 3 -0.00026045338 -3.75909305
131 134 54 89 3 -0.000200623297 -2.78680396
65 69 86 121 3 -0.000179282448 -3.16108179
61 61 30 32 2 -0.000266534247 -3.37083077
69 69 106 141 1 -0.343925714 0.756194532
0 0 0 0 4 -0.0156975817 3.38541508
67 72 43 54 3 -0.250017077 -0.371968329
0 0 0 0 2 -0.00386586785 1.9207983
92 95 108 119 4 -0.00113229558 -3.30493641
82 85 97 108 1 -0.00739073846 -0.434037626
133 133 54 89 4 -0.0917085931 -8.12898445
0 0 0 0 2 -0.851141512 2.25153589
43 43 55 62 4 -0.0015613446 -1.91489744
77 77 62 65 4 -3.80272031e-05 -3.9673152
115 115 65 100 3 -0.000902433123 -2.58630967
171 171 186 189 2 -0.176128998 -2.12291622
32 36 87 97 2 -0.000324108492 -4.26593733
144 144 113 128 3 -0.0134172458 -5.66549492
118 120 165 188 3 -0.0711421221 -1.25516438
67 73 43 45 0 -0.00353391189 -4.06190538
46 46 98 105 3 -0.000376083422 -2.88789749
131 135 74 109 3 -2.5272222e-05 -4.13783216
104 106 34 42 1 -0.00377386203 -2.34203863
27 31 84 115 1 -0.0201577209 -2.06666732
80 86 181 185 0 -0.0551783778 -4.74221182
146 152 69 74 1 -0.00374517706 -3.26140022
63 67 42 45 2 -0.000134942602 -2.31525922
0 0 0 0 2 -0.832633197 0.341184497
45 48 55 90 1 -0.00449506799 -1.41062403
0 0 0 0 2 -0.41435653 7.24590015
0 0 0 0 2 -0.298689902 6.72119474
49 52 112 147 2 -0.000558052561 -3.57443571
85 89 101 105 3 -0.000355551019 -2.64223623
81 86 92 99 3 -0.0102872439 -1.0707829
0 0 0 0 2 -0.00184813642 4.43108416
104 112 58 81 0 -0.00843140483 -1.54929614
50 56 111 146 3 -0.457740247 0.831940591
115 119 93 100 4 -0.00215543015 -3.31155467
0 0 0 0 2 -0.00242948229 6.53371763
0 0 0 0 1 -0.0405215435 5.60272455
124 130 56 60 2 -0.000326024659 -2.73058724
98 100 60 61 2 -0.00630530808 -1.15534699
101 104 76 83 2 -0.000979770673 -1.43387651
55 59 115 150 3 -0.00180791086 -4.35094404
73 74 90 97 3 -0.00131455599 -4.44065142
34 34 167 202 2 -0.398995936 -1.40548992
0 0 0 0 3 -0.625315905 4.6945529
105 105 38 44 4 -0.427824885 -0.301040381
98 102 49 84 1 -0.0711943209 -0.305786908
85 86 71 76 3 -0.000256276398 -3.00058889
25 30 35 39 4 -0.0587924421 -0.223068014
101 105 118 149 3 -0.00612303894 -2.99106479
113 117 23 38 2 -0.00142301759 -2.96370792
92 97 112 118 1 -0.00231982954 -3.32677269
0 0 0 0 2 -0.0763034746 6.54305649
121 125 134 139 4 -0.00148694846 -4.52899933
106 106 66 101 0 -0.617991686 -3.76990056
126 130 78 113 3 -0.000534716179 -3.36531806
0 0 0 0 0 -0.160946861 5.06891727
55 56 35 40 2 -0.00143788499 -5.48300743
0 0 0 0 1 -0.0192506947 6.87636757
67 69 140 147 3 -0.280980021 -1.07634699
27 30 35 45 2 -0.0292879753 -2.8024385
152 152 165 200 2 -0.000538279419 -4.45215988
0 0 0 0 2 -0.199004471 6.80611038
112 115 70 93 3 -0.000113365051 -4.67179966
51 56 174 209 1 -0.247463495 0.161157608
123 128 107 111 1 -0.011041848 -0.395556003
106 107 43 51 4 -0.00112948846 -3.24637055
59 63 85 120 2 -0.00441925321 -4.7017169
0 0 60 71 2 -1.39104223 0.361497343
203 203 89 124 3 -0.567675292 -0.179213375
82 87 59 66 0 -0.000857920153 -1.5895164
55 62 119 126 0 -0.00591591187 -2.40814352
89 97 112 147 2 -6.54443502e-05 -3.85003972
0 0 0 0 2 -0.533763945 4.8994441
65 69 83 106 1 -0.00467816181 -1.53129482
156 160 77 112 4 -0.00167883153 -0.923518717
88 93 67 69 1 -0.0078748744 -3.74215698
68 76 138 173 4 -0.000171895575 -3.27771759
50 54 42 44 1 -0.114242099 -1.63966703
130 133 145 149 2 -0.0012106275 -4.90087938
110 110 119 124 4 -0.000835545768 -2.26221824
117 119 138 142 1 -0.100271448 -0.740016818
61 67 86 91 0 -0.00236253673 -1.25889206
116 118 51 62 2 -2.44378225e-05 -3.93574071
152 156 96 119 2 -0.000365453045 -2.38336539
79 86 95 130 2 -0.00510978792 -0.97858429
115 118 100 103 3 -0.204007581 -3.46887016
46 50 107 115 2 -0.000248184166 -4.17317343
53 59 72 76 0 -0.00834989455 1.37818027
22 25 52 59 4 -0.284539312 -2.0382092
102 108 123 146 2 -0.233557314 1.71889997
48 52 61 66 2 -1.95502162e-05 -5.48910904
108 108 66 73 4 -0.00464092102 -1.3232646
95 0 0 68 3 -1.8881526 0.710490525
53 56 120 125 2 -0.00160569977 -4.76002836
0 0 0 0 2 -0.0121110482 6.19077635
0 0 0 0 2 -0.000644251995 2.69372392
0 0 0 0 2 -0.597663701 6.80430937
47 47 22 27 2 -0.000129101303 -3.45434427
143 148 92 127 3 -0.0241268165 -3.44744897
70 140 211 218 2 -0.695790052 -0.214039996
0 0 0 0 3 -0.280739903 7.43534517
82 90 27 31 0 -0.00184317026 -1.10511208
49 52 62 85 0 -0.0644557923 -4.40896606
146 150 163 171 4 -0.0222718827 0.302639604
158 160 56 87 1 -0.0789167807 -0.34379226
44 50 54 58 2 -0.0208853669 -3.23863244
44 51 60 63 0 -4.7325706e-05 -3.85219765
182 182 58 61 2 -0.000254380633 -3.33725715
26 33 65 100 2 -0.00433227746 -3.38297415
67 73 38 53 2 -0.000165339821 -5.4182744
50 58 78 83 0 -0.0947448313 -1.97860241
57 58 66 75 2 -0.000125166785 -5.90886307
8 12 18 53 4 -0.035978362 -2.82848287
152 153 77 112 3 -0.00364645733 -2.05590415
200 200 51 86 2 -0.00183121371 -2.79279041
0 0 0 0 3 -0.477053702 5.20219517
134 139 166 170 2 -0.0619702078 -4.15642834
105 110 179 185 1 -0.0239860993 -3.29052043
123 123 102 106 3 -0.000862218207 -3.2847383
129 129 78 113 2 -0.019653758 -1.90058398
131 133 63 98 2 -0.000319700106 -3.00091434
36 36 149 156 2 -0.000163309494 -5.4540534
33 39 47 82 2 -0.00319983298 -1.81500363
0 0 0 0 2 -0.000225641605 2.24252772
54 58 119 127 4 -0.000324346678 -3.23536205
111 112 123 158 2 -0.0165107399 -2.77758574
136 142 82 121 3 -0.00169103523 -1.53003931
0 0 0 0 1 -0.00129521708 5.11868477
143 143 99 130 3 -0.00448543858 -1.4715209
0 0 0 0 2 -0.0743333623 4.26379442
33 40 86 94 2 -0.0132162794 -3.76845598
11 0 27 32 3 -0.773146749 2.76994729
143 150 61 66 3 -0.0070871925 -6.00606346
0 0 0 0 3 -0.197610229 3.35509777
222 226 113 119 2 -0.230481833 -2.27606106
88 88 154 159 3 -0.00124860462 -3.34703374
108 115 64 72 0 -0.00151910051 -3.04239607
0 0 0 0 4 -0.303767413 4.49335146
57 57 70 81 3 -0.00092930533 -2.76967955
53 57 74 81 4 -0.189866677 -4.94878531
100 104 162 177 3 -0.326232642 -3.44383478
142 145 90 125 1 -0.000477165799 -5.36314535
0 0 0 0 1 -0.00106310239 7.11720037
168 170 102 125 3 -0.0713665932 -3.28394914
71 74 24 59 0 -0.00750243571 -4.47465754
123 123 144 152 4 -0.000140304881 -3.69696403
114 119 94 99 2 -0.000591717369 -3.33785534
80 85 105 140 1 -0.00207173242 -1.53763938
43 46 62 64 4 -0.000219212132 -2.92620206
58 62 42 46 4 -6.97366413e-05 -3.63629031
0 0 0 0 2 -0.754090071 8.22974396
0 0 0 0 3 -0.00186567567 4.32937193
0 0 0 0 2 -0.555406332 7.14020967
30 33 53 88 1 -0.0229387376 -0.470590323
120 124 34 65 2 -0.00957520306 -3.36437583
36 37 49 57 2 -0.000427091902 -2.92082596
67 69 43 50 2 -0.000310146395 -3.804111
18 20 36 38 2 -0.00405946188 -2.45019007
38 38 56 91 2 -0.000192636566 -3.61626649
45 50 87 94 1 -0.408337057 -0.207590356
63 64 0 0 1 -0.565317631 0.403108001
101 101 70 74 2 -0.00165818003 -5.66074753
136 137 97 112 2 -0.796784997 -0.338794202
60 61 76 111 3 -0.00070132938 -3.20028996
53 57 87 90 0 -0.0040529673 -4.32635403
59 64 81 86 2 -0.0120809823 -4.23451614
0 0 0 0 3 -0.283281356 7.52097559
75 83 131 136 1 -0.0118275546 -4.15870571
53 53 67 75 4 -0.000340288389 -5.25116253
46 46 107 112 2 -0.00688014179 -3.88178611
78 81 115 123 2 -0.0143907731 -0.170437336
0 0 0 0 2 -0.400122106 7.09097242
176 178 155 159 2 -0.0234727822 -5.90643501
141 141 163 169 2 -0.00321955211 -1.92150187
79 82 38 73 2 -0.00173637364 -1.3901006
50 52 72 79 1 -0.0575042851 0.931739867
0 0 0 0 1 -0.741192698 7.49400425
107 111 49 84 4 -0.000174994086 -3.37137485
0 0 0 0 2 -0.754464567 7.47608662
107 111 56 63 2 -0.0884358808 -4.02774334
0 0 0 0 0 -0.00471206568 4.55476761
0 0 0 0 2 -0.536505163 7.64684916
64 71 89 124 1 -0.00658765435 -0.530371904
54 58 75 82 2 -0.000120397024 -3.98667216
77 78 102 107 2 -0.00161282846 -1.69118667
56 60 156 160 2 -0.733253658 2.6660347
33 35 95 99 2 -0.000373547315 -2.77044344
0 0 0 0 2 -0.691616714 7.28820515
101 107 73 79 0 -0.0016314846 -4.02801561
32 36 68 76 4 -0.594040871 -0.906848252
221 222 124 147 2 -0.0611853935 -5.23760843
28 31 44 79 2 -1.94310087e-05 -4.66258192
117 120 74 78 2 -0.00368444086 -1.66532016
0 0 0 0 2 -0.595002413 7.41506243
36 43 82 117 0 -0.0174764935 -4.58903599
53 57 70 75 3 -0.000416236609 -2.58279324
48 50 62 66 3 -0.000106332169 -2.57426453
54 57 178 182 2 -0.00352751906 -3.17161345
55 58 108 112 3 -0.000419652817 -2.53684282
41 44 65 69 2 -0.0297094863 -4.70863247
108 112 47 51 1 -0.00070056488 -2.81509948
91 94 82 86 3 -0.000109193657 -2.84558916
61 62 49 51 2 -0.119922042 0.14450556
0 0 0 0 2 -0.000167124017 0.981650293
47 49 30 32 2 -0.17739974 -1.52721572
129 129 49 52 4 -0.000142571298 -2.15032005
144 145 53 60 3 -0.641985953 -1.23068261
116 119 34 69 0 -0.0616304912 -1.85877037
150 154 68 103 1 -0.00131974672 -3.79637909
205 206 179 183 2 -0.0203451496 -4.17590523
0 0 0 0 2 -0.000504814496 4.00940228
39 42 59 94 1 -0.0922802165 -6.62555838
23 25 37 48 1 -0.000622683903 -3.46236205
58 61 128 163 4 -0.00299672503 -2.98249078
118 118 59 94 2 -0.167427316 0.790844262
0 0 0 0 3 -0.64641583 7.13037205
74 75 42 54 2 -0.00171988877 -2.42710471
41 41 52 56 3 -0.000978302211 -1.21045136
26 30 49 53 1 -0.00968625024 -2.51806784
107 111 117 124 0 -0.000644242566 -2.15292025
169 173 130 134 2 -0.0367551297 -5.80116987
99 101 55 62 1 -0.0092215566 -4.50607872
75 83 92 100 0 -0.001260611 -4.26913595
0 0 0 0 4 -0.887583911 5.44492435
75 79 87 90 0 -0.00240290235 -0.772477806
56 62 192 200 0 -0.0412363261 -3.34757042
0 0 0 0 2 -0.618482828 3.5198009
68 72 0 0 2 -0.358273476 1.75657511
94 94 101 108 3 -0.226232082 0.146757662
148 148 43 50 3 -0.000756213209 -2.21622682
45 48 63 69 1 -0.00204314338 -3.30225563
146 146 54 57 3 -0.0145292412 -3.3851316
50 54 73 79 0 -0.0127985496 -2.08984685
0 0 0 0 3 -0.0102473395 3.318084
61 62 0 0 2 -0.936096847 2.3555758
0 0 0 0 2 -0.00192476681 5.45738554
64 64 122 157 3 -0.00124274183 -5.68054008
47 51 147 151 1 -0.00828488637 -3.23473477
163 165 130 137 2 -0.00527038891 -0.965458751
99 103 80 87 2 -0.000133987065 -3.25584245
102 105 70 93 2 -0.0014642413 -2.40546489
175 178 193 152 2 -0.0703190863 -3.09340239
0 0 0 0 3 -0.122562088 6.41317463
76 81 94 99 0 -0.00594828511 -3.64948392
105 112 121 136 0 -0.00329902465 -0.74857533
0 0 0 0 2 -0.00073338364 5.18479538
51 53 62 69 1 -0.0347699299 -2.62806201
49 53 68 69 0 -0.00205564243 -1.9713223
96 96 110 118 2 -0.00115565478 -1.78296208
161 161 44 79 2 -0.00167382159 -1.2969532
31 39 55 60 0 -0.00172472233 -3.3323915
121 125 140 175 2 -0.000514272775 -3.59000897
230 231 133 144 3 -1.34969282 -2.28928351
50 56 81 116 2 -0.00562520325 -1.92493081
49 50 86 117 3 -0.00511572789 -3.34154987
166 168 79 81 2 -0.0336037725 -0.280756742
80 80 66 71 3 -0.0391480438 -0.29342562
49 52 34 37 2 -0.000162597484 -1.87279773
33 41 56 91 3 -0.00361005077 -4.20599461
63 67 82 105 3 -0.000113008471 -4.36994457
41 50 88 90 1 -0.00211497257 -1.4649291
121 122 67 102 3 -0.580076635 -4.41000319
36 41 110 145 4 -0.000854156446 -4.42405081
132 135 46 57 2 -0.317894906 -4.81947899
0 0 0 0 3 -0.0178408772 7.37551022
167 174 132 147 3 -0.0823693499 -3.17137647
113 120 30 65 1 -0.00091986428 -4.42930651
0 0 0 0 3 -0.456567824 1.93959069
129 133 72 87 3 -8.95249977e-05 -4.03887463
135 135 49 84 3 -0.0184096359 -2.50574565
139 141 64 72 2 -0.000216826855 -3.70003533
115 118 50 57 1 -0.000188580336 -2.56299043
179 181 203 209 2 -0.00295862299 -4.55981684
131 133 63 78 1 -0.000139470372 -2.51842737
0 0 0 0 4 -0.0180704892 7.45524168
68 80 94 101 0 -0.000974829542 -3.39957547
88 94 111 117 1 -0.0464048684 -0.387346148
153 157 39 74 3 -0.00135204312 -1.78141832
0 132 149 153 2 -0.922916234 -1.39500439
216 223 136 171 0 -0.117313363 -3.51964951
48 53 63 98 2 -0.0224463604 -0.436687917
0 0 0 0 3 -0.610980511 5.15799475
238 238 192 223 3 -0.625062227 -0.173046529
107 108 59 63 4 -0.00202480843 -5.50135851
46 52 89 112 3 -0.101256154 -1.97622395
0 0 167 178 2 -0.0403718054 0.81237191
0 0 0 0 2 -0.331083953 2.47562814
105 106 122 157 2 -0.010856132 -3.34478354
140 150 119 126 0 -0.007785514 -1.25566375
72 76 85 89 2 -0.00186384295 -2.79642606
0 0 0 0 2 -0.000937430072 5.70050335
134 138 111 119 3 -2.15767886e-05 -4.35710478
63 66 41 46 3 -0.436006337 -0.00774022937
153 154 87 96 3 -0.0765234157 -4.72274542
124 125 80 159 3 -1.68497276 -5.21144199
109 113 149 184 3 -0.0297434442 -1.29402304
41 45 50 55 4 -0.271834165 -0.862612009
30 45 42 45 4 -0.788166404 -1.77453923
0 0 0 0 1 -0.321946502 2.77760506
0 0 0 0 1 -0.534602821 3.41333199
125 135 156 191 0 -5.40013716e-05 -2.94298816
33 37 120 122 2 -0.0130130611 -4.61442518
157 160 106 137 2 -0.00941495225 -0.801635504
25 29 87 94 1 -0.000397167692 -4.53460407
95 102 114 121 0 -0.000369287387 -3.96462393
97 103 55 63 0 -0.000437813986 -3.96764398
102 103 43 52 2 -0.0303541776 -4.60442448
0 0 0 0 2 -0.0057134456 6.97213507
89 39 51 74 3 -0.97597748 -3.89752722
92 93 65 76 1 -0.0303389877 -6.06941271
94 101 111 122 2 -0.0530106612 0.870511234
79 83 35 37 3 -0.0837664977 0.280795395
107 110 77 92 1 -0.0788953006 -2.53583145
111 112 63 98 3 -0.00049061561 -3.85111141
171 173 153 158 2 -0.00105119229 -3.08627295
187 187 0 0 3 -1.50862765 1.47302914
90 94 109 113 4 -3.48087888e-05 -3.61725736
54 62 75 110 1 -0.00121480483 -4.42429113
52 56 67 90 2 -0.0915932581 -3.07962179
53 58 76 111 2 -0.000709304411 -5.95907784
75 77 60 64 1 -0.000842546287 -1.18476248
65 69 40 42 1 -0.0351014361 -2.01127768
60 60 148 155 2 -0.000751463231 -2.26486588
98 102 50 55 3 -0.00315042981 -0.467833281
46 50 67 82 2 -0.0105958628 -0.317907542
64 66 46 50 1 -0.0507362746 -0.643599153
76 77 97 132 2 -0.00211655768 -3.78274584
95 95 48 83 3 -0.000781378709 -2.92715478
150 153 82 117 2 -0.000958134944 -3.54176736
147 147 162 197 4 -0.35394907 -0.958523154
112 113 41 64 3 -0.00545296632 -1.77264357
59 63 92 127 3 -0.00613341574 -2.99965739
0 0 0 0 2 -0.0367522538 2.34216809
86 89 126 134 2 -0.0350586511 -3.42077971
99 105 80 87 2 -0.000790580816 -5.0348444
116 119 46 48 4 -0.270437926 -2.25976682
22 27 73 108 3 -0.00140278798 -2.02452207
53 60 114 149 0 -0.000800637063 -3.07096791
55 58 69 104 3 -0.000110264569 -5.94081497
154 162 98 133 3 -0.0152190551 -0.389593005
85 88 67 78 2 -0.00213668891 -5.62181997
19 23 28 63 4 -0.252333403 -3.29373503
141 148 121 129 2 -0.00102838525 -2.639359
64 68 120 155 4 -0.00219575618 -3.22324586
41 41 56 91 3 -0.00097564864 -3.86404181
39 39 49 64 4 -0.0816565156 -2.80969071
0 0 0 0 2 -0.454948276 6.91258955
140 140 116 123 2 -0.003943366 -4.83412123
88 88 98 102 2 -0.000346381596 -3.97732878
175 176 112 127 2 -0.00373590109 -5.10350084
113 116 63 98 2 -9.02391403e-05 -3.67613029
69 70 23 58 2 -0.00441035675 -2.60210824
85 89 39 74 1 -0.00135288376 -3.63311982
87 88 27 34 1 -0.481223136 1.28709626
57 57 80 87 3 -0.00124428875 -1.62004447
54 61 77 81 0 -0.0140567943 -2.64800549
69 74 88 92 0 -0.0972816572 -1.05119967
40 41 79 82 2 -0.00524284597 -2.58780193
91 99 120 125 0 -0.000238163426 -2.9611671
51 52 62 97 3 -0.0144400857 -2.09468317
40 42 88 123 4 -0.00109358667 -3.72061682
129 136 85 116 3 -0.00108526228 -5.25277615
58 62 86 117 4 -0.0131099755 -1.06773496
146 150 119 128 4 -0.0162983499 -3.77159882
90 90 119 121 3 -0.00829889346 -1.13152432
92 92 106 141 4 -0.000573463971 -4.88798285
95 99 43 50 4 -0.00659329025 -1.06363416
137 141 153 156 1 -0.169073582 -3.44514489
0 0 0 0 2 -0.00147385511 6.37562227
0 0 0 0 2 -0.00635961443 6.24159145
105 111 44 53 2 -0.00292489724 -5.63924694
106 109 92 95 1 -0.000750563631 -4.12874889
80 88 104 108 3 -0.0030225357 -1.00622964
111 114 68 70 2 -0.0655057132 0.834169328
90 94 106 141 0 -0.0121810623 -2.1226337
111 111 0 0 3 -2.21323252 1.21334291
0 0 0 0 3 -0.00368891493 6.26076603
108 109 51 58 3 -0.00655530067 -2.55063009
83 88 108 114 4 -0.000545190764 -2.54650331
0 0 0 0 2 -0.0175160114 6.59769773
26 34 38 45 2 -0.0245290585 0.293393075
0 0 0 0 2 -0.0156696904 4.5627923
36 36 100 135 3 -0.000214440792 -2.72437787
80 84 98 133 4 -0.00390244974 -3.64609623
69 69 31 35 3 -0.0233640298 -1.55176783
86 91 36 71 1 -5.36437656e-05 -4.63527107
147 147 43 78 3 -0.00234693149 -2.9531486
0 0 0 0 2 -0.450760007 7.52474022
45 49 62 97 3 -0.000123379446 -3.45486259
50 56 90 94 0 -0.00026201029 -2.61439562
86 90 28 31 2 -0.000811436505 -4.18581057
210 212 89 124 3 -1.28038132 1.73602223
0 0 0 0 3 -0.0437674858 3.89920354
0 0 0 0 2 -0.59392786 2.46787429
109 111 54 69 1 -0.00104338338 -1.82510066
171 175 191 222 2 -0.736865044 0.208141506
0 0 0 0 2 -0.00334124523 0.285620868
195 198 96 131 4 -0.00587290805 -3.04298019
45 49 63 78 1 -4.8517737e-05 -3.80302596
101 106 38 45 2 -0.000211701627 -4.53672266
116 119 48 83 3 -0.000890958298 -3.14104867
145 149 119 127 0 -0.185188353 -2.08920121
162 166 85 93 3 -0.00604574289 -5.67554522
83 86 95 110 2 -0.00720568327 -1.65488982
108 113 122 131 2 -0.518420577 -2.64438748
197 202 124 159 4 -0.0220679305 -3.4925127
95 95 85 87 3 -0.00136593811 -1.64520383
60 60 94 129 3 -0.0475429296 -0.272494256
101 103 47 50 2 -0.00410221098 -2.33605766
117 126 134 165 0 -0.00543056056 -1.8816855
98 103 116 147 2 -0.00992758106 -2.1515696
158 158 110 116 3 -0.000517445384 -2.82273078
0 0 0 0 3 -0.00962274149 4.68081236
51 51 61 96 3 -0.00632859394 -3.0785079
0 0 0 0 2 -0.342486918 7.47707748
24 27 87 110 2 -0.0240126215 0.0613813996
114 119 93 100 1 -0.000415029324 -3.36024642
36 36 49 60 3 -0.0692702234 -2.27070427
56 59 41 46 1 -0.000554016558 -3.23465657
144 147 102 125 2 -0.404840529 -3.44357061
153 154 97 108 3 -0.0137399705 -5.36611748
0 0 0 0 1 -0.257767707 2.62602282
119 120 48 53 3 -0.00649046851 -3.19379473
0 0 0 0 1 -0.752830505 6.97041225
48 52 65 100 3 -0.0155573245 -1.40170562
89 90 109 124 2 -0.000897862948 -3.11773491
60 67 80 88 0 -2.1219168e-05 -2.33216763
132 134 175 181 1 -0.659967303 2.12315249
0 0 0 0 1 -0.0925222114 3.16339397
63 67 97 103 3 -0.00110475556 -0.410939723
149 154 75 110 3 -0.0143086668 -3.62560129
75 80 100 144 3 -0.211693704 -0.310324222
107 111 75 90 2 -0.00149782468 -2.50818753
0 0 0 0 2 -0.715744615 7.336761
48 54 79 110 1 -0.0298119858 -4.37026596
45 45 144 146 2 -0.00124198978 -3.50856495
114 117 147 154 2 -1.19515157 1.69991732
101 110 41 76 0 -0.0526178889 -2.08641195
117 119 79 85 2 -0.00876186043 -1.47101116
214 218 47 82 2 -0.0184252802 -0.485469878
97 100 49 72 4 -0.0328116193 -5.46302795
52 59 103 108 0 -0.000627993839 -3.90275955
56 61 74 80 2 -0.000271663972 -1.51294446
49 53 63 98 3 -0.000434483867 -1.86701608
43 43 56 91 3 -0.0383556001 -4.28591967
140 140 91 126 3 -0.000559312641 -3.92219281
85 86 65 73 2 -0.000221360053 -3.96300387
0 0 0 0 0 -0.00124924502 5.5685358
79 83 133 144 1 -0.0262056794 -0.156534046
117 118 46 50 2 -0.00760989822 -3.69771147
22 26 33 68 2 -0.00685180025 -3.57275462
73 74 82 89 2 -0.0236179754 -4.02902889
0 0 0 0 1 -0.107517034 2.58696628
82 85 114 149 2 -4.19614043e-05 -4.38974285
99 99 172 207 4 -0.000702778576 -2.26212597
0 0 0 0 2 -0.00141415477 4.8552351
131 132 65 73 2 -0.168116331 -1.3163166
0 0 0 0 3 -0.00731603336 5.14352894
103 103 62 68 3 -7.45046054e-05 -3.37930107
63 68 80 103 3 -0.00309487851 -2.51387072
0 0 0 0 1 -0.880189776 5.85096359
34 41 61 68 1 -0.000538838038 -2.28317118
60 61 75 83 1 -0.000674063398 -3.9120717
45 50 77 112 3 -0.000986585394 -4.37208509
163 166 49 93 2 -0.151289567 -0.331207037
0 0 0 0 3 -0.315664917 6.77962494
36 40 45 60 3 -0.0919405371 -1.72522092
68 69 39 54 3 -0.000186676494 -5.06909752
26 30 74 78 3 -0.414835066 -2.8617959
97 102 153 160 2 -0.473263681 -0.397695065
163 168 101 136 3 -0.015593701 -3.9882381
0 0 0 0 2 -0.00707277842 4.59602451
0 0 0 0 3 -0.340718687 3.14145947
67 71 106 141 3 -5.97229009e-05 -3.75623631
158 160 135 139 1 -0.377215385 -1.90360856
0 0 0 0 2 -0.00432902668 4.97290134
0 0 0 0 0 -0.596770465 6.42556715
0 0 0 0 2 -1.62089884 1.64530015
73 73 127 132 3 -0.276608765 -0.0142126977
0 0 0 0 3 -0.00295650796 3.94794297
55 59 70 81 2 -0.00107991882 -1.16305017
41 44 48 58 0 -0.00143717392 -3.63578033
107 111 95 98 3 -0.00654707942 -3.0029223
186 187 96 102 1 -0.0248289909 -2.6139915
0 0 0 0 4 -0.000279648346 3.08448577
41 44 58 65 3 -0.00416385988 -2.43036723
38 44 123 130 1 -0.000653502531 -2.82548809
70 71 89 124 2 -0.237881094 -2.24905682
141 150 71 79 1 -0.00730271777 -4.40530109
70 73 56 59 0 -0.218627363 -2.63037372
60 62 75 80 2 -0.00131637114 -1.80722332
90 90 0 48 3 -1.10102439 0.299009264
116 120 49 56 3 -8.63052701e-05 -5.08050156
86 90 44 51 2 -0.0521367043 -1.88033962
85 89 102 105 3 -0.795593441 1.0416255
66 69 90 113 2 -0.00959925354 -4.76918936
82 86 127 162 1 -0.00304055819 -1.11706996
137 140 103 109 0 -0.0327091031 -4.51769209
44 52 139 147 0 -0.00211148011 -3.10636187
88 92 0 0 1 -1.47614932 0.545283735
47 47 171 182 3 -0.0168657023 -4.52596903
0 0 0 0 2 -0.0180702601 6.82122087
52 58 44 46 1 -0.0034935947 -2.4608779
0 0 0 0 2 -0.184255958 4.15757322
0 0 0 0 2 -0.00790903158 5.21401596
93 96 75 79 1 -0.000139591182 -1.84802175
214 217 168 203 0 -0.111621574 -2.84123826
216 243 57 92 1 -1.31498539 -0.746658981
0 0 0 0 1 -0.886765778 7.41612864
53 60 105 140 1 -0.000795588072 -1.89036965
89 94 108 111 0 -0.00136510236 -3.38921547
0 0 0 0 2 -0.0118321683 4.36904287
41 49 60 72 2 -0.0221002176 -0.712471485
103 107 80 88 1 -0.000183813725 -1.58395076
52 0 64 66 1 -0.559955716 3.71800113
132 138 44 51 1 -0.000673267292 -2.11788583
0 0 0 0 3 -0.503406644 3.86992431
41 0 0 0 0 -1.34595573 1.66754746
0 0 0 0 3 -0.836403966 7.01525164
65 69 84 119 3 -2.98020932e-05 -4.9440999
120 122 139 174 2 -0.00508451927 -2.15367937
47 51 68 76 1 -0.00742113683 -2.7245419
151 155 98 133 2 -0.0536276996 0.905436456
82 86 101 136 4 -0.00259659463 -3.77001238
0 0 0 0 2 -0.00548092648 5.19781017
115 121 149 157 1 -0.0287755467 -5.10927153
135 138 118 125 1 -0.0130621418 -0.47574982
79 81 64 70 2 -0.0791612193 -1.16101313
101 104 51 56 3 -0.00936533697 -3.35153985
17 24 29 32 1 -0.0621002726 -0.117735893
0 0 0 0 2 -0.000190488165 3.54834962
79 82 93 97 2 -0.203996778 -5.24931526
71 72 90 95 2 -0.000284420385 -2.78569031
111 116 67 72 2 -0.00424048118 -3.24418974
110 118 90 101 0 -0.0280837454 -1.41031396
86 90 42 46 1 -0.0262740366 0.0692283511
128 132 144 148 2 -0.0881672576 -0.771458745
150 151 108 113 2 -0.0921432674 0.0593237579
80 83 94 129 4 -0.00388166192 -6.94604635
91 92 109 115 2 -0.000967723143 -4.73190308
101 104 27 62 2 -0.00144904875 -2.18272066
57 58 89 94 1 -0.0495872609 0.394985437
57 57 19 22 3 -0.0317897685 -0.97336328
0 0 0 0 1 -0.236470923 7.29361486
98 100 44 79 1 -0.0711288527 -3.03494811
0 0 0 0 2 -0.0434908383 3.46243811
111 119 151 159 3 -0.000451765809 -1.81324768
137 144 154 160 0 -0.00565634063 -3.69823694
114 118 136 145 3 -0.0155243091 -5.39544916
121 125 38 42 4 -0.850670934 -0.74905026
125 127 111 118 2 -0.00095654279 -2.93025374
54 56 115 124 2 -0.000308024115 -2.77832222
27 31 59 94 3 -0.000286313996 -5.56690741
98 106 125 128 0 -0.012365099 0.413682759
140 143 121 128 2 -0.000145311569 -3.27335835
26 32 40 75 2 -0.281506866 -0.808514714
107 112 128 136 4 -0.000607280352 -1.27600336
120 125 67 102 2 -0.000158543291 -5.66034317
0 0 0 0 2 -0.0112072919 5.86607981
0 0 0 0 3 -0.0443716161 2.44247079
64 64 44 49 3 -0.00081747846 -3.83912444
71 73 102 137 1 -0.118893355 -2.66510963
110 112 126 157 2 -0.000758027076 -3.28018522
194 198 110 141 4 -0.00222387887 -2.58469725
127 130 50 85 4 -0.000211828694 -4.11785936
109 112 78 85 2 -6.9974194e-05 -4.7844286
0 0 0 0 3 -1.41378915 2.30526447
117 120 86 93 3 -0.000471880747 -2.36710453
88 92 63 74 3 -0.000422441284 -3.04626155
116 121 55 90 4 -0.000391419802 -3.15618062
0 0 0 0 1 -0.335814774 2.83256269
81 88 124 126 0 -0.00586668821 -0.505564988
55 56 34 45 2 -0.000207654855 -5.82887745
107 111 44 49 2 -0.000547105854 -3.90435362
162 166 35 42 1 -0.0133000091 -2.45804095
30 35 94 99 1 -0.000285365299 -3.13121486
96 96 128 133 3 -0.00100778323 -1.70517015
0 0 0 0 2 -0.947078466 3.69997048
89 94 42 65 2 -4.66104539e-05 -3.92874837
166 170 121 126 0 -0.031346228 -3.131073
113 116 62 68 1 -0.000375249598 -4.11458492
134 134 119 123 1 -0.000374886557 0.122988045
0 0 0 0 2 -6.97363721e-05 5.2735486
69 74 30 34 1 -0.000308725983 -3.09565878
76 76 91 126 3 -0.0552067757 0.116422474
102 102 113 118 2 -6.32993033e-05 -2.4018414
0 0 0 0 1 -0.00226854393 6.4000392
45 48 109 144 3 -0.1064092 0.162094235
72 72 108 115 3 -0.124469146 -0.209562704
119 123 92 100 3 -0.000122782774 -3.08168268
57 61 145 152 3 -0.0568130575 -3.54292464
0 0 0 0 3 -0.966902733 7.61612654
93 94 104 139 2 -0.000601216219 -3.07276082
36 37 43 78 1 -0.450716138 -3.12865782
0 0 0 0 2 -0.0327296928 4.90470648
56 60 91 98 2 -6.3657164e-05 -4.81690788
45 49 80 86 0 -4.30342698e-05 -5.13338661
198 198 219 224 4 -0.12523596 -3.04796791
50 53 70 81 1 -0.00101265393 -4.823246
174 175 125 131 2 -0.0067537846 -0.714376211
44 48 0 0 3 -2.09403658 2.06701899
71 75 132 138 2 -0.00211773394 -6.76337862
55 58 69 104 1 -0.00533437496 -2.48064709
138 141 121 127 4 -0.00363026652 -3.5607028
128 132 41 44 2 -0.000326616748 -4.38508797
142 144 115 121 2 -0.000583910674 -2.31237411
30 33 104 112 2 -0.00352591905 -2.31163359
56 0 0 0 0 -1.03917122 2.84608746
106 111 34 69 1 -0.000374615571 -3.73481321
0 0 0 0 4 -0.203460008 2.22766972
0 0 0 0 2 -0.0305604842 3.02163863
37 38 55 78 2 -0.00410263892 -1.95591331
98 102 143 147 4 -0.000557243708 -2.77811408
86 91 107 142 0 -0.000353537587 -3.23318553
67 73 88 91 0 -0.00313249556 -4.90167522
48 52 160 167 3 -0.00226530666 -4.22881174
60 67 170 177 0 -0.00547968224 -1.73564219
71 75 84 91 1 -0.0120980013 -0.598970711
69 74 176 185 2 -7.58161914e-05 -3.49197721
0 0 0 0 1 -0.205030322 2.33903146
128 131 39 74 1 -2.83716727e-05 -4.88938856
150 155 44 59 4 -0.00109831081 -4.95947552
110 117 131 135 0 -0.113194056 -3.37343836
0 0 0 0 3 -0.57090342 5.0427947
60 60 121 136 3 -0.000934020907 -4.82778502
109 112 130 165 1 -0.00138089363 -2.26934743
97 0 27 0 3 -1.37092352 0.978680074
56 57 25 40 3 -0.00496405829 -5.64633465
74 79 114 121 1 -0.00309544802 -1.24715972
105 110 130 138 3 -0.000267838943 -6.40193129
68 74 85 92 3 -0.00180126366 -1.87122369
124 127 51 55 2 -0.00054360216 -5.57929897
110 113 49 54 1 -0.000144835678 -1.46840715
129 133 145 180 3 -9.41738253e-05 -3.85276794
0 0 0 0 2 -0.787685394 2.99955297
135 140 34 69 2 -6.46105836e-05 -3.87529492
83 83 122 145 2 -4.99474991e-05 -5.01942587
88 90 98 104 1 -0.000140185264 -5.70425558
0 0 0 0 4 -0.426169515 7.47682285
46 48 62 97 2 -0.00365589093 -3.07778287
118 125 45 49 1 -0.000610058312 -3.16761541
55 56 70 76 2 -0.00607614685 -4.2475729
0 0 0 0 2 -0.00220379583 5.80019665
45 45 175 210 2 -0.00239897147 -5.17455101
127 127 46 52 2 -0.000571776531 -1.74476624
0 0 0 0 1 -0.871733427 7.27188921
123 123 98 100 2 -0.000223146286 -4.65549326
102 104 57 92 2 -0.1584194 -1.47541809
53 54 134 139 2 -0.000114677227 -2.59817863
26 30 79 114 4 -2.43185896e-05 -4.19050884
65 68 102 125 0 -0.00381919486 -3.19936824
102 102 84 91 2 -0.00179231691 -3.06931925
119 120 40 55 3 -0.00460128393 -2.86624265
97 102 69 80 1 -0.00180569175 -1.33626115
0 0 0 0 2 -0.121978171 5.81223249
44 45 59 61 1 -0.000403717917 -4.06937838
53 57 128 132 4 -3.89809975e-05 -3.22677445
96 100 72 79 2 -0.0432362407 -0.638560653
0 0 0 0 2 -0.00303440774 2.58877516
85 92 104 127 1 -0.000169153136 -3.80886197
0 0 0 0 2 -7.47422964e-05 5.580338
61 61 26 29 3 -0.0119782453 -2.56759238
113 117 129 130 2 -0.00372005743 -2.08726883
73 79 123 158 0 -0.000146858729 -4.29095459
148 151 167 202 2 -0.0420299843 -2.53064108
101 105 121 123 2 -0.384229094 -2.94984937
78 80 134 138 2 -0.00245297933 -5.67991734
0 0 0 0 3 -0.00474964222 2.64828205
106 107 126 161 3 -0.000757358677 -1.02869749
58 63 104 106 3 -0.988278031 0.937414467
30 38 102 137 2 -0.00141957204 -4.30248737
138 138 153 188 3 -0.00527312281 -3.69935513
107 107 145 149 3 -0.000920750259 -3.2254777
0 0 0 0 2 -0.00142787537 4.27834654
74 76 88 123 2 -0.0224571507 -2.52121377
46 50 54 69 3 -0.592198133 -3.1073103
57 58 75 106 2 -0.0256484747 -0.886286974
48 51 65 68 2 -0.00669400208 -1.02425802
63 65 39 41 1 -0.00251104403 -2.5543263
107 107 57 92 4 -0.0368987136 -3.24155807
0 0 0 0 2 -0.0785880312 6.57641602
89 92 43 46 4 -0.00138624012 -2.82003951
62 62 96 131 3 -0.257465363 -3.10601401
155 155 123 131 3 -0.229008675 1.32230854
12 20 25 36 0 -0.0897506922 -2.61096549
47 55 60 63 1 -0.000520547444 -2.72950053
76 77 96 100 2 -0.0404957496 -1.81516528
46 49 66 81 1 -0.000314315257 -4.52419853
96 104 130 161 0 -0.0018600357 -2.08028507
0 0 0 0 0 -0.359034061 6.54892397
110 117 33 41 0 -0.391620755 0.446060598
64 71 108 143 1 -0.00745815691 -5.1628108
109 114 128 132 3 -0.00188641308 -1.41772842
58 60 75 78 3 -0.00379715883 -3.70573282
101 106 29 64 4 -0.123683706 -1.37430751
120 123 53 88 1 -3.30207513e-05 -5.24882364
150 151 79 114 3 -0.00410252716 -5.84165096
101 104 118 125 1 -0.000885206042 -1.53677177
60 60 48 53 3 -0.00033792152 -3.56766319
0 0 0 0 1 -0.00817915238 3.94314742
97 105 114 129 1 -0.113223903 -3.49408317
113 116 78 93 2 -0.000432208064 -5.07744408
148 150 167 172 1 -0.000214319763 -2.31290746
119 119 76 99 3 -0.247734278 -1.39267707
60 61 75 83 4 -0.0028066868 -2.60799217
0 0 0 0 3 -0.805064023 6.8014679
116 118 51 60 3 -0.0350178368 -2.09170508
0 0 0 0 1 -0.0146043934 7.49356747
54 57 126 137 2 -4.24382888e-05 -3.70751476
42 48 104 127 0 -0.00010239867 -2.43993497
137 137 90 125 3 -0.0130070876 -2.85856843
118 119 34 57 2 -0.110152215 -2.77565169
48 52 61 69 0 -0.00231325859 -1.01585412
0 0 0 0 2 -0.0268129446 5.39080095
122 122 0 0 2 -0.238206416 1.11944127
82 87 126 132 1 -0.248925045 -0.869961321
0 0 0 0 3 -0.0038528021 3.70760465
51 55 86 121 4 -0.00257697934 -3.88931036
30 36 49 54 0 -0.0029691651 -1.16874242
0 0 0 0 4 -0.444679618 6.37021255
82 82 44 47 3 -0.265614897 -2.77397633
118 124 146 157 1 -0.915737391 -0.211436063
34 34 42 65 3 -0.015524881 -0.919161439
98 99 113 120 3 -0.0356060565 -1.60949826
0 0 0 76 4 -0.960727394 2.85873246
113 119 157 192 0 -0.000218613772 -2.97644162
0 0 0 0 2 -0.0132548353 5.02830315
0 0 0 0 2 -0.384528756 7.38239479
60 66 89 93 1 -0.000745628204 -4.65485764
68 74 44 55 2 -9.70326219e-05 -5.51810932
89 92 55 59 4 -0.000186793724 -2.7872293
88 94 53 65 4 -0.00359249441 -4.21861172
63 66 122 127 2 -0.0035836231 -4.01675701
84 88 43 47 3 -0.00137320044 -2.75207639
135 142 103 114 1 -0.000399073848 -5.86740303
0 0 0 0 1 -0.75192225 7.50143576
50 55 89 124 1 -0.538605511 0.507614672
0 0 0 0 1 -0.824851513 3.02142215
131 138 170 205 2 -0.00382066541 -4.75477266
45 45 59 66 2 -0.000677594508 -1.48431468
103 107 47 53 2 -0.000676862022 -3.06754255
123 127 46 61 2 -0.00279653305 -4.57520771
86 86 0 0 2 -0.352849394 -0.845090985
87 90 96 101 3 -0.082695201 -0.362587094
102 104 126 129 1 -7.665046e-05 -2.99955177
89 92 120 125 0 -0.000360584003 -1.9290638
126 135 41 52 0 -0.000109790082 -4.59931231
143 147 105 111 3 -0.00113813044 -4.37860632
103 110 48 83 2 -0.000456837501 -3.81411529
81 88 101 108 2 -0.000348553265 -2.49704313
0 0 0 0 0 -0.0143442238 3.24672914
131 137 107 115 2 -0.00530456379 -6.92276335
0 0 0 0 0 -0.279936939 3.66432166
88 92 63 78 0 -0.00364236464 -2.32379866
61 61 128 130 3 -0.000531855039 -2.72784448
128 128 47 82 2 -0.000606365444 -2.36847949
181 185 111 118 3 -0.00395134976 -2.99032521
44 46 74 81 2 -0.0443550423 -3.26248384
0 0 0 0 2 -0.00644075638 1.95728803
55 55 107 118 3 -0.00853751041 -4.41738129
38 41 62 64 4 -0.000169389517 -2.21728206
196 199 124 129 2 -0.00471757958 -2.52875805
69 72 0 0 0 -1.03176069 2.09042954
57 59 70 105 2 -0.0147295147 -3.89643049
85 89 40 42 2 -0.0019738134 -4.4282794
76 82 143 149 2 -0.0191026665 -1.22131646
163 163 55 90 3 -0.000430081505 -1.5428462
0 0 0 0 2 -0.315979034 7.2735548
0 0 0 0 3 -0.814702213 7.45970249
130 135 188 223 1 -0.000334959012 -4.07774734
148 148 98 133 3 -0.00173689355 -0.178269595
55 59 95 102 2 -0.0235984288 -1.98446584
93 95 127 162 2 -0.000219812093 -3.00438094
0 0 196 211 2 -1.05515754 1.17041373
0 0 0 0 4 -0.000856002676 2.91745973
0 0 0 0 2 -0.282956392 2.60050988
122 126 139 147 3 -0.273446351 -2.0429368
128 133 197 54 0 -1.1177181 -2.15163159
44 47 65 74 4 -0.000127790263 -2.46106434
17 26 30 35 0 -0.0524092764 -1.84514475
142 149 160 168 3 -0.0965934321 -1.27401423
15 23 77 83 1 -0.0387382284 -1.8397634
115 227 138 144 4 -0.634622276 -4.01659536
0 0 0 0 1 -0.896077633 2.09986997
63 66 41 56 2 -0.000960438338 -1.90380764
139 140 70 105 2 -0.00178802246 -3.05481505
0 0 0 0 3 -0.436128527 4.52734566
0 0 0 0 1 -0.00057168596 4.26753664
0 0 0 0 3 -0.375388324 6.22710657
121 124 43 46 4 -0.000248063152 -5.471766
0 0 0 0 1 -0.0723590255 3.19064546
176 180 101 108 3 -0.0284601524 -1.56654382
44 49 52 75 3 -0.520320475 -3.10547137
92 95 132 163 2 -0.00174149615 -1.87867165
36 36 106 111 2 -5.16172004e-05 -3.35267854
109 109 76 99 3 -0.00142644974 -4.34560966
58 66 80 115 0 -0.000845973205 -4.67176151
0 0 0 0 4 -0.00498284586 4.14331436
0 0 0 0 3 -0.144874603 4.6292038
57 66 79 87 0 -0.0362630337 -0.767498612
0 0 0 0 2 -0.00478601642 5.84352446
0 0 0 68 2 -0.922092021 1.90699506
70 76 46 52 0 -0.403831661 -1.0542568
102 102 81 89 2 -0.0251072478 1.66813183
112 118 166 171 3 -0.0133968033 -5.12793684
0 0 0 0 2 -0.453423947 6.38399506
0 0 0 0 0 -0.00202427269 6.74492884
0 0 0 0 3 -0.0970370322 4.71440172
125 125 140 146 2 -0.104156993 -1.35229993
27 31 37 60 3 -0.0417022631 -0.125412166
0 0 0 0 2 -0.123947658 5.65277004
187 188 73 104 2 -0.00943044014 -3.12575507
27 29 39 45 2 -0.0183419324 -2.21513724
0 0 0 0 1 -0.514775217 7.66098928
33 33 112 201 3 -0.690048993 -1.5398376
52 54 83 118 2 -0.177083001 -4.59940386
86 88 96 127 2 -0.0222657081 -1.85646582
0 0 0 0 2 -0.00744075561 4.35953379
88 93 121 152 1 -0.00478838198 -3.73318624
0 0 0 0 3 -0.0327296145 7.91996145
129 129 146 153 2 -0.00454760808 -1.94128776
83 89 99 106 3 -0.00870927423 -4.23593473
93 97 113 124 2 -0.000425427163 -2.33959198
48 55 66 101 3 -0.0012105701 -4.12827635
105 106 113 115 3 -0.00582141196 -2.14577818
60 66 114 122 2 -0.000664563384 -2.9977212
99 99 112 120 3 -0.00819050893 -1.32504153
78 81 97 112 2 -0.0360921472 -0.962527633
84 84 90 125 3 -0.0038146975 -0.787112057
39 43 75 82 1 -0.0515011884 -5.14673233
0 0 0 0 3 -0.226112187 2.93656039
79 81 58 65 1 -0.0784449577 0.84255439
96 98 111 122 2 -0.000692176865 -3.16996217
148 151 111 119 2 -1.77621259e-05 -5.14385986
54 55 91 96 2 -0.000537447631 -3.44176054
56 58 45 50 2 -0.00102504634 -3.12256694
39 42 95 130 2 -0.0017393704 -3.1699717
0 0 107 114 3 -0.548389435 0.346267045
81 85 101 108 4 -0.000110264264 -4.13216162
80 83 47 58 1 -0.000100610559 -4.37456036
104 112 80 95 3 -0.095290333 0.370498478
0 0 0 0 0 -0.0061981352 6.40470123
119 119 84 90 2 -8.53528327e-05 -3.61435223
123 129 41 50 2 -0.00176223461 -4.17280436
45 47 103 118 2 -1.39474596e-05 -4.04257536
11 12 16 20 2 -0.179531574 0.0767225623
99 99 110 114 3 -0.275032014 -0.77169311
84 84 103 138 3 -5.96040081e-05 -3.19163442
105 111 126 157 0 -0.00691317581 -1.50542164
89 95 35 50 2 -0.000135297043 -3.75072145
213 218 55 78 3 -0.00746975932 -2.15280294
0 0 0 0 1 -0.0949051678 7.22742558
119 124 57 61 3 -0.0119569739 -1.80707812
160 166 73 81 1 -0.000192397158 -3.58715487
0 0 0 0 2 -0.124967523 4.13434935
16 17 43 78 2 -0.000953165174 -4.00861359
25 30 97 104 1 -0.0142120617 -4.8348856
187 194 73 81 0 -0.0173595846 -2.76485705
97 97 114 149 4 -0.000555543753 -4.69149542
22 29 36 114 0 -0.910601079 -4.59219646
93 95 104 115 1 -0.833049417 -0.992856264
0 0 0 0 2 -0.590602458 7.12163019
49 53 66 97 2 -0.0367625803 -2.16919374
141 147 84 119 2 -0.00472670048 -4.24062538
0 0 0 0 2 -0.540414631 7.62307405
139 75 163 165 3 -0.665739715 -4.40561199
116 119 37 72 3 -0.000146856371 -6.4548378
90 94 35 0 3 -0.678912222 -0.606327474
99 102 47 55 3 -0.00161866483 -2.93365026
0 0 0 0 3 -0.0337381624 4.05027819
137 145 65 100 0 -6.23458109e-05 -4.10053778
55 55 184 219 2 -0.00138605025 -1.74933147
105 105 114 137 2 -0.0610197112 -1.09923172
0 0 0 0 2 -0.176479295 3.57442689
0 0 0 0 2 -0.0247931965 3.27924085
208 209 115 0 2 -0.802047968 1.17255783
107 114 124 129 1 -0.000306351256 -2.99418831
40 46 55 90 2 -0.00332753733 -3.40362573
133 133 68 71 3 -0.00401990255 -1.76072764
107 111 24 35 3 -7.41466574e-05 -5.58862782
49 51 63 67 2 -0.000160093376 -5.37317181
84 84 102 110 1 -0.107396059 1.50299621
80 80 91 97 3 -0.000109073284 -1.45556998
85 91 155 158 0 -0.0177311804 -0.749835074
0 0 0 0 1 -0.342188984 4.36470604
40 44 48 56 2 -0.00517716911 1.01581621
76 78 113 117 1 -0.393901676 1.55482841
97 100 50 85 3 -0.00164563872 -3.05589628
0 0 0 0 2 -0.00306422985 5.98108006
36 40 53 88 3 -4.10077773e-05 -3.91853285
0 0 0 0 1 -0.00484826695 3.93870664
91 96 115 121 2 -0.000165220787 -2.05292773
73 78 91 106 1 -0.00877530687 -4.04051352
47 53 93 128 2 -0.0330249295 -3.59372067
103 106 143 178 2 -0.00368363922 -1.91967726
65 71 113 148 1 -0.000143877638 -5.68383265
50 50 55 62 4 -0.0999792889 -2.73341823
0 0 0 0 1 -0.00166733935 5.48559284
50 51 83 90 1 -0.00103510567 -2.25929284
108 110 124 159 2 -0.00814866181 -2.86571455
86 87 143 178 2 -0.0792576373 0.511476755
108 113 125 128 1 -0.000820950721 -3.39944148
49 53 84 86 1 -0.00489612482 -3.6158278
0 0 0 0 4 -0.871393085 7.65996408
134 134 152 155 3 -0.00114310952 -3.27299714
60 65 44 46 0 -0.00131237938 -5.27962208
62 66 17 52 4 -0.0781612396 -1.65786719
0 0 0 0 4 -0.804193974 7.84961939
51 52 81 116 2 -0.00408179779 -3.09076834
65 69 51 54 2 -0.0198238511 -1.02747834
65 69 80 84 3 -0.0117103867 0.0977940559
143 149 83 106 1 -0.000200501949 -4.95081615
55 57 90 125 1 -8.12997387e-05 -4.29238558
123 129 86 90 0 -0.00142986292 -2.89964771
143 143 50 65 2 -0.000387513632 -4.05531263
93 97 107 110 3 -0.00122918282 -2.54759645
146 147 100 106 2 -0.0293093082 -2.37357926
150 154 26 61 3 -0.0028376854 -4.12527084
111 116 74 76 0 -0.000179879818 -4.48646402
132 132 101 109 2 -0.0166355725 -1.81356311
70 74 88 111 3 -0.0204421952 -1.61719036
0 0 0 0 4 -0.263929635 7.22069836
150 154 96 131 4 -0.0141719123 -1.67406988
143 149 78 83 0 -0.00214309711 -2.52778172
0 0 0 0 2 -0.00228485349 4.84448433
60 65 98 102 3 -0.00104686734 -3.99224377
56 60 127 131 0 -0.000549600576 -0.585037231
146 146 108 114 3 -0.00492754206 -0.222833201
178 179 154 169 2 -0.0267108474 -3.88143253
100 100 132 167 2 -0.0637355968 -0.60147661
54 56 119 126 2 -0.00138950581 -2.84248686
104 106 50 85 4 -0.00213284534 -1.9496305
41 42 57 64 2 -0.000898774539 -2.57769775
150 157 69 75 2 -0.000124928789 -2.00738502
63 67 47 51 2 -0.00101886666 -3.01545095
0 0 0 0 2 -0.490696013 2.54616523
58 62 102 137 3 -0.0211055763 -0.511592805
69 71 53 55 1 -0.00301209558 -1.55910563
98 98 106 137 2 -0.1228384 1.52337193
104 107 52 56 2 -0.000222906427 -4.53682613
0 0 0 0 2 -0.00588666555 4.24795151
194 194 97 102 4 -0.00467910618 -4.76326466
110 110 125 133 3 -0.00103848847 -2.42865562
0 0 0 0 2 -0.00123384153 6.38442612
0 0 0 0 0 -0.15492408 7.31291866
0 0 0 0 2 -0.0811263695 7.06119585
0 0 0 0 3 -0.202651262 2.41488266
158 158 32 63 3 -0.0110665299 -4.76629829
56 56 68 73 3 -0.0231433921 -1.459481
0 0 0 0 1 -0.046225436 4.46174908
0 0 0 0 4 -0.418021858 4.04791403
99 100 46 81 4 -0.0220231377 -2.76391745
130 133 65 67 2 -0.000247348857 -5.22467136
17 22 27 71 4 -0.734386444 -2.06623244
112 116 35 40 3 -0.000241026995 -3.7291646
83 88 103 111 3 -0.000235307816 -3.55861068
146 147 160 166 2 -0.00081240281 -3.71546412
60 63 47 54 3 -0.000406574283 -2.41601038
85 87 103 126 3 -0.000762447075 -2.30018401
67 70 124 159 0 -0.000831687881 -3.33304691
32 32 49 57 2 -4.16038311e-05 -2.3594842
43 47 81 116 2 -0.00230985065 -4.4488287
0 0 0 0 1 -0.0211632065 2.81050634
56 61 120 126 2 -0.00269205333 -2.8266747
0 0 0 0 3 -0.093747735 6.56493044
0 0 0 0 1 -0.602470934 6.07045364
72 75 121 144 0 -0.0006091916 -1.89397383
82 85 28 63 2 -0.00200645626 -2.9051764
98 102 78 85 3 -0.0044017667 -1.33668685
29 33 98 106 3 -0.000838493346 -2.28018737
55 60 98 133 4 -0.00122859166 -3.62253428
130 133 56 91 1 -0.00171725755 -2.20681715
109 109 123 127 3 -0.00526277162 -0.588397443
105 105 118 125 3 -0.000351287599 -2.84041619
104 106 117 124 2 -0.000322207401 -5.34637165
83 85 92 107 3 -0.000251162593 -2.27563119
72 78 121 123 1 -0.203588337 0.539780915
115 115 130 132 2 -0.00028880997 -4.44415045
162 162 34 39 3 -0.00591969956 -1.45020676
106 106 120 127 3 -0.00349431508 -0.364538908
0 0 0 0 2 -0.917659461 1.88855386
73 75 36 59 2 -0.000400744088 -3.57615995
91 99 41 56 2 -0.000204195574 -3.44985056
126 129 65 73 1 -0.00193555211 -3.90780735
0 0 0 0 3 -0.371222377 6.82935095
54 55 96 131 3 -0.020791797 -3.42235923
96 100 112 118 4 -0.00488320692 -2.1974628
65 68 116 147 3 -0.000627806294 -2.47062182
108 109 120 151 3 -0.00168736023 -3.19952989
81 89 110 117 1 -0.0148143331 -1.45125341
203 209 100 135 2 -0.0192850772 -2.10056424
135 135 66 74 2 -0.000504925265 -1.56755853
126 130 139 162 3 -0.0996480659 -2.15229273
47 52 91 126 3 -0.000428168627 -3.03941822
121 129 56 87 1 -0.00759218074 -2.51459503
117 122 65 100 1 -3.80275451e-05 -4.11110163
95 99 56 57 2 -0.00415759813 -3.29730773
166 167 192 227 3 -0.027975183 -3.76774192
51 56 96 101 0 -0.000400499091 -4.27976894
111 112 127 132 3 -0.00394573621 -2.55725336
114 114 123 130 4 -0.00551948324 -3.41506243
56 59 151 156 2 -0.000549502554 -5.93423605
107 107 121 152 3 -0.000212655417 -5.0412693
181 184 108 112 2 -0.000580686145 -2.14123487
0 0 0 0 2 -0.000139229174 5.82814074
209 209 96 131 3 -0.225494266 0.110211968
91 91 46 81 3 -0.000242207025 -3.66044402
88 95 132 167 2 -0.0794103444 -1.38820159
78 0 16 57 1 -0.784935474 1.63645101
134 138 82 117 1 -0.00861334521 -5.12571716
125 129 54 89 0 -0.00183877558 -4.207376
69 74 109 144 3 -0.212168455 0.774269521
0 0 0 0 2 -0.00793508813 5.17935038
58 61 76 111 3 -0.733412266 -0.274155676
116 121 71 106 3 -0.176705167 -0.764582634
95 97 44 55 1 -0.0179723687 -0.437488019
75 75 85 108 3 -0.0940160081 -1.28755665
62 62 79 90 2 -0.00147054903 -0.936180234
0 0 0 0 2 -0.283973992 7.45055056
135 136 66 97 3 -0.00436286582 -5.91397333
96 98 69 74 1 -0.00198567519 -3.53402567
0 0 0 0 3 -0.673393846 2.96967244
107 111 50 57 1 -7.83191499e-05 -4.1363821
0 0 0 0 3 -0.00702436594 6.76553583
16 22 26 61 2 -0.00834077131 -1.59398937
96 99 111 126 3 -0.000162835844 -3.19005013
80 81 120 155 2 -0.0115231117 -2.089957
171 172 148 153 3 -0.22219488 -3.20488
101 104 20 43 1 -0.0488993414 -1.4671669
83 91 143 152 0 -0.00230004522 -5.13007736
86 0 63 67 0 -0.881853521 0.876275718
216 219 36 42 0 -0.040165443 -5.49060583
95 96 49 84 2 -0.000323754095 -5.03714323
17 17 38 41 3 -0.0530333407 -0.448922127
57 60 70 105 3 -0.0140769035 -4.78536463
79 80 92 95 2 -0.00209516939 -3.34060693
56 59 75 78 1 -0.00437464099 -2.32327247
140 144 61 72 1 -7.77237001e-05 -2.56846929
53 59 94 129 0 -8.10612109e-05 -4.18697977
130 131 68 80 2 -0.163029999 -1.97953963
130 130 96 101 3 -0.00217733299 -1.51454282
61 65 49 51 1 -0.000180354458 -4.07037878
43 47 76 111 1 -0.0387872048 -2.09311819
42 46 142 165 2 -0.000292408135 -4.41513824
39 45 76 85 1 -0.000122779893 -3.15327644
63 65 49 52 2 -0.00102630828 -3.44136953
151 152 172 179 1 -0.183369726 1.15743065
92 94 111 117 2 -0.000540079782 -3.00078893
12 12 17 24 4 -0.00554004218 -1.37464893
12 17 53 44 0 -0.271528095 -1.79981422
74 78 42 57 4 -0.0501385294 -4.46611404
57 62 39 45 3 -2.37225577e-05 -3.55676246
54 54 67 102 3 -0.000151746935 -5.24227476
72 73 89 104 4 -0.000151272514 -3.71838021
90 91 78 85 2 -0.0275927801 -2.60224152
56 61 31 38 4 -0.00837340299 -3.18469262
138 139 162 165 3 -0.0167100914 -3.56800437
81 81 47 53 2 -0.000387518725 -2.94928861
84 88 106 137 2 -0.000105260391 -2.89386725
105 111 82 91 1 -0.00102121942 -1.24497819
40 41 59 65 4 -0.000316707417 -4.46332884
45 48 68 91 3 -0.000154968235 -2.9066875
56 61 71 82 3 -0.000427207269 -1.95982194
50 54 63 66 2 -0.021053195 -4.59747267
50 54 58 65 1 -0.0449621268 -0.541822612
78 80 88 93 1 -0.00226722262 -3.52313185
39 40 44 52 2 -0.0179626346 1.28553557
47 50 74 109 2 -0.00109465688 -3.0435071
70 80 92 127 0 -0.00062948803 -4.94207001
55 59 115 123 2 -4.29150896e-05 -2.31153822
67 71 79 114 3 -0.00190623873 -5.04409456
83 89 69 72 0 -0.00077139918 -3.07677436
68 68 55 56 3 -0.00023232559 -2.04652858
56 57 75 81 3 -0.0109021878 -4.21832228
56 57 74 109 3 -0.00189796311 -4.34789038
43 43 55 60 2 -0.000440555741 -4.43587923
151 153 60 95 2 -0.00147278246 -4.14887857
69 73 104 127 2 -0.00026916177 -3.36686897
123 123 66 101 3 -0.00740334671 -4.31590509
93 99 110 114 0 -0.00105983438 -4.0637269
47 47 86 94 3 -0.00555046042 -2.41140962
96 96 126 129 3 -0.00125070882 -5.27018785
21 22 39 46 3 -0.0060318769 -3.63182878
34 36 105 112 3 -0.0711319596 -0.993237376
4 4 7 42 3 -0.194590762 -2.86965919
55 55 71 94 3 -6.56836783e-05 -5.63609362
60 61 87 95 2 -0.000501567731 -4.57469845
119 119 41 56 3 -0.0011449852 -2.35781598
29 32 36 59 2 -0.143138573 -2.12068558
127 127 88 111 3 -0.0021096142 -1.6969173
75 75 34 65 2 -9.83429854e-05 -3.79441571
63 65 84 87 2 -0.00335258758 -3.42868638
92 94 34 69 2 -3.96964097e-05 -4.6502471
156 0 120 143 2 -0.381892443 -1.70722318
101 101 83 91 2 -0.0772043318 -2.45676613
161 164 89 124 1 -0.000348181988 -4.6162982
57 58 78 113 3 -0.00655966578 -6.18617392
84 84 170 205 3 -0.238621339 -2.37833261
113 114 72 95 1 -0.00364825665 0.0804223418
87 88 65 68 2 -0.000461900752 -3.91173148
148 149 97 132 3 -0.000489906291 -2.90998197
48 49 120 135 3 -0.00192704191 -2.50562954
94 96 64 79 1 -0.000168079103 -4.13612413
95 96 53 88 2 -0.117186867 -4.74121761
120 122 75 98 2 -0.00280603347 -2.28108001
17 19 40 43 2 -0.000702263962 -2.91781235
54 57 70 93 1 -0.00190028467 -3.22703481
41 44 56 58 2 -0.000169148945 -5.73994017
123 124 139 145 2 -0.00200267322 -1.42436767
39 40 51 66 2 -0.000249246252 -4.47690105
0 0 0 0 3 -0.00158758985 5.35921812
0 0 0 0 3 -0.00746288244 6.07892799
0 0 0 0 3 -0.532444596 3.51688242
0 0 0 0 3 -0.000235782063 5.52141666
0 0 0 0 3 -0.0122035509 5.13256836
0 0 0 0 3 -0.360336751 2.92763734
0 0 0 0 2 -0.00618703151 6.33442402
0 0 0 0 4 -1.15958166 7.64877462
0 0 0 0 3 -0.0968598872 6.01726055
0 0 0 0 1 -0.737842143 7.07170057
0 0 0 0 1 -0.205880105 2.38742208
0 0 0 0 2 -0.521332681 3.13524556
0 0 0 0 2 -0.0101619242 5.00278854
0 0 0 0 0 -0.0535423718 5.46470213
0 0 0 0 2 -0.255953223 6.94095087
0 0 0 0 3 -0.00255490816 3.20417738
0 0 0 0 2 -0.0235164016 5.29758406
0 42 98 102 2 -1.45273232 2.49869847
110 111 124 126 2 -0.0396756157 -0.848321438
134 138 52 59 1 -6.62785023e-05 -3.64840055
82 92 51 56 0 -0.00490311394 -2.8512876
18 19 23 77 2 -1.60516357 -3.56296754
159 165 67 102 1 -0.000359979575 -1.7538197
115 119 30 65 3 -0.000428772357 -1.59491467
53 60 43 48 1 -0.000235071959 -2.16815543
125 128 52 87 1 -0.000979172648 -3.20900774
68 69 113 124 2 -0.00196272973 -2.66142607
42 42 129 132 3 -0.000453276793 -3.40926003
120 127 138 146 0 -0.000650443486 -3.05799556
45 48 59 66 2 -0.000966139429 -3.46501708
61 64 81 116 2 -0.000409788103 -5.00338697
35 38 48 54 0 -0.000711563451 -2.52633595
83 87 99 114 0 -6.25840112e-05 -5.18694305
53 57 71 102 3 -0.0115140034 -4.32016325
85 85 107 138 3 -0.00270056212 -2.11469221
160 164 75 86 1 -0.000251637772 -4.48733521
93 94 53 76 3 -0.00289675174 -2.01450229
117 123 203 209 0 -0.018658042 -2.20208979
53 60 68 75 1 -1.49011139e-05 -4.81253815
42 46 61 68 3 -0.000213728592 -4.62564421
52 56 66 73 4 -0.246898159 -3.6587286
51 54 76 111 1 -0.00800757483 -2.27688098
56 62 152 187 1 -0.0395636521 -0.559934199
71 75 89 124 4 -8.57100531e-05 -2.95600772
56 61 75 106 4 -0.000169745981 -4.52054834
41 41 53 68 4 -0.00530674402 -3.99724984
37 40 71 75 4 -0.0186488852 -3.92681718
0 0 0 0 1 -0.223632812 5.51515341
0 0 0 0 1 -0.701204896 2.38099575
15 20 35 70 1 -0.246221408 -0.0441122055
59 66 154 189 0 -0.0033828083 -2.30396581
0 0 0 0 1 -0.216177732 7.47730827
0 0 0 0 3 -0.262552381 7.48107719
90 90 168 183 2 -0.000559258042 -3.98791814
63 68 45 51 1 -0.0137682287 -0.741283417
99 103 50 85 1 -0.00174127193 -2.71785235
108 113 62 68 0 -0.00153226207 -3.55582309
157 163 106 110 0 -0.000376663549 -1.79021025
44 0 0 0 2 -1.74256611 4.25580025
63 66 116 122 2 -0.190211922 0.821319759
79 81 55 59 2 -0.000532764359 -3.15565038
80 83 152 157 1 -0.120593302 -2.03954339
39 42 48 83 3 -0.000591859396 -2.83046556
0 0 0 0 3 -0.11805968 2.8043592
132 133 109 118 2 -0.000345795299 -5.03558254
77 81 48 56 1 -0.00233867578 -1.43244004
63 69 40 48 1 -0.46889627 0.191534758
10 11 21 28 2 -0.0129876528 -1.36892986
29 32 10 18 2 -0.000106094507 -3.49836993
94 101 26 35 1 -0.00129812886 -3.16829014
136 139 101 107 1 -0.000334948796 -3.23594427
85 85 32 35 2 -0.00301018008 -3.65056491
83 88 61 68 2 -0.0173656158 -0.486390352
0 0 0 0 3 -0.0467698015 5.60709667
66 72 41 48 3 -3.77889701e-05 -4.67750025
67 71 118 153 3 -0.00691832695 -5.21848583
91 97 107 142 1 -0.000699798111 -3.96294594
0 0 139 174 2 -0.973415315 0.458409667
40 43 80 91 2 -0.517215848 -3.38397598
61 67 77 83 0 -0.00229588524 -0.642654598
88 89 127 129 3 -0.0252341442 -3.60806584
99 102 117 152 3 -0.000118252363 -4.39411736
152 155 68 103 3 -0.000303483539 -2.22726798
35 35 61 68 2 -0.000455644215 -3.26604676
0 0 0 105 2 -1.56869543 2.48631954
0 0 0 0 4 -0.0219144393 3.05895877
42 45 59 70 3 -0.0983891115 -0.627581358
50 56 63 65 3 -0.0347269103 -1.82462597
88 92 105 128 4 -0.00886838511 -4.05410385
128 133 105 112 1 -0.296410263 -2.08963561
50 51 66 101 4 -0.000300387939 -6.22834921
0 0 0 0 2 -0.0214468315 4.54364204
47 47 59 61 4 -0.00218772143 -2.17067742
41 41 127 135 4 -0.00320976926 -3.09183431
109 111 59 94 3 -0.0112914704 -2.66906166
93 96 73 78 2 -0.00684868637 -1.72138309
134 137 116 124 2 -0.00572560309 -3.45799232
129 129 82 113 3 -0.0198563933 -3.77613854
127 127 168 191 3 -0.362166792 -0.0216084421
82 90 43 0 0 -0.831983507 -0.658093929
99 99 80 84 3 -0.0574192815 -3.05814648
65 69 84 119 3 -2.14575939e-05 -3.8324151
41 44 57 61 1 -0.000126478437 -3.25310612
45 49 82 97 1 -0.0352218226 -1.51466513
130 137 170 177 0 -0.00868005957 -5.56491756
163 170 86 91 1 -0.00190512568 -2.8516531
79 80 113 116 2 -0.000555228442 -3.39622903
77 79 95 126 2 -0.0967476964 -1.56806278
46 48 55 90 1 -0.355218053 -2.60905957
0 0 0 0 3 -0.777999699 7.57977247
0 0 0 0 2 -0.191428646 6.50938892
0 0 0 0 2 -0.68117857 6.86185932
57 62 35 43 3 -3.92195361e-05 -4.16048336
111 115 72 95 3 -0.287974834 -0.315101027
0 0 0 0 2 -0.187307104 4.78399181
95 104 117 148 0 -0.00116910832 -2.33765602
118 126 43 78 3 -0.213540435 -1.09795761
47 51 115 124 4 -4.73257751e-05 -4.7338376
0 0 0 0 2 -0.000645789958 5.00249243
0 0 0 0 1 -0.00350699527 5.63471222
57 63 100 108 2 -0.000867296127 -2.56265712
127 130 195 202 2 -0.000975169358 -1.97304845
99 102 87 93 2 -0.00100248749 -0.848147988
151 155 83 118 3 -0.000524475297 -2.95009398
59 59 75 80 3 -0.0031980176 -5.8367238
173 174 105 140 2 -0.393802404 -1.13677573
0 0 0 0 3 -0.021768095 4.98079443
96 96 38 42 4 -0.0533589832 -0.97425127
103 105 54 89 1 -0.242992222 -1.1805476
116 118 65 70 3 -0.00218416494 -4.73800039
26 31 36 43 4 -0.00423831074 -2.84450364
105 109 122 133 3 -0.00224194746 -3.47412992
98 106 32 39 2 -0.00709896628 -2.87673306
44 47 22 27 1 -5.32860649e-05 -5.24443579
0 0 0 0 3 -0.327968359 7.1023736
126 131 140 144 4 -0.00420289952 -5.32902336
103 105 63 98 3 -0.0560759231 -4.65746164
123 127 48 83 3 -0.0351716578 -4.39229918
0 0 0 0 0 -0.102701195 6.39538097
62 64 39 47 2 -0.000414562208 -7.53298426
0 0 0 0 1 -0.00205301074 7.51465988
113 116 36 59 3 -0.0105964923 -3.87770915
36 36 41 48 2 -0.00260291528 -3.35929012
39 40 119 154 2 -0.654992938 -3.37093639
0 0 0 0 2 -0.170831814 6.64473152
56 60 26 37 3 -0.000662847422 -2.84488106
0 0 0 0 1 -0.121770024 4.37603855
128 135 109 116 1 -0.00309664174 -2.63847589
132 132 107 114 4 -0.119505271 -0.351768553
50 57 79 114 2 -0.0137081761 -3.99549937
0 58 69 80 2 -1.04964459 -1.42163539
171 174 50 85 2 -0.0202306677 -3.47616172
17 20 32 40 0 -0.00709387474 -4.76029205
61 68 113 117 0 -0.00904735923 -2.16861129
97 99 114 149 2 -0.000692501955 -4.00669289
52 56 102 109 2 -0.0299089719 -2.13633823
66 71 85 116 1 -0.00114028645 -2.60013127
53 57 77 112 4 -0.00495086145 -1.40792143
54 60 76 84 1 -0.00147509819 -3.81615925
128 136 69 104 4 -7.6053926e-05 -4.04822397
30 34 46 50 1 -0.000422808429 -3.27315378
104 108 62 66 2 -0.00180873496 -4.50361347
96 96 105 109 4 -0.00642426033 -0.628309429
60 62 90 96 1 -0.0882184803 -2.09515381
113 119 56 61 0 -0.000602749293 -0.794124424
54 58 110 141 2 -0.000357450976 -3.42174649
46 48 66 89 2 -0.046857357 -2.50493956
80 84 93 128 2 -0.0317147002 -0.0433356166
52 0 119 121 2 -0.759275794 0.13355279
162 164 175 179 2 -0.00186986336 -5.38890076
117 122 45 51 0 -0.0263518561 1.68320203
23 38 54 60 4 -0.623321474 1.48942566
105 105 120 127 2 -0.0725346208 -0.239581898
94 100 50 57 2 -0.000257104752 -3.41205049
84 85 101 106 4 -0.00807674509 -1.00008392
0 0 0 0 3 -0.000758775976 4.98332977
123 126 145 152 2 -0.000269271142 -3.68146539
0 0 0 0 2 -0.00827755593 6.25495434
0 0 0 0 3 -0.00407935632 2.34702945
106 107 66 71 3 -0.00114484888 -1.95833158
55 57 39 45 2 -0.00327612367 -2.38543892
89 93 106 141 3 -0.0251698326 -5.1032095
159 135 92 98 2 -0.918222845 -0.417642981
0 0 0 0 1 -0.744454682 7.33539343
110 119 28 36 0 -0.00530164409 -3.08571315
31 39 88 103 0 -0.050595291 -2.93533468
145 149 162 169 4 -0.000924032647 -1.00404096
106 107 52 63 1 -0.109283715 -0.39401859
47 55 59 64 2 -0.496081054 -3.24015212
114 121 53 59 0 -0.000503092597 -4.26687813
154 155 126 134 2 -0.00164114533 -1.46879506
150 157 172 207 2 -0.00173747411 -3.62021875
139 145 53 76 2 -0.000106571701 -4.80485725
50 58 78 87 0 -0.0655456409 -2.00455761
96 99 107 113 2 -0.000690623478 -6.00664902
8 12 18 53 4 -0.0119368751 -3.36572361
64 65 74 109 3 -0.0797957852 -1.30515742
183 184 55 90 2 -0.0109301358 -4.19013548
0 0 0 0 2 -0.0028822578 5.15241909
133 139 69 74 2 -0.0045353868 -4.17104292
57 59 74 81 1 -0.000253064616 -3.20256996
107 107 50 54 3 -0.000992269372 -2.82063389
54 56 99 134 1 -0.121626474 -1.26076269
51 52 90 125 2 -0.000158542389 -3.80822659
92 94 60 67 2 -0.000977385091 -6.25000906
24 27 35 70 2 -0.410257727 1.06987429
0 0 0 0 2 -0.23067452 4.33838177
107 112 43 48 4 -0.00442077499 -2.88969469
110 113 124 159 2 -0.000182742864 -1.98451185
92 99 134 184 3 -0.799562097 2.09434605
0 0 0 0 1 -0.00079489249 3.61680293
50 51 114 121 3 -0.0246140901 -1.41209936
12 19 31 33 2 -0.968449235 0.239115536
35 40 76 78 2 -0.00743713463 -3.83072329
0 0 0 35 3 -1.28768253 3.4828918
140 147 109 116 3 -0.000303007633 -5.66441774
0 0 89 97 3 -0.0519744456 0.827913105
235 238 144 152 2 -0.0359603427 -2.47045445
38 39 138 142 3 -0.0131906625 -3.38860297
101 109 57 64 0 -0.00964684505 -2.49724007
0 0 0 0 3 -0.0324365012 4.60304785
54 54 124 131 3 -0.0382970385 -1.52318001
52 57 74 77 3 -0.156734809 -4.63562584
144 147 53 68 3 -0.0320614725 -3.20138192
42 48 66 101 1 -0.000123022037 -4.70979166
0 0 0 0 1 -0.00976234954 8.51987839
171 173 116 131 3 -0.00124462228 -2.17614627
47 52 76 111 0 -0.0345394239 -3.41582894
72 72 49 57 4 -9.46501968e-05 -3.70424891
39 45 62 68 2 -0.0045695533 -2.63654447
54 58 123 158 1 -0.000482010626 -2.10137916
103 108 47 50 4 -0.0626630262 -1.27236176
103 107 119 126 4 -0.000602112734 -5.13148355
0 0 0 0 2 -0.0242413357 7.67561388
0 0 0 0 3 -0.0121089118 5.13833332
0 0 0 0 1 -0.857073247 7.01525068
30 36 56 91 1 -0.0944531932 -2.42364097
40 0 93 104 2 -1.46545374 -0.321036547
56 56 93 101 2 -0.0015681315 -3.1303401
100 102 66 70 2 -0.0126018533 -2.56065679
15 15 31 39 2 -0.044175826 -1.92830706
53 54 72 107 2 -0.00126784109 -4.29716063
0 0 0 0 1 -0.0562661141 3.34783602
88 90 100 106 1 -0.00224935636 -1.8192842
123 127 53 61 2 -0.002905678 -2.60790324
144 144 76 99 2 -0.0607414469 -1.15057278
60 60 119 154 3 -0.000136367744 -4.00432491
46 49 56 60 0 -0.00208970439 -1.84040332
83 87 57 61 2 -0.0209851023 -4.63713551
0 0 0 0 3 -0.117284775 6.86228323
92 97 126 134 1 -0.000441748474 -3.29521203
49 49 63 68 4 -0.000704048958 -4.76505899
81 83 59 63 2 -0.00108524528 -4.91223383
87 93 69 73 2 -0.00234731706 -1.28647256
0 0 0 0 2 -0.187277377 6.74738359
176 176 99 104 2 -0.000139114301 -5.51203299
168 169 117 125 2 -0.00683927489 -2.41719389
13 14 22 57 2 -0.00268534315 -3.86883521
46 46 22 29 1 -0.032737527 -0.609195352
0 0 0 0 2 -0.843251288 7.43002558
47 51 57 92 4 -0.000850072247 -3.28301573
0 0 0 0 1 -0.00451748958 6.21364307
120 121 57 64 2 -0.576627374 -3.64512014
0 0 0 0 0 -0.00363704981 4.55644131
0 0 0 0 2 -0.00116075261 4.81652117
106 113 50 85 1 -0.00832149759 -2.12103415
65 68 159 190 2 -0.000125525228 -4.27374268
121 123 90 99 2 -0.329741418 1.14236903
0 0 0 0 2 -1.02172375 3.21821713
119 119 68 75 2 -0.000256274332 -2.6998229
0 0 0 0 3 -0.717858672 6.85381079
41 45 81 83 0 -0.00179097615 -3.11794257
71 75 45 53 4 -0.0113720223 -1.97926664
142 145 45 68 2 -0.00448285788 -4.73813486
28 28 41 76 2 -5.37627857e-05 -4.1685915
72 72 114 118 2 -0.0047435076 -1.48611832
0 0 0 0 0 -0.26216948 7.02364969
108 116 59 94 0 -0.000762093579 -3.21862674
77 80 54 61 3 -6.9616297e-05 -3.67826462
45 47 59 67 3 -8.73793397e-05 -3.16183901
197 200 62 64 2 -0.00411854964 -3.16921425
109 114 84 86 3 -7.77232999e-05 -2.9458468
172 173 36 42 2 -0.00142313424 -4.80651283
110 112 45 53 1 -0.0883917585 -2.33618426
102 106 95 97 3 -0.00099248765 -2.95330119
62 63 27 33 2 -0.143276602 0.0615360439
114 118 60 64 2 -0.00495081302 -3.63313746
39 41 166 171 2 -1.62513852 2.23955512
64 64 46 48 4 -0.000470594823 -1.98104119
139 140 51 59 3 -1.48040783 -0.0510064065
116 123 64 99 0 -0.0536719561 -1.06174898
160 161 102 137 1 -0.304953605 -0.90363735
0 0 0 0 2 -0.119322687 3.11704373
0 0 0 0 2 -0.0019303232 3.60560155
60 62 79 114 2 -0.225295112 -5.8576417
98 100 112 123 1 -0.000525054638 -4.80608273
58 62 80 115 4 -0.0105005438 -3.07606173
194 197 100 135 2 -0.0207319669 -1.23571396
0 0 0 0 1 -1.070032 6.98242044
0 0 0 0 2 -0.251220167 6.99649811
81 81 92 96 3 -0.0266006123 -1.69832087
26 28 47 51 1 -0.00023518638 -3.40811729
114 122 51 53 0 -0.017388124 -2.18383002
165 165 77 82 2 -0.00163699174 -6.08113861
52 54 97 128 1 -0.00116327114 -3.16852021
75 81 110 118 0 -0.00177005352 -1.50515103
0 0 0 0 2 -0.116618 4.21105671
75 80 88 96 0 -0.00017797247 -1.04149914
208 216 175 183 0 -0.0077063432 -4.47976637
0 0 0 0 2 -0.00406383909 5.74166012
103 0 0 0 2 -1.56492329 1.15006304
94 95 102 109 3 -0.019671835 -0.48869282
84 84 42 46 3 -0.00693254173 -2.0856204
45 50 65 71 1 -0.00152061088 -2.50705481
174 174 143 150 3 -0.000530168763 -4.03649235
59 67 86 90 0 -0.0669697225 -1.43585396
0 0 0 0 3 -0.00112907507 4.52475309
0 0 0 0 2 -1.35833275 3.01967359
0 0 0 0 2 -0.0316759273 6.16143179
159 160 86 121 3 -0.0217010472 -6.70251274
148 155 33 39 1 -0.00296505308 -4.41087532
86 87 143 145 2 -0.00104244228 -3.14580679
84 84 70 72 2 -4.87562356e-05 -3.11626649
97 99 41 56 2 -0.00217594998 -1.96454024
195 198 53 64 2 -0.0525341034 -3.47474504
122 127 83 106 3 -0.0138281789 -4.60692453
86 91 104 111 0 -0.000127551233 -3.23767281
104 111 120 143 0 -0.000983842881 -2.19225955
0 0 0 0 2 -0.000635053497 5.58962393
51 53 62 69 1 -0.0398307331 -2.59646559
110 114 73 77 0 -0.0173053741 -1.87966681
96 100 114 121 2 -9.17900761e-05 -3.32060528
106 109 121 156 2 -0.00149029563 -2.16616106
25 30 46 55 0 -0.422107011 -2.49663186
114 114 41 76 2 -0.000722515222 -4.87644768
79 80 40 63 3 -0.372813702 -1.58562517
132 136 66 101 2 -0.00051148585 -3.55664492
34 35 51 66 3 -0.0183189344 -5.6142025
144 148 154 159 2 -0.00254180026 -1.99751854
42 42 92 99 3 -0.0606224798 -1.58690071
36 39 122 128 2 -0.000462964119 -2.05875635
83 90 172 207 3 -0.00214902009 -3.56772494
87 91 64 71 3 -0.000337935751 -2.83695149
145 152 76 78 1 -0.312919796 -0.905214071
173 174 104 139 2 -0.0267692246 -3.41192293
36 39 125 160 4 -0.000695268332 -3.27164984
52 56 116 123 1 -0.422174662 -3.91947365
0 0 0 0 3 -0.0113415513 7.32420444
57 65 129 144 3 -0.038823802 -1.41887999
33 39 51 86 1 -0.163884953 -2.43945003
0 0 0 0 2 -0.995972395 1.81664133
155 158 74 105 3 -0.00183900225 -1.61685824
38 39 104 139 3 -0.0146960141 -4.30311918
134 137 39 42 2 -0.000166768034 -4.90394735
152 155 119 142 1 -0.00327358861 -0.827520072
148 148 117 126 2 -0.0042711203 -4.72563696
44 48 56 87 1 -0.000159492381 -2.45018554
0 0 0 0 4 -1.04534984 7.60864878
63 69 120 125 0 -0.000188456761 -4.36835527
80 84 0 107 1 -0.759046078 1.48886681
45 48 124 159 3 -0.00155149726 -2.3111279
119 123 140 146 2 -0.033810515 -0.940808535
41 51 124 0 0 -0.984823704 0.565670073
119 127 43 78 2 -0.00149185734 -2.62725472
0 0 0 0 3 -0.120724179 4.88446903
212 212 50 65 3 -0.0198547691 -0.689590216
94 95 53 58 4 -0.00144333008 -2.86715388
75 79 89 96 3 -1.27700293 -2.14916158
0 0 0 0 2 -0.00330631202 4.871243
0 0 0 0 2 -0.00490497146 1.35298228
90 92 108 143 2 -0.00119815499 -2.79701114
106 116 130 145 0 -0.00846791081 -2.65358186
31 35 62 68 2 -0.00790669117 -2.73558712
0 0 0 0 2 -0.00102426461 5.64574909
50 55 71 79 3 -6.55649683e-06 -4.36529016
0 69 44 49 3 -0.921972394 0.736894906
104 104 77 83 3 -0.0798458755 -4.79263353
121 121 137 143 3 -0.0339738056 -4.96176195
52 53 159 194 3 -0.636210859 -0.658692122
48 52 57 62 4 -0.312524825 -1.50646567
29 29 40 48 4 -0.00130189687 -0.860698938
0 0 0 0 1 -0.925764799 2.46597314
0 0 130 0 1 -1.29291868 2.3147819
179 190 120 155 0 -0.0147281522 -2.4999187
131 134 71 74 2 -0.00459795957 -4.1991415
152 153 91 98 2 -0.0135664102 -1.21083045
86 89 21 26 1 -0.00728568854 -4.68557549
104 110 64 69 0 -0.0065228329 -4.02881002
47 53 84 88 0 -0.0019729496 -3.59250355
68 69 41 49 2 -0.0217890218 -4.69996119
0 0 0 0 2 -0.000150912601 5.68478298
38 38 63 94 3 -1.47131002 -2.40379739
76 81 37 60 1 -0.000161283475 -4.05136728
94 97 107 118 2 -5.61470551e-05 -2.32227421
76 80 86 93 3 -0.00529208314 -1.90592837
166 174 57 80 1 -0.0129263503 0.36259073
100 100 52 87 3 -0.00104259793 -2.51814365
174 174 117 125 2 -2.40801819e-05 -2.49127841
79 80 91 0 3 -1.5513041 1.76157784
101 105 120 125 4 -2.08615456e-05 -3.81340241
50 58 71 106 1 -0.00454910938 -4.06286573
68 74 48 55 2 -0.00496387575 -2.26456785
57 64 82 117 2 -0.00165054249 -4.16517878
119 124 52 56 1 -0.000100491117 -2.92943645
39 41 95 97 2 -0.391701013 -1.80320787
71 75 50 57 2 -0.000529702753 -2.67052269
91 94 62 69 3 -0.115326658 0.301131427
85 87 104 135 2 -0.00795527641 -1.3591063
71 76 49 57 1 -0.00495347893 -0.295463741
40 42 62 97 2 -0.000156875205 -4.6844244
91 91 44 79 3 -0.00100798067 -2.51821709
37 37 49 84 2 -0.000135891736 -3.92298102
61 62 137 172 4 -0.0265840795 -1.09787583
109 109 56 71 3 -0.00244162278 -1.36379707
68 73 86 121 3 -0.00618029339 -1.17775702
0 0 0 0 2 -0.677986979 1.19755483
99 105 146 150 2 -0.00855514593 -4.16087151
90 98 60 67 2 -0.00944726821 -5.09857893
75 79 111 118 4 -0.0982675329 -0.689884543
0 0 0 0 1 -0.335025191 6.35630178
33 40 58 93 0 -0.00426398357 -6.59971094
167 171 39 74 3 -9.19088416e-05 -4.31660986
105 110 161 196 3 -0.00403735368 -1.4126358
0 0 0 0 2 -0.0469380245 6.72641706
22 26 31 66 4 -0.0588665977 -1.30002594
57 64 72 74 2 -0.000215285021 -3.70818782
93 96 112 147 4 -0.00192338205 -3.71106696
64 65 99 134 3 -0.00146430475 -2.67837334
39 40 50 65 4 -0.95392096 -2.56700397
0 0 0 0 2 -0.418960482 6.9670639
81 82 60 64 2 -0.000696688192 -4.75936365
90 90 100 107 2 -0.000446752238 -3.37173414
127 128 153 168 2 -0.0030157126 -5.844419
46 47 66 101 2 -0.00147322332 -4.5960021
63 66 17 52 2 -0.0648721606 0.0427652597
114 120 12 47 1 -0.000438784948 -3.30526567
65 71 29 60 1 -0.100455411 0.76017338
137 137 106 117 3 -0.000635146745 -1.85093665
101 107 123 125 0 -0.00954136252 -2.90146112
76 80 55 60 3 -0.431916147 -1.66326404
55 55 36 39 2 -0.0163704026 -2.26475477
42 51 100 108 0 -0.000625382003 -3.41173363
51 51 61 96 3 -0.00185043993 -2.56437135
125 126 80 115 4 -0.00101428141 -5.19343519
0 0 0 0 2 -0.0660997257 5.87848377
38 42 52 83 3 -0.225116983 -3.53579521
141 145 118 123 4 -0.0011224217 -3.57764864
90 90 119 126 3 -9.82270503e-05 -2.54031706
40 41 103 138 4 -0.000946132815 -5.80922174
47 51 63 66 4 -0.00201881072 -1.10690212
133 143 155 161 1 -0.000510766287 -2.27667594
0 0 0 0 2 -0.00029181334 6.80079126
0 0 0 0 2 -0.0288114026 5.84837246
101 109 45 50 2 -0.00357356109 -5.21296263
56 59 40 45 1 -0.00011539043 -5.00269318
152 158 114 118 3 -0.00130004622 -1.92817283
60 62 135 142 0 -0.766683161 0.901395738
99 107 119 154 0 -0.000691900612 -2.80386376
110 112 124 139 3 -0.0787297636 -2.06699634
0 0 0 0 3 -0.071897082 7.4333353
0 0 0 0 3 -0.0267633665 6.12961817
71 74 48 50 4 -0.000160571071 -3.09847069
0 0 0 0 2 -0.0652859434 7.26358032
30 38 42 65 2 -0.00777314417 -1.22091675
0 0 0 0 2 -0.00147551298 5.41345358
114 115 63 98 3 -0.000836088788 -1.49235892
47 52 66 101 4 -0.000191326108 -3.66425991
64 64 34 42 3 -0.00454171561 -2.28137946
103 107 53 88 1 -5.57894673e-05 -4.03320694
168 168 118 153 3 -0.000146862076 -2.83728147
0 0 0 0 1 -0.632282495 7.77996778
43 46 106 141 3 -0.000144354373 -4.21569538
92 100 134 136 0 -0.00642320653 -3.35612297
0 0 0 0 3 -0.353384256 3.60618711
97 100 35 70 3 -0.182913333 2.68844223
0 0 0 0 3 -0.00541176135 4.61892605
0 0 0 0 2 -0.0889557004 4.34098339
39 44 53 76 1 -5.44780596e-05 -2.53119683
54 54 70 85 2 -0.00504686916 -5.82139301
0 0 0 0 2 -0.214697838 0.0604889989
160 164 42 77 4 -0.000687155523 -4.43937778
129 130 49 64 1 -0.000827426033 -2.63402057
99 105 63 68 2 -0.000346028188 -4.01109314
61 65 80 115 3 -0.000365564105 -3.9955821
95 77 38 45 0 -0.59172219 -1.9031384
75 79 167 173 3 -0.0869409889 -4.97872257
82 82 91 98 2 -0.00653050793 -1.79129028
100 104 113 117 3 -0.264284968 -2.47017622
94 97 38 73 4 -0.000185476791 -2.83161139
59 59 49 51 3 -0.0418383926 -0.325040966
59 59 78 113 3 -0.0131067503 -0.842285395
37 39 94 101 2 -0.0206768531 -2.17433786
64 72 96 103 0 -0.329080075 -0.463903785
90 92 105 112 2 -0.16920571 -4.07479525
140 140 168 173 3 -0.0460020639 -4.32279062
0 0 91 0 1 -1.22300303 0.786809981
40 40 50 85 3 -0.010781372 -2.11004734
0 0 0 0 4 -0.689333081 7.57818365
124 124 94 109 2 -0.00347833987 -2.18195057
132 133 112 118 1 -0.000343991996 -3.56042361
114 115 36 67 3 -0.000670613023 -4.8091116
34 37 129 132 1 -0.00709052105 -4.24505377
155 158 105 136 2 -0.148333117 -2.17412853
73 73 44 51 3 -0.212493449 -4.42216682
0 0 0 0 1 -0.0486220531 3.11173797
137 138 160 164 3 -0.0782693103 -4.35711956
0 0 0 0 1 -0.239553735 7.2386632
97 101 50 85 3 -0.000159254167 -3.41304588
144 146 81 112 2 -0.000145669386 -4.69754601
52 60 73 76 0 -0.000324331602 -2.22307682
170 171 44 49 1 -0.00779781863 -0.52249378
0 0 0 0 1 -0.0763130933 2.3158195
132 136 76 82 3 -0.0353049189 0.528853893
96 100 22 57 3 -0.00299861282 -2.99803901
0 0 0 0 3 -0.774124265 1.8713243
87 91 59 70 2 -0.00128209323 -2.69273257
0 0 0 0 2 -0.731914699 7.6007247
60 64 77 108 1 -0.00999544375 -3.46655011
85 85 98 104 2 -0.0109075168 -3.17776179
117 117 149 153 2 -0.0085864095 -0.429683328
48 60 119 154 0 -0.00644620694 -1.7197175
0 0 116 118 2 -0.516394556 1.02157712
212 214 71 106 2 -0.00782829709 -1.43735647
66 70 86 93 4 -0.00320868054 -5.33247852
88 94 50 56 0 -0.000241028087 -4.61928177
64 72 85 91 2 -0.000251757796 -1.50634074
139 143 89 124 3 -0.0249622297 0.0495783985
131 131 48 83 3 -0.0132166352 -4.38366652
0 0 0 0 1 -0.672984302 6.91168785
55 57 74 80 2 -0.000789065612 -3.87587261
0 0 0 0 0 -0.343528092 3.01008153
116 118 133 148 1 -0.144540563 0.272701979
49 49 61 66 2 -9.00018058e-05 -3.35888577
22 26 33 68 2 -0.0429688208 -1.80354095
78 81 89 92 2 -0.00290888431 -4.67328644
0 0 0 0 1 -0.0934347138 3.89945531
93 94 109 144 2 -0.000735559035 -3.04347014
216 218 79 114 4 -0.039011471 -3.18856239
0 0 0 0 2 -0.421880096 3.69407678
129 129 90 95 2 -0.0187131688 -1.34557319
0 0 0 0 3 -0.00286061061 5.58315897
62 62 107 111 3 -0.000496303779 -3.02673364
151 156 102 125 3 -0.00129594607 -1.60713339
133 137 119 125 1 -5.67429597e-05 -4.11649179
110 116 136 140 1 -0.000131837965 -2.97009134
27 31 62 71 1 -0.000234816864 -4.49535704
41 45 57 92 3 -2.92061159e-05 -5.10061026
98 99 122 0 2 -0.588389695 0.398044467
80 84 125 160 3 -0.015427513 -0.588534355
42 46 51 66 3 -0.0905422717 -1.76087666
107 110 121 128 3 -0.000810779224 -4.51584959
119 123 26 28 3 -0.0860797763 -3.8257463
82 88 141 148 2 -0.271948338 -0.889323831
111 116 145 180 3 -0.000136013725 -3.37196112
0 0 0 0 2 -0.00255853264 4.40800285
122 125 49 64 3 -0.116903536 -0.679998696
17 20 110 145 3 -0.006213733 -3.40623498
18 21 95 103 1 -0.159681052 -1.52122617
0 0 0 0 2 -0.00285982899 4.24416304
41 45 69 74 3 -0.0257383492 -1.0556016
0 0 0 0 2 -0.189604044 3.72320342
107 107 42 44 3 -0.521100283 0.189448357
90 94 39 47 0 -0.000274990656 -4.69502163
54 61 72 103 2 -0.0273606181 0.463023484
34 37 41 52 0 -0.00874332245 -4.21284151
27 32 89 91 3 -0.119197801 1.44044638
129 134 93 93 1 -0.00944814552 -3.90830421
0 0 0 0 2 -0.0954289734 4.11137199
41 45 59 82 3 -0.00143231242 -2.78538609
60 66 42 53 1 -2.21728551e-05 -3.36656666
51 53 105 140 2 -0.100501299 -1.44571877
123 132 143 151 1 -0.223030984 -4.22765112
61 64 76 81 0 -0.0056902105 -4.18989229
59 61 74 76 2 -0.0184231214 -1.73779655
55 58 38 41 3 -0.778148472 0.134530962
116 121 48 55 3 -0.00872226618 -5.1716485
50 53 84 115 2 -0.048874341 -1.67702794
86 90 103 110 3 -0.0660286546 0.128620327
142 149 71 86 2 -0.114826038 -3.95117092
82 89 131 166 1 -0.000246874668 -2.05491662
43 48 83 89 0 -0.0478378758 -4.28043795
123 130 199 206 0 -0.0850426853 -3.88478684
105 109 83 90 1 -0.307465285 -1.71044636
90 90 48 79 3 -0.000658379984 -3.73764181
0 0 0 0 2 -0.0223925784 7.2107749
64 69 53 58 1 -0.000102041718 -4.13486147
0 0 0 0 2 -0.330778003 2.52598667
0 0 0 0 2 -0.197164118 3.08404183
0 0 0 0 0 -0.247321159 5.17337513
0 0 40 75 0 -0.843857765 -0.625317574
78 78 201 236 1 -0.327082932 -2.21385837
0 0 0 0 3 -0.509321094 7.28647041
131 139 66 101 1 -0.0031246515 -3.46364737
61 65 79 87 0 -0.00700616091 -5.51708412
0 0 0 0 2 -0.000767514866 5.60337114
107 114 80 90 2 -1.06732583 -1.01354361
108 113 88 93 1 -0.000281791203 -2.11030102
43 0 64 70 1 -1.23827541 5.03184414
159 163 47 78 1 -0.0163009763 -1.38027978
0 0 0 0 3 -0.00300597027 4.68016243
41 47 0 0 0 -1.10811222 0.988689125
0 0 0 0 3 -0.689506054 6.57580566
125 129 76 111 3 -0.0111762499 -5.21783066
119 120 137 172 2 -0.00294688414 -1.95247936
67 71 88 96 1 -0.00623849966 -4.01693916
123 127 70 105 2 -0.000820319634 -3.46143222
137 142 51 86 4 -0.00269683707 -2.90361667
0 0 0 0 2 -0.00204429636 5.60606432
117 123 151 0 1 -0.0640057772 0.51704824
112 114 97 102 1 -0.000422098092 -0.970965862
48 53 106 109 1 -0.263793707 -1.19679177
80 83 20 23 3 -0.00625457102 -2.13190269
17 24 29 36 1 -0.0816181824 0.0504283905
0 0 0 0 2 -0.000159495656 4.76657438
34 37 85 93 2 -0.01438908 -4.78477287
67 69 87 91 2 -0.123123467 -0.857049406
62 69 45 47 2 -0.000689363282 -3.50985575
40 47 58 81 0 -0.0109183555 -1.31915748
64 70 40 41 1 -0.313911557 -0.549753845
51 55 144 148 2 -0.0334185064 -1.60521674
162 162 78 82 2 -0.0104622217 -1.32727242
83 88 99 134 4 -0.00347990566 -6.46886396
98 99 116 124 2 -0.00302597368 -2.54152918
127 128 27 62 2 -0.00298311352 -2.26773071
29 34 91 95 1 -0.184153423 1.63353705
86 86 19 24 3 -0.000385118125 -3.82072902
0 0 0 0 1 -0.539141476 7.79295206
45 47 110 145 1 -0.000731765293 -4.17574883
0 0 0 0 2 -0.00207835599 4.76856184
122 128 180 186 3 -0.00106795714 -3.92428994
129 135 145 151 0 -0.00608304748 -4.65633059
115 118 136 141 3 -0.00302181556 -6.11780882
74 116 129 137 4 -0.904839575 -1.81571031
90 92 105 108 2 -1.585479e-05 -3.44688511
46 49 79 87 2 -0.0208702646 -2.86295342
95 99 42 77 3 -0.00108965428 -3.96337748
141 144 84 86 0 -0.000995588955 -1.64483047
133 135 91 94 2 -0.0202219523 -1.30409217
35 41 49 84 2 -0.00279422593 -1.92434502
88 92 108 112 4 -0.000569167663 -1.09768605
32 34 48 83 2 -0.000189773156 -2.98981881
0 0 0 0 2 -0.245548099 4.52342606
0 0 0 0 3 -0.32763201 1.03051329
44 44 77 84 3 -0.005834952 -3.72129631
129 134 39 74 1 -0.0797126889 -0.927113771
117 118 132 155 2 -0.00100010098 -3.01158881
60 64 77 92 4 -0.000304087327 -3.76397038
169 173 47 82 4 -0.00133805431 -5.26946449
35 37 132 137 2 -0.000344009197 -4.24308348
0 0 0 0 3 -0.118883461 3.01279354
46 49 114 121 3 -0.000346859539 -3.20589733
50 55 72 83 3 -0.000104901272 -4.03923655
107 111 39 74 4 -0.000428880594 -2.48974633
0 0 0 0 1 -0.16593492 3.64205813
140 146 89 97 0 -0.00242521963 0.944889963
34 34 73 96 2 -0.000259861059 -5.13014221
31 35 114 116 2 -0.00114142068 -3.04065681
62 67 141 152 1 -0.0153828925 -2.09425569
30 38 145 149 1 -0.000341150328 -4.32362413
75 76 96 104 3 -0.000706111896 -2.95062947
145 145 56 91 2 -0.00329184812 -1.61364222
137 141 159 174 2 -0.00010192176 -4.80881405
118 122 134 141 0 -0.0439152196 -3.61118746
0 0 0 0 2 -0.00431191223 2.94156909
123 126 47 52 1 -0.0419824868 -0.208758414
0 0 0 0 2 -8.24909221e-05 6.12178087
71 74 54 61 1 -2.92061486e-05 -2.87076783
73 73 108 143 3 -0.771036625 -0.0807679892
105 107 118 123 2 -0.00348217948 -2.97089005
0 0 0 0 1 -0.000315417681 5.69163752
44 49 110 145 3 -0.0705205947 0.859283268
51 52 113 136 3 -0.000562858302 -3.17771602
136 140 48 54 3 -0.00499033788 -2.56756663
145 148 75 82 3 -0.0569794029 -4.19277668
0 0 0 0 4 -0.832057476 7.40686989
86 88 98 133 2 -0.00821800623 -1.92329884
35 38 44 79 1 -0.00885212235 -3.23872185
0 0 0 0 2 -0.400031745 3.19574285
126 133 145 168 2 -0.000795348606 -4.3473711
75 78 91 97 0 -4.73256368e-05 -5.28222322
173 174 41 46 4 -1.09975517 -2.66966915
118 123 50 65 1 -3.71930473e-05 -3.86960745
78 78 55 62 2 -0.000111099856 -3.11899734
39 42 54 61 3 -1.02712035 1.80244374
57 60 117 120 2 -0.00343279773 -5.75908756
103 109 55 90 1 -0.0067023579 -3.81430364
122 125 179 186 4 -0.00470396783 -3.78913975
85 91 63 67 2 -0.000902944244 -3.71632957
126 131 154 160 2 -0.000117537464 -2.49302506
33 34 91 96 2 -0.0409865789 -1.69700408
0 0 0 0 2 -0.716370761 3.00563145
107 112 65 100 1 -0.0106863035 -1.15649748
0 0 0 0 4 -0.231543273 2.34718895
0 0 0 0 2 -0.017931046 3.21226549
37 40 120 131 2 -0.000673680392 -3.21562529
48 52 92 100 4 -0.000693675247 -2.26131058
66 69 85 120 0 -0.00252437103 -3.17650652
87 97 68 74 0 -8.10613201e-05 -3.46320462
101 104 163 166 3 -0.00100740488 -4.36188316
116 120 49 60 0 -0.00108690548 -4.61062002
75 80 89 97 1 -0.0015351607 -1.75886416
156 160 191 200 2 -0.00188859145 -3.60526276
0 0 0 0 1 -0.0604408905 3.21384025
104 110 39 74 1 -3.34976758e-05 -3.80491734
61 65 102 109 4 -0.000971554429 -3.84243894
59 63 128 134 0 -0.00100309693 -4.11946249
0 0 0 0 3 -0.183147773 3.80919766
138 139 55 66 3 -0.000591525866 -4.78026915
104 107 125 160 1 -0.00276491139 -3.82974672
61 61 27 42 3 -0.00170130632 -3.00435233
32 32 70 93 3 -0.000906963192 -4.68702078
147 152 100 104 1 -0.821442664 1.51161551
107 110 130 135 3 -0.000206936806 -4.07765388
66 73 110 117 3 -0.00299196225 -2.26677155
44 45 106 109 2 -0.00049353647 -4.41709423
118 120 133 137 1 -0.00509578688 -2.75247407
131 134 146 181 3 -0.00069341209 -3.63988709
0 0 0 0 2 -0.0160210747 5.11727381
133 140 34 69 2 -0.000111458568 -3.43469453
66 66 83 90 2 -9.53672952e-06 -6.37192106
81 84 92 98 1 -0.000149837666 -5.71528864
0 0 0 0 1 -0.669396162 7.33431911
72 75 89 124 2 -0.00835481659 -2.3487823
120 128 43 51 1 -0.000582341687 -3.26771808
48 49 63 67 2 -0.00196530856 -5.27929449
0 0 0 0 2 -0.00331656262 4.27784634
45 45 172 207 2 -0.00118582463 -6.46898937
112 113 82 88 2 -0.000156397102 -2.0842948
0 0 0 0 2 -0.000367222616 5.92374706
113 117 129 134 2 -0.00014113613 -4.35371923
104 105 41 76 2 -0.021810282 -2.17217684
69 71 135 137 2 -0.0588670596 -3.82365465
26 29 96 131 4 -0.00417387439 -3.45076156
61 66 105 128 0 -0.0110933939 -3.3658731
85 86 66 74 2 -0.000179165916 -4.60118151
81 82 112 127 3 -0.00963216275 -1.77006316
70 77 115 130 1 -5.67428433e-05 -4.01065874
79 83 132 138 2 -0.631483078 -0.0201151967
130 134 112 115 1 -0.000136370625 -3.56249666
117 121 49 52 4 -7.04509293e-05 -4.0395999
54 57 92 103 2 -0.946336091 0.0996214151
0 0 0 0 2 -0.852781117 5.58331108
70 74 86 117 1 -0.00315167778 -1.3153193
0 0 0 0 2 -0.000448191131 4.09843779
77 77 28 34 3 -0.0282414965 -3.33701873
97 102 114 116 2 -0.000225295968 -1.8403275
142 145 96 131 0 -9.6081174e-05 -3.69311976
152 157 173 208 2 -0.00651297066 -2.30863094
84 101 71 75 2 -1.32465005 -2.34006095
57 62 70 76 2 -1.49011175e-05 -5.169559
83 83 52 61 3 -0.000268326432 -2.163692
82 82 101 136 3 -0.000187628364 -1.1575253
0 0 0 0 2 -0.039221935 3.45316267
126 131 48 83 2 -0.00107345707 -4.84693766
107 109 50 85 3 -0.0744719133 -3.53253365
53 55 121 123 3 -0.000698940014 -3.31818128
0 0 111 117 2 -0.225521937 0.19986999
119 119 50 85 2 -0.0037191452 -3.29832482
47 51 55 62 3 -0.587160468 -2.60320759
0 0 0 0 2 -0.0695739537 5.94126177
47 52 66 68 2 -0.00693029445 -1.16434813
94 97 39 46 1 -0.00175315468 -2.9503665
111 111 61 96 4 -0.0255911183 -3.89163423
0 0 0 0 2 -0.00224129297 3.95934129
48 51 76 82 4 -0.0129489284 -0.954362512
133 133 87 122 3 -0.00817981083 -4.31449747
139 140 101 106 3 -0.280164599 -0.0874890685
12 18 23 34 0 -0.0994107574 -2.28959155
46 52 57 60 1 -0.00631512422 -2.74892712
130 132 46 51 2 -0.000785858021 -4.99047422
40 43 60 83 1 -0.000224452859 -3.38324571
53 60 133 144 0 -0.000786899473 -3.19093108
0 0 0 0 0 -0.0259177536 7.22026443
37 40 93 99 0 -0.253490388 0.191302001
26 30 46 81 1 -0.00356941344 -4.12100315
110 115 129 134 3 -0.006440375 -2.38046646
74 74 59 61 3 -4.00540048e-05 -3.82771826
35 39 75 110 4 -0.0120434426 -0.84814167
64 68 110 145 1 -6.56834018e-05 -3.27572107
112 113 66 101 3 -0.000170107218 -4.62529516
98 101 115 123 1 -0.0126091782 -3.02526855
57 57 113 119 3 -0.000738119241 -3.13482022
0 0 0 0 1 -0.00318843778 3.78503346
117 124 87 102 1 -0.108561233 -4.87062931
90 94 117 132 2 -0.000287383358 -5.89101458
57 62 123 129 1 -0.000704975624 -2.52083969
65 65 75 98 3 -0.000388478074 -2.27216005
50 51 65 74 4 -0.00253558997 -2.45846677
0 0 0 0 2 -1.11891103 7.16572762
91 92 109 115 3 -0.0321464688 -1.4698813
0 0 0 0 1 -0.00708887633 5.81062794
163 165 120 143 2 -0.00381826377 0.277495384
39 45 75 86 0 -0.00084205711 -3.84111118
135 135 88 123 3 -0.403078437 -1.95374227
99 100 28 51 2 -0.0340937115 -2.15124393
51 59 68 75 0 -0.000458201335 -2.25699449
0 0 0 0 2 -0.00437231781 6.12551785
16 16 57 95 2 -0.0113047324 -0.356184542
68 70 108 111 1 -0.0214701369 0.89473027
0 0 0 0 3 -0.0380729511 4.24311733
111 114 55 90 4 -0.0182994902 -2.25916982
30 34 96 102 0 -0.00217268639 -2.29432678
0 0 0 0 3 -0.02161148 4.89813185
66 67 78 81 3 -0.574577808 -1.40362144
122 125 147 154 1 -0.217743233 -0.856879592
34 34 42 73 3 -0.0650762171 -0.473044813
37 38 52 58 3 -0.0112719908 -3.3583324
0 0 0 0 4 -0.384687185 7.90335608
182 189 57 92 0 -0.234887078 -4.84823799
0 0 0 0 2 -0.61406821 6.48579741
0 0 0 0 2 -0.148362771 7.06031704
71 75 86 93 1 -0.00311825518 -4.21570539
51 55 118 129 2 -0.00409249868 -4.98104
139 143 113 121 4 -0.000175589899 -3.69311571
113 119 45 54 4 -0.000317429018 -2.63917065
88 93 101 108 2 -3.34974538e-05 -3.70177293
34 37 101 107 3 -0.00542494236 -3.15176845
39 46 70 85 1 -0.0012843993 -4.80642653
0 0 0 0 3 -0.91380924 7.35211563
30 35 92 0 1 -0.71511215 1.90624022
0 0 0 0 3 -0.223588288 4.24625349
184 191 41 76 2 -0.00112336781 -3.95457315
42 42 56 63 2 -0.00156658026 -1.79665709
106 111 80 89 2 -0.000371184928 -3.7744
162 162 94 125 2 -0.01981741 -3.8331728
92 96 57 72 2 -0.0318125263 -2.08397913
80 84 90 94 3 -0.305986077 0.472037673
100 103 125 127 1 -0.000171777152 -2.49990773
84 89 117 122 0 -0.0024294157 -1.31792951
50 56 84 115 0 -0.000106449952 -4.54423428
95 99 114 120 3 -0.000667155255 -3.78604603
43 51 101 136 2 -5.7100704e-05 -4.02876854
62 65 146 154 2 -0.111941561 -0.92365849
0 0 0 0 0 -0.010743632 4.6002183
133 138 61 69 2 -0.00854549557 -6.24734831
0 0 84 0 2 -1.38274217 2.06966496
41 49 60 75 0 -0.0241026264 -4.64101124
135 135 105 113 3 -0.000109312918 -2.51007509
131 134 150 185 2 -0.000204199197 -3.65013433
134 139 88 92 3 -0.0875223875 -3.11315417
70 73 85 91 2 -0.000723649049 -3.6052053
0 0 0 0 2 -0.0133284591 3.27892852
87 87 58 73 3 -0.000153532266 -5.64766979
49 54 38 43 4 -0.000111100308 -2.92484689
159 164 118 125 2 -0.00972501095 -3.41260719
97 100 42 49 2 -0.356818736 -2.0516994
56 60 71 106 2 -0.03737792 -3.21786928
116 119 92 98 2 -0.00132658915 -2.12335253
104 110 63 67 2 -0.000931380317 -3.41583872
171 171 55 90 3 -5.00673996e-05 -2.53106093
0 0 0 0 2 -0.0762788132 7.20397806
0 0 0 0 2 -0.309524983 6.97759151
231 233 178 213 1 -0.183333412 0.0424452722
37 37 82 117 3 -0.199498117 1.00552201
55 60 96 103 2 -0.0179700311 -1.8147192
148 152 99 134 2 -0.00970671326 0.444567442
123 127 201 212 2 -0.501866937 -2.51771832
0 0 0 0 3 -0.00361337326 5.32118797
0 0 0 0 2 -0.0305540841 4.67394733
130 133 146 153 3 -0.0640005693 -1.7959137
221 229 146 153 0 -1.4356246 0.272374153
49 52 70 77 4 -0.00378118549 -1.15800238
17 27 31 38 0 -0.0936777368 -2.17221332
67 74 48 52 3 -0.0127003556 -2.31857991
42 49 57 64 1 -0.000197523594 -3.70137382
50 54 72 74 4 -0.0551259629 -2.78001332
0 0 0 0 1 -0.00978342444 2.9926188
147 148 44 55 2 -0.0144046489 -2.75253367
106 107 61 96 2 -0.000347357447 -3.15294003
0 0 0 0 3 -0.201045483 4.03887272
0 0 0 0 3 -0.422576308 3.17065001
0 0 0 0 3 -0.0837595761 6.30210781
123 127 44 48 4 -0.0185372755 -5.09615278
0 0 0 0 1 -0.384724051 3.7117579
142 146 115 124 3 -0.00112817332 -3.24177337
40 44 47 70 3 -0.325670481 -2.61660862
75 77 114 129 2 -0.00224851235 -1.68376946
36 38 46 52 2 -9.3816052e-05 -4.24013138
112 112 41 72 3 -6.21075669e-05 -4.5105238
128 132 53 88 0 -0.0365379304 -5.11660337
0 0 0 0 4 -0.00205392018 4.92503071
0 0 0 0 2 -0.00542016886 2.72829914
0 64 77 84 0 -1.31871343 0.198303819
0 0 0 0 2 -0.00040075084 5.5943985
106 106 82 93 2 -0.010050334 -0.511970282
47 53 102 107 0 -0.00814593025 -0.139810175
51 52 99 103 2 -0.00540568773 -1.17424238
53 61 76 85 3 -0.00239682989 -5.03888369
0 0 0 0 2 -0.333627671 6.66344213
0 0 0 0 0 -0.00154221465 5.54687262
0 0 0 0 0 -0.105926566 5.57529449
120 121 136 145 2 -0.00675330311 -3.70795894
27 31 37 60 3 -0.122609146 -1.02563667
0 0 0 0 1 -0.0369682088 6.36932802
135 139 43 74 2 -0.00210924377 -2.56538773
29 30 40 47 2 -0.00680217054 -1.79827809
0 0 0 0 2 -0.0081229927 7.04126501
101 102 173 208 3 -0.0145128751 -0.04512918
116 117 55 90 2 -0.00923251174 -4.08694601
99 100 108 119 2 -0.0117883347 -2.8312149
0 0 0 0 2 -0.0138309635 5.87719965
98 103 51 82 1 -0.000824267161 -4.81311226
0 0 0 0 3 -0.0175840035 7.38600111
62 62 163 174 2 -0.0364717655 -4.26302624
64 68 99 110 3 -0.000389525463 -3.68714571
62 69 37 48 2 -0.00196526013 -2.65699553
111 117 128 163 3 -0.000644913816 -3.65223289
99 99 106 114 3 -0.703213811 0.509823799
154 160 131 135 2 -0.000708842999 -2.69475532
49 49 112 117 3 -0.00342798652 -0.604617834
78 81 46 69 2 -0.00491736224 -2.37402225
86 86 92 127 3 -0.00413376652 -0.222514987
27 35 83 88 1 -0.00293080602 -4.13041258
0 0 0 0 3 -0.077836141 5.24547672
79 81 22 45 1 -0.0119610308 -0.43571052
93 96 109 124 2 -0.000173682914 -3.05677748
110 113 142 145 2 -5.01864706e-05 -5.05368233
88 91 50 52 2 -7.55774454e-05 -3.87623715
94 96 85 88 2 -5.47163727e-05 -5.09916973
84 86 117 152 2 -0.0219210349 -2.73406649
0 0 0 0 3 -0.080272533 2.17675519
80 85 101 124 4 -0.00106749497 -5.46401215
125 129 45 56 1 -0.00015770903 -3.3687396
92 99 68 83 3 -0.461997747 -0.740810931
0 0 0 0 0 -0.00300765852 6.91458893
33 35 113 121 2 -0.000634865311 -3.90601325
118 124 91 96 2 -0.0028075031 -4.58180618
44 46 115 126 2 -0.00950024836 -3.35996151
12 12 16 24 2 -0.38642779 1.08793831
0 0 0 0 3 -0.178303659 6.87022257
155 155 65 100 3 -8.1062235e-06 -4.0320425
109 115 130 145 0 -0.00853349827 -2.512146
86 94 51 62 2 -0.000159374467 -5.75799417
110 113 129 136 3 -0.0064773229 -4.78622103
0 0 0 0 4 -0.687981248 6.94510126
0 0 0 0 3 -0.265933633 6.75835085
174 182 214 222 1 -0.0160839092 -1.7622118
0 0 0 0 3 -0.378607005 5.35253811
80 82 35 70 2 -0.00316188112 -4.08226156
35 37 48 63 1 -0.000449142302 -2.20839477
115 120 131 137 0 -0.00118348736 -4.45130157
224 224 101 136 4 -0.0932873636 -4.51456833
22 27 34 69 0 -0.0448900796 -5.36641836
49 53 63 74 2 -0.498866677 -0.618075788
0 0 0 0 0 -0.841397524 7.45643234
157 160 89 120 2 -0.00347753009 -1.29731965
157 164 100 135 2 -5.32861559e-05 -4.39910984
0 0 0 0 2 -0.506320596 7.64368486
117 118 141 144 3 -0.0299371872 -3.83735323
132 136 37 72 3 -0.000277254381 -6.19862413
100 103 50 0 3 -0.894560277 0.904882133
57 61 120 123 3 -0.0812012702 -1.89487886
0 0 0 0 3 -0.838410735 2.59288168
124 131 73 108 0 -6.47299312e-05 -4.63077402
240 241 110 145 2 -0.744909525 -1.5908041
115 118 127 142 2 -0.148273155 -1.1957109
0 0 0 0 3 -0.361779511 4.88861418
82 85 94 129 2 -0.000295736769 -5.35364437
96 97 177 212 2 -0.104185283 0.0666168332
97 103 113 118 1 -0.00220744824 -2.30189133
40 46 55 90 2 -0.00644313125 -3.535115
49 49 64 68 3 -0.0102737844 -1.80673075
50 54 65 72 3 -1.65700367e-05 -5.11237574
116 119 86 88 2 -0.00159132085 -3.49774218
151 154 123 127 1 -0.00147721299 0.465642452
83 83 94 98 3 -0.000425876206 -1.64665675
67 71 133 139 0 -0.00767500326 -1.2801981
0 0 0 0 0 -0.351226032 4.61261702
38 44 48 55 2 -0.0739283636 1.28306055
76 81 48 52 1 -0.0195533577 -0.125754625
101 105 54 89 3 -0.0116286101 -2.3996172
0 0 0 0 2 -0.0180439893 3.96887469
110 113 33 68 3 -0.00651025446 -5.34332371
0 0 0 0 1 -0.0184029173 2.39946938
168 171 151 153 2 -0.0195828564 -1.07984066
0 0 0 0 1 -0.405716777 2.31222463
84 86 105 140 2 -0.697794199 -1.79530454
51 52 101 136 2 -0.0380202495 -1.81049466
62 66 94 129 1 -0.059290424 -4.46904469
47 47 52 60 4 -0.0684972256 -1.30584967
0 0 0 0 1 -0.125204772 5.60365248
28 30 47 54 1 -0.0118499249 -0.992021143
107 111 164 199 2 -9.09543087e-05 -2.97556424
179 179 58 93 2 -0.000684404338 -2.87279987
109 112 124 129 1 -8.18951303e-05 -3.10376525
112 115 132 136 1 -0.000487734826 -2.63869405
0 0 0 0 1 -0.888980985 6.65179825
73 73 55 60 3 -5.85310663e-05 -4.77403402
45 49 62 66 0 -0.0766586289 -4.48267365
72 76 27 62 4 -0.000733003777 -3.9283669
0 0 0 0 1 -0.684064984 6.81951857
40 41 49 84 2 -0.00036463156 -3.18893027
105 108 120 124 2 -8.40415451e-05 -2.08144593
121 125 136 144 2 -0.53135711 0.19221729
153 161 101 132 1 -0.0278013777 -0.910764217
0 0 0 0 2 -0.761357069 6.17391348
117 124 83 85 0 -1.12476683 0.402159452
69 71 49 56 2 -0.000254144717 -4.96616936
92 96 106 114 3 -0.338359594 -3.10597062
105 108 125 133 2 -0.124324262 -1.56934929
49 53 137 172 3 -0.00274859997 -5.52160406
80 83 118 121 0 -0.00439486234 -3.85542464
116 119 50 56 2 -0.00042182504 -2.05348182
69 73 87 102 3 -0.0220978111 -2.81247449
0 0 0 0 4 -0.034855295 7.00140476
64 67 77 112 4 -0.000119206663 -6.3355279
99 103 138 142 0 -0.00022719962 -2.93392897
0 0 0 0 2 -0.000701489975 5.16557312
33 37 113 121 3 -0.183635861 -3.90094256
99 104 110 115 0 -0.000438395335 -1.4866395
79 79 59 63 3 -0.157777578 -0.304441363
136 141 155 170 2 -0.43013978 -3.92353773
97 97 131 166 2 -0.0145189427 -1.70962644
105 108 38 45 2 -0.000680836849 -2.04839373
82 85 95 130 4 -0.00110906945 -3.6240952
41 42 57 72 3 -0.0975025743 -2.9688189
104 111 186 188 2 -0.000384403451 -2.71898818
94 98 111 117 2 -0.00870935339 -1.47383952
0 0 0 0 2 -0.0406170413 3.35119462
128 132 37 72 3 -0.0151141956 -1.19610023
46 50 69 73 1 -0.0580592155 0.392129898
106 106 114 145 2 -0.00278376159 -2.42934942
63 65 48 54 2 -3.7550366e-05 -4.57575655
0 0 0 0 2 -0.000763924094 5.38753748
131 131 88 90 4 -0.0208271332 -4.91222811
134 134 54 59 3 -0.000247826625 -2.63729644
0 0 0 0 2 -0.00628762273 6.42167711
0 0 0 0 0 -0.428739309 8.01163006
0 0 0 0 2 -0.00533014443 3.11738396
0 0 0 0 3 -0.0852116048 3.03072476
118 119 99 106 3 -0.326302916 -3.5183239
0 0 0 0 0 -0.110009253 5.32582045
0 0 0 0 1 -0.470444977 4.30070305
0 0 0 0 2 -0.598819017 1.58190346
41 41 53 88 4 -0.000162714598 -3.64889908
52 57 129 131 2 -0.000271668483 -4.56142569
15 18 31 29 4 -0.66498518 -4.07311249
118 123 34 39 3 -0.00195481232 -3.35903263
146 149 124 130 3 -0.00301870727 -3.52142549
110 112 125 130 2 -9.92990317e-05 -4.22772455
55 58 71 75 3 -7.09286614e-05 -3.60112405
58 60 94 117 3 -0.000219577138 -3.70196128
85 88 141 176 0 -0.000139590542 -2.61709833
34 35 52 56 2 -0.0112698581 -3.21422744
99 103 20 55 2 -0.0106844474 -3.36856842
0 0 0 0 1 -0.0211191848 3.54490352
53 53 112 114 2 -0.0023148139 -4.00873899
0 0 0 0 3 -0.0824354514 6.19155264
115 118 127 134 1 -0.000422215875 -0.467960864
125 130 42 57 0 -0.0001116969 -2.44831896
70 73 152 187 2 -0.106285587 1.53994966
98 101 77 85 3 -0.00218732026 -2.66717958
59 63 113 120 3 -0.000434225076 -4.58233213
207 211 148 183 4 -0.0503650047 -3.33191538
47 50 130 165 1 -0.000990543282 -1.79136443
111 111 125 128 3 -0.0102181584 0.553810775
134 134 108 123 3 -0.00893521495 -2.23378468
104 110 121 136 2 -0.000195970933 -5.16032362
70 70 77 92 3 -9.23843327e-05 -5.09765244
0 74 54 58 1 -0.836666822 0.960825503
48 50 84 88 2 -0.00464367727 -4.25009298
83 83 38 42 3 -0.000609196373 -2.3523488
88 88 102 110 3 -0.00202693371 -1.46449041
0 0 0 0 3 -0.180879042 3.99495816
40 41 98 109 2 -0.000189176353 -5.30787039
69 76 135 142 2 -0.000126951971 -4.11007023
107 113 128 129 1 -0.00755138882 -3.49341536
94 102 74 81 3 -7.60547264e-05 -2.04961896
66 66 104 139 3 -0.108881332 -2.41757607
0 0 0 0 3 -0.274373114 3.79686522
68 72 90 113 3 -0.00131808745 -0.932791889
105 105 116 131 3 -0.00523274951 -3.4800992
58 67 108 115 1 -0.0197555516 -1.11455297
208 214 81 116 2 -0.00152440532 -1.84296679
54 54 61 65 2 -0.000390229863 -2.18155122
135 139 53 68 3 -0.00217481656 -4.36701441
94 98 52 87 3 -0.0123412265 -1.53756428
51 57 94 105 1 -0.00347653637 -2.34954
65 71 115 150 1 -0.0101267975 -5.08477068
45 47 60 68 2 -4.25573926e-05 -4.85300446
130 131 59 94 3 -0.893044889 -2.10708404
130 134 50 54 0 -0.00011551191 -4.20260096
118 119 134 139 3 -0.00167322496 -2.43870354
111 111 120 125 4 -0.0175016727 -2.22190332
129 137 160 169 2 -0.0487727597 -6.0596571
107 107 121 136 3 -9.07159847e-05 -4.5126524
53 56 187 189 2 -0.00342229125 -4.17931223
0 0 0 0 2 -0.000260084023 6.5325923
212 212 49 84 3 -0.000591197051 -2.70727491
35 37 59 94 3 -0.00342476391 -2.33193922
0 208 0 0 2 -1.48563433 0.456280291
168 170 16 65 1 -0.247141168 1.76312566
82 85 94 129 1 -0.0220732596 -3.77852201
75 82 137 172 0 -0.051378604 -2.84043813
133 136 76 111 3 -0.87615639 0.797885001
0 0 0 0 2 -0.00214827666 4.87896538
85 89 29 64 3 -0.260880232 -1.22636425
71 75 88 123 3 -0.708462417 -1.56294012
93 98 44 51 1 -0.00416520238 -0.935696423
0 0 0 0 3 -0.0251124632 2.6704042
57 58 75 98 2 -0.0330920853 -0.476027519
0 0 0 0 2 -0.0155579476 7.6208787
108 108 130 145 3 -0.190608323 -3.83593893
49 54 114 121 1 -0.0108179208 -3.69571733
88 88 107 114 3 -0.988301218 0.755498469
103 108 46 69 1 -3.98155134e-05 -4.93361092
0 0 0 0 3 -0.00148702972 6.56259012
16 21 25 60 2 -0.0344540961 -1.6640017
93 97 109 124 3 -0.00213413546 -2.54134464
63 67 103 138 2 -1.2040111e-05 -3.15950012
171 171 113 116 3 -0.612154365 -3.35297918
131 137 88 119 1 -0.150620699 -0.317913383
72 81 133 140 0 -0.00782950781 -2.98357058
55 66 135 139 0 -0.0736914128 -0.312122345
94 97 162 167 0 -0.0335398279 -5.18591356
35 35 103 138 2 -0.00115533103 -2.91974258
16 18 39 43 3 -0.0224737395 -1.19420457
44 48 58 93 3 -0.000515711785 -2.38911176
105 109 33 37 2 -0.000349026028 -4.66905212
67 71 87 93 1 -0.00368364435 -0.33520627
131 135 153 160 1 -0.000119921766 -3.78030849
134 140 44 79 0 -0.000452424283 -5.34582853
46 48 123 134 2 -0.0538705587 -1.52094603
120 120 89 93 3 -0.0170116983 -0.654762149
91 96 105 110 1 -0.000700868666 -2.76837778
104 106 45 80 1 -0.0316729583 -3.9303925
144 150 118 125 2 -0.0031917945 -4.92334127
58 65 32 36 1 -1.78813498e-05 -4.06859827
74 77 58 63 2 -0.000527439814 -2.97107553
88 89 109 116 1 -0.0130820442 0.270233929
103 107 137 140 2 -0.0164436102 -1.66291523
12 12 17 22 4 -0.0293484554 -0.399300694
12 19 23 38 0 -0.0164712649 -3.30156636
93 96 105 116 4 -1.64508183e-05 -4.86865091
43 46 56 63 3 -3.27823509e-05 -4.06517267
68 68 81 116 3 -0.00201162626 -4.78117275
85 85 37 52 4 -9.82244528e-05 -4.68488836
121 124 81 104 2 -0.0235466659 -2.95129848
48 52 73 88 4 -0.000763999065 -2.75944757
107 107 61 66 3 -0.000115269962 -4.16408348
130 130 111 115 2 -0.000124929182 -3.76211524
58 64 106 117 2 -6.61600934e-05 -4.41546869
92 96 70 78 1 -7.74850778e-05 -2.65186
38 38 56 61 4 -6.43720559e-05 -3.90813708
43 47 67 78 3 -0.00103302533 -4.25210333
53 56 66 97 3 -0.0017441432 -0.984175861
55 57 66 74 2 -0.00949910376 -3.28660178
37 40 44 67 1 -0.000640260696 -2.37567425
54 57 36 44 1 -0.020917261 -4.92410564
41 41 45 51 2 -0.0124108214 1.56857753
92 92 33 68 2 -0.000424710539 -2.63978672
41 50 92 127 0 -0.000464880723 -4.02347374
101 104 112 117 2 -0.00126569998 -3.70577574
81 85 93 128 3 -0.000414211681 -4.91245127
91 94 113 121 0 -0.00700251618 -2.57636189
106 106 45 47 3 -6.10343159e-05 -2.37319708
37 37 55 57 3 -0.00431406312 -3.06996775
56 57 74 109 3 -0.00345034827 -4.70109177
50 53 65 72 2 -0.000395128649 -3.8428371
95 96 36 71 2 -0.000927846704 -5.00147104
106 112 75 90 2 -0.00046202098 -3.51684022
58 59 90 125 3 -0.00158426166 -3.3637774
104 108 87 94 0 -4.94708474e-05 -2.93888664
90 90 114 120 3 -0.00516612548 -3.87354302
59 60 75 77 3 -0.00139787572 -5.40959549
94 94 150 173 3 -0.00989617966 -4.33131027
37 37 107 138 3 -0.00120616204 -2.69608665
4 5 8 43 3 -0.248384193 -2.56051922
151 152 47 78 3 -0.00117543701 -4.54784012
123 123 105 108 2 -0.00113009219 -3.60764766
41 41 63 78 3 -0.00501880189 -3.31198454
26 29 33 48 2 -0.578874469 -1.00584471
117 118 57 68 3 -0.198832393 -2.59398603
123 123 86 97 2 -0.000934169278 -4.60642099
69 71 111 112 2 -0.00585226435 -2.57197213
35 35 77 112 2 -0.00535552809 -5.06138277
83 84 56 63 2 -0.0163462125 -1.53207874
68 70 102 109 2 -0.000741620664 -3.55529475
112 117 42 77 1 -0.000633938005 -2.47995806
57 57 77 112 3 -0.000620969862 -5.83694553
67 67 115 150 3 -0.000213965279 -4.08366871
23 29 74 105 1 -0.0156599469 -0.489718616
175 175 123 129 2 -8.35646279e-05 -3.56239319
123 123 57 92 3 -9.81080666e-05 -2.54204774
134 134 96 111 3 -0.000298121362 -3.01451039
113 118 48 79 1 -0.00323648402 -2.04999518
99 101 57 92 2 -0.082579352 -2.68709278
86 88 53 64 2 -0.000410058274 -2.21956229
17 19 40 46 2 -0.00505893957 -2.55489516
49 53 66 97 1 -0.000261529494 -2.59547997
25 25 37 40 2 -0.000123736027 -5.77803516
131 133 148 154 2 -0.000169748208 -3.53695726
82 82 43 66 2 -0.00184595992 -4.68546772
0 0 0 0 3 -0.000345686363 4.77244616
0 0 0 0 3 -0.000789721031 6.45747805
0 0 0 0 3 -0.0917137116 0.691503465
0 0 0 0 3 -0.000230781254 4.9111805
0 0 0 0 0 -0.401608676 6.0077157
0 0 0 0 3 -0.00302706147 4.35161352
0 0 0 0 2 -0.000925244647 5.92319489
0 0 0 0 4 -0.289742619 7.65999556
0 0 0 0 3 -0.597160459 4.7521615
0 0 0 0 1 -0.00448640436 6.27186537
0 0 0 0 1 -0.030445626 3.83529019
0 0 0 0 1 -0.291574776 2.75409317
0 0 0 0 2 -0.0124804582 5.41583586
0 0 0 0 0 -0.38433817 6.52857304
0 0 0 0 3 -0.090733707 6.32216835
0 0 0 0 3 -0.0624771789 2.77649474
0 0 0 0 2 -0.000774258398 6.77278185
0 0 106 108 2 -0.087522313 -0.151218414
107 107 120 121 2 -0.0196996313 -2.04220605
126 130 102 110 1 -0.000150553533 -1.98382115
69 74 50 57 0 -0.00961107202 -1.60238981
18 18 22 57 2 -1.53043139 -3.68896174
172 178 81 116 1 -0.000273926795 -1.28627646
92 96 42 77 3 -0.000196332636 -2.7958324
108 112 51 59 1 -0.00100418716 -3.71677756
129 134 60 95 1 -0.000100611171 -4.73376465
130 133 105 120 2 -0.00085519522 -4.19246292
96 96 110 114 3 -0.000441403157 -2.9626677
119 122 133 139 0 -0.000351394439 -3.09780312
141 142 38 40 2 -0.00183691247 -2.79258299
74 75 92 127 2 -0.000518337474 -3.90790462
35 39 49 53 0 -0.000382243365 -2.37227726
98 105 72 83 0 -7.64120632e-05 -6.04122353
53 58 72 103 3 -0.00774444826 -4.65621042
47 47 69 92 3 -0.0014718225 -2.91951847
132 136 92 123 1 -0.0162070952 -4.02234459
131 131 144 155 3 -0.000621708692 -2.21790814
63 71 225 229 0 -0.668914437 -1.95028186
94 102 40 43 1 -0.000742367643 -3.99884081
86 90 35 66 3 -0.000677385484 -3.66220498
43 47 57 64 4 -0.00106945075 -4.09393024
56 60 82 117 1 -0.0214228127 -3.01566553
0 0 0 0 2 -0.0015779204 2.32594466
150 153 58 93 4 -0.000259862107 -2.44246268
43 47 78 101 4 -0.000247946009 -4.61200809
40 40 52 75 4 -0.0518942922 -1.14133978
40 44 121 128 4 -0.0724826381 -6.39137888
0 0 0 0 1 -0.0132743707 5.61421108
112 116 154 189 1 -0.361281604 0.126846075
16 20 35 70 1 -0.0213090368 -1.47722101
67 74 88 123 0 -0.0318409279 -3.18752861
0 0 0 0 1 -0.477593988 7.55934668
0 0 0 0 1 -0.491406083 7.57535505
179 182 130 145 2 -0.0010707723 -3.64387703
100 104 47 55 1 -7.99885383e-05 -2.2883513
131 134 66 101 1 -0.00563503895 -3.60582089
46 53 34 40 0 -0.0030990683 -3.65245628
109 113 175 182 0 -0.00356606417 -2.08562565
0 0 0 0 2 -0.404332072 4.53561687
0 105 47 49 2 -1.87603104 2.09216452
62 65 108 111 2 -0.00428456767 -2.98330259
176 181 30 38 0 -0.0171848591 -2.67767358
155 159 30 65 3 -0.00143796206 -3.84322548
0 0 0 0 3 -0.173564792 2.35221028
80 84 169 175 2 -0.000124448125 -3.13697743
56 60 48 50 1 -0.000307782553 -2.01398444
0 0 0 0 1 -1.62774134 0.862913787
10 12 22 25 2 -0.00710060354 -1.32741737
96 96 83 85 2 -0.00102344144 -3.42165565
25 32 71 75 1 -0.00575640239 -1.22300577
129 130 117 120 1 -0.00037237184 -4.72841644
70 70 127 131 2 -8.89266084e-05 -4.17629814
116 122 85 88 2 -0.000443905767 -3.44292617
0 0 0 0 3 -0.0256516002 5.36284304
60 65 48 53 3 -3.77890792e-05 -3.76978946
147 151 30 65 3 -9.08341026e-05 -4.21894026
77 85 35 70 1 -0.000278100488 -4.54784441
120 122 140 175 2 -0.206834346 -1.60635686
47 47 84 91 1 -0.105636947 -2.3698163
61 70 80 88 0 -0.00065924396 -0.142996728
145 146 36 44 3 -0.00872897729 -1.83341575
98 103 46 81 3 -0.000177614711 -3.00101304
93 96 113 148 3 -0.000650316128 -2.17114258
47 51 30 36 2 -0.00151246274 -3.17349458
73 76 89 124 1 -0.371914387 0.38529402
0 0 0 0 4 -0.00099166797 5.62006712
101 105 43 58 3 -0.0597330481 -0.910748899
48 54 61 66 3 -0.073131606 -1.37301707
93 96 109 132 4 -0.000196211899 -3.30416369
107 111 123 154 1 -0.00720884465 -1.27186537
155 155 109 144 4 -0.000934791518 -6.17293692
0 0 0 0 2 -0.0791006312 3.51374054
108 109 48 50 4 -0.00220414111 -1.60428023
68 68 88 96 4 -0.000538194494 -1.06967235
112 113 62 97 3 -0.135825768 -2.40885758
49 52 67 74 2 -0.000520662521 -2.65134668
139 141 87 95 2 -0.00114876102 -3.48478246
152 152 71 94 3 -0.00193921907 -4.67812395
121 121 158 189 3 -0.300812364 -0.639214158
79 89 119 125 0 -0.44017908 -2.25124168
117 117 41 43 3 -0.00306247943 -2.99885917
71 76 107 142 3 -0.00091553817 -4.98030424
108 113 126 130 1 -0.0196337681 -2.73792863
54 59 21 36 1 -0.00126770651 -2.16443515
184 189 144 146 0 -0.0072690025 -3.45954132
112 117 149 156 1 -0.0712455362 -3.48840404
105 106 49 55 2 -0.000598926155 -3.83783793
87 87 45 68 2 -0.408644319 -1.06354499
45 51 58 93 1 -0.00197248766 -0.7184062
0 0 0 0 2 -0.480683863 7.51854658
0 0 0 0 2 -0.592131615 6.77270651
0 0 0 0 3 -0.388812006 6.91208363
42 47 59 62 3 -0.00111790828 -3.84194064
49 54 75 82 3 -0.00626393501 -1.86095166
0 0 0 0 4 -0.000956818927 2.81386042
118 129 84 95 0 -0.39044255 -0.690587342
31 37 150 185 3 -0.0359164178 -2.32931089
104 109 42 47 4 -9.98952528e-05 -4.27530003
0 0 0 0 2 -0.000697276322 5.41343689
0 0 0 0 1 -0.0365242064 5.87244749
79 85 52 59 2 -0.0106433537 -1.62027216
151 151 73 76 2 -0.000527847908 -3.0117979
64 65 107 113 2 -0.0135465972 -2.66387868
92 95 106 141 3 -0.000180592833 -4.89420748
93 93 44 51 3 -0.000601305452 -3.99633193
100 104 196 231 2 -0.274254173 0.64785105
0 0 0 0 3 -0.0431139283 4.70331287
72 72 87 92 4 -0.0466337092 -1.38276601
96 102 47 82 1 -0.057634443 -0.117493987
101 102 68 73 3 -0.000509527337 -2.97619462
33 37 42 50 4 -0.00148558454 -2.58236527
119 124 137 168 3 -0.0088405041 -4.0815711
26 32 91 106 2 -0.0285249632 -1.48155951
26 32 115 123 1 -0.00100979314 -0.952369988
0 0 0 0 3 -0.149046853 6.75677824
119 123 132 137 4 -0.000744844147 -4.34111738
111 112 71 106 0 -0.728320658 -4.49253082
94 97 124 159 3 -0.00140600489 -4.03423166
0 0 0 0 0 -0.0937631279 5.68435717
100 102 65 69 2 -0.000357954443 -4.62849283
0 0 0 0 1 -0.0145043079 4.80597496
116 118 140 163 3 -0.0162674822 -3.02027416
33 35 40 49 2 -0.0266773477 -3.22449994
42 42 71 106 2 -0.024565259 -3.20820332
0 0 0 0 1 -0.458259225 6.13525486
121 126 49 80 3 -0.0021804159 -4.52138186
172 175 190 0 1 -0.938210368 1.96772909
138 148 121 126 1 -0.00226550875 -3.14686227
54 54 82 88 4 -0.00137288589 -2.08203292
52 56 78 113 2 -0.00369844306 -3.94038224
59 67 39 46 2 -0.727410913 -1.31579828
115 115 133 168 2 -0.00161866331 -2.72341585
57 64 11 19 0 -0.000939357094 -3.52442765
114 117 124 131 0 -0.00510180881 -0.00289484859
109 111 44 79 2 -3.07558148e-05 -5.16612864
49 49 59 65 2 -0.000552688551 -1.28817248
66 69 83 90 1 -0.0199858714 -4.46475506
161 166 55 90 4 -0.000281081884 -2.65994406
119 122 96 100 1 -0.00051492115 -3.86568332
68 76 97 132 4 -0.00154667068 -2.44962692
42 44 31 36 1 -0.000181666968 -3.44440722
149 149 46 54 2 -4.41069024e-05 -4.19259787
99 99 108 115 4 -0.000970485969 -3.91755366
47 50 69 76 1 -0.1699972 -3.02396774
80 83 118 126 0 -0.0424131714 0.0850014091
92 94 107 122 2 -6.73521718e-05 -3.2920115
138 138 65 80 2 -0.000546735013 -5.21747923
77 84 93 128 2 -0.0238298718 -0.298516303
89 95 107 113 2 -0.33807826 -1.21702552
167 167 149 151 2 -0.00352235674 -3.43665481
71 76 46 52 0 -0.0653726608 1.42484975
21 25 51 58 4 -0.0998281464 -1.05229867
102 103 118 129 2 -0.10253422 -0.0211471915
81 85 64 70 2 -0.000201812451 -3.40631366
51 52 68 71 4 -0.0120516028 -0.711844921
0 0 0 0 3 -0.0104569001 3.36765003
131 131 150 159 2 -0.0115912613 -4.1623292
0 0 0 0 2 -0.0407346375 5.49026394
0 0 0 0 2 -0.109198324 3.47175241
135 136 81 87 3 -0.00109266851 -2.42641282
77 77 26 34 2 -0.000397745782 -4.49508572
133 137 35 70 3 -0.00501996791 -3.94973183
144 98 115 122 2 -0.750594556 -2.14138722
0 0 0 0 3 -0.850030541 7.66269541
29 34 98 105 0 -0.0070871585 -3.19311333
31 37 47 62 0 -0.0228855722 -1.82181787
143 147 160 164 4 -0.000777458888 -1.78044605
62 65 84 91 1 -0.0466860421 -0.603748739
48 54 58 60 2 -0.0314581692 -3.82189631
78 81 61 68 0 -0.00249824766 -3.34423614
207 210 180 187 2 -0.00194141758 -2.31497359
58 64 113 148 2 -0.00364874862 -5.08797503
60 67 39 46 2 -6.65180123e-05 -5.24995947
52 56 76 85 0 -0.26015687 -1.56319618
57 59 135 144 2 -0.000215283158 -5.70813847
8 13 19 54 4 -0.0290867686 -2.48654699
41 41 123 158 3 -0.0238171779 -0.554327309
207 208 157 192 2 -0.0139031112 -3.48506951
0 0 0 0 0 -0.0282799676 5.1329236
115 117 144 152 2 -0.000655928394 -4.05034208
60 65 94 100 1 -0.0261047762 -1.55984592
97 99 57 63 3 -0.0863553584 -1.33905768
0 0 0 0 2 -0.0537145771 2.61428833
123 126 43 78 2 -0.00127745525 -3.3166132
122 126 151 156 2 -0.000939133577 -5.84870052
29 37 45 80 2 -0.0298332591 -1.09833527
0 0 0 0 2 -0.0315196365 2.89857864
51 55 104 111 4 -0.00237330282 -1.56233478
111 112 123 158 2 -0.0182379056 -2.84621072
46 51 68 121 3 -0.206703395 0.7251665
0 0 0 0 1 -0.000744746998 4.3325572
66 66 129 160 3 -0.00930892676 -1.44814897
11 19 31 33 2 -0.372354418 0.217165053
111 114 73 75 2 -0.0056577241 -3.1534369
0 0 30 34 3 -0.911013007 1.90639615
51 56 106 108 3 -0.00130811019 -4.80876827
0 0 92 96 3 -0.230362386 1.91363263
117 122 164 167 2 -0.00581730343 -1.69910455
115 116 37 44 3 -0.0175230093 -2.67764306
71 77 90 98 0 -1.39474469e-05 -4.28647423
0 0 0 0 4 -0.94237268 3.89578176
149 149 95 126 3 -0.000290367607 -3.68500757
50 54 71 78 3 -0.30241093 -4.69619322
139 142 53 68 3 -0.00965825655 -3.68707085
64 68 116 151 1 -0.000886904658 -5.07733774
0 0 0 0 1 -0.0623213388 8.39714146
173 173 79 110 3 -0.142279372 -0.778017879
111 118 64 99 0 -0.000647880137 -4.03121901
126 127 51 58 4 -0.0382461622 -5.41981173
122 130 102 107 2 -0.00429298775 -3.51961946
150 156 74 109 1 -0.00872598123 -1.68827772
108 112 96 100 4 -0.00300275767 -2.15858531
120 123 57 64 4 -0.0022419584 -3.73784947
0 0 0 0 2 -0.0671379417 7.2124176
0 0 0 0 3 -0.0552671403 3.4184947
0 0 0 0 4 -0.290272355 6.95591068
30 33 53 88 1 -0.00465426408 -1.18744195
40 41 54 77 2 -0.011560997 -1.85297799
87 90 102 108 2 -3.37360725e-05 -4.26026726
62 63 43 45 2 -0.000167124759 -3.4780283
18 21 37 42 2 -0.000497063156 -3.33501887
42 45 77 112 1 -0.19227016 -4.1847043
0 0 118 0 1 -1.51561928 0.544346273
114 119 129 133 1 -0.00856394228 -2.64395118
110 112 140 145 2 -0.00387794198 -4.36383438
63 63 124 131 2 -0.730848014 -0.50075078
60 60 99 134 3 -0.00011896764 -4.0065589
81 87 61 68 0 -0.000376196986 -2.925776
58 62 209 217 2 -0.00486616371 -4.04019642
0 0 0 0 3 -0.586225808 7.65066576
79 87 132 139 1 -0.000873205194 -2.72006655
50 51 80 87 4 -0.0205136575 -5.32030106
129 133 61 63 2 -0.00106480485 -4.40732384
54 58 92 94 2 -0.00101766665 -1.41138911
0 0 0 0 1 -0.79572469 5.9363718
0 0 0 0 3 -0.295523673 4.04990292
158 158 81 89 2 -0.00690451218 -2.40142035
30 31 59 94 2 -0.199893206 -2.5352056
107 109 47 62 1 -0.00275571248 -0.20440349
0 0 0 0 1 -0.440579474 7.27973318
74 78 29 64 4 -0.000460444367 -2.91177773
0 0 0 0 1 -0.0714526251 6.74693108
116 117 64 72 2 -0.23786743 -2.53745174
0 0 0 0 0 -0.0102477605 4.71087456
0 0 0 0 2 -0.672858596 7.41436958
211 218 134 169 1 -0.000180832838 -1.83149743
126 133 51 82 2 -0.000761549745 -1.85429931
94 94 118 126 2 -0.23322469 0.0252350271
129 131 178 183 2 -0.344374657 1.87700891
88 89 95 102 2 -0.00198554411 -2.16484976
0 0 0 0 2 -0.539876401 6.65344429
37 44 73 75 0 -0.0194002967 -1.92456222
0 0 62 64 4 -0.559319198 1.27917528
69 73 128 143 2 -7.43857381e-05 -4.46679831
23 24 37 72 2 -0.000128147542 -3.5391717
71 74 93 97 2 -0.0010101411 -1.36603904
0 0 0 0 2 -0.597547293 7.468925
52 58 82 117 0 -0.00019167384 -4.00472689
114 118 92 98 3 -3.09942334e-05 -4.52783775
40 40 52 58 3 -3.02789813e-05 -2.77055287
136 138 157 161 2 -0.00145308138 -2.90710807
128 132 39 46 3 -0.000389620982 -3.72617817
35 39 84 88 2 -0.0222087968 -4.79295969
108 113 44 51 1 -0.0013257456 -1.8700366
111 115 81 88 3 -0.000417172443 -3.44538784
65 69 29 35 3 -0.147348627 0.0183885694
61 63 124 129 2 -0.602594018 -1.05016708
176 179 35 43 2 -0.180053994 -1.96601295
128 129 109 112 4 -0.00137107726 -2.80587387
124 125 0 155 3 -1.03855383 -0.233416632
58 65 75 110 0 -0.00967769139 -1.85765004
150 155 70 105 1 -0.0226712264 -3.73100495
44 47 68 70 2 -0.000680028345 -4.45203161
0 0 0 0 2 -0.000556300511 4.17321968
111 111 61 96 1 -0.00718984799 -6.78783226
156 162 72 79 1 -0.00194079976 -2.78654099
67 71 116 151 4 -0.0215872377 -4.67615891
197 200 138 173 2 -0.397289544 1.17968822
0 0 0 0 1 -0.172125384 6.51037979
0 0 0 0 2 -0.724817812 6.95760727
33 33 104 106 3 -0.0073653576 0.928719699
90 96 55 58 1 -0.00746569643 -2.02731538
123 126 107 110 0 -0.00276887743 -2.32602429
61 62 100 106 2 -0.000293354795 -5.48391867
52 57 115 146 1 -0.000149720159 -3.91854382
55 61 94 98 0 -0.000906908885 -1.95117497
0 0 0 0 3 -0.254891127 5.23015022
77 80 88 92 0 -0.00123058259 -0.792555571
187 191 81 83 0 -0.0289840009 -4.63631105
0 0 0 0 2 -0.224359035 6.78423023
79 80 96 99 2 -0.434532344 0.167384326
96 97 104 108 3 -0.0276139695 -0.794601679
185 186 62 67 3 -0.166162729 -2.84232831
45 48 63 71 1 -0.0034045151 -2.9848752
0 0 0 0 3 -0.0380884595 5.58573341
58 66 85 89 0 -0.0144515336 -3.89589763
0 0 0 0 3 -0.0140022067 3.1616044
125 128 77 114 2 -0.862727582 0.106533825
0 0 0 0 2 -0.00117370952 5.55949688
121 121 48 83 3 -0.0511205792 -5.7474575
148 149 82 88 1 -0.00164943666 -4.64518213
141 141 52 54 2 -0.000102398437 -4.00404596
48 50 76 82 2 -0.00011431727 -3.71032548
65 66 79 102 2 -0.00012051806 -2.80966592
167 167 138 145 2 -0.0484905206 -1.72818208
0 0 0 0 2 -0.540309489 6.14258337
76 79 92 100 0 -0.261676908 -4.11415529
102 105 114 145 0 -0.0533962958 -1.44188499
0 0 0 0 2 -0.00042922821 4.83125973
50 53 62 85 1 -0.00109829998 -3.44235229
62 69 45 49 0 -0.00113634451 -1.99797487
92 93 107 112 2 -0.0149952043 -2.23529172
42 43 119 154 2 -0.00122949516 -3.70716882
30 35 51 59 0 -0.0113725467 -5.24545622
137 137 88 123 2 -3.51664421e-05 -3.96012592
94 95 185 200 3 -0.412025094 -5.01130676
70 77 89 124 2 -0.000268328236 -2.4896822
86 87 44 67 3 -0.00499651814 -4.4745903
165 167 146 148 2 -0.0817819387 -0.22214213
33 33 17 24 3 -0.0618271977 -1.51617551
36 38 72 75 2 -0.0140155973 -1.89041758
65 70 140 175 3 -0.00155687681 -1.90522838
109 113 86 93 3 -0.0182147697 -2.24750495
65 73 83 85 3 -0.310245246 0.429394782
62 62 131 166 2 -0.0097486265 -4.14486265
154 157 35 70 4 -0.11206007 -2.6204946
145 150 115 138 2 -0.000543535105 -3.21945453
0 0 0 0 3 -0.00830091164 7.02932596
134 141 99 114 3 -0.00789543241 -3.6560533
116 122 66 101 1 -0.00155244477 -3.40308285
0 0 0 0 2 -0.134304568 3.46244979
99 103 122 133 3 -0.000127670733 -3.48099947
49 49 65 100 3 -0.00143904565 -3.4003346
110 112 40 43 2 -0.000188698963 -5.04118586
157 162 124 147 1 -0.0100721456 0.956194222
68 72 156 164 2 -0.000829757308 -3.69382453
37 42 68 91 1 -0.000355816039 -2.19259977
0 0 0 0 4 -0.00258184853 6.60557508
77 85 49 53 0 -0.241902232 -3.3860023
87 95 112 119 1 -0.00643137563 -1.78995204
139 144 39 74 3 -0.000550069846 -3.09757471
129 132 149 154 2 -0.00559636299 -1.55013585
93 104 34 69 0 -0.0201461334 -1.21051419
106 111 51 86 2 -0.036748033 0.270206869
0 0 0 0 2 -0.230190471 5.08033562
160 160 175 182 3 -0.00466076331 -1.99706602
68 69 51 56 4 -8.23714727e-05 -4.39613628
102 106 47 58 1 -0.262678593 -3.07306218
0 0 0 0 2 -0.19726266 3.28470469
0 0 0 0 2 -0.0841233656 3.67959094
87 87 103 138 2 -0.006587171 -1.36709929
0 0 0 0 3 -0.381223321 5.91581106
118 121 104 111 2 -0.000479758455 -1.49035573
0 0 0 0 2 -0.00107089384 6.14934969
134 138 51 59 3 -0.000372598995 -4.89164448
65 70 41 48 3 -0.316354275 0.243206143
83 87 145 148 2 -0.363816381 -4.40041065
127 127 143 150 3 -0.343877077 -5.11095381
161 166 120 155 3 -0.608683586 -1.0775317
48 53 58 64 4 -0.00304386765 -3.17257881
30 30 41 45 4 -0.019275099 -1.6941123
54 0 0 0 1 -1.0876745 1.88814163
0 0 0 0 1 -0.332610875 4.52693319
52 62 154 189 0 -0.00299625052 -3.27459097
41 45 57 62 2 -0.0025191817 -2.83184099
100 100 119 126 2 -0.00214716722 -1.0380187
105 108 21 28 1 -0.000538601424 -4.62572145
39 44 76 81 0 -0.0348787643 -3.3466053
60 67 83 88 0 -4.23187521e-05 -4.0930686
38 38 97 104 2 -0.00137519953 -5.42322636
0 0 0 0 2 -0.0024166808 6.97579432
38 38 50 61 3 -1.17329288 -2.38316751
15 18 112 127 1 -0.00710741058 -4.39166832
91 95 105 116 2 -2.05039123e-05 -2.92981458
47 50 67 74 3 -0.00110364682 -1.37689567
152 158 93 116 1 -0.190623477 -2.87494373
35 35 70 105 3 -0.00173779461 -1.69593477
77 77 40 47 2 -0.000960364647 -5.22100496
0 93 142 177 3 -1.51472604 1.51455331
100 105 120 127 4 -0.000420399883 -1.35132778
43 51 64 99 1 -0.00290801609 -2.91671538
52 56 67 82 2 -0.046249181 -2.12041259
64 67 85 120 2 -0.0110458788 -4.92546511
85 89 70 74 1 -0.00254752417 -1.53824162
52 55 74 78 1 -0.0819616467 -0.148881763
98 100 116 123 2 -0.000236138134 -2.95301676
86 90 34 42 3 -0.00594907813 0.50100559
41 42 96 127 2 -0.0253844317 0.309784055
53 58 67 69 1 -0.0245509278 0.561266541
93 95 41 76 2 -0.00146422652 -4.25146484
130 131 51 86 3 -0.0340004489 -3.95442486
41 43 128 163 2 -0.000403705024 -4.46978426
158 158 107 142 4 -0.00663731899 -2.22450042
40 40 74 89 3 -0.00128994137 -1.92080116
116 120 171 206 3 -0.00504567055 -3.71017408
0 0 0 0 2 -0.00194785767 3.69163632
138 144 91 96 2 -0.0164412763 -3.83059955
56 62 76 91 2 -0.0278871544 -4.12184238
51 54 64 68 4 -0.0729398131 -0.763206244
46 50 64 99 3 -0.000907520065 -4.09643555
84 91 40 75 0 -0.000221483861 -3.46615243
75 79 90 125 3 -0.000164858124 -4.62438154
52 60 110 145 3 -0.00247076526 -1.90056086
66 70 82 89 2 -0.00204103114 -5.73038006
18 22 27 62 4 -0.239949375 -3.65179348
110 115 48 52 2 -0.00305457646 -2.68086076
161 165 76 111 4 -0.00445261318 -3.44062257
94 95 46 81 3 -0.00286799972 -3.0413239
42 43 53 84 4 -0.124173395 -3.59285951
0 0 0 0 3 -0.886862636 6.35143757
85 85 61 68 2 -0.0020252571 -5.35950708
90 90 100 103 2 -0.000205987119 -4.00857067
165 168 111 134 2 -0.000128383865 -4.09827232
143 143 45 80 2 -8.46376133e-05 -3.77128839
77 78 31 66 2 -0.00876808539 -2.3548665
18 20 42 77 1 -0.00040683063 -2.88167119
23 25 81 88 1 -0.145355165 1.91189575
139 139 95 106 3 -0.00315788249 -1.25679505
90 97 160 164 0 -0.00042053833 -2.92781544
72 75 54 56 3 -0.00395380566 -1.09457004
113 113 66 73 2 -0.103503846 -3.39891648
92 100 38 42 0 -9.04783083e-05 -3.87377024
50 50 60 95 3 -0.00938059762 -2.4664042
40 41 69 104 4 -0.00259322207 -5.22194624
117 123 63 94 3 -0.00131557928 -2.63929605
102 106 42 65 3 -0.00314295758 -2.97349763
63 67 41 45 4 -0.0614270158 -2.29538512
96 97 127 132 3 -0.0122415721 -1.33026624
138 138 77 112 4 -0.000204555472 -4.93635559
80 85 65 70 4 -0.000906583038 -1.75822639
117 121 106 107 1 -0.00201390986 -3.94436049
0 0 0 0 2 -0.00516768219 6.86593723
0 0 0 0 2 -0.0962192938 6.37402725
103 108 46 52 2 -0.00557094906 -4.65489292
125 129 112 114 1 -0.000247584598 -5.25921154
145 153 86 91 3 -0.0282677859 -1.23164439
98 102 52 57 0 -0.485270947 0.126160681
135 142 41 76 0 -0.013433435 -4.11364317
111 112 124 131 3 -0.315917343 -3.09966445
0 0 0 0 3 -0.00235959631 6.78884792
84 84 99 106 3 -0.00219915505 -1.97771215
72 76 47 51 4 -0.00431703217 -1.85584497
0 0 0 0 2 -0.0430083908 5.77863073
20 26 30 37 2 -0.00476756692 -0.487665325
0 0 0 0 2 -0.00322372955 5.38153219
64 64 84 119 3 -0.000614432909 -2.20158815
159 163 68 103 4 -0.000217661684 -4.19339466
46 46 72 74 3 -0.0516047664 -0.982576728
53 60 91 126 1 -0.000381448714 -4.92197084
46 46 152 187 3 -0.00012850319 -3.81902146
0 0 0 0 1 -0.988502264 7.57791948
46 49 74 109 3 -0.000190130202 -3.51675129
43 46 64 67 0 -5.40012261e-05 -5.32357788
88 88 105 110 2 -4.2199481e-05 -2.9177928
215 0 0 72 3 -1.9799515 2.85909343
0 0 0 0 3 -0.060032431 3.25850368
0 0 0 0 2 -0.00195202604 4.60521126
101 103 8 15 1 -0.00148566253 -1.08596039
116 120 136 167 2 -0.00173988158 -4.23581409
0 0 0 0 2 -0.00342901051 3.46498966
156 160 101 136 4 -0.00160062395 -4.85293913
55 60 97 120 1 -9.1312555e-05 -2.96458077
55 58 38 40 2 -0.000263204274 -4.34088373
129 133 79 114 3 -0.000964228413 -4.71246147
39 46 140 148 0 -0.0233279988 -0.620118856
102 106 125 129 3 -0.192681789 -5.07098866
85 85 94 125 2 -0.016588673 -0.953025103
110 113 122 131 3 -0.268822402 -2.65020394
40 44 63 98 4 -0.0143178785 -4.23915958
104 104 49 52 3 -0.00113536662 -1.67755079
91 91 127 162 3 -0.0558243915 -0.233554959
39 39 94 96 2 -0.0281693619 -0.541676104
78 84 136 147 0 -0.0154291308 -1.64389181
35 39 52 59 2 -0.00287473993 -4.63275242
122 122 46 54 3 -0.000461402204 -3.7594893
0 0 0 0 1 -0.324741393 3.62113404
44 44 54 89 3 -0.00132582407 -3.26811981
126 129 48 83 4 -0.656123996 1.86203146
123 123 93 108 2 -0.0520935915 -0.461468637
143 149 124 129 1 -5.92463693e-05 -1.72212839
94 95 36 47 3 -0.00917838514 -2.98513484
69 72 30 32 1 -0.000294547528 -3.51084971
117 120 133 144 2 -0.330837041 -2.74824619
50 52 135 158 3 -0.187367737 -1.72988129
0 0 0 0 1 -0.0263486896 2.10509491
65 65 87 92 3 -0.00747101894 -1.82373786
0 0 0 0 3 -0.803408206 7.04807615
55 58 123 158 3 -0.00132513186 -3.24577236
55 58 100 131 2 -0.000520365371 -4.27396488
89 92 71 78 0 -6.15114477e-05 -1.85238528
197 200 169 176 1 -0.00738223922 -1.59208131
0 0 0 0 1 -0.0176573005 3.67937636
103 107 74 79 3 -0.000981320394 -0.751453876
17 21 120 155 3 -0.00379247824 -2.48832083
79 0 103 148 3 -1.96709967 0.507332325
122 125 82 105 2 -0.000262125657 -2.92861438
0 0 0 0 2 -0.771101713 7.40639067
33 35 78 93 1 -0.112638183 -0.62065196
45 45 104 112 2 -0.000185955956 -3.60680795
107 109 139 145 2 -0.860331476 1.18284225
43 51 122 157 0 -0.0310593024 -1.28394723
141 144 127 130 2 -0.000459273695 -2.36374807
114 114 193 228 2 -0.123617679 -2.64748669
65 69 108 139 4 -0.0159846768 -3.4535749
67 73 85 90 0 -0.00154441781 -1.84112048
53 57 70 76 2 -7.18824303e-05 -2.43271756
128 132 78 113 3 -0.00214966736 -2.68559122
121 121 37 72 3 -0.0452824384 -4.60779858
50 51 99 134 3 -0.00163340196 -5.78132534
58 58 38 46 2 -2.5272213e-05 -4.8512435
0 0 0 0 2 -0.0155143011 4.41624784
150 156 62 85 1 -0.0326056369 -0.603048503
118 122 49 56 2 -0.000210510349 -4.04486465
22 25 32 67 2 -0.139286131 -2.35278964
77 79 87 88 2 -0.000171535896 -4.46577883
0 0 88 92 1 -1.60498667 1.44759798
143 147 36 71 2 -0.000498701876 -3.08813405
120 121 47 82 4 -0.00550410897 -3.26635623
0 0 0 0 2 -0.00540692406 3.59936261
136 139 88 93 2 -0.49040246 -0.644086599
0 0 0 0 3 -0.194522873 4.57231188
58 58 103 105 3 -6.67564018e-05 -3.6237154
135 139 36 59 3 -0.00910496339 -2.60751462
91 96 51 58 1 -0.000866776914 -3.41522789
131 136 110 116 1 -2.32456259e-05 -3.19692111
44 50 83 87 1 -0.00300589669 -3.54566169
43 49 90 125 3 -0.00169604691 -2.81923032
0 0 0 0 2 -0.00132657134 4.77314425
180 184 78 113 3 -0.305457294 0.324820876
40 44 49 56 3 -0.0255894046 -0.471292853
76 78 39 62 3 -0.000885458663 -5.1514616
125 129 74 82 3 -0.00921846088 -2.80075932
156 163 86 97 2 -0.00756250089 -1.68834949
46 49 94 129 3 -0.026006218 -5.23361969
0 0 0 0 2 -0.267373204 2.02628851
185 189 163 170 3 -0.0974325538 0.430599272
103 107 45 80 3 -0.000590539654 -4.18123674
99 103 145 149 1 -0.00467871269 -2.29816461
0 0 0 0 2 -0.00736730359 4.60327864
58 63 111 119 3 -0.118535638 -0.425246298
0 0 0 0 2 -0.0918333977 4.13300371
84 84 67 69 3 -0.016374046 -0.653519154
0 0 0 0 3 -0.108349241 5.32841682
55 60 71 86 2 -6.03193039e-05 -3.08976531
39 47 51 63 0 -0.0306620244 -4.43965816
27 31 40 44 1 -0.0213083252 0.211645186
189 191 50 56 1 -0.0558549277 -2.54255915
0 0 0 0 4 -0.000141495402 1.84005141
41 45 59 66 3 -0.00062932726 -3.02400994
103 106 85 96 1 -4.26763218e-05 -3.85055184
147 149 61 96 2 -0.050549522 -2.82621551
129 138 149 154 1 -0.0325490311 -4.38104343
125 132 60 62 3 -0.352135509 -3.38989282
59 60 73 81 2 -0.00666440884 -1.44785523
0 0 0 0 3 -0.664672732 2.39106035
127 131 78 87 3 -4.41070661e-05 -5.42948771
97 100 50 65 2 -0.0063559995 -1.83978581
75 0 92 98 3 -0.802038848 0.907383263
211 214 148 163 2 -0.0388814583 -4.02996635
58 64 82 117 1 -0.00115468458 -2.24204969
135 138 68 72 0 -0.0092945965 -3.65978336
92 96 189 197 0 -0.0731535256 -3.74539018
41 44 115 126 1 -0.168668345 -1.53584981
54 56 69 84 3 -0.00344538456 -4.58035612
0 0 0 0 2 -0.0640983284 7.28731918
52 58 107 115 1 -0.00885900483 -3.87083626
0 0 0 0 2 -0.0223036408 2.57377005
0 0 0 146 2 -1.86834145 1.68863297
68 71 52 54 1 -0.00444408972 -2.8873992
132 134 193 228 0 -0.746588409 -3.54790592
163 166 184 219 1 -0.268048376 -2.17519522
0 0 0 0 3 -0.770237625 7.0932436
91 97 43 78 1 -0.000409775676 -1.6181252
152 160 109 113 0 -0.0119518721 -3.74341822
0 0 0 0 2 -0.00200857897 6.0194149
65 70 102 110 2 -0.28019011 -0.488451153
97 103 40 42 1 -0.00195838558 -0.571842372
51 0 60 68 1 -1.46709204 3.02425051
61 66 82 89 1 -0.000139944343 -3.77533984
0 0 0 0 3 -0.00347688911 3.23031282
41 45 0 0 0 -1.70175886 1.16645813
0 0 0 0 3 -0.816625953 7.0846734
43 46 61 96 3 -2.16959997e-05 -5.67735004
121 121 138 173 2 -0.00021408606 -3.57414198
99 100 78 82 1 -0.00228198105 -1.58026242
130 135 77 112 2 -0.00501813693 -2.60486293
46 50 82 117 4 -0.00147785863 -2.43161607
0 0 0 0 2 -0.300135344 2.69040251
112 115 143 148 1 -0.00211014552 -5.15897036
145 147 108 114 1 -1.07737756 1.09094596
69 75 37 40 2 -0.0659705997 -3.37059689
114 118 84 92 3 -0.000905807829 -3.09542513
17 23 28 31 1 -0.0584527813 -0.642955482
0 0 0 0 2 -0.00065986102 5.47391272
35 38 81 88 2 -0.0246681757 -2.61556768
50 52 88 92 2 -0.000178094429 -2.51914072
64 68 45 49 2 -0.00102121918 -3.24022388
93 100 37 60 0 -0.00306264055 -1.26556206
70 72 43 47 1 -0.0197934695 -0.820798159
52 57 69 75 2 -0.0273012314 -1.9144001
86 87 57 64 2 -0.0133284396 -1.39002466
77 82 93 128 4 -0.00394740654 -6.02668619
98 101 118 127 2 -0.00117456366 -4.07750797
154 157 27 62 2 -0.00671535637 -1.64692974
109 115 43 50 1 -0.000142450313 -1.76526833
91 91 102 109 3 -0.00246863766 -1.57295346
0 0 0 0 1 -0.634314895 7.75410223
133 137 57 92 1 -0.00526874885 -3.87093067
0 0 0 0 2 -0.000678718032 5.35443306
67 75 166 172 3 -0.0847752765 -4.53512001
128 131 141 145 0 -0.00104333414 -4.83301115
0 0 0 0 3 -0.692497134 6.79518843
115 120 131 137 4 -0.301485509 -0.869947374
122 125 108 115 2 -2.88485462e-05 -3.10601521
46 49 66 70 2 -0.00113428838 -4.17305326
57 61 74 109 3 -0.000729064865 -5.7094512
43 50 141 146 0 -0.0015735426 -1.21432257
109 112 39 45 2 -0.0018242792 -2.11074042
35 39 47 82 2 -0.00175078702 -2.80246258
99 103 119 121 4 -0.0329250321 0.270599306
129 137 25 60 2 -0.0012688553 -4.24554825
0 0 0 0 2 -0.0502205156 5.80462313
105 105 0 0 3 -1.83016551 -0.343498766
84 84 45 52 3 -0.000415024988 -4.87984371
80 83 33 68 1 -0.0055836197 -2.16909027
0 0 0 0 2 -0.0304268133 6.54836082
52 57 149 160 4 -0.000129454944 -3.92522883
132 135 76 111 4 -4.67297323e-05 -4.78713417
60 60 30 36 2 -0.0429847315 -1.66541076
0 0 108 112 1 -1.77848184 2.25941992
118 121 101 106 3 -0.000126478335 -2.43083
0 0 0 0 2 -0.451319814 5.32547235
103 107 40 75 4 -0.000296199491 -3.50668073
0 0 0 0 1 -0.356195629 5.26045704
109 117 85 89 0 -0.000461497722 -1.59387493
34 35 74 81 2 -0.000703817583 -5.63057041
70 70 78 85 2 -4.88754085e-05 -2.97098398
90 94 108 131 1 -0.139581382 -1.67421341
39 45 30 33 1 -0.0252199564 -2.86319828
66 66 98 102 3 -0.000139707583 -2.01021051
137 140 49 84 2 -0.0230913032 -1.00818372
126 132 150 173 2 -0.00111055875 -4.94769049
61 65 97 98 0 -0.0333895981 -3.07187867
111 116 58 67 1 -0.00209588348 -2.97368026
81 83 105 109 1 -0.000633768155 -0.611829579
0 0 0 0 2 -8.82129098e-05 5.59440804
22 27 61 66 1 -0.00431303401 -1.21258616
58 59 74 109 3 -0.447132587 -0.47021541
109 113 124 128 2 -0.000279037544 -3.16115332
0 0 0 0 1 -0.0024855216 5.77561522
44 47 108 143 3 -0.0186609142 -1.24285483
63 63 103 118 3 -0.000157351838 -3.71307611
132 136 43 49 3 -0.00361626549 -4.03121662
48 52 86 101 3 -0.0296963472 -3.38716197
0 0 0 0 4 -0.419578552 7.34807491
84 86 96 131 2 -0.0146173844 -2.68306684
36 42 48 83 1 -0.0026122001 -1.81280804
0 0 0 0 2 -0.00839691889 5.09197283
129 135 47 58 2 -0.000181189389 -4.4809413
87 90 50 56 0 -0.0017888163 -4.45286942
171 144 41 49 4 -1.1339823 0.592625201
90 92 49 56 1 -9.31012764e-05 -3.78213859
58 59 176 183 2 -0.000573324389 -2.46912003
39 47 51 58 3 -0.992779732 0.332438529
77 78 135 143 2 -0.000327088288 -6.15805912
126 127 56 91 1 -0.0267415941 -1.54077435
57 61 74 76 4 -0.00321631203 -3.35081911
111 115 40 45 2 -0.00397865614 -5.06547165
110 113 58 65 2 -0.00919632241 -1.48011923
21 22 35 41 2 -0.00243111001 -3.51000452
0 0 0 0 0 -0.566287398 5.48811722
83 86 41 76 1 -0.000739809766 -3.05697036
0 0 0 0 4 -0.0831914395 2.36081624
0 0 0 0 2 -0.00216810592 4.34880495
101 103 120 143 2 -0.00283941254 -2.2343657
74 78 92 97 4 -0.000133035035 -2.46514416
65 69 140 175 0 -0.000345444481 -2.97323561
51 59 74 78 0 -0.000421619363 -3.68609071
155 159 133 138 3 -0.0139408028 -5.0068202
158 162 87 102 0 -0.000308735122 -2.26086283
68 69 78 85 1 -0.0640920252 0.591048777
167 172 190 196 2 -8.14189189e-05 -4.0551033
0 0 0 0 1 -0.116637528 2.5291307
125 130 77 112 1 -3.91003014e-05 -5.07021999
127 132 51 82 4 -0.000325062079 -4.51838589
122 126 104 107 0 -0.00203902787 -3.9967618
0 0 0 0 2 -0.12788257 4.33229065
110 111 51 82 3 -0.000510629383 -5.42623138
107 113 131 166 1 -0.00016593482 -2.66691542
61 0 0 140 3 -1.12113762 0.659749448
94 94 26 49 3 -0.000246868673 -3.80110121
165 170 187 194 1 -0.0117733078 -1.76852536
115 120 140 146 3 -0.00168822974 -4.48820448
70 75 106 108 3 -0.00145449943 -2.45579696
37 37 117 119 2 -0.000655227457 -3.23221445
167 169 115 117 1 -0.00350496825 -4.83061266
118 122 134 169 3 -9.89421678e-05 -4.18436003
0 0 0 0 2 -0.00223452784 5.09718227
35 41 53 88 2 -0.000585006492 -1.99659324
58 58 93 116 2 -4.06498366e-05 -5.07246542
0 0 0 0 3 -0.836119235 6.86102533
0 0 0 0 2 -0.247080371 7.60408258
114 115 41 76 2 -0.669912696 -2.06482863
70 78 46 49 1 -0.0135124903 -3.20457768
0 0 63 69 2 -1.40789104 0.462627172
0 0 0 0 2 -0.00538372761 6.05218887
100 103 121 156 2 -0.173056334 -1.2133081
40 40 69 73 2 -6.6517372e-05 -2.15006328
0 0 0 0 2 -0.0290558543 7.18549776
128 129 96 98 2 -0.000842954847 -4.42675161
107 110 62 97 2 -0.00861185417 -2.65745831
49 51 80 86 2 -0.000461488205 -3.0240171
65 69 15 50 4 -7.25977734e-05 -2.8531599
62 67 104 135 0 -0.0090795923 -3.07056403
125 128 112 114 2 -0.000221714276 -4.54921055
120 120 89 100 3 -0.000813963648 -2.87019849
116 122 88 99 1 -0.00391641725 -2.85762787
54 57 77 85 2 -0.304459512 -1.44550133
83 87 66 68 1 -7.48626117e-05 -2.10116601
68 72 50 52 4 -4.47032398e-05 -2.35237837
56 56 90 101 2 -0.087893337 -0.689442754
0 0 0 0 3 -0.197698772 5.30252171
51 57 104 135 1 -0.00194158731 -3.57813144
0 0 0 0 2 -0.000632774027 3.14482641
38 38 62 64 3 -0.308440506 -2.06130886
66 72 51 55 2 -0.0279383827 0.454749346
127 130 81 116 0 -0.000548241078 -4.15141058
78 83 175 210 2 -0.0024372763 -2.19856262
102 106 122 126 2 -0.790470898 -2.85895944
85 88 69 73 2 -0.00056891836 -4.53500986
156 156 62 67 3 -0.000209197664 -2.93324375
53 53 72 107 3 -0.000161760443 -2.28240561
58 63 106 114 3 -0.0733178481 -0.558362365
97 101 27 62 2 -0.00106771989 -3.89776349
218 218 45 80 3 -0.14411965 -4.48645449
69 69 47 51 3 -0.000857685576 -2.67676377
0 0 0 0 3 -0.3965514 5.23114586
41 42 64 99 2 -0.0229770038 -2.39573121
40 44 48 52 3 -0.448809862 -1.46308756
0 0 0 0 3 -0.725290716 5.77554178
47 51 65 68 2 -0.000527800294 -1.78214836
108 110 39 46 1 -0.0252270084 -1.01784027
107 109 57 92 4 -0.0188468285 -3.59922433
0 0 0 0 2 -0.0073434771 6.4588542
85 88 101 109 4 -0.00193720032 -1.57572126
90 91 44 79 3 -0.00104173261 -3.22587371
60 61 148 157 3 -0.73466295 1.71522045
0 0 0 0 3 -0.38245067 1.22142696
47 55 60 66 1 -0.00437153783 -4.01135206
80 80 61 63 2 -0.0112286303 -1.89581895
47 50 67 90 1 -8.17762048e-05 -3.94659305
140 147 47 78 0 -0.00143260707 -2.03627872
0 0 0 0 0 -0.00610580575 4.78765488
97 101 79 86 0 -0.000427674269 -2.28858495
128 133 76 111 1 -0.000636444078 -3.59886098
113 116 130 137 3 -0.00699343206 -1.92857027
99 102 134 142 3 -7.17631556e-05 -3.36307263
111 114 32 67 4 -0.0190082286 -1.95063663
49 51 65 100 1 -4.01732214e-05 -5.48377609
50 52 88 123 3 -8.16574611e-05 -5.10748053
108 112 126 130 1 -0.000133510155 -3.25744557
37 37 104 111 3 -0.000853182515 -2.73597622
0 0 0 0 1 -0.016563151 3.63821626
86 93 102 125 0 -0.649438441 -5.13008308
129 132 78 109 2 -0.000298954139 -3.94235206
151 156 173 178 1 -0.00052465027 -2.46046448
115 117 51 62 3 -0.017455548 -2.56058288
57 57 71 78 4 -0.00518755335 -1.17339027
129 131 179 214 2 -0.0499188751 -4.00283813
34 34 97 104 3 -0.00905332342 -1.81892228
0 0 0 0 1 -0.0367057882 6.73817301
53 55 143 150 2 -0.00247429754 -4.24893522
95 105 116 123 0 -0.000489645288 -3.92922521
148 149 101 136 3 -0.11308568 -2.32312822
61 63 77 108 2 -0.0283360016 -1.58828044
44 48 57 60 0 -0.00440896209 -1.87638164
0 0 0 0 2 -0.0428378806 7.18239737
16 19 30 78 2 -0.348586619 0.668747008
177 182 67 72 1 -0.185874939 1.84912324
0 0 0 0 3 -0.248153418 2.61959171
93 97 113 148 4 -0.236034036 -1.59000659
91 99 77 84 0 -0.0348669738 -1.83179712
0 0 0 0 4 -0.147806048 6.07697535
66 66 92 94 2 -0.218220353 -2.59966946
113 118 140 163 1 -0.00784160197 -0.962325275
34 34 42 49 3 -0.00307229185 -1.05343533
0 0 0 0 3 -0.666224897 3.32361245
0 0 0 0 2 -1.0790019 7.46844816
97 100 150 185 0 -0.00139833288 -3.48125005
0 0 0 0 2 -0.115521483 6.16867208
0 0 0 0 3 -0.90908426 7.66536474
77 82 93 97 1 -0.00130791543 -3.32186484
49 55 78 85 2 -3.56432174e-05 -5.08062172
113 116 129 133 4 -0.000655824668 -4.0711422
79 85 110 121 4 -0.0364117362 -3.79170442
99 105 40 45 2 -7.66508238e-05 -4.45256472
70 75 49 51 3 -0.00166907569 -2.66129041
142 148 38 53 1 -0.00203255075 -5.21007872
0 0 0 0 1 -0.420925021 7.23088932
58 67 101 136 1 -0.00304482295 -1.27843547
0 0 0 0 1 -0.0577961765 5.36146736
76 84 98 133 2 -0.00702380668 -2.67808461
42 42 56 64 2 -0.000352352974 -2.17206788
68 72 45 51 2 -5.72195859e-05 -3.81526303
103 103 35 66 2 -0.000275360158 -4.18034935
135 137 108 0 2 -0.664209366 -0.51571846
83 86 92 94 3 -0.0270918813 -1.40274954
109 112 41 47 1 -0.00728104636 -3.14887524
86 92 121 125 0 -0.00563804759 -1.51846409
153 163 94 125 0 -0.00271454174 -3.36189628
143 146 106 113 3 -0.00244127144 -4.78203773
66 74 101 136 2 -0.000369485322 -4.27860689
128 135 148 151 2 -0.0357162394 -1.58234119
0 0 0 0 0 -0.00383689208 3.28728437
62 68 85 89 2 -0.00355758914 -5.83988285
0 0 0 0 0 -0.667433202 2.22561932
35 40 77 100 0 -0.000762906624 -2.17864728
114 114 40 42 3 -0.00674138078 -1.32483792
133 135 151 186 2 -0.000867922092 -3.36034346
74 78 200 205 3 -0.0410868675 -3.12776756
37 41 20 25 2 -0.00311120972 -2.67530274
0 0 0 0 2 -0.000915080018 3.46944809
61 61 112 127 3 -0.00666210474 -4.18653202
116 120 41 49 4 -0.000383068575 -4.22119331
61 67 85 90 2 -0.0048569846 -3.82416177
65 68 129 144 0 -0.192605495 2.01004744
58 60 71 106 2 -0.00863531698 -3.67459893
68 71 142 149 2 -0.039481014 -4.9737258
119 121 165 169 2 -0.00246615242 -3.1716032
74 74 94 129 3 -0.000148411622 -1.81329656
0 0 0 0 2 -0.150254697 7.18817949
0 0 0 0 3 -0.673981428 7.38843584
219 221 86 121 1 -0.0653835982 -0.770366848
49 49 84 119 3 -0.264307112 0.331707001
62 70 106 108 2 -0.0985633582 -0.597560346
95 96 111 146 2 -0.000425981038 -4.36939144
145 145 95 211 2 -1.34958696 1.9061594
0 0 0 0 4 -0.00471265195 2.86107945
0 0 0 0 1 -0.000997285475 4.17545033
118 122 135 141 3 -0.0084248716 -2.4097147
219 201 59 67 0 -0.27967301 -2.00145483
52 56 74 78 4 -0.00317061599 -1.81653237
17 24 28 32 0 -0.00614367006 -0.436020106
98 105 47 53 3 -0.00279001915 -1.56152916
30 37 97 105 1 -0.000520883419 -1.19406879
188 192 170 172 4 -0.0643812567 -3.7081933
0 0 0 0 1 -0.20265834 1.70937848
151 153 161 184 2 -0.0126397116 -2.10735011
158 160 73 108 2 -0.000663526531 -3.36540842
0 0 0 0 3 -0.069130905 5.07679081
0 0 0 0 2 -0.217145801 4.04609299
0 0 0 0 3 -0.0957040414 5.9734807
107 111 123 130 4 -0.00015544433 -5.95876503
0 0 0 0 1 -0.182348356 2.60152578
183 187 123 131 3 -0.00343284244 -2.71101713
43 47 50 81 2 -1.0205096 -2.4800272
107 110 137 152 2 -0.00211589085 -2.27194571
107 110 45 51 2 -5.48357166e-05 -4.10673571
38 40 85 92 3 -0.350815356 -2.32842779
41 49 63 98 0 -0.0113257086 -4.74613523
0 0 0 0 4 -0.000690578017 5.75188112
0 0 0 0 2 -0.00985424221 3.76012731
50 56 69 76 0 -0.990801454 -0.1980564
0 0 0 0 2 -0.00126368133 5.71720886
77 77 93 124 2 -0.262823671 1.83374214
47 55 74 81 0 -0.0026270661 -0.613214612
107 107 33 39 2 -0.00484495563 -1.73944378
87 92 107 113 3 -0.0019570149 -3.35400081
0 0 0 0 2 -0.435930252 7.10056305
0 0 0 0 0 -0.00145377475 4.82066822
0 0 0 0 2 -0.661271691 4.38228035
124 127 142 149 2 -0.0140020931 -2.77814746
30 34 40 63 3 -0.366104156 -0.308310866
0 0 0 0 1 -0.016607726 5.69129419
112 113 73 80 2 -0.0035824012 -5.39788723
27 31 41 45 2 -0.200521722 -1.27148151
0 0 0 0 2 -0.166631669 6.29572296
109 109 136 171 3 -0.00197633123 -0.53046912
56 59 85 120 2 -0.00422566198 -4.52640533
80 83 91 114 2 -0.00191353261 -2.19170237
0 0 0 0 2 -0.138461635 4.76851416
144 150 97 128 1 -0.000529945595 -4.70040417
0 0 0 0 3 -0.00226899469 7.29689503
196 200 217 243 2 -2.00980544 -0.669702053
35 39 66 97 3 -0.000396469026 -3.30103135
137 140 156 187 2 -0.00089016225 -2.37220168
45 51 79 114 3 -0.000178329821 -4.31975603
105 105 112 117 3 -0.00193757692 -1.70785737
86 91 63 67 2 -0.00037310319 -2.40219259
126 126 45 52 3 -0.0180114973 -1.57041144
102 104 61 72 2 -0.00879990309 -3.15819907
80 80 86 121 3 -0.00729183992 -0.596117258
43 45 93 99 1 -0.00150961091 -3.69747663
0 0 0 0 2 -0.191941604 3.96943069
0 0 0 0 1 -0.676492095 3.70771527
90 90 103 126 2 -0.000598815153 -2.67421198
60 64 93 99 2 -4.85177879e-05 -6.0669589
90 93 108 111 2 -0.000190728184 -3.60945177
99 99 89 93 2 -5.57892417e-05 -4.65986681
53 56 88 123 1 -0.230645388 -3.11122203
0 0 0 0 3 -0.0073124487 3.31396461
84 87 103 114 4 -0.000673423405 -5.21754217
91 96 123 154 1 -0.00408209022 -1.70914841
118 123 71 94 3 -0.00274611427 -2.47923326
0 0 0 0 0 -0.0225974303 6.73899698
29 32 109 114 2 -0.0347792692 -2.83278251
104 109 90 94 2 -0.000124690196 -5.05021715
114 118 126 157 2 -0.0015476332 -3.88111687
8 13 17 23 2 -0.71887219 0.475421846
105 105 0 0 3 -0.780424058 0.0353869498
53 54 73 108 3 -0.000643638545 -3.90502429
110 116 131 154 0 -0.000253664039 -2.76536322
111 114 43 66 2 -0.000680559839 -4.1467638
89 93 52 63 3 -0.0018248983 -3.81499171
0 0 0 0 4 -0.153094143 6.41601706
97 101 77 82 3 -0.000356532109 -2.64053178
116 124 156 163 1 -0.00267392863 -2.48170686
0 0 0 0 2 -0.109837882 3.39780545
111 111 19 54 2 -0.0251738429 -5.0190897
0 0 0 0 1 -0.214848936 6.4416914
139 144 178 184 0 -0.0056561227 -4.34485102
47 47 189 224 4 -0.120166376 -3.27032399
22 26 33 68 0 -0.00920925662 -4.81767035
103 111 43 66 1 -0.518625498 -1.43845987
0 0 0 0 0 -0.960944235 6.88210678
138 140 107 118 2 -0.0866398662 -1.95210576
0 0 0 0 3 -0.0134085333 1.63070059
0 0 0 0 2 -0.574846685 7.35600662
64 64 192 199 3 -0.00987237506 -3.6397922
92 96 37 72 3 -4.18419986e-05 -5.53972626
105 110 50 95 3 -0.203659832 0.5727157
59 63 122 130 3 -0.00338249491 -2.0996542
0 0 0 0 3 -0.00150431693 4.50447035
63 71 91 126 0 -0.000866361253 -3.57279944
165 166 184 219 2 -0.00881567225 -2.80362272
114 115 124 155 2 -0.574553549 -1.00525355
31 33 0 0 1 -0.00392086245 0.955023825
0 97 0 0 2 -0.540101349 -0.0292904973
162 163 69 104 2 -0.619658589 -1.37272167
108 114 124 129 1 -0.000367703295 -3.38528061
40 45 54 89 2 -0.015314349 -3.44038129
78 78 63 66 3 -0.00129717914 -1.60848188
107 110 39 50 3 -8.01071437e-05 -5.4475317
103 107 43 46 2 -7.17630901e-05 -4.71334457
67 70 103 107 1 -0.55785054 1.33590555
84 84 95 100 3 -0.00242101611 0.358307421
117 121 67 74 0 -0.00536580291 -1.4652667
0 0 0 0 2 -0.733148336 3.326895
40 47 51 56 2 -0.0877694339 -0.393102676
0 100 68 72 1 -0.870183587 0.865436137
100 104 53 88 3 -0.00175120879 -3.00940943
0 0 0 0 2 -0.00252835825 5.01453495
64 68 81 116 3 -5.90080817e-05 -5.29683924
0 0 0 0 1 -0.0984158665 2.30531001
89 94 70 74 2 -0.000310642266 -2.91541672
127 0 73 104 1 -0.523940682 -0.370718598
193 198 52 87 2 -0.0918465927 -5.36226416
56 56 158 193 2 -0.000186553705 -2.36064363
71 74 89 124 1 -0.000131723806 -5.37281132
43 43 48 54 4 -0.0341371745 -1.89982128
0 0 0 0 1 -0.0310878009 5.74332619
76 80 42 46 1 -0.00933475513 -2.36549282
105 108 164 199 2 -0.00182634615 -2.50170135
28 30 94 129 2 -0.0037874179 -1.45613742
114 116 128 131 1 -0.00119911996 -2.14597607
50 53 133 139 1 -9.35770804e-05 -2.82604814
0 0 0 0 1 -0.67525804 7.68347216
180 180 160 167 3 -0.0122044878 -2.6993978
65 72 43 51 0 -0.0209941175 -3.73835635
64 67 19 54 4 -0.0049032839 -2.22884607
0 0 0 0 1 -0.810824156 7.38807344
112 113 45 80 2 -0.000737206894 -3.476897
117 119 54 62 2 -0.00144259597 -2.70818806
57 61 37 42 3 -0.0831090808 0.699311078
35 44 63 94 1 -0.00310217217 -1.46480584
0 0 0 0 2 -0.32982707 5.8072567
125 129 107 112 0 -0.00803716015 -1.40718472
123 124 48 63 2 -0.001956149 -5.22023106
91 95 105 109 4 -0.100939527 1.68551326
167 168 86 90 2 -0.105416492 -2.03422332
111 115 132 167 3 -0.000201691233 -3.6620872
141 147 54 62 0 -0.00200647884 -5.51422453
86 87 106 108 2 -0.0754894167 -1.29739916
69 73 87 94 3 -0.0359142497 -2.99031782
0 0 0 0 4 -0.421158671 7.4456768
88 93 34 69 4 -0.00746030686 -3.47998381
166 170 150 155 0 -0.00924814679 -1.66559958
0 0 0 0 2 -0.0017167175 4.68170547
69 73 84 87 3 -0.00119797443 -5.6414628
52 58 79 84 0 -0.000377841701 -1.66905236
87 87 63 71 3 -0.00113710819 -1.43209422
39 39 55 66 2 -0.00456140563 -3.5299654
89 91 125 160 2 -0.0106139742 0.446076691
101 101 118 129 2 -0.000184412624 -3.06945968
52 54 64 99 4 -0.000557945808 -3.23139834
41 45 60 91 2 -0.00425478909 -2.55422902
71 78 97 103 2 -0.000452126056 -1.292629
120 124 55 60 2 -0.00591360265 -1.49271393
0 0 0 0 2 -0.217881441 1.5706811
24 28 89 124 3 -0.521749079 -0.178121507
116 120 139 142 1 -0.069583267 -0.907270074
94 95 103 134 2 -0.00112853083 -0.997185051
0 0 0 0 2 -0.0271956474 3.67765164
0 0 0 0 2 -0.0019237271 4.71106148
188 188 70 77 4 -0.00591965904 -4.67410278
86 86 58 61 3 -0.000603140274 -1.7885201
0 0 0 0 2 -0.0260659494 5.45083332
0 0 0 0 0 -0.0557346083 5.68216753
0 0 0 0 2 -0.0253990591 5.63996029
85 100 48 51 3 -1.3066051 0.323358238
99 101 72 87 3 -0.00401828345 -3.50549769
54 55 67 72 3 -0.00161357434 -3.02471733
0 0 0 0 1 -0.00173956389 3.65562987
0 0 0 0 4 -0.421824872 4.77367306
122 122 58 93 4 -4.41071425e-05 -4.44672489
113 119 131 138 2 -0.000135654293 -4.14314365
17 21 28 28 4 -1.27301264 -2.73678613
113 116 32 40 3 -0.026582621 -3.26109815
151 155 126 135 3 -0.00365954428 -2.70261288
133 136 101 108 2 -0.00162398629 -3.70691729
42 45 88 93 3 -0.015418252 -1.35694349
0 0 0 0 3 -0.0471128151 3.03076649
35 41 136 171 0 -0.000608703995 -2.28742433
34 34 51 60 2 -1.64507946e-05 -4.02526474
109 113 62 97 2 -0.00148922694 -3.97653389
0 0 0 0 1 -0.0422141664 3.64981008
49 55 114 119 2 -0.0127331493 -2.87093472
0 0 0 0 3 -0.0223754253 5.21491671
99 101 110 121 1 -0.024056267 -0.789161086
149 155 186 209 0 -0.00339634181 -1.65107799
94 94 110 145 2 -0.00482443254 -0.424459875
49 53 32 36 3 -0.0120763527 -2.75613379
67 70 141 143 3 -0.00704126246 -3.7671771
193 196 134 169 4 -0.014439079 -3.51358485
61 67 140 175 1 -0.234607428 0.347242296
106 108 122 128 3 -0.000630753755 -0.882115126
102 102 115 130 3 -6.53259049e-05 -4.00292969
115 120 131 154 2 -0.000312765798 -4.46766472
71 73 80 111 3 -0.00243528071 -2.58443737
85 87 106 111 1 -0.0240168571 -1.95216632
57 59 74 81 2 -0.00150081934 -3.84392047
157 157 33 36 3 -0.742774487 -2.95925331
53 53 67 73 3 -0.00069408305 -2.0791409
0 0 0 0 3 -0.971059382 1.97227073
152 152 123 138 2 -0.0116705764 -4.89771986
145 149 122 133 2 -8.83314569e-05 -3.76217604
34 40 102 104 1 -0.00332234893 -3.38736367
65 73 43 52 3 -0.00080423808 -2.46095991
63 63 104 139 3 -0.00510308053 -3.68880749
0 0 0 0 2 -0.500256419 4.0408082
94 98 62 73 3 -0.00036905476 -1.67790437
106 106 117 124 3 -0.00275068264 -3.00812221
0 0 0 0 0 -1.14349961 5.41912889
149 157 70 105 2 -0.00160626939 -3.51183701
55 56 63 67 2 -0.000547833333 -3.36128592
104 109 136 151 3 -0.0812026039 -3.31313133
93 98 51 86 3 -0.000537792745 -1.65440369
119 126 75 106 1 -0.00710591814 -1.81503606
145 153 93 128 1 -0.000504435971 -3.8432157
61 62 34 40 2 -0.000647674082 -4.21474361
226 226 79 114 3 -0.00298459898 -2.18779206
128 134 49 56 0 -0.00739076687 -3.7869997
111 111 126 132 3 -0.000414343085 -1.93571472
117 118 127 134 4 -0.129708558 -1.04449248
141 143 112 119 2 -0.000745284255 -6.298841
106 106 120 151 3 -0.00475539733 -3.91644049
164 165 86 91 2 -0.00233906112 -4.32768488
0 0 0 0 2 -0.000662014238 4.69630337
0 0 0 0 3 -0.000179044175 3.71290517
87 87 17 52 3 -0.0028705569 -3.99060655
104 108 155 190 2 -0.00845458172 -1.99859929
0 0 126 0 1 -1.64839518 1.72080445
71 75 95 130 1 -0.00115431088 -5.1763339
79 83 32 67 0 -0.000665921718 -3.25356507
81 86 164 199 3 -0.498073786 2.36301184
0 0 0 0 2 -0.00652795937 5.27496862
105 109 61 96 3 -0.0740172714 -1.57839537
92 97 47 82 3 -0.153365836 -1.32961297
0 25 92 99 1 -0.276170731 -0.783152997
77 77 87 102 3 -0.0400991999 -1.03716397
53 55 72 103 2 -0.0813985169 -1.9091897
0 0 0 0 2 -0.00252423575 6.64755011
166 166 97 128 3 -0.000814174418 -4.48559141
46 50 93 101 1 -0.0230921078 -3.71825218
0 0 47 51 3 -0.0766796842 0.468785882
120 125 49 72 1 -9.83454738e-05 -5.54600954
0 0 0 0 3 -0.000340426865 6.40623045
16 23 27 62 2 -0.116790079 -0.406728625
99 103 115 138 3 -0.000493815751 -2.77876639
66 68 105 140 2 -7.06892606e-05 -3.24889874
140 141 41 45 3 -0.130820557 -3.78390312
52 57 113 136 1 -0.000784039381 -2.82022119
78 87 59 63 0 -0.0128701432 -3.15754342
64 72 91 96 0 -0.00742503814 -0.53674221
61 68 39 44 0 -0.00909048319 -5.09342241
101 106 55 90 2 -0.000116107738 -4.46594477
18 19 41 47 3 -0.299240798 -0.965809584
43 46 93 128 3 -0.00107987144 -2.44874287
32 34 59 64 2 -0.00104079989 -4.18994808
43 46 62 67 1 -0.00630288804 -2.54433489
120 126 144 153 1 -0.000238517314 -2.79860425
127 134 53 88 0 -8.49948847e-05 -6.19153833
0 0 38 47 2 -0.57379669 -0.399945915
56 57 122 128 3 -0.0164619572 -0.484324962
102 104 113 116 1 -0.00171256531 -2.93309236
105 108 58 93 1 -0.349544257 -4.09510374
65 70 39 46 2 -0.000149485539 -3.13223243
77 84 26 35 1 -0.00424439972 -3.8193984
117 117 103 106 2 -0.000497613277 -4.29834747
111 114 56 64 1 -0.00602848502 -2.17311525
131 131 68 70 2 -0.00827484764 -2.37005854
12 12 17 23 4 -0.0599506497 0.346637368
12 15 19 42 0 -0.281601727 -2.38226771
47 51 130 161 4 -0.00160278264 -4.2090435
67 70 49 55 3 -0.000281078363 -3.69708276
60 60 73 108 3 -7.29550957e-05 -5.00368786
30 31 47 70 4 -0.0118060978 -3.57305861
57 58 37 52 2 -0.0806644559 -1.6653142
80 84 62 73 4 -0.000392048241 -3.98105454
57 57 80 83 3 -0.0069435956 -4.12157679
76 77 59 61 2 -0.0255902857 -2.18091249
157 162 126 133 2 -0.000383332488 -3.56254458
107 111 127 133 1 -0.000505848264 -1.65294909
110 110 128 134 4 -0.000148409366 -3.22112417
51 54 74 89 3 -0.000215518667 -3.78626275
55 59 69 92 3 -0.00110107847 -1.83355045
51 51 60 62 2 -0.0194136165 -3.82278371
39 42 46 53 1 -0.0106640784 -2.26242924
45 49 97 103 1 -0.00327530666 -5.21600866
40 41 45 51 2 -0.0188882463 1.60905266
104 105 56 91 2 -0.00394625589 -1.82316804
117 125 57 92 0 -0.000245915522 -5.99763918
114 117 86 94 2 -0.000170225438 -2.47841215
78 81 89 124 3 -0.00210731803 -4.46611357
86 92 47 50 0 -0.00184143684 -4.60039377
138 138 118 126 3 -9.71539921e-05 -1.23176336
60 60 78 83 3 -0.00201749057 -3.96334386
59 59 76 111 3 -0.119901657 -4.27614737
47 47 59 66 2 -0.000476899586 -5.09883451
48 51 64 99 2 -0.000519787136 -3.61676574
79 84 56 63 2 -0.000554630533 -3.36824417
36 36 52 87 3 -0.00281520537 -4.36909389
134 141 72 79 0 -0.000105736268 -3.2345686
80 80 91 97 3 -0.00404973887 -2.94382048
142 143 67 75 3 -0.0110648675 -5.23275375
44 45 62 85 3 -0.016477216 -3.84115982
109 109 31 38 3 -0.00669254735 -3.50050378
5 6 9 44 3 -0.0278991796 -2.85574484
48 48 64 75 3 -9.08359943e-05 -5.81863117
60 63 135 138 2 -0.00281005213 -4.01333666
97 97 107 130 3 -0.0325182751 -1.12805367
25 29 33 64 2 -0.0900196731 -1.72239232
103 103 114 129 3 -0.00415368285 -1.37818408
67 70 34 57 2 -0.000200614319 -3.92869496
65 66 114 119 2 -0.000402413483 -4.41957617
65 65 77 112 2 -0.0176509228 -4.26383352
55 56 94 109 2 -0.00568821374 -1.48350596
43 46 78 80 2 -0.000519813737 -3.32191992
90 93 41 76 1 -0.000111219742 -3.78939366
46 46 66 101 3 -0.00290513108 -5.63081503
163 163 66 101 3 -0.0020761569 -3.63440657
76 82 100 115 1 -0.0190444514 1.05524349
61 64 85 90 2 -0.00549168466 -3.83286452
149 149 75 110 3 -6.22266234e-05 -2.89839625
59 60 119 142 3 -0.00057620916 -2.68173313
87 91 100 111 1 -0.00124020444 -4.13589382
90 91 48 83 2 -0.202567697 -4.2890563
75 75 90 105 2 -0.000199908522 -3.02763581
17 17 38 42 2 -0.00893168617 -2.09116054
86 90 47 70 1 -0.00268081925 -3.09950185
25 28 101 109 2 -0.000400017656 -5.81427526
149 150 125 133 2 -0.136026949 0.145483494
85 87 98 109 2 -0.000333165255 -3.6657207
0 0 0 0 3 -0.0338661149 5.22354317
0 0 0 0 3 -0.00142425264 4.7809062
0 0 0 0 2 -0.0721956789 3.10554647
0 0 0 0 3 -0.000659151294 5.64444447
0 0 0 0 3 -0.0019904552 3.53555179
0 0 0 0 3 -0.00159354694 4.93675423
0 0 0 0 2 -0.000899261096 5.40091562
0 0 0 0 4 -0.532645345 7.2983532
0 0 0 0 3 -0.00251100585 6.37839365
0 0 0 0 1 -0.00554464059 6.23345709
0 0 0 0 1 -0.32709229 1.97009921
99 0 0 0 1 -0.703615427 1.66405845
0 0 0 0 2 -0.551055312 3.65934396
0 0 0 0 0 -0.033751294 6.36080742
0 0 0 0 3 -0.0851845667 5.58666563
0 0 0 0 3 -0.00108045351 3.90494609
0 0 0 0 2 -0.0337165631 5.38314676
0 0 0 0 2 -0.631659746 2.01137495
107 109 122 128 2 -0.0391353853 0.126941442
106 109 126 132 1 -3.5285695e-05 -2.33723688
65 72 83 92 0 -0.00144435163 -1.96136308
68 22 26 61 2 -1.12793064 -2.14759469
50 55 149 184 1 -0.00271481555 0.042384088
138 142 51 86 3 -0.000106094005 -2.54560041
75 82 42 46 1 -9.36966535e-05 -2.63348198
147 150 79 114 1 -0.000331012212 -3.5216496
16 19 35 58 2 -0.0313063115 -2.26011229
61 61 75 83 3 -0.0151242996 -1.83753586
125 129 140 147 0 -0.000927780522 -2.15308356
45 47 83 89 2 -0.0397977196 -1.7918117
50 50 83 118 2 -0.000761240895 -3.4922967
35 42 52 54 0 -0.00139956363 -1.70887733
150 153 128 135 0 -5.79351981e-05 -4.17945814
50 54 68 83 3 -0.000675477087 -4.7497673
115 115 44 55 3 -0.0818866491 -0.297704637
112 117 30 53 1 -0.00143816031 -2.45211053
143 143 104 111 3 -0.00189529732 -2.30238938
240 174 188 192 0 -2.02945399 -1.23926079
112 117 49 54 1 -9.90613407e-05 -4.25335312
145 149 89 104 3 -0.000264633883 -3.086375
48 51 61 69 4 -0.022348566 -4.82310343
56 61 83 118 1 -0.03478273 -3.28514171
157 161 58 93 1 -0.0946025997 -0.596883297
147 151 66 101 4 -6.0915303e-05 -2.38580656
104 109 41 56 4 -4.07691441e-05 -5.00639963
41 42 54 61 4 -0.395059645 -1.79880524
104 107 60 62 4 -0.000373330171 -4.80247974
0 0 0 0 1 -0.0333381593 4.42359066
105 106 144 179 1 -0.0806619301 0.765320718
77 83 32 67 1 -0.00521176495 -2.36478877
171 175 124 159 0 -0.00991982874 -2.96575332
0 0 0 0 1 -0.982986212 7.53947735
0 0 0 0 1 -0.507056177 6.79040098
197 198 132 163 2 -0.139159992 -1.05860662
84 86 110 115 1 -0.00465579471 -1.07268167
45 48 108 143 1 -0.00156732032 -3.13774204
72 76 59 66 0 -0.00268277945 -3.17306566
107 114 129 135 0 -0.000262363203 -2.3110292
45 45 49 52 2 -0.264464229 2.05264115
101 103 57 65 2 -1.13286066 -0.543759465
56 57 73 76 2 -0.000454017107 -4.4062047
79 85 131 139 0 -0.0189517103 -2.41377902
151 155 52 87 3 -0.000563803478 -1.85515475
0 0 0 0 3 -0.228575766 2.98264647
91 94 51 58 2 -0.00050104555 -3.77143884
85 93 37 41 1 -0.00689562876 -1.37021542
107 110 42 50 1 -1.64948714 0.481267452
0 0 0 0 0 -0.478010297 5.07911682
84 87 101 108 2 -0.000292871089 -3.3002739
46 52 71 79 1 -0.00595942652 -1.4590354
0 0 0 0 3 -0.331833243 6.61403179
70 73 143 145 2 -0.000908981543 -3.71782494
59 63 95 103 2 -0.00371977966 -1.55388832
0 0 0 0 3 -0.214345127 5.58676291
109 115 94 102 3 -3.49280381e-05 -4.27825165
144 148 58 93 3 -0.000124331913 -4.55425119
125 129 83 118 1 -0.00210668705 -4.77186775
0 0 144 0 2 -0.953903556 1.12881446
35 35 72 83 2 -0.0115008308 -4.59645748
58 62 72 76 0 -0.000233282335 -1.55273414
88 88 126 132 3 -0.00613019848 -3.04774714
74 77 119 154 3 -0.000180834715 -3.06281447
89 93 110 145 3 -0.0390175655 0.327921569
108 109 93 97 2 -0.00043507095 -4.09087133
50 50 63 98 2 -0.19353646 0.907107532
0 0 0 0 4 -0.0394262038 3.02934933
87 92 43 74 3 -0.645450413 0.109835863
36 42 72 75 3 -0.160086066 -0.279787183
94 98 111 142 4 -0.000135537644 -3.99171543
148 150 54 65 1 -0.0531622358 -1.21396053
82 83 98 133 4 -0.00153709622 -6.35108852
0 0 0 0 2 -0.0181219112 3.73297715
82 83 95 98 4 -0.051691927 -2.12025762
101 101 121 127 4 -8.82139429e-05 -2.25766563
108 108 58 93 3 -0.00815452915 -1.77707624
48 51 195 198 2 -0.0454595536 -1.51529551
139 141 118 129 2 -0.000685954816 -3.78529835
132 132 40 63 3 -0.00311711873 -6.55694723
115 115 168 179 3 -0.00878009945 -1.95806026
74 79 45 52 0 -0.00530919619 -1.94463968
92 92 99 107 3 -0.0028041217 -3.19716072
66 70 85 120 3 -0.000186316815 -5.28314781
109 112 125 128 1 -0.00387067045 -3.95859194
70 74 88 99 1 -0.00190399715 -2.77442193
63 69 191 193 0 -0.0344377235 -5.15576696
80 88 237 187 1 -0.63695538 -0.71407944
0 0 0 0 2 -0.751604319 6.9563179
0 0 0 100 2 -1.71375465 0.339435577
42 47 54 89 1 -0.00922064111 -2.64035511
0 0 0 0 3 -0.404412061 7.52738523
0 0 0 0 2 -0.0123465545 6.3368907
133 139 88 123 2 -0.00529056694 -2.60566425
42 46 76 84 3 -6.68752909e-05 -4.11402082
47 50 56 79 3 -0.000434239337 -2.78347039
0 0 0 0 2 -0.000684032508 2.88132596
76 88 101 116 0 -0.0405236483 -0.818128228
169 175 76 111 3 -0.0546360053 0.101712465
95 100 73 80 4 -0.000642954197 -3.82725787
0 0 0 0 2 -0.0149287274 3.48602295
96 99 0 0 1 -1.46159244 3.30096292
96 103 120 124 2 -0.711772919 0.806511581
124 124 102 104 2 -0.000362129766 -3.92668891
105 107 95 99 2 -0.0111563224 -1.44174361
121 124 36 71 3 -0.561067343 -2.25892687
65 65 44 50 3 -0.00106557761 -3.65900397
109 112 192 227 2 -0.218707234 -0.968056977
0 0 0 0 2 -0.00341130933 3.64114976
0 0 63 69 3 -0.35884276 -0.351622999
97 103 48 83 1 -0.0343553945 -0.992199898
67 67 119 127 3 -0.00249165436 -1.80290794
26 30 35 39 4 -0.0040504057 -0.922442138
108 111 124 147 3 -0.0222434066 -4.45542145
86 90 42 73 2 -0.0491020307 -1.37005234
93 96 111 120 1 -0.00581617281 -2.70912147
0 0 0 0 2 -0.622767985 7.11559916
118 121 130 138 4 -0.0010736566 -4.95260906
108 108 68 103 0 -0.253066063 -5.0188961
65 70 79 114 3 -0.00683542667 -2.44025707
0 0 0 0 0 -0.0415404513 5.94403028
43 49 61 63 2 -0.000356145785 -5.20885181
0 0 0 0 1 -0.0162847359 6.23363638
52 53 168 199 3 -0.00474658469 -4.35754156
41 41 46 58 2 -0.0839087814 -3.64349818
156 160 173 208 2 -0.016176682 -3.00885797
0 0 0 0 2 -0.202778518 6.75573969
51 55 70 93 3 -0.000210388505 -3.7699182
0 0 0 0 1 -0.292540222 4.63741112
126 131 110 114 1 -0.00245945202 -1.16759181
57 58 117 121 4 -0.0129101221 -0.852504313
55 58 80 115 2 -0.00125671213 -3.95842671
43 50 61 84 2 -0.108577564 -1.94024873
113 114 132 167 2 -0.00278611085 -1.82287812
0 0 0 0 3 -0.00350804767 4.55728436
106 111 81 85 0 -0.0931632221 0.391590357
108 112 59 94 2 -0.000108953602 -4.73976278
0 0 0 0 2 -0.00644738274 0.723635972
65 71 85 116 1 -0.000260333647 -2.35606217
130 134 73 108 4 -6.48493005e-05 -3.94412708
122 124 100 103 1 -0.14105691 -4.185987
148 156 89 124 4 -0.00708368141 -2.63652134
70 74 22 25 1 -0.000521234993 -3.57224607
63 65 143 150 2 -0.000351885043 -4.59626722
98 98 107 113 4 -0.000579263549 -3.4301939
77 81 47 50 1 -0.431415111 -2.80601144
150 156 111 114 0 -0.00160741457 -2.10193563
63 63 76 107 2 -5.73389916e-05 -3.92222023
44 47 111 126 2 -0.000527811819 -3.26364422
80 84 93 128 2 -0.00152880105 -1.31726122
89 97 50 53 2 -0.580064535 -0.581284761
46 46 73 77 2 -0.0168533996 -3.8718338
97 100 113 118 0 -0.0770803094 1.68461204
21 24 51 59 4 -0.053174451 -1.04243159
106 110 125 132 2 -0.00807141326 -0.760321856
48 54 107 114 2 -0.000524096948 -4.24743843
104 104 85 89 4 -0.00378971244 -1.8895452
0 0 0 0 3 -0.190161437 3.04106998
80 83 102 109 2 -0.00206833729 -4.68601942
0 0 0 0 4 -0.943742871 8.0925808
0 0 0 0 3 -0.000350056478 2.79805756
58 58 91 94 3 -0.000975424889 -0.674416363
92 94 33 42 2 -0.0251430105 -1.38025689
44 48 61 96 3 -0.00861206464 -3.6633563
218 125 142 151 2 -0.707548261 -0.758493006
0 0 0 0 3 -1.04547989 7.64681387
27 36 79 87 0 -0.0133335078 -2.27756691
45 52 62 73 2 -0.735263586 -3.83894706
136 139 152 157 4 -0.000616013655 -1.69124699
59 60 163 174 1 -0.0256983694 -2.25358319
43 49 53 60 2 -0.00327715487 -2.25848675
96 102 111 117 0 -0.00147931429 -3.67942381
133 136 58 62 2 -0.000358203135 -2.7659657
26 33 179 214 2 -0.0446865633 -4.28170824
127 132 90 113 2 -0.00260756328 -5.16070318
55 58 78 87 0 -0.0955149457 -1.7807014
102 105 134 139 2 -0.0794484839 -5.35496283
7 11 17 52 4 -0.0846253857 -2.13696551
138 139 86 121 3 -0.132250935 -1.24929905
145 147 168 203 2 -0.0115970289 -1.68239856
0 0 0 0 2 -0.13439469 5.18947458
57 64 194 201 2 -0.000559399545 -3.30232358
114 116 96 99 1 -0.0326433778 -4.36120319
69 69 48 52 3 -0.00099808129 -2.97869658
130 134 79 114 2 -0.600453377 -1.11008978
39 41 70 105 2 -0.000697617827 -3.06726861
91 91 189 194 2 -0.000649175548 -5.19246721
32 38 46 81 2 -0.0424937904 -1.32945848
0 0 0 0 2 -0.000532221515 2.97367048
50 53 64 72 4 -0.0015876618 -2.48802495
110 114 125 160 2 -0.0148745356 -1.10610294
83 91 108 162 3 -0.0337803476 -0.348861635
0 0 0 0 1 -0.00382315367 5.44636202
50 51 127 138 3 -0.0418911651 -1.49434495
0 0 0 0 2 -0.789100766 3.35902977
76 78 91 96 2 -0.113459937 -2.03259826
0 18 31 37 3 -0.59294498 0.827785313
80 85 169 173 3 -0.000908523565 -6.24492979
0 0 94 102 3 -0.400282413 2.3880465
133 134 107 111 2 -0.0126480032 -3.28760958
159 160 34 39 3 -0.000708248641 -3.83809137
63 69 95 97 0 -0.00457630865 -2.96686053
0 0 0 0 3 -0.590363979 2.20187497
107 107 120 131 3 -0.00766006857 -2.79877591
55 58 75 80 3 -0.00138804456 -3.94718623
136 140 53 60 3 -0.0354533643 -3.75280094
141 144 41 76 1 -0.00050181197 -5.0353713
0 0 0 0 1 -0.0203420445 8.3319273
154 154 106 117 3 -0.0149516724 -0.823079646
41 44 57 92 0 -0.0079364134 -4.3561883
118 118 48 50 4 -0.00198073406 -3.88468146
127 134 95 101 2 -0.0017940671 -1.76557326
164 166 61 96 1 -0.00068597839 -1.7851932
44 48 80 81 4 -0.0292433389 -3.75247455
125 128 105 113 4 -0.00184197258 -3.06349993
0 0 0 0 2 -0.00104026613 6.83696556
0 0 0 0 3 -0.000563044567 5.31392241
0 0 0 0 1 -0.98827219 7.41017818
31 35 55 90 1 -0.021990221 -2.48971176
90 91 34 57 2 -0.0217090175 -2.97598553
72 73 56 60 2 -6.29416463e-05 -4.15144396
100 101 108 113 2 -0.0069502946 -2.7651906
18 18 34 37 2 -0.00258915452 -3.21793151
89 90 36 71 2 -0.000761166855 -5.08597326
0 0 0 0 1 -0.964570999 1.68580914
100 104 86 89 1 -0.0731319338 -1.0880003
70 73 81 83 2 -0.000556396029 -2.51214433
76 79 117 148 2 -0.0521881916 -0.899006605
106 106 55 90 3 -3.02788958e-05 -4.28247595
66 72 79 86 0 -0.0036121062 -2.37154865
197 202 52 59 2 -0.0187547207 -2.14840984
0 0 0 0 3 -0.331905812 7.37459993
56 64 132 140 1 -0.00900346041 -3.977566
124 125 110 112 4 -0.00974870939 -4.63105202
46 46 107 115 2 -0.000404321647 -4.27446747
78 83 98 105 2 -0.00458479347 -0.105352223
0 0 0 0 2 -0.316652 6.68082619
55 55 171 174 2 -0.00153751811 -5.29823971
118 122 169 172 2 -0.00417296868 -2.37781
45 47 55 90 2 -0.101732105 -2.66013837
24 26 100 123 1 -0.0369983204 -2.07695174
0 0 0 0 1 -0.388046652 7.57360601
59 62 68 103 4 -0.0181570761 -2.74235988
0 0 0 0 3 -0.733470082 7.24883461
110 111 64 66 2 -0.290700316 -3.51255751
0 0 0 0 0 -0.00684269331 4.75230837
0 0 0 0 2 -0.000700703356 5.40436029
208 214 127 162 1 -0.00759709114 -0.121723264
156 162 111 134 2 -0.0115244333 -3.01178479
54 57 81 87 2 -0.0193323139 -0.434416145
29 35 111 119 2 -0.0657691211 2.09796906
124 126 108 115 2 -0.00749758445 -0.991078854
0 0 0 0 2 -0.158660054 6.88292265
62 68 82 85 0 -0.000414336449 -3.4178462
61 65 76 78 4 -0.02838693 -1.67311525
151 152 74 105 2 -0.0404437929 -4.27676344
29 31 44 79 2 -9.33381161e-05 -4.29027557
106 109 66 71 2 -0.00934380107 -1.3146019
0 0 0 0 0 -0.167277545 6.64191008
38 45 58 93 0 -0.000549006101 -5.62253952
81 85 58 65 3 -0.000738236879 -4.76990175
39 40 52 61 3 -0.00259543792 -1.98600316
106 106 54 59 2 -0.176785782 -3.35363626
66 70 40 43 3 -3.15901889e-05 -4.0755415
136 137 31 40 2 -0.00348205981 -4.305933
99 105 47 50 1 -0.000639000966 -2.81109595
98 102 111 115 3 -0.00199555955 -3.51631451
27 29 42 49 2 -0.00739781046 -0.437019885
53 56 94 99 2 -0.000436621427 -3.7866652
174 177 85 90 2 -0.330979228 0.283356249
129 129 66 68 4 -5.05442731e-05 -3.81660032
68 68 146 150 3 -1.15350401 -0.873302102
86 93 34 69 0 -0.00670663733 -1.43122113
128 130 70 105 2 -0.117232181 -4.28571987
63 65 86 94 2 -0.00459461333 -4.79580164
0 0 0 0 2 -0.00368341152 2.98120689
88 92 38 73 1 -0.168813735 -4.7526474
144 150 75 82 1 -0.00665750494 -2.43942857
104 108 152 187 4 -0.00600125687 -2.82296205
0 114 0 0 2 -1.59230363 3.13604212
0 0 0 0 3 -0.447150826 7.11319113
120 123 42 49 2 -0.00442936178 -1.77724934
103 103 86 92 3 -0.0102424296 -3.30304313
26 29 87 93 1 -0.00142474123 -3.11767817
63 70 42 50 0 -0.000157589879 -4.07239485
175 178 104 113 2 -0.00998872612 -5.21108627
93 94 157 188 1 -0.000407071842 -3.16464019
111 116 53 55 0 -0.0040452648 -3.44650412
0 0 0 0 0 -0.205935523 4.38815165
78 81 89 93 0 -0.00022767653 -1.1565522
176 215 144 151 0 -0.692908406 -4.61849213
0 0 0 0 2 -0.658832312 7.80054522
112 113 43 51 2 -0.884493351 -0.196407109
96 97 104 111 3 -0.014845632 -0.288918853
65 66 42 47 3 -0.000581889937 -3.49527693
45 51 66 69 1 -0.0215175152 -2.95379162
168 168 79 82 3 -0.00139941415 -2.69838309
56 60 79 85 0 -0.00127897377 -3.17540836
0 0 0 0 3 -0.000471300562 5.14657831
0 0 0 0 2 -0.0371227004 4.00779343
0 0 0 0 2 -0.0126576545 6.32340384
123 123 149 184 3 -0.00480862986 -6.03558207
96 104 150 157 1 -0.0115321446 -3.14730716
62 62 83 91 2 -0.000138280186 -3.12438726
52 54 82 90 2 -0.0015920552 -3.01953745
103 105 79 94 2 -0.00368932029 -2.10701466
53 54 133 140 2 -0.0253545195 -3.65348125
40 43 60 91 3 -0.000603160355 -5.77865648
78 83 96 104 0 -0.0225222129 -3.89974189
107 113 122 133 0 -0.412534624 -2.09981775
0 0 0 0 2 -0.00084248191 5.29721785
53 57 66 81 1 -0.00129128573 -3.01213098
41 48 104 109 0 -0.00181880139 -2.32348442
106 106 120 128 2 -0.0041508982 -2.00181055
167 167 102 137 2 -0.000403473183 -2.22835517
34 38 54 62 0 -0.000401583064 -3.72758889
127 128 52 87 2 -0.000152941342 -4.68399715
220 220 173 204 3 -0.0773853436 -3.51921606
56 62 132 167 2 -0.00265293568 -1.63096309
79 79 29 60 3 -0.000801692193 -3.7984159
103 104 58 64 2 -0.0616209917 -0.35905534
73 73 57 64 3 -0.00436359784 -3.35151029
82 85 97 104 2 -0.000247346587 -2.14163566
179 185 70 105 3 -0.0222532041 -4.38183165
137 140 51 82 3 -0.00527680432 -4.48913288
57 62 123 126 1 -0.016382793 -3.92495394
47 49 68 103 2 -0.00321445963 -4.82328844
53 57 126 161 4 -0.00800514501 -3.37813306
102 105 115 126 2 -0.000593196368 -4.51432133
0 0 0 0 3 -0.0594269894 7.88513613
182 188 131 162 3 -0.0118598249 -1.71079206
113 121 45 80 1 -0.000351639086 -4.29664993
0 0 0 0 2 -0.251382053 2.41082287
132 135 77 108 3 -0.00420779781 -1.22876644
54 54 103 138 3 -0.0367299058 -3.30720162
140 142 40 48 2 -0.000305986847 -3.38814807
134 140 149 160 1 -0.0072460752 -0.0148554146
119 123 91 97 2 -0.00300007709 -4.11928272
114 118 36 47 1 -0.000400629593 -2.84614825
0 0 0 0 4 -0.579743683 8.00710583
62 69 83 85 0 -0.00057261216 -2.98010111
79 89 106 111 1 -0.0265879296 -0.311672837
131 136 80 115 3 -0.000652957591 -3.27212524
0 0 0 0 2 -0.536904037 0.0582338274
109 117 35 70 0 -0.287603855 -2.04069114
48 51 90 125 2 -0.013439415 -1.28241789
0 0 0 0 3 -0.230718836 5.40663195
128 128 195 206 3 -0.000379763835 -2.52978253
71 72 52 59 4 -7.97482862e-05 -3.80715561
89 91 55 78 1 -0.12368644 -2.02054954
0 0 150 165 2 -0.12651214 1.29117417
0 0 0 0 2 -0.00849489123 3.70088315
99 101 117 152 2 -0.020527143 -4.21713543
0 0 0 0 3 -0.199428901 6.31407833
60 63 46 53 2 -0.043025855 -1.13872457
0 0 0 0 2 -0.000764791854 5.83474588
131 134 66 72 3 -0.00150336022 -4.29248857
64 68 41 47 3 -0.555671632 0.463859022
138 142 163 172 3 -0.0359204225 -4.96128845
115 116 132 142 0 -0.171891287 -3.04084754
42 43 111 146 3 -0.877792835 -0.264327973
52 56 61 69 4 -0.0417953543 -2.13019013
31 0 42 47 4 -0.725700498 0.439151943
0 0 0 0 1 -0.523683608 2.60006833
0 0 0 0 0 -0.777926326 4.28367472
46 52 109 144 0 -0.000239004934 -2.85806561
107 111 123 127 2 -0.00124110281 -3.296242
136 137 75 90 2 -0.0846139044 -0.636515856
87 89 102 110 1 -0.000722178025 -4.5678277
39 47 59 64 0 -0.000231736311 -2.47815919
96 104 71 77 0 -0.000820269168 -2.33789062
64 64 48 58 2 -0.00191834476 -4.46290874
0 0 0 0 2 -0.000836034247 6.15642405
96 57 71 82 2 -1.288432 -2.35525513
15 18 32 55 1 -0.0611188114 -4.7529335
98 104 114 121 2 -0.00141571125 -0.794821978
80 83 46 48 3 -0.0794778913 0.333579361
127 130 143 174 1 -0.432380468 -0.836203873
123 124 31 66 3 -0.007755436 -1.62518573
89 92 173 178 2 -0.0178749431 -3.01205397
35 36 0 0 3 -1.30397344 1.70325851
102 107 122 131 4 -8.08224577e-05 -2.98686171
51 57 70 105 1 -0.000819468638 -3.1856637
45 51 62 93 2 -0.0506580845 -2.60291004
62 68 86 121 2 -0.000189177576 -4.27466106
56 59 148 156 1 -0.000144118196 -0.882004142
59 60 30 36 1 -0.0177386869 -2.73049521
147 151 128 133 2 -0.00695907511 -2.70315194
83 88 31 38 3 -0.0073134019 -0.020190984
133 134 151 166 2 -0.00365292607 -0.119184822
49 51 60 66 1 -0.00185655407 -0.569088578
74 74 94 129 2 -0.0010189981 -4.40811729
94 94 47 82 3 -0.000945068314 -2.20216084
41 45 106 141 2 -0.000554414699 -4.62298059
124 124 160 195 4 -0.0389909148 -2.13786006
77 79 97 112 3 -0.0029729954 -1.79088068
205 209 152 187 3 -0.00685607828 -3.71535301
0 0 0 0 2 -0.0089033749 2.69615889
101 106 143 145 2 -0.0287083723 -2.43003964
56 62 86 117 2 -0.0019819492 -4.23937321
97 102 112 118 4 -0.000361657003 -2.93491626
114 117 67 102 3 -8.02270952e-05 -2.92860627
52 63 81 116 0 -0.0010617841 -2.49694943
40 43 135 170 3 -0.0026045891 -5.42598915
105 109 159 194 3 -0.00141059025 -1.52800274
61 63 89 100 2 -0.00117632723 -4.69049549
0 0 0 0 0 -0.446508169 3.77633595
48 53 61 63 2 -0.00120039284 -2.56450248
57 61 123 158 4 -0.00792520959 -3.91665506
68 68 110 145 3 -0.000969954999 -2.92846847
50 50 60 67 4 -0.00363534293 -2.29289293
0 0 0 0 2 -0.0165235829 5.3240304
92 92 53 61 2 -9.89401015e-05 -4.0733099
93 95 105 109 2 -0.00234694569 -3.11511755
145 147 172 179 2 -0.000226609205 -5.14016581
94 94 113 148 2 -6.58019053e-05 -4.19719028
66 66 20 55 2 -0.205419749 -0.813492596
101 105 55 90 1 -0.00065014587 -3.95065832
12 18 88 119 1 -0.0198443569 1.01474309
82 83 42 49 3 -0.00283302995 -0.530472577
136 143 109 117 0 -0.00163605623 -3.33332181
103 106 133 139 0 -0.0016717338 -0.542640507
64 65 77 80 2 -0.00508801686 -2.49450421
45 53 106 114 0 -0.000586515293 -4.83336496
50 52 62 97 3 -0.00472617429 -2.20482659
122 123 77 112 4 -0.00241952715 -5.31551743
111 117 72 79 3 -0.000154610898 -4.54826546
91 96 77 84 3 -2.17187834 1.56750202
116 120 91 98 4 -0.0423794687 -3.64968348
86 87 116 123 3 -0.0539342426 -1.4793241
131 131 59 94 4 -6.34186508e-05 -5.01277399
67 70 50 57 4 -0.00042518758 -1.75396943
65 67 121 129 1 -0.000807048695 -4.35858774
0 0 0 0 2 -0.00550750177 5.45581055
0 0 0 0 3 -0.539547861 6.3339715
109 115 45 50 2 -0.00176923885 -5.38770962
107 110 120 127 1 -7.30744068e-05 -5.26809311
115 121 92 98 3 -0.0171107594 -1.5842495
101 104 57 60 0 -0.329461426 -0.0428979695
117 124 38 73 0 -0.00373405428 -2.64738274
87 87 99 106 3 -0.0318107195 -4.36045885
0 0 0 0 3 -0.00661641499 7.14260244
0 0 0 0 3 -0.147913888 6.59082794
79 82 102 108 4 -0.0028373762 -2.28291273
0 0 0 0 2 -0.0403045043 4.08156919
23 29 33 44 2 -0.0258513298 -0.725554824
0 0 0 0 2 -0.00284306146 5.35119629
42 42 62 97 3 -0.00207946775 -3.48826742
47 51 128 163 4 -0.000466496247 -4.45466995
68 68 58 61 3 -0.0139523139 -1.13161886
45 49 79 114 1 -0.000264986826 -4.57259035
54 54 89 124 3 -0.0218499713 -4.33424902
0 0 0 0 2 -1.34711051 7.3716011
90 93 44 79 3 -0.000103471713 -3.07076144
114 117 51 54 0 -0.000434913876 -4.83589554
55 55 38 45 2 -0.00511388388 -2.13365149
0 0 127 162 3 -1.86111629 4.16817617
0 0 0 0 3 -0.0499260649 3.72180009
0 0 0 0 2 -0.00336170266 4.41906595
19 23 99 106 1 -0.0420449562 -2.46909833
78 79 167 198 2 -0.0574971028 -5.96427584
0 0 0 0 3 -0.00495100068 4.75247002
193 197 138 173 4 -0.290764004 0.355968118
133 136 78 93 1 -4.89945487e-05 -3.13981295
96 102 38 41 2 -0.00088645902 -4.06903791
0 0 0 0 3 -0.34881565 3.42319846
132 135 148 151 0 -0.0655064881 -3.70446014
135 138 157 161 3 -0.436891794 -5.64624023
89 92 101 132 2 -0.00259393966 -0.476614445
114 117 126 132 3 -0.51514709 -2.33695126
125 128 38 73 4 -0.00073923415 -3.13787341
63 64 49 55 3 -0.00310205668 -0.661811471
160 161 111 146 3 -0.031868536 -0.754533291
58 59 38 43 2 -0.000659743964 -1.91953945
56 67 139 154 0 -0.00189495762 -2.41854453
61 63 32 39 2 -0.000630084134 -5.06917524
53 53 66 73 3 -0.0110750077 -0.392417908
0 0 0 0 3 -0.10558255 2.39356732
43 44 54 89 3 -0.000806344848 -3.36900234
0 175 55 90 4 -2.04386067 2.71130061
117 120 20 31 2 -0.00103366037 -3.20593047
86 90 162 168 1 -0.00015830301 -2.62699652
36 37 83 90 3 -0.202627182 -2.19010663
54 59 124 128 1 -7.80807022e-05 -3.37061262
94 97 64 75 2 -0.0074080932 -4.46944141
61 63 144 151 3 -0.00026975869 -3.50354695
0 0 0 0 1 -0.0334172249 3.62681651
158 158 213 219 3 -0.0425574854 -3.11115289
0 0 0 0 1 -0.221460998 7.3211894
95 99 128 163 3 -0.000242217211 -2.22780156
80 80 120 131 2 -0.00304990495 -3.90214896
54 57 111 115 0 -0.00101436838 -2.02850199
176 178 67 70 1 -0.0053107189 0.37093848
0 0 0 0 1 -1.17638564 2.41351223
139 143 110 115 3 -0.0141590051 0.385462701
16 19 112 147 3 -0.00477107521 -2.54698372
88 92 112 149 3 -0.320844442 -0.640589833
109 113 69 92 2 -0.00221462571 -2.79920149
0 0 0 0 2 -0.795218587 7.61998796
78 82 53 68 1 -0.010945702 -2.19056487
44 46 117 120 2 -0.00928108208 -3.84159589
115 116 151 158 2 -0.664526701 1.720608
103 109 39 74 0 -0.00584230525 -3.74341774
72 76 35 40 2 -0.172767013 -0.759164095
226 229 167 202 2 -0.0571596213 -2.244452
111 115 36 43 4 -0.00125243235 -4.4158926
93 99 73 79 0 -0.0136163188 -2.24370313
65 71 84 90 2 -0.00456831697 -1.11967802
136 141 39 74 3 -0.0093206875 -1.13797808
47 47 102 137 3 -0.0283517726 -4.91463232
49 50 102 137 3 -0.000379498466 -5.78494692
55 56 92 99 2 -0.00507678464 -4.84230614
0 0 0 40 0 -1.28117108 3.0431366
66 68 83 94 1 -0.00785369985 0.418472946
113 114 41 45 2 -0.000560205721 -3.37164497
22 23 30 65 2 -1.04412889 -2.08092284
72 74 82 84 2 -0.000868620409 -3.70119262
0 0 0 0 1 -0.343588054 1.80559373
39 42 57 92 2 -0.000155087328 -4.25346804
208 209 56 91 4 -0.458394378 -0.265784085
0 0 0 0 2 -0.00645074341 4.09088469
73 77 114 119 2 -0.188249752 -0.481783122
0 0 0 0 3 -0.0517081991 5.12805796
94 94 51 59 3 -3.69546251e-05 -3.43287563
119 123 86 93 3 -0.000304444227 -2.74736762
91 96 75 83 1 -0.0003642714 -3.22417617
130 138 106 115 1 -0.000169383537 -2.57281113
44 48 62 67 1 -0.000267251336 -4.08584881
91 97 37 72 3 -0.000308728777 -3.095222
0 0 0 0 2 -0.213677049 2.7686789
62 66 85 120 3 -0.0021400454 -1.83832574
35 38 43 66 3 -0.468617558 -2.45523882
45 45 120 135 3 -0.00166340696 -4.28073931
52 56 72 75 2 -0.219974086 -4.04723835
88 91 156 171 2 -0.0315276869 -2.48965406
140 144 78 113 3 -0.000755270477 -3.75901484
0 0 0 0 2 -0.121533819 1.9190855
127 132 150 0 3 -0.958755612 1.50973082
138 141 20 55 3 -0.000913542463 -5.26351881
153 157 51 59 1 -1.12635612 0.407207429
0 0 0 0 2 -0.000297892897 5.62492561
95 99 63 69 3 -0.985298753 -1.14164996
50 0 0 0 2 -1.9808135 0.935097277
80 80 58 65 3 -0.568268239 1.19494033
89 95 31 38 0 -0.0126203187 -3.98727942
53 56 67 82 2 -0.00178230065 -1.49500275
35 43 47 55 0 -0.0053888238 -3.74180031
93 97 106 110 3 -0.185855478 -5.19270897
182 188 159 167 1 -0.0128598455 -2.92669415
69 73 126 0 4 -0.850402474 -0.888081253
41 45 59 66 3 -0.00043519953 -3.0697155
45 48 73 80 1 -0.000437584531 -2.86318469
51 54 72 107 2 -0.387594908 -2.48164225
133 141 66 71 1 -0.000196689332 -5.36474276
103 110 35 40 0 -0.000229457801 -4.99990654
62 62 75 80 2 -0.00144682673 -1.60421228
26 64 0 0 3 -1.99921787 0.0828073025
49 53 116 124 3 -0.00072611589 -5.066751
75 76 86 93 2 -0.301385045 -1.84382439
85 89 102 104 3 -0.0368841849 0.0121341348
190 195 216 227 2 -0.0376605056 -3.3509028
74 79 114 149 1 -0.0754723549 -0.36022824
58 63 132 140 0 -0.0702385455 -3.46524119
109 113 182 184 0 -0.00424178131 -4.2864852
43 44 115 146 1 -0.405459434 -1.47064328
93 93 48 71 3 -0.0178396292 -3.70124578
0 0 0 0 2 -0.563367724 7.27320004
61 65 77 84 1 -0.000446998049 -4.89823961
0 0 0 0 0 -0.362714201 5.02237415
0 0 0 0 2 -0.00495685544 5.25293446
134 136 95 102 1 -5.00675014e-05 -3.00123429
169 171 186 221 0 -0.143448666 -1.16127276
138 141 209 244 1 -0.472773939 -0.939737141
0 0 0 0 1 -0.744573832 6.812397
78 85 111 146 1 -0.000811792619 -2.03979683
78 83 97 101 0 -0.00169598253 -3.76963568
0 0 0 0 2 -0.00649568019 4.98775482
41 47 58 69 2 -0.0380824469 -0.50845331
50 52 101 104 1 -0.000591819407 -1.6849134
52 0 63 73 1 -0.255767524 3.84020829
57 59 75 98 1 -0.000612625619 -2.77141261
0 0 0 0 3 -0.00266559282 4.20052958
48 51 65 74 0 -1.05243397 1.20390511
0 0 0 0 2 -0.640199065 6.45775795
127 130 78 113 3 -0.00225290796 -4.70895481
122 125 142 177 2 -0.365096688 0.684193313
26 32 103 109 1 -0.00137884868 -2.42581105
86 90 112 147 2 -0.0146437464 -1.18713522
71 75 131 166 4 -0.0064291358 -0.737945199
206 228 175 182 2 -0.0431445353 -1.68706036
113 117 145 152 1 -0.00408192025 -4.2993474
38 43 126 132 1 -0.000430782355 -2.14564109
61 63 72 77 1 -0.282583445 -2.4311235
102 106 51 55 3 -0.00350306113 -2.39006209
17 24 29 31 1 -0.465807229 -0.145310879
0 0 0 0 2 -0.000961692655 5.43778515
51 53 104 111 3 -0.660318673 -2.38085079
89 91 109 117 2 -0.00238951785 -1.85736632
89 94 50 54 2 -0.000329111819 -3.11062884
78 85 96 127 0 -0.0422869995 -0.930727601
0 0 0 0 0 -0.446269929 5.3488307
162 168 126 131 2 -0.40032953 1.04065824
84 86 58 62 2 -0.0374746844 0.127221048
82 86 97 132 4 -0.00743057765 -5.82270145
95 97 114 122 2 -0.000679560122 -2.11908507
34 37 53 88 2 -0.00140291406 -2.35595727
29 33 45 48 1 -0.0161866043 1.62672853
87 87 19 25 3 -0.000207654142 -3.42002273
0 0 0 0 3 -0.762468815 8.1714468
116 120 36 71 1 -0.00449303631 -2.80285215
0 0 0 0 2 -0.00447044382 3.92104697
78 85 181 190 3 -0.0868774652 -3.81662154
133 141 151 157 0 -0.0198399611 -4.11850452
119 122 140 148 3 -0.000150558422 -6.21487904
50 50 63 69 4 -0.625656009 -1.3215332
122 126 49 54 2 -0.000217187917 -3.28745079
51 54 117 126 2 -0.082270056 -2.44346452
39 43 56 91 3 -0.00297540915 -3.92389917
63 69 88 95 0 -0.00405655103 -3.222754
56 57 39 44 2 -0.00196030084 -1.90127063
33 39 47 82 2 -0.00277400296 -2.47999835
95 99 115 121 4 -0.00234787981 -1.69354773
117 124 64 99 2 -0.000499420858 -3.39281368
0 0 0 0 2 -0.0140557839 5.75908613
0 0 0 0 3 -0.178460762 2.03787303
69 69 85 92 3 -0.00104754069 -3.46787596
115 117 55 90 1 -0.00397280883 -2.396873
114 115 129 160 2 -0.000114200571 -3.12382722
56 60 129 136 4 -0.000184048724 -4.43520069
99 104 121 156 4 -0.000126596016 -3.43345237
35 41 137 145 2 -0.00452353712 -4.74972725
0 0 0 0 1 -0.821674466 3.99461484
118 122 87 94 3 -4.50607404e-05 -2.79195404
64 68 85 92 3 -0.00362373306 -3.17112017
43 46 85 120 4 -0.00268933224 -2.94607735
0 0 0 0 1 -0.0171579961 5.12279844
99 104 119 127 0 -0.0131981922 -0.226875529
111 112 124 139 2 -0.00412012963 -5.66172314
52 56 64 70 2 -7.31934124e-05 -3.5593493
41 43 154 161 1 -0.0347001888 -0.98036015
132 137 145 147 1 -0.00438089808 -3.83219552
99 99 131 137 3 -0.000117895994 -2.15274453
154 154 172 207 2 -0.0367017314 -0.274405211
148 151 101 124 2 -0.00057665084 -3.88214016
147 152 192 199 0 -0.0541851223 -3.2985909
133 135 79 88 1 -0.000850784709 -3.64010787
68 70 54 57 1 -0.0287551843 -0.319706947
0 0 0 0 2 -3.552419e-05 5.70617723
52 55 92 98 1 -0.000106568245 -3.20987964
87 87 113 148 3 -0.13873677 0.229309499
108 110 121 129 2 -0.000115272313 -3.64777827
0 0 0 0 1 -0.00286015286 4.96399736
45 49 110 145 3 -0.0197540708 0.11805886
43 44 104 119 3 -0.000568310497 -2.56413341
58 63 137 145 3 -0.00105694425 -2.2385509
166 170 75 90 3 -0.02330078 -2.21047401
0 0 0 0 1 -0.0352171436 5.35696888
87 87 97 132 2 -0.00383699639 -3.69698858
37 42 48 83 1 -0.265095413 -2.50137854
0 0 125 160 2 -1.3108108 2.25625253
89 94 47 70 2 -0.00345678348 -2.1961
0 0 0 0 3 -0.631652057 4.81907129
171 171 68 76 4 -0.218706906 -3.20501256
66 72 89 104 1 -0.00039357334 -6.00204992
128 131 165 168 2 -0.00171522028 -2.04841447
43 47 60 91 3 -1.0669874 -0.0471341908
111 113 94 103 2 -0.000324455614 -6.61962843
105 111 37 72 1 -0.0158088878 -2.94345808
168 171 116 118 4 -0.00123067759 -3.0754776
95 96 109 111 2 -0.0228795391 -4.21441793
142 150 58 67 2 -0.00058357924 -1.94519544
19 21 48 50 2 -0.00449657068 -1.69255137
47 49 0 0 2 -0.269928128 4.09591722
99 102 57 92 1 -0.000361535436 -2.96208692
0 0 0 0 4 -0.305130899 1.61642051
0 0 0 0 2 -0.00468680868 4.06385183
113 116 38 53 2 -0.00037999457 -2.17929959
120 124 20 27 4 -0.00069645507 -1.67707419
157 162 69 104 0 -0.000755338406 -2.32619166
58 66 81 83 0 -0.000372268085 -3.77292919
81 85 166 172 3 -0.000290730619 -3.77780437
42 49 147 178 0 -0.0292032715 -3.34332585
44 50 104 111 1 -0.00748317596 -1.5479002
81 85 57 62 2 -0.00022017039 -3.0402019
0 0 0 0 1 -0.0940787494 3.29685092
61 67 99 134 1 -0.000182981079 -2.57093382
77 81 40 55 4 -0.00198018621 -2.82851529
181 187 107 110 0 -0.14587608 -5.21906614
0 0 0 0 3 -0.00337716239 2.59899998
93 96 55 78 3 -0.000177847236 -6.1593833
0 0 0 0 2 -0.554197431 7.18393373
48 48 64 75 3 -0.0167456344 -2.98605776
0 0 0 0 3 -0.138840795 5.3264122
141 144 117 122 1 -0.00496104592 -2.00063372
108 112 132 135 3 -0.000302066008 -3.04246354
134 139 54 61 3 -0.129616424 -0.648548305
44 45 80 83 2 -0.00458046002 -5.64532995
63 68 45 52 1 -4.10074208e-05 -4.25605774
129 132 144 179 3 -0.00172782934 -3.85011292
0 0 67 0 2 -1.54252028 2.82689214
136 141 49 84 2 -0.00419188244 -1.85103345
111 111 70 85 2 -8.2254237e-06 -5.38610601
91 95 103 107 1 -0.00168112258 -5.81591558
0 0 0 0 2 -0.640753984 7.65914392
0 0 0 84 2 -1.07030392 -0.0876176953
124 130 139 146 1 -0.154353172 -3.14816427
46 46 60 67 2 -0.00205536303 -4.24562645
0 0 0 0 2 -0.0436607748 6.94280195
106 108 126 161 2 -0.00222494197 -4.63153124
109 109 29 34 2 -0.00068817666 -1.4143852
0 0 0 0 2 -0.000911537034 6.01889515
82 85 44 50 2 -0.00153625372 -4.41760874
49 49 61 96 2 -0.00995043758 -2.14978504
110 111 97 102 2 -0.00518697686 -3.57030725
111 114 61 96 4 -0.000219450536 -5.37654877
62 69 111 118 0 -0.0267485604 -3.32390428
116 116 101 105 2 -4.62528296e-05 -5.01384449
94 94 109 120 3 -0.00271969731 -2.73222971
74 76 116 123 1 -0.000494203879 -2.42385912
0 0 0 77 2 -0.913318455 1.03187823
108 113 87 93 1 -0.00204643328 -2.99628139
92 95 130 133 4 -0.000203236734 -3.15402842
0 0 0 0 4 -0.269364536 4.53896618
0 0 0 0 0 -0.0639917627 5.98579168
109 115 84 91 1 -0.00996677391 -1.83093882
0 0 0 0 2 -9.2741946e-05 5.24420691
68 72 29 35 3 -0.00219687144 -4.04558992
67 72 84 89 2 -0.00768951466 -0.949246049
124 127 146 181 0 -3.33784301e-05 -3.91938114
113 116 132 167 2 -6.63990431e-05 -3.53026891
86 98 114 118 2 -0.840557575 -2.8008461
49 51 128 135 2 -0.000317914091 -4.28690004
137 137 58 66 3 -3.6477817e-05 -3.08208537
185 185 126 161 3 -0.011810489 -0.142644852
0 0 0 0 3 -0.369681865 4.11654377
30 37 98 133 2 -0.00107296859 -4.20546246
218 218 126 161 3 -0.0163481366 -4.68700218
143 143 122 125 3 -0.00113632623 -4.05730104
0 0 0 0 2 -4.06496329e-05 1.91251659
41 44 56 91 2 -0.0104136476 -2.23526645
42 45 49 54 3 -0.307421327 -2.71630597
59 61 127 142 2 -0.000814083207 -1.30054164
47 51 65 69 2 -0.0129266717 -0.526395082
158 160 128 136 1 -0.000453664776 -3.14702296
107 107 57 92 4 -0.105100222 -3.24437428
0 0 0 0 2 -0.00038926772 5.74769306
62 67 96 104 4 -0.00120622036 -2.85254049
112 112 66 101 3 -0.0965363309 -3.30721378
57 57 126 130 3 -0.00971395615 -0.366446972
12 17 31 29 0 -0.281678706 -0.513090014
47 55 60 67 1 -0.0119213965 -2.87810612
49 53 97 103 2 -0.000307423295 -3.39231443
41 45 62 73 1 -0.00181955821 -4.56104183
153 161 92 115 0 -0.000845978211 -1.28268397
0 0 0 0 0 -0.000432677305 6.87718916
73 76 41 46 0 -0.0109738884 -2.0264349
26 33 71 106 1 -0.00124842289 -4.67692137
111 114 128 134 3 -0.03437455 -2.26491451
86 89 49 56 3 -0.00149861153 -4.36115694
89 94 44 79 4 -0.0596695617 -1.72523427
85 91 117 152 1 -0.000102518366 -4.13498878
137 137 42 77 3 -8.22533693e-05 -4.73246765
100 102 116 123 1 -0.00101986947 -3.72397089
72 73 56 65 3 -0.0014680014 -4.16888809
0 0 0 0 1 -0.00732818898 3.76634526
60 63 72 79 1 -0.0183180086 -4.48263693
118 122 75 98 2 -0.000290972908 -5.1351676
99 100 145 151 1 -0.0011264208 -1.72764969
66 66 93 116 3 -0.0861550868 -0.689901948
57 57 71 76 4 -0.00774070248 -1.74748445
165 168 89 124 2 -0.0168677736 -4.88361216
34 34 109 118 3 -0.134385586 -1.06550264
0 0 0 0 1 -0.0061844103 6.29708576
166 168 49 80 2 -0.00216456363 -0.854400635
47 52 108 119 0 -0.00133955199 -4.03410387
141 144 94 129 3 -0.00760995923 -2.4935267
83 85 99 130 2 -0.0117532462 -1.10478723
56 59 68 70 0 -0.0326791368 -0.440633535
0 0 0 0 2 -0.00103241776 6.21692181
95 95 106 148 2 -0.00998248626 0.0523573756
60 65 104 107 1 -0.164094016 0.623240292
0 0 0 0 3 -0.0696279407 2.8830061
114 117 58 93 4 -0.0534628779 -2.3046484
30 37 112 118 0 -0.00279449672 -3.1040535
0 0 0 0 3 -0.631662071 4.21371651
0 88 42 48 3 -1.2017312 -2.0588913
133 136 158 165 1 -0.979216695 -0.0459211767
34 35 43 54 3 -0.00534665817 -1.6237011
86 86 100 103 3 -0.000686804065 -2.95249224
0 0 0 0 4 -0.340837866 7.56372213
56 63 134 169 0 -0.000717220013 -3.7652247
0 0 0 0 2 -0.0513775349 4.80169821
0 0 0 0 2 -0.580433249 7.39310408
33 38 98 107 1 -0.000296203332 -3.21943378
65 71 37 52 2 -0.000175942012 -4.81776857
64 68 129 136 4 -3.50473638e-05 -3.81400585
84 90 64 72 4 -0.000286789873 -4.04491854
112 117 125 131 2 -0.000236971886 -3.68070102
85 89 63 66 3 -0.000634232536 -3.18675137
85 91 41 64 1 -5.05442003e-05 -3.22579932
0 0 0 0 1 -0.573625088 7.33273983
144 151 67 102 1 -0.0375399292 0.580725849
0 0 0 0 1 -0.0232874211 4.55630207
136 142 63 98 2 -0.000103471568 -4.33935976
37 38 52 58 2 -0.0101782139 -2.20961332
104 110 81 87 2 -0.000393094873 -3.19610214
167 168 176 183 2 -0.0584494919 -2.88707328
125 126 90 105 2 -0.221931726 -1.49651694
82 86 92 94 3 -0.263710409 -0.166152328
57 59 81 85 1 -0.00332175451 -2.25146985
89 93 120 126 0 -0.00063317857 -1.13539338
151 160 94 125 0 -0.00160846335 -4.16947508
140 144 55 62 3 -0.0120882671 -4.76450157
43 51 102 137 2 -4.20805882e-05 -3.75364971
113 117 130 133 3 -0.153956845 -0.950899303
0 0 0 0 0 -0.0495724641 2.62344456
55 59 76 80 2 -0.000480952993 -5.33972836
0 0 0 0 0 -0.782000721 2.61463666
60 64 16 23 0 -0.00212790165 -2.45390105
135 136 90 98 3 -0.000195258326 -2.90418148
154 156 50 85 2 -0.711916983 1.13587093
189 193 138 147 3 -0.00092060375 -3.41137981
81 81 20 24 2 -0.00127529621 -3.47232389
0 0 0 0 2 -0.27728799 5.56943655
115 115 69 80 3 -0.000110148118 -4.546803
37 41 114 117 4 -0.000332811353 -2.14861131
193 196 119 126 2 -0.0598529503 -2.95688558
0 134 0 0 2 -0.515878499 5.30567741
61 64 75 110 2 -0.00185495929 -4.56763887
70 73 144 148 2 -0.00546683325 -4.40799046
83 86 129 138 2 -0.0124889128 -1.22526979
151 152 52 87 3 -0.00662978087 -0.612397075
0 0 0 0 2 -0.0829939619 7.1506052
0 0 0 0 1 -0.671929598 7.6118207
160 166 189 0 1 -2.13204432 2.46193814
35 35 45 80 3 -0.164506078 0.56190604
54 61 97 105 2 -0.0805044472 -1.19050503
117 119 68 103 2 -0.000274400925 -4.77247381
193 196 214 229 2 -0.149450809 -0.8408283
104 104 126 130 4 -0.00151665974 -3.46470571
0 0 0 0 3 -0.27854538 3.32175565
119 123 136 140 3 -0.0875942111 -1.47186065
154 159 223 227 0 -1.05431831 -2.799052
48 52 70 75 4 -0.00291027129 -1.07110405
17 24 28 30 0 -0.413369477 -0.445987254
87 94 105 112 3 -0.00427897926 -2.50360918
19 27 67 74 1 -0.0718226433 -0.350773543
131 135 208 216 4 -0.53082484 -4.57731533
0 0 0 0 1 -0.355172813 2.12632036
167 169 129 160 2 -0.0216542874 -1.25853598
144 147 99 134 2 -7.21208198e-05 -3.45959592
0 0 0 0 2 -0.0068109422 2.82986832
0 0 0 0 0 -0.0112302378 4.10405684
0 0 0 0 3 -0.0184707679 6.18578815
45 50 122 128 4 -0.513759673 -4.17207432
0 0 71 112 1 -1.23900604 0.832817256
47 52 67 76 3 -0.00710904272 -2.93767357
39 43 46 69 3 -0.297045261 -1.17280352
105 106 64 87 2 -0.00140621874 -2.5526638
36 40 92 98 2 -4.33917812e-05 -3.22959614
61 61 72 79 3 -0.00133727572 -3.24834895
63 69 83 118 0 -0.000420887343 -5.04392529
0 0 0 0 4 -0.000698497402 5.67333221
0 0 0 0 2 -0.00973467343 3.3381362
55 63 76 85 0 -0.135681659 -0.26974535
0 0 0 0 2 -0.000436954229 5.03649902
80 81 142 157 2 -0.143699855 0.68482846
47 54 102 108 0 -0.0027702048 -0.461364269
58 60 88 96 2 -0.0288631096 0.168205798
138 144 123 126 3 -0.0922452807 -4.90607119
0 0 0 0 2 -0.0476708747 6.66854334
0 0 0 0 0 -0.00160173967 5.9507184
0 0 0 0 4 -0.00339004304 4.76389551
0 0 0 0 2 -1.01805162 1.79827952
27 31 37 52 3 -0.183529541 0.074801147
0 0 0 0 1 -0.216621101 4.49606323
177 180 122 145 2 -0.101419292 -3.97985029
30 33 43 46 2 -0.0565859303 -2.26867557
0 0 0 0 3 -1.01711762 7.79303598
207 207 35 70 3 -0.0447368287 0.562157273
99 102 41 76 2 -0.00353680761 -5.4020853
90 91 99 130 2 -0.013595853 -0.157425582
0 0 0 0 0 -0.67504406 5.72414112
38 42 68 75 1 -0.0192760918 -3.98897099
0 0 0 0 3 -0.00188139908 6.97124243
103 103 58 81 2 -0.312210381 -3.06704855
113 118 44 67 3 -8.42797672e-05 -3.32556176
164 169 93 104 2 -0.00137819618 -1.88131881
136 143 82 117 3 -0.000480720017 -3.50738263
109 110 117 123 3 -0.440738291 -0.532678187
112 118 86 93 2 -0.00171356788 -2.32154894
78 78 62 66 3 -0.355026215 -1.47432947
48 51 98 109 2 -0.0256153885 -1.27389812
87 87 93 128 3 -0.00144831662 -1.00041437
66 72 92 99 1 -0.00321794697 -3.4811101
0 0 0 0 3 -0.281877458 2.72085905
32 36 0 0 1 -0.311820328 2.34289837
97 99 112 143 2 -0.000863712397 -2.6321218
119 119 84 90 2 -6.8305897e-05 -3.93366647
138 142 118 124 2 -0.0067320466 -4.12194586
49 56 64 71 2 -0.00908530504 -5.9450736
38 41 56 91 2 -0.0344287008 -3.08182764
0 0 0 0 3 -0.0282388814 2.80734396
80 84 100 107 4 -0.00029930551 -3.27639651
156 159 68 99 1 -0.0584886335 0.767173111
88 94 64 79 3 -0.00946937874 -1.12939751
0 0 0 0 0 -0.0315638669 5.27138233
121 124 54 63 2 -0.000469996361 -3.15373254
47 50 56 63 2 -0.000335318415 -4.02881575
110 110 118 149 2 -0.00287228543 -4.09830713
8 8 20 26 2 -1.1013329 1.13011575
108 108 0 0 3 -0.74019146 0.149285972
90 92 134 169 3 -0.000379776757 -1.73655558
114 122 137 144 0 -0.00214020116 -1.47656178
54 57 79 86 2 -0.0421953276 -3.95511007
79 82 190 205 3 -0.000132915273 -3.89739132
0 0 0 0 2 -0.6727916 7.31327248
71 76 149 154 3 -6.11533469e-05 -3.16849065
185 189 70 78 1 -0.000279165979 -3.16241145
0 0 0 0 3 -0.112479545 4.32044029
61 65 79 114 2 -0.00269717583 -5.57095718
0 0 0 0 1 -0.0101472735 5.34815359
98 103 53 58 0 -0.00634637522 -3.96695566
146 146 38 73 4 -0.000395367562 -5.81174278
22 26 33 68 0 -0.000936223776 -4.59653997
67 73 99 114 3 -0.168980509 -1.06985688
0 0 0 0 2 -0.311240107 6.70377827
136 139 55 66 2 -0.00340250554 -2.85742569
0 0 0 0 2 -0.00415833388 2.33490229
0 0 0 0 2 -0.937087715 7.47801113
192 193 88 94 3 -0.397039443 -2.52759242
111 115 129 164 3 -0.000149602361 -3.41659236
0 0 0 0 3 -0.324373126 1.72180367
48 52 104 109 3 -0.00651867036 -2.373914
0 125 0 0 3 -1.23220742 1.81511998
87 93 134 169 0 -0.000630611728 -2.54243755
107 109 48 83 2 -0.0165063031 -2.48132515
101 103 112 143 2 -0.266655892 -0.860699117
0 0 0 0 4 -0.329700977 4.35597706
83 87 96 131 2 -0.000613829528 -2.88687539
96 96 49 84 2 -0.200769886 -0.657329082
113 117 127 134 1 -0.000929720118 -2.34015322
40 45 54 89 2 -0.00728738215 -3.84084201
52 53 118 120 3 -0.0367547683 -0.730329156
33 37 48 79 3 -6.85446139e-05 -4.22207737
0 18 75 79 1 -0.496695608 -3.37458134
90 92 110 117 1 -0.0212355703 1.22497201
85 86 97 104 3 -0.0018284237 -0.979975462
65 73 92 100 0 -0.000204435462 -1.38113594
0 0 0 0 2 -1.37724769 4.70918131
42 47 51 54 2 -0.0457501188 0.405544639
106 108 121 126 1 -0.00861297548 -0.998751223
103 108 56 91 3 -0.0065739532 -2.6872437
0 0 0 0 2 -0.0258482266 5.70514441
149 152 94 129 3 -0.000591639779 -5.68332815
0 0 0 0 1 -0.00134855602 4.99020767
64 66 152 157 2 -0.000369995425 -3.48056555
47 52 65 72 1 -0.105420537 -5.0046401
182 188 207 242 2 -0.614298761 -1.23300028
47 48 146 181 2 -0.000723328267 -2.28879762
61 63 104 139 1 -0.0221858043 -5.34274769
43 43 48 54 4 -0.239498302 -1.18027973
0 0 0 0 1 -0.000708497362 6.8192749
24 31 72 77 1 -0.00647049537 -2.2484982
194 197 84 119 2 -0.00702372612 -2.76293039
26 30 144 179 2 -0.010289643 -0.722031295
110 115 127 130 1 -0.000704663107 -4.28612804
120 123 140 142 1 -0.000298358442 -2.99146605
0 0 0 0 1 -0.476883948 7.15245914
181 181 115 120 3 -0.000155801579 -2.28964067
45 51 89 91 0 -0.0351235457 -5.26680756
66 69 21 56 4 -0.00161468796 -2.92803288
0 0 0 0 4 -0.956093788 7.40709019
65 67 75 110 2 -0.0440583527 -2.60294557
67 67 102 107 2 -0.00701156165 -2.28039789
175 178 158 160 2 -0.811645269 0.563289464
53 62 81 96 1 -0.000308139279 -3.74474072
0 0 0 0 3 -0.64592278 7.01119089
65 73 133 139 0 -8.69016585e-05 -3.16061425
47 48 114 145 2 -0.00167832535 -2.58534765
83 87 97 104 3 -0.00501896534 -0.362027109
84 86 50 59 2 -0.0701085031 -1.805866
79 84 101 136 3 -0.00130887562 -2.67154551
75 81 54 59 0 -4.36302471e-05 -4.34422302
117 118 75 79 2 -0.000317321828 -3.34722185
70 75 89 104 3 -0.0430870615 -2.41285396
0 0 0 0 4 -0.129780158 7.07750702
145 148 46 81 4 -0.00415542535 -2.40083551
161 165 99 104 0 -0.00113857759 -1.42826223
0 0 0 0 2 -0.00298076845 4.4073596
44 113 87 92 3 -0.161315113 -5.27505159
73 76 39 44 0 -0.000282628316 -1.53673816
67 67 89 93 3 -0.0266043283 0.352870166
37 37 113 124 2 -0.0180931948 -3.79284883
92 94 128 163 2 -0.00127667666 -1.99174142
76 77 38 45 2 -0.000680743658 -2.62240839
46 47 78 113 4 -0.00440811459 -2.51020837
41 44 59 66 2 -0.0087529514 -2.86585736
138 142 161 166 2 -0.000280606502 -2.36023808
52 54 67 69 2 -0.00290881703 -3.57931948
0 0 0 0 2 -0.00117748813 3.87942672
100 103 37 72 3 -0.00152328401 -1.99663925
77 81 146 153 1 -0.20712325 -0.459324598
102 104 112 135 2 -0.0787988156 -1.79986596
151 152 136 142 2 -0.000557321415 -3.36664033
0 0 0 0 2 -0.000878226769 5.68239927
121 122 77 80 4 -0.0672631785 -5.2989254
83 83 50 58 3 -0.00113472098 -1.44737625
0 0 0 0 2 -0.0107886754 6.49626493
0 0 0 0 0 -0.127567977 6.71245766
0 0 0 0 2 -0.00109169341 4.88727522
0 0 0 0 3 -1.43264985 2.16631436
94 95 67 82 3 -0.0467198975 -2.5394516
61 62 74 81 3 -0.00930284709 -0.597347021
0 0 0 0 1 -0.0744074211 1.8214767
0 0 0 0 3 -0.956832647 5.40390348
131 132 31 66 4 -0.0136546148 -2.62272835
60 64 124 125 2 -0.00105217937 -4.52698946
16 19 24 32 4 -1.13930488 -3.4402566
43 48 78 87 3 -0.0182533711 -2.96824646
135 140 112 119 3 -0.00283974735 -2.37585878
108 110 50 54 2 -0.0011530011 -3.74650097
67 71 98 103 3 -0.000241506161 -2.84886813
96 96 112 135 3 -6.32993979e-05 -3.2494669
170 175 118 153 0 -0.00202930789 -4.64392614
30 32 49 54 2 -0.00215393212 -3.45684791
22 27 77 112 2 -0.00943010859 -3.61048889
0 0 0 0 1 -0.0175526869 3.18093204
56 59 118 126 2 -0.002433029 -3.73596978
0 0 0 0 3 -0.399876118 5.35995817
84 88 49 56 1 -0.000132675952 -1.0809356
115 123 189 204 0 -0.000937828794 -1.95715189
145 146 91 126 2 -0.0107497415 -1.51812863
51 56 34 38 3 -0.0343535803 -1.73835015
145 149 20 24 3 -0.0386240035 -1.74277353
74 78 116 151 4 -0.0035094691 -3.22228718
101 105 120 155 1 -0.00184613001 -1.64665508
104 104 118 124 3 -0.0117255179 0.611665189
98 99 53 76 3 -0.656033874 -0.0385836661
105 109 120 135 2 -3.933884e-05 -5.05298996
71 73 80 103 3 -0.00316225342 -1.77950001
43 45 89 92 1 -0.0248598717 -1.81745172
74 75 142 148 2 -0.00662629446 -4.59899569
61 61 109 112 3 -0.000156517344 -3.67065501
124 124 45 53 3 -0.000639597769 -1.93222642
0 0 0 0 3 -0.309207708 3.03728724
165 167 36 67 2 -0.00205566455 -3.74642062
121 127 86 109 2 -0.00411148975 -4.45170021
42 48 81 84 1 -0.0459101461 -2.84805131
53 60 120 128 3 -0.00207806192 -3.45851088
131 131 78 113 3 -0.0343816131 -3.16043115
93 97 54 58 4 -7.68883256e-05 -3.23784089
64 69 87 94 3 -0.00296149892 -1.18788862
102 102 113 120 3 -0.000590168813 -4.96665907
140 147 77 100 1 -0.0497210138 -1.14479423
198 205 66 101 2 -0.000948182249 -1.9142735
79 81 132 140 2 -0.00924079306 -2.48747134
148 152 101 112 3 -0.00280383695 -3.40928292
100 105 118 153 3 -0.00541155133 -2.98408628
125 132 81 112 1 -0.0077486001 -1.38533068
71 75 108 143 1 -0.00233544782 -4.90837049
75 81 111 119 2 -0.000618475315 -3.09432173
91 91 116 151 3 -0.00923695322 -3.22759223
76 79 123 129 0 -0.000241152244 -3.85704184
110 110 125 130 3 -0.000246037322 -2.27788734
127 128 137 144 4 -0.0228485651 -1.97684288
63 71 165 170 2 -0.000118490949 -5.89548826
107 108 122 129 3 -0.00288670161 -3.59883356
174 174 99 104 2 -1.68084516e-05 -3.67513394
0 0 0 0 2 -0.000476541143 4.68358326
65 66 204 239 3 -0.0218529608 -0.319252908
35 35 65 100 3 -0.00147189316 -3.34852004
91 99 123 158 2 -0.00211384683 -2.79991221
20 22 124 170 1 -0.478164136 -0.507259011
63 69 88 123 1 -0.000484721008 -4.91487122
98 101 51 86 0 -0.00372325489 -3.32367897
158 162 100 135 3 -0.395245671 1.29580021
0 0 0 0 2 -0.0606360808 3.82951808
73 78 29 0 3 -0.605843067 -0.176726192
99 103 54 89 3 -0.126918286 -2.5731194
113 117 22 45 1 -0.0212961379 -2.31244469
80 81 91 102 3 -0.00481928838 -3.93223476
63 63 80 91 2 -5.44778159e-05 -3.44473195
0 0 0 0 2 -0.00267339195 6.52456474
89 89 111 142 3 -0.000252941158 -4.10426569
98 102 110 114 1 -0.00128356228 -4.78904867
0 0 47 54 3 -0.0485958494 1.00294757
111 112 70 77 1 -0.000168914921 -3.73812079
0 0 0 0 3 -0.00302091544 6.58657694
18 24 28 63 2 -0.083270818 -1.5432632
97 100 112 123 3 -0.000303956651 -3.35639048
173 175 117 152 2 -0.0643421188 -3.77602363
41 41 60 67 3 -0.124240339 -3.52879047
145 147 118 133 1 -0.000305396941 -3.64631724
84 91 62 69 0 -0.00624097278 -4.30317307
103 109 59 62 0 -0.145616606 0.499984741
149 156 172 178 0 -0.0202167127 -4.59263325
118 118 34 69 2 -9.09545633e-05 -5.61139917
17 17 38 40 3 -0.133118585 -0.871557355
88 93 38 73 3 -0.00126491114 -0.267809153
107 108 38 41 2 -0.00169899536 -3.82352424
51 53 69 77 1 -0.00054818776 -2.39056325
149 155 100 110 1 -0.000175824331 -2.99782968
46 51 66 101 0 -6.96174175e-05 -5.07745647
72 75 38 49 2 -0.902340174 -0.118246794
128 129 109 113 3 -0.0410507396 -0.96805799
56 60 103 111 1 -0.00219967077 -2.84465528
32 35 79 114 1 -0.00785162579 -1.46013379
65 70 88 111 2 -0.00180700165 -3.46352863
61 69 28 35 1 -0.000150438646 -3.05806446
116 118 46 50 2 -0.000253419188 -4.07360935
146 148 76 84 2 -0.0421997011 2.43773389
81 81 59 66 2 -0.000907464186 -2.6569736
12 13 18 21 4 -0.304554582 2.16179085
12 16 20 43 0 -0.412475973 -0.898984909
119 123 132 163 4 -0.00261557638 -4.60670757
99 102 68 75 3 -1.51395298e-05 -3.61252999
56 56 69 104 3 -0.00011396232 -4.664711
93 93 58 81 4 -0.000143283061 -3.27148438
36 38 46 77 2 -0.0022626759 -4.09995317
28 32 64 71 4 -0.00673680939 -0.733221114
163 163 119 122 3 -0.00153000164 -4.43097925
60 60 72 79 2 -3.39743929e-05 -4.65686798
160 168 94 109 2 -0.00110670866 -3.41306949
91 98 114 123 1 -0.00173364044 0.123569548
111 112 46 50 4 -0.000243529736 -4.48146582
53 56 76 99 3 -0.00013792151 -3.41047049
56 61 71 78 3 -0.000150438718 -1.87597823
44 45 54 56 2 -0.0402345508 -4.04062128
46 48 52 75 1 -0.0224873312 -2.45502138
50 55 36 40 1 -0.0585070066 -4.77115297
39 40 44 49 2 -0.0269170459 -0.901402712
35 38 72 107 2 -0.00117323524 -3.26444435
61 69 98 133 0 -0.000141974349 -5.20158958
96 96 40 42 2 -0.000720034295 -2.471066
62 66 74 109 3 -0.00180397835 -4.79273129
105 110 52 57 0 -0.00204536365 -2.51673961
56 56 88 90 3 -0.0029836481 -0.523578286
37 37 55 58 3 -0.00359136402 -3.06566095
57 58 75 110 3 -0.0238663275 -3.74569201
54 55 67 71 2 -0.00521663018 -3.22776818
140 141 37 72 2 -0.00147421064 -5.03660297
72 78 96 111 2 -0.000290260388 -4.10292816
86 86 29 64 3 -0.000765411532 -5.34880304
60 66 77 83 0 -0.00186335028 -4.41934204
50 50 61 66 3 -0.0100577585 -1.45651007
66 66 45 51 3 -0.000686426123 -3.30370045
41 41 132 155 3 -0.032387875 -4.64721107
117 117 34 57 3 -0.000374180876 -3.53571749
7 7 7 42 3 -0.190320566 -3.45431423
59 59 75 106 3 -0.000498459791 -5.24348116
86 89 69 71 2 -9.9894809e-05 -3.54130268
41 41 109 140 3 -0.0031585414 -2.11587572
29 31 35 58 2 -0.0185771435 -0.405156136
108 109 92 103 3 -0.00119441329 -2.57237506
143 146 34 65 2 -0.000147931249 -3.02742934
114 114 88 94 2 -0.000323506829 -4.18960524
35 35 68 103 2 -0.000179998111 -4.91470909
173 176 49 80 2 -0.00787791517 -1.3430903
41 45 53 58 2 -0.000654853357 -2.80558252
89 93 105 140 1 -3.74315277e-05 -3.42088056
57 57 77 112 3 -0.00236503687 -5.53170204
130 130 66 101 3 -0.000259251537 -2.61466599
77 0 101 132 1 -0.740168929 0.931631982
130 131 152 155 2 -0.00296963938 -3.51300836
69 69 112 147 3 -0.000277505984 -1.63016725
148 149 49 80 3 -0.0120016774 -1.18637395
50 52 90 101 1 -0.0128993671 -3.96813369
91 92 49 84 2 -0.0295822639 -4.5521822
127 127 76 83 2 -8.23725568e-05 -3.85770893
17 20 41 44 2 -0.014371057 -2.44496942
15 17 49 56 1 -0.0325911976 0.0390292406
85 87 20 25 2 -0.000133868132 -3.88138056
89 89 71 73 2 -0.00262380205 -1.83689284
51 55 66 77 2 -0.000643842795 -3.94297671
0 0 0 0 3 -0.00829023123 6.19170046
0 0 0 0 3 -0.0011371139 5.72201252
0 0 0 0 2 -0.678940058 2.70299435
0 0 0 0 3 -0.000131604684 5.40723419
0 0 0 0 3 -0.00779588614 2.56045532
0 0 0 0 3 -0.00178016885 4.86050606
0 0 0 0 2 -0.00430149585 5.8697114
0 0 0 0 3 -0.692623317 6.23222542
0 0 114 0 3 -1.31218171 2.6388669
0 0 0 0 2 -0.192756966 7.54174805
0 0 0 0 1 -0.00853925012 2.76101017
0 0 0 0 1 -0.201697394 3.19719434
0 0 0 0 2 -0.121850975 4.08678436
0 0 0 0 0 -0.0773775801 6.08399153
0 0 0 0 3 -0.0576710403 6.91280413
0 0 0 0 3 -0.00529170409 3.36892724
0 0 0 0 2 -0.0013883349 6.32537174
0 0 100 0 2 -1.21679807 2.64964604
103 106 119 126 2 -0.00296188309 -0.566499949
53 59 126 128 1 -3.5762394e-05 -2.83444238
69 79 50 57 0 -0.00262657413 -1.54257059
4 23 27 62 2 -0.87245512 -2.19713163
50 51 66 101 1 -0.00889384095 -0.993328929
133 136 70 105 3 -0.000659141399 -2.45933366
103 108 92 98 1 -0.000288936833 -3.68148518
143 146 93 128 1 -0.000834783015 -2.68950582
0 0 0 0 2 -0.00404045684 5.71606827
125 126 98 106 3 -0.0055308789 -3.48411989
124 131 142 147 0 -0.000319452432 -3.73407269
113 114 125 131 2 -0.00109013938 -2.88253951
128 131 77 112 2 -0.000696043367 -4.44335175
35 42 52 58 0 -0.000404811581 -1.75310254
156 160 126 141 0 -9.7750577e-05 -4.59497881
55 59 73 104 3 -0.0275116395 -4.50573349
132 133 104 127 3 -0.0205229856 -1.37445045
141 145 51 82 1 -0.00061337318 -3.4462986
52 52 88 99 3 -0.0159721412 -2.09645438
94 102 214 220 0 -0.0133013772 -1.07131469
60 66 74 76 1 -0.000402522943 -4.38948393
73 77 92 123 3 -0.0263297204 -3.49146152
46 50 60 67 4 -0.00792148896 -4.44705391
52 57 79 114 1 -0.0129404869 -3.15399051
55 57 116 151 1 -0.00172846438 -0.299239457
71 74 113 148 4 -0.00190887263 -2.73165727
96 101 37 68 4 -0.000112889036 -4.14872026
37 37 49 60 4 -0.0193035081 -0.747448683
20 24 120 123 4 -0.00100882829 -5.00500917
0 0 0 0 1 -0.200276911 3.18657374
110 114 151 186 1 -0.0881039277 0.783057749
21 23 38 73 1 -0.0117749637 -3.52081418
53 57 111 146 0 -0.00399661018 -2.60135031
0 0 0 0 1 -0.417909205 7.61742449
0 0 0 0 3 -0.104167119 6.48526478
91 95 121 128 2 -0.000335436082 -3.94671988
52 56 121 124 1 -0.00624545757 -0.297375321
0 0 0 0 3 -0.520574152 6.94057989
72 77 89 94 0 -4.68489161e-05 -3.04126763
118 124 139 141 0 -0.000147339364 -2.53844929
55 0 0 0 2 -2.29719114 4.04652357
0 135 0 0 2 -1.28117824 1.74113083
87 91 107 109 2 -0.022675693 -1.9291091
34 40 48 50 0 -0.0286880713 -1.57693052
138 142 88 123 3 -0.000316361227 -2.78358412
66 67 0 116 3 -1.33727944 0.982456505
127 130 77 85 2 -1.68084462e-05 -4.23825359
115 123 59 67 1 -0.00191458594 -3.33068657
0 0 126 129 1 -1.64107251 0.951250851
10 12 22 25 2 -0.00960203446 -0.994701743
9 13 123 126 2 -0.00232626847 -4.26025963
25 30 91 95 1 -0.000375239499 -2.30157447
66 72 55 57 1 -5.00675887e-05 -3.00892305
98 100 53 56 2 -0.000320529798 -4.55347347
58 62 118 121 2 -0.000420429424 -2.70674944
0 0 0 0 3 -0.100615434 5.2145052
48 54 64 72 3 -2.88485153e-05 -3.29213762
113 118 56 91 3 -0.000190723251 -3.72382283
119 123 51 86 1 -0.00302413572 -3.63460588
0 128 146 0 2 -1.50725472 1.06534696
44 47 92 99 2 -0.0120576266 -3.76494503
61 69 79 85 0 -0.00084767025 -0.541985154
114 115 36 38 3 -0.00402735732 -2.77379346
151 154 51 86 3 -0.00107009709 -3.28611183
144 148 44 79 3 -0.00177585683 -1.55315042
90 91 74 79 2 -0.000119683289 -4.45496511
97 97 110 145 2 -0.0747777075 -1.65994382
0 0 0 0 4 -0.00634228159 3.55230474
0 0 42 73 3 -2.126858 0.019677192
76 84 46 54 3 -0.00468906295 -1.45737863
89 94 107 118 4 -0.000467618433 -3.26634836
155 161 108 139 1 -0.0208524242 -1.20369315
130 130 59 94 4 -0.000166285055 -6.27453947
0 0 0 0 2 -1.27791536 1.93223214
86 86 37 40 4 -0.0111296559 -2.57822657
104 104 65 70 4 -6.38954589e-05 -2.82567835
112 112 62 97 3 -0.00521837967 -2.24303293
195 198 99 106 2 -0.00158771605 -3.42734623
135 135 76 83 2 -0.00748465909 -3.22051954
81 81 40 47 3 -0.0100802397 -3.08662844
119 121 166 177 3 -0.00408998784 -2.34913015
112 118 51 53 0 -0.0416461155 -3.94336963
75 75 82 84 3 -0.00378666772 -2.38582039
46 49 64 99 3 -0.00102958968 -4.53109407
60 66 79 84 1 -0.000265696843 -3.91455388
101 102 38 61 1 -0.00160608755 -1.98756409
110 117 90 92 0 -0.213883609 -3.41273665
200 205 135 164 1 -0.798636913 -4.25529957
0 0 0 0 3 -0.172985658 7.07283401
23 26 77 88 0 -0.0151010435 -1.70097518
41 43 50 85 1 -0.0909427926 -2.03586531
0 0 0 0 4 -0.833456337 7.60348463
0 0 0 0 2 -0.557020605 5.82150078
151 156 70 105 2 -0.00863522105 -3.55499554
39 43 55 58 3 -0.00116587023 -3.22972202
92 97 40 63 3 -0.0653623268 -0.520316601
0 0 0 0 2 -0.505944788 3.64896226
54 63 76 87 0 -0.0462248214 -1.05818832
0 0 0 0 3 -1.48834658 2.14963102
71 74 89 94 4 -0.00493118353 -3.11017275
0 0 0 0 2 -0.00104783149 4.9864254
0 0 0 0 1 -0.126854926 5.18436193
91 96 113 121 2 -0.000316593505 -2.40043855
197 200 55 63 2 -0.0162819568 -0.805587173
40 42 50 58 2 -0.000897866325 -2.55316854
148 151 35 70 3 -0.00269471598 -2.92723918
45 45 61 65 3 -0.000606089248 -4.60880661
175 175 109 144 2 -0.17527248 -1.05890965
74 76 0 0 1 -0.344340235 -3.25773478
95 96 38 42 4 -0.898206711 -0.224744409
101 104 52 87 1 -0.0590760261 -1.64956498
44 44 75 78 3 -0.0019580503 -1.85993433
29 33 38 47 4 -0.00762721011 -2.32087159
118 122 135 150 3 -0.000133511407 -4.35056353
50 54 30 37 2 -0.0271036718 -2.3656249
45 48 22 28 1 -2.26497068e-05 -4.41143513
0 0 0 0 3 -0.485765994 6.58219147
115 120 129 136 4 -0.00023435193 -4.65160751
106 108 66 101 1 -0.25047335 -2.85092545
68 71 80 115 3 -0.000259980792 -4.51867867
0 0 0 0 0 -0.440451026 6.18967152
42 46 20 27 2 -0.000344136613 -4.49713087
0 0 0 0 1 -0.130397275 5.30497408
118 120 163 186 3 -0.0153686646 -2.82832456
39 39 44 55 2 -0.000219453112 -2.5980494
218 220 105 140 2 -0.0115936417 -2.49650645
0 0 0 0 2 -0.0998781398 6.33998871
72 77 92 103 3 -0.000179881987 -3.75521469
0 0 157 192 1 -1.78789747 3.26514649
117 123 99 105 1 -0.000385489606 -1.14575672
63 63 78 81 4 -0.0146746133 -1.81468391
56 59 81 116 2 -0.00187725795 -3.53197646
49 57 68 83 2 -0.0584245846 -2.29764843
58 61 174 209 2 -0.0296028033 0.863124549
69 75 87 90 0 -0.0111038014 -2.51358581
75 82 110 113 0 -0.177825585 -0.895902574
121 123 48 83 2 -7.31923283e-05 -5.14748383
117 118 42 47 2 -0.0327258706 -0.946386576
61 63 77 84 1 -0.00659750402 -3.94412065
93 97 117 152 4 -0.0123768421 -1.21127915
95 98 73 76 1 -0.000332455791 -3.78917003
97 102 123 158 4 -0.000552480924 -2.78617716
75 76 38 42 1 -0.000364284409 -2.5784719
128 132 65 69 2 -0.000212777799 -5.24957705
103 104 113 119 4 -0.000698817021 -2.85417295
115 120 139 144 1 -0.00428176811 -1.40417147
110 114 96 99 0 -0.0256703366 -0.411687106
74 75 104 135 2 -0.00246635452 -3.31880069
91 91 126 141 2 -0.00078452361 -2.18304467
78 84 93 128 2 -0.0121967308 -2.75187898
48 55 81 85 2 -0.515905261 -1.19637465
170 173 39 41 2 -0.00052326289 -4.56186485
72 79 48 53 0 -0.0416915044 1.18501616
23 26 52 58 4 -0.306834042 0.976453006
103 107 122 133 2 -0.0789908022 0.0155127645
116 121 86 88 2 -7.7127137e-05 -4.20023775
66 66 49 51 4 -0.0273131486 -0.541179717
0 0 0 0 3 -0.0190420374 3.81405616
79 83 102 107 2 -0.0142988563 -4.68220711
0 0 0 0 2 -0.0334015526 7.0460763
0 0 0 0 2 -0.00480847759 3.39008498
127 127 103 105 3 -0.00027476321 -2.39890575
63 65 76 80 2 -0.320471406 -1.46791077
90 94 123 158 3 -0.0562208109 -5.2856679
192 198 48 56 2 -0.197908536 -2.49128962
0 0 0 0 1 -1.05026984 6.63987494
48 60 30 37 0 -0.000644951011 -2.53697085
31 37 83 98 0 -0.00494253868 -3.73780942
142 145 158 162 4 -0.00104757585 -1.23097599
130 132 151 162 1 -0.0172046516 -0.278376639
44 50 54 59 2 -0.0022608065 -2.73736
58 65 74 81 0 -0.000734704547 -2.05076003
152 153 99 104 2 -0.00184433931 -2.31619024
73 81 21 56 2 -0.000250923418 -4.87012386
46 53 80 95 2 -0.00402163481 -5.26031303
56 61 81 87 0 -0.697111547 -2.78496432
100 102 110 117 2 -0.000244251394 -5.99648142
7 9 16 51 4 -0.600622177 -2.82710814
41 41 71 106 3 -0.140179932 -0.25882256
48 49 70 105 2 -0.0020787383 -2.38265657
0 0 0 0 3 -0.52388227 5.00900698
68 74 149 158 2 -0.00257534371 -2.36127901
174 176 191 195 1 -0.246420205 -3.81333971
63 63 78 86 3 -0.1472473 -1.09017372
33 37 0 0 2 -0.202702165 -0.279096723
57 59 98 133 2 -0.000420154014 -4.19143677
62 64 89 96 2 -0.000455942238 -5.68760395
30 34 42 77 2 -0.0458021685 -0.929251313
0 0 0 0 3 -0.141778871 4.79849482
54 58 107 111 4 -0.00431492878 -1.47976637
107 111 122 157 2 -0.00011098192 -3.59103823
83 91 108 156 3 -0.135075688 -2.20064855
0 0 0 0 1 -0.00691790646 5.81717396
49 50 126 149 3 -0.00468072155 -2.1700983
12 20 32 36 2 -0.298665047 0.366497934
34 39 108 113 2 -0.00011026665 -4.50012112
11 0 29 34 3 -0.475469738 2.00589609
102 108 139 147 3 -0.000946491724 -5.7414732
0 0 0 95 3 -0.953127146 2.41103339
43 45 211 218 2 -0.0081364261 -3.24743128
36 36 155 158 3 -0.000787211349 -3.97590423
103 111 65 68 0 -0.000813092862 -4.31645823
0 0 0 0 3 -0.109357193 3.33636475
115 115 93 104 3 -0.00217238162 -2.36095309
59 63 80 82 3 -0.0193955414 -3.12175417
69 72 213 228 3 -0.396663487 -3.27953529
141 143 60 95 1 -0.000325298781 -4.96778154
0 0 0 0 1 -0.00125571643 8.05138302
112 112 54 61 3 -0.0443309098 -1.00291896
48 54 78 113 0 -0.0221697874 -2.73189068
51 52 73 76 4 -0.000632581708 -3.96863675
92 97 114 119 2 -0.000842224865 -1.04890919
51 57 103 138 1 -0.000704480743 -1.57680273
82 87 55 57 4 -0.000207530305 -3.51233077
61 65 77 81 4 -0.00018547973 -3.88586688
0 0 0 0 2 -0.00320567004 6.17142725
0 0 0 0 3 -0.456793606 1.34837508
0 0 0 0 1 -0.76251483 7.4587903
30 32 52 87 1 -0.00763270073 -3.12802601
40 44 78 101 2 -0.160098836 -1.48432732
104 105 34 40 2 -9.26242137e-05 -3.89240837
118 120 83 86 2 -0.016683558 -4.33914852
18 18 34 39 2 -0.00556698116 -2.98874831
42 45 63 98 2 -0.0701318756 -4.99785614
0 0 0 0 1 -0.0411281586 3.24896216
56 59 42 45 1 -0.642453492 0.410576165
86 86 53 56 2 -0.000690620858 -3.67492104
52 54 71 86 2 -0.00968896504 -1.35174239
80 81 115 150 3 -0.00372084789 -4.26347589
78 82 40 48 0 -0.0142685985 -1.68094826
209 213 180 187 2 -0.00643695518 -4.12409687
0 0 0 0 3 -0.396089792 7.55018139
96 102 167 176 1 -0.00166601269 -2.61438751
55 55 84 88 4 -0.0135635668 -5.09374189
114 117 130 132 2 -0.000405033235 -3.69268847
88 94 53 56 2 -0.0142844543 -0.307465434
0 0 0 0 2 -0.0630305037 6.99880409
0 0 0 0 2 -0.00130359945 2.70245242
52 52 74 77 2 -0.236707419 -1.21328819
15 18 68 103 2 -0.002898684 -1.42934299
46 48 96 111 1 -0.00727170566 -1.35073543
0 0 0 0 1 -0.628272831 7.3649354
31 34 40 75 4 -7.6649987e-05 -3.60624194
0 0 0 0 1 -0.0564086959 7.07902861
103 104 56 59 2 -0.0641249046 -2.24218178
0 0 0 0 0 -0.0038253502 4.83288622
0 0 0 0 1 -0.908184886 7.5459199
154 160 61 96 1 -0.0261381567 0.857116163
54 58 75 106 2 -0.000182025775 -2.69987082
120 121 94 98 2 -0.0115204994 -0.889356196
29 32 56 61 2 -0.00143469055 0.750201046
83 85 91 95 2 -0.0110099232 -3.19947028
0 0 0 0 3 -0.257525206 7.08277416
80 87 101 103 0 -0.00441261474 -3.28538179
53 0 68 74 4 -0.884819746 0.595181286
117 119 172 195 2 -0.000204319425 -3.73712826
25 25 38 73 2 -5.6623343e-05 -4.88555956
83 86 118 124 2 -0.00149880815 -2.72061372
0 0 0 0 0 -0.628173947 6.76679897
46 50 63 98 0 -0.00961985998 -3.49698901
75 78 57 59 3 -3.94579147e-05 -3.39235616
48 48 60 68 3 -0.00152184162 -2.17903686
145 146 192 194 2 -0.043655172 -2.6940515
55 59 127 131 3 -0.000186556746 -3.62412071
42 43 174 179 2 -0.00427148445 -4.11965609
110 115 47 54 1 -0.000386902539 -1.80536938
89 95 38 40 3 -0.00145891577 -2.43300152
30 30 43 46 2 -0.0101013687 0.293882906
84 87 104 113 2 -0.00476764515 -3.04571962
93 94 157 163 2 -0.0108579211 -0.643460929
89 89 65 73 4 -4.08885753e-05 -3.62935758
113 113 146 154 3 -1.04816842 -2.51824951
41 44 92 127 0 -0.627817035 -2.36690927
110 115 52 87 1 -0.0944903046 -3.49934816
148 151 65 71 2 -0.00111606251 -4.15854454
0 0 0 0 2 -0.00188711833 3.93212533
39 41 58 93 1 -0.0423525199 -5.74527979
30 36 94 105 1 -0.000586300157 -3.14724374
92 97 115 150 4 -0.00323377689 -4.21894503
97 97 171 206 2 -0.0151920021 -0.662917376
0 0 0 0 3 -0.762336373 6.96775913
43 43 124 131 2 -0.00117729348 -1.43828917
103 103 87 92 3 -6.34188109e-05 -2.93643022
51 52 27 35 1 -0.0024348218 -3.75965142
97 103 125 131 0 -0.000846116105 -2.88767886
153 156 172 177 2 -0.00295970542 -5.50559855
50 54 73 84 1 -0.000455912057 -3.05392432
109 119 96 99 0 -0.00302464422 -3.53018999
0 0 0 0 2 -0.143423691 5.49199057
75 81 89 93 0 -0.000273926795 -1.2022109
190 195 79 86 0 -0.00578265823 -3.81623769
0 0 0 0 2 -0.00907519087 5.91088438
0 0 0 0 2 -0.664647877 2.08033538
95 96 103 110 3 -0.00189771503 -2.10760188
101 101 115 121 3 -0.000596996862 -3.29374671
45 47 62 68 1 -0.00452606566 -2.88266921
171 171 98 103 3 -0.000177021226 -3.27553725
59 64 83 91 0 -0.00465267058 -2.52535963
0 0 0 0 3 -0.000379179575 4.97205496
0 0 0 0 2 -0.116806127 3.72024751
0 0 0 0 2 -0.00843065977 6.01968384
59 59 85 120 3 -0.0262790751 -5.51733494
66 72 148 154 1 -0.0194362961 -3.68348479
62 64 85 88 2 -0.000717015238 -4.17412853
52 53 64 66 2 -0.000405744213 -3.61822534
79 80 59 70 2 -0.00114450906 -1.42451954
58 58 153 164 2 -0.080140397 -3.1807313
40 44 105 128 3 -0.000424562139 -6.00903463
86 89 102 105 0 -0.000812050886 -2.62442088
111 119 128 143 0 -0.00205157069 -1.99120498
0 0 0 0 2 -0.000459629053 4.83707857
54 56 65 88 1 -0.000437450013 -2.9286778
59 62 100 108 0 -0.00187625957 -2.84235168
99 99 113 117 2 -0.00847602356 -3.17720914
112 115 127 162 2 -0.00114712305 -4.0104723
34 41 57 63 0 -0.00360109657 -5.31462288
101 102 133 168 2 -0.000111219546 -4.36948156
156 156 91 122 3 -0.0174931064 -4.99789572
115 123 53 88 2 -0.00702588866 -3.10722375
33 34 86 93 3 -0.00432176236 -5.06532574
62 62 139 143 2 -0.00302983331 -1.16212392
18 18 92 99 3 -0.00345996325 -2.32374024
145 146 59 63 2 -0.000719670672 -2.16875148
214 221 111 146 3 -0.32529965 -3.4596169
48 51 81 92 3 -0.000261179026 -3.92049313
61 67 77 84 1 -0.010600944 -3.74165392
166 166 112 147 2 -0.699481905 -5.0621047
36 40 109 144 4 -9.09544833e-05 -4.03260899
42 47 57 64 2 -0.000455763744 -4.9135251
0 0 0 0 3 -0.0123022553 7.21467066
109 115 167 182 3 -0.000797328714 -3.4255197
53 61 73 108 1 -0.00197880995 -4.36867142
0 0 0 0 2 -0.374253362 3.5883739
52 57 76 107 3 -0.000175707537 -2.89132023
67 67 83 118 3 -0.00177022419 -4.83904409
138 142 119 123 2 -0.000189534127 -2.92014265
55 58 115 146 1 -0.00184902223 0.834258378
185 189 93 96 2 -0.0133121591 -2.56543136
36 41 49 60 1 -0.00632241787 -3.04027915
0 0 0 0 4 -0.00105242175 6.43307209
72 83 97 105 0 -0.0132584348 -2.80082607
86 93 110 117 1 -0.000436159316 -3.18466687
145 150 39 74 3 -0.00161714305 -3.65633464
120 122 139 147 2 -0.00550936582 -2.46493125
61 69 162 197 0 -0.0957963541 0.540198982
54 57 67 102 2 -0.000920497114 -2.19390512
0 0 0 0 3 -0.542528272 5.47631502
59 59 136 167 3 -0.00555189932 -0.441730738
55 55 92 95 4 -0.0103416089 -3.35638642
0 137 55 86 3 -1.268085 0.0196811557
0 0 0 0 2 -0.0430347137 3.99429107
0 0 0 0 2 -0.00114722049 3.45177484
101 101 117 152 2 -0.000554838625 -4.54457951
155 160 56 79 0 -0.0181315467 -3.25598049
129 130 76 83 2 -0.00123146805 -3.32907534
0 0 0 0 2 -0.000404900056 5.59055519
76 80 56 61 3 -6.747109e-05 -4.23843718
69 74 44 52 3 -0.0693219826 -0.590805292
145 147 118 124 3 -0.00431111967 -5.21940756
116 116 132 141 3 -0.331130356 -4.60635185
89 190 99 134 3 -0.510576606 -0.851583004
40 44 49 56 4 -0.0146882432 -2.18905401
27 0 39 43 4 -1.09696007 -0.78551358
97 101 0 0 1 -1.36764216 3.30579305
0 0 0 0 1 -0.582194924 4.67111588
46 52 123 158 0 -0.00134953635 -2.77490306
60 64 41 48 2 -0.01424844 -3.16665411
0 0 151 174 2 -0.678309321 -1.23707962
88 91 21 28 1 -0.0017809245 -4.28443289
63 67 49 52 0 -0.00451990077 -3.61416268
47 51 67 72 0 -6.01998472e-05 -3.45935965
37 39 98 105 2 -0.00562032219 -4.35318041
0 0 0 0 2 -0.00207234314 6.2460041
113 116 35 66 2 -0.651346922 -4.72881031
15 20 34 49 1 -0.067044124 -4.47392654
96 102 112 127 2 -0.000354018586 -1.70581722
84 88 50 55 3 -0.0857214928 0.474894583
88 94 123 134 1 -0.364564389 -2.01466703
31 32 43 78 3 -0.00245937728 -3.07408834
98 99 112 120 2 -0.000818936562 -2.79660892
81 82 184 219 3 -1.0093267 1.1005249
99 104 119 125 4 -8.63056121e-05 -2.66717792
45 52 65 100 1 -0.00369735924 -3.50071168
52 54 65 80 2 -0.112344891 -1.86944389
55 60 78 113 2 -5.38819259e-05 -4.55908918
57 62 148 156 1 -0.000518361514 -0.630942702
54 58 27 31 1 -0.0672934502 -1.70817065
77 79 124 133 2 -0.00497431587 -1.65086508
55 58 74 78 3 -0.0157144722 -0.386310399
105 108 141 164 2 -0.00406522211 -1.50320244
110 114 70 78 1 -0.0298744515 1.11553335
129 132 77 112 2 -0.000690492394 -4.57509947
48 48 67 102 3 -0.000779885158 -3.27715802
80 81 29 64 2 -0.00379953207 -3.46871185
55 55 87 122 4 -0.00343622197 -2.77655172
100 102 41 64 3 -0.00327089918 -1.81033778
81 84 97 132 3 -0.0999766737 -1.58170342
0 0 0 0 2 -0.0317584649 2.44540167
143 147 117 121 2 -0.513210893 -1.74518585
102 110 48 79 2 -0.00189743773 -3.15582728
92 96 0 55 4 -1.11567318 0.964992702
22 26 80 115 3 -0.00580321159 -1.73934937
33 41 81 116 0 -8.97629943e-05 -4.98533249
106 110 121 156 3 -4.32727029e-05 -3.53005886
192 198 47 82 3 -0.251144171 0.998017967
83 83 45 60 2 -0.000364286941 -4.09548664
18 21 26 61 4 -0.282295823 -4.51026487
55 61 40 43 2 -0.000452484615 -3.49198747
128 133 55 90 4 -0.000673220551 -3.59000492
143 144 68 103 3 -0.00454784837 -3.17924452
40 108 51 66 4 -1.04148614 -3.83708048
0 0 0 0 2 -0.368410349 6.5964818
61 64 128 135 2 -0.0070300051 -4.81046867
83 87 97 104 2 -0.00308497809 -4.04291677
164 167 58 81 2 -0.00130412087 -3.90006518
44 46 65 100 2 -0.00156945991 -4.30266571
74 74 28 63 2 -0.00796032697 -3.51717901
27 35 66 101 1 -0.0137650026 -2.55133462
87 91 19 34 1 -0.000182263393 -2.00587106
71 72 81 92 3 -0.00330182258 -1.20492578
142 145 59 65 0 -0.046799697 -1.83159566
119 123 96 103 3 -0.106491201 -0.52989912
95 96 108 110 2 -0.0168420821 -1.48308921
42 52 60 62 0 -0.0026746653 -3.39364052
48 48 58 93 3 -0.00348354923 -2.3431015
39 39 72 107 4 -0.00137801666 -6.39155293
99 106 71 86 3 -0.000929442991 -3.91775513
0 76 86 93 4 -1.69992375 0.114149511
63 68 41 45 4 -0.0504846424 -3.29778433
96 96 125 131 3 -0.0199780855 -2.12642074
127 129 83 118 4 -0.00970681198 -3.15239382
100 105 47 49 4 -0.00649438659 -0.740487993
39 43 55 62 1 -0.000775146123 -3.46155381
0 0 0 0 2 -0.00310882926 6.15988255
0 0 0 0 2 -0.145446852 6.45512676
111 115 47 51 2 -0.000312551711 -5.73507643
75 77 61 64 1 -0.000377505901 -3.53296232
68 75 91 97 3 -0.000162477576 -1.62895799
50 51 0 71 2 -0.645293593 1.86533284
71 77 109 144 0 -0.0107841454 -1.40399575
102 102 114 137 3 -0.135103762 -1.34115815
0 0 0 0 3 -0.190892711 6.77049923
0 0 0 0 3 -0.315100729 6.59515762
134 139 51 59 4 -0.000341397012 -2.83557367
0 0 0 0 2 -0.0230539702 7.08643389
26 34 38 49 2 -0.00572946249 -0.137445271
0 0 0 0 2 -0.00090782257 4.73818207
119 119 68 103 3 -0.000516220578 -3.58104849
47 51 116 151 4 -0.000320285704 -4.4537425
52 52 61 68 3 -0.0161590949 -2.95865798
90 95 40 75 1 -0.000466964557 -2.95493984
200 200 93 128 3 -0.000389654539 -3.85389352
0 0 0 0 1 -0.440998912 7.39610815
92 98 46 81 3 -5.19744099e-05 -4.47419643
113 117 48 53 0 -0.00149344304 -4.81267786
103 103 86 93 2 -6.41335791e-05 -3.07830882
215 218 165 200 3 -0.473250538 1.19057083
0 0 0 0 3 -1.28775406 2.61829686
159 159 0 0 2 -1.41934645 2.18603373
105 107 54 85 1 -0.00172833051 -2.94530845
131 132 170 177 2 -0.0031530608 -4.63777828
0 0 0 0 2 -0.226162955 3.28372836
97 101 42 77 4 -0.0116773881 -4.91957903
133 137 86 101 1 -0.000141018128 -4.15911865
101 106 38 41 2 -0.000861454289 -3.85427403
64 68 102 137 3 -0.000840224791 -3.84986734
48 54 170 177 0 -0.00750049949 -2.59183168
179 183 202 207 3 -0.192836478 -4.99023056
97 98 107 130 2 -0.00243257568 -0.611826599
99 102 111 120 2 -0.780632615 -2.77575326
40 44 95 130 4 -0.00142266613 -3.17320466
53 53 119 121 3 -0.00203750725 -1.77668071
60 61 122 157 3 -0.00213487702 -1.68626046
61 61 47 55 2 -0.000220645132 -1.46414995
76 86 138 149 0 -0.000571484969 -2.9063592
104 106 119 134 2 -0.0845427588 -2.90944672
81 81 49 52 3 -0.0554643869 -0.628355742
0 0 0 0 1 -0.193450555 1.78655076
51 51 61 96 3 -0.00083092344 -3.51477695
96 101 48 0 4 -2.4801178 2.61837435
97 100 67 82 2 -0.0115346937 -1.78754878
141 143 122 127 1 -0.000252706319 -3.21750689
0 0 0 0 3 -0.604091763 4.27215338
57 61 69 72 1 -0.00367464032 -3.76140022
82 82 95 106 2 -0.010020013 -3.96185946
146 148 55 62 3 -0.00185126578 -3.29591465
0 0 0 0 1 -0.0351667218 2.97445917
60 60 72 77 3 -0.0149041638 -3.79201651
0 0 0 0 4 -0.497392595 7.90178442
138 143 54 89 3 -0.00920758117 -1.52724028
52 53 72 79 2 -0.00370012107 -1.85351014
51 57 103 110 0 -0.000140304473 -2.55786538
182 185 44 48 1 -0.229616955 2.21299028
0 0 0 0 1 -0.120185181 2.73779893
83 87 101 109 3 -0.0836151242 1.20612669
81 86 35 70 3 -0.7162444 -0.133500844
0 0 0 0 3 -0.571456075 1.64128923
67 68 81 88 2 -0.00120017107 -2.4820106
0 0 0 0 2 -0.41279164 7.63810492
33 35 64 79 1 -0.404971272 -0.162857085
46 46 59 64 2 -0.000792117557 -2.46162796
105 108 137 139 2 -1.35077167 1.59885311
47 59 71 106 0 -0.233593494 -3.33395672
54 57 135 137 2 -0.871600807 -1.20704484
77 78 96 131 2 -0.00313373236 -1.6920836
60 64 28 35 4 -0.0926076472 -3.15417647
60 68 80 84 0 -0.000221722948 -3.22159529
62 67 80 84 2 -0.000300156447 -2.27728295
125 128 38 73 3 -0.000451001164 -2.73095989
39 39 95 130 3 -0.0390717387 -4.84753227
49 50 64 99 3 -0.000949398673 -4.87584782
57 59 38 45 2 -4.42262499e-05 -4.5566783
0 0 0 0 2 -0.151817471 4.50905275
50 53 68 79 1 -0.166415572 -0.453387737
73 74 54 60 2 -0.000348638714 -4.09684706
22 23 30 65 2 -0.16937007 -2.5886426
76 79 87 95 2 -4.55373665e-05 -4.56955099
0 0 0 0 1 -0.0129113272 3.44152331
26 27 97 132 2 -0.0109002236 -2.50978923
92 92 109 144 4 -0.0315424055 -2.69297004
0 0 0 0 2 -0.00286381412 3.89022517
66 68 52 59 2 -0.00998776406 -1.57962275
0 0 0 0 3 -0.00741945161 5.91487122
71 71 86 94 3 -0.000230542137 -2.75829268
49 53 65 80 3 -0.00537248282 -1.71014929
54 60 141 147 1 -0.000775330584 -2.45941186
108 117 137 144 1 -0.000146499588 -2.63559127
59 60 74 83 1 -0.00193212787 -3.66543555
121 125 51 86 3 -4.4345401e-05 -4.493752
46 49 72 0 2 -1.01675224 1.45027447
173 176 120 155 3 -0.00926832296 -1.47715926
46 50 55 70 3 -0.0750113949 -1.45245886
42 45 105 120 3 -0.0003105129 -3.48252511
120 124 53 57 3 -0.349203885 -3.48857403
0 0 0 64 2 -1.19150651 1.52839565
46 49 117 152 3 -0.00191291119 -3.79786849
0 0 0 0 2 -0.0011840238 4.10375261
165 169 207 222 3 -0.350668818 1.13316941
49 53 108 143 3 -0.000589061179 -4.22925663
133 136 17 26 1 -0.984113574 1.64441419
0 0 0 0 2 -0.0525729433 3.50272703
0 0 0 0 2 -0.514127493 5.74260235
0 69 0 0 3 -1.37981975 1.04393458
134 135 113 119 3 -0.323901385 0.139388502
88 95 106 112 0 -0.00134622795 -3.9237473
53 55 66 77 2 -0.00144284335 -0.720222235
40 46 50 57 0 -0.0003460281 -3.35081267
95 100 109 116 3 -0.00135152554 -4.11608124
158 164 175 180 1 -0.000863550522 -2.72185302
0 76 127 0 4 -1.34521389 -0.0518837869
41 45 59 74 3 -0.000286549912 -3.45063734
53 57 117 124 1 -9.16694698e-05 -3.50926256
126 126 57 92 2 -0.121521473 -2.10082746
91 99 56 64 1 -0.000169626408 -4.23403025
42 49 24 31 0 -0.00167175964 -4.43615198
59 62 75 78 2 -0.00880124327 -1.71511412
77 81 0 0 3 -1.19978261 2.41771841
48 51 67 71 3 -2.22920626e-05 -5.09821033
37 37 86 117 2 -0.116036721 0.0556741059
79 82 95 98 3 -0.0270518586 0.456349134
99 103 66 77 2 -0.0424051918 -3.44678116
132 140 52 87 1 -0.158929005 0.581638396
68 73 49 53 0 -0.00188325183 -3.44230509
190 196 102 107 0 -0.00819188822 -4.6251893
90 93 39 62 3 -0.430856138 -1.71417427
157 159 172 195 3 -0.0201319978 -2.56193852
0 0 0 0 2 -0.0192760564 6.80323744
96 100 44 49 1 -0.00121771812 -2.55363941
0 0 0 0 2 -0.25478062 3.00110483
0 0 0 0 2 -0.304721773 2.99025273
128 130 47 51 1 -7.5696953e-05 -3.35482383
58 61 112 147 0 -0.507779121 -1.58955407
233 237 162 197 1 -0.389238864 -2.42883301
0 0 0 0 3 -0.354503632 6.98531771
130 137 49 84 1 -0.00284699583 -3.72963476
127 131 72 78 0 -7.5220174e-05 -3.94846368
0 0 0 0 2 -0.056188859 4.82092047
59 64 33 42 2 -0.449580252 -0.446119428
103 107 81 88 1 -0.000818957225 -1.74705887
0 48 64 70 1 -1.92792559 4.73399162
113 116 132 163 1 -0.00365880691 -1.39788771
0 0 0 0 3 -0.00150356523 4.25696516
0 0 0 0 0 -1.40059495 1.04685712
0 0 0 0 2 -0.0792009011 5.75235033
126 130 44 79 3 -0.00032516045 -4.54153013
116 120 137 172 2 -0.000860544445 -1.76461005
71 73 21 28 1 -0.00331971864 -3.05785084
120 126 38 73 2 -0.00075833546 -3.39779401
145 148 92 127 4 -0.000686649932 -4.0854702
0 0 0 0 2 -0.000844902475 5.90553999
112 113 141 146 1 -0.0235442054 -3.98145819
66 68 80 87 1 -0.00180839829 -2.81143928
80 83 45 51 2 -0.0581641756 -2.05188227
22 25 67 75 2 -0.0527326576 -5.5227766
17 21 26 34 1 -0.0135690896 -0.566458225
0 0 0 0 2 -0.00432246318 3.33887959
31 32 76 85 2 -0.130199358 -4.83093882
95 96 48 55 2 -0.0120733613 -3.39390254
95 101 45 52 2 -0.00999843888 -2.55074167
69 77 127 150 0 -0.308034778 -0.700756311
73 78 44 50 1 -0.00775754731 -1.17257786
132 138 51 59 2 -0.027825363 -0.0846829116
188 188 208 217 2 -0.551143467 0.613449037
82 87 98 133 4 -0.0257222485 -5.35241938
93 96 113 118 2 -0.000335556571 -3.57426548
54 57 73 108 2 -0.000418856711 -3.1955688
84 91 64 69 1 -0.000615277677 -1.20931387
19 19 82 90 3 -0.000631004223 -3.26849627
0 0 0 0 1 -0.152827367 6.90968609
41 46 62 97 1 -0.0462848581 -4.20964813
0 0 0 0 2 -0.02269122 3.04895449
51 57 171 179 3 -0.140101433 -3.97787833
132 140 150 155 0 -0.105872519 -4.87618971
0 0 0 0 3 -0.103954464 6.63432264
86 105 118 121 4 -0.883904338 -0.728657186
43 43 104 108 2 -3.278238e-05 -3.02274299
106 106 35 41 2 -0.00203757151 -2.28822494
132 137 24 59 3 -0.000213012856 -4.72508526
39 44 96 102 0 -0.00120382267 -0.570677042
35 35 50 53 2 -0.0643872172 0.0172145665
27 35 43 78 2 -0.100152969 -0.429941684
93 97 113 119 4 -0.000172728935 -1.21436584
78 83 25 60 2 -0.00047581573 -3.52827859
0 0 0 0 2 -0.0220281649 5.67310238
0 0 0 0 3 -0.0977705494 2.20373726
82 82 98 106 3 -0.00541107683 -4.65734529
129 131 27 62 1 -0.00780077884 -1.87160206
119 120 134 141 2 -0.00238484074 -3.10340476
100 103 116 123 4 -4.86368117e-05 -4.68389559
127 131 51 86 4 -0.000461162126 -3.34574676
135 135 104 111 2 -0.00912601966 -1.18221068
0 0 0 0 1 -0.0941234156 3.39009142
123 127 104 111 3 -0.000986051746 -2.24073672
104 108 75 90 3 -0.00113472028 -4.63375711
101 104 51 86 4 -0.00199442776 -3.01253366
0 0 0 0 1 -0.108934991 4.42651176
123 129 39 47 0 -0.000232684906 -1.11925435
86 86 124 155 2 -0.011918054 -4.71215963
88 90 74 78 2 -0.000273454119 -2.83729482
171 175 58 89 1 -0.00613755221 -0.86748755
90 97 78 84 1 -0.000813312945 -4.66340876
63 63 144 151 3 -0.00983536988 -3.50256562
168 172 111 146 2 -0.157342106 1.11684895
128 135 43 54 2 -0.00033269613 -3.87631416
61 69 39 44 0 -0.00304575427 -2.40227246
133 137 84 93 1 -0.000676314579 -3.72306609
56 57 146 154 1 -0.0432985537 -0.876472831
0 0 0 0 2 -6.50870934e-05 5.45992804
95 98 54 61 1 -0.00108596205 -1.31089652
76 76 110 145 3 -1.06362367 1.02300644
105 107 118 122 2 -0.00494231423 -5.96313906
0 0 0 0 1 -0.00199323124 6.7627058
45 49 110 145 3 -0.0354552753 0.50685364
60 60 78 85 3 -0.0111411083 -1.23345876
51 55 80 85 3 -0.000642170198 -4.15239048
45 50 149 172 3 -0.0765017569 -3.63916612
0 0 0 0 4 -0.286009371 7.61626387
91 94 104 139 2 -0.00498694088 -3.33036995
37 42 48 83 1 -0.187924698 -2.82816434
0 0 0 0 2 -0.015533274 4.55159044
125 128 140 151 2 -0.000568192452 -4.98872328
66 72 115 120 0 -0.00209642854 -4.62849665
201 201 68 75 4 -0.0687831417 -2.20650959
91 94 47 62 1 -0.000100015022 -5.18967915
102 104 142 148 2 -0.00044759197 -2.63726568
44 47 56 79 3 -0.563697219 0.315854907
58 61 95 102 2 -0.000429939391 -6.72438097
129 133 60 95 1 -0.0524102449 -1.78183985
56 60 73 77 4 -6.58028584e-05 -3.19373798
134 138 89 96 2 -0.000132319372 -4.48111057
53 57 80 84 2 -0.000550347031 -2.50039959
79 81 94 101 2 -0.00856062025 0.183725059
0 0 0 0 0 -0.224934861 4.27586842
27 29 41 76 1 -0.002445166 -3.58748055
0 0 0 0 4 -0.0155407079 2.95236897
0 0 0 0 2 -0.000373579096 3.82282948
132 133 57 72 2 -0.000595744932 -2.42073989
67 70 45 51 4 -0.00212181592 -1.96935272
70 75 111 146 0 -0.000642177474 -3.21761131
152 160 137 139 0 -0.0122363335 -5.19188356
56 59 141 149 3 -0.00200829399 -4.96808529
194 200 49 72 0 -0.0014602443 -3.42019796
81 82 91 95 1 -0.00162631879 -2.33068037
80 87 153 162 2 -0.0025612663 -2.63613796
0 0 0 0 1 -0.0465297624 3.27419758
56 58 74 109 1 -7.65304285e-05 -3.89980865
152 156 51 82 4 -0.000854613376 -4.37391138
56 63 149 155 0 -0.00660437439 -1.70788598
0 0 0 0 2 -0.635221481 4.9814477
81 83 59 66 3 -0.00184013997 -3.81278825
109 115 133 168 1 -0.00250006281 -0.99100554
32 33 117 124 3 -0.02810454 -3.01693487
87 87 36 59 3 -7.64123179e-05 -5.3112669
110 113 130 132 1 -0.00355939567 -1.89048648
109 113 133 140 3 -0.000547567033 -5.54087543
123 130 54 56 3 -0.000833094819 -2.59255815
83 86 117 123 2 -0.000313845143 -4.19948578
88 89 73 77 1 -0.0272811819 -4.79048491
123 126 138 173 3 -0.000145788479 -4.10803366
0 0 0 0 2 -0.356390387 2.44080091
47 53 106 141 2 -0.000234353472 -2.78455114
66 68 123 134 2 -2.3364948e-05 -5.58939791
87 89 97 101 1 -0.000376304757 -4.57818747
0 0 0 0 4 -0.799042106 7.73181868
0 0 41 76 2 -0.815179706 -1.16011977
138 142 90 97 1 -0.0290835444 -1.55552006
52 52 66 72 2 -0.00329480343 -3.53847528
0 0 0 0 2 -0.00198612316 4.27864361
184 186 127 162 2 -0.00223396276 -5.61990929
55 57 28 31 2 -0.000262127607 -1.43779373
0 0 0 0 2 -0.0012190144 4.8130312
39 40 52 57 2 -0.00129054661 -4.31200695
66 67 79 114 2 -0.40776667 -1.59399843
130 132 115 122 2 -0.00081574457 -3.71215606
25 29 78 113 4 -0.000258894608 -4.43668413
95 99 59 74 0 -0.0269507412 -2.62285256
122 124 62 70 2 -0.00186273223 -5.31669188
97 97 112 119 3 -0.014633676 -1.97616172
100 104 52 83 1 -0.00350186438 -3.87911797
0 0 0 0 2 -0.0220340397 6.68491125
128 132 111 113 1 -2.70604141e-05 -3.79436326
51 55 138 146 4 -0.00106142147 -3.66920948
0 0 0 0 3 -0.00189101684 4.0181675
0 0 0 0 3 -0.00187649915 2.95691395
76 84 96 119 1 -0.00249432912 -3.42528415
0 0 0 0 2 -0.000178452872 4.17375183
30 31 56 59 3 -0.0722241998 -3.36658788
142 147 57 64 2 -0.172024533 1.28968287
91 97 116 151 0 -0.000201219431 -3.65270734
198 202 61 96 2 -0.00502071576 -1.26804006
107 110 126 129 2 -0.303812087 -3.41084719
78 83 91 97 2 -5.20936919e-05 -3.72429299
61 61 128 136 3 -0.000867615163 -0.837741494
78 80 99 134 3 -0.000257236708 -5.05949497
157 162 56 60 3 -0.0404491536 -0.250808209
109 113 30 65 2 -0.00324919191 -4.97041321
200 202 44 79 3 -0.156039715 -2.95796943
53 53 67 75 3 -0.00280353893 -2.28887844
0 0 0 0 2 -0.000787105761 0.939085305
92 95 107 142 2 -0.0255134031 -1.74393678
46 50 54 60 3 -0.678412974 -2.41846347
0 0 0 0 2 -0.00723438384 5.89160204
0 0 0 0 2 -0.621266246 3.94394469
45 48 104 110 1 -0.000285249 -2.57379985
109 112 59 94 4 -0.00530809676 -4.45283604
0 0 0 0 2 -0.00187688274 6.70156956
99 102 86 88 4 -0.00317438319 -2.34168482
157 157 69 104 3 -0.049985636 -1.57095194
77 80 55 62 3 -0.0189218372 -0.755302668
12 18 23 34 0 -0.376030624 -2.14878702
47 54 59 61 1 -0.00782125257 -2.2609849
46 49 128 135 2 -0.00293320883 -1.98967123
35 37 54 61 1 -0.000187263839 -4.66029072
105 111 138 169 0 -0.000678322453 -2.25468373
0 0 0 0 0 -0.0246198773 4.63044596
29 33 45 49 0 -0.312414378 1.30013299
139 145 26 61 1 -0.0760237947 -4.32511044
111 116 130 137 3 -0.000477995636 -2.3603487
49 49 111 113 3 -0.00710642291 -3.89838767
106 109 30 65 4 -0.0128265554 -1.10304737
153 156 103 138 1 -0.000283218862 -5.19768476
151 151 81 116 3 -0.000128978761 -3.97350669
107 113 127 130 1 -0.0058681285 -2.62621164
39 39 49 54 3 -0.00201672246 -3.71353412
0 0 0 0 1 -0.0142204771 3.53445649
73 78 87 118 1 -0.00182337349 -3.5091157
52 55 115 122 2 -0.00125676417 -4.9429965
171 173 57 62 1 -8.11806385e-05 -1.50048161
122 122 70 85 3 -0.0163963363 -1.38026476
59 60 74 83 4 -0.00141070737 -2.98053312
0 0 0 0 3 -0.874160528 7.14000559
113 113 51 57 3 -0.0258181114 -2.02329159
0 0 0 0 1 -0.0198537111 6.85309219
148 152 52 59 2 -0.0291632041 -2.31757903
95 104 45 68 0 -0.00249388558 -3.07944822
141 141 94 129 3 -0.00600600941 -2.31356072
161 165 87 102 2 -0.077801168 -0.731842041
55 62 71 77 0 -0.000699069991 -1.67209888
0 0 0 0 2 -0.0589560196 5.28681469
146 148 63 100 2 -0.0380150378 0.373235106
68 70 108 111 1 -0.00541463215 -0.132732451
0 0 0 0 3 -0.0055642901 4.1092639
168 173 112 147 4 -0.00102997385 -3.70073414
65 72 85 93 0 -0.000116463481 -2.36855006
0 0 0 0 3 -0.267764211 3.28829885
66 66 40 46 3 -0.241193593 -1.6823597
109 113 135 166 1 -0.0201275311 -0.675550342
34 34 42 49 3 -0.00562859466 -0.889199853
99 100 114 122 3 -0.00580379041 -1.90344405
0 0 0 0 4 -0.00576348696 5.18331575
59 67 84 119 0 -0.0191555675 -3.54067469
0 0 0 0 2 -0.274407595 6.17898321
0 0 0 0 2 -0.289899975 7.19018269
67 73 84 92 1 -0.000474156172 -4.04514122
133 137 37 60 2 -8.35641767e-05 -5.04730368
63 68 81 85 4 -4.11269939e-05 -4.67937946
43 48 62 74 4 -0.125165656 -4.12859154
123 125 40 46 2 -0.000476409623 -3.85166311
90 95 45 49 3 -0.000287639035 -3.77611089
31 39 129 136 1 -0.000105497296 -5.42934704
0 0 0 0 1 -0.925004184 7.14581728
54 62 111 146 1 -0.944559038 1.5357697
0 0 0 0 4 -0.71474421 3.34905887
98 106 43 78 2 -0.426800847 -2.50561547
41 44 58 60 2 -0.00360310194 -1.63438725
50 55 89 95 2 -0.000571539742 -3.87331462
134 140 39 46 2 -0.000742707169 -5.56573868
130 133 87 110 2 -0.236671805 -1.12589324
82 86 92 97 3 -0.312732875 0.0529586375
71 76 119 127 1 -0.00213722605 -2.78089142
81 88 120 127 0 -0.00895510241 -0.568508029
111 121 133 144 0 -0.00220678584 -4.78843307
65 69 84 88 3 -0.0110142715 -4.37139463
147 153 48 83 2 -0.000228744961 -4.41959238
83 86 63 66 2 -0.057656087 -0.683570027
0 0 0 0 0 -0.00173719169 5.05039215
107 111 139 143 2 -0.00084334577 -5.92081547
0 0 64 0 2 -1.25260711 1.38919711
48 51 62 93 0 -0.000602560467 -4.35588884
115 117 40 43 3 -0.00955744553 -1.02180481
56 59 0 0 2 -0.749538183 2.30065227
193 198 125 129 3 -0.0186164863 -4.12968779
59 61 20 27 2 -0.00370106869 -2.84270215
0 0 0 0 2 -0.0675528869 4.31161547
114 114 77 100 3 -0.0111042932 -4.75181627
88 92 101 104 4 -4.02923688e-05 -3.03211069
133 138 204 212 2 -0.0157027747 -3.04800272
76 78 86 97 2 -0.0434879325 -0.575205863
59 60 71 106 2 -0.0283019952 -2.38122678
89 89 69 71 2 -0.00080889184 -3.94275975
150 155 54 58 2 -0.00933499448 -2.04239798
113 113 133 168 3 -0.000477519323 -1.95928359
0 0 0 0 2 -0.0609930903 7.15685225
0 0 0 0 4 -0.585925341 7.68932581
52 54 184 219 1 -0.0188198015 -1.67715812
37 38 85 120 3 -0.00202547153 -0.0249806643
58 62 98 102 2 -0.0673105642 -1.03586388
73 77 92 127 2 -0.000570302887 -3.27734828
218 219 188 199 2 -0.428267151 -1.00076103
0 0 0 65 4 -0.631006837 -2.30865765
0 0 0 0 3 -0.310469657 5.02434158
124 128 141 146 3 -0.0051811412 -1.92799115
67 72 219 225 0 -0.825249791 -1.46362901
49 52 70 78 4 -0.000460833398 -1.85194826
17 28 32 37 0 -0.533932447 -1.43358493
158 165 105 114 3 -0.0143642379 -0.367636412
73 79 62 68 1 -0.000181193886 -1.79617167
51 55 204 208 4 -0.0237491857 -4.34040451
0 0 0 0 1 -0.159382373 1.87080693
62 65 44 55 2 -0.00421894202 -2.30825019
80 83 117 152 2 -7.8199475e-05 -2.90726972
0 0 0 0 4 -0.13787362 3.22136569
0 0 0 0 2 -0.0012950066 2.78823042
0 0 0 0 3 -0.0487240814 6.37808418
62 66 42 47 4 -0.0434317812 -6.04525709
0 0 0 0 1 -0.1250889 3.23163152
95 98 54 58 3 -0.00566370413 -2.91111445
42 46 49 72 3 -0.0808273256 -1.43992925
117 120 131 142 2 -0.00177329441 -2.15161252
98 99 107 109 2 -0.000136491217 -4.82561398
94 95 62 69 3 -0.000252708909 -4.42026377
62 69 83 118 0 -0.00138705317 -3.04010344
0 0 0 0 4 -1.13323569 1.46825123
0 0 0 0 3 -0.0316496007 5.3277812
47 58 71 75 0 -0.656433105 -0.409745187
0 0 0 0 2 -0.0049734246 5.85214615
102 104 37 44 2 -0.35161376 0.254389346
76 83 102 110 0 -0.00311622093 -0.938812017
52 55 122 126 2 -0.537898839 1.19922185
139 146 52 61 3 -0.00128958188 -4.01471853
0 0 0 0 3 -0.331912339 5.45939827
0 0 0 0 0 -0.0420914926 6.27555323
0 0 0 0 2 -0.00260966225 2.94664001
111 111 126 130 2 -0.0291477516 -1.71732664
26 31 37 60 3 -0.12833333 0.161141217
0 0 0 0 1 -0.158212438 6.33937931
69 70 107 114 2 -0.000108836488 -4.58366346
26 29 39 47 2 -0.0922240168 -0.439234614
0 0 0 0 2 -0.028059721 5.64768887
33 34 105 0 3 -0.758898497 2.64607835
51 52 63 98 2 -0.000113840899 -4.24780035
87 91 99 114 2 -0.00327889505 -0.93502748
0 0 0 0 2 -0.884764194 6.06523895
98 103 55 62 1 -0.00668608863 -5.5039382
0 0 0 0 3 -0.0400115214 8.04402256
54 55 125 148 2 -0.00958601385 -2.80424285
46 51 76 107 3 -0.0137136681 -3.93736935
175 180 93 116 2 -0.00245359167 -1.32041395
56 64 75 110 3 -0.000208966958 -3.11522794
106 106 113 121 3 -0.000786049059 -1.85765004
85 89 141 143 2 -8.08221885e-05 -3.05779552
83 83 52 57 3 -0.0686161295 -0.842787147
78 80 62 69 2 -0.0975091308 0.113962054
87 87 93 128 3 -0.000698124699 -1.95660162
43 48 80 85 1 -0.053791035 -4.08898878
0 0 0 0 2 -0.792478144 1.74289823
52 54 73 80 1 -0.214363024 0.768392742
97 98 111 118 2 -0.000836489839 -4.0374155
58 59 137 145 2 -4.31534863e-05 -4.59358835
129 129 109 115 2 -0.000192274165 -2.75318575
48 52 60 67 2 -1.32321948e-05 -6.172369
68 69 84 119 1 -0.171199068 -3.53648782
0 0 0 0 3 -0.0927158743 1.70379376
81 85 101 124 4 -0.00021313873 -5.5727129
146 147 106 137 1 -0.0133857932 -0.49579674
96 102 76 87 0 -1.32038927 -0.702127457
0 0 0 0 0 -0.00240884162 7.38935423
78 78 92 100 2 -5.757701e-05 -3.9987452
63 68 74 81 2 -0.00095148437 -4.36891651
0 0 0 0 3 -0.245221868 1.87506247
8 15 19 21 2 -0.64802438 1.26846409
97 97 108 114 3 -0.0961153582 -1.08960497
115 117 56 91 3 -0.00091278326 -5.33804941
116 123 138 153 0 -0.108483195 -3.27168703
65 70 90 113 2 -0.000190845923 -3.80111718
160 163 197 220 3 -0.0091313161 -3.08350921
0 0 0 0 1 -0.851584136 7.24715567
141 147 118 126 3 -0.00030670967 -3.21322942
148 156 188 197 1 -0.000775603228 -1.90347099
0 0 0 0 3 -0.0483333468 3.66858983
79 81 34 69 2 -0.00084713567 -4.49618149
135 139 66 89 1 -0.0983048454 -4.97348213
91 95 44 49 0 -0.0557307154 0.65194577
43 44 192 227 4 -0.0166214369 -3.27904391
22 27 34 69 0 -0.0137910284 -5.44677448
49 57 102 117 3 -0.145048648 -1.83968258
0 0 0 0 2 -0.352040201 7.08965302
0 0 0 0 2 -0.337208301 6.66142893
111 117 54 89 2 -0.0198770743 -2.6853931
0 0 0 0 2 -0.665414691 8.06003475
212 212 117 120 3 -0.00065266731 -3.46513391
140 144 53 88 3 -3.5404988e-05 -5.50511169
83 88 33 73 3 -0.137614936 0.142917931
80 84 103 109 3 -0.00512475986 -2.55742002
0 0 0 0 3 -0.0185017474 5.87641811
111 117 137 172 0 -4.9233e-05 -4.19876575
221 223 108 143 2 -0.294287503 -1.69696045
106 110 119 130 2 -0.226465225 -1.29388487
0 0 0 0 1 -0.108668476 3.44794011
84 87 96 131 2 -0.000772771426 -4.15150023
212 226 162 197 2 -1.15346611 1.24141264
114 121 131 137 1 -0.000719441799 -2.54241204
40 43 52 87 2 -0.00326067465 -4.5272727
50 50 65 70 3 -0.0135350479 -1.69193649
46 50 106 113 3 -0.00020276643 -5.04549265
0 0 0 21 1 -0.640876889 -3.14895844
59 62 169 176 1 -0.15680778 1.69067764
78 78 89 94 3 -0.00194130163 -1.06946492
42 45 106 107 0 -0.00267052301 -1.99166417
0 0 0 0 3 -0.385712028 3.50506949
37 44 48 51 2 -0.127080739 1.5720861
0 78 48 51 1 -0.521725953 0.199021637
110 114 63 98 3 -0.00022803442 -3.53982663
0 0 0 0 2 -0.00180629897 5.78657246
103 107 48 83 3 -5.29284443e-05 -4.95010042
0 0 0 0 1 -0.00991595816 3.89340377
104 109 50 52 2 -0.00034067771 -2.89200616
67 75 88 99 1 -0.239153847 -3.5123024
189 195 63 98 2 -0.157239512 -2.83407521
153 153 108 143 2 -0.000630049559 -1.96584702
136 141 73 108 1 -0.000169030915 -4.54831219
41 41 46 53 4 -0.0686192289 -2.65161514
0 0 0 0 1 -0.00182950788 5.85697603
25 27 57 63 1 -0.0015866434 -2.37568426
52 56 70 105 2 -0.0580963194 -3.14108539
36 40 146 181 2 -0.014666507 -2.05173111
118 123 135 137 1 -0.000473460881 -3.34928894
54 57 137 142 1 -7.93924482e-05 -3.06477904
0 0 0 0 1 -0.573287427 7.41182613
184 184 127 130 3 -0.0018825169 -4.02768373
37 43 81 88 0 -0.159427986 -3.49777675
70 74 25 60 4 -0.000592488854 -3.28453231
0 0 0 0 3 -0.843547881 7.43670893
109 110 45 80 2 -0.00242381939 -2.82234311
66 66 101 106 2 -0.0781248137 -0.734713912
46 51 62 68 2 -0.1586968 1.17084932
35 41 82 113 1 -0.00230504177 -1.77143836
90 93 106 141 1 -0.000594596379 -4.67747784
58 64 106 111 0 -5.87697068e-05 -3.60995579
103 103 48 71 2 -0.000344119355 -5.72853756
111 114 124 131 4 -0.00705275778 -0.514662862
59 59 124 132 2 -0.939691663 -1.58196115
177 181 82 117 3 -0.00204477203 -3.69780397
59 62 78 86 0 -0.0635852441 -5.08262444
61 63 82 85 2 -0.00129012985 -2.2967937
70 74 88 99 3 -0.0104781678 -3.10226655
0 0 0 0 4 -0.0670963451 6.9534173
122 126 30 65 4 -0.000426239072 -4.95902252
140 144 48 54 0 -0.0260631274 -3.45682883
0 0 0 112 2 -1.05106032 1.88977313
37 40 51 55 3 -0.0669640973 -4.1368413
63 69 40 48 0 -0.000318383303 -2.03880024
146 147 46 53 3 -0.00213605585 -1.03128183
148 148 57 88 2 -0.00484434469 -1.45348835
101 102 134 169 2 -0.309032053 1.58462143
102 106 123 134 2 -0.00125069439 -1.85236478
142 142 32 67 4 -0.00747408159 -1.14037061
41 43 58 69 2 -0.000934487791 -2.82771611
156 159 135 136 2 -0.0259897485 -1.4412446
122 124 42 47 2 -0.0177206732 -2.12253785
0 0 0 0 2 -0.000790002814 5.06354141
123 126 74 109 3 -0.208682224 -0.671892643
82 84 128 132 1 -0.00448981998 -2.75258112
95 98 106 121 2 -0.00910174474 -0.903468132
105 107 93 96 2 -4.38683637e-05 -4.3825841
0 0 0 0 2 -0.000778538175 5.59204245
79 80 169 174 4 -0.00269291573 -6.02185774
52 52 67 75 3 -0.00160335738 -2.13129997
0 0 0 0 2 -1.42182922 3.32645416
0 0 0 0 0 -0.0650819391 7.02444363
0 0 0 0 2 -0.0430416055 7.1565361
76 76 58 66 3 -1.69213009 1.4102633
73 74 104 119 3 -0.0231483951 -3.66281343
71 71 83 87 3 -0.0704859048 0.816550314
0 0 0 0 1 -0.0130223855 3.51568103
0 0 0 0 4 -0.309529066 4.02716732
77 77 89 124 4 -0.000318985927 -4.34534264
119 121 97 104 2 -0.00283055869 -4.41874075
14 18 33 31 4 -0.320519805 -3.43496799
158 162 130 139 3 -0.00132603245 -3.99748874
175 178 153 159 3 -0.0148408283 -1.70465374
60 61 159 162 2 -0.00699114986 -4.10846376
114 119 64 66 3 -0.00403027283 -2.23726296
70 70 124 135 3 -0.000944543281 -2.98880315
63 66 116 151 0 -0.00121674372 -2.6782999
30 32 49 54 2 -0.000495010405 -3.12580037
80 84 33 68 2 -0.00137080671 -2.9383018
0 0 0 0 1 -0.00757245161 3.58313346
42 42 101 105 2 -0.0102616716 -3.8538835
0 0 0 0 3 -0.102351889 6.47874165
112 114 123 154 1 -0.00355647271 0.73504144
186 193 64 79 0 -0.00443932554 -0.908253789
73 76 143 178 2 -0.0299903825 -0.755855918
83 86 63 70 3 -0.00100032729 -3.29818416
99 104 37 43 3 -0.193612367 -4.27173901
98 102 174 209 4 -0.00104316685 -3.45913672
110 111 27 62 1 -0.0010519221 -2.89515352
111 111 125 128 3 -0.00128828466 -0.142183244
95 95 119 142 3 -0.000318140694 -2.80048728
106 113 124 131 2 -0.000938022218 -3.43585658
81 82 89 112 3 -0.000435189635 -4.14936543
119 124 103 108 1 -0.0111213587 -1.28134084
53 54 138 144 2 -0.000582011358 -4.75960064
132 132 39 41 3 -0.0223574433 -4.30924702
44 44 58 63 3 -0.00165010744 -1.38541007
0 0 0 0 3 -0.381592184 2.68944621
127 127 137 160 2 -0.000130645785 -4.6028533
73 79 38 61 2 -7.55775982e-05 -2.92271328
45 48 130 132 1 -0.0777338147 -3.49767447
114 121 44 49 3 -0.000251998659 -2.0353229
56 57 69 104 3 -0.0271349661 -3.68176913
75 79 122 128 4 -0.000219572117 -2.06883264
99 102 67 78 3 -0.0254991483 -1.03168821
107 107 118 133 3 -0.00288797426 -4.3707962
61 69 135 150 1 -0.0159725286 -2.06370091
50 56 74 109 2 -0.00528316479 -2.69766235
61 61 68 74 2 -0.00130884477 -2.74832582
119 122 131 162 3 -0.00741620082 -1.96671987
98 103 116 151 3 -0.000930931419 -2.06796813
86 94 111 134 1 -0.00176377513 -2.46700239
48 54 87 122 1 -0.00150668644 -5.09167719
84 86 99 102 2 -0.00480984338 -3.1345551
196 197 51 86 3 -0.088469103 -2.46558809
0 0 0 0 1 -0.73383683 7.1161294
112 112 127 130 3 -0.0013620375 -1.74800849
117 117 126 132 4 -0.00728788134 -3.91689181
64 67 159 165 2 -0.000363304513 -6.19514656
105 105 119 150 3 -0.000238528373 -4.03846979
107 109 59 64 2 -8.3683437e-05 -3.78039336
0 0 0 0 2 -0.000497906061 4.29655266
61 61 75 110 3 -0.0702749938 -2.22241998
50 50 58 93 3 -0.0101885218 -2.84054637
158 162 170 205 2 -0.0231288392 -2.65962172
117 121 45 96 1 -1.50025427 1.26687741
109 113 57 92 2 -0.366129339 -2.93649292
32 36 71 106 0 -0.0102318572 -5.20704317
84 87 141 176 3 -0.116945565 1.38262773
0 0 0 0 2 -0.536699295 2.9891715
25 29 0 79 3 -0.48633486 0.687065303
131 133 86 121 2 -0.610245705 -2.28577733
42 44 86 109 1 -0.0336268321 -2.26428938
79 79 89 112 3 -0.00236117793 -4.70395708
58 60 77 84 2 -0.00577375665 -2.83029366
0 0 0 0 2 -0.00669813529 6.78263521
0 0 0 0 2 -0.172738358 6.11584616
80 85 106 113 1 -0.00271203369 -4.18106651
0 0 30 38 3 -0.42167902 1.92911148
45 50 102 109 1 -0.000211704915 -3.24723768
0 0 0 0 3 -0.00641176291 5.64694023
16 21 25 60 2 -0.0117279524 -1.78143907
103 108 120 127 3 -0.000472257205 -3.69968629
62 0 76 111 2 -0.664352238 1.05005336
171 171 41 48 3 -0.588026643 -2.90400696
0 0 0 0 1 -0.723776042 1.4254694
124 133 79 84 0 -0.00054581312 -3.83829737
149 159 103 107 0 -0.0935535878 0.256589532
40 46 62 71 0 -0.00368190533 -5.96638918
52 53 65 100 2 -0.000189531245 -3.99607992
19 20 41 49 3 -0.033577282 -0.850784302
92 95 105 140 3 -0.000959566387 -2.05031633
103 105 77 81 2 -7.90342383e-05 -3.74022341
58 61 77 81 1 -0.029955145 -2.58942008
55 61 127 138 1 -6.65174448e-05 -3.33115649
45 50 109 144 0 -0.00428647455 -5.13498735
101 103 38 48 2 -0.863312244 -0.427446693
69 69 121 126 3 -0.0174710937 -0.875734687
102 104 86 92 1 -0.0642948598 -1.4802506
32 38 76 111 1 -0.00428254809 -1.25309801
42 46 85 100 2 -0.00051966001 -4.66592264
50 55 66 75 1 -0.00015663536 -3.79837108
114 118 96 103 2 -0.000675264164 -3.6333077
203 205 121 128 2 -0.174927726 0.642661989
59 61 89 94 2 -0.00027535556 -3.32420564
12 13 18 24 4 -0.0043643089 -1.61075163
12 15 19 42 0 -0.0161921401 -1.45337677
84 87 36 67 4 -0.000190486928 -4.80470848
50 53 29 38 3 -0.00847630575 -3.14019847
54 55 68 103 3 -0.000911940355 -5.33171606
57 58 38 45 4 -0.000105138592 -4.12117004
96 97 105 128 2 -0.00511042215 -4.16588068
44 48 70 81 4 -0.000897113117 -3.16225863
170 171 66 74 3 -0.0169603899 -3.78083348
70 70 104 109 2 -0.00681474432 -3.21993303
164 170 75 90 2 -0.00388123607 -4.14548969
48 56 92 100 1 -5.12596707e-05 -2.63706088
112 112 130 135 4 -4.61335185e-05 -3.84821224
49 53 73 96 3 -5.54318285e-05 -4.17066717
54 58 68 79 3 -0.00100949628 -1.952986
45 46 55 62 2 -0.0135467965 -4.08928967
39 42 46 57 1 -0.00541839702 -0.875575364
66 70 52 56 1 -0.000210980914 -4.96023798
40 43 47 53 2 -0.0249358639 1.20813417
38 41 80 115 2 -0.0115331318 -2.63945723
71 80 92 127 0 -0.000199431001 -4.38830996
114 116 37 45 2 -0.00183381711 -2.11886501
62 65 73 108 3 -0.00225429935 -4.73201132
68 76 53 57 0 -7.80810005e-05 -4.34922647
114 116 44 50 3 -0.000195852132 -2.03885102
46 46 64 72 3 -0.000550908037 -3.74175215
56 56 73 108 3 -0.0526612364 -3.89274716
50 52 64 67 2 -0.000590258162 -4.34379578
166 170 86 121 2 -0.00110026938 -2.78434634
125 130 50 81 2 -0.00244525145 -2.02058935
114 114 42 77 3 -0.00604201062 -4.13013268
68 76 56 58 0 -0.000802011171 -3.96212506
89 89 40 45 3 -0.00930822548 -2.56311011
135 135 116 120 3 -0.00102732203 -4.49268055
136 136 153 176 3 -0.00353271025 -4.0242362
60 60 30 45 3 -0.0174837485 -4.58316708
7 7 7 42 3 -0.461637497 -3.55435705
52 52 80 103 3 -0.0142727476 -5.46218967
56 59 86 92 2 -4.99482849e-05 -3.80392194
125 125 48 63 3 -0.00354147819 -2.24920654
23 25 29 44 2 -0.106404439 -0.111292183
113 113 101 108 3 -0.000215273976 -3.20736504
86 87 99 122 2 -0.00321322214 -3.84745836
44 45 64 71 2 -0.00437108055 -4.56330442
133 134 75 110 2 -0.000305628462 -4.55357456
107 109 45 68 2 -0.0818800107 -2.35262895
95 97 81 85 2 -0.00565867778 -1.73210073
69 74 133 168 1 -0.000392146059 -3.48548865
54 55 75 110 3 -0.00398623804 -6.148314
82 83 112 147 3 -0.000846102717 -3.52466202
52 55 73 104 1 -0.000314218953 -0.52808249
171 171 84 86 2 -0.000632682 -3.15831995
110 112 59 94 3 -0.000960552599 -1.98471737
53 53 66 89 3 -0.0244551189 -1.47778249
110 116 72 95 1 -0.00248770835 -2.52559257
87 91 45 80 2 -0.406278461 -2.94406438
106 106 50 65 2 -0.00123552186 -2.62467265
17 17 38 41 2 -0.00251940242 -1.7119348
15 18 47 58 1 -0.00104369631 -3.37023664
25 25 37 39 2 -0.000166529499 -4.23090124
142 143 70 74 2 -0.007010601 -1.87528634
52 54 111 118 2 -0.00155563268 -4.43723631
0 0 0 0 3 -0.000470123778 3.64891982
0 0 0 0 3 -9.88229003e-05 5.73404121
0 0 0 0 2 -0.0028727632 2.57149291
0 0 0 0 3 -0.00114235119 5.8803978
0 0 0 0 3 -0.226112187 2.93656039
0 0 0 0 3 -0.00147111819 4.10412836
0 0 0 0 2 -0.00197605719 5.49178886
0 0 0 0 2 -0.0755415559 6.20819521
0 0 0 0 3 -0.0518654138 5.14291382
0 0 0 0 2 -0.533184528 7.63431501
0 0 0 0 0 -0.505850375 4.74944639
0 0 0 0 3 -0.0361382365 2.71352839
0 0 0 0 2 -0.0283203144 6.65786743
0 0 0 0 0 -0.0965224355 5.75549412
0 0 0 0 3 -0.332156241 6.32043266
0 0 0 0 3 -0.000956131204 4.02079391
0 0 0 0 2 -0.000207890116 6.42199564
0 0 40 47 0 -0.565966606 1.81039953
103 105 118 126 2 -0.0436611325 -1.29312468
61 65 132 134 1 -0.000209551989 -2.7829783
66 73 84 88 0 -0.00484314654 -2.7275629
22 24 28 63 2 -1.00012064 -1.47855544
151 155 39 74 1 -0.0018282315 -1.26693428
131 135 81 116 3 -0.00165910879 -1.53368211
58 63 48 53 1 -0.000779503374 -2.17261696
122 124 50 85 1 -0.00194433797 -2.62735248
117 118 72 79 2 -0.000693603302 -3.86556602
57 58 33 38 3 -0.00161546748 -3.04693103
117 120 131 136 0 -0.00210871734 -2.01424241
98 101 62 66 2 -0.00169895391 -2.20259523
129 131 60 95 2 -6.42530504e-05 -4.31685591
35 42 52 59 0 -0.000133749272 -1.813627
56 61 145 156 0 -0.00021206282 -4.60590076
52 56 70 101 3 -0.00185204053 -4.64454603
126 126 55 66 3 -0.000270826247 -2.65221858
99 101 165 196 1 -0.00387885072 -4.17696428
85 85 53 68 3 -0.00537469285 -3.15772176
137 141 107 113 0 -0.0145684136 -2.93265104
57 64 72 76 1 -0.000833834521 -3.7679913
147 151 112 127 3 -0.000179757029 -4.19232035
47 50 60 62 4 -0.208479479 -3.9329536
55 59 81 116 1 -0.00449105538 -3.38318062
123 129 59 94 1 -0.0347549841 -0.369074464
70 73 87 122 4 -0.000108716558 -2.79851842
96 100 48 71 4 -9.23856715e-05 -3.44335341
49 49 61 92 4 -0.00751641439 -2.70875144
20 24 101 106 4 -6.99751181e-05 -4.3575654
0 0 0 0 1 -0.175922945 6.87528992
117 124 232 196 1 -0.262682587 0.626437485
80 86 23 58 1 -0.0028920942 -2.00697327
156 161 91 126 0 -0.0244923644 -2.96014929
0 0 0 0 1 -0.0793885142 7.1387682
0 0 0 0 3 -0.00941025093 6.84961843
197 199 66 97 2 -0.0352776498 -1.4236629
81 84 65 69 1 -0.000160333075 -1.71893311
0 0 0 0 3 -0.244731933 6.68664885
52 56 94 99 0 -0.0156206694 -2.08135772
89 92 57 62 0 -7.54582143e-05 -2.46630359
0 0 59 63 2 -0.811262488 3.32685351
111 112 97 103 2 -0.189122111 -0.432268649
206 210 183 186 2 -0.00809888169 -2.65404058
119 123 30 36 0 -0.00247824332 -1.98887682
102 106 52 87 3 -0.000207178324 -2.94592619
0 0 0 0 3 -0.0105920043 3.96474481
163 165 145 149 2 -0.000365811924 -4.09953547
96 98 110 114 1 -0.00117937569 -2.6834178
0 0 100 0 1 -0.931133986 1.65632796
10 11 21 24 2 -0.0101885563 -1.30471373
102 102 32 37 2 -0.00230626389 -3.95445061
47 53 91 96 1 -0.00740139047 -1.01299632
119 124 104 110 1 -5.36435909e-05 -3.78666806
139 142 31 34 2 -0.00282052159 -3.93816566
87 94 70 72 2 -0.000176664093 -3.04934502
0 0 0 0 3 -0.000783365569 4.51692295
55 63 39 48 3 -3.993465e-05 -4.11997604
83 87 26 61 3 -0.000544318638 -4.63583469
77 85 109 144 1 -0.00067065889 -4.15725517
0 0 0 0 2 -0.0326639935 2.48863459
40 40 93 108 1 -0.345483869 -0.782608032
41 51 61 69 0 -0.0943365544 -2.5926075
106 107 36 42 3 -0.00456136046 -2.33940291
49 54 69 104 3 -0.000317774568 -4.09897232
156 161 44 79 3 -0.000724121928 -0.864080191
89 91 74 78 2 -3.79082849e-05 -4.30092382
95 96 109 144 2 -0.0716168061 -0.665617585
0 0 0 0 4 -0.0056585134 3.85416675
0 0 0 0 3 -0.338966042 3.55216813
0 0 0 0 3 -0.0149165597 4.18459988
88 93 106 129 4 -0.000676790834 -2.86015415
120 125 34 65 1 -0.0425976701 -1.11751401
96 96 111 146 4 -0.00257527805 -4.80402279
0 0 0 0 2 -0.37448895 2.39321089
97 97 109 115 4 -0.0028184827 -1.64576507
109 110 93 97 4 -0.000520763686 -3.16654658
112 113 62 97 3 -0.0335267298 -3.02482247
48 51 93 95 2 -0.0104976939 -2.45067215
102 106 118 128 2 -0.000797891116 -4.04948092
170 170 79 110 3 -0.016243428 -5.49238539
115 116 157 172 3 -0.228885785 -2.56239009
98 109 125 126 0 -0.0441976301 -2.0209918
114 114 44 48 3 -0.000309089664 -2.65311956
96 101 39 74 3 -0.000150674983 -3.07558012
80 83 119 122 1 -0.00717502879 -3.80028939
27 33 47 58 1 -0.000902024913 -2.69348121
153 159 89 92 0 -0.186020315 -3.89390826
220 224 177 184 1 -0.501604021 -1.76657724
86 86 62 68 2 -8.4875086e-05 -3.87603569
0 25 0 0 0 -1.12315476 0.908473909
42 47 54 89 1 -0.000474266504 -1.84087229
0 0 0 0 3 -0.801431179 7.56126165
0 0 0 0 3 -0.572060227 6.65322113
140 146 67 102 2 -0.00161874713 -2.86521244
100 103 61 68 3 -8.42795271e-05 -3.74361777
61 65 90 105 3 -0.0104298256 -1.55375099
0 0 0 0 2 -0.0283539202 5.28529692
82 93 48 59 0 -0.00193582766 -1.57952237
55 63 121 156 3 -0.0831622034 -1.80828857
97 100 75 82 4 -0.000123021819 -3.92015553
0 0 0 0 2 -0.00112618494 5.59474897
0 0 0 0 1 -0.00770440791 5.53324652
65 69 86 95 2 -0.00141651381 -2.57961321
205 209 180 185 2 -0.00749587081 -1.91565871
81 83 91 94 2 -0.00149625412 -2.13306904
90 93 120 155 3 -0.00456469972 -3.09743428
45 45 61 68 3 -0.0020587442 -4.20392179
119 123 139 174 2 -0.135210723 -1.95478106
0 0 0 0 3 -0.0926824212 6.52670479
0 0 0 0 4 -1.4695946 2.02515578
94 97 45 80 1 -0.129801616 -1.41312683
75 75 63 66 3 -2.98021369e-05 -3.51290751
30 35 40 48 4 -0.00243768003 -4.28632212
117 120 133 156 3 -0.0102407513 -3.79658079
74 81 94 109 2 -0.00137717486 -2.55718112
95 99 22 31 1 -0.000361657527 -3.53898668
0 0 0 0 3 -0.0988387391 6.97566652
116 119 128 136 4 -0.00037190647 -4.512537
99 101 59 94 0 -0.0844840258 -5.08359289
126 129 78 113 3 -0.000583243091 -2.76466799
0 0 0 0 0 -0.202672422 5.02341557
25 25 82 88 2 -2.3126493e-05 -4.64339447
0 0 0 0 1 -0.106940977 6.47077894
99 85 32 43 3 -0.431427062 -1.57476354
29 33 38 49 2 -0.0473247021 -3.65670657
38 41 172 207 2 -0.00587173784 -3.70622015
0 0 0 0 2 -0.0639843196 6.78923702
57 61 76 83 3 -0.00219877902 -2.51348495
210 215 112 147 1 -0.363557726 0.963318408
128 135 111 116 1 -0.00156234659 -4.53589296
49 50 78 83 4 -0.00193598587 -1.73896599
48 51 73 108 2 -0.00103647413 -4.28842306
44 0 60 71 2 -1.42329252 -0.14975208
177 181 199 234 2 -0.232339785 -1.54117656
0 0 0 0 3 -0.0362457298 4.31619978
73 78 48 52 0 -0.00465622824 -1.43435335
139 146 72 107 2 -4.79212285e-05 -4.89916611
91 95 56 63 2 -0.146894962 -1.33889294
69 71 85 96 1 -0.0814505294 -3.55960989
90 94 114 149 4 -0.00144534651 -2.47736549
124 128 73 81 1 -0.00198084977 -2.49032283
148 154 89 124 4 -0.001311603 -2.28506541
71 74 44 50 1 -0.000269280747 -2.43695569
48 49 61 68 2 -6.72324531e-05 -4.33235836
100 100 109 116 4 -0.0233221184 -3.40763664
45 47 66 68 1 -0.505530477 -0.715785623
57 65 112 116 0 -0.00601988984 -1.36025023
59 62 92 123 2 -2.52722566e-05 -3.71989346
69 72 46 57 2 -5.99610794e-05 -4.51655769
81 86 95 130 2 -0.00954201818 -0.850521088
52 56 68 75 2 -0.00818231329 -2.72853541
46 46 103 105 2 -0.00032529392 -3.58168149
125 132 69 78 0 -0.015911866 1.41506338
20 25 51 56 4 -0.178521812 -0.771086574
104 104 119 130 2 -0.000327667047 -2.50011921
83 89 66 72 2 -0.000281910761 -3.24485612
85 85 124 128 4 -0.00129436899 -2.0226562
0 0 0 0 3 -0.0109570064 3.62276149
121 123 60 64 2 -0.000848847965 -5.05708742
0 0 0 0 2 -0.441487551 7.15505886
0 0 0 0 3 -0.0408854745 3.4709847
0 0 0 0 3 -0.16476658 6.98558617
32 33 44 50 2 -0.000528838718 -3.12498093
46 50 63 98 3 -0.0131972414 -3.72046113
106 110 146 150 2 -0.337511092 -2.1220119
0 0 0 0 3 -0.819812298 7.38033152
67 71 96 101 0 -0.00116995908 -2.18129826
87 26 38 49 1 -0.633050382 -2.64240718
144 148 161 166 4 -0.00553451991 0.19681114
108 109 157 188 1 -0.196048826 0.207356513
44 52 56 58 2 -0.0953423977 -4.36289978
61 67 45 51 0 -0.000561379362 -3.71798134
116 116 158 165 2 -0.00702808332 -2.8611114
43 49 135 170 2 -0.00160989503 -3.88273525
130 136 38 53 2 -0.000549619261 -5.82184029
59 67 87 92 0 -0.407766998 -1.13135064
114 115 123 127 2 -0.00330517953 -6.14981747
7 11 17 52 4 -0.00566784153 -2.92054415
147 148 33 68 3 -0.0277997777 -0.906561255
101 101 51 86 2 -0.000252580678 -4.43432474
0 0 0 0 3 -0.268701434 5.75393915
80 83 110 118 2 -0.00528393453 -3.28221941
124 129 192 195 1 -0.00438952632 -2.36914754
78 79 118 125 3 -0.0137711689 -2.10635877
140 143 0 0 1 -1.39042783 1.46494722
38 42 80 115 2 -0.000192278152 -4.26839018
194 199 93 94 2 -0.0435049087 -4.84684134
33 38 46 81 2 -0.00801660586 -1.72721243
0 0 0 0 2 -0.221884027 5.06501961
66 71 41 46 4 -7.95113519e-05 -3.23567343
107 108 119 154 2 -0.00118279632 -2.90954781
144 150 63 101 3 -0.0237017144 0.0428393483
0 0 0 0 1 -0.00314726704 3.78060079
151 151 115 138 3 -0.0691386461 -0.106846511
0 0 0 0 2 -0.0012857418 4.50060415
68 72 50 53 2 -0.0328508876 -1.67347574
0 0 0 30 3 -1.48470056 3.58370519
105 111 142 144 3 -0.00119722402 -5.88106251
0 0 91 97 3 -0.0895581096 1.80960059
224 226 45 52 2 -0.293041199 -2.04841161
38 38 128 133 3 -4.21996992e-05 -3.54121399
99 106 74 78 0 -0.0013984429 -3.09426951
0 0 0 0 1 -0.0450083502 4.32467413
134 134 100 123 3 -0.001091421 -1.74572539
0 0 0 0 4 -0.00266470923 3.66392303
192 196 53 84 3 -0.50229001 -3.23171973
138 140 86 121 1 -0.00134871341 -5.43941927
0 0 0 0 1 -0.00313362642 7.91930246
124 127 160 175 3 -0.0216509886 -3.11801553
23 31 80 115 0 -0.00337858545 -3.28792453
146 146 52 59 4 -0.000346608402 -4.32321787
117 122 55 57 2 -0.0103223072 -3.62712336
63 68 88 123 1 -0.00102189812 -0.942349553
101 106 91 93 4 -0.00228811987 -2.15137482
47 51 63 72 4 -8.29674173e-05 -3.77060795
0 0 0 0 2 -0.00914643332 5.4587431
0 0 0 0 3 -0.0177639332 3.16181993
0 0 0 0 2 -0.350175947 7.1576786
31 33 53 88 1 -0.0045303693 -2.70580196
89 91 49 72 2 -0.125443548 -2.35435128
60 60 93 98 2 -0.000663126819 -3.4402585
98 100 107 108 2 -0.0668819696 -3.45060921
18 22 38 40 2 -0.0125901923 -2.94625854
103 105 50 85 2 -0.000526259886 -4.1399188
0 0 0 0 1 -0.368797362 1.89004564
44 48 58 61 1 -0.00142203481 -3.87906837
153 157 45 49 2 -0.000834942854 -2.6663444
98 98 115 126 2 -0.100773022 -1.47984552
103 103 52 87 3 -8.47562769e-05 -3.73536563
46 53 101 108 0 -0.0134940259 -1.93262267
214 214 188 192 2 -0.000856302679 -4.84817696
0 0 0 0 3 -0.303486139 7.36771536
112 118 56 64 1 -0.00046399358 -4.35000801
128 129 110 116 4 -0.00160854275 -4.96256351
85 86 60 67 2 -0.00261653657 -5.73721743
90 94 48 55 2 -0.00203608046 -0.759330034
0 0 0 0 2 -0.513533711 6.87815094
172 174 100 103 2 -0.00290893996 -5.08260202
175 176 144 151 2 -0.290225714 0.135404944
70 71 14 49 2 -0.00890166685 -4.08403826
79 83 103 134 1 -0.000395975832 -1.43106604
0 0 0 0 1 -0.730528474 7.31694365
30 34 40 75 4 -0.000120874123 -2.94667912
0 0 0 0 2 -0.756369174 7.26359558
99 100 57 59 2 -0.501393676 -4.64697075
0 0 0 0 0 -0.0155985411 4.06371021
0 0 0 0 2 -0.0291820038 4.19202185
223 227 167 202 1 -0.528851211 1.99633741
114 116 133 164 2 -0.00039191937 -4.95426655
120 120 71 80 2 -0.00172073406 -0.594226241
179 0 132 139 2 -0.769153953 2.0730741
73 75 58 64 2 -0.00167094695 -1.3567543
0 0 0 0 2 -0.488032013 7.01134634
91 98 78 86 0 -0.000207764242 -4.40216017
59 63 37 41 4 -0.195334613 -1.53044415
98 101 155 170 2 -0.000745378144 -4.47104263
24 27 40 75 2 -4.83985787e-05 -3.74808788
71 74 106 113 2 -0.0247356929 -2.55183506
0 0 0 0 2 -0.236408636 6.52857828
36 39 68 103 0 -0.000885292073 -4.24953461
121 124 53 59 3 -5.41197114e-05 -4.76973295
39 39 51 58 3 -7.80810369e-05 -2.24547911
184 188 136 137 2 -0.0319803469 -3.42027903
55 59 109 111 3 -0.000345062581 -2.76818681
34 34 92 96 2 -0.161347345 -5.02272177
108 114 46 52 1 -0.000692458765 -1.44145346
92 96 39 43 3 -0.00132705364 -3.61767578
33 33 66 71 2 -0.0572522804 0.402879834
129 130 64 72 2 -0.000917928352 -4.15696812
56 59 33 41 2 -0.343272507 -0.62517637
67 67 45 51 4 -0.00132561405 -1.82386565
0 102 113 0 3 -2.16708374 1.67923689
123 131 46 81 0 -0.0557680055 -2.31463552
55 60 102 137 2 -0.0105452929 -3.32762766
65 65 40 43 2 -0.00244840444 -5.36894751
0 0 0 0 2 -0.00300671859 3.46939135
101 103 51 86 1 -0.333988667 -6.24021864
157 159 117 124 1 -0.00333210384 -4.02392435
58 61 79 114 4 -0.00242069061 -3.09113693
172 174 59 94 2 -0.28026706 0.178076923
0 0 0 0 1 -0.398695081 6.37114573
0 0 0 0 2 -0.349190056 6.25211239
79 79 90 95 3 -0.000448073872 -0.589363396
62 64 43 46 1 -0.00282884552 -2.25955772
122 127 54 61 0 -0.00148629502 -2.3480134
163 166 144 151 2 -0.00278756162 -5.56295156
125 128 52 59 1 -0.000204313052 -4.35895157
51 57 123 129 0 -0.000659948913 -2.33634424
0 0 0 0 2 -0.678850114 5.32383585
73 81 89 97 0 -5.44776995e-05 -1.96650958
201 205 112 118 0 -0.0113156531 -4.27441072
0 0 0 0 2 -0.0293662138 6.29480791
35 35 68 70 2 -0.448071867 0.00861671567
106 106 113 116 3 -0.000786428864 -1.39274621
164 164 42 49 3 -0.00521959225 -1.91295171
45 47 62 64 1 -0.00664992677 -2.79302502
120 120 63 70 3 -0.00178647751 -4.30082035
56 63 82 88 0 -0.338790655 -2.77159882
0 0 0 0 3 -0.00254038093 4.5599618
0 0 0 0 2 -0.88182497 3.28258991
0 0 0 0 2 -0.00399357313 6.68357134
79 79 133 168 3 -0.0950667188 -5.57221651
78 88 33 40 1 -0.00638838531 -4.5615139
153 153 125 127 2 -9.46510991e-05 -3.12526298
100 104 67 71 2 -0.000336118595 -4.07054996
40 41 54 69 2 -0.000482385512 -2.61766553
97 97 171 178 2 -0.652017593 -2.03731036
40 44 87 102 3 -5.72196113e-05 -5.88237047
79 84 97 102 0 -0.00370500446 -4.5323782
100 108 117 128 0 -0.00427007396 -0.525678754
0 0 0 0 2 -0.00212341594 4.59506893
50 55 64 79 1 -0.00846893061 -3.19899726
72 77 54 59 0 -0.000679743127 -2.75961399
102 106 120 127 2 -0.0161843542 0.0392572582
100 102 114 149 2 -0.000426613144 -3.64296269
23 31 47 55 0 -0.0122201703 -4.2334857
114 116 65 100 2 -0.000118969067 -4.01353216
135 136 211 226 3 -0.0462708622 -2.6909225
102 109 56 91 2 -0.00782126561 -2.20341802
107 107 29 52 3 -0.000219686146 -5.16764736
161 162 52 56 2 -0.121759199 0.0509919524
102 102 17 21 3 -0.0224796552 -2.29456353
94 97 34 39 2 -4.17230403e-05 -2.86656022
207 213 107 142 3 -0.0139542399 -2.01268172
78 82 115 126 3 -0.0234120134 -3.02102709
151 157 167 173 1 -0.0392002016 -0.843670964
73 73 114 149 2 -0.005674202 -4.78826571
36 39 54 89 4 -0.000324460649 -3.3315506
42 47 107 122 2 -0.0005752531 -4.07688856
0 0 0 0 3 -0.0073282565 7.59909487
119 125 136 143 3 -0.000652123999 -3.56677651
31 37 81 116 3 -0.238254592 -3.21794009
0 0 0 0 2 -0.0455676839 2.59275985
83 87 106 129 3 -9.4173527e-05 -2.87637043
130 131 52 87 3 -0.00844425056 -3.49759746
114 114 92 99 2 -1.06096095e-05 -4.77317238
162 163 60 83 1 -0.0235472322 0.135458469
45 48 95 100 2 -0.00146749266 -5.12677526
85 87 95 126 1 -0.00137698371 -2.00650382
0 0 0 0 4 -0.0134909172 7.60407495
83 94 123 125 0 -0.00544132153 -3.27299547
86 95 112 118 1 -0.0157574527 -1.51803327
45 49 83 118 3 -0.000786779798 -2.73716354
119 119 136 145 2 -0.0204653256 -2.62865376
197 207 86 121 0 -0.249904528 -0.436738551
51 59 69 104 2 -0.000570373668 -1.47720003
0 0 0 0 3 -0.177135244 5.72268629
66 66 128 139 3 -0.000526024087 -1.70198345
74 74 87 94 4 -0.00808533095 -3.05624938
112 114 71 86 1 -0.846184313 -2.7348485
0 0 0 0 2 -0.1092344 3.65943456
0 0 0 0 2 -0.00418097293 1.88787556
91 92 108 143 2 -0.0147073241 -4.81132793
88 93 53 60 0 -0.00536726043 -2.16074991
126 129 94 102 2 -0.151160643 -1.6677177
0 0 0 0 2 -0.00182118104 4.57968712
85 88 51 55 3 -0.000111693575 -4.73221922
0 68 44 46 3 -0.86109072 0.647740543
54 60 154 162 2 -0.582307518 -5.07084227
119 120 136 148 3 -0.746019721 -4.42218161
163 163 92 127 3 -0.0428462252 -0.201440006
45 48 53 61 4 -0.0196711067 -1.42482078
34 0 45 49 4 -0.932265937 0.397807598
0 0 0 0 1 -0.359891891 3.42808986
121 0 105 112 1 -1.59762585 1.75458574
57 66 107 142 0 -9.6557822e-05 -4.01022863
116 120 31 34 2 -0.00400656741 -3.83497024
175 176 56 87 2 -0.0243143141 -3.0205121
25 28 41 45 1 -0.000311232958 -3.67622948
46 53 86 93 0 -0.0018069701 -3.69851756
97 103 42 48 0 -0.00228747376 -3.77325845
52 53 68 79 2 -0.000509199221 -4.08808613
0 0 0 0 2 -0.00513403304 6.73816013
88 90 35 58 2 -1.2940197 -4.46958065
15 19 117 132 1 -0.00500046276 -5.33779907
90 94 104 115 2 -0.0345495753 -0.147898704
72 76 46 54 3 -0.000401580299 -1.6632297
166 171 38 49 1 -0.0926939845 -0.39212653
94 94 27 62 3 -0.00248484965 -1.28899705
124 125 104 111 2 -0.00110915664 -3.22222447
35 35 138 173 3 -0.634652734 1.1019454
100 103 118 127 4 -0.000103469923 -3.16072679
43 51 64 99 1 -0.00601259014 -2.72525692
72 77 48 59 2 -0.766204715 -2.23843479
57 62 80 115 2 -3.25438959e-05 -5.8715868
141 147 71 78 1 -0.0037698939 -0.1877314
89 93 31 38 1 -0.0301301815 -1.93791866
138 138 88 93 2 -0.00355901499 -2.7538662
94 98 114 118 3 -0.0232524201 0.341515839
163 165 85 108 2 -0.0107077323 -0.242931068
56 61 38 42 1 -0.0152483843 1.11019731
40 43 63 98 2 -0.000720261247 -3.78504801
122 122 63 98 3 -0.00535769854 -2.53433776
130 134 51 86 2 -0.0223947093 -2.47107244
76 76 108 143 4 -0.0898439139 -0.653437912
40 42 82 105 3 -0.000206938566 -3.0121913
70 74 101 136 3 -0.0119937044 -4.1032505
0 0 0 0 2 -0.00563545898 2.93225956
156 161 55 61 2 -0.0327946879 -2.36852241
84 87 49 72 2 -0.00139730645 -4.0162859
0 140 99 101 4 -0.915647626 0.0367700756
34 39 53 88 3 -0.000183934855 -2.05168104
33 40 79 114 0 -0.000131842855 -5.55740261
39 43 119 154 3 -0.000172607353 -6.0504427
176 184 47 82 3 -0.101112582 0.147793531
56 59 85 116 2 -0.000390495581 -4.94520187
19 23 28 63 4 -0.0355829634 -4.02084827
47 51 126 128 2 -0.014804041 -3.06990099
159 164 102 137 4 -0.0050793048 -3.86346364
61 62 77 112 3 -0.00164104707 -3.09928799
40 40 50 61 4 -0.0439518429 -2.74051642
0 0 0 0 3 -0.81007272 6.46459055
101 102 135 143 2 -0.00108281733 -4.78767586
87 90 100 105 2 -0.00128135632 -3.79487801
181 183 75 98 2 -0.0231908746 -2.53916073
97 100 47 82 2 -0.00491181575 -1.39388418
71 73 25 60 2 -0.0116861928 -0.87894237
101 109 35 70 1 -0.00308539253 -2.74090266
89 94 102 117 1 -0.00143363164 -1.86052036
92 92 65 72 3 -0.00235278672 -0.77771157
110 113 129 137 0 -0.00160207658 -2.00366664
60 64 91 99 3 -0.162899584 -2.2842381
40 43 110 118 2 -0.000388236571 -2.20662594
42 53 101 103 0 -0.00236916333 -3.44756627
48 49 59 94 3 -0.000826364791 -2.65662742
85 85 40 75 4 -0.0136562055 -5.18550014
53 61 106 129 3 -0.00181566668 -3.8023603
39 43 66 97 4 -0.344725072 -1.50530243
64 69 41 46 4 -0.0113364523 -2.75929546
93 93 123 129 3 -0.00564482994 -0.950593948
82 82 96 131 4 -0.00412899395 -3.82125902
113 116 80 84 4 -0.00282882061 -1.49653673
159 160 82 89 1 -0.000664661929 -3.13818502
0 0 0 0 2 -0.000249853241 6.29170418
0 0 0 0 2 -0.673533142 6.1792593
110 117 45 53 2 -0.000356651144 -5.9441185
55 57 38 44 1 -0.000320534396 -5.04730701
86 90 106 110 3 -0.00628381316 -2.38469315
58 59 114 117 2 -0.0194828287 -0.403453767
48 53 65 100 0 -6.07961629e-05 -2.28529096
95 96 108 131 3 -0.0526124202 -2.56866741
0 0 0 0 3 -0.374364138 7.03488874
105 107 53 56 3 -0.00118435931 -2.75139117
136 141 161 165 4 -0.00021182849 -2.7644577
0 0 0 0 2 -0.0188128855 6.37262869
24 32 36 47 2 -0.016095357 -0.565936089
0 0 0 0 2 -0.00278316229 4.14977551
107 107 36 71 3 -0.00159918552 -2.94619584
81 86 121 156 4 -0.000458187598 -2.74613452
66 67 55 59 3 -0.00476079667 -4.05597782
64 71 99 134 1 -0.00315927039 -5.01584053
191 191 141 176 3 -0.000303727982 -3.2061646
0 0 0 0 1 -0.753830552 7.28176546
116 120 46 81 3 -0.00011824978 -4.34287643
39 44 82 84 0 -0.000186317804 -3.71269941
64 66 83 89 2 -0.000446762628 -2.24392843
82 86 107 142 3 -0.0921063051 1.54557204
0 0 0 0 3 -0.0505784303 3.99582982
0 0 0 0 2 -0.293073535 2.9717164
109 115 8 23 1 -0.000672872644 -2.02168989
51 54 168 191 2 -0.0236029606 -5.83539677
0 0 0 0 2 -0.175195575 4.37910175
140 144 85 120 4 -0.00375215849 -4.8677578
75 80 125 132 1 -0.00513114082 -2.04863763
83 89 38 43 2 -0.000263079302 -3.93547964
133 137 46 81 3 -0.00141247665 -4.81373596
41 48 61 69 0 -0.00169653888 -3.45250654
196 200 90 95 3 -0.00809549633 -4.71552992
92 95 104 115 2 -0.00696394965 -1.65464473
101 105 114 120 3 -0.71781069 -1.82854748
174 178 37 72 4 -0.00348315015 -4.10314608
46 46 118 122 3 -0.00115935213 -2.23114395
67 68 130 165 3 -0.116164058 -0.3782489
103 106 36 42 2 -0.0162939839 -1.92025399
55 67 138 145 0 -4.3511096e-05 -3.38588524
38 38 95 126 2 -0.000954140734 -2.88404465
81 82 57 65 3 -0.0030593304 -3.29985476
0 0 0 0 3 -0.171822622 3.33968806
47 47 57 92 3 -0.000353192212 -2.8973794
0 0 0 0 2 -0.563621402 7.68005037
24 24 84 107 2 -0.000905009685 -1.70780063
82 86 99 107 1 -0.000229218189 -2.5720396
90 90 67 78 3 -0.979873896 -0.736224532
111 117 30 33 1 -0.000418985845 -4.44505644
129 131 79 90 2 -0.113999963 -3.89874792
85 85 123 154 3 -0.00215646764 -5.4015069
0 0 0 0 1 -0.13144353 2.58898711
208 209 48 54 3 -0.0846714675 -3.32963634
0 0 0 0 1 -0.65423429 7.27144861
133 137 86 121 3 -0.000455192756 -3.51281428
89 92 111 118 2 -0.00607497059 -2.51250648
35 40 97 99 0 -0.0492293276 -2.0657196
167 173 192 198 1 -0.023075521 -1.8006413
0 0 0 0 1 -0.0249620602 2.98604703
67 72 105 109 3 -0.0327762179 0.842404068
151 156 33 68 3 -0.00433813501 -2.84681034
0 0 0 0 3 -0.03327116 3.21990323
107 109 50 57 2 -0.0026936892 -2.58909178
0 0 0 0 1 -1.01316476 7.55401945
46 50 77 88 1 -0.210458666 -1.52906442
53 56 103 108 2 -0.0428781509 -3.31198478
111 112 146 152 2 -0.0438268036 0.637901962
92 102 45 80 0 -0.0171899609 -0.360716343
137 138 35 38 2 -0.00342356251 -1.32392788
58 60 99 134 2 -0.0584340952 -0.685718894
113 118 28 59 4 -0.00201917486 -1.70696473
81 87 62 67 0 -0.00711807748 -1.55496979
58 65 78 84 2 -0.00172260939 -0.264261782
35 39 49 84 3 -0.000475102628 -2.34326291
132 132 70 105 3 -0.0401868448 -5.04399681
66 66 101 136 3 -0.0222970862 -4.82614088
71 71 57 59 2 -3.64778061e-05 -4.01264811
0 0 0 0 0 -0.0329752713 5.34809828
81 86 135 142 1 -0.0417572111 0.0932794809
76 77 45 47 2 -0.00156901043 -2.88729095
22 26 33 68 2 -0.00775342155 -3.34519577
80 80 88 93 2 -0.00012099294 -4.98327255
0 0 0 0 1 -0.0722724944 3.08350754
114 115 48 83 2 -0.0034902785 -2.7073462
200 202 45 80 4 -0.00208025542 -4.63422871
0 0 0 0 2 -0.00570740225 3.83948159
45 49 60 66 1 -0.0642936155 -0.563470185
0 0 0 0 3 -0.0339863636 6.25348186
93 93 108 115 3 -0.000148054387 -2.64951587
151 155 36 59 3 -0.00203332049 -1.68330789
144 149 57 66 1 -0.00329698413 -2.42263722
56 64 133 140 1 -1.25169308e-05 -2.96702552
44 47 78 83 1 -0.000185959711 -4.58868074
60 68 96 131 3 -0.000403708953 -3.15314841
0 0 0 0 2 -0.0374824889 3.18374181
184 189 60 95 3 -0.0226821713 -0.766266763
38 42 47 62 3 -0.107195571 -1.74177217
141 141 39 62 3 -0.00372947706 -5.4555378
119 122 101 104 3 -0.018509265 -3.35669184
153 158 81 92 2 -0.00215067738 -4.53241014
152 155 90 125 3 -0.000908337533 -3.7096808
0 0 0 0 2 -0.000503127521 4.9088583
185 189 77 84 3 -0.0485282131 -1.65541816
71 75 85 120 3 -0.0142171523 -5.50626945
154 156 176 184 1 -0.00482005067 -2.83796692
0 0 0 0 2 -0.00638178131 4.7246294
43 47 88 94 3 -0.0256703515 -3.26392627
0 0 0 0 2 -0.0279219653 3.54424191
48 48 116 124 3 -0.412122846 0.285728931
70 76 32 40 0 -0.00589545164 -4.69536161
53 60 71 94 2 -0.000732458953 -1.29560256
40 45 49 61 0 -0.00928879809 -4.97935915
86 91 26 29 3 -0.0418510064 -0.711117029
111 117 176 179 1 -0.0214480367 -2.58609867
0 0 0 0 3 -0.146514714 5.49255085
41 46 60 91 3 -0.000856199593 -2.93027496
123 129 39 50 1 -6.4133601e-05 -2.61027718
73 74 108 143 2 -0.258586228 -2.13418341
59 63 74 80 1 -0.000493368891 -3.64971662
51 59 32 40 0 -6.55643817e-05 -5.20799351
60 61 74 81 2 -0.00469619874 -1.43842435
73 77 0 0 3 -0.784255981 0.81634897
114 118 70 75 3 -1.07288179e-05 -4.7525363
37 39 49 60 2 -0.0349773578 -0.324862421
87 91 104 106 3 -0.0195528343 -0.0879887938
105 112 133 144 2 -0.0669536367 -3.63071799
152 158 59 94 1 -0.000513394945 -1.6055069
82 87 58 67 0 -0.00207948918 -3.40134597
94 100 185 189 0 -0.00161738333 -4.30065203
42 46 117 128 1 -0.131335691 -0.454156369
84 84 54 61 3 -0.000139353171 -4.44359922
0 0 0 0 2 -0.115687698 7.23355579
54 57 44 48 1 -8.27299009e-05 -3.74646997
0 0 0 0 0 -0.711210072 3.98619628
0 0 0 0 2 -0.00737746246 4.75192881
75 76 91 97 1 -0.000182860153 -3.03582788
59 61 189 120 0 -0.0491490886 -4.60938549
188 189 207 149 2 -0.84262526 -0.564577818
0 0 0 0 3 -0.56229645 7.30982351
58 64 106 141 1 -0.000192517691 -2.95538068
69 75 120 125 0 -0.00127455161 -4.19052505
0 0 0 0 2 -0.0134400949 4.73416567
41 49 60 71 2 -0.25082612 0.0513105094
100 104 49 51 1 -0.00165783637 -0.964766443
42 0 57 55 1 -0.847781956 4.54632664
54 56 131 142 1 -0.00298129092 -3.68279862
0 0 0 0 3 -0.0112637533 4.5173502
44 51 65 74 0 -1.52404499 0.277514338
0 0 0 0 2 -0.999816656 7.112113
131 135 43 78 3 -0.00310295355 -4.78309822
124 124 141 176 2 -0.000590455718 -2.97005582
63 71 105 110 1 -0.00194840995 -3.27786112
132 138 79 114 2 -0.00229262211 -1.83192968
145 148 51 86 4 -0.00120259786 -1.70817614
0 0 0 0 2 -0.00245208899 6.22751713
109 111 139 143 1 -0.00191496802 -5.34998322
117 121 105 107 1 -0.0211005919 0.134290695
107 112 69 72 1 -0.424827427 -1.77086949
22 27 48 50 2 -0.26158911 -5.22233677
17 23 28 35 1 -0.136900842 -1.10254884
0 0 0 0 2 -0.000250688288 3.39516187
50 51 62 68 2 -0.0108795902 -4.11379671
114 114 49 55 2 -0.0150448736 -1.03978729
123 127 77 81 2 -0.000302419619 -3.55667782
67 70 118 129 0 -0.00348940911 -1.91786623
46 52 60 68 1 -0.00127202657 -3.16420436
75 80 51 55 2 -0.851837695 1.16397929
58 61 199 203 2 -0.000776857254 -1.44782901
79 84 95 130 4 -0.0336505808 -5.40287209
97 100 117 121 2 -0.000194185792 -4.34998083
53 54 111 146 2 -0.00334435818 -2.99786782
83 85 66 68 1 -0.0118832421 1.10652304
107 109 92 97 3 -0.000149244486 -3.4106009
0 0 0 0 1 -0.209169716 7.37588072
72 75 91 126 1 -0.590696216 -3.4407928
0 0 0 0 2 -0.00419739494 4.87046194
180 185 128 135 3 -0.0418459512 -2.6808598
133 140 150 152 0 -0.0026759794 -5.37670755
112 117 135 141 3 -9.59613753e-05 -6.18452454
90 129 66 69 4 -0.872205198 -1.59893394
63 63 124 132 2 -0.000443133176 -2.37459731
121 123 41 49 2 -0.0051729097 -2.02839589
124 128 71 106 3 -6.25838584e-05 -5.69171143
81 87 106 111 0 -0.0040689935 -1.71903515
35 35 50 54 2 -0.0154276798 -0.646029055
35 43 51 86 2 -0.00119826628 -3.76427627
101 106 122 128 4 -0.00414787419 -0.384981573
78 82 25 60 2 -0.000470111729 -3.22165751
0 0 0 0 2 -0.0151740974 5.36781406
0 0 0 0 3 -0.101584509 1.92543411
45 45 116 123 2 -0.304715723 -3.77542853
75 78 105 0 1 -0.547629237 0.944158852
121 123 137 168 2 -0.00345201534 -2.58123589
100 104 42 57 4 -2.26496632e-05 -4.05301619
53 57 74 109 4 -5.61467168e-05 -4.99137068
35 41 137 142 2 -0.00261636055 -4.26804686
0 0 0 0 1 -0.0411744304 3.72383046
58 61 42 46 3 -8.08221812e-05 -2.87482238
63 67 101 112 3 -0.00252101989 -4.57202291
46 50 85 120 4 -0.00127006567 -3.02278185
0 0 0 0 1 -0.20340614 3.99318814
40 44 80 82 0 -0.00850689877 -0.790364444
51 53 34 41 2 -0.000194063061 -5.3056345
32 35 18 22 2 -0.000172253058 -3.22092175
74 76 90 97 1 -0.395218253 -1.48916268
67 70 78 83 1 -6.11535943e-05 -3.00642776
86 86 50 58 3 -7.71275809e-05 -2.77750802
58 60 106 141 2 -0.000527682249 -1.53319502
74 81 149 156 2 -0.000639528444 -3.50077748
117 121 79 81 0 -0.00132914237 -3.4346962
72 77 140 149 1 -1.82389795e-05 -3.85190034
111 111 122 126 1 -0.000455231348 -0.76693666
0 0 0 0 2 -6.17496407e-05 6.15656185
28 29 74 76 1 -0.0136811147 -4.23104811
140 140 61 96 3 -0.273107737 0.265645385
106 109 120 127 2 -0.000249603385 -4.24042511
0 0 0 0 1 -0.0142374877 5.47318602
44 49 110 145 3 -0.0471405238 0.853904307
120 120 61 84 3 -0.000635076547 -2.66316319
79 83 51 60 3 -0.000143762416 -2.64640641
173 176 79 110 3 -0.00175957149 -2.56415033
0 0 0 0 1 -0.185438707 7.24791574
92 94 104 139 2 -0.000766675745 -3.7532649
38 40 46 81 1 -0.197760567 -3.99355507
0 0 0 0 2 -1.33920586 3.59296775
142 148 100 107 2 -7.9034442e-05 -4.4878006
0 0 0 0 0 -0.00664173625 2.78192878
91 92 140 148 4 -0.148837894 -3.28073239
84 89 106 121 1 -0.000192278123 -4.29822159
77 79 56 61 2 -0.0360837802 0.299520016
39 43 0 60 3 -0.802144706 1.71470141
105 108 145 151 2 -0.000906125875 -5.57344341
121 126 73 108 1 -0.00151678198 -2.17852736
100 104 134 139 4 -4.66101701e-05 -3.31345916
63 68 41 45 2 -0.00368524878 -4.81443167
111 113 136 140 2 -0.00144752837 -1.79841375
88 88 101 103 2 -0.0415575802 -1.05906653
0 0 0 0 0 -0.00912902318 4.32884312
40 43 55 90 1 -0.00257609528 -2.79317427
0 0 0 0 4 -0.0598461032 2.49855828
0 0 0 0 2 -0.000750826206 4.95201349
140 143 38 61 2 -0.00323870499 -1.00888133
147 152 73 82 4 -0.034651719 -2.64355803
116 121 137 172 0 -0.000440877193 -3.66390967
99 110 157 161 0 -0.0158304349 -5.32898951
159 163 85 92 3 -0.000493588159 -4.22831488
42 50 170 201 0 -0.00761198904 -1.42013311
108 112 97 102 1 -0.000503561867 -2.20960069
191 197 66 72 2 -0.00854828209 -3.76315999
0 0 0 0 1 -0.0616598688 3.2012012
110 112 39 74 1 -0.000170462386 -4.87826538
154 158 117 132 4 -0.000923786196 -4.72843552
58 65 176 120 0 -0.773500443 -2.86653018
0 0 0 0 3 -0.00566300843 0.550996602
64 66 82 93 3 -4.9590577e-05 -4.71099472
103 109 127 162 1 -0.00216133101 -3.21549654
60 60 97 112 3 -0.000747720769 -2.91494274
42 43 69 84 3 -0.00561093586 -5.5619421
58 64 173 175 1 -0.00618595071 -1.61942148
104 107 127 135 3 -0.39084664 0.307545483
48 55 128 134 3 -0.00282956706 -2.20253253
82 84 116 119 2 -0.000799182861 -4.10373688
61 63 42 50 1 -0.003653544 -2.82339644
130 134 146 181 3 -6.32994561e-05 -4.3668642
0 0 0 0 2 -0.0601097345 4.24608994
113 116 34 69 2 -0.000395859824 -4.81244946
58 59 116 127 2 -3.34976139e-05 -5.27194023
95 97 105 111 1 -0.000225055832 -5.22260094
0 0 0 0 2 -0.272394031 7.45249701
117 119 45 80 2 -0.0248436537 -3.01320863
87 93 64 66 1 -0.0829962939 -2.58679676
55 57 71 75 2 -0.00142019265 -3.73300219
0 0 0 0 2 -0.00352326664 4.95358372
45 45 92 127 2 -0.00302124606 -4.14631557
132 135 100 108 2 -0.000230900201 -2.04799199
0 0 0 0 2 -0.000290382974 5.68791056
75 78 37 41 2 -0.000115271832 -4.58633757
109 113 64 99 2 -0.0717767999 -2.3619175
43 47 61 68 2 -0.000170459185 -3.20824003
67 71 84 119 4 -0.616412759 -5.41572428
45 50 91 98 0 -0.020566918 -2.39364862
105 108 70 77 2 -0.00327749341 -3.79234791
110 110 83 90 3 -0.0128140301 -1.90637279
53 59 116 123 1 -0.0587690398 -0.999895751
0 0 98 106 2 -0.967101634 0.767041743
117 119 40 46 1 -3.77890756e-05 -4.90670729
77 81 59 61 4 -0.000633500982 -3.66154647
123 123 54 85 2 -0.590382457 0.00803217292
0 0 0 0 2 -0.0620920956 5.16745806
84 90 51 66 1 -0.00219287025 -0.992204547
0 0 0 0 2 -0.00377860293 3.03623509
60 62 69 77 3 -0.00183158449 -4.3785696
113 117 96 102 2 -0.000337574311 -2.60769629
64 67 86 121 0 -2.24112719e-05 -3.79587245
64 67 83 118 2 -0.0032671995 -2.02442384
103 104 120 122 2 -0.52051425 -2.51984811
105 109 88 93 2 -0.00058970449 -4.09877872
125 125 143 152 3 -0.000172729138 -2.0053587
185 185 48 83 3 -0.00390339131 -2.855196
0 79 50 52 3 -0.904418707 1.44403267
128 135 58 93 2 -0.000302751811 -4.63587284
138 138 168 203 3 -0.00300196465 -3.54256511
105 106 120 126 3 -0.00766393542 -2.0572474
0 0 0 0 2 -0.661948621 4.57822132
41 44 56 91 2 -0.0469447039 -2.88813233
37 41 45 51 3 -0.248168409 -1.12741113
60 64 28 39 2 -0.00946598034 -2.86463189
47 54 68 70 2 -0.00468946155 -2.02100134
72 76 94 99 1 -0.00215197168 -3.68804526
115 117 65 100 4 -0.00891738944 -4.54825878
0 0 0 0 2 -0.00389734958 4.72954512
63 67 80 87 4 -0.00100798183 -3.11484861
114 114 68 103 2 -0.201300383 -3.83748841
85 85 65 70 3 -0.0341878794 -1.14707088
12 20 64 56 0 -0.353797466 -2.88998389
53 53 58 64 1 -0.399012774 -2.93559384
49 52 71 75 2 -0.00549729355 -3.11238241
35 37 54 85 1 -0.000938739162 -2.46106887
137 143 96 119 0 -0.0130534479 -0.579026818
0 0 0 0 0 -0.120270908 6.78652716
24 30 59 67 0 -0.00968969986 -1.41584718
108 113 56 91 1 -0.00173886842 -3.21807742
114 118 132 138 3 -0.000390858535 -1.78951788
52 53 132 135 3 -0.000728994084 -4.02871609
51 55 61 96 2 -0.645274818 -1.57193923
120 124 70 105 1 -9.39348829e-05 -5.1347599
46 47 99 134 3 -0.000144476755 -3.90186524
113 116 130 138 1 -0.000991329085 -4.82662916
46 46 56 62 3 -0.000271421857 -3.71069217
0 0 0 0 1 -0.001847637 3.99082351
96 103 66 81 0 -0.010706746 -4.42983675
90 94 117 124 2 -0.00308061345 -5.70063877
85 86 103 111 1 -0.00102360954 -1.73163867
57 59 89 104 3 -0.00073267176 -2.69840741
56 57 71 76 4 -0.00860633142 -1.91653347
124 125 169 204 2 -0.11520084 -4.93211508
45 46 109 115 3 -0.185178593 -0.779777527
0 0 0 0 1 -0.00896370783 5.93081903
162 162 69 92 2 -0.114591733 0.846110284
46 50 79 102 0 -0.00720248558 -3.20060968
143 144 96 131 3 -0.229350433 -0.794930995
165 167 145 152 2 -0.0649272427 -2.4690845
48 53 62 65 0 -0.0206531957 -0.88271594
0 0 0 0 2 -0.277302265 7.84298182
126 126 63 109 2 -0.0402198769 1.18791056
105 111 67 72 1 -0.0223050583 0.192206621
0 0 0 0 3 -0.0397366881 2.71755672
48 51 117 152 4 -0.162949458 -2.65604544
30 38 51 54 0 -0.000574766018 -3.35293293
0 0 0 0 3 -0.172565296 6.29659939
92 92 54 55 2 -0.28263092 -2.39844656
120 125 147 158 1 -0.0737273246 -0.870895624
34 34 42 65 3 -0.0193578713 -0.868248701
38 38 52 60 3 -0.000342348707 -2.38345528
0 0 0 0 4 -0.810982108 7.43495703
127 133 74 109 0 -0.0784396604 -3.80633044
0 0 0 0 2 -0.487537026 6.20682812
0 0 0 0 1 -0.991892695 7.82204676
36 42 67 76 1 -0.000266778428 -1.80414867
108 114 123 154 2 -0.00712501258 -3.43336034
55 59 130 134 4 -0.00231859507 -2.94051361
46 52 111 120 4 -0.0109711578 -3.38801122
102 108 88 96 2 -9.00000377e-05 -4.1093874
61 64 73 78 3 -0.00147861778 -2.50709248
31 38 130 141 1 -0.00010728612 -5.57644129
0 0 0 0 3 -0.836980224 7.40819359
107 114 23 58 1 -0.000708613428 -1.16231585
0 0 0 0 1 -0.00292272586 4.4906292
69 74 164 199 2 -0.000525779149 -2.72491384
34 34 48 50 2 -0.00416260445 -1.71626759
87 94 62 70 2 -0.00028345859 -3.9422996
127 128 136 143 2 -0.00134478661 -4.50454283
98 99 123 130 2 -0.307408035 -0.973589003
83 88 94 100 3 -0.048243098 0.193228185
77 83 62 64 1 -8.15372478e-05 -3.0289526
82 85 112 113 0 -0.0265656039 -0.224789649
42 48 121 132 0 -0.00164941791 -3.07247853
96 100 72 79 3 -0.00135976286 -5.51345778
88 94 121 156 2 -3.43320207e-05 -3.7646842
80 87 150 155 2 -0.0136337439 -3.43542147
0 0 0 0 0 -0.00811150111 2.667593
121 127 144 152 2 -0.00103619264 -5.767766
0 0 0 0 0 -0.198977932 2.82343435
54 59 21 44 0 -0.0012285189 -2.49839425
131 131 56 59 3 -0.00102154026 -2.59755087
102 103 151 186 2 -0.00636898214 -0.868692517
113 117 62 71 3 -0.016117828 -4.35193157
79 81 20 27 2 -0.00673424127 -1.8358798
0 0 0 0 2 -0.201423779 4.78431511
115 115 86 101 3 -0.000379422389 -5.31954861
97 101 85 91 4 -8.03455914e-05 -2.63345432
153 156 67 75 2 -0.0480807722 -2.98924899
0 0 0 0 3 -0.0780584291 6.925529
60 62 73 108 2 -0.00222798437 -2.93871045
63 65 40 45 2 -0.00111722178 -5.23401165
54 60 100 106 2 -0.0177350976 -1.89461207
49 49 69 104 3 -0.0211078338 -0.404294014
0 0 0 0 2 -0.0311746895 6.80964088
0 0 0 0 1 -0.689423025 7.56367636
55 59 139 174 1 -0.15721786 -1.06703532
121 121 34 69 3 -0.00733787101 0.0966730714
58 65 101 108 2 -0.0859153271 -1.1070962
76 78 115 150 2 -0.0011718109 -4.1869092
208 211 174 189 2 -0.399244338 0.172716439
0 0 0 0 2 -0.324852645 5.53120995
0 0 0 0 2 -0.0941949785 5.14405727
117 121 134 139 3 -0.118649051 -2.350106
189 197 119 121 0 -0.353887856 -1.31437838
52 56 74 79 4 -0.0803944618 -0.51507318
17 29 33 41 0 -0.0140178455 -1.75646567
53 59 70 77 3 -0.00125816057 -1.44524837
22 29 37 42 1 -0.00254214625 -1.66951489
59 62 154 162 4 -0.308966547 -4.97356606
0 0 0 0 1 -0.82004571 2.59846497
133 135 95 106 2 -0.435230076 -4.38304663
72 73 88 123 2 -4.82794057e-05 -3.96841359
0 0 0 0 2 -0.026329942 4.57937574
0 0 0 0 2 -0.181724101 4.56765509
0 0 0 0 3 -0.0457365178 6.03186989
68 72 51 53 4 -0.10715463 -4.44374228
0 0 0 0 1 -0.0914389938 2.80550289
168 171 146 150 3 -0.000848275842 -2.15783119
41 45 48 79 3 -0.393861741 -2.41042089
103 105 41 48 2 -0.0278647896 -1.63823795
80 82 108 115 2 -0.00052502047 -5.02132702
80 80 91 98 3 -0.0148402937 -4.03766155
151 155 56 91 0 -0.000480002782 -3.2186079
0 0 0 0 4 -0.00125224225 6.56860113
0 0 0 0 3 -0.0456144512 3.72616124
47 53 66 74 0 -0.283557326 -0.334426999
0 0 0 0 2 -0.00140745717 4.12055445
0 0 0 0 2 -0.568779111 6.3836894
61 69 88 93 0 -0.00972225703 0.462224185
84 86 33 37 2 -0.0201485064 -0.33443433
146 152 167 176 3 -0.0014551268 -3.68386769
0 0 0 0 3 -0.441961527 5.55856562
0 0 0 0 0 -0.00284934882 4.94723511
0 0 0 0 2 -0.00458168052 3.56791282
118 120 135 139 2 -0.0098081138 0.21190685
26 30 36 47 3 -0.103052668 -1.04744005
0 0 0 0 1 -0.0701895654 5.85508728
136 140 43 74 2 -0.00148910575 -2.68335319
27 28 38 40 2 -0.100678563 -2.37435651
0 0 0 0 2 -0.116182223 6.22383976
73 73 152 187 3 -0.00843634084 -1.51018763
117 118 24 59 2 -0.00506322784 -4.47372198
84 87 95 118 2 -0.0022348261 -0.818398058
0 0 0 0 2 -0.0759340078 5.22321606
122 127 79 86 1 -0.000484665041 -5.41842365
0 0 0 0 3 -0.00164400612 6.38821411
171 171 212 219 2 -0.231048018 -3.47227263
66 70 80 87 3 -5.34052924e-05 -3.66786861
37 41 162 169 2 -0.000155564048 -3.31960678
114 120 131 166 3 -0.000218140747 -3.27958632
103 103 110 114 3 -0.00329851359 -1.79507184
127 133 54 57 2 -0.00449066563 -3.17803836
89 89 70 77 3 -0.0477370806 -0.1586487
79 81 97 104 2 -0.0595180243 -0.288776636
82 82 88 123 3 -0.00089666358 -2.25385642
71 79 46 50 1 -0.00209246273 -2.04103112
0 0 0 0 3 -0.826074779 0.984873593
78 83 57 64 1 -0.0394226238 0.755402863
90 93 106 117 2 -0.000496218621 -2.31408381
151 151 115 122 2 -2.71794415e-05 -5.04741812
103 103 137 140 2 -0.00030575291 -3.80795336
119 121 67 73 2 -0.00264820014 -5.66686821
31 35 50 85 1 -0.310404003 -4.41991711
0 0 0 0 3 -0.333598286 2.14736915
90 93 109 120 4 -0.000441243959 -5.36218691
157 160 69 100 1 -0.100989595 0.450151682
113 121 58 65 3 -0.685355425 -2.77086282
0 0 0 0 0 -0.0035060849 7.02601719
61 64 40 49 2 -6.29419374e-05 -4.54238415
64 71 126 135 2 -0.000199902512 -4.43778324
117 121 95 110 2 -0.00033947418 -5.3179493
13 9 20 24 2 -0.909734309 0.433163404
0 0 0 0 3 -0.20983617 6.98259258
62 62 150 185 3 -0.00128423609 -3.50672579
118 122 137 152 0 -0.0016421976 -2.31016278
62 68 35 50 2 -0.00272151432 -4.4205327
106 110 191 206 3 -0.000613108801 -2.55597377
0 0 0 0 2 -0.837519884 7.15390301
71 77 155 164 3 -0.000286560564 -2.38482332
146 150 182 191 1 -0.00027166662 -1.85036397
0 0 0 0 2 -0.00294509274 4.70466328
24 25 51 86 2 -0.000479401147 -4.71444893
135 140 88 111 1 -0.00484023057 -4.52978086
148 154 70 76 0 -0.00363277388 -4.62917089
50 50 111 146 4 -0.00175506284 -4.78845739
22 28 35 70 0 -0.00438467227 -4.39050817
110 112 50 73 2 -0.0160444882 -3.37705278
0 0 0 0 0 -0.381364405 7.21165991
48 51 128 143 2 -0.000562285422 -3.73665118
62 69 142 0 2 -0.206244871 -1.32807565
0 0 0 0 4 -0.553963184 7.75872278
200 200 223 226 3 -0.221921593 -3.62814045
61 65 107 142 3 -3.31399715e-05 -5.36623669
83 88 34 73 3 -0.00515688071 -1.27089512
0 0 0 0 2 -0.226927742 6.26974154
0 0 0 0 3 -0.0237525925 5.23023701
105 111 131 166 0 -0.000625192304 -3.81392074
171 173 112 227 2 -0.835941136 -0.167712957
103 103 112 135 2 -0.0999811292 -0.923317492
0 0 0 0 3 -0.0947831795 5.87876272
83 88 97 132 2 -0.000133748719 -4.91173029
104 106 123 158 2 -0.275588393 0.265178204
100 104 114 117 1 -0.000157710252 -2.34783292
40 45 54 89 2 -0.0152247623 -3.90084839
53 54 69 70 3 -0.018476868 -1.52602291
116 120 80 91 3 -0.000284757756 -4.83251286
0 0 0 0 2 -0.152890757 4.08858681
131 134 103 107 1 -0.0238279328 2.65846109
77 77 88 95 3 -0.000719415955 -0.92780149
65 68 87 91 0 -0.00491359457 -0.793155134
0 0 0 0 3 -0.582362354 2.34842587
38 43 47 50 2 -0.0108728325 1.07258272
88 92 125 133 1 -0.0274892282 -1.27755785
107 111 60 95 3 -0.000538903871 -3.07580924
0 0 0 0 2 -0.000968484383 5.62469339
56 60 73 108 3 -0.000289886084 -5.40849829
0 0 0 0 1 -0.00377358287 3.78066993
165 168 58 61 2 -0.0102768168 -1.61924863
75 83 96 111 1 -0.000333175471 -2.26719618
58 61 80 115 2 -0.00608910806 -2.83339167
47 49 117 152 2 -0.000663170591 -1.21513724
144 150 94 129 1 -0.000190012681 -4.04766512
50 50 55 59 4 -0.169582427 -3.14739537
0 0 0 0 1 -0.137419701 7.84616518
81 84 59 64 1 -0.000605796697 -3.97528744
53 56 167 202 2 -0.00240866281 -2.86915541
79 81 30 65 2 -0.00288431533 -1.24460149
114 118 130 135 1 -0.0062088035 -2.14474082
57 62 79 81 1 -0.000249009172 -3.2558322
0 0 0 0 1 -0.0957145318 7.22251654
148 148 130 135 3 -0.000295027392 -2.13908553
124 127 60 65 0 -0.0262328349 -3.12609053
65 68 20 55 4 -0.0483326837 -1.61372542
0 0 0 0 1 -0.937327743 7.42821932
81 82 34 69 2 -0.000846502779 -3.36369514
118 120 103 107 2 -0.0163590703 -1.15517306
63 68 148 151 2 -0.0304614585 -0.816732168
35 39 129 136 1 -0.000625993242 -3.92709422
0 0 0 0 2 -0.701604724 6.95187759
136 143 96 104 0 -7.15245405e-05 -3.63492155
137 137 51 58 2 -0.00033862784 -3.07592225
98 101 111 113 3 -0.0158754531 -1.51804018
58 58 91 96 2 -0.326094806 -1.70589113
199 203 33 68 3 -0.00290908804 -1.3785553
76 81 58 60 0 -9.34588825e-05 -3.43695307
71 73 107 111 2 -0.000681926787 -1.80702639
69 73 87 118 3 -0.0324980319 -1.41627908
0 0 0 0 4 -0.113485776 7.33969116
80 84 94 129 4 -0.00161914073 -5.14599419
167 170 153 156 0 -0.00218934962 -0.740249932
0 0 0 0 2 -0.0183675047 3.66392732
132 136 53 55 3 -0.42204386 -3.77210283
56 62 129 131 0 -0.000276674313 -0.904703796
140 140 71 76 3 -0.075471513 0.508979619
178 178 160 116 2 -0.654685736 -4.26541042
92 92 124 159 2 -0.0385028422 0.27976799
55 58 121 136 2 -0.00027547864 -2.68303299
43 45 55 90 4 -0.00580218155 -4.07908726
41 43 58 65 2 -0.042669531 -1.83605528
146 152 91 99 2 -0.0719090924 -0.699681401
41 45 58 60 2 -0.0203281865 -2.19541407
0 0 0 0 2 -0.00596137578 3.0104382
91 95 28 63 3 -0.00913996249 -1.45905352
109 116 135 141 1 -0.00541425776 -0.943754017
98 100 108 139 2 -0.000472023268 -1.59604406
87 89 76 78 2 -0.000485828961 -4.31965303
0 0 0 0 2 -0.0126979444 5.2980237
75 75 183 185 4 -0.00898385979 -4.2964673
128 128 101 103 3 -0.00682773022 -1.67686462
0 0 0 0 2 -0.0552153289 5.04518652
0 0 0 0 0 -0.150118396 7.50067377
0 0 0 0 2 -0.0693678185 6.79432249
0 0 0 0 3 -0.0933607668 3.47690701
113 113 126 149 3 -0.00402159337 -3.82041192
0 0 0 0 0 -0.622464836 6.42784357
0 0 0 0 1 -0.00284453481 3.66395497
0 0 0 0 2 -0.0272327662 3.16802931
109 109 31 66 4 -0.00127824605 -3.68320155
57 59 135 143 2 -0.000118610886 -4.54851532
16 11 24 63 4 -0.608771026 -4.00039721
89 93 152 158 3 -0.00346720102 -3.34652543
145 148 48 55 3 -0.00606246572 -3.2755065
61 63 48 51 2 -0.000420898752 -3.3136332
126 129 56 62 3 -0.000618976715 -1.86833
0 0 0 0 3 -0.0165380798 4.45563173
35 41 60 95 0 -0.000417896139 -2.0542841
30 31 48 53 2 -0.0050281696 -4.27423668
96 102 33 68 2 -0.00271182763 -3.26967645
0 0 0 0 1 -0.0217383988 3.79273295
53 55 114 118 2 -0.0013606163 -4.05357504
0 0 0 0 3 -0.011483822 6.32620144
132 133 45 68 1 -0.00711596897 0.512879908
156 161 61 84 0 -0.0012299557 -0.847351193
168 170 28 63 2 -0.357609838 1.62242389
85 89 101 104 3 -0.00242268131 -2.486305
119 123 58 61 3 -0.113327503 -4.14379501
197 202 48 83 4 -0.011466735 -1.22276211
108 110 19 54 1 -0.00255855685 -2.97374678
109 112 126 128 3 -0.00191733474 -1.17832816
54 56 115 126 3 -0.00400927989 -2.92986488
114 118 129 140 2 -0.000101443569 -4.60272789
80 81 88 99 3 -0.000976399169 -1.735888
42 44 63 71 1 -0.00191228255 -1.97893476
0 0 0 0 3 -0.0065582837 4.26339531
144 144 167 170 3 -0.00440592086 -2.81845188
112 113 94 98 3 -0.000408627733 -2.14051485
0 76 0 0 3 -1.10449481 1.76087952
142 146 41 64 2 -0.00290428102 -4.53864193
52 58 117 124 2 -4.86367717e-05 -3.34585595
41 45 81 87 1 -0.0214075018 -3.63605523
0 0 0 0 1 -1.06470346 7.30897045
136 136 65 100 3 -5.07827717e-05 -4.05432892
0 0 0 0 4 -0.334528148 0.78026098
84 87 105 136 3 -0.102860659 -0.310157239
99 100 111 122 3 -0.000908185204 -4.67026711
139 145 99 122 1 -0.441919208 -0.492547005
54 60 154 189 2 -0.000293234771 -1.62197185
71 73 49 54 2 -0.00587639958 -4.20229387
141 145 44 55 3 -0.00320753036 -3.82512569
39 42 82 117 3 -0.000176066387 -4.57978535
108 112 59 74 1 -0.180159599 -1.41479897
61 65 83 118 1 -0.000123498059 -4.33276701
62 66 34 41 2 -0.00471626455 -3.96672678
236 126 177 212 3 -1.04331827 -2.99097085
77 82 98 106 0 -0.000150439431 -3.50964427
111 111 126 128 3 -0.000435550028 -2.54197884
113 114 123 130 4 -0.173374355 -0.402959973
91 94 63 69 2 -0.00204941304 -6.68130064
108 108 122 145 3 -0.000200264971 -3.89679813
112 115 132 133 2 -0.00173334696 -3.23479414
0 0 0 0 2 -0.00147850905 4.78523684
151 151 96 131 3 -0.119777054 -0.0340160429
91 91 33 68 3 -0.000422540295 -3.88444805
108 112 138 173 2 -0.000405647472 -3.62639904
158 162 68 107 1 -0.0527767539 0.0893069506
70 76 106 141 1 -0.000177494017 -4.12383366
144 147 8 43 0 -0.107482217 -2.36641502
167 170 75 110 2 -0.197324127 1.12845016
0 0 0 0 2 -0.051561825 5.1394701
107 112 63 98 3 -0.008253837 -2.20617461
132 134 87 122 2 -0.6978544 -1.85091805
86 88 48 71 1 -0.00508456398 -2.46578431
79 79 89 112 3 -0.0155640962 -2.62725282
51 53 70 93 2 -0.0019095724 -1.54186797
0 0 0 0 2 -0.00217522914 6.24227571
123 123 78 85 3 -0.0259262044 -3.98155522
81 87 67 71 1 -0.134490848 -3.84160829
0 0 46 51 3 -0.0521899685 1.64762807
66 72 88 111 1 -0.000125759427 -3.8320508
0 0 0 0 3 -0.000379884033 6.18139887
19 25 29 64 2 -0.0405087173 -1.13431954
99 102 114 137 3 -0.00103661884 -3.65902662
55 55 90 125 2 -0.000357478217 -2.05779123
154 154 173 175 3 -0.066077359 -3.09737015
53 57 89 120 1 -0.675067544 0.995465219
133 142 84 92 0 -0.000107167521 -4.1568861
99 105 53 56 0 -0.0235247463 -0.440185457
66 69 43 49 0 -0.0560299866 -4.08740711
80 80 34 69 2 -5.79351727e-05 -5.28216505
17 17 38 45 3 -0.22347115 -1.26125824
142 146 92 127 3 -0.0247459095 -1.42553139
98 100 112 116 2 -0.00021540148 -2.85301304
44 49 65 67 1 -0.00277404906 -2.91365266
92 93 49 56 1 -0.000404806342 -4.9749651
46 49 108 143 0 -1.76429276e-05 -4.7696681
0 0 38 0 2 -1.68133056 0.655128062
50 50 0 118 3 -0.861482382 1.00828528
57 62 71 76 1 -0.000179644572 -4.99079895
87 93 28 63 1 -0.00060454366 -4.61371613
164 171 39 70 2 -0.00179183786 -2.39386082
67 71 82 89 1 -0.0345448628 -4.9349041
51 52 109 112 2 -0.000277383195 -3.53374529
114 116 202 207 1 -0.0432078056 0.795152128
135 139 115 120 2 -0.0070916512 -3.09317207
12 12 17 20 4 -0.0327626429 0.149838865
12 15 19 30 0 -0.129379004 -1.20226562
70 75 42 53 4 -0.000151271815 -4.20790529
57 61 39 45 3 -0.00131125376 -2.04391623
62 62 75 110 3 -0.000138039351 -5.49009466
110 110 62 77 4 -1.70468593e-05 -5.40852404
94 95 82 89 2 -0.00871107448 -1.0589695
44 47 69 84 4 -0.000361164974 -3.398875
61 62 85 88 3 -0.0027321903 -3.96368647
71 71 83 88 2 -0.000145551559 -3.46408272
53 57 151 166 2 -0.000151390603 -3.67261577
83 91 65 69 1 -0.0112163424 -0.134477437
100 101 119 127 4 -0.000579035492 -3.84381843
50 54 74 97 3 -0.00206691981 -4.12358189
54 59 69 100 3 -0.0091355294 -0.447677881
43 43 52 56 2 -0.00171753834 -4.01266479
43 47 51 62 1 -0.00046249741 -2.53242731
86 89 45 47 1 -0.159849837 -2.83524823
38 38 42 47 2 -0.0309013762 1.08096623
47 47 71 106 2 -0.000416363298 -2.47825623
106 114 59 94 0 -0.00132307608 -5.53132439
102 106 114 118 2 -0.0023867148 -2.40356231
72 76 84 119 3 -0.000696917763 -4.2667551
103 107 89 92 0 -0.00368175423 -2.72216797
104 105 64 67 3 -0.000454140216 -2.02116537
36 36 54 57 3 -0.000762722455 -3.55085039
64 64 81 116 3 -0.0877073482 -4.28236151
47 51 63 67 2 -0.0045206733 -2.66347885
106 107 120 155 2 -0.000229100289 -4.07484531
52 56 87 102 2 -0.000124925675 -4.96868753
34 35 87 122 3 -0.0256517008 -4.84418726
115 121 70 76 0 -0.000166526414 -4.85458469
49 49 94 101 3 -0.00119891111 -2.30073166
63 64 45 48 3 -0.0474352203 -5.39301825
111 112 147 170 3 -0.00215973798 -4.69841909
37 38 63 78 3 -0.00141029363 -4.02458572
4 5 8 43 3 -0.116295375 -1.61267567
87 87 48 59 3 -8.98823928e-05 -5.69040918
134 134 49 55 2 -0.000279167696 -4.50496435
60 61 48 55 3 -0.00202203984 -1.46573234
25 25 29 36 2 -0.324154019 1.12143636
47 47 102 117 3 -0.000189657294 -3.14152813
51 53 117 124 2 -1.63316145e-05 -4.24970198
91 94 41 43 2 -0.000280726759 -4.35261774
35 36 84 119 2 -0.000798964291 -4.32106304
88 88 45 68 2 -0.00040087814 -1.51660728
41 43 51 58 2 -4.92329746e-05 -4.71129656
88 92 127 162 1 -2.84909001e-05 -4.91879034
54 54 74 109 3 -0.0032347762 -6.05674648
198 199 115 150 3 -0.00850161072 -1.0814774
124 126 75 106 1 -0.000832690916 -1.07165027
123 123 174 177 2 -0.000938727055 -3.24822402
99 100 115 150 3 -0.00334719964 -1.09608269
57 58 128 139 3 -0.000872661942 -2.83493066
61 67 76 99 1 -0.00205480983 -3.62460113
87 89 45 80 2 -0.0165521596 -4.34542513
89 91 44 67 2 -0.000437465584 -2.14020824
17 18 39 44 2 -0.00819857791 -2.45536828
15 20 68 83 1 -0.000997087453 -4.09877777
25 28 55 61 2 -0.000176183312 -5.38850689
116 117 43 48 2 -0.0024697145 -1.85101056
51 52 63 86 2 -0.0179002024 -3.7916317
0 0 0 0 3 -0.000689346809 4.83565235
0 0 0 0 3 -0.00023710019 5.14182138
0 0 0 0 3 -0.10306073 1.98258424
0 0 0 0 3 -0.000635935867 5.38911963
0 0 0 0 3 -0.123530284 6.25721836
0 0 0 0 3 -0.00132817228 3.88130546
0 0 0 0 2 -0.00405715033 6.60970402
0 0 0 0 4 -0.11966449 6.75130606
0 0 0 0 3 -0.0368827544 5.59578609
0 0 0 0 1 -0.048743844 6.5628891
0 0 0 0 1 -0.108467214 4.97055197
0 0 0 0 1 -0.308721781 2.36782241
0 0 0 0 2 -0.0415249392 5.04579878
0 0 0 0 0 -0.537405849 7.73498011
0 0 0 0 3 -0.145020857 6.2802515
0 0 0 0 3 -0.0016698977 3.99476647
0 0 0 0 2 -0.000341621286 6.47624159
0 0 0 0 2 -0.238928467 2.76710057
0 0 0 0 2 -0.0117977792 5.27476263
62 67 144 147 1 -3.25438923e-05 -2.66922784
87 96 68 75 0 -0.00679496489 -2.65829849
67 20 24 59 2 -0.409548044 -3.6533196
50 55 100 135 1 -0.00138110563 -1.6063695
46 51 71 106 3 -0.000571158016 -2.64596105
50 57 65 71 1 -9.44122949e-05 -3.1680882
99 105 121 156 1 -0.000244130802 -4.63959742
119 120 102 109 2 -0.00315420842 -3.28592968
71 71 157 165 3 -0.000658298726 -1.14325452
115 121 132 133 0 -0.00019477788 -2.93644452
0 0 0 0 2 -0.000673195871 4.21223354
61 62 115 150 2 -0.000146980325 -5.0736618
35 40 50 55 0 -0.000241983231 -3.20910573
129 132 144 167 0 -0.00236100191 -4.61665821
50 55 69 76 3 -0.00204059994 -3.49137712
78 78 51 62 3 -0.0642138943 -1.04582429
113 118 29 36 1 -0.00116924651 -4.25101519
121 122 135 146 3 -0.000249732489 -3.26508188
61 67 103 108 0 -0.000176421207 -2.88380837
75 81 113 116 1 -0.000721448509 -4.02167082
145 148 66 73 3 -0.00101994828 -2.44770336
0 0 0 0 3 -0.0245666336 3.88158488
52 54 76 111 1 -0.0333397798 -2.32582831
50 56 67 102 1 -0.00197274564 -0.125294149
130 134 53 88 4 -0.000238042107 -2.88188362
80 84 48 55 4 -0.00582905486 -2.39741993
40 40 52 67 4 -0.0376425572 -1.35557699
58 62 93 99 4 -0.000257957232 -4.42996931
0 0 0 0 1 -0.0310758986 6.05460358
116 121 229 194 1 -0.699315369 -0.155438185
71 74 26 61 1 -0.000770881714 -2.49192643
86 89 155 190 0 -0.00158787437 -2.69073844
0 0 0 0 1 -0.455705762 7.53445673
0 0 0 0 3 -0.106201075 7.12731266
85 89 167 174 2 -0.00807413924 -3.6077497
82 84 92 96 1 -0.105504967 -1.48470926
54 57 115 150 1 -0.00110587315 -2.76181841
57 65 95 97 0 -0.0521207675 -2.40217781
53 61 89 92 0 -0.000980894547 -1.92292643
46 47 51 54 2 -1.05577946 3.17533469
42 42 110 114 2 -0.0537872687 -0.888677537
201 202 124 132 2 -0.0131233875 -1.06091213
80 88 107 110 0 -0.000631949282 -2.545367
97 100 30 65 3 -3.45704939e-05 -4.13879728
0 0 0 0 3 -0.166752458 2.43576789
173 174 152 159 2 -0.00292756991 -4.66693878
68 69 40 47 1 -9.51279071e-05 -3.39481688
0 0 84 86 1 -1.52148664 1.12132072
10 14 24 29 2 -0.00094768923 -1.54424572
9 9 114 117 2 -0.000136252245 -3.55107474
72 79 47 56 1 -0.0165408496 0.0540235043
116 121 51 58 1 -0.00152418378 -4.16731691
43 45 32 38 2 -0.00121718249 -2.64826632
76 79 53 61 2 -0.00126872619 -1.83025837
0 0 0 0 3 -0.00576783204 4.65312004
116 121 105 109 3 -0.00146128621 -3.59516048
148 151 25 60 3 -0.000765298028 -5.53774452
105 112 63 98 1 -0.00235848175 -5.41404152
0 0 0 189 2 -1.83736801 1.13916612
38 42 87 94 2 -0.130922467 -3.14519954
51 55 65 73 0 -0.000218973379 -2.17506742
42 43 56 61 3 -0.0138245206 -3.22600245
81 85 125 160 3 -0.000244964438 -3.08038092
113 117 63 98 3 -0.000322309439 -2.61817098
35 38 46 54 2 -0.000106808453 -2.46241164
124 127 73 108 2 -0.941630781 2.94109559
0 0 0 0 4 -0.165900975 2.76653481
42 45 97 104 3 -0.0332813598 -0.996133983
0 75 48 50 3 -0.713119447 -0.903328657
84 88 101 112 4 -0.000624477514 -3.25483227
158 161 81 104 1 -0.243850201 -2.5329206
109 110 125 160 4 -0.0046060509 -5.27742386
0 0 0 0 2 -0.423559934 2.30624056
54 54 86 89 4 -0.0585065335 -0.899950624
43 44 131 134 4 -0.00344553171 -3.63446856
108 111 58 93 3 -0.0247145277 -2.50775981
196 197 173 181 2 -0.0284967422 -1.73277164
28 29 124 132 2 -0.0270279311 -2.61601377
97 97 40 63 3 -0.0101881046 -5.21079111
120 122 163 170 3 -0.0370276757 -2.28341532
100 105 137 144 0 -0.005135288 -1.04868245
79 79 100 103 3 -0.000518034736 -2.26276231
114 118 57 92 3 -1.585479e-05 -5.35903597
97 102 77 80 1 -0.0140453419 -2.36137772
27 30 44 51 1 -0.00108934182 -1.79665804
102 110 79 84 0 -0.0612207204 -5.95384502
111 116 215 220 1 -0.07186158 -1.75324655
117 120 92 99 2 -0.000580255815 -2.15130615
49 50 0 120 4 -0.901863277 -1.78578305
38 41 48 83 1 -0.00277093751 -2.64072871
0 0 0 0 2 -0.780307055 7.77326632
0 0 0 0 2 -0.894401193 6.77839088
144 150 85 120 2 -0.00200781482 -2.63591671
40 44 78 83 3 -0.00134573737 -4.42591286
94 98 40 47 3 -0.0135507602 -0.664304137
0 0 0 0 2 -0.000918562931 2.45535922
115 125 44 55 0 -0.985296667 0.0670574307
167 175 93 128 3 -0.499739945 -0.264975667
45 49 116 120 4 -6.61600279e-05 -4.68205452
0 0 0 0 2 -0.00913511496 4.15076208
0 0 0 0 1 -0.0136171859 5.23322582
124 126 57 65 2 -0.000772278523 -2.65920448
179 180 196 204 2 -0.00581833674 -2.8342886
66 68 54 60 2 -0.0514373556 -1.78601217
136 142 35 70 3 -0.0828973874 -3.76128721
63 63 44 48 3 -0.0006383289 -4.86031151
32 34 50 85 2 -0.049848102 -1.58900642
0 0 0 0 3 -0.597716987 4.92517614
37 40 66 73 3 -1.04822147 0.728306353
105 108 56 91 1 -0.0257257763 -0.452128857
116 120 66 70 3 -0.000719834235 -4.04965353
24 27 32 37 4 -0.00737378327 -0.37840268
109 112 125 136 3 -0.00179159432 -3.68513584
37 43 115 146 2 -0.0043919147 -3.22446704
91 93 108 116 1 -0.00283635291 -4.45005417
0 0 0 0 3 -0.140674517 6.26293087
109 113 122 131 4 -0.000437653245 -4.20389462
110 110 70 105 0 -0.547839284 -3.92688012
130 135 64 99 3 -0.000242700917 -3.96936464
0 0 0 0 0 -0.0361295678 6.40652227
43 45 57 65 2 -0.000190488208 -5.4836936
0 0 0 0 1 -0.00991667714 5.63410044
49 51 93 124 3 -0.000537812244 -4.27218056
30 33 38 48 2 -0.520946324 -4.19430399
218 201 65 100 2 -0.39254877 -2.0134325
0 0 0 0 2 -0.0284174196 6.29824638
71 75 90 97 3 -0.025573533 -1.65418816
167 173 27 62 1 -0.442293912 1.70900702
135 140 114 123 1 -0.000346753455 -4.34728193
82 85 100 103 4 -0.000957931217 -1.98042727
59 61 83 118 2 -0.00695811491 -3.86090255
69 76 45 56 2 -0.0226393957 -2.24893904
110 111 53 88 2 -0.00680252537 -2.20980978
83 91 64 67 0 -0.0274898894 -2.00507903
82 90 97 102 0 -0.00937126111 -1.04794335
98 105 49 84 2 -9.32189141e-05 -4.71567249
52 59 69 72 2 -0.00336739793 -2.60103893
67 73 87 98 1 -0.000356415636 -3.62568164
147 151 90 125 4 -0.0013479921 -2.64341283
71 74 90 92 1 -0.0797086284 -2.72854471
163 169 62 97 4 -0.000106928332 -3.43288851
83 85 29 37 1 -0.00215543318 -2.98705721
50 50 62 66 2 -2.09807095e-05 -4.09923601
103 103 112 116 4 -0.00156225346 -3.64974761
49 51 127 135 2 -0.0312627777 -0.293990642
115 119 138 141 0 -0.000304089452 -1.81213188
95 97 50 61 2 -0.000428235304 -4.8695178
130 130 111 118 2 -0.000942286802 -2.16436481
81 86 95 130 2 -0.00746238884 -0.996286869
67 70 118 126 2 -0.152304634 -0.665574372
124 126 55 62 2 -0.00208866829 -4.35532379
119 126 70 77 0 -0.0237809476 1.79840851
20 23 49 51 4 -0.202050969 -0.83673656
105 112 127 134 2 -0.0148191731 0.260266423
47 51 100 105 2 -0.000429683161 -5.09159565
89 89 45 52 4 -0.00514605874 -0.910692155
0 0 0 0 3 -0.000272968202 5.08255959
107 108 67 72 2 -0.0668538287 -3.4265306
0 0 0 0 2 -0.19083643 6.43575287
0 0 0 0 3 -0.722971201 3.39730096
0 0 0 0 3 -0.670652151 7.05345774
34 35 46 52 2 -0.00016879625 -3.31193018
43 46 119 154 3 -0.00915527623 -1.52722454
187 193 44 48 2 -0.267990023 -2.13140345
0 0 0 0 3 -0.921741843 7.54359055
46 54 114 117 0 -0.00151550421 -3.49032283
31 38 66 81 0 -0.00304652448 -2.97399497
143 147 160 166 4 -0.00240752706 -0.662405372
83 87 106 117 1 -0.0551735908 -0.505443454
43 51 55 58 2 -0.0643522441 -3.11508298
102 110 61 67 0 -0.00122348114 -3.97079206
58 58 207 212 2 -0.0012589636 -4.47981453
190 198 21 56 2 -0.00918042753 -3.34080553
108 112 124 131 2 -0.00035116481 -4.42967987
59 63 83 91 0 -0.0332868323 -1.94314146
45 48 124 133 2 -6.75906776e-05 -6.39265394
7 9 16 51 4 -0.131030217 -2.90383458
61 61 70 105 3 -0.00225351565 -1.98728776
115 119 65 100 2 -0.000701334793 -2.35200024
0 0 0 0 2 -0.0173130371 4.17258215
58 64 192 196 2 -0.000978126074 -4.19018555
103 107 136 142 1 -0.00168869097 -2.9704423
119 119 93 102 3 -0.00102931925 -3.18176818
0 0 0 0 3 -0.00252951961 3.95161939
129 131 47 82 2 -0.000326374662 -3.25337744
165 169 194 196 2 -0.00249762926 -5.58352041
36 38 46 81 2 -0.00336713856 -2.22249913
0 0 0 0 2 -0.0622254908 3.47205329
113 117 44 51 4 -0.00167695596 -2.23438859
108 112 123 158 2 -0.028401088 -0.527520359
90 97 114 158 3 -0.000504694821 -0.794143558
0 0 0 0 1 -0.00074258144 4.85784483
79 79 59 66 3 -0.0082264347 -1.74807262
0 0 0 0 2 -0.00282211648 3.23735547
0 0 49 53 2 -0.747873068 -0.485432446
15 20 33 41 3 -0.518641949 1.57301068
105 111 54 61 3 -0.000510611222 -5.61882591
0 0 0 0 3 -0.781274736 2.56441522
165 166 227 227 2 -0.524143755 -2.64953136
56 57 35 36 3 -0.00315685663 -3.06127191
78 85 51 57 0 -0.000609537645 -2.51810861
0 0 0 0 4 -0.0786735713 4.69810295
100 100 124 131 3 -0.118270695 -1.16805673
58 61 78 82 3 -0.0664337203 -1.59122562
143 147 81 96 3 -0.0233389549 -3.08697224
42 45 130 165 1 -0.000418508804 -5.15080976
0 0 0 0 1 -0.00219865213 7.94096804
110 111 127 158 3 -0.0018023483 -1.63944602
117 122 38 73 0 -0.00606364803 -4.40136623
67 67 50 52 4 -0.00159989949 -3.24074101
123 130 93 96 2 -0.000502533454 -3.09049463
63 65 109 144 1 -0.00361695769 -0.194629952
103 108 46 50 4 -0.016446529 -1.49507332
107 111 45 51 4 -0.000439600146 -3.56350374
0 0 0 0 2 -0.0139423423 5.26956224
0 0 0 0 3 -0.00329272286 4.14980221
0 0 0 0 1 -0.72810787 7.41862297
30 35 55 90 1 -0.010353242 -1.74661303
94 95 54 77 2 -0.00812226441 -2.72489619
36 36 93 98 2 -0.00504598999 -2.40450764
48 51 58 62 2 -0.0027595039 -1.78925776
16 18 34 36 2 -0.00221587741 -3.11090517
116 119 63 98 2 -0.00101296417 -3.84555125
0 0 0 0 1 -0.0693097264 2.52639937
117 120 45 49 1 -0.0026522323 -2.91523767
53 54 148 152 2 -0.00715687638 -3.7429204
81 85 50 57 2 -0.00464348076 -1.40481162
106 106 121 156 3 -0.000317052414 -4.11966228
90 98 105 109 0 -0.00104007474 -1.64586639
100 104 51 60 2 -0.00112505094 -5.15525818
0 0 0 0 3 -0.427468002 7.20130205
95 99 156 165 1 -0.00162995525 -2.11272025
95 95 124 132 4 -0.00721301325 -4.01618481
47 47 127 132 2 -0.00420117285 -2.86006379
47 50 65 68 2 -0.00188396557 -0.705585837
0 0 0 0 2 -0.090694949 6.63990545
142 142 94 95 2 -0.00659643672 -4.8018465
140 140 113 116 2 -0.0263926778 -2.30085588
70 70 29 64 2 -0.0214052126 -0.328938723
25 25 98 109 1 -0.0095950393 -1.36880517
0 0 0 0 1 -0.551925957 7.34100866
47 50 56 91 4 -0.00330330897 -2.62671304
0 0 0 0 1 -0.932477176 7.1459527
112 112 64 68 2 -0.718912482 -3.49271107
0 0 0 0 0 -0.00404274371 4.1131196
0 0 0 0 2 -0.000655456155 5.09002972
223 229 52 87 1 -0.362427145 -0.610581934
84 90 107 138 2 -0.000382148835 -3.72156239
55 58 82 91 3 -0.337453753 0.193678975
152 157 32 35 2 -0.667105436 2.43795109
84 87 117 124 2 -0.00642821658 -1.93813801
0 0 0 0 2 -0.662428141 6.63657236
75 80 66 70 0 -0.00017618711 -3.27396154
62 0 42 44 4 -0.684321761 -0.860505223
98 101 126 149 2 -0.00668011652 -4.59898424
28 30 43 78 2 -1.02519834e-05 -5.25277185
121 124 156 161 2 -0.00199970952 -1.82007217
0 0 0 0 0 -0.20385541 7.51923132
49 56 85 120 0 -0.000425772392 -3.40874195
106 110 123 129 3 -0.000265224196 -4.40795326
0 0 0 0 3 -0.00850860123 3.4662962
161 164 140 143 2 -0.0131435236 -3.07005811
130 134 57 63 3 -0.000757454138 -1.96813011
34 36 168 172 2 -0.0014601266 -5.07159233
103 105 46 51 1 -0.00228399551 -2.03112102
36 40 112 116 3 -0.00012409137 -3.43555331
65 69 53 55 2 -0.123343267 -0.226233914
51 51 102 109 2 -0.00532085728 -2.94984436
25 29 92 100 2 -0.148649842 -0.466350079
47 47 84 91 4 -3.80275887e-05 -3.25391555
0 0 0 0 3 -0.182920635 2.37185073
55 58 85 120 3 -0.403449118 -3.054564
149 150 91 126 1 -0.504891217 -3.07650304
153 157 48 55 2 -0.00539354514 -1.96924448
0 0 0 0 2 -0.000834601233 4.23627663
120 120 38 73 2 -0.5685395 -5.65858984
34 37 113 120 1 -0.00618458306 -4.6991148
190 193 107 142 4 -0.000194420412 -3.4744997
213 216 0 0 2 -0.89122957 1.76279211
0 0 0 0 3 -0.553577065 6.80227518
43 43 90 98 2 -0.00519174617 -2.46903849
42 42 101 108 3 -0.000292387413 -0.845954835
81 87 106 108 1 -0.00338590238 -1.91063166
46 52 58 66 0 -0.000203722506 -2.37787223
105 105 147 155 2 -8.6782471e-05 -5.14048576
161 166 52 63 1 -0.00183185353 -2.92157197
123 131 140 148 0 -0.0115941744 -2.10510898
0 0 0 0 3 -0.650241911 4.81568909
78 82 90 95 0 -0.000188583101 -1.41573763
63 69 126 128 0 -0.0125795333 -3.86681604
0 0 0 0 2 -0.0117104277 7.03449583
45 48 92 97 2 -0.792259574 0.0253929794
96 96 103 111 3 -0.0602651611 0.74979645
145 145 159 165 3 -0.00247545284 -2.47701454
45 50 65 70 1 -0.00149629137 -2.43802261
92 92 64 68 3 -0.0105188629 -2.8773942
51 56 75 84 0 -0.00393060967 -3.34301877
0 0 0 0 3 -0.000187859099 6.32434368
0 0 0 0 2 -0.016170498 5.58451986
0 0 0 0 2 -0.00971059594 6.00182009
129 129 56 91 1 -0.620266795 -5.50591087
47 54 151 157 1 -0.0105501032 -4.32920504
149 152 63 70 2 -0.000721093558 -2.57630181
126 131 44 52 2 -0.0144446231 -3.43046927
97 99 81 88 2 -0.0397038497 -0.970784843
159 163 122 137 2 -0.0424226001 -2.87656808
0 0 0 0 3 -0.101172909 6.4521699
80 84 97 101 0 -0.00619711215 -3.55101013
106 112 121 132 0 -0.000545328076 -0.86541599
0 0 0 0 2 -0.00227906206 4.94476366
52 54 63 74 1 -0.00543646282 -3.53529692
59 63 43 46 0 -0.00219253451 -1.73558283
92 93 107 109 2 -0.00713203289 -3.25670099
63 63 130 165 2 -0.00303651695 -2.41551042
37 40 56 61 0 -0.0093326848 -5.20684958
154 156 105 140 2 -9.79877805e-05 -4.17534351
88 89 124 139 3 -0.979437113 -1.79548526
56 60 122 157 2 -0.0348924287 -1.40753484
110 110 60 91 3 -0.000326848094 -3.85113168
70 73 117 124 2 -0.0312927738 0.707206428
18 18 80 88 3 -0.0037341956 -2.552351
110 112 91 98 2 -0.000796673005 -2.73356009
128 135 55 90 3 -0.000544091628 -4.53649426
125 129 86 109 3 -0.00123892457 -3.26917458
55 63 118 123 1 -0.0115096513 -3.30615735
120 121 140 175 2 -0.0340898372 -3.25599861
137 141 89 124 4 -5.66238668e-05 -3.71295857
103 108 85 96 2 -0.00235876767 -3.32618093
0 0 0 0 3 -0.00583005324 7.30572891
0 0 0 196 3 -0.657953143 1.88642144
33 39 51 86 1 -0.0714655742 -3.35670042
0 0 44 47 2 -0.58993274 0.994123638
65 69 108 123 3 -0.000332218333 -2.53720927
60 60 96 131 3 -0.0378413945 -2.90304518
141 141 68 74 2 -0.000107643515 -3.83366632
70 76 53 60 1 -0.0152293872 -0.966610074
131 134 207 212 2 -0.00483662169 -2.94056702
139 143 38 69 1 -0.00188391353 -1.23860657
0 0 0 0 4 -0.924260139 7.90056944
66 73 111 117 0 -0.000354477525 -3.18271351
87 93 110 114 1 -0.00480706198 -1.6824553
66 70 81 116 3 -0.000465591031 -2.71373677
0 0 145 154 2 -1.24560142 -1.65641284
66 72 195 230 0 -0.100645997 -0.290903598
134 137 41 76 2 -0.0059873471 -1.93435073
0 0 0 0 3 -0.0762549192 4.87567568
108 108 138 153 3 -0.000876654463 -2.0822289
60 60 89 91 4 -7.55767687e-05 -5.48135185
0 56 84 91 3 -1.6508162 -2.70982242
0 0 0 0 2 -0.00215158472 5.82004118
0 0 0 0 2 -0.00104251155 3.64070487
95 99 115 150 2 -0.00761287007 -3.31494951
161 168 54 85 0 -0.0560413375 -2.40625644
100 100 74 77 2 -5.92463257e-05 -4.05038214
0 0 0 0 2 -0.00125526299 5.84465551
137 141 96 105 3 -0.000152103486 -3.33566356
0 66 42 45 3 -0.788329124 0.708061993
164 166 135 143 3 -1.09216928 -4.64183569
121 121 137 149 3 -0.787044227 -4.55494785
166 156 67 102 3 -0.512179375 -1.46266365
45 48 53 61 4 -0.087414369 -1.14480448
33 33 44 49 4 -0.689450979 -0.592918515
0 0 0 0 1 -0.595981896 3.58291268
0 0 0 0 1 -0.82074213 4.24960375
111 122 32 67 0 -0.00130574231 -1.81813884
59 62 74 77 2 -0.0172686893 -2.85822272
89 93 112 123 2 -0.123260468 -0.457262099
103 108 81 88 1 -5.99617924e-05 -4.70162868
107 114 71 75 0 -0.00822419766 -3.58371472
97 105 59 65 0 -0.00616711657 -3.55536962
106 109 48 56 2 -0.0257592332 -3.22875214
0 0 0 0 2 -0.00116081513 4.41146183
97 99 51 82 2 -1.37848377 -3.80107164
116 117 93 100 1 -0.00823523663 -5.14711142
95 101 111 142 2 -0.00983290002 -0.0471361279
50 53 72 79 3 -0.00190290681 -2.39417791
100 148 161 168 1 -0.61008656 -0.823930323
23 24 77 112 3 -0.0138861667 -4.54731369
78 79 60 65 2 -0.00334648555 -3.90120053
190 190 34 69 3 -0.43080771 1.41835141
90 94 109 116 4 -6.49683352e-05 -2.95438027
46 53 66 101 1 -0.00462611113 -3.48276234
0 0 63 70 2 -1.32799602 0.21774745
60 67 85 120 2 -0.000305270049 -5.15857983
100 104 138 144 1 -0.000162477489 -2.47218943
111 117 80 88 1 -0.0899023637 -1.00979578
101 102 80 87 2 -0.0023941109 -2.61845732
116 120 87 94 3 -0.0021556837 -1.28122211
161 165 54 85 2 -0.00458421465 -0.601046443
99 104 113 116 1 -0.00774629368 0.226079643
40 41 61 96 2 -0.000278446591 -4.45679522
125 125 78 113 3 -0.0470012501 -2.56228685
149 150 80 115 2 -0.00101987645 -4.71639204
223 223 66 101 4 -0.392436355 0.159938335
106 106 41 52 3 -0.00173408864 -2.04049039
207 210 108 143 3 -0.00781992357 -3.8226769
0 0 0 0 2 -0.00531072635 3.05728388
83 87 159 167 2 -0.00550391991 -3.64961338
68 75 89 120 2 -0.00587040046 -2.81750941
126 130 47 54 4 -0.28174448 -0.416787326
22 26 64 99 3 -9.3935465e-05 -4.38386536
125 134 61 96 0 -0.00135820953 -4.40922022
84 87 39 74 3 -0.00238443213 -4.99190283
115 122 140 175 3 -0.00493999058 -0.278427422
94 96 64 87 2 -0.000978329568 -5.53426647
20 24 29 64 4 -0.0598254204 -4.03687763
132 137 67 74 2 -0.000538065739 -2.71434999
165 168 89 124 4 -0.00159356592 -3.29007554
139 139 68 103 3 -0.000197520931 -3.52469778
40 40 50 73 4 -0.00981252547 -3.69357467
0 0 0 0 2 -0.117323041 6.64363766
52 54 70 72 2 -0.000312428165 -6.0180769
85 85 95 101 2 -0.0225833878 -2.60273027
144 147 172 179 2 -0.000163789562 -5.04388571
153 157 103 138 2 -6.67561471e-05 -3.70387483
65 67 19 54 2 -0.479119748 0.434486687
52 62 73 108 1 -0.00471788691 -3.81862164
25 26 98 113 1 -0.00240331353 -1.95941687
62 63 122 129 3 -0.00117789337 -1.83117104
50 54 129 136 0 -0.000650842267 -3.71328855
134 138 67 72 0 -0.135340616 -2.61639619
78 79 91 93 2 -0.0728950873 -2.16279006
59 69 38 46 0 -0.000990070635 -3.62403774
51 52 62 97 3 -0.190969095 -0.673353493
123 123 57 92 4 -0.000466160884 -5.81293011
61 69 85 100 3 -0.000395613606 -2.91980958
0 73 0 0 4 -1.15949535 1.01367831
119 122 143 148 4 -0.000536017702 -2.99645233
88 88 117 123 3 -0.000985604827 -1.309973
129 129 61 96 4 -0.00534587167 -3.76749873
64 68 50 54 4 -0.00669871457 -0.464983076
39 45 57 63 1 -0.000935574295 -4.98161697
0 0 0 0 2 -0.00143807451 6.37638855
0 0 0 0 2 -0.0120756412 4.59369326
109 113 48 52 2 -0.00201655878 -5.91644526
66 69 79 87 1 -0.00269861263 -5.4854002
61 69 85 93 3 -0.0060177464 -1.9732182
74 74 57 59 1 -0.659741104 1.00542998
119 126 68 103 0 -0.00197308091 -2.45007157
95 95 107 118 3 -0.679668844 -3.27049828
0 0 0 0 3 -0.0118981646 6.71165705
0 0 0 0 3 -0.144752011 6.42586851
52 56 103 110 4 -0.000523503288 -3.05599093
0 0 0 0 2 -0.0611845702 5.96107674
20 26 30 37 2 -0.00505251251 -0.533120453
0 0 0 0 2 -0.000429948268 6.76844072
116 116 65 100 3 -8.95251142e-05 -1.75343704
150 154 58 93 4 -0.000148650433 -4.41836929
60 60 50 53 3 -0.0146444459 -1.69045496
73 81 93 128 1 -0.00101307849 -4.9514184
98 99 112 147 3 -0.00879036169 -3.46078491
0 0 0 0 3 -0.858830035 7.21541452
104 107 58 93 3 -2.32456914e-05 -4.22220182
140 148 121 129 0 -0.00409521302 -2.82337308
30 33 110 117 2 -0.00022148063 -2.28058195
0 226 0 0 3 -2.2435379 4.10898066
0 0 0 0 3 -0.00314177806 4.61343384
0 93 0 0 2 -1.81478095 2.60570049
39 44 99 114 1 -0.00299178553 -2.66812539
146 147 117 128 2 -0.000333054748 -6.23804045
0 0 0 0 2 -0.00259673363 2.10717583
200 204 145 180 4 -0.00748002669 -1.4045217
100 101 115 130 1 -0.000771921361 -4.27802086
58 64 38 43 2 -6.75909105e-05 -4.46116877
105 108 55 90 3 -0.00216872175 -3.18707991
55 59 35 37 0 -0.0173949432 -3.38443851
198 203 84 91 3 -0.00101538189 -5.042768
85 89 98 105 2 -0.000796157634 -1.97226763
105 109 118 124 2 -0.2082057 -3.53519249
177 180 58 93 4 -0.0159734786 -4.19581604
86 87 54 61 3 -0.030263884 -2.1716795
52 52 103 138 3 -0.0243758261 -0.652944148
107 109 96 101 2 -0.00138855015 -1.17098415
119 126 134 165 0 -0.0605439469 -3.46411014
121 123 100 115 2 -0.000233995394 -4.72308254
159 159 48 55 3 -0.00498815021 -3.92601323
0 0 0 0 2 -0.850900054 2.67141438
40 40 50 85 3 -0.0688011795 -1.92583919
0 0 0 0 2 -0.849680066 7.58470297
66 67 20 51 2 -0.149958342 0.678024113
73 76 52 59 1 -9.1788781e-05 -3.41830802
0 0 0 0 3 -0.138471365 3.5222137
58 63 151 153 1 -0.000910083298 -3.71701694
78 80 44 59 2 -0.00645410549 -4.03174829
89 91 108 119 3 -0.00214284589 -3.56953764
0 0 0 0 1 -0.964407921 1.92267728
121 122 192 201 3 -0.0424008369 -3.37509942
0 0 0 0 1 -0.349559873 7.56662321
106 110 123 158 3 -0.00153934152 -1.27122903
70 72 51 58 2 -0.0812089294 -2.58017921
71 78 35 43 0 -0.0450126044 -3.54559994
0 0 0 0 3 -0.00553928968 4.59512281
0 0 0 0 1 -0.0233973023 3.98087382
146 150 79 86 3 -0.021511564 0.838613331
66 69 112 147 3 -0.00840590149 -4.3067894
0 90 0 0 3 -2.24987459 1.22837806
123 126 41 72 2 -0.000737533614 -3.64138174
0 0 0 0 4 -0.623729169 7.81669378
33 38 65 80 1 -0.133467674 -1.15568304
44 47 137 143 2 -0.0209549852 -3.41060257
120 120 149 152 2 -0.00797177665 -0.82501328
138 148 34 69 0 -0.00534438947 -1.79945469
35 37 72 78 2 -0.0211557094 -1.04504764
117 120 182 217 2 -0.000445646496 -2.86959267
29 32 48 79 4 -0.0119583383 -4.28673744
60 66 92 96 0 -0.00413452322 -3.47660422
55 60 73 80 2 -0.00244883564 -1.32575083
38 42 52 87 3 -0.00106527878 -3.35123134
39 40 77 112 2 -0.576849699 -5.11066484
0 0 0 0 3 -0.307533085 6.85842514
57 59 38 45 2 -9.50082249e-05 -4.80903625
0 0 0 0 0 -0.0278283115 4.9065671
50 80 95 102 1 -0.835237741 0.029746443
44 46 90 97 2 -0.000127073727 -4.13216496
22 24 31 66 2 -0.112042829 -3.45356226
78 81 89 94 2 -0.000195375294 -4.49862337
0 0 0 0 3 -0.295092553 4.332057
55 58 73 108 2 -0.000948049827 -2.7920692
206 206 75 110 4 -0.0249718428 -0.824367642
63 0 0 0 2 -1.7805742 1.03242779
73 75 86 94 1 -0.194150269 -0.988996804
0 0 0 0 3 -0.0188505873 6.20222712
88 88 64 70 3 -3.6954465e-05 -3.43325162
63 67 129 136 3 -0.00218438893 -1.58462095
105 108 144 148 1 -0.00240536104 -3.04557371
38 43 63 70 1 -0.000341982668 -3.24787307
82 86 21 29 1 -0.00125226879 -3.81646132
45 49 61 96 3 -0.000137678551 -5.23112726
72 72 0 0 2 -1.07344818 0.478792548
144 148 73 108 3 -0.0311000086 -0.135268629
38 42 47 58 3 -0.135868996 -2.52792978
58 61 72 103 3 -0.000283937436 -4.02780676
74 78 122 126 3 -0.172533706 -0.801777542
0 0 0 0 2 -0.345581353 1.41808939
79 84 113 148 3 -0.00344598806 -3.65985203
0 0 0 0 2 -0.00577445328 5.17815685
152 156 126 137 3 -0.835034847 -0.351334363
125 128 67 102 3 -0.000242455426 -4.51190853
184 186 80 88 1 -0.0144013958 -3.23509622
0 0 0 0 2 -0.0882607698 3.26613855
0 0 0 0 2 -0.184418991 6.32260513
0 0 0 0 2 -0.249664292 2.53145266
134 135 95 101 3 -0.142641157 -0.822610974
71 79 90 95 0 -0.00588300684 -2.44669294
55 58 69 76 2 -0.000127312291 -2.15280318
35 41 45 53 0 -0.00449168263 -3.60726118
97 101 110 115 3 -0.600625277 -3.59675074
142 144 125 127 1 -0.0220119245 -3.43591714
0 0 0 0 3 -0.186488986 3.7269628
41 44 58 73 3 -0.00422411878 -3.57864857
62 68 78 85 1 -0.000183457509 -2.85394001
113 116 51 86 2 -0.133228615 -1.676085
136 143 67 74 1 -0.0014781534 -3.84403753
65 72 50 54 0 -0.00744288927 -4.49473763
61 64 77 84 2 -0.000670361682 -1.99660182
61 66 0 0 3 -0.124162659 1.07275271
95 99 48 55 3 -2.28881036e-05 -4.51801872
54 54 86 93 2 -0.0665841103 -0.783748448
78 82 95 100 3 -0.0226095933 -0.000340133905
72 74 154 177 2 -0.138100818 -4.35340643
78 83 120 155 1 -0.000531958824 -2.10355616
139 147 106 114 1 -0.173716426 -4.00622988
166 171 192 198 0 -0.0163228661 -5.45342445
51 54 112 127 1 -0.431416601 -0.959010661
49 52 65 88 3 -0.014999711 -3.49051571
0 0 0 0 1 -0.672652125 8.08187771
40 43 82 88 1 -0.00457917992 -4.66668272
0 0 0 0 0 -0.790212393 4.38461733
0 0 0 0 2 -0.02798995 4.30449963
133 135 111 119 1 -0.000124808983 -3.4300139
0 0 0 0 0 -0.00486133806 2.6545403
126 129 74 236 1 -0.334978282 -2.15233326
0 0 0 0 0 -0.631347418 7.02592325
95 103 47 82 1 -0.00412728265 0.0527798831
0 0 0 0 3 -1.06058645 6.96149015
0 0 0 0 2 -0.0168774184 4.8508625
81 0 53 64 2 -0.803981185 0.444332182
73 79 105 108 1 -0.00269575627 -0.712537408
47 50 61 64 1 -0.46293214 2.43621945
57 63 138 149 1 -0.0526352525 -2.92694974
0 0 0 0 3 -0.002641025 4.59264994
44 49 63 72 0 -0.584590614 -0.0600316226
0 0 0 0 2 -0.400550961 6.41808128
44 49 64 99 3 -5.35241197e-05 -5.38545322
124 125 142 177 2 -0.0198042318 -0.955136657
41 49 112 116 1 -0.0475017726 -1.47158337
92 97 39 74 2 -0.0748083889 -0.463785946
130 133 77 112 4 -0.00146361673 -1.58726883
0 0 0 0 2 -0.00404369831 6.26383257
119 124 152 157 1 -0.0103940433 -6.04943132
173 179 73 76 1 -0.02420469 -2.37962198
58 62 92 100 1 -0.450214863 -3.23963547
47 51 20 25 3 -0.00234053493 -2.8736434
17 25 30 32 1 -0.306333482 -0.595213652
0 0 0 0 2 -0.000161996984 5.1379652
59 60 23 30 2 -0.476376086 -5.51356745
47 47 103 112 2 -0.000540652196 -1.91342592
54 57 73 80 2 -0.000257948559 -3.98810101
94 102 113 144 0 -0.081376344 -0.322009236
50 55 106 113 1 -0.00259752385 -1.34325075
56 64 118 125 2 -0.0319119915 -0.620021999
58 58 213 221 2 -0.0320731625 -0.115135312
80 85 96 131 4 -0.031990774 -6.41253042
92 94 111 116 2 -0.000755252782 -2.19951892
137 140 82 117 2 -0.000175232475 -4.17569065
43 49 22 28 1 -0.00160263036 2.00092769
19 19 30 32 3 -0.000555674837 -3.73178029
0 0 0 0 1 -0.0208152309 7.02365589
141 143 68 103 1 -0.0995791033 -3.73953629
0 0 0 0 2 -0.00543979835 3.96897435
72 80 166 171 3 -0.024887016 -3.29573393
137 142 152 157 0 -0.00387744186 -3.14905334
113 117 135 142 3 -8.8094399e-05 -5.55867052
132 71 84 90 4 -0.805093706 -1.15900958
44 44 57 60 2 -3.12326338e-05 -2.96019006
135 137 51 56 2 -0.00954652671 -2.54068851
108 112 55 90 3 -0.000494606327 -3.88700509
147 150 169 176 0 -0.0477218777 1.036798
63 65 132 136 2 -0.00878741406 -1.54285884
24 32 40 75 2 -0.109318465 -0.279185474
93 97 113 114 4 -0.13155368 -2.63977504
105 111 52 87 2 -0.00124086451 -4.27117205
0 0 0 0 2 -0.120874397 4.81275415
0 0 0 172 3 -1.65352225 0.898302019
57 57 73 78 3 -0.000477858208 -4.02589846
106 112 33 68 1 -0.00674255705 -2.8221209
115 116 130 153 2 -0.000427086343 -3.15567398
60 63 100 123 4 -0.00263225916 -3.53139472
124 127 68 103 4 -0.000113961563 -4.01167774
112 116 138 145 2 -0.000161285119 -3.70363641
0 0 0 0 1 -0.0864773467 3.81044745
104 107 42 48 3 -0.000825358438 -1.4893012
0 0 0 0 3 -0.308144778 5.408885
118 121 68 103 4 -0.0074546379 -1.9271698
0 0 0 0 1 -0.650326967 2.81603146
99 102 55 57 0 -0.000643727137 -2.97968125
34 37 101 108 2 -2.75372458e-05 -4.80863237
72 73 102 110 2 -0.000354743737 -2.70599008
41 47 109 120 1 -0.0151190106 -0.903512836
30 36 141 145 1 -0.000456603011 -4.15164566
132 132 97 104 3 -0.00587600702 -1.79434156
187 187 82 117 2 -0.00247509265 -1.68490791
53 57 75 106 2 -7.5577751e-05 -3.61663938
94 101 113 117 0 -0.0306046028 -3.00879955
0 0 0 0 1 -0.0752858222 2.52157021
76 80 126 133 1 -0.0339026228 -0.578374207
0 0 0 0 2 -0.000683940132 4.31330252
50 54 63 67 1 -8.70226631e-06 -4.84144592
136 137 71 106 3 -0.0161447655 -1.42867327
102 104 115 119 2 -0.000579647603 -2.32997918
0 0 0 0 1 -0.000694452319 5.13217354
44 47 108 143 3 -0.0179863311 -1.10156739
52 52 92 99 3 -0.000211829218 -2.48656344
90 94 64 71 3 -0.00016926798 -3.27263761
127 131 94 101 3 -0.0142714959 -4.21904707
0 0 0 0 4 -0.377896607 7.61753511
86 90 100 135 2 -0.0827890933 -3.04615521
36 40 46 81 1 -0.0216010772 -3.01769233
0 0 0 0 2 -0.185863376 3.78597713
153 157 48 63 2 -0.00317966985 -3.84603715
0 0 0 0 2 -0.68539995 2.51208234
171 171 219 223 4 -0.0841610283 -3.22807097
46 48 84 95 1 -0.000382250466 -3.66405916
185 186 90 93 2 -0.00228213123 -2.80522943
40 44 54 61 3 -1.01840472 1.68587041
110 113 49 55 2 -0.000212899686 -6.54638195
85 91 102 137 1 -9.15512428e-05 -2.33429575
104 108 163 170 4 -2.65835515e-05 -3.27771544
48 52 85 93 2 -0.000105021842 -4.35996056
80 84 135 140 2 -0.00213636621 -1.85438204
21 23 80 86 2 -0.000133983864 -2.90220666
0 0 0 0 0 -0.00731858239 4.74876213
109 111 54 89 1 -0.00952898245 -1.39933515
0 0 0 0 4 -0.0427340716 2.38302708
0 0 0 0 2 -0.0263875853 2.73268652
101 105 56 87 2 -0.00686458638 -0.635158062
25 29 143 150 4 -0.00189018145 -2.70382571
136 144 87 122 0 -0.0271509103 -2.08317494
159 163 75 79 0 -0.0066087544 -5.56149292
166 170 92 99 3 -0.00356390979 -4.48501873
89 94 151 174 0 -0.000870528747 -2.82069683
42 46 55 62 1 -0.000344496046 -1.91642857
128 131 184 190 2 -0.000266896677 -2.75432014
0 0 0 0 1 -0.0361718796 2.81830335
0 0 0 0 3 -0.591608167 4.25482559
96 100 51 74 4 -7.05709244e-05 -4.1201787
60 63 77 83 0 -0.335011631 -4.33483934
0 0 0 0 2 -0.0211631246 3.8104589
113 115 131 154 3 -0.0230265558 -4.07016611
107 109 127 162 1 -0.00122326787 -3.92813993
0 0 0 0 3 -0.0305891186 4.0023613
57 59 34 41 3 -0.00127212354 -3.32908368
146 148 165 167 1 -0.740387261 1.53286695
104 109 129 134 3 -0.000357599172 -2.59167337
62 67 45 51 3 -0.000293952588 -3.44873881
81 82 97 103 2 -0.000373330899 -4.25583553
59 64 41 48 1 -0.000140305434 -5.23077822
122 126 138 173 3 -0.00289977971 -3.30547523
0 0 94 0 2 -1.48523617 1.3464725
105 109 59 94 2 -0.000494904642 -3.03364825
121 121 46 53 2 -0.000187261889 -5.96907091
82 86 94 97 1 -0.000336610043 -4.59034967
0 0 0 0 2 -1.13129449 7.716784
102 0 52 87 2 -1.03022766 -2.09648705
55 61 92 94 1 -0.00197358942 -3.62117505
46 47 61 66 2 -0.00112476188 -5.0561676
0 0 0 0 2 -0.0140958903 7.02551603
123 127 145 180 2 -0.0502218753 -3.72605801
41 45 56 62 2 -0.000109551489 -1.9512639
0 0 0 0 2 -0.00694375578 7.20065784
128 130 33 40 2 -0.00347874546 -3.96635818
103 103 41 76 2 -0.101596564 -2.10837698
46 49 63 67 2 -3.21862681e-05 -3.80624032
57 61 74 109 4 -0.00119758991 -4.68878269
45 49 66 81 0 -0.0484941117 -3.34103918
43 45 120 128 2 -0.001627494 -3.5110321
121 121 86 101 3 -0.000817961292 -3.75200367
119 127 52 59 1 -0.000894060067 -2.89471483
0 0 0 0 3 -0.859956264 7.00124216
44 48 86 94 1 -0.000399918878 -2.33617401
43 46 83 88 4 -0.000894316763 -3.71816134
37 37 68 99 2 -0.0124838576 -1.17494345
0 0 0 0 0 -0.562103212 6.16367102
87 93 54 69 1 -7.61737028e-05 -4.31758499
0 0 0 0 2 -0.000286801922 4.3588748
50 52 29 35 3 -0.0138315521 -3.37185287
44 47 74 79 2 -0.00246635638 -2.0053823
73 76 141 176 0 -3.43320426e-05 -4.2138114
0 0 0 0 3 -0.392870516 3.89913011
100 101 117 124 2 -0.315446317 -3.4961853
0 0 0 0 2 -0.309052587 5.26288366
135 135 153 161 3 -0.000205620105 -1.93299794
188 188 76 111 3 -0.00381332869 -3.39155483
87 91 106 113 3 -0.871854901 0.465440869
41 47 106 141 2 -0.000852247409 -5.81082535
133 133 163 198 3 -0.0552320741 -3.60382557
147 147 46 53 3 -0.00275460747 -3.75026822
0 0 0 0 3 -0.369641423 2.69680977
102 104 50 85 2 -0.00406920258 -2.85547447
47 52 56 64 3 -0.442723066 -2.48438573
0 0 0 0 2 -0.0896009207 6.21383047
47 53 67 72 2 -0.0251462087 -0.472615033
117 123 141 146 1 -0.00507569173 -1.49527168
111 113 61 96 4 -0.00102960505 -4.78970861
0 0 0 0 2 -0.0279733334 4.99933004
61 66 47 50 4 -0.0149134994 -2.05426955
64 64 80 115 3 -0.000114674949 -5.24737644
104 107 84 89 3 -0.110268936 -1.18832219
12 17 22 33 0 -0.229780525 -1.20281982
46 49 54 62 1 -0.01949545 -2.88929701
57 57 124 132 2 -0.0194958858 -1.4340632
36 42 59 74 1 -0.00665876642 -2.7849834
94 98 61 76 0 -0.00253263512 -1.677459
0 0 0 0 0 -0.00875255931 5.5612359
70 75 87 89 0 -0.0070365225 -2.41003084
88 96 112 147 1 -0.0444051921 -3.47127986
111 115 129 136 3 -0.000844924245 -2.12843084
108 108 123 130 3 -0.00324420794 -3.12916899
92 96 34 69 2 -0.0838393643 -0.79850018
104 106 120 155 1 -0.000861463486 -4.23807335
39 40 55 90 3 -0.00036499172 -4.06206369
111 113 127 134 1 -0.00205092668 -3.62428927
54 54 64 68 3 -0.000246625656 -4.33007383
0 0 0 0 1 -0.007451599 4.10524273
53 56 65 88 1 -0.0279843248 -5.07999277
50 51 74 81 2 -0.000134704198 -4.25683546
76 78 52 56 1 -0.000577744679 -1.46921229
99 99 72 79 3 -0.0654150322 -2.92915583
59 59 73 77 4 -0.0486634858 -1.70260429
0 0 0 0 3 -0.493450046 6.85031843
34 34 109 113 3 -0.437470585 -0.526223183
0 0 0 0 1 -0.0261286255 7.6041007
122 124 143 158 2 -0.329003036 0.505871296
128 132 57 72 0 -0.000608293398 -3.36115742
141 141 94 129 3 -0.122165233 -1.60629845
32 32 46 53 2 -0.0159147549 -3.8750093
47 54 63 69 0 -0.000286328432 -2.67650151
0 0 0 0 2 -0.365650266 5.06672096
152 152 11 0 2 -0.677878678 0.294447482
134 136 67 72 1 -0.00243803579 -0.924415469
0 0 0 0 3 -0.00164143927 4.17190123
154 157 98 133 4 -0.00763494242 -2.61739659
90 97 34 40 0 -0.00441743294 -2.13607764
0 142 41 83 3 -2.16565585 2.39066267
114 114 41 47 3 -0.072633259 -3.73268676
107 110 163 174 1 -0.538600802 -0.683153272
34 34 42 73 3 -0.19011654 0.160617232
113 113 102 104 3 -0.00725724222 -1.98363471
0 0 0 0 2 -0.694191515 7.50400114
188 191 114 149 0 -0.00881147571 -3.98046947
0 0 0 0 2 -0.00762205478 6.11560488
0 0 0 0 2 -0.603632689 7.27406025
71 78 89 97 1 -0.000199903225 -3.42614341
122 126 74 85 2 -0.000586360344 -5.1306181
56 60 89 94 4 -0.000264391216 -3.20669007
56 62 99 111 4 -0.00731172459 -4.42312479
115 120 128 136 2 -0.000242462236 -4.27151155
34 38 101 105 3 -0.00113522937 -3.38229322
120 128 41 48 1 -0.0043825875 -2.36123204
0 0 0 0 2 -0.888954639 7.64383745
30 36 74 109 1 -0.0380716249 0.484814763
0 0 0 0 3 -0.0233595856 4.03928328
126 133 147 182 2 -0.0019191968 -5.40583277
42 44 58 61 2 -0.000881531218 -1.84864593
89 92 107 115 2 -4.81602037e-05 -4.20278597
84 90 37 48 2 -0.00083119981 -3.41819453
121 123 42 53 2 -0.600689888 -1.1113435
87 92 98 101 3 -0.492326349 0.251466393
83 85 41 48 1 -0.00030669797 -3.45341372
86 91 120 126 0 -0.00249037798 -0.623540759
95 103 133 148 0 -0.0026459503 -4.58543301
47 50 113 120 3 -0.00149445597 -4.3355546
90 97 124 159 2 -6.55650365e-06 -4.26789761
69 75 49 52 2 -0.00856552552 -1.28766012
0 0 0 0 0 -0.0114311688 3.69046426
136 142 57 61 2 -0.000149008032 -5.92103434
0 0 0 0 2 -0.514757633 2.54436469
15 20 73 104 0 -0.00592847448 -4.48779631
46 46 63 69 3 -0.0103537254 -2.94107795
0 0 0 0 2 -0.310731918 3.05504394
183 187 63 70 3 -0.00537884561 -2.91021276
22 22 34 38 2 -0.000742826902 -3.46540689
0 0 0 0 2 -0.0805638805 4.39205503
97 97 60 83 3 -4.04116727e-05 -5.48912621
41 44 53 61 4 -0.000867206661 -1.88651943
67 74 155 160 2 -0.0888592973 -2.99323344
0 0 0 0 3 -0.187416643 7.09857893
57 60 71 106 2 -0.0482232943 -4.14980078
143 146 66 73 2 -0.00100226165 -4.10785484
57 62 106 113 2 -0.00102716591 -2.46909785
66 66 86 121 3 -0.000115392017 -1.97122359
173 71 45 51 2 -1.82701683 1.83294463
0 0 0 0 2 -0.399977416 7.22126341
116 119 198 233 1 -0.38858512 -2.31453013
108 108 58 93 3 -0.153212085 0.693314016
55 60 96 102 2 -0.0090920832 -2.25864887
83 83 117 152 2 -0.00299781351 -4.92425442
152 154 39 54 2 -0.283134967 -1.87224293
106 106 128 136 4 -0.00241126865 -3.53842854
0 0 0 0 2 -0.432847261 5.30351496
118 122 135 143 3 -0.422017127 -1.01771307
192 197 172 175 0 -0.0278044473 -1.4773829
49 52 70 74 4 -0.000670615002 -2.08047557
17 24 28 30 0 -0.399281919 -1.15535891
86 93 152 159 3 -0.0155423274 -0.808163583
64 70 33 39 1 -9.52467381e-05 -2.78125739
134 137 218 221 4 -0.528967083 -4.41648149
0 0 0 0 1 -0.124444149 3.33068705
114 116 44 75 2 -0.000559056294 -1.86560416
144 146 99 134 2 -0.00219972804 -2.36894894
0 0 0 0 3 -0.104068726 4.68552542
0 0 0 0 2 -0.215639696 5.31572008
0 0 0 0 3 -0.135506764 6.36774254
54 58 130 134 4 -0.0204147417 -3.97736144
0 0 0 0 1 -0.0203998908 3.62972808
117 121 136 141 3 -0.0180407465 -3.63198853
42 46 49 80 3 -0.721549928 -3.3780477
74 74 45 56 2 -0.00771894539 -0.877917647
107 111 90 95 2 -0.000428974745 -4.85684967
99 99 74 89 3 -0.00105363736 -3.23160934
81 87 101 136 0 -2.7179598e-05 -3.57941341
0 0 0 0 4 -0.0094895428 3.77217793
0 0 0 0 3 -0.0579782687 6.45619917
0 0 0 0 0 -0.248091459 1.70860624
0 0 0 0 2 -0.000714839494 4.15579462
65 65 37 52 2 -0.670791149 1.11612988
46 53 99 106 0 -0.0128514767 0.0387113392
100 103 80 87 2 -0.0419184454 0.352178335
77 83 160 165 3 -0.000910583418 -4.94325161
0 0 0 0 2 -0.426882625 6.05068207
0 0 0 0 0 -0.0152273625 4.94017172
49 53 0 0 3 -0.489698648 -0.248895764
114 115 130 139 2 -0.00165498746 -3.59022808
28 31 37 44 3 -0.679732561 -0.661118984
0 0 0 0 2 -0.195282355 6.19432068
166 168 43 54 2 -0.00108472432 -2.70709562
28 29 39 45 2 -0.00528296363 -2.77641964
0 0 0 0 2 -0.280462921 6.01794338
33 33 156 191 3 -0.00110817538 -1.18340707
113 114 53 88 2 -0.00182784942 -4.71529007
90 92 100 131 2 -0.0697368309 -0.644373119
0 0 0 0 0 -0.159258321 4.50930738
140 144 61 84 1 -0.0631743371 -5.99648428
0 0 0 0 3 -0.01826231 7.37848282
223 225 125 148 2 -0.424569249 -1.29323089
113 117 83 106 3 -0.000100371573 -4.07835531
183 187 37 68 2 -0.000237337677 -1.84795713
45 53 116 151 3 -0.000277262734 -3.53498244
100 101 108 111 3 -0.373393655 -0.63299036
81 89 59 62 2 -0.000116702875 -3.50369954
100 100 113 118 3 -0.000154965572 -3.08005452
113 115 81 104 2 -0.0141970832 -1.76936793
82 83 89 124 3 -0.0272811241 -0.747442424
43 45 53 58 1 -0.0330693424 -0.810758889
0 0 0 0 3 -0.042974785 2.18861485
62 64 41 0 1 -0.301128209 -0.0459232032
90 93 106 117 2 -0.0165007301 -0.115815073
62 63 92 97 2 -0.000688191154 -4.47312737
162 163 73 74 2 -0.00251152227 -4.07404137
64 69 52 58 2 -0.000428032741 -4.3653245
81 82 97 132 2 -0.0122702261 -0.882919908
0 0 0 0 3 -0.124817446 1.36415553
79 83 99 110 4 -0.00251469668 -4.86467648
140 144 116 131 1 -0.00852328166 -0.622136652
78 84 54 69 0 -1.39274478 1.6143949
0 0 0 0 0 -0.00191363937 6.71676826
29 30 105 111 2 -0.014480642 -1.65617347
48 50 105 111 2 -0.00458127959 -3.23668861
92 96 0 0 2 -0.115789331 -1.18623805
16 17 21 27 2 -0.375528842 1.04102302
0 0 0 0 3 -0.279561579 6.36654282
53 53 94 129 3 -0.000260806701 -3.88456941
111 122 137 144 0 -0.00139991264 -3.05985379
77 83 54 65 2 -0.000432528148 -4.17153931
168 172 188 219 3 -0.0237248037 -2.00121689
0 0 0 0 2 -0.806444883 7.27188015
78 86 56 63 3 -0.000989744556 -2.34112787
0 0 124 131 3 -0.337469697 0.450909197
0 0 0 0 2 -0.00864418596 3.57307315
34 35 63 98 2 -0.000369517715 -4.95025396
142 144 35 58 1 -0.00829662941 -3.97040558
194 201 144 153 3 -0.939752519 -4.8612442
101 101 168 203 4 -0.00319413957 -5.20618629
22 27 34 69 0 -0.0372832566 -4.95736694
130 136 47 78 3 -0.00619068509 -2.08055806
0 0 0 0 2 -0.0668013766 6.71950388
83 89 56 63 2 -0.0207867399 -2.14607191
135 140 78 113 3 -0.199562341 -4.69175243
0 0 0 0 4 -1.0315485 7.55433893
111 111 68 70 3 -0.236528337 -4.61760616
138 141 55 90 3 -0.000402853446 -5.66649532
0 0 0 0 3 -1.30955386 1.32776022
120 124 55 63 3 -0.00775015121 -1.94069886
0 0 0 0 3 -0.00230821548 5.37401247
39 44 64 99 0 -0.000175824345 -3.96114326
77 78 118 153 2 -0.00679400004 -1.56048036
109 112 121 152 2 -0.140160024 0.0335557163
0 0 0 0 3 -0.0476657413 5.26865864
84 90 99 134 2 -0.000129696418 -5.60906076
132 135 198 233 2 -0.392840505 -0.701005638
108 112 122 129 1 -0.00211788504 -1.71123195
40 46 55 90 2 -0.00523819961 -3.46817017
119 119 54 57 3 -0.0297749378 -1.76382279
33 37 106 121 3 -0.000913455035 -5.4083519
93 94 106 110 2 -0.00281525566 -5.0134201
89 92 206 209 1 -0.403373271 2.49992871
81 82 93 99 3 -0.000876211852 -2.34005022
42 45 112 119 0 -0.000993166235 -1.54485631
0 0 0 0 1 -0.628494859 3.20062184
42 48 52 58 2 -0.26247406 0.339639425
80 83 117 119 1 -0.395078987 0.956334174
108 112 61 96 3 -0.000124213795 -3.75487423
0 0 0 0 2 -0.00116544159 5.28771448
81 84 26 61 3 -0.000126239029 -5.25844908
0 0 0 0 1 -0.0251601674 2.27907324
145 150 58 64 2 -0.00124498736 -2.95326948
103 110 69 80 1 -0.0302666277 -2.36341619
158 165 184 219 2 -0.0379424393 -2.90282726
100 103 43 78 2 -4.38687202e-05 -2.80229974
81 85 100 135 1 -0.000323745044 -4.72094393
47 42 52 57 4 -0.472448945 -0.255569518
0 0 0 0 1 -0.179064482 6.45643663
27 29 61 65 1 -0.00120084023 -1.72601986
125 127 141 176 2 -0.000106333217 -3.73146915
34 40 142 177 2 -0.0705181435 -2.97408557
114 119 131 139 1 -0.0444404185 -2.37623501
131 135 48 56 1 -0.000280345499 -3.25785613
0 0 0 0 3 -0.989513159 6.90796328
47 47 180 182 3 -0.0117134312 -2.89148045
118 122 59 67 0 -0.0018965021 -3.960567
63 66 18 53 4 -0.0546690449 -1.8136332
0 0 0 0 1 -0.725494266 7.28724003
104 106 38 73 2 -0.000600701489 -3.71759462
48 52 85 90 2 -0.00014888907 -2.29187059
42 46 141 0 2 -0.265245885 0.0795000196
133 139 101 112 1 -0.000213726875 -4.50109768
130 135 42 77 1 -0.000155683607 -4.5532136
95 101 122 125 0 -0.00727666728 -1.44320583
135 137 49 56 2 -0.000562939036 -4.00338984
88 94 104 106 3 -0.00143904856 -4.87370205
108 111 144 151 2 -0.0765504166 -1.44873214
27 31 116 151 3 -0.00443138368 -3.32706261
92 99 71 76 0 -0.000164146564 -3.5421176
53 54 128 130 2 -0.00328560569 -1.96665525
70 74 88 103 3 -0.00289863837 -2.44596457
0 0 0 0 4 -0.0856583193 7.02344847
50 53 63 98 4 -0.0112482198 -4.07897377
97 100 135 138 0 -0.00023292494 -2.45752645
0 0 0 0 2 -0.000740572112 5.61824179
118 122 133 141 3 -0.000426254643 -4.02178478
70 77 48 55 0 -0.000146504157 -2.03592372
130 130 98 102 3 -0.00786517095 -1.33717632
88 92 108 115 2 -0.0547750406 -3.47040105
87 88 119 154 2 -0.00240428071 -2.24933004
57 59 122 137 2 -0.000419951772 -2.56778789
67 67 87 122 4 -0.00171012059 -2.49900913
41 44 59 90 2 -0.0389716588 -3.55750227
127 133 41 48 2 -0.00234515569 -2.64490509
141 144 157 164 2 -0.00602186983 -2.34093332
0 0 0 0 2 -0.223544657 2.23686647
75 80 26 61 3 -0.000884180074 -1.76346087
91 94 49 54 1 -1.28491819 0.191989303
112 112 120 135 2 -0.113066927 -2.84898925
40 43 81 84 2 -0.00178730825 -3.89211512
0 0 0 0 2 -0.000501108472 4.75273752
135 136 193 200 4 -0.0181965195 -4.69144058
48 48 77 80 3 -0.00261820015 -1.53142357
0 0 0 0 2 -0.036445342 4.93772078
0 0 0 0 0 -0.00814008806 6.05949736
0 0 0 0 2 -0.292590886 6.36930037
0 0 0 0 3 -0.137858123 2.80380583
26 26 101 132 3 -0.00150636793 -3.18840027
50 51 63 66 3 -0.00572093483 -1.57660222
0 0 0 0 1 -0.00663776416 3.05033922
0 0 0 0 3 -0.582782626 5.22166061
62 63 75 110 4 -0.00971294474 -5.32084465
129 136 108 114 2 -0.000320633553 -4.22160816
6 19 24 28 4 -1.00741863 -4.09829473
128 132 33 41 3 -0.000404056191 -4.09776831
102 106 77 86 3 -0.000446398742 -4.53912926
110 111 49 56 2 -0.00553018972 -3.93554425
46 50 63 68 3 -0.000162478274 -2.62052608
116 116 73 96 3 -9.07167196e-05 -2.44782758
132 139 80 115 0 -0.00103905657 -1.8901093
32 33 50 59 2 -0.398327142 -2.6371336
40 46 80 115 2 -0.00922383182 -3.744313
0 0 0 0 1 -0.0307506509 3.06460309
45 46 105 112 2 -0.00780604314 -3.46123242
0 0 0 0 3 -0.0626709536 6.44784212
112 115 49 64 1 -0.000413261529 0.298817396
54 61 108 131 0 -0.000629903574 -2.48584485
87 88 33 68 2 -0.0402959324 -0.890500784
92 95 74 79 3 -0.0349141397 -1.24116278
91 95 20 27 3 -0.00147473742 -4.61354256
144 148 85 120 4 -0.0126121622 -2.78246427
0 0 0 0 1 -0.510435641 1.65416646
107 107 121 127 3 -0.00982793327 0.402853012
88 88 66 77 3 -0.00827432331 -1.99319506
98 101 112 119 2 -0.00109830499 -4.22659969
72 72 79 90 3 -0.000119326585 -5.2692709
58 64 83 91 1 -0.0191459619 -0.722131968
134 136 102 108 2 -0.00124355278 -4.32563686
57 57 105 112 3 -0.00167068618 -2.26920438
110 110 43 50 3 -0.00388493482 -1.4416678
0 0 0 0 2 -0.897558451 2.58842421
38 42 135 158 2 -0.000228147605 -4.27632189
44 49 129 160 2 -0.000788255245 -3.62168169
120 123 87 94 1 -0.0178784244 -3.19472146
60 66 43 47 3 -0.00345035084 -1.96734786
74 74 99 134 3 -0.00350595964 -3.90896034
126 130 51 55 4 -0.000133392445 -2.63654184
74 79 97 120 3 -0.00304225599 -1.85975456
97 97 108 123 3 -0.00102268904 -4.31751013
85 0 57 68 1 -0.913662612 -0.114768863
144 148 166 201 2 -0.000610982825 -2.30094433
72 73 124 127 2 -0.00516790338 -3.11254525
77 81 90 105 3 -0.00125950261 -2.08380556
124 128 82 117 3 -0.000165456484 -3.5080843
103 108 57 72 1 -0.00167750521 -2.54111052
64 71 111 146 1 -7.30744214e-05 -5.21796417
45 49 108 113 2 -0.00390536943 -3.69016433
75 76 175 210 3 -0.0509139448 -4.16894531
0 0 0 0 0 -0.333659619 6.96071672
114 114 129 131 3 -0.000577398459 -3.29202986
114 115 124 133 4 -0.00105071336 -1.78445363
84 90 113 118 2 -0.000408451073 -6.17055225
107 107 121 152 3 -0.000157471935 -3.56705642
99 103 52 59 2 -0.000777322915 -2.9620564
0 0 0 0 2 -0.0007756782 4.74259806
65 67 160 195 3 -0.00362700294 -3.02549219
30 30 61 96 3 -0.0027779534 -4.16284752
150 154 59 94 2 -0.371955633 -0.999743819
163 168 47 90 1 -0.709708035 1.43924427
118 124 66 101 1 -0.00648777606 -4.09015989
79 85 138 173 0 -0.0361191854 -2.58546782
130 134 72 107 3 -0.0591915995 0.934571564
0 0 0 0 2 -0.0200252905 4.85561132
77 81 33 0 3 -0.841127992 -0.117142886
0 27 88 123 3 -0.250084609 -2.0810349
68 73 87 94 1 -0.80125612 -0.451145917
76 77 87 118 3 -0.0593622029 -1.47410154
57 61 78 85 2 -0.000510779384 -3.71027493
0 0 0 0 2 -0.00465861242 7.47557974
144 144 65 88 3 -0.001206905 -5.34372902
52 57 65 72 1 -0.0615360811 -3.86569238
0 0 63 67 3 -0.0600654557 1.18523026
101 105 48 71 1 -0.000316701567 -4.27423716
0 0 0 0 3 -0.00351422583 7.20124626
19 25 29 64 2 -0.0295997299 -0.616591811
102 106 118 141 3 -0.00109462836 -2.92319846
59 59 73 108 2 -0.00164234592 -1.18891203
98 98 173 60 3 -0.699785471 -3.29216123
50 53 31 38 1 -0.00402846606 -2.64963031
43 48 98 103 0 -0.00110938482 -4.16588545
138 146 111 119 0 -0.120532729 0.4694224
113 120 34 39 0 -0.00934881717 -5.08664751
52 56 81 116 2 -0.000757314614 -3.30560637
17 18 39 46 3 -0.339959383 -2.22386146
55 59 69 104 3 -0.000718816475 -3.30230999
59 59 51 54 2 -0.000132199129 -3.39255905
51 53 69 76 1 -0.00371743599 -1.9777317
151 156 122 131 1 -8.88095456e-05 -4.27290154
42 45 79 114 0 -6.23456581e-05 -6.91934919
113 116 133 141 2 -0.90624094 -0.261351824
50 50 71 76 3 -0.00689544762 -0.629430652
74 76 59 64 1 -0.101600759 -1.12303853
101 104 26 61 1 -0.00105560094 -1.96020389
61 66 84 99 2 -0.00106893934 -4.94216871
85 92 43 51 1 -0.000583559973 -3.13729715
121 123 59 64 2 -0.000110742702 -3.91662979
159 161 220 229 1 -0.181423381 3.44270921
48 50 88 93 2 -0.00400666613 -2.19382858
12 12 17 19 4 -0.145504862 -0.468991339
12 16 20 43 0 -0.144987836 -2.15790987
104 107 116 127 4 -3.64777879e-05 -4.63079166
48 51 61 69 3 -0.00544275809 -4.24832487
54 54 67 102 3 -0.000187867903 -5.00011301
98 98 79 86 4 -0.000199905699 -3.87847972
121 124 37 68 2 -0.0011980132 -4.41641855
39 44 55 86 4 -0.00194006739 -1.71710682
57 58 161 166 3 -0.00149648986 -3.45130229
82 82 45 53 2 -7.90347258e-05 -4.03989935
147 153 112 123 2 -6.23458182e-05 -2.95075202
73 79 95 103 1 -0.0164435562 -1.28772652
70 70 42 44 4 -3.62393912e-05 -3.33847547
44 47 67 90 3 -0.00061672536 -2.86033797
56 59 69 92 3 -0.00618447969 -0.77936244
54 56 65 67 2 -0.0114531592 -3.34807515
48 54 58 89 1 -0.364562571 -0.597987175
49 52 107 110 1 -0.174603701 -4.70389938
38 40 44 52 2 -0.0240917653 0.348779559
38 39 75 110 2 -0.000493111671 -2.79978728
122 133 45 80 0 -0.000219576119 -4.25789833
99 100 37 45 2 -0.000629712595 -2.22692657
62 66 74 109 3 -0.00173087534 -5.3490057
58 62 81 83 0 -0.00219359226 -3.67691183
65 65 79 82 3 -0.00392548973 -0.265012503
37 37 55 62 3 -0.00155919068 -3.14263058
68 68 85 120 3 -0.0157419257 -4.36513329
54 57 69 75 2 -0.0400030725 -2.74833179
142 142 83 118 2 -4.74446169e-05 -4.61797667
119 127 72 103 2 -0.000749246159 -3.24834132
41 41 57 92 3 -0.00654415321 -4.98310184
78 81 92 97 0 -8.43990638e-05 -3.52135324
47 48 59 66 3 -0.00209870236 -3.37580013
80 81 63 65 3 -0.00173339248 -5.44367504
127 127 22 53 3 -0.03592382 -2.50190973
29 29 54 85 3 -0.00254025171 -2.21705151
5 6 9 44 3 -0.0304938033 -2.58197761
96 96 124 131 3 -0.00451613264 -3.52411056
114 115 127 132 2 -0.00111361057 -3.34962463
125 125 94 109 3 -0.00999226142 -1.6257093
28 31 35 50 2 -0.170769289 0.284646749
44 44 67 98 3 -0.000415051269 -2.80732799
50 53 65 80 2 -4.91136925e-05 -4.61944818
114 116 41 47 2 -0.000162597236 -4.15911722
133 137 46 81 2 -5.71007586e-05 -3.96845412
59 59 149 156 2 -0.0155001655 -0.849745274
78 80 88 95 2 -4.83981603e-05 -4.25347471
119 124 49 84 1 -6.59218495e-05 -4.41348457
57 57 77 112 3 -0.0012350555 -5.4397254
85 85 114 149 3 -0.000559726905 -3.37273192
23 25 91 114 1 -0.0270053502 -0.5108338
175 179 56 60 2 -0.000448644831 -4.52160454
54 54 111 146 3 -0.0233926531 -0.0186353922
126 126 54 69 3 -0.000556753017 -2.71618128
116 117 53 64 1 -0.00122723565 -3.80658078
87 89 45 80 2 -0.0403645672 -4.90501595
55 58 113 120 2 -0.00212248019 -2.57071948
17 19 40 45 2 -0.0034361484 -2.55430079
85 89 46 69 1 -0.00171899959 -1.7148602
25 28 104 108 2 -0.000253886799 -5.66873789
73 75 142 150 2 -0.000450679625 -2.34127569
49 50 107 114 2 -0.00185948482 -4.27951622
0 0 0 0 3 -0.000306578731 4.44301414
0 0 0 0 3 -0.000106690823 5.76032209
0 0 0 0 3 -0.0615657046 1.53867674
0 0 0 0 3 -0.000264385715 4.96669483
0 0 0 0 3 -0.00221742829 3.17646098
0 0 0 0 3 -0.00145929272 4.08042383
0 0 0 0 2 -0.00276275328 6.23180246
0 0 0 0 4 -0.77157861 7.5953021
0 0 0 0 3 -0.0124340784 5.39784765
0 0 0 0 1 -0.300737411 7.25519848
0 0 0 0 1 -0.00913715176 4.33622837
0 0 0 0 1 -0.377164245 2.31800818
0 0 0 0 2 -0.0236043707 4.7031641
0 0 0 0 0 -0.0334566534 5.50283527
0 0 0 0 3 -0.282036096 5.6421833
0 0 0 0 3 -0.00536174839 2.88628244
0 0 0 0 2 -0.00105265982 6.51858711
0 0 0 0 2 -0.47190702 0.895393789
107 107 120 125 2 -0.000164265322 -2.71727538
80 83 128 130 1 -0.00430957787 -0.805021524
72 80 51 60 0 -0.00153457746 -2.83465004
69 23 27 62 2 -1.18070221 -2.06959724
130 136 39 74 1 -0.000789407291 -1.29785669
66 70 89 124 3 -0.0126316175 -0.955264747
68 76 84 87 1 -0.0054137609 -1.98113847
126 130 53 88 1 -0.00527767045 -3.07160807
15 16 116 131 2 -0.0516583696 -2.47930193
167 167 124 131 3 -0.000212537125 -2.33044434
120 125 136 140 0 -0.00139171979 -3.3154695
0 0 56 57 2 -0.101931147 -2.33264613
53 53 89 124 2 -0.0001227803 -4.39489746
35 40 50 53 0 -0.000906450441 -2.08039379
127 132 51 62 0 -0.000330073759 -5.48495865
45 49 63 74 3 -0.00159098441 -3.32710552
96 96 107 130 3 -0.0015136716 -2.31531453
43 48 27 34 1 -0.000120399796 -5.31811571
145 145 106 113 3 -0.0757005066 -2.58156157
76 83 208 228 0 -0.884231448 -2.95737934
83 90 45 51 1 -0.000862116925 -2.04322696
122 126 95 102 3 -0.000194897802 -3.80912137
47 52 62 65 4 -0.00931084063 -3.76669216
50 53 75 110 1 -0.0158501547 -2.29694557
55 60 147 182 1 -0.216012985 0.632162273
134 138 81 116 4 -0.00171933905 -3.44040823
83 87 44 75 4 -0.000184888078 -3.51898599
44 45 57 64 4 -0.50937283 -2.73566008
75 79 46 52 4 -0.000271068886 -5.42143202
0 0 0 0 1 -0.0293674637 4.62297106
116 120 155 190 1 -0.493661582 -1.19829154
24 28 73 108 1 -0.00480769388 -2.4776938
172 176 59 94 0 -0.000813137274 -3.507725
0 0 0 0 3 -0.866217792 7.53032255
0 0 0 0 1 -0.0518886559 6.53121996
188 190 66 89 2 -0.00580885448 -2.60016823
91 95 103 111 1 -0.000521665788 -1.36130524
51 52 85 120 1 -0.00169072743 -3.13559508
30 36 95 97 0 -0.0161428619 -2.17987967
155 158 92 95 0 -0.00126803189 -2.54684806
0 0 0 60 2 -1.10055399 3.7816813
64 64 52 56 2 -1.76867044 0.967491686
153 155 125 133 2 -0.000581767934 -3.08707714
143 146 126 133 0 -0.118567131 -3.0049684
103 106 53 88 3 -0.00052386953 -3.96979547
0 0 0 0 3 -0.298327267 2.83117414
81 83 58 67 2 -6.96169227e-05 -4.87691355
53 61 40 47 1 -0.0006408185 -1.91069269
60 123 136 141 1 -1.39436936 0.399456263
10 13 23 25 2 -0.0284986794 -0.822352588
51 51 32 40 2 -0.000326000416 -4.16163349
25 30 49 54 1 -0.0010256035 -1.25721371
45 50 119 126 1 -0.000530630932 -3.14036059
22 24 81 84 2 -0.000496943947 -3.51267648
129 135 106 114 2 -0.000722679426 -2.17611146
0 0 0 0 3 -0.00626629032 6.56912804
92 97 107 111 3 -0.0351303071 -3.57277989
117 122 60 95 3 -0.000772839994 -4.37205315
137 144 57 92 1 -0.0217532553 -5.15649605
120 120 138 173 2 -0.226432756 -0.681073785
45 45 90 121 2 -0.000974927563 -1.71010971
60 65 75 78 0 -0.000925722881 -1.03005695
88 89 102 106 3 -0.00159188581 -2.86109519
50 54 120 155 3 -0.000106570602 -3.75788307
45 49 66 101 3 -0.000140305725 -2.75429201
108 108 74 82 2 -9.65571089e-05 -4.89072323
0 0 91 126 2 -1.14968002 3.43390274
0 0 0 0 4 -0.0969282016 3.16290903
64 0 0 121 3 -1.80437338 0.00188151002
36 42 49 52 3 -0.0688474327 -0.90586406
89 93 106 113 4 -0.0196054801 -1.71605611
40 45 57 72 1 -0.0507836267 0.0262035728
153 154 51 86 4 -0.00155956519 -6.14221907
0 0 0 0 2 -0.00584135205 3.99375176
43 43 106 113 4 -0.00163214048 -2.21811604
80 80 113 115 4 -0.027821552 -2.95851302
113 116 63 98 3 -0.000626002904 -2.53269291
138 141 121 123 2 -0.00171711238 -1.41363215
134 136 118 124 2 -0.00271122321 -2.72867846
98 98 40 47 3 -0.00311283302 -3.11413741
119 119 160 191 3 -0.0960095674 -0.46345681
110 118 134 140 0 -0.000384068466 -2.69039679
102 103 85 87 3 -0.00450388901 -3.10659885
48 53 84 119 3 -6.32993542e-05 -5.23656225
102 104 57 64 1 -0.00124353974 -3.30236888
27 31 82 93 1 -0.00362200011 -1.84283733
167 173 123 129 0 -0.00165981194 -5.77750158
213 222 240 177 1 -1.0041002 -0.0235636234
0 0 0 0 3 -0.511698067 6.91114664
32 34 50 65 4 -0.547213852 -1.83957767
45 46 53 88 1 -0.0383454747 -0.625744879
0 0 0 0 2 -0.56400317 7.31261873
0 0 0 0 2 -0.0492294803 6.32733679
59 65 76 111 2 -0.000177730923 -3.20899558
79 85 115 122 3 -0.00257908669 -0.863534927
47 50 85 116 3 -0.0261093229 -1.56178379
0 0 0 0 4 -0.098168917 0.825308383
137 144 91 114 0 -0.00112818368 -1.60145664
71 77 103 138 3 -0.0106119486 -1.16518807
76 79 43 48 4 -0.000574524689 -3.21369672
0 0 0 0 2 -0.0131336693 3.49037528
0 0 0 0 1 -0.0256672949 6.01930857
57 63 80 86 2 -6.27033078e-05 -4.66258097
127 127 198 202 2 -0.000287633098 -3.62609243
47 47 77 80 2 -0.841837943 -0.681981087
137 140 84 119 3 -0.00239195651 -5.90304232
75 75 91 94 3 -0.000743214739 -4.74737835
220 220 131 166 2 -0.311620533 -2.44254446
0 0 0 0 2 -0.00356081431 3.19351459
0 0 0 0 4 -0.563046813 1.74024558
101 113 52 87 1 -0.317498207 -1.65654707
91 91 106 112 3 -0.00238415669 -2.08757925
26 31 36 40 4 -0.413188696 1.37605429
122 126 139 150 3 -0.001805056 -4.02651596
87 93 106 113 2 -0.0774249882 -0.912806988
90 95 110 119 1 -0.000374886033 -3.62729597
0 0 0 0 3 -0.314752668 6.99034691
112 115 124 130 4 -0.000346985587 -4.56159163
103 105 63 98 3 -0.60785836 -5.62778711
150 155 54 89 3 -0.00615516631 -4.79159021
0 0 0 0 3 -0.703626752 4.24441767
25 29 101 109 2 -0.000216831511 -5.23732042
0 0 0 0 1 -0.623212755 6.37486267
63 0 158 173 3 -0.518844366 -1.5772264
31 32 37 44 2 -0.0763239264 -3.23332667
159 159 172 207 2 -0.00702831103 -3.42052126
0 0 0 0 2 -0.0463214926 6.50973272
92 96 50 73 3 -0.000243058515 -3.83911586
159 161 104 139 1 -0.835045695 -1.81144118
122 130 106 110 1 -0.000539719535 -1.9664259
57 57 113 117 4 -0.00195883331 -1.53044152
59 64 86 121 2 -0.000850633427 -4.18016243
72 78 44 59 2 -0.0348490998 -1.71476483
131 133 151 186 2 -0.001139211 -1.80369353
58 66 97 100 0 -0.00232580211 -2.69326234
73 77 117 125 0 -0.00328677148 -0.687222242
116 120 67 102 2 -0.00359627348 -5.23695993
0 0 0 0 2 -0.294756979 5.08055925
61 67 81 104 1 -0.0183154959 -2.17034292
137 141 80 115 4 -0.0938494205 -0.7451334
71 74 90 96 1 -0.000179400071 -3.3132019
68 73 94 129 4 -0.000146385413 -2.59562469
59 61 73 79 1 -0.0169204529 -2.84246826
50 52 143 151 2 -0.0016692538 -4.81313658
99 99 108 113 4 -0.0861134753 -1.0451045
141 146 46 54 1 -0.161188096 -2.72138238
91 96 157 163 0 -0.0524701737 -0.210910037
121 122 46 69 2 -0.002473559 -3.98721051
98 102 63 86 2 -0.000189169383 -4.59316635
84 88 97 132 2 -0.00543644279 -3.07439637
48 51 78 81 2 -0.147179678 -0.31181249
62 63 120 124 2 -0.000747336075 -3.92745066
120 123 49 56 0 -0.206069276 2.51010132
19 22 48 55 4 -0.0573886633 0.519768834
103 105 120 151 2 -0.00352159981 -0.960396409
52 55 90 94 2 -6.31791991e-05 -4.81938791
54 54 70 78 4 -0.0140834721 -0.831739068
0 0 0 72 3 -0.708392262 1.37103581
142 143 60 64 2 -0.00232141791 -4.52631664
0 0 0 0 1 -0.679600954 7.17369032
0 0 0 0 2 -0.000766298093 3.01653385
65 66 107 110 3 -0.00604176009 -0.963835597
36 37 48 54 2 -0.000270344783 -4.14093542
77 81 94 129 3 -0.0194029827 -5.89345312
184 218 165 173 2 -0.617079735 -1.60061336
0 0 0 0 3 -0.209749013 7.05134726
44 48 73 80 0 -0.0125658913 -3.11644053
96 101 40 55 0 -0.0947036147 -4.54486895
147 151 164 168 4 -0.0361614376 0.276752532
58 60 79 90 1 -0.042952098 -1.05476069
47 53 57 61 2 -0.00994608644 -4.01069927
67 75 49 57 0 -0.000487037789 -3.61683965
107 109 125 129 2 -0.00051923783 -2.145154
73 78 21 56 2 -0.0807225406 -3.56174397
129 133 55 66 2 -0.000553548103 -5.7414093
52 58 78 84 0 -0.0663322806 -2.4740541
86 87 49 58 2 -0.000679839577 -6.25444841
9 13 19 54 4 -0.38146016 -2.76189113
129 130 139 174 3 -0.14742893 0.219458818
86 86 107 142 2 -0.0413918085 -1.67045736
0 0 0 0 2 -0.028904248 1.78092337
126 129 193 199 2 -0.321009189 -3.77551675
60 62 77 83 1 -0.0472726151 -3.42089105
88 88 120 127 3 -0.00232404424 -2.78790116
0 0 0 0 3 -0.63054496 4.09496307
64 66 80 115 2 -0.000248542376 -4.28243876
84 86 169 177 2 -0.00124034693 -5.27284908
23 29 37 72 2 -0.0255632009 -0.592025638
0 0 0 0 2 -0.000614699442 3.0968163
117 120 90 97 4 -0.00170654373 -3.02998161
110 114 125 160 2 -0.0010690121 -2.07253337
153 159 61 114 3 -0.0625594854 0.577224433
0 0 0 0 1 -0.00725538284 4.9396925
139 139 119 126 3 -0.00027285848 -2.42687082
0 16 0 0 2 -0.693965316 1.70292568
58 61 74 77 2 -0.000169864245 -4.44579601
13 0 29 36 3 -1.39718461 2.16327834
89 97 57 65 3 -0.000132914283 -5.49840641
0 0 93 100 3 -0.205095828 1.93630719
82 85 57 60 2 -0.0305890329 -4.91810274
114 114 86 94 3 -7.91534912e-05 -3.79824638
77 81 65 72 0 -2.39609835e-05 -3.25077295
0 0 0 0 1 -0.308687031 3.45445132
65 65 124 135 3 -0.00495596742 -1.96752739
55 60 77 81 3 -0.0132679204 -4.09377289
69 73 162 193 3 -0.676689625 -3.07284665
42 44 87 122 1 -0.00022160064 -5.11619186
0 0 0 0 1 -0.00256837811 8.33844852
118 119 135 158 3 -0.000918536156 -1.6166513
88 94 41 76 0 -0.0072183921 -3.58983922
80 81 42 45 4 -0.002768907 -5.25617933
35 42 59 67 2 -0.00345752039 -1.83274126
83 88 134 169 1 -0.000491582323 -1.34398055
47 50 111 113 3 -0.0169244222 -1.40083241
103 107 119 127 4 -0.000119444943 -4.33709908
0 0 0 0 2 -0.00316530629 6.90039444
0 0 0 0 3 -0.181825206 0.882753432
0 0 0 0 4 -0.335062355 7.51114368
30 34 54 89 1 -0.046830643 -3.23654437
0 0 0 85 2 -1.21981514 0.242015064
80 80 114 122 2 -0.000573125493 -3.61025548
85 85 92 94 2 -0.0421561822 -2.01064777
16 19 35 40 2 -0.000450667867 -3.97505212
115 118 39 74 2 -0.211537972 -5.09918451
0 0 0 0 1 -0.0243559591 2.69945598
47 49 69 73 1 -0.0346314609 -1.48949194
145 146 154 158 2 -0.0326264724 -0.247927219
122 126 87 98 2 -0.00966817047 -1.81007147
101 101 50 85 3 -2.98021951e-05 -4.15128183
88 95 102 109 0 -0.00848106667 -1.01154733
188 188 205 212 2 -0.00224788999 -4.29655457
0 0 0 0 3 -0.693618536 7.77856112
74 80 146 155 1 -0.000436640752 -1.86653876
70 70 52 58 4 -0.000968116743 -4.32252455
131 131 40 45 2 -6.18691629e-05 -4.57159996
55 58 73 76 2 -0.00837264024 -1.09567404
0 0 0 0 2 -0.206613332 6.6775465
160 162 141 143 2 -0.00926256552 -4.57590628
163 164 70 77 2 -0.110663354 -0.908391654
94 94 53 88 2 -0.0668779463 -3.08628011
73 73 24 31 1 -0.0510279201 -0.0988509655
0 0 0 0 1 -0.458296031 7.37564754
72 76 27 62 4 -5.51934536e-05 -4.26321125
0 0 0 0 2 -0.395287037 7.45225239
111 111 64 71 2 -0.005185402 -4.45501328
0 0 0 0 0 -0.0194331761 4.10319614
0 0 0 0 1 -0.884910107 7.7803607
225 230 58 93 1 -0.00743318629 -1.14290583
65 69 86 97 2 -7.41472613e-05 -3.82600093
95 99 123 132 2 -0.1231976 -2.19668484
180 186 59 63 2 -0.00429552328 0.847500861
89 89 95 100 2 -0.000118609911 -2.51879859
0 0 0 0 2 -0.228227019 6.97291231
33 40 95 103 0 -0.00531257084 -2.57450294
46 51 22 28 4 -0.000213496402 -2.28033209
98 100 125 156 2 -1.10810971 -3.90779352
21 22 35 70 2 -0.000447457278 -2.20648932
133 136 155 160 2 -0.00796912238 -0.513811886
0 0 0 0 0 -0.417157501 7.32844353
38 43 81 116 0 -0.00567711005 -3.40543652
73 76 55 57 3 -0.000110265391 -4.28915882
41 41 53 60 3 -0.000285247137 -2.25233197
188 189 208 210 2 -0.0375060439 -2.27953267
58 62 129 131 3 -0.00151551864 -3.32135653
89 92 135 142 2 -0.00253650034 -5.05500221
100 102 48 53 1 -0.00131667103 -2.09640217
91 95 38 42 3 -0.000207775287 -2.28940964
49 52 37 39 2 -0.00586665608 -0.505077302
91 92 69 75 2 -0.000793952786 -4.10946846
59 61 40 44 2 -0.554015338 0.962493837
47 48 67 74 4 -0.000119086224 -3.28839636
109 109 43 49 3 -0.865074098 1.00174928
86 89 34 69 0 -0.00512947282 -1.77961087
79 84 99 134 2 -0.502830744 -2.83862114
124 124 200 203 2 -0.00156001747 -5.49701166
0 0 0 0 2 -0.000848668278 4.01891184
0 0 0 0 2 -0.00189994276 2.4683423
179 181 48 79 1 -0.102745086 -1.51894689
112 115 133 168 4 -0.000631375879 -3.58142781
222 0 61 0 2 -1.89144373 3.32427049
0 0 0 0 2 -0.625273585 6.95737791
0 0 0 0 2 -0.72186774 6.6308074
94 94 21 24 3 -0.00497845048 -1.0608871
26 32 91 94 1 -0.0219438914 -2.680094
64 70 76 82 0 -0.000446523161 -3.08277106
141 145 122 129 2 -0.023038527 -4.89355135
97 103 158 165 1 -0.000830165343 -3.68340015
105 114 123 131 0 -0.0358079746 -2.45814538
0 0 0 0 0 -0.3875148 5.17951965
75 82 90 94 0 -0.000590858865 -1.03397322
144 152 116 119 0 -0.00590911973 -4.14644432
0 0 0 0 2 -0.109759763 7.3303833
44 45 107 113 2 -0.972438157 0.267705321
97 97 104 108 3 -0.0236349087 -0.904189587
88 88 64 70 3 -0.0892533362 -2.68783379
45 50 65 69 1 -0.00359720341 -2.76315618
61 61 81 89 3 -0.000357587473 -4.05624819
52 55 74 80 0 -0.0044537792 -1.91311765
0 0 0 0 3 -0.000133154739 6.05986118
0 0 0 0 2 -0.093534492 5.45581865
0 0 0 0 2 -0.0126884151 7.03588629
92 92 118 153 2 -0.0370824188 -5.45914602
69 76 103 107 1 -0.00253802631 -3.62367415
61 64 154 162 2 -0.00338633708 -2.64063263
41 43 69 74 2 -9.40534737e-05 -3.01330972
111 114 62 85 2 -0.0495130718 -0.593132734
148 150 111 126 2 -0.0144729149 -1.99621916
120 124 81 104 3 -0.000158663766 -4.47193289
88 92 105 109 0 -0.00731787365 -2.09403181
102 107 116 139 0 -0.00228618458 -1.98828292
0 0 0 0 2 -0.000127073436 5.29451895
51 55 64 87 1 -0.00346210389 -3.16970325
68 72 87 92 0 -0.000660519407 -2.58987117
91 93 107 110 2 -0.00102940574 -3.99971247
165 168 82 117 2 -0.0803039297 -2.77614832
32 38 54 59 0 -0.129533008 -7.16601944
104 106 121 156 2 -0.000164858124 -3.93150926
40 41 171 194 3 -0.0596211329 -2.29522204
49 55 67 102 2 -0.0198247805 -2.14309716
68 69 85 116 3 -0.00086658512 -4.65162516
59 61 67 69 2 -0.0210520346 -1.51440144
70 71 17 21 3 -0.0011923546 -3.52194071
117 120 34 38 2 -0.000296576443 -2.98731327
188 195 137 172 3 -0.00195633154 -4.32043362
66 71 86 109 3 -0.00114097912 -3.13019514
56 65 75 80 1 -0.19548212 -1.70073485
94 97 138 173 2 -0.00192449545 -4.18124008
154 157 106 141 4 -0.0678974912 -2.46378636
36 41 116 147 2 -0.00335523253 -2.36057973
0 0 0 0 3 -0.00592878275 6.6598649
129 135 164 179 3 -0.0672118887 -0.88377285
119 126 31 66 1 -0.00842420664 -4.23335981
0 0 0 52 2 -0.748535931 1.76046085
103 107 126 157 3 -0.00100736786 -1.53255749
130 130 76 111 3 -0.00996569544 -4.34810352
72 72 84 87 2 -0.000204194279 -4.39811134
130 136 145 168 1 -0.00734890625 -0.835790932
208 209 63 68 2 -0.0816372111 -5.79452133
121 126 93 116 1 -9.13119657e-05 -1.95506239
0 0 0 0 4 -0.0117281415 6.94954395
75 83 118 123 0 -0.0213117506 -2.58279347
85 89 0 0 1 -1.32867873 1.43731952
108 112 39 74 3 -0.000862191839 -3.36721945
135 136 153 162 2 -2.03269553 -1.0281527
35 42 137 172 0 -0.00200140802 -1.95667195
72 74 95 130 2 -0.0925007164 -3.37896657
0 0 0 0 3 -0.398376614 5.94999123
81 81 51 66 3 -0.0135058844 -0.395664185
90 91 104 109 4 -0.000143285608 -3.67837453
52 55 98 109 3 -1.43732715 -3.26578856
0 0 99 106 2 -0.119364098 1.05324602
0 0 0 0 2 -0.211381838 0.1909042
105 111 127 162 2 -0.0108767664 -0.521593273
69 73 87 102 0 -0.00969231874 -3.02474952
60 61 50 53 2 -0.0262792632 0.0109493732
0 0 0 0 2 -0.0021589878 5.81366301
136 140 99 105 3 -7.73654028e-05 -3.87806678
60 64 40 43 3 -0.871675313 0.619301856
116 117 138 146 3 -0.0601950362 -5.61645174
128 128 155 155 3 -1.29421651 -4.90133381
41 41 96 131 3 -0.443605036 -1.11499357
0 0 0 0 4 -0.00745777274 4.89508152
35 35 46 53 4 -0.00347347837 -2.46517539
0 0 0 0 1 -1.14703882 2.26374578
0 0 78 84 3 -1.60628402 1.52072287
63 73 164 199 0 -0.000414571725 -2.7227335
69 72 53 57 2 -0.00168733741 -4.73629189
100 103 142 153 2 -0.000185722107 -3.05343246
70 74 105 114 1 -0.000504691037 -4.50691414
39 44 56 61 0 -0.0189512521 -3.604002
96 102 42 50 0 -0.00103584188 -3.53082371
37 37 96 105 2 -0.000783455791 -4.48144341
0 0 0 0 2 -0.000163666235 5.10704184
95 113 35 66 2 -0.644868493 -3.90716839
45 48 116 147 1 -7.27165389e-05 -3.88576221
90 95 105 128 2 -0.000370225665 -2.10118175
85 89 35 41 3 -0.0868802145 -0.697996318
119 122 135 158 0 -0.630412936 -0.134174019
89 89 21 56 3 -0.000393338065 -2.61341262
57 61 150 157 2 -0.00595534546 -2.43230438
121 121 75 110 3 -1.24958503 1.31245327
104 107 122 129 4 -0.000332572265 -1.94647002
54 58 71 106 1 -0.00304701459 -3.34252191
41 48 59 70 2 -0.0388702415 -1.63466239
54 58 76 111 2 -0.00234696176 -3.13524604
141 143 108 111 1 -0.000149603715 -1.86983418
84 85 23 28 1 -0.918853223 -3.23742294
71 73 102 110 2 -0.000868365169 -2.24916458
80 83 119 127 3 -0.652712584 1.56180286
43 47 64 87 2 -0.000822910806 -2.5815928
46 47 84 85 1 -0.00253638811 0.369288146
130 134 60 95 2 -0.000897054095 -4.51169729
42 42 61 96 3 -0.000838458422 -3.71634841
84 85 97 132 2 -0.00360368844 -4.21583462
200 200 131 166 4 -0.0141327716 -2.01354671
85 85 41 48 3 -0.00819736347 -1.66021705
84 88 101 136 3 -0.039047081 -1.73758554
0 0 0 0 2 -0.0342673734 1.99278212
127 134 153 160 2 -0.889526486 -3.07871222
52 56 70 85 2 -0.00425190898 -5.10611248
126 131 50 58 4 -0.00623220624 -0.9976421
34 39 73 108 3 -0.000491351937 -1.24486518
33 40 86 121 0 -0.000515364227 -6.0888114
172 177 106 141 3 -0.00214594556 -5.0342083
135 141 48 83 3 -0.00233578309 -1.3688699
104 107 71 86 2 -0.000772001105 -5.36675358
20 25 30 65 4 -0.234134674 -1.53123116
85 92 43 50 2 -0.00163516309 -2.1605773
118 123 61 96 4 -0.000751421554 -4.04837084
93 93 45 80 3 -0.00248151133 -1.6544795
48 49 59 74 4 -0.00117967033 -4.22821951
0 0 0 0 2 -0.153139293 7.02272892
110 112 128 135 2 -0.00326810894 -5.00695848
88 90 100 106 2 -0.000188223989 -3.43846798
155 158 57 72 2 -0.003082674 -4.72219944
65 66 115 150 2 -0.000102279977 -3.99563622
64 64 18 53 2 -0.740674913 0.882454216
102 110 56 91 1 -0.00660782168 -0.39808327
62 65 87 110 1 -0.00666185841 -1.98046446
64 64 137 152 3 -0.00119303144 -2.05623507
54 59 91 97 0 -0.00211951695 -3.37629223
139 143 70 77 3 -0.331514329 -1.27245378
40 42 77 80 2 -0.0208390839 -2.99877143
103 113 35 38 0 -0.000386185799 -3.76454854
49 49 59 94 3 -0.000993403373 -3.10166192
84 84 39 74 4 -0.00657087425 -6.29101324
0 0 0 0 3 -0.392126024 6.90981197
85 89 55 78 4 -0.438317001 -1.8536303
141 144 41 46 4 -0.00181770325 -3.14093471
93 94 123 124 3 -0.01215454 -1.6815002
84 84 98 133 4 -0.000306942908 -5.20774889
117 120 102 107 4 -0.00399307208 -1.83137941
165 167 40 46 1 -0.00368783693 -1.81629682
0 0 0 0 2 -0.00154480408 5.58544874
0 0 0 0 3 -0.177597523 7.23653364
101 108 44 51 2 -0.00144901709 -5.04124784
89 91 101 104 1 -0.00209296518 -5.71480894
83 89 105 111 3 -0.000690181914 -2.25867772
52 56 136 141 2 -0.606754601 1.7551322
125 133 74 109 0 -0.000905295543 -1.77694893
92 93 105 112 3 -0.180013239 -3.08706856
0 0 0 0 3 -0.00835285895 6.98180485
105 107 66 74 3 -0.00124210829 -2.62376618
132 135 51 57 4 -0.000111220405 -3.61649609
0 0 0 0 2 -0.362334609 6.58130455
26 34 38 49 2 -0.061247997 -0.541959345
0 0 0 0 2 -0.0305368751 4.51884985
116 116 40 75 3 -0.000776093744 -0.746347249
47 50 97 132 4 -0.000903459615 -4.10546827
45 46 69 71 3 -0.151522145 -1.05735147
121 129 37 72 1 -0.000545886636 -4.85623455
148 149 162 197 3 -0.0304793268 -3.60545516
0 0 0 0 2 -0.0773905814 6.32583714
126 130 80 115 3 -0.000459816598 -4.69116259
99 106 124 127 0 -0.134593785 -4.44551182
25 29 83 85 2 -0.0129829217 -1.92579722
220 224 87 122 3 -0.0958717093 1.5414958
0 0 0 0 3 -0.11271973 3.2760067
0 0 0 0 2 -0.00237712194 4.45735264
63 66 28 43 1 -0.00668462599 -2.21277261
70 73 112 143 2 -0.0512492508 -2.49061775
0 0 0 0 2 -0.00433163997 2.67453408
40 44 149 184 4 -0.000416724797 -3.75933051
88 92 49 56 1 -0.000456653826 -2.8921392
100 104 63 69 2 -0.000350684539 -4.40863228
93 97 112 147 3 -0.000746613368 -3.93114305
44 49 93 98 0 -0.000356649456 -2.57299304
157 162 85 89 3 -0.0124111874 -5.62488937
90 91 100 111 2 -0.00296703144 -2.1505456
110 114 123 132 2 -0.250369996 -3.67640138
48 52 175 210 4 -0.000444111327 -3.95883274
85 85 52 60 3 -0.0165584311 -0.796016335
59 61 80 115 3 -0.00248580799 -1.40966558
39 42 52 54 2 -0.000729209511 -2.10612345
60 68 96 119 0 -0.000116584495 -2.75473595
30 35 64 95 2 -0.00374373863 -2.56451869
104 105 118 124 3 -0.0144933918 -3.52942085
0 0 0 0 1 -0.694034159 4.31274652
39 39 49 84 3 -0.0437456146 -1.83712506
0 0 0 0 2 -0.7221753 7.3191247
138 139 92 123 2 -0.143644035 0.163793683
134 137 112 120 1 -0.000162595141 -3.17148733
0 0 0 0 2 -0.00253903912 2.21619749
34 39 117 123 1 -0.00068577705 -4.06510448
115 118 85 96 1 -0.0735737756 -3.59688711
52 55 142 173 3 -1.62734532 -0.0987716317
0 0 0 0 1 -0.110821851 2.32005429
106 106 152 161 3 -0.00912851188 -4.13123035
0 0 0 0 2 -0.913338065 7.12079191
93 96 109 144 3 -0.00815256126 -1.21175027
95 98 60 83 2 -7.3908639e-05 -4.27846861
35 38 101 106 0 -0.00171723787 -2.00421405
0 0 0 0 3 -0.0128988195 4.37573004
0 0 0 0 1 -0.0379604548 3.42092276
136 140 82 86 3 -0.0525083281 1.37063122
66 71 130 165 3 -0.0133133857 -1.04811954
0 0 0 0 3 -0.0836384445 2.32507086
56 56 103 126 2 -0.00743099861 -2.07138515
0 0 0 0 2 -1.21402752 7.64180326
72 77 36 47 1 -0.103320152 -3.41566944
53 53 152 157 2 -0.0147376806 -1.73448825
113 115 145 148 2 -0.340942323 1.92052794
136 146 66 101 0 -0.0221649222 -5.35951376
136 136 35 40 2 -0.418851018 -0.116203934
157 157 46 81 2 -0.00696125068 -1.21206546
69 74 90 105 4 -0.000110147274 -3.45149493
84 92 67 70 0 -0.00390487351 -2.94823837
53 55 68 75 2 -0.00160496822 -2.8018012
103 108 53 88 3 -0.000111100111 -2.74387169
116 117 72 107 3 -0.268433928 -5.30539227
42 42 73 108 3 -0.000201574614 -4.68234921
89 91 74 77 2 -0.00430561835 -1.82347178
0 0 0 0 0 -0.00730598625 4.98672104
123 129 91 102 1 -0.0110140573 -1.94628263
85 87 57 59 2 -0.000734566594 -2.94586301
22 27 34 69 2 -0.100878067 -1.52229834
70 28 78 81 2 -0.378700286 -4.64166498
0 0 0 99 1 -0.718606472 1.58391786
127 129 21 56 2 -0.00455099018 -2.0332489
56 58 92 127 4 -0.00276985927 -2.94815636
0 0 0 0 2 -0.158290148 1.39223576
93 95 77 86 1 -0.116934113 0.249473691
0 0 0 0 3 -0.0247903913 4.2366333
70 71 86 89 3 -0.000845907722 -2.70698595
123 127 86 97 3 -0.000888815208 -2.15836048
118 121 105 110 1 -0.32323423 -3.51073527
53 59 79 84 1 -0.000642333995 -3.30865979
77 78 55 59 1 -0.00311097316 -4.38553858
43 51 93 128 3 -0.0586418435 -4.94569063
99 100 123 165 2 -0.802297354 0.656915843
74 78 142 177 3 -0.157868698 0.480155289
36 40 45 56 3 -0.117769383 -1.56908321
0 0 0 0 3 -0.332815498 6.97616148
121 125 100 106 3 -0.0138770184 -1.28857851
42 45 160 183 2 -0.490836293 -1.63686943
168 171 90 125 3 -0.00925940368 -4.38971138
0 0 0 0 2 -0.00155999896 3.82424378
0 0 0 0 3 -0.0700186118 3.6676681
141 145 95 130 3 -0.00118652172 -3.35203218
180 182 17 22 1 -0.149244934 0.436705053
0 0 0 0 2 -0.0326421484 3.73622346
106 109 133 142 3 -0.00327940471 -0.649197698
0 0 0 0 2 -0.938159049 1.57569551
119 119 125 127 3 -0.0469432659 -1.37606287
30 37 68 73 0 -0.00856998935 -1.66208172
54 60 71 78 2 -0.00146834343 -1.64218163
34 38 42 54 0 -0.00629759161 -2.17694306
27 31 40 48 1 -0.777659059 0.740058243
187 192 168 172 1 -0.00190456293 -1.75947452
0 0 0 0 4 -0.309845954 -0.446107239
41 45 59 90 3 -0.00271381694 -2.92514086
86 89 117 128 1 -0.000478184433 -2.91121316
0 0 0 0 2 -0.0493141934 0.215291977
78 84 143 147 1 -0.0262477677 -4.07538128
122 130 26 34 0 -0.000205385906 -3.36827517
59 63 76 83 2 -0.00285434164 -1.75239658
100 0 0 0 3 -1.22397459 1.30266833
49 53 110 118 3 -0.000287495961 -5.03107309
54 57 86 109 2 -0.0497187451 -1.7564261
77 81 94 97 3 -0.041349113 0.447403193
177 181 202 225 2 -0.0988624766 -3.92646527
53 59 101 136 1 -0.0226946212 -0.218872234
59 64 133 138 0 -0.0330897495 -3.20861769
92 98 191 196 0 -0.0562997088 -3.9134922
41 44 52 67 1 -0.13733241 -1.32365751
110 112 125 136 3 -0.00257952348 -5.17570686
0 0 0 0 2 -0.00725687156 7.04202509
44 46 70 74 1 -0.00168455928 -4.23040724
0 0 0 0 0 -0.291573018 4.05449915
148 151 0 0 2 -1.27434587 2.07301164
106 112 127 129 1 -0.000338040001 -2.08528423
228 230 115 150 0 -0.489089251 -2.41600919
183 186 204 239 1 -0.484610587 -1.11031246
0 0 0 0 3 -0.144572914 6.68963814
133 139 85 120 1 -0.000396441639 -4.06619835
144 147 116 120 0 -0.000299071893 -4.00075388
0 0 0 0 2 -0.282443792 3.6550262
90 97 61 73 2 -0.277667254 0.392470062
47 49 61 68 1 -0.00344790402 -1.0624404
0 0 65 0 1 -1.2013216 4.87927675
96 101 46 61 1 -0.000448417122 -2.38751674
0 0 0 0 3 -0.372640163 3.29619336
0 0 0 0 0 -0.0824131668 3.6806705
0 0 0 0 3 -0.484649628 7.02716017
111 115 44 79 3 -0.00247824308 -5.85362577
113 115 132 167 2 -0.00191845116 -1.1068182
0 0 0 0 3 -0.0322718546 6.44416428
125 128 72 107 2 -0.205680147 -3.05907965
130 135 42 77 4 -0.00243679085 -5.19315577
0 0 0 0 2 -0.196144566 7.20826864
110 112 140 145 1 -0.00377720292 -4.81577492
135 137 149 155 1 -0.000500865281 -2.84573054
44 48 103 106 1 -0.158592716 -1.1370821
44 47 103 104 3 -0.0381501541 -5.78804684
17 21 26 32 1 -0.0118454471 -1.54121137
0 0 0 0 2 -8.1180413e-05 4.45595074
52 53 29 37 2 -0.107822724 -4.03585005
90 92 68 72 2 -0.024518311 -1.38702822
95 98 78 80 2 -0.00236808788 -3.68466902
72 77 37 48 0 -0.0010735289 -1.78892159
0 0 0 0 3 -0.0927383676 3.58024907
157 160 75 83 2 -0.964816451 0.922143519
91 93 62 69 2 -0.00863395352 -1.4222393
75 78 89 124 4 -0.000338033598 -5.28205776
99 102 119 125 2 -0.000248773402 -3.78880954
34 37 74 109 2 -0.000609455281 -3.12963104
48 56 68 70 1 -0.000453890156 -1.40764332
84 84 19 25 3 -0.000418998621 -2.66678715
0 0 0 0 1 -0.706313908 7.6670413
46 49 65 100 1 -0.00185775105 -3.15529656
0 0 0 0 2 -0.0161050763 3.15008116
115 123 163 170 3 -0.0991354287 -3.08042359
134 141 151 157 0 -0.0769393593 -3.55047297
116 119 137 141 3 -0.000122066514 -5.39914942
48 52 121 126 4 -0.613322198 -1.31888843
62 66 127 129 2 -0.00075348292 -2.83212185
133 136 109 117 2 -0.0156153925 -2.11732531
57 62 94 129 3 -0.00067154743 -4.37616968
46 54 140 145 0 -0.000337100006 -1.19390631
86 89 39 43 2 -0.000258313346 -2.80732155
35 43 51 86 2 -0.00207383977 -2.81406903
103 107 123 127 4 -0.00122311187 -0.889065504
78 86 25 60 2 -0.000251748774 -2.90606856
52 53 0 0 2 -1.16398144 4.64121199
0 0 0 0 3 -0.215352908 2.40469575
44 46 87 91 3 -0.00307817361 -5.21289015
67 72 103 138 1 -0.196110994 -0.713187218
113 115 129 160 2 -0.000475102453 -3.49313426
100 103 140 151 4 -0.00729139056 -3.67278361
80 84 101 136 4 -0.000451755564 -4.75688219
35 37 133 139 2 -0.000102993094 -3.84391737
0 0 0 0 3 -0.318243891 3.83350587
66 70 45 54 3 -5.04249765e-05 -2.75861168
63 66 100 111 3 -0.0127766822 -3.55643845
102 105 41 76 4 -0.00112974038 -3.68757272
0 0 0 0 1 -0.213088915 3.21387482
49 56 107 114 0 -0.000862229732 -0.829421043
83 87 34 45 2 -4.58950708e-05 -4.57040644
26 28 57 60 2 -0.00608987687 -3.10099888
101 103 35 58 1 -0.0227709599 -0.626652598
84 89 145 148 1 -0.00202932698 -5.58896208
78 78 180 188 3 -0.00601497432 -2.70635319
108 111 51 86 2 -0.161243021 0.712102115
155 160 49 56 2 -5.17364133e-05 -3.57495809
124 132 100 107 0 -0.0270144306 -1.45492959
97 99 128 137 1 -0.000741100055 -2.90524054
122 122 102 111 1 -0.00272158813 0.447309792
0 0 0 0 2 -0.00106443942 4.73553705
25 27 36 42 1 -0.00820490811 -1.84487319
48 49 81 116 3 -0.253071696 -0.109175265
105 105 116 123 2 -0.000146740829 -5.56464195
0 0 0 0 1 -0.00392935751 6.28147364
45 49 110 145 3 -0.0471134037 0.609612048
92 92 64 75 3 -0.00600461522 -0.582192063
80 83 40 44 3 -0.000255917519 -3.2701273
171 174 51 74 3 -0.0175354034 -3.75558901
0 0 0 0 1 -1.18953967 7.62993479
82 86 96 131 2 -0.0683896542 -3.10643673
34 39 45 80 1 -0.038508866 -2.47544193
0 0 0 0 2 -0.0102669094 5.35077238
64 67 79 94 2 -0.000323613727 -4.05742645
77 82 53 61 0 -0.000386798958 -3.75894165
69 69 90 99 4 -0.0243100356 -2.48409605
116 120 71 102 1 -0.000315284444 -4.96262598
58 59 143 145 2 -0.000734591973 -2.06257987
0 44 0 0 3 -1.74904299 2.28550744
51 51 61 67 2 -0.000553031277 -5.88533115
130 132 60 95 1 -0.0109340949 -2.55037355
112 117 182 190 4 -5.38821077e-05 -3.23462558
135 135 41 47 2 -0.000516094733 -4.49757576
102 106 129 133 2 -0.00935113989 -1.47062302
97 98 23 29 2 -0.000348544709 -2.67604041
48 0 0 0 2 -0.692251801 4.36852407
68 70 26 61 1 -0.000124094353 -4.56555176
0 0 0 0 4 -0.0597227924 2.59763002
0 0 0 0 2 -0.000270476041 4.153234
37 38 121 152 2 -0.00215635262 -1.59384775
74 78 142 151 4 -0.00282242126 -2.31736016
105 111 127 162 0 -0.000116464958 -2.85494351
142 149 59 64 0 -0.00106518564 -4.76496983
94 98 158 165 3 -0.000290142023 -3.9651041
50 57 69 80 0 -0.000177617214 -3.1105938
98 104 88 92 1 -0.0011776326 -1.90608764
118 120 138 145 2 -0.0021318628 -4.41325235
0 0 0 0 1 -0.00664189877 4.00324726
38 42 81 116 1 -0.000319339044 -5.09307098
82 85 148 163 4 -0.00103118049 -4.39422989
181 187 90 97 0 -0.663517952 -5.20269346
0 0 0 0 3 -0.000217426219 1.53628254
46 47 108 115 3 -0.00458598183 -4.05794144
108 111 129 164 1 -0.00164798927 -1.85723925
112 0 27 50 3 -0.820980012 -0.127063423
42 42 70 93 3 -0.201019943 -4.43510485
51 56 156 158 1 -0.0012817207 -2.09752607
104 107 127 130 3 -0.0021514867 -4.71896601
117 124 102 106 3 -0.0108282631 -2.02376103
73 75 47 51 2 -0.00012563965 -5.15045023
59 64 40 48 1 -0.000678359822 -0.914531112
123 127 139 174 3 -0.000318385864 -4.20874643
0 0 0 0 2 -0.021403214 5.06211329
101 103 34 69 2 -5.97229555e-05 -4.56012154
93 95 112 127 2 -5.43590068e-05 -5.44050503
89 93 101 108 1 -0.000430018699 -5.13264751
0 0 0 0 1 -0.63566339 7.34292746
0 0 81 116 2 -1.16505396 -1.49354076
120 125 134 138 1 -0.00742283557 -2.58619308
0 0 0 0 3 -0.000244945084 3.25443745
0 0 0 0 2 -0.00124603498 4.45735931
123 126 39 74 2 -0.000813758525 -4.1200738
124 127 46 49 2 -0.000310875301 -1.98966885
0 0 0 0 2 -0.406150043 7.38289213
44 46 58 66 2 -7.33129709e-05 -4.12200642
87 88 42 77 2 -0.111367948 -2.07261419
60 60 74 77 2 -0.00200033793 -2.97696424
93 97 43 78 4 -0.000322321604 -3.4075141
91 94 39 70 0 -0.104070872 -3.68785977
95 98 52 59 2 -0.00158326817 -5.17010784
88 88 57 68 3 -0.000897104328 -2.33934402
101 106 51 66 1 -0.00401953841 -4.14059258
0 0 0 0 2 -0.194818407 6.78271389
111 116 40 43 1 -0.00013267505 -4.0939312
44 48 131 138 4 -0.000153535162 -3.18154454
0 0 0 0 3 -0.146245554 6.55311394
0 0 0 0 3 -0.000256627187 2.24235582
101 105 63 70 1 -7.18822557e-05 -3.04319501
0 0 0 0 2 -0.000253290171 5.06316757
61 64 24 31 3 -0.0235159472 -4.05122232
52 57 69 73 2 -0.000155564572 -1.97137523
119 123 73 108 0 -0.00035031006 -3.26144075
202 209 120 155 2 -0.00857769698 1.66355801
89 90 76 80 2 -0.895560682 -2.50266075
0 0 0 0 0 -0.446269929 5.3488307
56 57 144 151 3 -0.000770820887 -1.95935893
79 80 99 134 3 -0.000125047911 -3.8302381
64 68 161 168 3 -0.262548834 0.644212782
60 66 95 130 2 -0.00298766792 -4.43897772
58 60 156 191 3 -0.194322884 -3.41679478
105 107 146 150 3 -0.000179762326 -3.30439377
0 0 0 0 2 -0.00104765838 2.31434226
129 133 36 71 2 -0.0473608933 -0.770798266
47 51 55 65 3 -0.401961923 -2.74759269
0 0 0 0 2 -0.00713505782 5.84075451
47 53 67 70 2 -0.00560025591 -1.57709789
160 165 132 138 1 -0.00137674413 -3.6922369
112 112 62 97 4 -0.144699425 -3.08189702
0 0 0 0 2 -0.0336765498 6.65533257
92 96 43 46 4 -0.00148583902 -2.41989279
64 65 115 150 3 -0.23130089 -2.26972842
75 75 122 131 3 -0.0117900372 0.0997926593
12 16 21 32 0 -0.368312716 -0.549954057
47 55 60 62 1 -0.00086034229 -3.42627525
148 150 48 56 2 -0.00231046835 -2.70648408
43 45 62 77 1 -0.000859261374 -4.47176886
132 136 87 94 0 -0.0199168511 -2.46044397
0 0 0 0 0 -0.000702456629 5.68109274
62 68 24 30 0 -0.00680355774 -2.67751813
26 31 71 106 1 -0.0553039648 -4.52247524
110 114 128 137 3 -0.00293036643 -1.66531777
99 102 117 122 3 -0.00464233058 -2.78370762
37 40 46 81 4 -0.0100663155 -1.10053778
57 58 104 139 1 -0.00108525262 -5.40051651
88 88 127 162 3 -0.203272209 -2.43588853
111 116 130 135 1 -0.00279192603 -4.55270195
54 54 64 72 3 -0.00015270141 -4.03517056
0 0 0 0 1 -0.00443280954 3.80670524
57 64 73 80 0 -0.567773402 -4.30838156
0 0 0 0 2 -0.00361841172 5.72335291
156 157 131 136 1 -0.00114159333 -2.76384568
103 103 76 83 3 -0.00243372773 -2.79563427
56 56 70 76 4 -0.00270182826 -3.56540036
0 0 0 0 2 -0.876595974 6.79711485
80 80 97 106 3 -3.89812412e-05 -4.38980007
0 0 0 0 1 -0.0299904142 6.83484507
82 84 153 168 2 -0.00051839056 -2.58656549
39 51 122 153 0 -0.00117947068 -2.39615107
140 141 93 128 3 -0.0435008854 -3.88729119
43 43 57 72 2 -0.00236462825 -3.54935741
51 56 65 69 0 -0.00147803896 -2.43445635
0 0 0 0 2 -0.153803751 7.62471628
68 72 0 159 2 -0.599023938 2.32283592
158 163 69 72 1 -0.630957961 0.481966674
0 0 0 0 3 -0.00366975064 4.01985359
81 85 118 153 4 -0.0167758707 -1.83997178
30 35 83 91 0 -0.000297532068 -1.95179248
0 0 0 0 3 -0.0700265169 4.6159153
84 86 48 55 2 -1.43074548 -1.98778677
112 114 136 143 1 -0.00866811909 -1.14737153
34 34 42 73 3 -0.0465211086 -0.43713522
101 101 41 44 3 -0.00253551803 -2.35827327
0 0 0 0 4 -0.423057556 7.68348074
110 118 135 170 0 -0.00115415652 -3.51383114
0 0 0 0 2 -0.0158915091 5.79927349
0 0 0 0 2 -0.442283124 7.25509787
79 87 40 45 1 -0.000294541009 -2.68939543
67 72 95 126 2 -4.18420859e-05 -4.10253811
124 128 103 106 4 -0.000770338927 -3.57604671
66 72 42 54 4 -0.00821479037 -3.63953185
124 127 39 46 2 -3.11134099e-05 -4.53449631
35 39 48 54 3 -0.00127032865 -2.78286433
140 146 90 101 1 -0.000235899584 -5.68671417
0 0 0 0 1 -0.516028702 7.2411499
53 59 72 107 1 -0.312607259 0.880969226
0 0 0 0 3 -0.189331919 4.29035568
74 78 166 201 2 -0.000112768124 -4.42777205
45 48 62 65 2 -0.00970822573 -1.79720998
49 52 67 73 2 -0.000717890216 -3.57747817
44 46 176 187 2 -0.0050001163 -4.21893692
66 67 76 87 2 -0.505300462 -1.35351539
86 90 96 98 3 -0.0424206555 0.0245655775
57 63 85 89 1 -0.000367022207 -2.93165565
82 86 114 116 0 -0.00742101111 -0.882139385
64 72 129 152 0 -0.000199667993 -4.20915937
78 82 39 45 3 -0.0194194987 -4.3435154
43 49 97 132 2 -0.00114521 -3.87575197
94 101 75 77 2 -0.000524835428 -1.79645562
0 0 0 0 0 -0.00280282018 4.25246811
125 129 56 61 2 -0.000726876198 -5.98790169
0 0 0 0 2 -0.436670542 2.51436663
56 60 71 82 0 -0.265743464 -1.93024182
111 111 128 136 3 -8.10611891e-05 -2.79834914
160 161 177 212 2 -0.0165919438 -1.24600852
183 187 135 141 3 -0.0107956296 -3.91762972
79 81 58 67 2 -0.0074851485 -2.89810348
0 0 0 0 2 -0.00502569135 3.49186873
85 86 64 71 3 -0.00780906761 -3.06403208
40 43 100 102 4 -0.000216468499 -2.28082895
84 89 212 220 2 -0.0313803218 -2.45553207
70 73 122 133 2 -0.896866083 -0.923026085
59 61 72 107 2 -0.00146680849 -3.90005755
120 121 140 144 2 -0.019184405 -4.90368319
99 106 54 59 2 -0.0629078299 -1.48151851
48 49 136 171 3 -0.00106252776 -1.09164715
119 126 170 174 2 -1.1378665 0.106220424
0 0 0 0 2 -1.0391444 7.42595243
108 110 133 168 1 -0.171603709 -2.98597622
47 47 78 113 3 -0.0462718196 -0.805286586
62 65 101 104 2 -0.804400206 -0.54245609
75 79 94 129 2 -0.0074310652 -4.85424757
179 181 39 50 2 -0.0230702758 -2.28038979
116 116 138 145 4 -0.00259254617 -4.05361843
0 0 0 0 1 -0.0263803266 4.12349606
119 123 136 140 3 -0.0265904441 -2.09467411
195 200 213 218 0 -0.0240332913 -2.11775255
52 55 73 81 4 -0.0175372176 -1.41586971
17 26 30 32 0 -0.101695716 -1.92398477
69 75 134 140 3 -0.0122427084 -0.449213922
42 50 58 65 1 -0.0166716687 -2.78074551
178 182 58 60 4 -0.195389658 -3.48425007
63 69 0 0 1 -0.993453085 0.812649548
50 52 158 181 2 -0.00179412181 -2.0200417
150 152 105 140 2 -0.000146027451 -3.37124777
0 0 0 0 3 -0.602597892 3.30991054
0 0 0 0 1 -0.00308270659 3.29284286
0 0 0 0 3 -0.0314714015 6.62401628
120 124 43 45 4 -0.00310545415 -6.54362726
0 0 0 0 1 -0.0308292154 2.99060488
171 175 46 50 3 -0.00128336321 -3.05868578
40 44 47 78 3 -0.238844186 -2.73300481
70 72 41 52 2 -0.012201909 -1.65423179
106 107 91 94 2 -0.000193942411 -4.27555037
83 83 46 53 3 -1.95502798e-05 -5.0177021
63 69 101 136 0 -0.00121750077 -5.08594656
0 0 0 0 4 -0.00489704125 4.3136611
0 0 0 0 3 -0.0923464075 5.22550011
58 64 77 86 0 -0.426101148 0.621000946
0 0 0 0 2 -0.000263550464 5.49367285
102 103 37 68 2 -0.564172804 1.24788284
47 54 107 111 0 -0.00209336868 -1.09680247
100 104 117 119 2 -0.00677944953 -0.493557274
100 107 85 88 3 -0.00251605688 -4.71637297
0 0 0 0 2 -0.493212104 5.75859165
0 0 0 0 0 -0.000620974984 4.25959253
0 0 0 0 3 -0.0165924728 3.90433478
120 120 135 143 2 -0.0147156995 -3.05060077
30 33 39 54 3 -0.322344065 -0.439938307
0 0 0 0 1 -0.068770133 7.05419159
120 120 157 180 2 -0.000436024711 -3.58082628
29 32 42 47 2 -0.00927978382 -1.71011233
0 0 0 0 2 -1.56607664 4.25820255
49 49 120 155 3 -0.237523139 -2.3995142
115 115 39 74 2 -0.000300488609 -4.20528603
82 84 92 115 2 -0.0132639417 -1.60196733
0 0 0 0 2 -0.263445884 5.83201599
60 66 110 133 1 -0.03816716 -4.86697674
0 0 0 0 3 -0.0132938363 7.55590153
56 57 203 210 2 -0.00153988379 -0.970587671
118 122 68 91 3 -5.16171058e-05 -4.07612562
37 39 156 171 2 -0.000325288129 -2.78115535
53 59 115 150 3 -3.94578528e-05 -3.74708033
103 104 111 113 3 -0.00787914265 -0.415868878
92 100 169 172 2 -0.00135953026 -2.10153794
69 70 83 87 3 -0.0138878282 -2.61335969
68 70 44 59 2 -0.000660333608 -3.14019442
86 86 92 127 3 -0.000760477968 -2.03889275
75 81 28 34 1 -0.0003769951 -4.2096796
0 0 0 0 2 -0.000509065925 2.56521225
40 41 0 0 1 -0.712156594 1.68301129
93 94 107 130 2 -0.000199310263 -2.28242755
162 165 85 93 2 -0.000254610495 -3.92631531
106 106 88 92 2 -0.00428278046 -2.61645675
53 54 111 114 2 -0.00442771008 -5.35603809
60 64 105 140 1 -0.236268789 -3.04005384
0 0 0 0 3 -0.00930083916 3.05338597
92 96 112 135 4 -0.00734157115 -4.07520485
141 147 69 84 1 -0.0133837862 -0.482918084
69 77 107 130 3 -0.818698466 -0.0758011043
0 0 0 0 0 -0.00436903117 6.62477493
89 91 25 31 2 -0.00127156253 -3.20293117
107 111 42 48 2 -0.000373208895 -3.53544474
140 145 110 133 2 -0.0189909525 -4.55679464
8 8 20 27 2 -0.461858481 0.0875774622
98 98 109 114 3 -0.0246220548 -1.76934791
62 62 101 136 3 -9.10750023e-05 -2.81216407
110 122 137 152 0 -0.00173192332 -2.36101198
92 97 42 65 2 -0.000134584523 -3.79146862
108 112 193 216 3 -0.00460356288 -2.46580672
0 0 0 0 2 -0.542292953 7.09281683
0 0 0 0 2 -0.100067258 6.65771484
104 108 63 68 1 -0.000570725591 -2.1044786
0 0 0 0 2 -0.150055647 4.17205954
60 60 15 50 2 -0.00169027573 -5.66305923
106 108 119 126 1 -0.0133246826 -4.40187597
157 163 102 111 0 -0.00212838151 -2.57824326
98 98 175 210 4 -0.0019315083 -3.86441636
22 29 36 106 0 -0.458496988 -4.74318361
58 64 74 81 3 -0.028350696 -0.503373444
0 0 0 0 1 -0.887939632 7.11604023
49 52 65 88 2 -0.00144886051 -2.88093662
62 68 86 121 2 -0.000474724977 -4.20701265
0 0 0 0 1 -0.944372654 7.49664545
53 53 76 80 3 -0.00282963645 -4.51032162
133 137 78 113 3 -0.00018988736 -4.9396863
0 0 0 0 3 -0.126075745 2.64671922
91 96 44 51 3 -0.00770445727 -2.06472969
0 0 0 0 3 -0.219440192 2.37155986
166 171 115 150 0 -0.0021796748 -2.45882058
93 97 115 150 2 -0.120977342 0.141400039
119 123 132 143 2 -0.021202527 -1.10415173
0 0 0 0 1 -0.000189296188 1.86835957
80 86 95 130 2 -0.00391928107 -4.20117664
175 67 84 119 2 -0.78504467 -0.148022115
105 112 122 124 1 -0.00190643687 -3.28128815
40 46 55 90 2 -0.0157118794 -3.17458463
92 93 58 66 3 -0.00397204189 -2.20650673
115 120 35 58 3 -0.00196819869 -5.42226315
36 38 50 53 2 -0.000124810147 -3.70649695
177 180 148 153 1 -0.0232093818 2.54450011
77 78 89 93 3 -0.0163655505 -1.85481429
107 110 40 42 0 -0.000246155658 -1.43974447
0 0 0 0 3 -0.160808653 3.59370685
0 0 0 0 2 -0.186592683 4.62304878
55 59 72 80 1 -0.000747372804 -1.04239821
107 110 60 95 3 -0.000497180328 -3.23108697
0 0 0 0 2 -0.00290656206 5.47684479
111 115 26 61 3 -5.59086075e-05 -5.4416604
0 0 0 0 1 -0.0358146727 2.80610681
98 103 170 175 2 -0.00913424883 -1.77553964
0 0 48 71 1 -0.731582463 1.32205296
51 58 189 224 2 -0.00781740528 -5.14770842
111 111 66 101 2 -0.000507661724 -2.71429229
142 147 79 114 1 -0.000125167615 -4.13173485
39 39 44 49 4 -0.124033548 -2.1184063
0 0 0 0 1 -0.195095837 7.89071417
80 86 21 25 1 -0.00058609707 -3.43215394
208 209 153 188 2 -0.0315924175 -2.48537016
93 93 133 168 2 -0.036304608 -1.11459696
115 117 129 137 1 -0.000145312995 -4.56715298
67 72 139 145 1 -0.000333046395 -2.70944548
0 0 0 0 2 -0.87577951 7.41040945
94 95 55 63 3 -0.00156905199 -3.54762053
33 39 89 92 0 -0.61913538 -3.15326285
69 73 24 59 4 -0.000126478262 -3.78126311
0 0 0 0 1 -1.0227772 7.28342295
42 44 52 87 2 -0.00226579327 -2.56345582
93 93 75 82 2 -0.00733985053 -1.25892091
109 114 86 94 2 -0.110594243 -0.0255079269
105 109 128 139 1 -0.000713595538 -1.66321349
101 106 49 84 1 -0.000258192827 -2.90805364
90 95 133 137 0 -0.000532819715 -1.92533183
139 140 72 79 2 -0.00261182734 -5.05021858
90 94 104 109 3 -0.0385981984 -3.01787519
128 130 168 175 2 -0.0228215568 -2.68940282
80 84 31 66 3 -0.00792547502 -3.24978042
91 94 110 115 0 -0.000262840127 -5.75799894
50 50 106 108 2 -0.000701360754 -2.64895225
70 74 88 103 3 -0.0291439462 -2.36098218
0 0 0 0 4 -0.0561359562 7.22069454
126 130 33 68 4 -0.000381797552 -4.36094999
45 50 90 94 0 -0.000265350158 -1.95012426
0 0 0 0 2 -0.00444575539 4.82427692
81 84 129 132 3 -0.000450902415 -3.9491024
112 119 95 97 0 -0.00415406423 -1.04621363
127 127 109 111 3 -0.00169471325 -1.23797345
156 158 174 197 2 -0.00390850101 -3.62729812
92 92 125 160 2 -0.00373435393 -2.08934808
139 139 102 125 2 -0.00247317296 -2.34934926
86 86 96 131 4 -0.0898359045 -0.840427935
41 47 62 77 2 -0.000658333767 -2.77567482
67 69 41 47 2 -0.000108359578 -2.39441895
147 150 133 135 2 -0.00128142 -2.88931131
0 0 0 0 2 -0.0069087958 2.78119183
55 58 100 135 3 -0.0127295796 -1.37367606
125 131 75 83 1 -0.212962046 -1.38395858
98 100 108 139 2 -0.00991614815 -0.848605216
104 106 73 76 2 -0.00255866838 -4.57043457
0 0 0 0 2 -0.00286328723 4.30822754
137 138 93 96 4 -0.267785281 -4.10177803
138 139 105 113 3 -0.00323832757 -2.56573319
0 0 0 0 2 -0.278476745 6.29656601
0 0 0 0 4 -1.02813053 8.12075806
0 0 0 0 2 -0.00541800028 5.3320241
59 59 71 73 3 -1.17411685 1.73456407
88 89 45 76 3 -0.00994511135 -4.12655449
57 57 69 74 3 -0.00914220884 -1.52739859
0 0 0 0 1 -0.0165710431 4.34512615
0 0 0 0 3 -0.0395219848 4.84652758
126 126 35 70 4 -4.57760652e-05 -5.60853148
130 133 109 115 2 -0.0136605641 -3.18398666
15 18 23 24 4 -0.34452492 -3.20373726
137 141 78 86 3 -0.0181739442 -3.8281467
76 81 162 169 3 -0.00689094421 -3.37567258
162 164 147 152 2 -0.000987007166 -1.47183323
49 53 100 104 3 -0.000105975545 -3.0955615
70 70 125 156 3 -0.000541340734 -3.34151411
77 84 159 194 0 -0.00284767896 -2.85161257
33 37 54 62 2 -0.000179397233 -3.04633117
38 40 72 107 2 -0.00965899788 -3.17715573
0 0 0 0 1 -0.00473312661 3.77623963
52 53 112 120 2 -0.00659108767 -3.6033864
0 0 0 0 3 -0.0692167878 7.17542601
119 122 163 186 1 -0.0154099893 1.52880192
188 193 75 98 0 -0.0178744607 -0.54039222
162 163 29 64 2 -0.00853540376 -0.431438923
76 80 35 44 3 -0.00401449949 -3.79330277
125 129 56 60 3 -0.361519039 -0.742206216
197 201 47 82 4 -0.00167568005 -2.5520041
26 29 77 112 1 -0.00174059591 -3.79692936
103 103 117 120 3 -0.0039121462 -0.0824858546
142 143 70 85 3 -0.0105298376 -3.18108439
104 107 118 125 2 -9.94165457e-05 -3.95562553
74 76 83 114 3 -0.0157310702 -1.49098992
47 50 69 73 1 -0.00112535455 -0.541272521
57 58 125 131 2 -0.000333736272 -3.77713203
145 146 194 201 3 -0.0855614617 -2.57397962
76 76 56 62 3 -0.000342342886 -0.99402076
0 0 0 0 3 -0.18978627 3.07099009
155 155 110 141 2 -5.84114896e-05 -3.22778583
52 59 140 151 2 -0.0425368808 -5.0012269
73 75 42 48 1 -0.00016271304 -3.29485774
111 118 78 85 3 -2.36033102e-05 -3.5341351
126 127 73 108 3 -0.00440776488 -5.60080719
0 0 0 0 2 -0.30262652 3.98472095
120 124 76 99 3 -0.0125688575 -1.89743376
107 107 118 125 3 -0.0345152132 -4.0706439
0 0 0 0 0 -0.446269929 5.3488307
204 211 51 86 2 -0.17244716 -1.92699265
96 96 103 108 2 -0.00138965482 -4.33157539
143 147 92 123 3 -0.0551482886 -2.74808526
42 45 115 150 3 -0.0778903514 -3.51885605
58 66 120 131 1 -0.0033406131 -1.95906448
126 133 44 79 1 -0.000474042812 -5.1863904
45 48 75 77 2 -0.000360466744 -3.90942335
71 71 96 131 3 -0.0166943911 -2.28369164
81 87 123 129 0 -0.000224464529 -3.03193283
117 118 133 140 3 -0.0120174102 -1.69484401
121 121 130 137 4 -0.0372474268 -4.41703129
60 67 108 113 2 -0.000142330187 -5.5702672
105 105 119 126 3 -0.000333168951 -3.87136841
75 77 94 102 2 -0.000243648421 -4.31533527
0 0 0 0 2 -0.000230176287 5.89667511
0 0 0 0 3 -0.534423053 5.72580814
92 92 47 82 3 -0.0392476916 -3.23843622
97 103 158 193 2 -0.00551633071 -2.19843745
155 159 16 53 1 -0.201501936 0.822231114
69 70 103 138 1 -0.0613779798 -3.67231989
34 38 49 84 0 -0.00872677844 -3.12123036
80 84 166 201 3 -0.301879048 0.649110496
0 0 0 0 2 -0.00180031999 5.80355453
84 88 103 138 3 -0.204733148 -0.99130863
119 123 74 109 3 -1.16653943 -3.12879324
98 100 44 55 1 -0.000819197739 -1.05782032
72 72 82 93 3 -1.60735893 0.0902606249
63 63 80 103 2 -0.00953004789 -0.270623505
0 0 0 0 2 -0.016427055 7.08380795
90 90 112 119 3 -0.0053412281 -4.42613316
53 55 36 43 1 -0.109638102 -3.67494345
0 0 0 0 3 -0.582625926 3.1871202
129 134 86 117 1 -0.000249732082 -4.05324793
0 0 0 0 3 -0.00195877254 7.01394606
17 24 28 63 2 -0.0426391102 -1.01568055
100 104 116 123 3 -0.00138794188 -3.5832355
92 94 108 143 2 -0.000311473763 -2.9773252
72 72 166 168 3 -0.863503873 -2.64682126
153 158 30 53 1 -0.0717376694 -1.90697455
97 104 76 82 0 -0.00257333415 -3.08713126
61 68 87 94 0 -0.0746840388 0.175171435
184 188 37 45 0 -0.0595594086 -5.20655346
47 51 63 98 2 -0.00042721763 -2.44724679
15 16 38 44 3 -0.123720542 -1.72133446
47 52 110 145 3 -0.00108420104 -3.13014984
59 62 36 38 2 -0.000195251981 -4.62382364
50 55 71 75 1 -0.0183353517 -2.46288419
145 151 117 125 1 -0.000100014491 -3.39474988
97 100 115 150 0 -0.0028893298 -4.2382741
70 71 88 96 2 -0.0498925038 -1.282516
59 59 125 128 3 -0.0144916354 -0.0726190507
48 52 61 63 1 -0.000335665885 -3.49074817
109 112 46 81 1 -0.0360202454 -4.21776676
141 146 95 102 2 -0.000424918864 -4.41822386
79 83 108 116 1 -9.8703691e-05 -3.92321014
51 51 62 67 2 -0.00160875381 -2.52534556
139 142 177 179 2 -0.360367388 -1.65902448
133 134 112 118 2 -0.0132761048 -2.53398538
12 12 17 20 4 -0.945099294 1.07804155
12 20 24 39 0 -0.0264424607 -2.59417844
68 72 81 112 4 -4.92329127e-05 -4.89942646
88 93 70 76 3 -6.34185635e-05 -3.40815783
57 57 70 105 3 -0.000103588347 -5.27198458
115 115 39 62 4 -0.00030503812 -2.83127213
88 88 96 107 2 -0.199625552 -0.79599762
30 34 66 73 4 -0.00051229191 -2.30458784
64 65 88 91 3 -0.00168499618 -4.96657276
95 95 107 110 2 -0.000572721241 -3.50142431
83 87 48 59 2 -0.00297516631 -3.22343373
122 128 101 108 1 -0.00280028605 -1.73634529
47 47 129 135 4 -3.25439323e-05 -3.69040322
46 49 69 80 3 -0.00887108687 -4.38317823
54 59 69 100 3 -0.0267352276 0.118085802
46 48 57 62 2 -0.00453623431 -4.70787573
44 46 50 61 1 -0.000976968906 -2.22292113
78 80 101 108 1 -0.165324152 -4.26925182
39 39 43 46 2 -0.199019492 0.169847786
45 45 58 93 2 -0.000709183223 -2.08568311
118 127 50 85 0 -0.00556522142 -4.66481876
101 102 110 117 2 -0.00202318258 -1.49457264
62 66 74 109 3 -0.00132067222 -4.60830021
42 45 64 68 0 -2.31265367e-05 -3.69683385
109 109 70 76 3 -0.0343385413 0.098535955
42 42 60 62 3 -0.00269689388 -3.95262361
60 61 78 113 3 -0.00689713797 -4.28229046
50 51 63 70 2 -0.00103095791 -2.8698101
121 123 38 73 2 -0.000604947796 -5.52921677
72 79 97 108 2 -0.000248897704 -3.88087511
98 98 26 61 3 -0.000912985241 -4.81514311
60 67 78 83 0 -0.00329433987 -3.06019306
74 74 42 46 3 -0.000187511003 -3.95602918
82 82 49 52 3 -0.00028511975 -5.30434656
81 81 41 64 3 -0.000358436839 -4.50870466
26 26 51 62 3 -0.000516621512 -3.4826889
4 4 8 43 3 -0.377246618 -2.97247362
151 153 105 136 3 -0.000897006248 -4.45162582
66 68 46 51 2 -0.000210868806 -4.01453447
117 117 59 66 3 -0.00841982663 -1.35808492
25 25 29 36 2 -0.367496222 1.25008416
46 46 113 144 3 -0.0022067558 -2.85201859
107 110 34 45 2 -0.000728536863 -4.49276781
44 45 64 69 2 -0.00108618429 -4.27086687
49 50 83 118 2 -0.000950183603 -5.05550003
96 98 117 128 2 -0.00112836366 -1.86605239
64 66 74 76 2 -0.000780878414 -3.19066024
115 120 45 80 1 -0.000158064606 -3.33396268
48 48 68 103 3 -0.000443760509 -5.87241173
127 127 63 98 3 -0.000332192518 -2.83990335
23 27 45 68 1 -0.00308905984 -1.88479352
57 60 174 178 2 -0.0011678068 -4.56001091
118 118 67 102 3 -0.00157189462 -1.26157284
139 139 48 71 3 -0.00124897936 -2.19913292
58 62 71 94 1 -0.000754852139 -3.99566936
91 92 49 84 2 -0.0846716613 -4.07099724
150 151 97 128 2 -0.00114786648 -2.93320084
17 17 38 46 2 -0.00246504811 -2.48243141
93 95 10 41 1 -0.000471888052 -2.49526334
103 104 20 26 2 -0.000180830466 -3.79468894
96 96 72 80 2 -0.00502803829 -1.95682383
96 100 111 122 2 -0.000883912435 -4.48244619
0 0 0 0 3 -0.00379880797 5.65629721
0 0 0 0 3 -0.000474535424 5.20619249
0 0 0 0 3 -0.0789689794 5.24250841
0 0 0 0 3 -0.0120360013 3.26111078
0 0 0 0 3 -0.374354064 2.3423841
0 0 0 0 3 -0.0301659685 4.07424355
0 0 0 0 2 -0.000201815739 5.63894176
0 0 0 0 4 -0.82448113 7.44721603
0 0 0 0 3 -0.00196208293 5.86276293
0 0 0 0 2 -0.384935737 7.88284349
0 0 0 0 1 -0.030349873 5.38849926
0 0 0 0 1 -0.0565677993 2.37527585
0 0 0 0 2 -0.0317033716 5.25958633
0 0 0 0 0 -0.271598518 6.94838238
0 0 0 0 3 -0.317653954 6.76300907
0 0 0 0 3 -0.000949009904 4.34127474
0 0 0 0 2 -0.00225528865 6.15470219
0 0 41 46 2 -0.468115419 0.954389632
0 0 0 0 2 -0.000287610834 4.02204895
0 0 0 0 1 -0.000192982203 3.95235896
78 82 37 43 0 -0.000502416166 -2.20245171
19 22 26 61 2 -0.900224268 -2.41659069
80 85 127 162 1 -0.000535915373 -1.73883653
98 102 35 70 3 -0.00142697117 -1.30213511
60 69 48 55 1 -0.00358996214 -1.61352706
121 124 71 106 1 -0.00273721153 -4.08551455
101 102 118 129 2 -0.000296214246 -4.11312866
173 173 148 154 3 -0.000639096077 -3.08467412
123 128 139 147 0 -0.000366429071 -2.9870472
133 133 144 147 2 -0.0041503259 -3.72089911
97 99 116 151 2 -0.000163308607 -3.48178816
35 43 53 60 0 -0.000580539694 -2.621696
74 81 93 104 0 -4.85178134e-05 -4.42121601
57 61 75 82 3 -0.0132096205 -3.82238984
42 42 64 75 3 -0.000380249956 -2.61235332
96 98 114 129 1 -0.0010823037 -4.39065218
185 185 145 168 3 -0.00199744734 -2.20720124
192 195 224 224 0 -0.427825987 -1.44486785
81 88 64 66 1 -0.000191564002 -3.23724174
95 98 134 157 3 -0.000769032631 -3.53617167
45 50 60 62 4 -0.194855988 -4.05186558
51 54 76 111 1 -0.0248402916 -2.40316844
168 178 72 107 1 -0.0321123675 -2.01007557
144 147 68 103 4 -0.00693748705 -1.61014748
38 42 96 107 4 -0.00115267688 -3.34407282
45 45 57 88 4 -0.0348769315 -1.40889883
20 25 78 81 4 -0.00323051261 -4.9641695
0 0 0 0 1 -0.0125275012 4.5433774
0 114 0 0 1 -1.41459095 2.19708467
34 39 54 89 1 -2.36033648e-05 -3.2891078
65 70 136 171 0 -0.0223043449 -1.66247106
0 0 0 0 1 -0.449894428 7.63937712
0 0 0 0 3 -0.182971194 7.07121229
68 71 162 173 2 -0.000445447164 -3.42568517
84 85 93 98 1 -0.000507662015 -1.16116309
50 54 71 106 1 -0.0121303648 -3.47240114
76 80 34 36 0 -0.000113842369 -3.14636016
74 82 97 103 0 -0.00245069573 -1.92952824
0 0 0 0 2 -0.406911165 5.02507496
86 87 101 101 2 -1.3223455 0.145162344
214 216 186 194 2 -0.0252192672 -1.08110619
93 99 179 186 0 -0.0105219577 -2.02618384
80 83 30 65 3 -0.000154490379 -4.29721928
0 0 0 0 3 -0.00253387308 4.71768761
97 98 164 171 2 -0.000622477266 -4.11733198
92 98 37 45 1 -0.00024043709 -2.29235888
127 133 110 112 1 -1.0530144 0.231061578
10 12 22 26 2 -0.00730335992 -1.13488626
104 104 118 120 2 -0.00457493821 -3.73119354
88 98 66 72 1 -0.00645285705 -1.18704069
140 145 125 131 1 -8.47559859e-05 -2.86672473
60 61 49 55 2 -0.000366174412 -3.22020626
59 61 93 100 2 -0.00203887722 -2.01137424
0 0 0 0 3 -0.0125663634 4.52306223
35 43 110 117 3 -0.000253412436 -4.42383051
37 40 120 155 3 -0.00396951148 -4.21878815
65 73 96 131 1 -0.000111338602 -4.80622435
0 0 150 0 2 -1.23373091 0.823753059
42 44 85 108 2 -0.0172260925 -3.96382213
50 56 66 70 0 -0.000119205986 -2.2078526
53 53 138 144 3 -0.000757439237 -3.54538918
153 157 101 136 3 -4.47032471e-05 -3.0371511
146 150 47 82 3 -0.000273691781 -1.73141861
108 108 30 37 2 -0.000225287935 -3.28874636
85 87 100 135 2 -0.0206197705 -0.931650639
0 0 0 0 4 -0.0538555905 2.72563481
93 98 54 61 3 -0.59128809 -0.121016473
0 0 0 0 3 -0.383032352 4.50050068
85 90 103 134 4 -0.000472370244 -3.75923252
73 76 34 57 1 -0.00164122309 -0.382802427
97 97 112 147 4 -5.79351836e-05 -5.62083912
0 0 0 0 2 -0.0951912031 3.4682641
56 57 69 72 4 -0.00356492633 -1.92272401
75 75 84 92 4 -8.39218701e-05 -2.78922844
107 109 57 92 3 -0.0418059714 -3.5220139
141 142 120 126 2 -0.475641668 -0.765844703
35 36 48 54 2 -0.0213674195 -4.43961525
137 137 90 97 3 -0.0890824944 -3.36148047
118 118 155 170 3 -0.0122883301 -4.11331797
117 121 92 95 0 -0.0230942033 -4.88418531
65 65 35 37 3 -0.0011425952 -2.94714046
49 52 103 138 3 -6.19873244e-05 -3.91429687
41 42 75 80 1 -0.00135450065 -3.4147532
65 69 83 98 1 -0.00922105182 -2.38027024
121 126 182 186 0 -0.000795807049 -3.76920867
73 78 110 117 1 -0.355842054 -1.98780632
73 76 53 55 2 -0.000334605546 -3.58178258
0 0 0 0 4 -1.40393603 -0.041241318
49 52 59 94 1 -0.131269231 -3.01528311
0 0 0 0 2 -0.849173069 7.4833107
0 0 0 0 2 -0.762851238 6.31158304
107 110 121 156 2 -0.000352348172 -3.4362061
92 97 53 62 3 -2.68219828e-05 -3.58715749
96 99 40 47 3 -0.0151177002 -0.510489404
0 0 0 0 2 -0.349522293 3.07695341
62 70 119 150 0 -0.15499647 -0.892964542
103 107 29 64 3 -0.0158327986 -0.858953834
64 68 44 49 4 -0.0002761957 -3.55951452
0 0 0 0 2 -0.00289522228 5.0036273
0 0 0 0 1 -0.077043578 5.18408489
82 87 104 112 2 -4.32726338e-05 -3.0654428
60 64 129 136 2 -0.00451513287 0.631941974
77 77 85 88 2 -0.928896189 0.15053308
121 125 68 103 3 -0.016404599 -2.32534838
113 113 96 98 3 -0.152918503 -4.38757515
33 37 53 88 2 -0.0559098944 -2.8525238
0 0 0 0 3 -0.0395825952 5.34791851
92 92 74 78 4 -0.0916885808 -2.29127502
98 100 49 84 1 -0.00517961103 -0.914970994
66 66 51 57 3 -2.93252724e-05 -2.67559266
25 29 34 39 4 -0.180392176 0.0594848692
107 111 124 139 3 -0.0501103103 -4.50493193
114 120 90 101 2 -0.00123573735 -3.04142213
92 94 22 28 1 -0.000223026494 -4.97913265
0 0 0 0 3 -0.0549735837 6.46280956
120 123 132 138 4 -0.00171475112 -4.18044615
103 105 63 98 0 -0.693007052 -5.03762484
48 53 62 97 3 -0.00128498243 -2.36109996
0 0 0 0 0 -0.221944079 5.6674757
25 31 43 47 2 -0.10747847 -4.94090796
0 0 0 0 1 -0.0225222968 5.93143225
114 114 136 167 3 -0.531203985 -1.40142298
30 34 39 51 2 -0.0586262979 -2.25364637
106 107 120 155 2 -0.0114905545 -5.19793224
0 0 0 0 2 -0.183908507 6.71276999
94 97 40 51 3 -0.000187627069 -3.78315806
216 222 84 119 1 -1.32528186 2.01750922
125 133 108 113 1 -0.00196058489 -0.751228809
97 98 113 121 4 -0.00193890568 -2.62422109
0 0 0 0 3 -0.217157081 3.14763093
44 51 62 77 2 -0.741117716 -0.836146355
141 144 177 212 2 -0.501561105 -2.78125691
72 80 92 96 0 -0.000236737935 -2.83667731
137 142 92 100 0 -0.325774312 -0.0171338916
100 107 122 157 2 -6.81868987e-05 -4.51287222
0 0 0 0 2 -0.0103629827 4.77633142
69 72 86 109 1 -0.0287408158 -2.32042408
108 111 131 166 4 -0.00210622 -1.80385137
117 119 69 72 1 -0.0107729472 -4.55059338
59 64 105 140 4 -0.000234592881 -3.11830378
49 52 19 25 1 -0.0003607033 -4.1295085
103 105 80 88 2 -0.000249369827 -4.52893734
99 99 108 115 4 -0.00295634381 -2.51418209
118 121 140 143 1 -0.0660040677 -0.833533764
119 122 141 145 0 -0.00309608853 -1.51069498
130 130 46 77 2 -7.54573339e-05 -3.21073055
43 43 61 72 2 -0.000112650654 -3.40384793
83 90 99 134 2 -0.103075288 -0.43241331
65 69 81 88 2 -0.171778157 -0.892345667
130 132 39 46 2 -0.000870359829 -4.49431658
91 95 67 72 0 -0.168361217 2.22448468
22 26 53 59 4 -0.203241795 -1.15949583
104 110 125 156 2 -0.088299416 0.796003401
61 65 74 78 2 -8.86892958e-05 -5.04542923
54 54 70 78 4 -0.0294821784 -0.372523338
0 0 0 77 3 -0.802674949 0.979729354
144 147 79 87 2 -0.000156159484 -4.19708109
0 0 0 0 2 -0.195976466 6.74609804
0 0 0 0 3 -0.533099055 3.2698462
62 62 88 91 3 -0.000198954876 -2.11238384
36 37 18 26 2 -0.000400968042 -3.70508432
91 96 40 75 3 -0.028211683 -4.4269557
213 216 47 51 2 -0.195629746 -0.982701063
0 0 0 0 3 -0.380601883 7.42164087
117 126 100 106 0 -0.00196861918 -2.38940239
31 36 46 77 0 -0.241561413 -3.29995632
140 145 158 162 4 -0.000613400422 -1.73662138
52 55 74 97 1 -0.0376690626 0.541420519
48 52 56 61 2 -0.0328265019 -3.60436773
56 61 107 111 0 -0.00100667705 -2.34252191
156 156 104 107 2 -0.00275362912 -4.91799927
160 168 183 218 2 -0.00386835006 -5.37031174
141 145 41 64 2 -0.000488337362 -5.53872538
52 57 77 81 0 -0.871849895 -1.0281738
93 94 57 63 2 -0.00427702023 -6.17518854
7 11 17 52 4 -0.0191580206 -2.20208502
171 172 119 154 3 -0.166921824 -0.27275455
48 50 93 128 2 -0.00322688441 -2.57235003
0 0 0 0 2 -0.0107277315 3.10427332
152 154 97 106 2 -0.00118778355 -3.7321136
113 119 95 98 1 -0.00767077785 -2.44474268
54 54 105 113 3 -0.00218960945 -2.66259909
0 0 0 0 2 -0.440582991 3.78587699
124 129 59 94 2 -0.000206459896 -3.38221765
137 144 81 85 2 -0.08509022 -6.02364779
28 32 40 75 2 -0.00895408913 -0.350028425
0 0 0 0 0 -0.273625851 5.43652248
69 74 85 90 4 -0.000320525724 -4.86409187
103 103 114 149 2 -0.000319699117 -2.90026641
115 121 60 100 3 -0.00143290835 -1.82029676
0 0 0 0 1 -0.000933544419 4.96188259
138 139 97 112 3 -0.00353178545 -2.42148089
0 19 31 34 2 -1.60255456 2.07521057
83 89 102 105 2 -0.0310435239 -2.12125802
15 0 0 35 3 -1.91609287 2.86144638
161 167 66 68 3 -0.0026886696 -5.52050114
0 0 89 96 3 -0.156551659 1.82734871
71 74 150 153 2 -0.010795326 -3.98694324
164 164 36 40 3 -0.000847232935 -3.15761638
69 74 56 64 0 -0.00019489642 -2.70593214
0 0 0 0 1 -0.0294811726 4.62902927
53 53 112 127 3 -0.000623012427 -3.05642843
50 54 71 75 3 -0.214745209 -4.43999672
163 166 78 85 3 -0.00911914464 -4.1088829
166 168 89 124 1 -0.00284448592 -5.41847754
0 0 0 0 1 -0.0702788532 8.70739555
141 141 67 74 3 -0.0021816534 -0.0137383044
80 88 33 68 0 -0.0182584692 -3.92028165
99 99 120 124 4 -0.00014292603 -5.20081139
98 102 119 127 2 -0.00399909355 -1.10201168
161 165 60 95 1 -0.000217784487 -2.80559897
124 127 96 101 4 -0.00169590046 -3.15419698
45 49 77 82 4 -0.000132913439 -3.73520422
0 0 0 0 2 -0.00433365954 5.24735498
0 0 0 0 3 -0.00403085211 4.55436897
0 0 0 0 4 -0.120607905 7.08541822
30 32 52 87 1 -0.0388696566 -1.6561439
77 81 53 60 2 -0.451427341 -1.88368869
106 108 86 94 2 -5.55510269e-05 -4.03813887
108 111 72 76 2 -0.000786045159 -3.5815959
16 19 35 41 2 -0.000182981224 -4.00243139
113 117 60 95 2 -0.00176984281 -4.41516256
0 0 100 0 1 -1.59160662 0.793348491
56 60 41 45 1 -0.0431464612 -0.50061053
130 133 141 143 2 -0.000645448279 -3.99825907
73 77 116 139 2 -0.0320140719 -1.49817228
105 105 120 155 3 -0.000109310604 -4.37489367
98 106 64 70 0 -0.00494726934 -2.14157224
102 104 57 63 2 -0.00238049915 -5.29328346
0 0 0 0 3 -0.626602888 7.61912203
83 91 141 147 1 -0.000463457603 -3.70079255
58 58 72 79 4 -0.00420048507 -4.97273445
46 46 126 130 2 -0.000819796813 -3.18857956
82 88 64 68 2 -0.0586641207 0.272845447
0 0 0 0 2 -0.296032399 6.73172235
48 51 168 174 2 -0.0818270296 -4.63690138
86 86 59 62 2 -0.0102026518 -2.45998383
13 15 78 113 2 -0.00628177682 -2.64627457
23 27 47 54 1 -0.00396179827 -0.621203065
0 0 0 0 1 -0.90304172 7.31380701
81 85 25 60 4 -0.000562962494 -3.76669002
0 0 0 0 4 -1.24336243 7.427176
106 106 57 62 2 -0.00464569218 -3.16104555
0 0 0 0 0 -0.00789374858 4.63013315
0 0 0 0 3 -0.641756535 7.58540583
144 149 183 218 1 -0.0264400244 0.251383901
62 66 136 151 2 -9.04784392e-05 -4.13986588
127 131 55 60 2 -0.0332626142 0.363818228
0 0 58 63 2 -0.519411981 3.35874176
106 109 115 117 2 -0.0022451703 -2.16123962
0 0 0 0 0 -0.528917313 6.98030376
86 91 121 127 0 -0.000751510379 -3.08432102
32 37 48 53 4 -0.0383229814 -0.685164928
193 194 124 147 2 -0.0747618526 -3.68783617
31 33 46 81 2 -0.000168437022 -3.34045577
92 95 74 77 2 -0.0279725753 -0.882933676
0 0 0 0 0 -0.576465249 6.18486071
104 109 55 90 0 -0.000315398967 -2.3168602
92 95 108 116 3 -0.000101087593 -4.82726145
45 46 58 65 3 -0.000315769837 -2.21662736
208 209 59 61 2 -0.100429922 -2.85141516
58 62 85 92 3 -0.00184604421 -3.76388144
112 112 133 140 2 -5.84109948e-05 -5.088305
112 117 48 53 1 -0.00045474965 -1.84697318
88 92 80 83 3 -0.000355222204 -2.36764026
0 0 42 45 2 -0.175578043 2.33179331
0 0 0 0 3 -0.630331218 3.45781922
81 115 169 140 2 -0.690825045 -1.38670421
47 47 66 70 4 -0.000641872233 -2.30250716
70 71 53 59 3 -0.0080983704 -0.488740981
121 126 69 104 0 -0.347307146 -2.47913814
53 57 72 107 2 -0.509410739 -0.858534575
117 118 191 194 2 -0.00515640806 -4.49737835
0 0 0 0 2 -0.00300657749 3.51374841
119 119 38 73 1 -0.375912547 -5.62933302
83 87 143 166 1 -0.160803139 -0.745395064
58 63 138 173 4 -0.000841782079 -4.49021053
198 200 121 156 2 -0.00984354224 -1.00296903
0 0 0 0 1 -0.777450323 6.58620119
130 130 42 49 2 -0.00633392297 -0.878059089
59 60 29 37 3 -0.00293513923 -1.47873354
90 95 27 32 1 -0.000565945869 -2.41195393
68 74 128 133 0 -0.000898108003 -2.29411912
79 82 98 103 2 -0.000737865979 -6.04448748
165 168 120 143 1 -0.0077709537 -4.19826841
102 108 85 92 0 -0.000297404011 -2.88233542
0 0 0 0 3 -0.620171368 5.47038031
73 79 87 92 0 -0.000686509709 -1.22200823
140 144 171 174 0 -0.0194343664 -3.66418791
0 0 0 0 2 -0.0314472876 4.64633656
100 103 0 64 2 -1.07505548 0.112250388
100 101 108 115 3 -0.0153749399 -0.92196393
104 105 161 167 3 -0.00827141944 -1.97684574
45 51 66 71 1 -0.0419104397 -2.48956633
133 134 154 157 3 -0.000877219252 -3.83565331
49 54 73 79 0 -0.0136724943 -1.66773963
0 0 0 0 3 -7.78428439e-05 5.52446461
0 0 0 0 2 -0.291230142 2.94471025
0 0 0 0 2 -0.00137796672 6.09146452
172 173 51 86 3 -0.0235124528 -5.78619671
47 55 105 113 1 -0.00527276332 -4.05134296
148 149 74 79 2 -0.00303136581 -2.82715344
48 51 62 67 2 -9.19090962e-05 -2.46166086
76 77 90 113 2 -0.0137017602 -1.57312632
179 183 73 84 2 -0.0406107493 -1.24980855
40 44 61 76 3 -0.000128860847 -5.22539616
83 87 100 106 0 -0.000579215819 -3.54606628
103 108 117 128 0 -0.000306111382 -0.997233868
0 0 0 0 2 -0.00141840486 4.50870132
53 55 64 79 1 -0.00062208157 -3.08770537
52 59 99 104 0 -0.000146262319 -2.92576122
90 90 104 106 2 -0.00585074909 -3.58917427
78 78 115 150 2 -0.000328379741 -2.28149247
28 35 51 55 0 -0.00152801233 -4.88078594
44 44 59 94 2 -2.52722839e-05 -4.18967628
107 107 189 196 3 -0.0103606703 -5.16898727
68 74 106 141 2 -0.000381644088 -3.68697309
73 74 28 39 3 -0.0024669494 -6.09825373
169 170 52 59 2 -0.0836027935 1.92534828
18 19 93 101 3 -0.000528531731 -3.31016636
36 37 142 146 2 -0.00192122383 -2.12867594
124 132 30 65 3 -0.05755518 -1.79568028
51 54 69 80 3 -0.00115348434 -3.12502694
156 161 34 41 1 -0.00229310244 -1.18668377
106 109 52 87 2 -0.00211718236 -3.81168771
107 112 127 162 4 -0.00218114047 -2.23420405
45 51 128 159 1 -0.524181962 -3.6264596
0 0 0 0 3 -0.00300655514 6.99114466
114 120 83 94 3 -0.182228357 -3.37863159
80 85 30 65 1 -0.000756640278 -3.51322126
0 0 0 0 2 -0.262015164 2.48708034
122 125 69 80 3 -0.00390024763 -3.75721693
54 54 89 124 3 -0.0740766153 -3.12944722
124 124 136 140 2 -0.000225889118 -5.21078157
137 139 120 127 1 -0.000349962851 -2.55290961
109 109 205 210 2 -0.138282552 -3.35949492
60 61 117 132 1 -0.0482413173 -2.69556904
0 0 0 0 3 -1.15648854 7.82043982
116 127 65 67 0 -0.00538051222 -4.54733038
87 92 109 115 1 -0.0144049674 -1.4881568
45 48 59 94 3 -0.000670481473 -2.18691206
130 132 149 157 2 -0.591665149 -2.94120479
161 168 50 85 0 -0.0776563734 -3.32095075
131 133 76 111 2 -0.0515558086 -0.923648834
0 0 0 0 2 -0.549634576 5.16297102
126 127 142 173 3 -0.0815264732 0.121782601
99 100 85 87 4 -0.000272970879 -3.28654289
51 56 102 125 3 -0.270086467 -1.72756171
0 0 0 132 2 -0.616100788 2.9170084
0 0 0 0 2 -0.167347729 4.5725069
90 94 110 145 2 -0.0487468988 -2.06274152
133 142 96 119 0 -0.0295182653 -2.66913319
40 42 31 33 2 -0.00372876995 -2.96819806
0 0 0 0 2 -0.00092158257 5.59016848
56 59 119 128 3 -6.12723306e-05 -4.07087421
64 67 42 47 3 -0.386069298 -0.133545399
142 146 52 57 3 -0.651920557 -5.19478464
120 120 136 143 3 -0.0275545213 -4.79022646
106 110 143 178 3 -0.102077387 -0.224668145
0 0 0 0 4 -0.00658300333 3.69374681
34 34 45 51 4 -0.492533475 -1.02454495
0 0 0 0 1 -0.625481486 3.21988392
0 0 132 136 1 -1.41623175 1.95602942
113 122 54 89 0 -0.000141855591 -4.59560585
99 100 35 42 2 -0.0141906589 -3.40289521
129 131 47 54 2 -0.000823334616 -3.14434218
70 76 89 97 1 -0.000160568801 -3.93576694
50 56 95 101 0 -0.0100624068 -3.26758003
0 0 73 82 2 -0.807451844 -0.231366992
45 47 118 126 2 -0.0187380873 -4.12771368
0 0 0 0 2 -0.000127072359 5.70234013
38 38 82 89 2 -1.96682775 -0.509567916
133 138 40 63 1 -0.000256871223 -4.88394976
104 110 120 131 2 -3.96963551e-05 -2.72177649
71 75 36 40 3 -0.00270652701 -1.34516537
39 43 56 79 1 -0.0955862105 -0.904489994
103 104 35 70 3 -0.000940037542 -2.47852945
77 81 43 48 2 -0.000428407948 -3.64972973
0 0 0 0 3 -0.472621441 3.23125887
96 101 116 124 4 -8.3802981e-05 -3.1307137
54 62 75 110 1 -0.0039400151 -3.48447633
65 68 41 52 2 -0.00236830674 -2.51162577
65 68 86 121 2 -0.00038334768 -5.82879543
63 66 50 52 1 -0.000553369813 -3.25989819
95 101 22 27 1 -0.008528037 -3.10526919
64 65 46 50 2 -8.66638293e-05 -3.03670859
99 102 23 30 3 -0.0298005193 -0.527664006
133 133 96 103 2 -0.0703104287 -0.0449511111
49 53 62 68 1 -0.00302815973 -0.334610462
128 128 56 91 2 -0.00077344419 -4.00298643
74 74 93 128 3 -0.000421451899 -3.09776425
162 165 66 101 2 -0.00682599237 -3.56982064
47 47 120 155 4 -0.0351253524 -1.20318484
40 40 58 65 3 -0.0486026034 -0.486516833
174 178 56 91 3 -0.000192276813 -2.92693686
0 0 0 0 2 -0.170147076 1.55547094
162 168 115 118 2 -0.00374252512 -2.02001882
59 61 96 119 2 -0.000430440123 -3.85367465
0 0 0 83 4 -0.9909271 0.511437058
0 0 0 0 1 -0.0797196329 6.81211805
78 87 105 140 0 -0.000465186138 -5.04368448
106 109 120 155 3 -0.00278659561 -4.27005577
51 57 75 110 3 -0.000183217926 -3.53291941
67 69 53 60 2 -0.00382414227 -4.89564753
20 24 29 64 4 -0.0679785982 -4.3339572
129 137 110 117 2 -0.00216821535 -1.66968727
74 79 95 130 4 -0.00256492198 -4.40545988
49 50 65 100 3 -0.082148008 -4.98974466
41 41 51 58 4 -0.0171191376 -2.66672111
0 0 0 0 2 -0.287063092 6.20201778
142 144 119 125 2 -0.00112155138 -5.25048161
85 89 99 105 2 -0.000648785266 -3.2332058
134 136 161 172 2 -0.000250563491 -4.79571152
72 74 93 128 2 -0.00020479149 -4.54437351
79 81 33 68 2 -0.0454761721 -2.32444048
69 77 23 58 1 -0.00562762236 -4.70300579
83 85 30 61 1 -0.00154029776 0.0796845555
115 116 139 170 3 -0.0012967923 -1.61304808
115 121 46 49 0 -0.000592886528 -2.98118925
141 146 72 79 0 -0.0130964341 -1.19588995
105 108 62 67 2 -0.000862297951 -2.77181506
79 90 36 41 0 -0.000648351386 -3.94619155
47 47 57 92 3 -0.000513729814 -3.66925049
102 104 57 92 4 -0.000237679516 -5.2767992
115 119 56 71 3 -6.3299507e-05 -4.09529781
55 58 68 75 3 -0.381522566 -0.423951924
65 69 41 47 4 -0.00699487608 -2.71830821
83 84 114 121 3 -0.0163553357 -1.85478926
84 86 40 75 4 -0.00406167237 -3.29576755
101 105 117 124 4 -0.000695504772 -1.25244999
122 126 160 162 1 -0.0155158713 -2.83406425
0 0 0 0 2 -0.00621551648 6.14994001
0 0 0 0 2 -0.0377523638 6.44945002
109 111 47 56 2 -0.00387565512 -4.04009104
45 49 83 90 1 -0.00010478335 -5.86610985
69 73 107 113 3 -0.000157589922 -1.34256673
126 127 52 54 0 -0.562392175 1.11543036
87 94 106 141 0 -0.000959505327 -2.87720585
90 90 102 109 3 -0.505548894 -4.04020405
0 0 0 0 3 -0.0191014726 6.21021414
104 106 69 71 3 -0.00046078657 -2.9515624
76 80 48 55 4 -0.000722071622 -2.82714701
0 0 0 0 2 -0.601326048 6.58892584
24 31 35 50 2 -0.0255104974 -0.541382194
0 0 0 0 2 -0.000902891508 6.11417437
61 62 82 117 3 -0.000238760884 -3.80533147
131 134 168 203 4 -0.000143643003 -3.6275959
28 28 57 65 3 -0.00133347302 -1.36235726
62 67 79 114 1 -0.00051132933 -4.06972837
145 146 159 194 3 -0.00519592362 -3.86893272
0 0 0 0 2 -0.888091385 7.22484159
46 51 92 127 3 -0.000103826598 -4.2721777
137 145 120 126 0 -0.000639970938 -3.79395008
0 0 0 0 2 -0.182367742 0.736201584
176 182 0 78 3 -1.38625562 4.12797689
0 0 0 0 3 -0.220866367 3.5302043
0 0 0 0 2 -0.236121595 3.9266026
39 45 54 65 1 -0.000170819374 -2.78374672
146 146 162 173 2 -0.0341495574 -5.66243315
0 0 0 0 2 -0.452544212 4.4718647
48 52 162 197 4 -0.0223261584 -4.64212322
104 108 122 133 1 -4.01733123e-05 -3.51283741
39 44 60 64 2 -0.000172371161 -4.34759283
136 139 51 86 3 -0.0143661993 -3.94785213
69 73 165 172 0 -0.00868849456 -1.306916
112 116 171 175 3 -0.0161457807 -3.43292999
97 97 106 137 2 -0.0108987978 -0.817143917
100 104 113 122 2 -0.0797027797 -2.53159475
75 80 145 180 4 -0.00147223705 -3.93356466
81 82 111 114 3 -0.00432576519 -2.15996933
51 51 70 105 3 -0.178319693 0.00364404917
35 35 55 58 2 -0.00149908452 -1.68415165
63 72 80 91 0 -0.000523576862 -3.15434194
124 128 107 118 2 -0.0370579772 -2.94407392
59 59 106 109 3 -0.000923976186 -3.01840901
0 0 0 0 1 -0.318341851 1.43458033
38 39 49 0 3 -0.365580142 -1.24639964
0 0 0 0 2 -0.384800225 7.38463497
24 25 38 61 2 -0.000246396667 -3.24869204
132 134 82 90 1 -0.000186550344 -3.66792679
73 73 50 61 3 -0.16811341 -1.08486438
135 138 102 105 1 -0.00044327564 -4.29154539
100 103 74 81 2 -0.0136874905 -3.64163804
168 168 111 122 3 -0.00282263244 -5.43730068
0 0 0 0 1 -0.0957682952 2.85940647
52 52 181 186 3 -0.00700543867 -4.93751717
0 0 0 0 1 -0.407035142 7.25172997
62 65 78 113 3 -4.63715878e-05 -4.20608425
55 56 75 90 2 -0.00035402365 -4.74082232
54 61 35 43 0 -3.12325974e-05 -3.28179955
0 0 0 0 1 -0.229952171 2.97937989
0 0 0 0 1 -0.104991622 2.89914441
121 126 75 77 3 -0.150459066 1.06628919
145 150 19 54 3 -0.00245877588 -2.96999526
79 82 102 141 3 -0.0251070242 -1.99833512
69 69 41 52 2 -0.000182738018 -3.24714041
0 0 0 0 3 -0.798221946 7.01506042
96 100 48 71 1 -0.00937552098 -2.27015448
65 68 49 51 2 -0.0259650461 -2.81568623
115 116 150 153 2 -0.022457879 0.553786278
44 51 107 142 0 -0.0398922563 -3.22721457
109 109 55 61 2 -0.196319178 -0.183264315
222 223 163 198 2 -0.0164104719 -4.28520966
123 126 75 98 4 -0.0645569786 -3.46711779
0 0 0 0 2 -0.175325111 6.80405617
60 67 80 85 2 -0.001616491 -1.27660704
116 119 30 65 3 -0.000554991595 -1.94650245
36 36 65 100 3 -0.142660618 -4.64165068
0 0 0 0 3 -0.076080516 6.2388773
95 95 78 83 2 -5.99618361e-05 -3.51842117
0 0 0 0 2 -0.00473754946 3.41319323
152 158 44 67 1 -0.0300772842 -0.956855476
48 49 61 69 2 -7.20012467e-05 -4.11955452
22 29 36 71 2 -0.866741419 -1.52502584
81 85 93 97 2 -0.000343750056 -3.8002286
0 0 0 0 1 -0.12865068 2.72741508
95 99 43 78 2 -0.000166170968 -2.86638761
125 126 52 87 4 -0.00401695212 -3.64070034
0 0 0 0 2 -0.00155960419 4.96034288
107 109 147 152 2 -0.405538976 -1.08430862
0 0 0 0 3 -0.00993807893 5.0064373
90 91 52 55 3 -0.000122184909 -3.39301777
151 155 36 59 3 -0.00433795713 -1.46865916
138 142 79 83 1 -0.00199697888 -2.84915733
136 143 93 101 1 -0.000443480705 -4.06471205
77 83 38 45 1 -0.00260651531 -2.75933647
44 48 60 95 3 -0.000185363606 -5.01847696
0 0 0 0 2 -0.0064046476 4.36576223
58 61 106 141 3 -0.160635918 0.509639084
35 39 44 59 3 -0.405993938 -2.37396646
0 0 0 0 3 -0.74911648 7.10496187
74 79 95 98 3 -0.00124645617 -1.93765187
69 0 47 58 2 -0.87615639 -1.41990519
45 49 92 127 3 -0.0106036123 -3.8890996
0 0 0 0 2 -0.00277018105 4.51773977
94 98 181 188 3 -0.219611049 0.670848668
80 83 23 58 3 -0.000674994604 -5.83225679
18 20 40 47 1 -0.771621525 0.678441823
0 0 0 0 2 -0.000326136564 5.08313704
114 117 46 52 3 -0.0568479225 -4.33789873
157 160 68 110 2 -1.05809891 0.51850915
53 53 107 0 3 -0.920461059 0.921005785
39 43 54 63 0 -5.87695322e-05 -4.11243677
55 61 72 79 2 -0.000362013932 -1.92239165
37 43 47 59 0 -0.0270717144 -4.71913433
40 44 27 31 3 -0.070491828 -0.10742712
193 197 152 157 1 -0.00393657712 -3.02362871
0 0 0 0 2 -0.609743118 5.03137541
41 45 59 74 3 -0.000852745725 -4.01799011
45 48 125 136 1 -8.01075512e-05 -2.9826889
97 100 49 84 2 -0.219577253 -1.34906054
103 109 136 142 1 -0.000271431345 -3.89244366
56 64 76 83 0 -0.00139511819 -4.41961622
59 62 75 79 2 -0.00445070863 -2.08240151
62 65 0 30 3 -1.2236011 2.59717107
113 117 90 96 3 -6.4610751e-05 -4.62766981
57 58 68 79 2 -0.0278205033 -1.60689402
85 89 102 108 3 -0.0810517073 0.40520215
68 72 202 233 2 -0.00755586615 -3.12261248
157 165 56 91 1 -0.0185221005 -0.113457352
47 50 71 76 0 -0.00160101079 -4.07639647
183 186 98 103 0 -0.000307068927 -3.71850252
45 48 69 80 1 -0.216872633 -0.929204941
166 168 46 53 3 -0.000940526254 -4.57060623
0 0 0 0 2 -0.116081446 7.14509916
52 57 69 72 1 -0.000681442674 -4.31328106
0 0 0 0 0 -0.00486040069 4.87600994
128 130 65 110 2 -0.118079141 0.0766220093
132 137 110 118 1 -6.49684735e-05 -3.3394258
155 155 170 205 0 -0.436775118 -3.70358133
137 140 181 216 1 -0.289676517 -2.57972789
0 0 0 0 3 -0.846742809 7.07405853
68 76 105 140 1 -0.000491081562 -1.59447193
144 150 103 105 0 -0.000133868132 -4.08105946
0 0 0 0 2 -0.155661598 3.97756314
106 113 33 42 2 -0.0471675582 -1.87039876
106 107 45 53 1 -0.00107038673 -2.074821
0 0 66 82 1 -0.469078571 4.0228219
0 0 0 0 3 -0.431349754 1.29046631
0 0 0 0 3 -0.00316242385 5.12506056
0 0 73 78 0 -2.00736332 1.19818473
0 0 0 0 3 -0.71496892 6.65912294
44 47 78 113 3 -0.000851666788 -5.65281153
133 134 151 186 2 -0.00495377136 -2.53321171
41 48 65 69 1 -0.00810110942 -2.33475327
141 147 34 69 2 -0.026551038 -2.12469745
106 110 125 160 4 -0.134498432 0.418027699
0 0 0 0 2 -0.00635518832 5.2787652
110 113 141 146 1 -0.0368166864 -4.51576424
143 149 77 81 1 -0.00157901726 -3.15815878
101 106 44 50 1 -0.178932682 -1.72796655
113 118 63 69 3 -0.00101897307 -3.31310344
17 23 28 35 1 -0.573176503 -1.44991708
0 0 0 0 2 -0.000161522577 5.18529701
109 109 57 62 3 -0.0671910942 -3.9838202
50 51 88 92 2 -0.00712886779 -1.67597556
46 52 96 104 2 -9.0955582e-05 -4.00161552
117 121 56 67 0 -0.00809319504 -1.98866606
73 75 48 52 1 -0.00770673202 -1.89795804
59 61 128 133 2 -0.0648109987 0.125181496
204 206 61 70 2 -0.0111155622 -0.0496486425
86 90 101 136 4 -0.00418430055 -6.11635494
95 97 114 120 2 -0.00025986394 -4.03319979
34 36 73 108 2 -0.000294313068 -3.67713499
103 108 22 23 1 -0.00730360858 -1.9863925
97 98 19 22 3 -0.00305397296 -5.10593843
0 0 0 0 2 -0.141743064 6.1761837
49 53 90 125 1 -0.00145810051 -1.94311547
0 0 0 0 2 -0.000941728416 4.94688845
52 58 186 194 3 -0.00465864502 -4.23156214
130 138 148 150 0 -0.00488561532 -5.30072832
109 114 132 141 3 -0.0002932403 -6.25026989
68 69 82 86 4 -0.776170552 -0.835553229
118 120 61 63 2 -0.000280007254 -3.24264741
26 26 76 85 2 -0.0337156653 -1.97676229
134 137 36 71 3 -4.649127e-05 -4.18695259
62 65 117 119 0 -0.00133547874 -1.05679345
107 109 91 95 2 -0.00762110297 -1.14268017
22 30 38 73 2 -0.25748077 0.397330523
94 97 113 119 4 -0.00755416043 -0.283225477
117 122 64 99 2 -0.000201097777 -4.29123878
0 0 0 0 2 -0.0864920616 5.38177824
135 135 0 161 3 -1.07615125 0.0996984243
45 45 96 102 3 -0.00419963896 -3.93407035
69 74 103 138 1 -0.00646065967 -1.42735147
116 118 132 139 2 -0.000167007296 -3.13226509
75 79 172 195 4 -0.0389296934 -3.06255841
106 110 127 162 4 -0.000180475588 -3.48271465
130 134 104 106 2 -0.0131667722 -2.42943168
0 0 0 0 1 -0.762443244 3.00616527
92 96 115 119 3 -0.0664264709 -0.355078906
0 0 0 0 2 -0.000481554627 3.50061107
114 118 38 73 4 -0.000421841163 -3.24684405
144 0 0 0 1 -0.724820912 2.84640455
118 124 67 70 0 -0.00014101986 -2.15630412
34 35 47 70 2 -0.00250750431 -5.21051693
79 82 113 120 2 -0.00277235266 -2.73324585
62 68 107 118 1 -0.000451033935 -1.12402296
30 40 148 154 1 -0.000746641774 -2.43708396
74 74 179 186 3 -0.000238887937 -1.44400454
128 130 148 183 2 -0.078414619 -0.149919182
162 166 41 64 2 -0.000134465823 -4.33186769
43 50 88 94 0 -0.0318159536 -3.61111712
135 139 92 96 1 -0.00627773162 -3.10838866
121 123 73 82 1 -0.00145837141 -0.452031165
0 0 0 0 2 -0.000219323556 4.97338247
74 77 37 40 1 -0.0111523587 -2.77871299
101 101 116 151 3 -0.29197529 -0.0286100507
103 104 115 120 2 -0.00223465613 -5.09792042
0 0 0 0 1 -0.00042600336 5.61345434
44 47 108 143 3 -0.0137749352 -0.916437507
124 126 71 86 3 -0.00387374125 -3.74128246
125 130 51 57 3 -0.000358075806 -3.31915689
138 142 44 55 3 -0.0365542993 -3.85784197
0 0 0 0 4 -0.915469348 7.63836908
86 89 99 134 2 -0.0069366917 -2.60910511
34 38 44 79 1 -0.0357021727 -3.20689774
0 108 119 0 2 -1.38549793 2.92502546
77 80 92 107 2 -4.21997029e-05 -4.04659319
0 0 0 0 2 -0.783780456 4.40740919
41 41 116 124 4 -0.01363682 -1.77795768
84 88 105 112 1 -0.000323986053 -3.46745682
147 147 79 85 2 -0.000548672921 -2.26581788
0 0 46 0 3 -1.89258313 2.53859687
49 51 61 69 2 -7.60544863e-05 -5.89549398
32 34 87 122 1 -0.0133739533 -1.10465765
176 180 118 123 4 -0.0342156477 -3.3117044
82 82 60 64 2 -0.00148465252 -4.30694389
52 56 123 130 2 -0.000271662575 -2.30383539
90 91 28 36 2 -7.61736519e-05 -3.6139102
48 0 0 0 2 -1.52307868 3.37231374
40 45 57 92 1 -0.00014614746 -2.6960218
0 0 0 0 4 -0.124669299 1.92427659
0 0 0 0 2 -0.00165832625 4.93015862
127 127 102 113 2 -0.00412704842 -1.8527565
25 30 120 127 4 -0.0111718215 -2.45735574
61 68 112 147 0 -0.00790816825 -3.47528744
68 73 159 165 0 -0.00267091626 -5.08847713
159 163 87 92 3 -0.00414538337 -3.13599873
131 135 162 177 0 -0.00263943267 -3.33352804
62 65 52 56 1 -0.00220184843 -1.06953788
138 144 115 119 2 -0.000944919651 -3.56391191
0 0 0 0 1 -0.326751381 3.02675891
0 0 0 0 2 -0.00507568149 3.7616117
57 61 101 112 4 -0.000133869282 -3.83187413
155 159 105 108 1 -0.57293433 -4.47583103
0 0 0 0 3 -0.157185897 3.18162727
73 74 51 58 3 -0.000668177381 -5.03002405
0 0 0 0 2 -0.500567079 6.9458766
0 0 0 0 3 -0.0342347659 3.84012103
73 73 42 57 3 -0.000582618581 -4.99713564
183 187 98 103 1 -0.000251515245 -1.91419578
112 115 135 141 3 -0.000522445072 -5.02628422
110 116 93 99 3 -0.0195597336 -2.86952329
119 120 65 67 2 -0.00238107494 -4.74166489
93 97 79 82 1 -0.000160808384 -2.33392763
125 130 142 177 3 -0.000319101266 -3.22057915
0 0 0 0 2 -0.35066244 3.54030848
47 51 84 119 2 -0.00122054387 -3.96932554
144 147 67 98 2 -6.9617563e-05 -4.52566624
0 0 0 0 3 -0.607349038 6.80854988
0 0 0 0 2 -0.952701569 7.71263075
124 125 52 87 2 -0.795045853 -1.41705799
140 147 64 71 1 -0.00015901697 -3.85043812
48 49 63 71 2 -0.00119371573 -4.95511961
0 0 0 0 2 -0.00217330083 5.96092892
127 129 177 212 2 -0.00649354467 -5.77443075
92 96 129 132 2 -3.54049116e-05 -2.27043104
0 0 0 0 2 -0.00161227537 4.8996439
37 41 83 87 2 -0.000874116784 -4.57356453
40 41 71 106 2 -0.0332771949 -2.076967
121 123 57 63 2 -0.00143533363 -2.58624983
22 26 39 74 4 -0.000153294677 -2.8881712
45 48 65 72 0 -0.0979951918 -1.49252152
90 91 55 61 2 -0.000447444239 -4.10499001
72 73 88 111 3 -0.0235035103 -2.16309905
96 102 120 151 1 -0.00737654418 -3.37416935
0 0 0 0 2 -0.791615665 6.93402767
115 118 132 137 1 -0.00277313916 -3.26952171
51 54 92 98 4 -0.000600526342 -4.24851513
103 103 32 47 2 -0.305599421 -0.917096734
0 0 0 0 2 -0.00121865026 2.65529323
46 54 81 96 1 -0.000403718266 -3.76209188
0 0 0 0 2 -0.000288220705 4.98839235
55 56 34 40 3 -0.0102294181 -3.99760795
105 110 47 51 2 -0.0116050458 0.17197156
97 103 122 157 0 -0.000240670386 -4.36204147
0 0 0 0 3 -0.156598389 2.13060689
86 100 116 120 2 -0.723239124 -2.99787021
134 137 94 100 2 -0.000375844305 -3.91378427
117 117 135 143 3 -0.000164140991 -2.24029589
62 63 182 217 3 -0.247871235 -1.04066682
106 110 125 130 3 -0.19195196 -0.664948702
81 87 30 65 2 -0.000511700637 -4.56239319
135 135 167 202 3 -0.0357525162 -4.1486001
54 54 68 73 3 -0.00172453292 -2.57159519
0 0 0 0 2 -0.000682835991 2.23140526
66 68 94 129 2 -0.031594716 -1.97079706
39 43 47 51 3 -0.772922993 -1.02132034
138 142 57 68 2 -0.00169337413 -1.8619709
48 54 68 76 2 -0.000592407596 -1.42298162
106 111 180 182 1 -0.00280602579 -2.05814385
108 108 58 93 4 -0.169707805 -1.95779014
0 0 0 0 2 -0.000263539318 4.9469595
45 50 63 70 4 -0.000870338117 -1.88120985
111 112 44 79 3 -0.0422743596 -3.98592639
101 103 134 141 3 -0.00492131803 -0.773134351
12 16 59 52 0 -0.115475148 -1.15977287
46 53 58 66 1 -0.325691342 -3.51569176
131 132 58 66 2 -0.00880056992 -2.20068765
49 53 70 93 1 -4.30342916e-05 -2.22580791
55 61 69 84 0 -0.000755803019 -2.05236292
0 0 0 0 0 -0.00916948635 6.78641367
49 56 34 38 0 -0.00314690685 -1.58705091
50 56 118 153 1 -0.0365920812 -3.25322294
115 120 134 140 3 -0.01534745 -3.2538588
131 133 97 101 3 -0.00218376517 -3.8670969
65 69 75 110 4 -0.703866541 -1.43104172
145 149 51 86 1 -7.41469848e-05 -4.2752552
76 76 91 126 3 -0.000250552577 -5.00876808
118 122 136 144 1 -4.86367862e-05 -3.31342888
100 100 110 114 3 -0.00105423504 -3.04992318
0 0 0 0 1 -0.019226877 2.80407214
111 117 45 60 1 -0.560898364 -4.2457304
102 102 59 82 2 -2.15767777e-05 -5.12473202
54 60 77 85 1 -0.000590672658 -1.34704757
111 111 50 73 3 -0.0067805564 -1.66039324
51 52 66 75 4 -0.00113743392 -1.55550742
60 62 134 169 2 -0.00308641046 -5.12021255
116 116 51 60 3 -0.367174119 -1.02804828
0 0 0 0 1 -0.00711238803 6.91214514
165 171 130 145 2 -0.000480704883 -2.23949504
111 120 40 55 0 -0.000210277838 -2.23559356
147 147 100 135 3 -0.103163302 -1.44379187
37 39 53 64 2 -0.000809974852 -3.85511398
52 57 66 73 0 -0.000316362188 -2.01486826
0 0 0 0 2 -0.0115647605 6.12611771
68 68 0 118 2 -0.435686678 1.49252343
69 79 118 120 1 -0.832078457 0.00685030222
0 0 0 0 3 -0.00785804261 3.63632178
100 104 120 155 4 -0.125215486 -3.67370939
49 52 34 42 0 -0.000105378953 -3.02674913
0 0 0 0 3 -0.0908491984 4.92455244
45 45 0 0 2 -1.68002319 0.251318038
112 115 137 168 1 -0.0527274311 -1.20686936
34 34 42 73 3 -0.0650824755 -0.197634235
115 115 89 93 3 -0.00670416374 -2.83751011
0 0 0 0 4 -0.481271893 7.73342562
165 170 112 147 0 -0.000661501486 -3.50299335
0 0 0 0 2 -0.00344749866 6.39780712
0 0 0 0 3 -0.849058628 7.14329338
40 45 80 86 1 -4.62525713e-05 -3.31755018
49 56 118 141 2 -0.000164144876 -5.23146915
125 129 55 59 4 -0.000625710294 -4.0469532
90 97 67 78 4 -0.354031801 -2.20808411
42 46 75 81 2 -5.01866853e-05 -4.27719975
46 50 22 27 3 -0.00938022975 -2.32715559
72 77 40 51 1 -0.00011539078 -3.28659725
0 0 0 0 1 -0.269583046 7.5016346
145 152 23 58 1 -0.0578575917 0.792434752
0 0 0 0 3 -0.138548851 4.35108805
218 224 163 198 2 -0.0036850553 -3.38176537
37 38 52 56 2 -0.00194101944 -1.4592824
86 91 47 52 2 -0.000104067418 -3.39916849
181 181 158 169 2 -0.000700746488 -4.55008984
122 123 91 102 2 -0.610331714 -0.62816596
91 96 102 105 3 -0.437988847 0.537198067
56 61 41 43 1 -0.00130558934 -3.55043268
89 93 122 130 0 -0.000317079102 -2.18157768
95 103 115 122 0 -0.00077457045 -4.44936943
60 64 39 43 3 -3.9815608e-05 -4.25033712
103 107 48 83 2 -0.003019772 -2.3828342
141 146 50 56 2 -0.00251821987 -2.46323037
0 0 0 0 0 -0.00887912326 4.38922882
62 67 94 103 2 -0.000175585126 -5.4467473
0 0 0 0 0 -0.0399057493 3.20714521
106 111 65 96 0 -0.00411635172 -1.67136073
67 67 40 45 3 -0.00437772227 -1.87897468
0 0 0 0 2 -0.973682642 3.19758391
113 147 62 71 3 -0.418995827 -4.48237753
43 47 59 64 2 -0.000268208532 -3.36624289
0 0 0 0 0 -0.24992387 5.9147954
58 58 107 122 3 -0.00586233381 -5.44361162
112 115 101 106 4 -0.000102515769 -3.8681612
171 177 195 200 2 -0.00407264382 -2.5017786
0 0 0 0 3 -0.41608116 6.9394989
63 66 77 112 2 -0.00143271836 -3.55758476
115 115 40 45 2 -0.000574310427 -4.85806847
146 150 102 110 2 -0.0428272411 -1.37203336
53 53 73 108 3 -0.000826693198 -1.37389135
0 0 0 0 2 -0.0162056573 6.68801355
0 0 0 0 3 -1.1444279 7.42326164
0 0 59 94 1 -0.60074389 1.93471217
68 68 78 113 3 -0.017405564 -0.581209242
63 67 103 108 2 -0.0301582888 -1.73409247
85 88 103 138 2 -6.29418573e-05 -3.95043731
207 211 173 188 2 -0.0264101475 -1.74508357
114 114 136 143 4 -0.000487615645 -3.63342047
0 0 0 0 2 -0.0948892012 4.0686183
117 121 134 141 3 -0.0471005514 -2.18836141
126 129 193 198 0 -0.00487132464 -2.32797432
52 55 73 77 4 -0.0116027556 -1.36203325
17 25 29 31 0 -0.0907960534 -0.807631135
52 59 146 153 3 -0.0425483622 -1.56131101
43 50 58 65 1 -0.000780369563 -3.23406315
130 204 56 63 4 -0.858326972 -5.26081657
0 0 0 0 1 -0.687223375 1.16588974
96 96 104 119 2 -0.000233878221 -3.14146376
101 102 56 91 2 -0.000445189275 -3.78594923
0 0 0 0 2 -0.0304969773 1.50693655
0 0 0 0 1 -0.000660986989 4.19334602
0 0 0 0 3 -0.0149002485 6.45923901
111 115 92 96 4 -0.00194652926 -5.91584301
0 0 0 0 1 -0.0756945759 3.685426
78 82 97 103 3 -0.00340984087 -1.74526191
46 50 53 64 3 -0.322661459 -2.58888006
141 141 43 58 2 -0.016782416 -1.98098087
64 68 30 37 2 -3.45704393e-05 -3.99657726
106 108 45 76 3 -0.000125523817 -4.57917404
151 156 98 133 0 -0.000200023278 -4.2479229
0 0 0 0 4 -0.00167784363 5.48759174
0 0 0 0 2 -0.00421872688 3.85714936
47 56 69 73 0 -0.54597491 -0.558943152
0 0 0 0 2 -0.00241149706 5.77462769
0 0 0 0 2 -0.0481999852 6.21889687
100 106 76 82 0 -0.00122096855 -1.69562888
0 0 0 0 2 -0.721624374 2.86213207
52 59 166 171 3 -0.013317937 -5.3495717
0 0 0 0 2 -0.527946949 6.7013135
0 0 0 0 0 -0.00175960246 5.08670044
0 0 0 0 3 -0.228127807 6.29994583
125 128 143 148 2 -0.00568272406 -0.357194334
28 32 38 49 3 -0.440376371 -0.907509923
0 0 0 0 1 -0.0338700972 6.4808054
39 41 78 101 2 -0.00449005328 -2.40603089
26 27 37 43 2 -0.0966063514 -2.59893847
0 0 0 0 2 -1.23646617 7.55039835
174 174 115 150 3 -0.0240280516 -2.61224103
114 118 59 94 2 -0.00912897103 -4.99625635
96 97 105 128 2 -0.415546924 1.27191973
0 0 0 0 2 -0.278544396 4.2232461
64 68 102 133 1 -0.00135648518 -4.61271524
0 0 0 0 3 -0.0242216811 8.02153111
216 218 162 173 2 -0.0103444895 -2.4921391
56 60 91 98 3 -0.00196946249 -3.64915609
112 117 133 144 2 -0.00813117344 -1.39345908
48 54 65 100 3 -7.99880072e-05 -5.68214989
102 103 110 117 3 -0.00339294644 -3.10286546
58 66 166 170 2 -0.0051467712 -0.519300342
53 53 66 73 3 -0.228113547 -0.754693031
116 119 84 107 2 -0.00322378427 -1.94271827
87 87 93 128 3 -0.00234748889 -1.16445684
39 47 55 62 1 -0.0016331994 -3.22776532
0 98 0 0 3 -1.66106272 2.44505739
42 46 52 83 1 -0.0229936168 -0.250665873
92 93 106 113 2 -0.00527577009 -2.17752242
90 92 147 152 2 -0.000498417241 -5.20530415
52 54 121 126 2 -0.00013851402 -2.91262889
87 91 75 81 2 -1.40666489e-05 -5.04474497
35 35 88 123 2 -0.00226932461 -2.80560565
0 0 0 0 3 -0.144255131 2.03560662
89 93 109 124 4 -0.00021230572 -5.11063337
150 156 55 78 1 -0.00101277768 -1.33131361
80 86 117 128 0 -0.178490251 0.0917643309
0 0 0 0 0 -0.157757446 5.07212257
49 53 32 37 2 -0.00123081892 -2.75090337
47 50 105 114 2 -0.00802821945 -4.65401173
126 130 100 107 2 -7.41469848e-05 -4.72304249
10 13 17 20 2 -0.47174871 0.535295308
98 98 109 114 3 -0.505353689 0.495485187
111 113 52 87 3 -0.00019942451 -3.70968223
119 130 145 160 0 -0.000878058607 -3.50859046
41 47 68 83 2 -4.35108377e-05 -4.75574017
100 104 202 209 3 -0.00291511114 -3.12218094
0 0 0 0 2 -1.06485665 7.23181248
99 107 53 61 3 -0.00580783607 -2.24881864
211 219 170 175 1 -0.0605018623 -0.543163121
0 0 0 0 2 -0.0520235561 4.93812418
17 17 81 116 2 -0.330713898 -4.67375612
90 94 44 75 1 -0.334844679 -3.71180224
143 150 46 50 0 -0.00078626757 -4.57637835
50 50 175 210 4 -0.00998818222 -4.94009352
22 25 32 67 0 -0.130448237 -5.96664667
91 93 41 52 2 -0.47265619 -0.929775357
0 0 0 0 2 -0.313365996 6.71850681
48 52 65 88 2 -0.000543012167 -3.19886851
118 125 61 96 2 -0.0746870562 -5.18671465
0 0 0 0 4 -0.381264359 7.7293067
157 157 35 38 3 -0.238185301 -3.57597089
84 88 119 154 3 -0.000946512446 -4.51701641
82 86 35 72 3 -0.0805746317 -1.2459625
62 67 86 93 3 -0.0121517722 -2.06149125
0 0 0 0 3 -0.0148822032 3.64266706
158 162 67 102 0 -0.000235549218 -3.37857628
56 57 186 221 2 -0.00392812118 -3.27662444
110 113 122 145 2 -0.0299550556 -0.879018247
0 0 0 0 3 -0.00319770025 6.33897543
88 92 101 136 2 -0.000502235256 -4.11296511
96 96 49 84 2 -0.193028212 -0.982278764
103 111 121 125 1 -0.000406327279 -2.54751539
40 44 53 88 2 -0.00375797506 -3.0727334
128 128 47 52 3 -0.0157104786 -1.91171479
36 40 96 111 3 -0.000138755146 -5.0970273
115 117 96 103 2 -0.000892225769 -3.35139823
204 207 102 108 1 -0.00412327284 1.55911875
82 82 93 102 3 -0.000611463038 -0.461460203
71 78 97 101 0 -0.000650846807 -1.08826756
0 0 0 0 3 -0.456933528 3.37153959
0 0 0 0 3 -0.069130905 5.07679081
56 58 94 99 1 -0.00305220718 -0.971562445
96 100 49 84 3 -0.00200079964 -2.39357448
0 0 0 0 2 -0.00481604226 6.80204296
35 39 75 110 3 -0.000132199828 -4.07137346
0 0 0 84 1 -1.28990316 0.733460605
120 124 101 105 2 -0.00110931974 -3.4259119
88 94 107 118 1 -0.00461984985 -3.32891893
215 218 161 196 2 -0.0045405617 -3.48914027
133 133 88 123 2 -7.8915371e-05 -2.91134429
122 128 72 107 1 -0.00023768899 -4.35200214
39 39 44 50 4 -0.147167698 -2.66437984
0 0 0 0 1 -0.0187186003 7.22411251
46 50 24 29 1 -0.00196398376 -1.75136065
52 53 139 174 2 -0.00369967683 -2.26742554
190 191 141 176 2 -0.0132182436 0.300029337
115 120 132 136 1 -0.000300740445 -3.37042117
71 74 52 59 1 -3.36166813e-05 -2.4818511
0 0 0 0 2 -0.307810932 7.04020739
64 64 48 51 3 -0.000405640516 -3.63649964
40 47 60 63 3 -0.0131663028 -3.40348554
60 63 15 50 4 -0.220194668 -0.983134806
0 0 0 0 1 -0.605995178 7.38932323
111 113 45 80 2 -0.00759450253 -3.52974081
58 59 43 47 2 -0.000117656375 -3.16689515
140 144 155 157 2 -0.186535344 0.0926384926
53 59 78 93 1 -0.000610461517 -4.38069057
51 56 90 125 1 -6.0319373e-05 -4.7214303
56 62 124 127 0 -0.0157777965 -1.70021558
71 71 51 58 2 -0.000107405067 -4.38731575
93 97 107 111 3 -0.000765543664 -2.83680415
102 102 49 56 2 -0.0264081042 -1.62711906
126 131 77 112 3 -0.00629156362 -4.13431931
130 136 90 97 0 -0.00146635028 -5.95075178
61 63 135 140 2 -0.000433279027 -2.64439917
69 73 87 98 3 -0.0106826499 -2.25465822
0 0 0 0 4 -0.466640264 7.62389708
117 122 63 98 4 -0.000591739605 -4.79386139
92 97 108 115 0 -0.00299335876 -0.839185715
0 0 0 0 2 -0.0221691206 2.86205268
37 120 91 99 3 -0.122737668 -2.95554662
130 135 108 115 0 -0.000226012635 -1.60535693
56 56 143 150 3 -0.663275182 1.33366776
148 149 46 57 2 -0.0466565266 -3.54014874
99 100 134 169 2 -0.0303404629 0.802814305
141 142 84 107 2 -0.00684853131 -1.71303415
121 123 34 69 4 -0.00573772052 -2.63597894
41 41 56 63 2 -0.00186210824 -3.22953415
44 50 147 151 2 -0.000218733796 -3.01824164
133 141 169 175 2 -0.0364066921 -1.43890667
0 0 0 0 2 -0.00235157413 4.15372229
132 136 83 118 3 -0.0428858176 -1.25553489
0 82 123 130 1 -0.959894955 -1.91091752
105 105 113 124 2 -0.00258759689 -2.51192784
0 0 0 0 3 -0.13966915 3.72948766
0 0 0 0 2 -0.00921659265 3.80653119
195 196 147 154 4 -0.651320696 -3.03837228
48 48 127 132 3 -0.00101945247 -2.33269262
0 0 0 0 2 -0.137133539 4.40515232
0 0 0 0 0 -0.197917894 6.14897585
0 0 0 0 2 -0.000701565936 4.83255148
134 134 82 88 3 -2.22430968 2.01508856
101 101 114 145 3 -0.21066463 -3.12753415
53 53 65 73 3 -0.000288586598 -2.47077847
0 0 0 0 1 -0.00217266171 3.7593801
0 0 0 0 0 -0.276966542 4.74715328
41 41 78 113 4 -0.000598554907 -2.90915823
60 67 79 85 2 -0.000787618861 -3.70060253
15 20 30 28 4 -1.82606006 -4.49135685
40 43 57 64 3 -0.153104633 -3.6737411
140 143 109 115 3 -0.148375303 -1.39102125
120 123 106 110 2 -0.00125972647 -2.83306503
91 94 107 111 3 -0.000183815209 -3.29020834
0 0 0 0 3 -0.0276430957 5.64926052
189 196 137 172 0 -0.128136858 -2.49494028
33 34 51 55 2 -0.188316405 -2.93346739
98 102 19 54 2 -0.00357450172 -3.49912763
0 0 0 0 1 -0.0373280011 3.28677607
53 55 114 116 2 -0.00182923302 -4.28357553
0 0 0 0 3 -0.038925942 7.14699221
185 187 76 107 1 -0.081154272 2.85637116
85 90 173 180 0 -0.00371079682 -2.70681643
152 155 53 88 2 -0.163459435 1.13017464
36 40 112 119 3 -0.403335243 -1.58187652
110 113 126 129 3 -0.215058982 -4.97091055
159 164 100 135 4 -0.0787294134 -2.72935033
164 169 69 104 1 -0.00988017768 -0.365178525
108 110 124 131 3 -0.00159004261 -0.671623707
128 129 60 71 3 -0.011294621 -3.43418026
103 110 121 152 2 -0.000508485013 -3.65166926
73 75 82 113 3 -0.000629367132 -1.95294428
46 47 66 73 1 -0.0400349796 -0.911917806
100 101 116 121 2 -0.000692827976 -5.10298157
168 170 94 102 3 -0.00740875443 -2.56246018
96 96 122 125 3 -0.00534350565 -1.53282237
0 0 0 0 3 -0.225965023 4.03066587
92 93 143 166 2 -0.0011902689 -5.08351898
135 143 64 75 2 -0.000158539508 -4.27321577
124 130 51 54 1 -0.00614503492 -2.98124099
0 0 0 0 1 -0.678441584 6.91360664
103 103 50 85 3 -4.44646066e-05 -4.58065128
101 105 82 89 4 -0.000513824634 -2.78015447
79 82 115 122 3 -0.214030862 -0.0667455196
95 96 107 114 3 -0.00243397616 -5.00644445
85 90 53 68 1 -0.0510981679 -0.790363133
104 111 47 82 2 -0.000148289837 -3.10148215
76 76 83 89 2 -8.95243429e-05 -2.90343451
155 159 49 72 3 -0.00194557349 -2.14369297
138 142 96 131 3 -0.000516245724 -3.42436767
76 85 52 63 1 -0.0418870226 -1.74813557
136 140 84 119 1 -0.000402625243 -6.0312171
104 106 34 39 2 -0.00123695238 -3.4520936
175 175 104 139 3 -0.426130444 -2.89357758
125 129 105 109 0 -0.000763682649 -2.9021585
112 113 128 136 3 -0.00221137702 -1.6263833
114 114 123 128 4 -0.00179580459 -2.91890478
56 59 136 142 2 -0.000941619626 -6.47059393
105 106 120 151 3 -0.0140290977 -4.10471678
51 51 146 151 2 -0.000297174876 -2.16428185
0 0 0 0 2 -0.000416566298 6.31498289
163 164 178 213 3 -0.0336151235 -2.92572331
38 39 60 95 3 -0.00763511658 -4.14698982
0 0 176 0 2 -0.676234961 0.00453591347
20 23 94 146 1 -0.413099349 1.47462392
115 117 54 89 1 -0.0032283545 -4.00164938
11 15 110 145 0 -0.0113450307 -3.60237598
98 102 145 180 3 -0.0391705558 0.742941797
0 0 0 0 2 -0.000480953895 5.92649174
87 91 43 78 3 -0.730710685 -0.500614047
0 26 72 107 3 -0.756718218 -2.46256495
49 52 91 102 1 -0.000372501818 -1.25752211
72 72 82 113 3 -0.0144507596 -1.78756309
51 53 70 93 2 -0.0177273713 -0.576261997
0 0 0 0 2 -0.0107931523 6.11054993
139 139 94 101 3 -0.00381673174 -3.12171483
42 47 55 61 1 -0.0603325292 -4.92894268
0 0 91 96 0 -0.102492586 1.69793129
104 107 62 73 1 -6.74716794e-05 -4.19734764
0 0 0 0 3 -0.00025771762 6.35251331
18 23 27 62 2 -0.0371455662 -2.00772643
100 104 116 147 3 -0.000758461654 -3.14289188
171 173 50 85 2 -0.0245728083 -0.578985691
41 42 140 148 3 -0.551787496 -3.4722569
160 0 60 83 1 -1.26188684 -0.300765127
76 81 138 144 0 -2.12191371e-05 -5.18919277
88 95 136 139 0 -0.0800099075 0.133329928
216 222 191 199 0 -0.0372129939 -5.49100256
35 36 88 123 2 -0.000399196695 -4.13136053
19 19 40 47 3 -0.359300047 0.962179959
44 48 103 138 3 -0.00174869644 -0.963031292
98 101 75 78 2 -0.00011241169 -3.64191961
57 60 76 83 1 -0.00138572021 -2.49580359
131 134 152 164 1 -0.000113006463 -3.38234425
97 101 49 84 0 -0.000369035552 -5.63988209
46 47 64 71 2 -0.151782185 -1.17487931
67 67 50 52 3 -0.0144396257 -0.342075258
57 61 91 99 1 -0.033952482 -1.37752438
31 35 77 112 1 -0.000662492472 -2.58724809
69 76 39 50 2 -0.000337460137 -3.57665563
26 32 43 49 1 -0.000713586924 -2.17682362
121 124 107 110 2 -0.00012349771 -3.82927179
180 183 203 208 2 -0.0912123919 0.768268645
106 108 125 130 2 -0.00149062951 -2.44398499
12 12 17 20 4 -0.0146317519 -0.783680081
12 15 19 26 0 -0.0465262607 -1.55714417
53 57 136 167 4 -0.0406193882 -4.07242632
67 71 93 97 3 -0.0209898166 -3.10487342
55 55 68 103 3 -0.00227640476 -4.6502285
99 99 37 68 4 -0.000119801487 -4.49656296
113 114 38 45 2 -0.00420523435 -2.15092921
39 42 53 68 4 -0.000146861072 -4.32777691
53 53 131 138 3 -6.91399982e-05 -4.06443739
130 132 112 115 2 -0.00063243811 -2.76725221
110 114 132 163 2 -0.00017368159 -4.91372204
73 81 121 128 1 -0.000275357568 -2.35607219
131 131 67 70 4 -0.0363164246 -5.39192152
46 50 70 101 3 -0.00175692048 -3.50370264
55 59 69 84 3 -0.000170583779 -1.97376323
54 57 66 69 2 -0.0118535599 -4.52940321
36 40 44 67 1 -0.00096019014 -1.4172132
55 61 41 45 1 -0.00405053468 -4.13215828
39 42 46 52 2 -0.401487708 1.91311789
81 84 33 68 2 -0.0121090077 -3.16678095
54 63 75 110 0 -0.000229827157 -4.03258085
54 54 110 112 2 -0.000853553007 -1.76263571
76 80 88 123 3 -0.0131731369 -4.58013535
39 47 84 90 0 -0.000274276652 -4.13107491
111 111 68 74 3 -0.000433871872 -1.78762627
54 55 73 80 3 -0.0113131646 -4.12235498
65 65 82 117 3 -0.0269563925 -3.63298821
45 46 58 67 2 -0.00521628186 -1.36566997
45 45 79 114 2 -2.46761247e-05 -4.17189693
84 86 53 68 2 -0.000191088417 -3.20498371
90 91 33 68 3 -0.00600365736 -3.62212205
53 58 110 115 0 -0.0107262349 -4.37541676
94 95 54 62 3 -0.00490242802 -3.23462391
50 50 65 67 3 -0.00210039038 -5.06698751
41 41 152 175 3 -0.00377211999 -3.99660921
28 28 97 128 3 -0.00145414833 -2.75094366
7 7 7 42 3 -0.315957844 -3.91142964
101 101 51 74 3 -0.000373440911 -5.24558735
114 115 92 99 2 -0.000144832506 -3.82979608
64 64 52 59 3 -0.00249464344 -1.94072866
26 30 34 41 2 -0.828158498 0.592172205
115 115 103 110 3 -0.000122783706 -2.94975328
104 106 118 125 2 -4.9829061e-05 -3.62038493
44 48 89 93 2 -4.92331201e-05 -4.52587032
35 38 62 97 2 -0.000591031741 -3.9574213
81 81 0 0 2 -0.100236416 0.415209234
102 104 39 42 2 -0.000121827863 -4.62796783
62 65 102 137 1 -5.34053725e-05 -3.68525505
46 46 66 101 3 -0.00109619158 -5.4143095
60 61 146 181 3 -0.000108477936 -3.46815777
98 100 22 29 1 -0.0214394536 -0.101312727
169 172 148 150 2 -0.00255142245 -4.49717426
123 123 72 107 3 -0.000529576384 -1.98311615
139 140 48 71 3 -0.00102202955 -2.44518542
92 93 102 113 1 -0.00197388977 -4.17862129
91 94 49 84 2 -0.00216547144 -3.90860438
139 140 72 95 2 -0.000482629519 -3.56349182
17 20 41 46 2 -0.00889781676 -2.07057858
86 91 27 50 1 -0.0017412022 -3.08791208
39 42 20 24 2 -8.08228069e-05 -5.03432465
147 148 123 131 2 -0.025432948 0.254779756
119 120 88 103 2 -0.0015256037 -5.50275183
0 0 0 0 3 -0.0163106862 4.09841919
0 0 0 0 3 -0.000135536626 5.88394213
0 0 0 0 3 -0.0500272103 4.88654852
0 0 0 0 3 -0.000226244301 5.72135162
0 0 0 0 2 -0.38184011 2.65154648
0 0 0 0 3 -0.00801439025 3.93019128
0 0 0 0 2 -0.0011338701 6.34970522
0 0 0 0 4 -0.795748413 7.06746149
0 0 0 0 3 -0.00637115445 6.33730221
0 0 0 0 3 -0.861086607 7.69403124
0 0 0 0 1 -0.115253933 5.23293018
0 0 0 0 1 -0.238135278 3.41043568
0 0 0 0 2 -0.00587448245 4.46787167
0 0 0 0 0 -0.0536103435 6.79187822
0 0 0 0 2 -0.278783113 6.14162302
0 0 0 0 3 -0.00120968395 3.68270135
0 0 0 0 2 -0.00834583025 5.28460121
0 0 0 121 2 -0.955883265 0.892064989
108 109 122 124 2 -0.00177752413 -2.12135887
0 0 0 0 1 -0.000938453246 0.368890703
40 49 86 94 0 -0.0158869252 -0.681505442
0 0 0 0 1 -0.0585928373 6.24106359
162 166 69 104 1 -0.000405609899 -0.840150535
36 39 61 96 3 -0.0270624049 -0.520876229
64 71 51 59 1 -0.00018417096 -1.94629073
150 152 100 135 1 -0.00297242193 -4.69350815
146 146 21 52 2 -0.0262108613 -1.82624674
114 114 33 40 3 -0.00244506565 -3.79574537
123 126 137 144 0 -0.00189394597 -4.19407988
63 67 39 47 2 -0.00124592951 -4.40440559
60 60 115 150 2 -0.0036130338 -4.57343149
35 43 53 60 0 -0.00388271199 -2.80277276
51 57 69 92 0 -0.000211707767 -4.22498322
44 47 61 76 3 -0.00802720524 -4.00969744
48 48 59 74 3 -0.000557809137 -3.45931339
34 38 117 140 1 -0.00585934054 -4.75482607
140 141 49 72 3 -0.0326150581 -0.109498382
196 201 52 54 0 -0.104377724 -1.32476687
74 78 51 59 1 -2.94445072e-05 -4.56362963
113 117 132 143 3 -0.000215160064 -3.67179012
46 51 61 63 4 -0.108467527 -4.69459343
55 60 82 117 1 -0.0088672759 -2.86794519
180 186 49 84 1 -0.00536358031 0.37857753
86 89 103 138 4 -0.000264753675 -1.86027408
47 51 65 88 4 -0.00598914688 -3.11948872
42 42 54 69 4 -0.0153256981 -3.43821383
104 108 30 34 4 -0.00107067835 -4.21605444
0 0 0 0 1 -0.0134433256 5.76037741
109 117 230 191 1 -0.764245033 1.54955196
78 84 19 54 1 -0.00215744623 -2.79814672
180 185 90 125 0 -0.00432800176 -3.12791419
0 0 0 0 1 -0.691307664 7.44629431
0 0 0 0 3 -0.0225769971 6.7852664
173 177 128 139 2 -0.00200908678 -1.86753178
49 52 76 77 1 -0.0455186777 -1.12325931
141 147 92 127 1 -0.00123941235 -3.99556541
30 34 46 48 0 -0.00184173963 -2.55141926
186 189 59 67 0 -0.000791623315 -3.36637163
0 45 49 53 2 -1.51999855 4.32584429
72 75 107 109 2 -0.0623461381 -0.926189482
172 174 98 102 2 -0.000451987027 -1.89450932
103 107 126 131 0 -0.0234825648 -2.69866252
63 67 73 108 3 -0.00127637351 -1.53311133
0 0 0 0 3 -1.07399523 2.23341346
145 146 76 83 2 -0.000297519204 -3.87987733
102 108 93 96 1 -0.00200816919 -1.18861985
0 0 41 0 1 -1.8175931 1.38929915
0 0 0 0 2 -0.0203082152 4.56610107
9 13 121 126 2 -0.00217511877 -4.39367342
44 50 88 96 1 -0.0493641496 -0.375728399
133 139 122 124 1 -7.91540806e-05 -4.04137039
89 90 143 150 2 -0.00168066542 -4.19570065
130 133 110 115 2 -0.0670591369 -1.24230647
0 0 0 0 3 -0.0345764682 6.0826025
114 120 91 95 3 -4.57759525e-05 -4.56491089
38 42 57 92 3 -0.00236322312 -4.12905598
120 130 78 113 1 -0.0016735784 -4.67287779
0 0 0 0 2 -0.388483733 2.27438593
44 45 106 121 2 -0.557960391 -3.29120374
44 54 64 67 0 -0.00134306913 -2.16020155
42 42 55 59 3 -0.0449282303 -1.93081427
153 158 101 136 3 -0.000162595883 -3.63795471
97 102 119 154 3 -0.000620275387 -1.63459468
102 102 30 32 2 -0.00320587913 -2.79246068
0 0 0 110 2 -1.05837345 2.50755239
0 0 0 0 4 -0.00503395218 4.4694643
43 47 89 120 3 -0.198628426 -0.896597624
62 68 35 43 3 -0.132508889 -1.27159369
88 92 105 116 4 -0.000349978742 -3.43434572
40 44 101 116 1 -0.119684607 -0.39763397
139 139 93 128 4 -0.000209797392 -6.36313534
0 0 0 0 2 -0.0191404279 4.4653821
46 46 58 60 4 -0.0271761455 -1.13160563
44 44 77 83 4 -0.0699168146 -0.0699309707
115 115 65 100 3 -0.000579152838 -2.10539508
192 192 173 177 2 -0.00370293367 -1.95841312
140 141 122 130 2 -0.0156994686 -4.35486555
58 58 154 165 3 -0.0186976437 -3.84476829
120 120 161 184 3 -0.00445998739 -2.88133121
84 88 104 108 0 -0.00142005866 -1.46158719
66 66 33 35 3 -0.00149566005 -3.88924122
118 122 39 74 3 -9.88204338e-05 -4.08541822
41 45 126 130 1 -0.000916214311 -2.9587388
54 57 21 36 1 -0.000260689441 -2.86911583
160 165 140 142 0 -0.255855411 -5.01428461
224 231 157 188 1 -0.745554984 -2.10579205
68 69 44 50 2 -0.000288338051 -3.78539896
0 0 0 0 2 -0.0701725632 2.51398396
40 44 51 86 1 -0.012796863 -2.60522795
0 0 0 0 2 -0.155315772 7.67930174
0 0 0 0 2 -0.028006155 6.20501661
101 106 43 78 2 -6.47300039e-05 -4.21480751
81 85 97 104 3 -4.33918503e-05 -2.12586355
50 54 89 120 3 -0.00388204958 -1.9442215
0 0 0 0 2 -1.585473e-05 0.922615349
55 61 74 97 0 -0.0192847606 -0.701716244
166 172 30 65 3 -0.0889182389 0.136977613
79 84 44 53 4 -0.000159970674 -4.53300142
0 0 0 0 2 -0.00172884634 4.9726429
0 0 0 0 1 -0.0373464562 4.93666267
109 113 84 89 2 -0.0121293729 -1.71948504
201 203 174 181 2 -0.00244983099 -1.28640747
64 65 51 58 2 -0.0703996867 -2.08882451
92 95 119 154 3 -0.00161592988 -5.20687485
97 97 126 129 3 -0.00354258437 -2.87598658
37 40 181 216 2 -0.084287405 -1.99459195
0 0 0 0 2 -0.000721578137 2.73888683
0 0 0 0 4 -0.228160396 2.85785437
103 108 54 89 1 -0.0921464786 0.675602973
108 108 95 99 3 -7.52199921e-05 -2.50725842
24 28 33 40 4 -0.309142023 0.868463337
119 122 135 150 3 -0.000339128805 -4.65800095
68 74 31 38 2 -0.000516931526 -3.3419199
26 29 44 50 1 -0.000173919325 -3.25032568
0 0 0 0 3 -0.106033087 7.34017658
119 123 132 137 4 -0.00279693399 -4.29079056
106 106 66 101 1 -0.23000811 -2.49827933
159 162 44 79 3 -0.000576426508 -3.50606132
0 0 0 0 3 -0.057830181 5.32576466
59 63 38 44 2 -0.00021444117 -6.29385948
0 0 0 0 1 -0.414180756 5.51079893
182 182 41 56 3 -0.237444565 -0.988109529
29 30 35 43 2 -0.243354335 -3.01009297
198 201 42 77 2 -0.12459223 -3.10123158
0 0 0 0 2 -0.0176964644 6.25638771
33 38 92 103 3 -0.00306354184 -2.78974032
174 0 0 0 1 -1.20381188 2.78413749
132 138 111 120 1 -0.000783697295 -1.74970698
85 85 113 118 4 -0.000341149804 -2.65814948
48 52 74 109 2 -0.00396199012 -4.73583031
73 77 45 60 2 -0.00246010325 -2.74187565
166 167 77 112 3 -0.936424851 1.86306238
17 23 35 40 0 -0.0022868691 -3.4147439
99 106 41 44 0 -0.0114193708 -1.58629036
96 99 114 149 2 -0.000274399179 -4.10767841
72 76 61 64 2 -0.925763905 -0.573527694
65 66 80 103 1 -0.028464932 -3.10861444
157 161 55 90 4 -0.000141021243 -2.39579487
117 122 49 54 1 -0.206077084 -3.90013218
154 160 75 110 4 -0.00043734035 -2.25476885
21 26 78 81 1 -0.081902653 -3.62418938
123 124 42 51 2 -0.000970611523 -5.07799101
103 103 112 119 4 -9.63199491e-05 -3.05287671
91 95 136 141 2 -0.356678784 -2.69998837
43 50 69 77 0 -0.00156398001 -0.404680967
78 78 107 122 2 -2.05039396e-05 -4.54203796
112 115 69 100 2 -0.00144254346 -5.11697388
87 90 99 134 2 -0.129670978 0.851185858
105 108 61 65 2 -0.489017248 -2.35267067
125 129 58 63 2 -0.00441462174 -2.85718989
51 59 96 104 0 -0.00940121152 1.1559
20 23 49 57 4 -0.372085482 -0.367206186
100 104 119 134 2 -0.196369737 2.00031495
94 98 107 109 2 -4.33918103e-05 -3.96246982
94 94 75 79 4 -0.00434019929 -0.991000116
111 115 68 106 3 -0.01386829 -1.31650388
59 62 147 154 2 -0.0414207205 -3.62018919
0 0 0 0 1 -0.164655 6.88857841
0 0 0 0 2 -0.225575924 3.14832354
85 85 71 78 3 -3.92195616e-05 -3.69270158
41 43 54 62 2 -0.00143926986 -3.51032352
47 52 104 139 3 -0.00559519697 -5.3965683
142 178 48 57 2 -1.02771485 -0.732820451
0 0 0 0 3 -0.775869071 7.30723572
47 57 81 84 0 -0.0190675519 -2.48188567
31 37 81 112 0 -0.118911639 -3.14093375
148 152 165 169 4 -0.000521731097 -1.63378382
108 109 155 162 1 -0.0114198737 -0.218402416
47 54 58 64 2 -0.192271113 -3.60070372
55 61 91 99 0 -6.41337538e-05 -3.65968847
149 151 126 129 2 -0.000730073021 -3.77489161
110 116 21 56 2 -0.00756299449 -4.12218428
42 49 75 86 2 -0.00139605871 -4.84991312
50 53 73 80 0 -0.0280550309 -1.62624502
63 65 50 57 2 -0.000947029155 -5.42339754
7 12 18 53 4 -0.0216614269 -2.99081039
41 41 114 149 3 -1.17722094 1.56046176
55 58 96 131 2 -0.306705534 0.0190646052
0 0 0 0 0 -0.0148393102 5.18444443
97 101 68 72 2 -0.00427738251 -3.32317877
159 163 178 184 1 -0.00307446136 -1.88934588
54 54 105 110 3 -0.498118669 -1.02313828
117 118 36 71 2 -0.796891451 0.632412255
107 111 42 77 2 -0.000101921934 -3.91318727
66 71 33 41 2 -0.00608739443 -5.16214371
24 27 35 70 2 -0.113832936 0.895634949
0 0 0 0 2 -0.221959248 4.14870596
86 90 101 109 4 -0.000326734502 -1.95883322
110 114 125 160 2 -0.000139589669 -4.11278915
110 115 132 179 3 -1.74114394 2.71096325
0 0 0 0 1 -0.0634165779 4.26491404
151 151 115 138 3 -0.0223820917 -0.585308969
12 18 30 0 2 -0.954663694 -0.113615781
89 94 33 41 2 -0.00150954782 -5.08964586
13 0 29 35 3 -0.982723653 1.74281049
94 101 63 70 3 -0.000233039696 -5.93167877
0 0 96 98 3 -0.298007876 1.50915337
223 223 63 69 2 -0.184646487 -1.51842475
108 108 37 40 3 -0.00010299428 -3.79550672
48 52 65 70 0 -2.1815229e-05 -3.07152534
0 0 0 0 4 -0.686362982 4.15191746
57 57 116 123 3 -0.00287270756 -2.13355803
51 55 72 74 4 -0.161611557 -3.23452997
69 73 159 182 3 -0.652919412 -3.13396645
42 43 77 112 1 -0.00586306583 -5.25602102
0 0 0 0 1 -0.00904534105 8.71117973
165 166 113 128 3 -0.00973395258 -0.989868939
55 61 74 109 0 -0.00027178516 -4.82239437
143 143 50 58 4 -0.000424346654 -5.19528866
114 122 96 99 2 -0.00356701133 -2.4021368
158 160 77 112 1 -0.000593024073 -1.06909347
36 41 102 108 4 -0.325700939 -3.39347267
46 50 106 112 4 -6.17490223e-05 -4.75215626
0 0 0 0 2 -0.0203531142 7.25533485
0 0 0 0 3 -0.0166105069 3.36681199
0 0 0 0 2 -0.577791214 6.97219276
31 36 56 91 1 -0.06048318 -1.08992219
111 114 34 57 2 -0.206164241 -3.51036143
73 74 58 61 2 -0.000409191009 -3.44113922
88 88 95 102 2 -0.00211983128 -2.33193398
16 16 32 40 2 -0.000555691484 -2.79877377
40 43 61 96 2 -0.000368804351 -3.90192342
0 108 0 0 1 -2.37408447 1.16625619
95 98 45 48 1 -0.166266114 -0.179329693
62 64 134 140 2 -0.00116145564 -3.39648032
140 143 74 97 2 -0.00217871717 -2.2704041
138 138 68 103 3 -0.000214805215 -3.82946038
53 59 66 72 0 -0.00152392033 -3.88261271
81 83 51 59 2 -0.00444327435 -4.23596525
0 0 0 0 3 -0.095083341 6.94659042
136 140 169 177 1 -0.000130412605 -3.56578016
128 128 110 116 4 -0.000115034156 -4.08835602
113 114 127 133 2 -0.000164145997 -4.3492341
114 118 57 61 2 -0.00349022332 -1.51830101
0 0 0 0 2 -0.865413249 6.39658213
77 77 167 169 2 -0.000212660816 -6.29221296
109 110 168 172 2 -0.021873001 -1.82543826
13 15 23 58 2 -0.0874182731 -3.38752866
43 47 67 90 1 -0.00287378719 -2.55637765
0 0 0 0 1 -0.791601539 7.45711231
31 36 68 103 4 -0.000706549501 -2.6813345
0 0 0 0 2 -0.355612487 7.00141191
105 108 55 61 2 -0.0529604107 -3.24737144
0 0 0 0 0 -0.00495359907 4.65049696
0 0 0 0 2 -0.0026585157 4.83575773
186 193 78 113 1 -0.00153114449 -1.00247812
135 140 58 89 2 -0.000747532002 -3.23157859
53 56 80 85 2 -0.00223079277 -0.567839026
107 113 185 190 2 -0.885254323 2.5250783
97 97 103 106 2 -0.00100639113 -2.03591609
0 0 0 0 3 -0.445920229 6.90419436
96 100 89 91 0 -0.000140901015 -5.00562
58 62 73 80 4 -0.00101532694 -2.60733557
99 100 156 163 2 -0.00152409822 -4.78204346
32 35 48 83 2 -0.000205748365 -3.40635753
156 157 136 141 2 -0.00619815756 -2.00644112
0 0 0 0 0 -0.394075751 6.88622952
35 43 56 91 0 -0.00136400503 -4.32181454
106 110 50 53 3 -0.000593620469 -4.40249205
39 39 51 59 3 -0.000106928521 -2.89644694
150 151 53 59 2 -0.0117230508 -3.56325626
82 86 38 43 3 -0.000149125131 -2.70824909
173 176 33 37 2 -0.00751579972 -4.8202939
112 114 45 50 1 -0.0380726494 -3.91737056
95 99 108 111 3 -0.00102134724 -2.31425643
37 38 51 58 2 -0.019339582 -0.811303079
120 124 95 104 2 -0.000213254723 -4.17166615
102 103 82 87 2 -0.0671869665 -2.01228118
45 45 64 68 4 -0.000503254123 -1.53066182
51 52 110 117 3 -0.899015248 0.534696877
107 113 55 90 0 -0.127885282 -2.19014454
78 82 121 156 2 -0.337019295 -3.94815803
68 70 201 207 2 -0.00198743469 -5.0432024
0 0 0 0 2 -0.000457256043 3.8833487
39 42 59 94 1 -0.014461075 -5.33940315
25 27 102 113 1 -0.00471466128 -3.54477262
91 94 112 147 4 -0.004234978 -3.76655102
0 0 0 0 2 -0.0669256002 4.73346138
0 0 0 0 1 -0.115891315 7.05850458
43 45 66 77 2 -0.000142332603 -3.3226645
84 84 95 99 3 -0.00443527149 -1.81889796
66 72 46 50 1 -0.000114200331 -3.52695084
58 65 119 126 0 -0.000205987963 -2.60721326
53 57 165 173 2 -0.000138036441 -5.58294964
138 141 160 171 1 -0.00227069575 -3.49052262
89 99 48 55 0 -0.000200968207 -3.90550661
0 0 0 0 0 -0.544429064 4.06376553
77 80 88 90 0 -0.00330624031 -0.457140595
92 98 125 130 0 -0.00892433431 -3.80397964
0 0 0 0 2 -0.00265612337 6.49977636
53 54 30 32 2 -0.229136258 -0.924481988
101 101 108 112 3 -0.0741390213 -0.924992919
140 140 96 100 3 -0.00289594824 -2.43069053
45 48 63 67 1 -0.00591980014 -3.04209399
64 64 84 88 3 -0.000397156284 -4.16037893
58 65 84 93 0 -0.0114489896 -2.38308167
0 0 0 0 3 -0.00367405498 4.14073133
0 0 0 0 2 -1.23288703 2.45673227
0 0 0 0 2 -0.00192051148 6.2721839
130 130 57 92 3 -0.0131492205 -5.78058243
47 55 131 140 1 -0.00607817946 -4.53139591
134 136 157 159 2 -0.00042328221 -3.70983291
91 95 106 111 2 -0.0042946795 -3.32435727
113 116 65 88 2 -6.71141097e-05 -2.91515398
161 162 111 118 2 -0.0167284589 -2.32154703
97 101 40 63 3 -0.000193349217 -5.19348145
72 77 90 96 0 -0.233274132 -2.37751269
97 104 113 144 0 -0.00791223161 -0.45594731
0 0 0 0 2 -0.000682627258 5.51169968
52 57 66 97 1 -0.00157499465 -3.20631599
66 74 50 53 0 -0.00286543928 -1.14944303
86 86 100 107 2 -0.00120885251 -1.61311054
136 139 61 96 2 -0.0538103208 -3.90504789
35 39 55 63 0 -0.036967285 -5.24464321
133 135 65 100 2 -0.000212175961 -3.85855222
88 88 186 201 3 -0.00515992986 -3.38219309
113 121 67 102 2 -0.00102539873 -3.3590529
33 33 49 56 3 -0.0103085162 -6.3150034
53 56 106 110 2 -0.00207340671 -1.28753161
29 29 17 20 3 -0.0253857374 -2.20678353
126 129 106 114 2 -0.000667164393 -2.34882975
191 197 120 155 3 -0.00124839321 -2.91124344
119 122 51 66 3 -0.0202661604 -4.07774162
149 155 80 81 1 -0.0593707152 -1.51279497
89 90 131 166 2 -0.001197487 -4.01576185
53 56 71 106 4 -0.00288074207 -2.48905039
84 87 97 120 2 -0.000270833902 -3.0532937
0 0 0 0 3 -0.00325794006 7.01706171
151 157 185 130 3 -0.614872277 0.173914015
64 72 84 119 1 -0.0401475877 -4.60621119
0 0 0 0 2 -0.186126143 2.60299706
119 123 46 53 3 -0.000645844266 -3.86743665
62 63 79 114 3 -0.0118188541 -3.68353915
124 127 139 147 2 -0.000111456808 -3.54372525
60 66 75 98 1 -0.000803630974 -0.485004693
39 39 61 70 2 -0.000678367214 -1.86205959
36 41 49 56 1 -0.00152999873 -2.65136981
0 0 0 0 4 -0.400711268 8.07427692
98 108 52 59 0 -4.70869636e-05 -3.40493941
85 95 112 119 1 -0.253547013 0.0601703525
70 74 119 154 3 -0.00798640121 -2.0073297
135 135 152 160 3 -0.0757238418 -0.849612832
164 209 38 73 0 -0.271503985 1.48940802
74 77 98 133 2 -0.0525799058 -2.15650725
0 0 0 0 2 -0.106505476 4.57654381
102 102 56 87 3 -0.0370061882 -0.0937690139
65 66 79 87 4 -0.000130408633 -4.31020641
63 65 88 111 1 -0.693283617 -2.01869559
0 0 0 0 2 -0.43187353 3.59870648
0 0 0 0 2 -0.000214688189 3.1418016
104 106 122 157 2 -0.0151411779 -4.46130037
114 121 135 166 0 -0.533241153 -1.76410604
88 92 122 126 2 -0.00127063226 -2.51091552
0 0 0 0 2 -0.000894934405 5.66849375
132 136 51 58 3 -0.000505373289 -4.6225791
65 70 42 48 3 -0.330644399 -0.016271323
168 170 114 122 3 -0.197344482 -5.14090776
120 120 136 144 3 -0.401506335 -4.26406765
174 178 88 123 3 -0.227711231 -0.56529665
44 48 53 61 4 -0.003229653 -2.59438848
33 33 44 49 4 -0.0449012741 -1.13862443
94 97 0 0 1 -1.38613522 2.48183656
0 0 0 0 1 -0.490272492 3.26083541
42 48 155 190 0 -3.6596899e-05 -4.18351078
125 125 82 89 2 -0.00561702438 -4.6828928
145 148 56 63 2 -0.00141539122 -1.66270828
102 106 66 72 1 -0.000258193671 -4.90152216
73 81 59 62 0 -0.00247823447 -3.05572009
84 92 42 49 0 -7.5220014e-05 -3.40718317
34 37 52 64 2 -0.000494430657 -5.33978796
0 0 0 0 2 -0.000295377482 4.80794621
73 75 35 58 2 -0.361517429 -5.39727926
69 75 117 124 1 -0.0510771424 -5.63635159
104 109 119 142 2 -0.00277220341 -1.89340591
47 53 83 84 3 -0.00728270691 -0.896015763
39 44 128 151 1 -0.0870178044 -1.39976239
0 0 0 0 2 -0.310531795 4.54819632
106 108 85 93 2 -0.000474881788 -3.46815515
232 232 86 121 3 -0.695261478 0.597975075
98 101 116 121 4 -0.00014257092 -2.34636092
46 50 63 98 1 -0.00155295606 -2.82920694
67 73 39 54 2 -0.00928311236 -2.11923218
58 60 78 113 2 -0.000748494756 -4.51776314
85 87 54 56 1 -7.35515423e-05 -2.71422839
72 74 42 49 1 -0.00238685356 -2.60712671
106 107 84 92 2 -0.000838113949 -2.70662689
121 125 73 78 3 -0.00153432693 -1.30016506
142 145 54 69 2 -0.000300514919 -1.79064894
114 119 93 100 1 -0.00157202303 0.80704838
132 134 60 95 2 -0.000279884698 -4.53209734
126 126 46 81 3 -0.0163060222 -3.9020524
37 39 72 107 2 -0.00754008535 -4.14405632
106 107 122 157 4 -0.00163549057 -2.77298808
103 103 41 52 3 -0.00556013267 -2.18843508
118 121 65 100 3 -0.000670557376 -3.98413515
0 0 0 0 2 -1.52825415 1.17324877
125 131 75 80 2 -0.026564138 -3.1577909
73 78 92 103 2 -0.00283099036 -5.20868635
134 139 72 79 4 -0.752993822 -0.122123986
115 119 68 103 3 -0.0324521214 -4.23509455
107 116 40 75 0 -0.000289529562 -4.36530876
168 171 39 74 3 -0.00058483769 -4.37007332
102 108 46 81 3 -0.00708328653 -0.367674947
53 53 81 104 2 -0.000500052469 -3.51119947
18 23 88 63 4 -0.566052437 -2.77659273
95 99 107 113 2 -0.00322893984 -1.82340217
114 118 57 92 4 -0.000716246897 -4.0188632
67 68 110 145 3 -0.00221790466 -2.51345158
41 42 52 59 4 -0.0106600104 -3.70986986
0 0 0 0 1 -0.868780732 7.0258069
93 96 112 118 2 -0.00104838959 -5.31844711
88 88 98 106 2 -0.000119206779 -3.66106677
105 108 63 74 2 -0.00063614815 -4.82754183
159 163 109 144 2 -0.111245357 -2.64273572
74 76 28 63 2 -0.0150898825 -1.95889711
21 26 49 84 1 -0.0947028324 -2.52885938
22 27 35 50 1 -0.000347590103 -1.26880479
107 108 130 153 3 -0.00708308211 -0.757080972
76 83 50 57 0 -0.000979148434 -2.05620885
83 87 65 67 3 -0.570238233 -1.68564606
95 95 107 112 2 -0.00305344118 -3.41095495
72 80 88 92 0 -0.000590490876 -2.88904762
52 53 63 98 3 -0.0129714068 -1.86007333
102 104 40 75 4 -1.99078822e-05 -5.27784109
0 0 0 0 3 -0.161271453 6.88247824
81 84 63 74 4 -0.0122755216 -1.90992355
143 147 91 97 4 -0.0431804359 -3.54806137
96 96 127 130 3 -0.0326338969 -0.52701056
57 57 99 134 4 -0.000243651841 -5.39390087
99 103 67 72 4 -0.061847344 -0.372773588
131 141 84 87 1 -0.00249396474 -4.53942823
0 0 0 0 2 -0.0012917585 6.5502286
0 0 0 0 2 -0.0412661545 4.71384716
111 115 47 53 2 -0.000600001309 -4.81447077
50 53 37 39 1 -0.00461006351 -3.00588393
57 64 116 120 3 -0.000172729706 -2.10032511
60 60 77 79 2 -0.0854240879 1.56978559
146 150 77 112 0 -0.000321256637 -1.59168911
90 90 102 133 3 -0.223098502 -2.82138991
0 0 0 0 3 -0.0435273983 7.37338018
104 105 51 56 3 -0.00118651497 -2.39098883
152 156 48 51 4 -0.00179757783 -1.91551042
0 0 0 0 2 -0.157141343 7.43049431
28 33 37 48 2 -0.0112683475 1.36748028
0 0 0 0 2 -0.00294792349 4.58305454
86 86 106 141 3 -8.70212971e-05 -3.05982399
133 138 152 187 4 -0.000167121631 -4.77094412
36 36 60 64 3 -0.246929348 -1.56126904
115 121 65 100 1 -0.000178208065 -4.53373194
50 51 118 153 3 -0.00144602102 -3.61612511
0 0 0 0 3 -0.810419679 7.35743952
103 106 46 81 3 -0.00129735167 -3.90233088
112 115 95 101 0 -0.000124809143 -4.67235231
24 27 44 48 2 -0.000263677473 -3.59172726
71 75 0 0 3 -1.78224421 3.84465241
98 101 55 0 3 -1.10578334 1.90119028
0 0 0 0 2 -0.168254867 3.25232792
109 111 28 43 1 -0.00633720262 -1.69156289
76 80 47 58 2 -0.0936945528 -5.87595654
0 0 0 0 2 -0.375375599 2.61113048
148 152 93 128 4 -0.00412194617 -4.75155163
145 150 47 78 1 -0.000187389218 -2.80578637
39 45 79 86 2 -0.000597207632 -5.02249622
138 142 55 90 3 -0.000468790007 -3.73839498
109 114 35 40 0 -0.0204122644 -1.9181025
76 81 169 175 3 -0.729539752 -4.41245985
97 99 108 139 2 -0.0262636356 -1.45813322
106 109 118 122 2 -0.65692091 -2.83899975
149 152 38 73 4 -0.0249053109 -2.89903522
62 62 75 79 3 -0.00543602183 -2.37629843
48 48 126 161 3 -0.0534350798 -0.727309704
107 109 38 46 2 -0.00363330101 -0.59544462
52 59 130 141 0 -0.000676977972 -3.26742554
113 114 35 46 2 -0.00591340661 -4.09357786
103 103 150 156 3 -0.000157946197 -3.58658791
0 0 0 0 1 -1.43363237 2.20385814
42 43 53 88 3 -0.00129394874 -3.86166906
173 176 73 226 4 -1.46155083 1.65782475
71 73 86 109 2 -0.0127316313 -1.09166157
59 62 153 159 1 -0.000490613864 -3.43198872
53 53 80 91 3 -0.150594756 -1.48046374
34 39 146 150 1 -0.000506828306 -3.93874788
120 121 55 78 2 -0.0878408626 -3.15787435
57 57 89 104 3 -0.00300797331 -4.26087427
0 0 0 0 1 -0.0939643681 2.96028805
166 166 97 106 3 -0.0600775816 -2.38582683
0 0 0 0 1 -0.557043612 7.70195913
48 52 81 116 3 -0.00013160026 -3.3639648
80 83 123 146 2 -0.0122239944 -3.96263695
93 98 111 113 0 -0.00635410892 -1.47594452
137 141 111 116 1 -0.00199454371 -0.385431886
137 0 0 0 1 -1.16774964 0.994545996
120 124 138 140 3 -0.00593498209 0.39565891
139 143 47 82 3 -0.0175406951 -2.21320057
78 82 102 144 3 -0.0139934365 -0.976368546
62 65 78 109 2 -0.0024382947 -4.16714334
0 0 0 0 3 -1.04436362 7.62200499
0 35 48 59 1 -0.915280044 0.0862210393
106 108 61 64 2 -0.0140951583 -2.90296197
118 119 150 153 2 -0.00575778587 -1.79514408
65 71 83 118 0 -0.0239483379 -5.31956339
92 93 35 39 2 -0.0660367683 -1.39497876
130 131 71 106 2 -0.0227749068 -2.38416624
29 32 80 91 4 -0.0422629081 -3.93620443
66 73 99 103 0 -0.041917596 -1.90722251
55 60 73 77 2 -0.0019533243 -0.679296494
83 88 98 133 3 -0.000446027523 -3.5706799
83 83 96 131 3 -0.0078656096 -4.76353073
118 119 69 104 3 -0.00372029352 -4.86321068
53 53 70 77 2 -0.00931877177 -2.50263882
0 0 0 0 0 -0.0351541266 5.05701971
140 144 75 86 1 -0.0114245396 -0.14962855
52 55 84 87 2 -0.00227757939 -2.74277163
22 24 31 66 2 -0.0165704321 -3.97164893
77 78 86 89 2 -0.00297064777 -4.4258275
0 0 0 0 1 -0.0223830976 4.41259432
73 75 21 56 2 -0.000113366157 -3.5899682
140 140 157 192 4 -0.00613009324 -3.64039159
0 0 0 0 2 -0.0166401379 3.24796271
144 146 89 93 2 -0.00915439799 -1.9590075
0 0 0 0 3 -0.00477597862 5.14186811
87 88 51 56 3 -9.51267284e-05 -3.41876864
49 54 129 136 3 -0.000547202653 -2.8986392
0 0 0 0 2 -0.595058739 6.65659666
32 37 75 83 1 -0.00267520221 -2.50700808
60 64 21 25 1 -0.000467103353 -4.31247902
76 84 96 131 3 -0.0027457308 -3.35644531
0 0 0 0 2 -0.00254492182 5.31197023
76 80 119 154 3 -0.0118517019 -0.18592149
38 42 47 70 3 -0.354501396 -2.17792726
60 62 122 133 3 -0.00142731494 -3.7902112
99 103 119 126 3 -0.0284565147 -2.37967634
126 133 144 155 2 -0.577799976 0.494848609
70 75 104 139 3 -0.000825637951 -2.84741402
0 0 0 0 2 -0.0083600739 5.4638505
0 182 0 0 3 -0.789684415 2.47395945
126 129 36 71 3 -0.0540544949 -5.0204587
18 19 93 98 1 -0.0417594276 0.374831915
0 0 0 0 2 -0.00199424243 5.15168667
133 138 85 89 3 -0.0711167231 -1.77527094
47 49 62 0 2 -0.750438213 -0.0030631423
123 123 129 135 3 -0.500225782 -0.664503872
0 0 0 0 3 -0.000175581619 4.08273077
54 59 70 93 2 -0.000520887435 -0.790341914
38 46 50 61 0 -0.0144975921 -2.96518373
107 111 22 28 3 -0.0349187925 -1.82193017
59 61 119 124 1 -0.000193948115 -3.29389262
0 0 0 0 2 -0.269427121 4.23408556
41 45 59 66 3 -0.000364281674 -3.27143645
110 113 123 130 1 -0.000109075001 -2.26342201
135 137 73 108 2 -0.020139832 -3.53685069
124 127 138 142 1 -0.003444036 -3.87156081
129 136 59 66 0 -0.531528771 -4.78145027
61 62 75 80 2 -0.00185736257 -1.81076717
0 0 0 0 3 -0.61455965 2.09007573
52 56 120 127 3 -0.00293951738 -4.20021963
65 67 77 88 2 -0.436606884 -0.986016393
80 83 96 101 3 -0.491853654 1.21220851
198 202 169 176 2 -0.00283959508 -4.41867352
132 140 59 94 1 -0.000425065926 -1.24572968
73 77 49 58 0 -0.000570186763 -4.25572968
188 193 101 105 0 -0.00217622239 -5.48468637
144 148 98 129 1 -0.964711666 0.113115013
102 102 115 146 3 -0.00492018787 -3.18164754
0 0 0 0 2 -0.436619312 7.48280144
86 88 78 80 1 -0.000782884192 -2.50642824
0 0 0 0 2 -0.0649831519 3.74031854
0 0 0 0 2 -0.0504925735 4.2803278
0 0 0 0 3 -0.27854538 3.32175565
0 0 0 0 0 -0.584830344 1.32391453
147 149 189 105 1 -1.28120816 -1.72517705
0 0 0 0 3 -0.287711531 7.02467632
128 137 80 115 1 -0.000303490786 -3.42393994
85 88 54 61 0 -0.00303233508 -3.92030334
0 0 0 0 2 -0.00993789267 5.01651621
96 100 33 43 2 -0.568810821 0.273857713
68 71 105 111 1 -0.000734968926 -1.45170641
0 0 59 75 1 -1.38631237 4.3327508
113 119 135 150 1 -0.00184475794 -3.11486673
0 0 0 0 3 -0.00401621079 4.25641489
41 49 63 71 0 -0.379012376 0.83675009
0 0 0 0 2 -0.647449076 6.76761293
65 69 103 138 3 -0.000319571816 -4.2786417
123 126 143 178 2 -0.00264263339 -2.17763615
80 84 61 63 1 -0.00379531039 -1.83804965
102 107 38 73 2 -0.00237763091 -2.19557452
119 122 66 101 4 -0.000194305729 -3.0684917
0 0 0 0 2 -0.083110109 3.73008895
121 125 153 161 1 -0.00269427989 -5.50698757
143 145 84 88 1 -0.000952309929 -2.13688159
39 41 50 56 2 -0.116836071 -1.41546965
96 100 68 74 3 -0.00234573497 -1.43537569
17 25 30 35 1 -0.410269052 -0.543853581
0 0 0 0 2 -0.000232803621 5.16230822
114 114 95 99 2 -0.00994377583 -5.41358995
0 109 84 0 2 -1.68958747 0.197216928
62 66 42 47 2 -0.0122006293 -2.76379585
0 0 0 0 2 -0.0314385556 6.5005374
0 0 0 0 1 -0.0676765442 3.12008524
86 91 51 56 2 -0.0258232579 -0.279873252
216 219 54 61 2 -0.092216216 -0.335007966
78 82 93 128 4 -0.00440334389 -6.57426023
94 95 112 117 2 -0.000213616571 -4.27605104
104 108 27 62 2 -0.000245681265 -1.92685843
67 73 22 30 1 -0.0197338834 -3.1870172
67 67 19 25 3 -0.00137999665 -3.38442016
0 0 0 0 1 -0.47208786 7.9922576
111 114 37 72 1 -0.000253771752 -2.37267637
0 0 0 0 2 -0.046110753 3.31985855
166 173 84 92 3 -0.0393279605 -3.49286413
131 134 144 148 0 -0.00115988927 -4.2358799
0 0 0 0 3 -0.217341617 7.17713737
54 58 69 76 4 -0.104407936 -1.19269812
44 47 73 77 2 -7.057107e-05 -2.8982935
28 31 80 87 2 -0.0025638619 -1.44115877
141 145 72 107 3 -2.64643604e-05 -4.72216558
150 154 133 139 0 -0.00247558509 -0.866363525
35 37 133 135 2 -0.0108607244 -1.56358337
26 34 42 77 2 -0.527009547 -0.0658684373
92 96 112 120 4 -8.83313769e-05 -1.84241438
127 132 74 109 2 -0.00403117528 -5.36220694
0 0 0 0 2 -0.013311157 5.9634614
118 118 149 156 3 -0.141508356 -2.16025639
118 118 97 103 3 -0.000310499396 -3.98844433
59 61 76 111 1 -0.0014312889 -2.89726448
114 117 131 162 2 -7.25974896e-05 -2.91133618
104 108 121 136 4 -0.000899379898 -3.41984344
52 56 99 134 4 -0.000285474147 -3.28649879
61 64 30 37 2 -0.00013207845 -3.4064374
0 0 0 0 1 -0.152311519 2.59794044
68 72 52 56 3 -0.000315634039 -1.93511271
60 65 100 115 3 -0.00401140191 -4.32909727
123 127 61 96 4 -0.000639463076 -2.48608088
0 0 0 0 1 -0.0806026608 5.97040319
83 90 38 44 0 -0.00522137526 0.350633442
92 95 59 82 2 -8.94053883e-05 -4.57700539
22 24 102 105 2 -0.000486568373 -4.3992815
162 164 55 86 1 -0.0111258868 -1.60965657
114 121 147 154 1 -0.000778582064 -4.27953148
120 120 190 195 3 -0.000223032956 -2.87123823
190 190 56 91 2 -9.48892048e-05 -3.38894796
133 139 52 59 2 -0.000857517414 -3.87296033
99 103 59 61 0 -0.0027376595 -2.29423237
88 93 152 158 1 -0.000164740777 -3.03237653
118 120 65 71 1 -0.000360219216 -1.35115182
0 0 0 0 2 -5.20937392e-05 5.54725122
63 64 27 31 1 -0.000211708539 -3.9341042
57 57 91 126 3 -0.493027598 0.666911423
101 103 114 119 2 -0.00111015537 -5.38079214
0 0 0 0 1 -0.00466799363 7.16489029
44 47 108 143 3 -0.0175297298 -0.697248697
97 98 116 127 3 -0.0853794515 -1.29879832
103 106 134 138 3 -0.000232793565 -3.30848074
122 127 44 59 3 -0.331306577 -4.07013321
0 0 0 0 4 -0.592611611 7.59126139
90 91 101 136 2 -0.000897602178 -2.26566148
37 40 46 81 1 -0.0208693277 -2.86721921
0 0 0 0 2 -0.0616369247 4.34074497
86 91 52 67 2 -1.95502416e-05 -4.59689713
49 53 113 115 0 -0.0035046069 -3.91787004
194 194 41 47 4 -0.0280464925 -2.13731122
65 67 84 115 1 -0.000380810088 -5.56969404
187 189 168 171 2 -0.113110721 -1.75038433
41 0 0 61 3 -1.78115356 2.9542408
138 140 122 130 2 -0.00787542667 -5.87733603
120 125 34 69 1 -0.360889256 -0.56969589
115 118 183 187 4 -0.000771914667 -3.18558836
135 139 61 69 2 -0.000492543564 -4.0775733
143 147 57 66 2 -0.00110177742 -1.91355944
34 36 22 24 2 -0.00215230859 -2.31127763
0 0 0 0 0 -0.199586019 2.9885602
90 92 48 83 1 -0.0115155727 -1.62297058
0 0 0 0 4 -0.0198985748 2.58654618
0 0 0 0 2 -0.00365545135 3.83358264
57 59 122 153 2 -0.0311661065 -0.699495792
120 125 48 55 4 -0.0121405041 -2.63023949
64 71 87 122 0 -0.00141188363 -2.61728954
130 135 54 55 0 -0.0167999845 -4.81616259
120 123 138 145 3 -0.00498769432 -4.22862959
115 123 179 202 0 -0.205299616 -1.66944122
51 54 88 96 1 -0.049163986 -1.27926612
158 162 180 185 2 -0.00203307229 -4.07218552
0 0 0 0 1 -0.023406107 4.06370926
0 83 0 0 1 -0.560112298 1.49415922
164 167 71 94 4 -0.00250137853 -4.08233261
158 162 55 57 0 -0.00315569667 -4.0769105
0 0 0 0 3 -0.0367213413 3.81325459
52 53 126 141 3 -0.000186916121 -4.79461718
105 107 125 160 1 -0.000396557269 -3.0510056
53 53 27 34 3 -0.000311573007 -4.15191269
32 32 57 68 3 -0.000943131396 -5.25889206
143 146 119 124 1 -0.316152036 0.632480204
108 111 131 139 3 -0.00141059351 -4.84494162
82 88 47 51 3 -0.00103484478 -2.77479792
33 33 111 114 2 -0.00300352485 -2.2910912
147 152 108 113 1 -0.000522731687 -4.89875078
116 120 132 167 3 -0.00423260592 -4.04644918
0 0 0 0 2 -0.0133963739 4.17547131
80 86 34 69 2 -0.000121233214 -2.44691491
126 126 48 79 2 -4.86370045e-05 -4.55108261
86 91 99 106 1 -5.84111913e-05 -4.83621931
0 0 0 0 1 -0.959395945 7.61007261
115 115 43 78 2 -0.306845605 -1.06086755
69 73 45 48 1 -0.0316821896 -2.89344478
44 47 61 66 2 -0.000901349587 -4.86477804
0 0 0 0 2 -0.0176544636 5.96543932
157 158 100 135 2 -0.0176687986 -4.89659452
105 105 29 30 2 -0.000790721795 -1.49649549
0 0 0 0 2 -0.613409042 7.49449158
51 52 37 39 2 -0.000830740726 -3.94535255
65 67 79 114 2 -0.138821468 -2.47967887
136 140 120 128 2 -5.36434636e-05 -2.32489586
66 71 16 51 4 -0.00228214148 -3.97792459
87 90 107 118 0 -0.00615648925 -2.94321322
99 100 63 67 2 -0.00372746494 -4.7687602
80 80 95 126 3 -0.00151500211 -2.0761261
125 132 73 84 1 -0.000636429584 -2.42011547
0 0 0 0 2 -0.648546457 6.64194775
44 48 62 66 1 -0.00016724036 -3.86089826
122 126 51 57 4 -0.00104889448 -2.11633754
126 128 34 65 2 -0.000977790682 -2.04065847
0 0 0 0 0 -0.141816646 5.73082685
69 74 86 109 1 -0.00161870522 -2.47040391
0 0 0 0 2 -0.000208238664 6.20762682
50 50 68 74 3 -0.00907914154 -2.93282914
109 114 126 130 2 -0.000204438562 -1.72199416
141 147 95 130 0 -1.82389631e-05 -4.47137499
67 69 162 197 2 -0.00894596148 -2.73074222
97 109 0 88 2 -1.64216805 -0.893313169
0 0 0 0 2 -0.582926452 5.08256245
153 154 105 113 3 -0.00532593345 -1.6478157
141 141 160 195 3 -6.47299603e-05 -3.1142602
116 120 160 164 3 -0.0179270059 -0.826821566
132 137 81 116 2 -0.000523566152 -5.03223276
214 216 157 192 3 -0.076864861 -3.14465189
55 55 69 75 3 -0.00419865502 -3.00208616
0 0 0 0 2 -0.0113743963 3.7721808
55 59 96 131 2 -0.0190231074 -4.01059055
35 39 43 45 3 -0.284466416 -1.35326862
131 135 103 110 2 -0.000237212749 -2.46991229
0 0 0 0 3 -0.0633922741 3.40278149
161 164 74 76 1 -0.00682463869 -3.70202804
115 117 65 100 4 -0.007601358 -4.70816183
0 0 0 0 2 -0.00480345543 3.9060266
79 84 66 68 4 -0.005522158 -2.09084105
91 91 45 80 3 -0.000780532253 -3.81971669
109 109 128 137 3 -0.0107727814 0.0748496056
0 0 0 0 3 -0.0603904389 4.61814117
45 51 56 58 1 -0.00352420798 -3.95499158
123 126 145 148 2 -0.00551878475 -3.01887321
42 47 64 79 1 -0.000208008321 -3.01454258
74 80 88 119 0 -0.0068465597 -0.790005565
0 0 0 0 0 -0.174922243 7.76107645
18 26 89 93 0 -0.0112497732 -1.39012182
100 109 26 61 1 -0.0100548072 -4.86406708
112 116 130 133 3 -0.000987566658 -3.12301326
90 90 105 108 3 -0.000169628984 -3.29131866
102 107 29 64 4 -0.00234212843 -2.02039433
70 75 89 124 1 -3.62394021e-05 -6.40331268
117 117 50 85 3 -2.12191917e-05 -4.36418772
109 111 125 130 1 -0.00148235925 -3.24683332
103 103 113 119 3 -0.0002324495 -3.8663249
0 0 0 0 1 -0.309084713 3.10513401
108 113 42 73 0 -0.263181388 -2.60288048
48 49 112 127 2 -0.000143524478 -5.0669713
58 63 154 161 1 -8.23728042e-05 -2.22314811
101 103 66 81 3 -0.000931698538 -2.29676867
53 53 67 74 4 -0.00105777849 -2.45179081
168 170 91 126 2 -0.01421089 -5.13443708
117 117 98 107 3 -0.00305051147 -2.91261673
0 0 0 0 1 -0.00289769587 5.08886051
161 165 118 141 2 -0.00279462407 -0.754766822
81 87 40 55 0 -0.00044051744 -3.61028004
136 138 89 0 3 -0.436893493 -0.560729563
159 162 36 51 2 -0.00162282935 -2.47225809
51 54 63 66 0 -0.0517366156 -0.99645555
0 0 0 0 2 -0.00362684671 6.55896711
155 156 63 109 2 -0.247672781 1.30999827
133 138 68 73 1 -0.132936493 0.45524019
0 0 0 0 3 -0.00367751135 4.7875948
133 137 77 112 4 -0.00211217604 -2.92467475
74 77 64 67 0 -0.000526706455 -1.99606562
0 0 0 0 3 -0.0303068925 4.67720556
91 91 70 71 3 -1.36361182 -1.45892572
110 111 133 140 1 -0.0419783145 -0.26550141
34 34 42 57 3 -0.00335110887 -1.57359505
101 101 89 92 3 -0.017057443 -2.0686059
57 60 0 0 4 -1.73500824 2.06599593
56 59 157 192 0 -0.00416927971 -2.33492064
0 0 0 0 2 -0.136657625 5.27450466
0 0 0 0 2 -0.419786215 7.18363523
78 85 111 118 1 -0.000661605096 -2.75237679
55 61 110 117 2 -0.000449463085 -4.55108166
55 59 85 87 4 -0.000835132552 -3.95703793
68 75 114 126 4 -0.00298387953 -4.17585278
54 59 42 48 2 -1.3828243e-05 -4.68089151
71 74 22 26 3 -0.000453671935 -2.4549036
129 136 101 108 1 -0.0038268643 -6.29591465
0 0 0 0 1 -0.686522007 7.78799868
123 131 23 58 1 -0.00109429355 -1.02093863
0 0 0 0 3 -0.878168046 2.89139509
190 196 135 170 2 -0.000209673657 -4.41132116
34 35 49 55 2 -0.000392053975 -3.20933104
68 74 47 51 2 -0.000208009893 -3.7424829
52 56 64 75 2 -0.00307672401 -4.45388317
0 0 0 0 2 -0.779514909 -0.176009238
83 88 94 101 1 -0.618294597 0.487499058
87 89 132 134 1 -0.000509780832 -2.89973998
87 93 124 130 0 -0.00307370326 -0.764575124
43 55 127 150 0 -0.0116041806 -3.7962532
142 147 54 62 3 -0.000306223519 -5.18212605
144 150 89 124 2 -0.00630280375 -4.78161812
74 78 51 57 2 -0.100801893 -0.597950697
0 0 0 0 0 -0.0193116181 3.10807681
103 107 137 143 2 -0.000196686407 -5.72918177
0 0 0 0 2 -0.563710153 3.36835027
15 21 32 63 0 -0.000529221841 -4.98024511
133 133 40 46 3 -0.00199354882 -2.35222387
108 109 53 88 2 -0.012051926 -2.30607677
155 159 85 89 3 -0.650560677 -2.68818283
22 22 96 105 2 -0.00156456535 -2.71655989
0 0 0 0 0 -0.844551742 5.66380358
51 52 83 98 3 -0.000744455087 -4.52209044
110 113 101 104 4 -0.000185596029 -2.96688652
161 166 138 142 2 -0.0221158341 -3.00456309
45 47 96 127 2 -1.25583529 3.74183536
59 60 71 106 2 -0.00104710029 -3.72085619
117 120 40 47 2 -0.000519267633 -5.15910149
57 63 79 84 2 -3.92196162e-05 -3.42371154
109 111 131 166 3 -0.000402418373 -2.19405317
0 0 0 0 2 -0.319891721 6.61116362
0 0 0 0 1 -1.08458841 7.84605074
0 0 141 176 1 -1.07982445 3.31014395
88 88 38 73 3 -0.00178987544 -0.764871061
62 67 103 110 2 -0.302011102 -0.345138937
51 51 66 101 2 -0.00461990293 -2.4199636
196 200 58 65 2 -1.12584484 -2.21738243
109 109 131 133 4 -0.0305501726 -3.28164554
0 0 0 0 1 -0.000116937546 4.2183938
118 123 136 143 3 -0.000921608764 -2.15533137
165 170 34 37 0 -0.528681695 -3.9613657
44 48 66 72 4 -0.000648441026 -1.98694134
17 24 28 30 0 -0.563392162 -0.818487763
134 141 161 165 3 -0.0649166331 -2.09217119
31 38 46 50 1 -0.000141855038 -2.97158217
165 168 218 222 4 -0.0192861203 -3.71536446
0 0 0 0 1 -0.176973566 2.65313745
94 97 153 176 2 -0.0619585142 -2.41901302
147 148 54 89 2 -0.00098895072 -1.7180388
0 0 0 0 3 -0.699671388 5.42647982
0 0 0 0 0 -0.0140695665 5.70983076
0 0 0 0 3 -0.00287310733 6.2974577
62 65 77 84 4 -0.171957746 -6.16704845
0 0 0 0 1 -0.613720536 1.81165504
67 71 86 94 3 -0.00762882689 -3.7318821
39 44 47 62 2 -0.499721587 -1.74669456
78 79 134 145 2 -0.00188693078 -1.53108621
51 55 63 67 2 -2.77756117e-05 -4.7244916
45 48 59 74 3 -0.00027714239 -4.13888264
126 134 35 70 0 -0.00108941831 -4.97038126
0 0 0 0 4 -0.00344589283 4.6267004
0 0 0 0 3 -0.00155939744 3.60280776
51 60 73 82 0 -0.200208381 -0.46504426
0 0 0 0 2 -0.000897106132 5.47270775
0 97 0 80 2 -1.79374957 2.54817128
47 55 74 78 0 -0.00452551106 -0.38886717
110 111 90 97 2 -0.0010952577 -2.58664966
51 57 140 145 3 -0.000383432198 -4.82166243
0 0 0 0 2 -0.183171496 6.75348616
0 0 0 0 0 -0.00598745001 5.87592983
0 0 0 0 4 -0.00650834478 4.78727818
116 118 133 138 2 -0.00886406656 -0.836740911
26 30 36 59 3 -0.122811049 -1.31343675
0 0 0 0 1 -0.114679739 6.30180979
141 141 94 109 2 -0.0651444122 -3.70231247
26 27 37 45 2 -0.0369909219 -1.6179831
0 0 0 0 1 -0.666280866 7.81197691
111 111 35 70 3 -0.101261109 -2.05583525
58 59 85 120 2 -0.00203828746 -4.17327595
89 90 98 109 2 -0.0046893172 -1.35380602
0 0 0 0 3 -0.112451464 5.78648376
83 88 36 67 1 -0.00611826917 -4.11998701
0 0 0 0 3 -0.158754051 7.32674265
116 118 158 181 2 -0.0562197641 -2.97046018
76 79 89 120 3 -0.000338398531 -4.43998861
159 165 37 44 2 -0.00019966808 -3.4039917
56 63 110 145 3 -0.00112591428 -2.57705641
108 109 116 122 3 -0.00742656365 -1.53426623
88 92 145 151 2 -0.000881041866 -1.97419357
57 57 70 77 3 -0.0529065691 -1.52781892
101 102 58 69 2 -0.0163160563 -1.08475196
85 85 91 126 3 -0.116398022 0.460924685
95 101 83 90 1 -0.00258407369 -2.44931984
0 0 34 0 2 -0.893582463 1.74678802
85 87 43 0 1 -1.03037667 1.14622831
92 92 105 120 2 -6.75906194e-05 -2.84448123
84 85 114 120 2 -0.000742554723 -5.28412056
144 146 122 130 2 -0.000806004216 -2.36242533
94 96 64 69 2 -0.000388109358 -5.60210085
86 86 101 136 1 -0.283528775 -2.84641576
0 0 0 0 3 -0.234893978 2.1791234
80 83 99 110 4 -9.76296142e-05 -4.92479086
89 94 49 80 1 -0.00588981435 -0.838261366
70 76 88 95 2 -0.743017495 -0.180281669
0 0 0 0 0 -0.00633334462 6.26058578
22 26 104 111 2 -0.0341698751 -3.4591186
117 123 42 46 2 -0.000157586561 -3.79580331
121 121 91 114 2 -0.00109654234 -4.11646461
14 16 20 25 2 -0.955932379 0.618159354
106 106 0 121 3 -0.859349966 0.492352366
104 106 45 80 3 -9.77499876e-05 -3.54456615
108 118 133 144 0 -0.000434114976 -2.6172471
44 49 86 117 2 -0.0015185714 -3.58726859
63 67 128 135 3 -1.07288179e-05 -4.85153532
0 0 0 0 1 -1.01281393 7.37072325
0 0 0 0 3 -0.414346665 7.25796223
151 157 189 192 1 -0.000291691744 -2.19767952
0 0 0 0 2 -0.0046672551 3.09372497
83 86 38 73 2 -0.00122703705 -4.5672369
0 0 0 0 1 -0.0865822956 4.05723906
173 180 146 154 0 -0.390983045 -0.624766231
42 42 59 94 4 -0.00138487876 -4.79634476
22 27 34 69 0 -0.10695152 -5.19604969
65 67 92 103 2 -0.901182115 -1.78035307
0 0 0 0 3 -0.60942471 6.87716389
134 137 40 47 2 -0.0302935466 -2.21318483
0 0 0 0 3 -0.702403486 4.69153643
0 0 0 0 1 -0.946550965 7.62966681
221 221 42 49 3 -0.00254280237 -2.43867064
108 112 53 88 3 -0.000112650407 -4.72792816
96 100 49 86 3 -0.0332476459 -0.122698784
88 92 60 68 3 -0.0151774473 -1.77334595
0 0 0 0 3 -0.0364090651 3.83456969
138 143 65 100 0 -7.04519989e-05 -4.03030348
58 61 142 177 2 -0.253731549 -1.8672471
110 114 123 130 2 -0.212491229 -2.64318228
0 0 0 0 2 -0.230379447 5.95574856
85 92 101 136 2 -0.000154969035 -4.10586643
98 98 51 86 2 -0.0830561519 0.304189742
105 110 120 128 1 -0.00070622965 -1.77789855
40 47 56 91 2 -0.00244998885 -4.67208385
82 82 64 70 3 -0.0065132184 -1.23047853
30 35 46 61 3 -0.000313121272 -4.81371021
0 0 0 0 1 -0.0948162749 -1.81358933
163 167 108 115 1 -0.0588512607 1.87474656
88 88 99 104 3 -0.000831435318 -0.437040418
106 113 65 69 0 -0.00200715521 -1.3030405
0 0 0 0 3 -0.245798767 3.61076093
38 46 50 55 2 -0.0155799352 -0.109309047
0 129 96 100 1 -0.338704526 0.750787079
107 110 60 95 3 -0.00103350531 -2.72739816
0 0 0 0 2 -0.0112669906 4.82572842
58 62 100 135 3 -5.01867034e-05 -4.32504511
0 0 0 0 1 -0.204970852 1.86441517
108 111 130 137 2 -0.00151290826 -3.03691363
59 67 94 101 1 -0.00547060044 -2.68243337
229 235 67 102 3 -1.60248065 -2.86060333
89 91 159 194 2 -0.123998113 -2.92844319
62 65 80 115 1 -0.000177019043 -4.79697371
44 44 49 52 4 -0.132549152 -0.494378924
0 0 0 0 1 -0.53981477 4.41709614
49 53 84 92 1 -0.00306650903 -4.19617987
215 217 160 195 2 -0.0616175309 -2.37257242
30 35 101 136 2 -0.00828241836 -2.12267208
115 118 130 133 1 -0.00036438799 -3.36910319
139 142 123 127 1 -8.09414341e-05 -3.05805922
0 0 0 0 2 -0.795414448 7.31687784
43 43 129 133 3 -0.000335530611 -3.33699369
107 114 73 77 0 -0.0528993867 -3.19331574
63 66 18 53 4 -0.00776568428 -2.72969484
0 0 0 0 3 -0.833958626 7.20741034
51 53 80 115 2 -0.00511153881 -3.24279642
109 112 48 51 2 -0.000143643934 -2.91410851
129 133 110 114 3 -0.259216994 -0.192685455
137 143 31 46 1 -0.00417000428 -3.74784827
135 141 45 80 1 -0.00016307483 -5.57900429
99 107 84 86 0 -0.000758795533 -2.50141788
150 150 48 71 2 -0.00143643469 -2.61036158
97 102 112 116 3 -0.528051376 -0.487351567
176 177 142 151 2 -0.0322145969 -2.38459396
32 36 113 148 3 -0.00107308349 -4.32275581
129 136 76 78 0 -0.000358646037 -7.08526373
117 118 55 60 2 -0.000843423768 -2.07641864
71 75 89 96 3 -0.0563445687 -1.45933247
0 0 0 0 4 -0.164349765 7.40597248
118 122 34 69 4 -8.64251633e-05 -4.96601486
61 67 45 50 0 -0.000124451297 -2.12707639
0 0 0 0 2 -0.00469344389 4.25138235
107 111 89 93 3 -0.00167693314 -3.65926766
59 66 132 139 0 -0.00138938054 -1.0393492
66 67 78 86 3 -0.132402673 0.317923129
63 64 123 134 2 -0.00246527791 -3.82106304
102 102 135 170 2 -0.0945811421 0.205182374
128 128 103 114 2 -0.000856273575 -3.16777182
130 130 42 77 4 -0.0185496695 -0.653547168
41 41 56 87 2 -0.0134390434 -3.06794691
173 177 118 122 2 -0.00295990892 -1.28070474
48 53 151 158 2 -0.102254562 -1.61475563
0 0 0 0 2 -0.0849944949 2.52981281
113 117 23 0 3 -0.811311603 0.348261476
49 51 95 103 1 -0.220682293 -0.573876143
106 107 115 122 2 -0.0016107664 -3.57354617
45 47 65 69 2 -9.52453483e-05 -5.05173159
0 0 0 0 2 -0.00854885764 3.82412267
190 191 144 149 4 -0.0102622351 -5.04915142
58 58 123 123 3 -0.146763101 -0.777151108
0 0 0 0 2 -0.0350244194 5.39746094
0 0 0 0 0 -0.230735049 7.92742205
0 0 0 0 2 -0.719685853 6.45198202
0 0 0 0 3 -0.281296074 2.8820765
69 70 26 57 3 -0.262206674 -2.8529191
47 47 59 66 3 -0.00127035321 -2.85545182
0 0 0 0 1 -0.00634043431 3.44739246
0 0 0 0 2 -0.00626240391 1.51626253
132 132 69 104 4 -0.00554621313 -3.77639294
61 66 139 143 2 -5.29285462e-05 -4.39410639
8 11 30 30 4 -1.76280284 -3.4645083
91 96 139 148 3 -0.000602866989 -3.58369327
48 52 67 71 3 -0.0540729724 -3.32102561
123 124 110 113 2 -0.000606555026 -3.02086377
74 78 60 68 3 -0.000375485222 -2.19157577
62 65 81 104 3 -0.000138753501 -4.59393835
100 104 173 208 0 -0.000871304306 -3.47032833
30 30 47 55 2 -5.76965867e-05 -3.21458626
67 72 20 55 2 -0.000813622493 -3.8417685
0 0 0 0 1 -0.626958787 2.07553339
48 49 108 111 2 -0.0200570691 -2.97111917
0 0 0 0 3 -0.101070672 6.66790199
151 154 45 56 1 -0.00140568928 -2.14631844
92 99 182 189 0 -0.00204911712 -2.52677774
186 188 0 0 2 -1.60558963 3.43935347
114 118 53 62 3 -0.00104386033 -3.22201633
68 72 20 23 3 -0.0469283983 -5.24785566
79 83 155 190 4 -0.0144536076 -2.3674643
0 0 97 0 1 -0.0228557903 0.0288150311
105 107 121 123 3 -0.0222047158 -1.24313283
152 153 53 84 3 -0.007619143 -1.72643256
118 125 136 159 2 -0.00146923319 -3.91934323
76 77 84 107 3 -0.00095636677 -4.4561758
43 48 107 113 1 -0.00228278246 -0.939656913
125 129 144 147 2 -0.0016183533 -4.1210556
64 64 112 119 3 -0.00183088903 -4.28957081
45 45 116 125 3 -0.00375729054 -0.261506796
0 0 0 0 3 -0.511479378 3.88797879
86 87 97 104 2 -0.00107907318 -4.48586464
117 124 46 57 2 -0.000122067649 -4.57633877
81 86 120 123 1 -0.305460483 -4.05298996
87 93 105 113 3 -0.000317200669 -2.06613159
132 132 53 88 3 -0.000151273882 -4.27668762
0 0 0 0 2 -0.000984055689 3.06541252
57 62 98 109 3 -0.00295444811 -2.4422133
109 110 121 128 3 -0.109352648 -4.63406229
73 81 127 142 1 -1.04447138 -0.320416063
148 152 170 205 2 -0.000253664417 -2.17274666
128 128 108 111 2 -0.000314197678 -2.72232699
64 69 125 148 3 -0.00483147427 -2.32181978
50 54 121 156 3 -0.00192161906 -3.23500395
79 83 59 66 1 -0.00955164619 -1.61517811
138 145 43 78 1 -0.0014682021 -5.15829802
62 66 34 41 2 -7.31935725e-05 -4.19554472
151 151 176 211 3 -0.172273383 -2.71805525
126 134 78 83 0 -0.00452003954 -4.43095446
109 111 126 134 3 -0.00521227717 -0.933883071
121 121 130 137 4 -0.0283674523 -1.17990804
163 168 61 69 2 -0.00466343621 -6.34251547
103 103 117 140 3 -0.000208604935 -4.14409971
71 72 50 55 2 -0.000157234172 -4.73280621
0 0 0 0 2 -0.000387612061 5.94399023
158 158 103 138 3 -0.16443041 -2.68590522
68 68 23 58 3 -0.000406201056 -3.83817196
202 210 48 83 2 -0.0120432908 -0.70002532
51 56 127 166 1 -0.148823649 0.0785548687
124 128 60 95 1 -0.0114275375 -4.27256012
119 124 72 107 0 -0.00254138466 -3.77443242
156 159 62 97 2 -0.121006943 1.11404133
0 0 0 0 2 -0.0492313579 3.70208335
0 0 0 0 3 -0.580892086 6.15388536
24 30 60 95 1 -1.18023467 -3.35004735
23 82 99 130 1 -0.14996843 -3.36710286
0 0 0 0 3 -0.243205503 2.03194904
59 59 76 91 2 -7.42664633e-05 -2.98954296
0 0 0 0 2 -0.00181873213 6.09765625
156 157 95 118 3 -0.00914269872 -4.7864871
64 67 37 39 1 -0.0754008517 -4.4138937
0 0 108 114 3 -0.0867884904 0.77248174
46 48 84 115 1 -0.000379398582 -4.00305223
0 0 0 0 3 -0.0496194251 7.58878279
16 21 25 60 2 -0.0664011911 -2.01804328
103 107 119 130 3 -0.000185720171 -2.69970369
151 151 51 86 2 -0.464276999 0.512088358
98 98 117 122 3 -0.219256133 -3.27398443
135 140 39 50 1 -0.00523192668 -2.09400511
82 92 62 67 0 -0.0285535567 -2.44715476
137 141 84 90 0 -0.0594093353 0.166495025
139 142 28 35 0 -0.00206711818 -5.76040792
121 123 75 110 2 -0.000227798024 -2.94817781
19 20 41 48 3 -0.0293703228 -0.508517206
141 145 91 126 3 -0.000901551626 -1.08393168
112 114 99 107 2 -0.000735521142 -2.17905402
62 67 83 83 1 -0.0504975989 -1.35871935
88 94 61 68 1 -0.000124211045 -3.98645306
88 92 107 142 0 -0.000229227036 -5.42682838
71 0 0 126 2 -1.21548295 0.0611379743
110 110 116 124 3 -0.387080073 1.13665867
56 59 126 132 1 -0.00670328969 -4.43400383
104 109 57 92 1 -0.25734517 -2.84153557
149 153 115 130 2 -0.000424232072 -4.46719456
31 38 49 53 1 -0.000211231163 -2.14685059
125 128 63 68 2 -0.00121982652 -3.70640492
207 209 153 160 1 -0.237368286 -1.25949216
138 140 116 123 2 -0.0198096279 -1.93688273
12 12 17 21 4 -0.019785583 0.661759555
12 15 19 42 0 -0.0123822149 -2.30190325
115 118 127 138 4 -0.000804078009 -4.98974562
97 101 40 49 3 -0.00011980188 -4.09376383
60 61 74 109 3 -0.000524087925 -5.25829887
80 81 53 68 4 -0.000557365478 -3.97637153
28 29 37 52 2 -0.00898629427 -3.02467322
90 95 31 62 4 -0.000476910122 -2.75959277
102 102 56 61 3 -0.00173787819 -4.98372269
56 60 121 127 2 -0.000557342661 -3.90933943
59 67 85 116 2 -0.000704382197 -3.82377219
48 55 71 76 1 -0.000295135251 -1.91260505
88 89 121 125 4 -0.000374647527 -4.11484146
50 53 73 104 3 -0.000203838019 -2.73937011
57 60 70 77 3 -0.00286959298 -1.52415943
46 49 58 61 2 -0.00172541093 -4.7780447
39 42 46 57 1 -0.00158192136 -3.22493458
92 96 61 66 1 -0.000166290454 -4.08494949
37 38 42 50 2 -0.0557272695 1.0883522
37 38 51 86 2 -0.000370356254 -2.85180473
39 45 90 125 0 -0.000174392291 -5.04844904
87 89 97 105 2 -7.08088555e-05 -2.63609457
77 80 88 123 3 -0.00439821975 -5.45590019
68 76 95 98 0 -0.00110904814 -4.65128517
67 67 47 55 3 -0.00410756329 -0.70683223
60 60 78 85 3 -0.00561000733 -4.12860441
56 56 73 108 3 -0.00772194983 -3.25507045
50 53 65 74 2 -0.000506338547 -3.2309804
72 72 104 139 2 -0.00508580171 -4.45082474
114 120 91 98 2 -6.71134185e-05 -4.39674568
112 112 37 72 3 -0.00014912193 -4.52298832
84 91 49 53 0 -0.000336024532 -3.98426199
50 52 79 87 3 -0.00272420095 -1.97659469
90 91 67 75 3 -0.0105430167 -4.89856625
121 122 20 35 3 -0.00393111538 -4.22375011
28 28 97 128 3 -0.000845622155 -3.44299793
5 6 9 44 3 -0.116087787 -3.45342946
141 141 91 114 3 -0.00035712088 -4.78210688
56 57 129 134 2 -0.691503406 -3.23587632
129 129 44 67 3 -0.0120364549 -1.09854615
24 24 28 51 2 -0.328323066 -1.48047137
127 129 107 122 3 -0.000414093258 -2.92828918
52 54 66 73 2 -4.75638044e-05 -4.54773998
108 108 85 88 2 -0.00232363888 -3.34809113
80 83 34 69 2 -0.00016819968 -4.9035759
105 107 126 141 2 -0.0861253887 -0.0266243219
62 62 70 74 2 -0.0636010319 -1.517344
130 136 59 94 1 -6.54450196e-05 -3.43780327
49 49 69 104 3 -0.00382026448 -6.07646656
86 86 115 150 3 -0.00407519192 -2.16312766
0 76 46 53 1 -1.26682925 1.96656513
174 177 122 128 2 -0.000239956353 -3.75196052
117 117 66 101 3 -0.000538888387 -1.87550306
134 134 100 123 3 -0.00719889626 -1.11504602
101 103 75 86 1 -0.00385145936 -3.67056274
92 95 50 85 2 -0.0278886203 -2.8512311
140 143 95 118 2 -0.000243058195 -2.61587596
17 18 39 45 2 -0.0134277716 -1.93568969
15 18 51 62 1 -0.00277015707 -3.44530749
70 73 85 91 2 -0.000116703341 -4.51193237
142 142 121 126 2 -0.00878868531 -1.99399424
98 98 109 140 2 -0.00123892305 -2.82986546
0 0 0 0 3 -0.0011383068 6.26054811
0 0 0 0 3 -0.000311951415 5.01816559
0 0 0 0 3 -0.0103551596 2.32966971
0 0 0 0 3 -0.0146804759 6.16497421
0 0 0 0 3 -0.0290351547 4.62106943
0 0 0 0 3 -0.00154452911 3.79542279
0 0 0 0 2 -0.00133696734 5.49504757
0 0 0 0 4 -0.332931161 7.05629539
0 0 0 0 3 -0.149081036 7.19462776
0 0 0 0 2 -0.908442676 7.71254587
0 0 0 0 1 -0.0468783118 4.80756092
0 0 0 0 1 -0.0340935513 2.06008315
0 0 0 0 2 -0.00281878235 4.77990055
0 0 0 0 3 -0.436574191 7.42775488
0 0 0 0 3 -0.411146402 5.40455961
0 0 0 0 3 -0.000858760322 3.78002286
0 0 0 0 2 -0.000976122741 6.23750067
0 0 43 46 2 -0.954666674 2.60745168
0 0 0 0 1 -0.0224124901 3.72882676
81 83 61 65 1 -0.000218022222 -1.94033885
55 65 90 98 0 -0.0309454873 -0.777941346
21 24 83 63 2 -1.07712722 -1.32653821
78 82 123 158 1 -0.000374390977 -2.08307242
38 42 98 133 3 -0.000271777855 -2.6952045
39 47 99 103 1 -0.00111754192 -2.21050715
53 55 91 126 1 -0.000197164904 -3.55198073
128 130 103 118 2 -0.00122066773 -3.19355059
76 76 90 99 3 -0.00139522459 -1.88159227
126 131 142 147 0 -0.000419096643 -3.40702748
46 48 59 66 2 -0.000653124996 -3.03254962
72 76 109 144 2 -0.000348986621 -3.87039065
35 38 48 56 0 -0.000212066909 -1.95529366
53 56 68 75 0 -0.000145192913 -4.7789073
52 57 71 102 3 -0.00120734447 -3.80945492
137 138 101 132 3 -0.00323357503 -1.95032239
36 41 105 112 1 -0.192682266 -4.58229589
47 47 83 94 3 -0.01049121 -2.52277327
128 132 190 198 0 -0.0183979571 -1.51804495
81 88 41 46 1 -9.02380052e-05 -3.99619436
164 169 44 67 3 -0.00765165966 -3.430125
43 47 57 62 4 -0.0123405829 -3.61018872
52 55 77 112 1 -0.00223691179 -2.97908115
0 0 0 0 3 -0.071762681 5.22827673
148 153 52 87 4 -0.00183158251 -2.3557992
77 82 96 107 4 -0.00466090301 -3.63893008
40 40 52 63 4 -0.0210775342 -1.7396493
20 24 55 58 4 -0.00397716556 -4.42270613
0 0 0 0 1 -0.0825264677 5.90940762
110 115 153 188 1 -0.201829299 0.602735221
28 32 47 82 1 -0.000181430136 -2.4823854
111 116 146 181 0 -0.000264629809 -3.54832339
0 0 0 0 1 -0.713329732 7.59487295
0 0 0 0 3 -0.00777863292 6.90081263
114 114 73 80 2 -9.21461833e-05 -4.29154253
52 57 121 129 1 -0.00177985011 -1.92038393
0 0 0 0 3 -0.0427278616 6.95054579
72 75 59 66 0 -0.000354852848 -3.099998
61 67 143 149 0 -0.00154244155 -3.21558905
41 41 45 48 2 -0.279893279 3.10873151
0 45 0 0 2 -1.08199811 0.690591872
156 157 100 107 2 -0.00644611195 -2.84805965
93 98 179 181 0 -0.231812194 -3.17776179
126 130 30 65 3 -9.05969209e-05 -3.70541
0 0 0 0 3 -0.0166943725 3.67052293
129 133 57 64 2 -0.000266769726 -4.76771593
61 65 100 103 1 -0.0594447926 -2.59329009
86 90 64 71 1 -0.159860462 -0.706627727
10 13 23 26 2 -0.0492223017 -0.303363323
63 65 119 126 2 -0.000320404361 -3.80830288
25 29 88 93 1 -0.000210159225 -2.50638604
0 0 0 0 3 -0.550795555 6.10326767
109 109 54 59 2 -0.00167418167 -2.19127536
89 96 57 61 2 -0.00448165694 -1.45472097
0 0 0 0 3 -0.202022731 6.3318243
109 113 39 45 3 -5.80543347e-05 -3.72320557
41 47 62 97 3 -5.87690447e-05 -4.40083694
82 88 40 75 1 -0.00947938859 -5.01637697
0 0 0 0 2 -0.00421809731 3.67789102
46 47 92 99 2 -0.665695846 -3.6366241
47 55 65 71 0 -0.00169252499 -2.27630711
87 87 61 69 3 -0.0137629248 -1.01539826
48 52 94 129 3 -9.27438086e-05 -4.09607553
70 73 90 125 3 -0.000187389451 -2.46209788
60 63 46 49 2 -0.000997310737 -3.81853175
54 54 89 124 1 -0.401479125 1.60264969
0 0 0 0 4 -0.000904417015 4.27551794
74 78 92 103 3 -0.0426305197 -0.716014028
0 0 0 0 2 -0.00320041459 1.89346886
86 90 103 114 4 -0.000924137013 -4.05972624
108 110 122 129 1 -0.158386379 0.396940172
130 130 84 119 4 -0.000493711326 -6.67944288
0 0 0 0 2 -0.00932034478 3.35912776
43 44 56 60 4 -0.00578340562 -1.4431653
54 54 27 30 4 -0.00017559086 -4.09147024
112 112 62 97 3 -0.00227417657 -2.39211893
199 200 125 132 2 -0.0263484456 -1.99592757
137 139 118 127 2 -0.00028048674 -4.30017424
126 127 87 110 3 -0.00753522571 -5.30371237
116 117 162 173 3 -0.97326231 -1.55204177
120 131 58 61 0 -0.00757085625 -4.53087854
53 53 110 112 3 -0.0115347505 -3.26362872
48 53 85 120 3 -5.87696049e-05 -4.04845858
41 46 78 86 1 -0.000757053902 -3.21243167
27 31 90 121 1 -0.00354317739 -1.98841143
67 71 127 130 0 -0.029486008 -5.6579175
191 197 73 80 0 -1.05454719 -2.19253993
0 0 0 0 3 -0.723946631 7.15832376
32 33 49 64 4 -0.0397902094 -1.9176178
46 49 56 91 1 -0.277210593 -2.95078135
0 0 0 0 4 -0.910743594 7.6615262
0 0 0 0 3 -0.383770287 6.1378746
114 122 69 104 2 -0.000604250235 -4.02529907
92 96 33 38 3 -0.000290251657 -3.20597911
97 101 60 67 4 -0.565759063 -0.442647547
0 0 0 0 3 -0.473248452 3.62322593
55 65 99 130 0 -0.041490458 -2.12962246
161 167 99 134 3 -0.179505676 -3.13969755
100 103 47 53 4 -0.000542580732 -4.03164291
0 0 0 0 2 -0.00147958321 5.43459988
0 0 0 0 1 -0.027315313 5.26118898
120 125 96 100 2 -0.00226150546 -1.56518555
126 127 50 57 2 -0.00130101014 -3.56899047
70 70 91 95 2 -0.509265721 -1.05098081
146 151 35 70 3 -0.00443830108 -3.20520663
44 44 141 145 3 -0.0041682194 -3.90459228
86 88 179 214 2 -0.179545581 -1.35126472
103 104 50 56 1 -0.0445993096 -1.8083775
37 37 52 60 4 -0.589423358 0.209191322
102 106 53 88 1 -0.0526929051 -0.690462708
66 66 52 57 3 -1.47819155e-05 -3.13831234
33 38 43 48 4 -0.00229338836 -1.71429753
110 113 126 157 3 -0.00525405398 -3.69990015
112 118 46 53 2 -0.00151027157 -3.83377528
26 27 110 119 1 -0.00188386766 -2.53271413
0 0 0 0 0 -0.286426395 6.86584044
113 118 127 135 4 -0.0153822163 -4.11455631
100 100 60 95 0 -0.0625173599 -4.32069492
141 146 93 128 3 -0.000363439351 -3.31139851
0 0 0 0 0 -0.0940713063 5.76301241
42 46 103 107 2 -0.00766328443 -6.04547787
0 0 0 0 1 -0.252651244 7.31946707
151 152 110 117 3 -0.0831383988 -3.38045955
32 35 40 52 2 -0.0166230276 -4.00277281
111 115 188 223 2 -0.0462581031 -1.96202731
0 0 0 0 2 -0.0257736072 6.30459213
28 32 70 93 3 -0.00127237127 -3.25603747
31 33 192 227 1 -0.622207522 1.19837284
126 133 109 114 1 -0.000210991508 -2.18180156
57 58 73 75 4 -0.0162554644 -0.947513163
0 60 0 0 2 -0.321980119 -0.740176439
81 88 45 68 2 -0.0165538676 -2.0291748
115 115 176 211 2 -0.462320775 -1.8830924
17 25 92 96 0 -0.00129010424 -3.76120973
65 0 91 95 0 -0.54212898 0.15865469
45 49 64 99 2 -2.71795579e-05 -4.28217745
52 53 81 82 2 -0.825822771 -0.612506509
60 61 75 90 1 -0.00865129754 -3.01410198
140 144 46 81 4 -0.0110194292 -1.59263277
120 126 94 101 1 -0.0013878895 -3.01960969
57 64 123 158 4 -0.011828023 -2.45816803
87 91 75 81 1 -7.47433733e-05 -2.84337234
75 77 54 60 2 -0.00269589969 -5.06589746
105 105 114 120 4 -0.000594085664 -3.41091752
47 52 143 149 2 -0.182026282 -1.40343022
102 107 47 49 0 -0.0343455635 -0.941545367
87 89 56 67 2 -0.00124914071 -4.58821392
111 111 129 144 2 -5.20938047e-05 -4.43892193
82 88 97 132 2 -0.0258012917 -1.76209831
110 118 96 98 3 -0.680405855 -2.25123715
140 143 154 156 2 -0.00188720413 -4.4374032
101 105 49 58 0 -0.0120904772 1.24108624
23 27 53 60 4 -0.159812957 1.0626936
104 108 123 134 2 -0.390108258 1.44611168
47 53 119 122 2 -0.00583750056 -4.62050772
72 72 112 115 4 -0.000312905438 -2.09787703
0 0 0 0 3 -0.00524702016 3.73689866
108 109 128 134 2 -0.0225647464 -3.33329082
0 0 0 0 1 -0.50315547 6.68992138
0 0 0 0 4 -0.000710241438 1.48623013
83 84 72 76 3 -0.000361644547 -2.08500314
40 41 52 58 2 -0.00268092752 -2.87247038
131 135 52 87 3 -0.12032488 -2.86256599
197 155 46 50 2 -0.586631477 -1.65031147
0 0 0 0 3 -0.14411892 7.0492835
60 67 44 49 0 -0.0035549521 -2.55164003
75 78 39 54 2 -0.495251089 -4.32846022
145 150 163 170 4 -0.00112858589 -0.921388745
161 165 52 63 1 -0.00740676187 0.397829115
43 51 55 60 2 -0.00328679965 -3.84049964
47 51 70 77 0 -7.58159804e-05 -2.82085013
57 57 100 102 2 -0.00128030602 -1.5366478
104 109 159 194 2 -0.048906751 -0.489222258
44 49 124 135 2 -0.00137109647 -4.87808943
59 66 86 93 0 -0.629169703 -1.00990009
0 0 0 0 2 -0.000561161316 3.26742268
7 12 18 53 4 -0.00617374387 -2.99892926
41 41 50 85 3 -0.0043538902 0.083127737
199 202 51 86 2 -0.0134488372 -4.24697399
0 0 0 0 2 -0.040470317 6.27014732
68 74 203 209 2 -0.0274833217 -3.09457612
61 65 198 204 1 -0.0206229873 -2.81315994
101 102 52 60 3 -0.145946145 -2.11770797
76 80 93 128 2 -0.0893178582 -1.37409091
37 41 55 90 2 -0.00419020467 -3.53090787
84 86 111 116 2 -0.00113626604 -6.20589828
24 28 36 71 2 -0.0555406958 0.209568501
0 0 0 0 3 -0.0367213413 3.81325459
110 114 43 50 4 -9.32202238e-05 -4.29668617
109 111 122 157 2 -0.000189532759 -4.87817383
135 141 59 96 3 -0.000103470731 -2.89259815
0 0 0 0 1 -0.00846671779 5.10197306
59 59 122 133 3 -0.016154835 -1.62854743
0 19 31 34 2 -1.46038556 2.09795499
36 43 56 63 2 -0.000578796433 -2.34328318
0 0 30 33 3 -0.505625844 2.50652742
80 88 119 125 3 -0.00227546995 -6.54873896
0 0 0 0 3 -0.0187251717 4.61496496
214 236 48 56 2 -1.02797461 -2.4158814
112 112 87 92 3 -5.14974636e-05 -3.05687571
69 76 59 64 0 -0.000209800142 -2.35226774
0 0 0 0 1 -0.0443597436 4.12365294
83 83 54 61 3 -0.0671214014 -1.49976683
54 58 75 82 3 -0.000708122796 -3.99836683
140 145 82 93 3 -0.0365216956 -3.93367147
162 164 93 128 1 -0.0134789087 -5.12783527
0 0 0 0 1 -0.0889945254 9.06517029
58 58 108 119 3 -0.00303561101 -2.20757508
39 44 57 92 0 -0.000955285155 -3.21904278
48 48 69 71 4 -0.00454869494 -4.31970835
105 112 129 134 2 -0.00122794847 -2.3706584
135 140 56 91 1 -0.000269994227 -1.57356787
59 63 124 132 4 -0.004178409 -4.78166914
114 118 53 58 4 -0.00158883806 -4.00417662
0 0 0 0 2 -0.0332550518 5.28980875
0 0 0 0 3 -0.0429978333 3.15577793
0 0 0 0 1 -0.457077026 7.06681633
30 32 52 87 1 -0.180013582 -2.94014502
40 40 0 89 2 -1.57724357 0.116805494
36 38 78 81 2 -0.000248298777 -3.51788855
53 55 120 122 2 -0.000957927667 -2.79930425
15 15 31 38 2 -0.1843687 -1.47511411
103 104 50 85 2 -0.000327927002 -4.87150621
0 0 0 0 1 -0.0264494903 3.70081401
101 107 86 90 1 -0.00157916162 -2.66494203
169 171 88 96 2 -0.0364590399 -1.23804379
106 112 129 136 2 -0.00778633542 -1.32378268
49 50 65 100 3 -0.000853863428 -3.88559484
55 61 39 42 0 -0.00500363717 -3.08112264
142 143 114 120 2 -0.00544714043 -4.17077923
0 0 0 0 3 -0.686306417 7.7076726
147 155 52 59 1 -0.0100249145 -2.76417708
128 128 51 53 4 -2.50338508e-05 -3.93613315
111 111 40 45 2 -0.00017225038 -5.1805892
69 75 90 98 2 -0.000239719622 -1.88422894
0 0 0 0 3 -0.78860718 6.5927949
141 143 120 124 2 -0.0255871192 -4.9962821
100 100 122 128 2 -0.00265189237 -3.52798104
103 106 62 97 2 -0.00188461924 -1.99459171
52 54 74 85 1 -0.0110029811 -0.288780391
0 0 0 0 1 -0.35166806 7.49921322
103 107 31 66 4 -0.000117060692 -3.86648822
0 0 0 0 2 -1.17385852 7.32278109
115 117 64 71 2 -0.0329579785 -1.65864873
0 0 0 0 0 -0.018734375 5.11864138
0 0 0 0 3 -0.481751353 7.00934362
107 113 51 86 1 -0.00157193444 -2.9267323
84 87 104 127 2 -0.000225296826 -4.0469842
121 121 0 0 2 -1.49129593 2.93372059
0 0 59 61 2 -0.606473088 3.26368046
33 36 115 118 2 -0.00462441985 -2.48041248
0 0 0 0 2 -0.31697607 7.14198446
88 92 61 63 0 -0.0159623343 -2.56310749
44 49 60 65 4 -0.788309574 0.366174042
69 70 124 147 2 -0.000566394592 -4.8760643
34 34 47 82 2 -2.02654937e-05 -4.17931271
50 50 107 114 2 -0.00124411576 -1.49587011
0 0 0 0 2 -0.482205987 7.11127853
61 64 77 112 0 -0.00745986681 -4.45249653
95 99 71 79 3 -4.3629967e-05 -4.86981726
42 43 55 60 3 -0.0035445625 -1.46860743
80 83 102 104 2 -0.000635550066 -2.01753879
75 80 86 89 3 -0.000150316293 -3.19707942
94 97 156 162 2 -0.000516799861 -4.92301083
115 118 47 51 1 -0.00123677275 -2.87060308
111 115 84 90 3 -0.00313826767 -3.7124486
0 0 44 46 2 -0.622227967 2.98096895
132 133 110 116 2 -0.0293447692 -1.94617581
162 164 73 80 2 -0.0895477757 -0.986716032
109 109 128 134 4 -0.00226894859 -1.41658926
69 69 98 0 3 -0.967655003 -0.708443046
111 114 59 94 0 -0.577725172 -1.83880043
55 58 73 108 1 -0.661455393 -3.13707209
129 130 48 52 2 -0.00541294273 -4.25981808
0 0 0 0 2 -0.00346908043 4.06599045
88 90 38 73 1 -0.0796969756 -5.50705147
117 123 31 42 1 -0.000444491423 -4.72187567
59 64 105 140 4 -0.000605278183 -3.62272143
57 60 114 149 2 -0.00549435709 -0.436656445
0 0 0 0 1 -0.745501757 7.0644331
123 123 42 53 2 -0.00761535345 -1.21913743
25 25 96 98 3 -0.000808823679 -3.39666963
45 47 66 73 1 -0.000599298044 -2.36713171
50 57 63 66 0 -0.00118786399 -2.44359827
104 107 123 130 2 -0.00036949481 -5.35786152
81 84 52 59 1 -0.0679798275 -3.04777741
92 97 45 53 0 -0.0229998603 -3.02055931
0 0 0 0 2 -0.250378102 3.38421297
73 76 84 92 0 -0.00536118587 -0.460831732
84 87 54 59 0 -0.393907875 -3.16713619
0 0 0 0 2 -0.0342025198 7.47185087
40 44 0 0 2 -1.18409634 0.932852209
98 98 105 106 3 -0.0733926445 -0.944913447
166 166 43 50 3 -0.00150864874 -1.26178193
45 49 64 70 1 -0.00163978478 -2.71570492
0 0 0 0 3 -0.408548385 6.38254023
59 62 81 85 0 -0.042240072 -3.29358602
0 0 0 0 3 -0.000129458625 4.95923138
0 0 0 0 2 -1.01966023 2.00576448
0 0 0 0 2 -0.00499039143 6.46059752
199 199 57 92 3 -0.00179078325 -4.54179192
149 153 105 111 1 -0.0569691733 -3.98384023
154 154 51 56 2 -0.00587432599 -1.82277942
113 115 84 85 2 -0.00164048281 -3.77242446
103 104 83 94 2 -0.00310153724 -2.01072812
198 198 153 176 2 -0.0914518535 -2.72691941
110 114 83 94 3 -0.0209214389 -2.2262094
75 67 92 94 0 -0.695079625 -3.93355513
96 101 110 125 0 -0.00382168801 -0.971715331
0 0 0 0 2 -0.000514943968 4.70316458
52 54 63 83 1 -0.643138111 -3.03806448
65 72 110 117 0 -0.000844814465 -1.66788816
92 94 108 110 2 -0.000796540407 -4.72589064
59 62 99 134 2 -0.000650669273 -3.30729914
27 35 51 59 0 -0.0937591046 -3.27715111
88 91 106 141 2 -8.04646406e-05 -3.75948858
225 225 128 151 3 -0.54401052 -2.00766635
113 119 55 90 2 -0.000838427339 -3.45609975
76 77 29 36 3 -0.000954438117 -5.48794699
74 75 158 165 2 -0.0248862877 0.865609109
81 81 41 48 3 -0.0533127822 -0.0796112418
144 145 34 41 2 -0.00248558866 -2.72017193
182 189 78 113 3 -0.00158647809 -2.21931696
69 74 105 128 3 -0.0200610943 -3.37020802
70 77 34 39 1 -0.0667625964 -2.94386721
142 144 88 123 2 -0.00161500496 -3.38826013
83 88 35 70 4 -0.00116657536 -2.89327884
65 73 83 114 2 -0.0976312533 0.122532487
0 0 0 0 3 -0.0152061917 7.57989264
165 172 138 145 3 -0.539470255 -2.57205606
31 37 67 102 1 -0.0417274088 -3.15456939
0 0 0 0 2 -0.521641314 2.91710758
116 119 67 74 3 -7.30743486e-05 -4.38017368
36 36 65 100 3 -0.0102507444 -2.59186506
70 70 82 87 2 -0.000568599382 -4.21613359
62 63 142 173 1 -0.0289905071 -0.919547796
35 38 83 87 2 -0.000424949394 -3.44544601
142 148 42 73 1 -0.00420396728 -2.27301574
0 0 0 0 4 -0.00952334236 6.77236032
115 120 86 91 0 -0.00171357358 -2.52172518
84 93 110 114 1 -0.000318986306 -2.75295115
67 71 104 139 3 -0.00176537829 -1.97643995
122 124 141 147 2 -0.00682048034 -1.50612831
44 51 177 212 0 -0.15452221 0.661365926
128 131 48 83 2 -0.000589545118 -2.06837487
0 0 0 0 3 -0.14800635 4.97187996
73 73 134 145 3 -0.000540620415 -3.78146744
64 64 77 81 4 -6.09149938e-05 -3.73544383
59 64 74 105 1 -0.799555302 -1.4172442
0 0 0 96 2 -0.497255027 3.59918571
0 0 0 0 2 -0.00700927991 2.65267682
94 98 114 149 2 -0.00982177816 -5.17501783
66 70 132 163 0 -0.00240891194 -2.63903832
31 31 0 60 2 -1.33125246 0.166773736
0 0 0 0 2 -0.000720299722 5.91342878
68 71 87 93 3 -0.000332323863 -4.1704154
0 0 43 45 3 -0.327504784 0.933718622
126 128 187 191 2 -0.0182306282 -4.25494671
121 121 137 149 0 -0.433025599 -5.22643328
184 188 81 116 3 -0.00371673983 -1.64702392
48 52 57 63 4 -0.20279327 -1.43536258
31 32 43 50 4 -0.162820488 -1.7000072
86 88 0 0 2 -2.04053187 2.85669827
73 0 0 0 0 -1.56572688 2.52877235
56 65 86 121 0 -3.99348282e-05 -3.76376367
47 51 30 35 2 -5.88888652e-05 -4.27136087
71 72 91 102 2 -0.137609452 -0.798512459
25 31 89 93 1 -0.000563648471 -4.64810991
109 114 92 98 0 -0.00204171822 -4.33917809
47 52 96 103 0 -0.000179642491 -3.47746587
65 69 52 59 2 -0.00129308784 -4.66469717
0 0 0 0 2 -0.00111660501 4.56683159
107 40 70 93 2 -0.632994711 -4.08814621
99 101 115 138 1 -0.0166196022 -5.64786291
96 99 109 140 2 -0.00847900193 -0.813150525
81 84 36 38 3 -0.0805331692 -0.015884012
175 182 129 160 1 -0.424423695 -0.470841199
79 80 91 126 3 -0.000419236487 -2.13714218
65 66 47 52 2 -0.000919394195 -2.12567186
146 146 157 192 3 -0.0533645079 0.0413089097
95 99 114 118 4 -0.00051469513 -2.36465645
50 56 69 104 1 -0.0043323678 -3.12383389
68 73 44 55 2 -0.00105312327 -2.09932208
58 62 80 115 2 -0.00025401602 -6.35266685
48 50 120 128 1 -8.12996295e-05 -1.73361564
43 49 59 63 1 -0.00102844392 -3.7375772
79 82 126 130 2 -0.000558426487 -2.76599503
64 68 84 90 3 -0.000209326419 -1.83235502
161 161 51 62 2 -0.000223740848 -2.7390058
112 117 49 55 1 -0.0215258971 0.357260942
93 93 41 76 2 -0.000486073521 -3.58697677
51 52 71 106 3 -0.00452001253 -3.78749394
37 41 103 138 2 -0.000272379955 -3.64690757
84 85 163 198 4 -0.081068255 -3.42727256
40 40 94 125 3 -0.00107641518 -2.28296733
65 69 170 205 3 -0.000330169074 -3.70545721
104 106 0 0 2 -1.40226173 0.468863845
112 119 50 56 3 -0.080882661 -1.79979587
103 106 69 80 2 -0.00691612624 -4.59186316
100 104 48 53 4 -0.0024221926 -2.04074955
22 26 53 88 3 -0.000572869554 -2.51057124
120 129 40 75 0 -0.000374033174 -2.83297396
116 120 71 106 3 -0.000735761714 -4.5924201
50 57 75 110 3 -0.0161538776 -0.940078735
91 91 53 84 2 -0.000830251665 -6.24592018
22 26 31 66 4 -0.0588365868 -2.28761196
57 61 140 143 2 -0.000385114225 -3.82721806
64 68 84 119 4 -0.001331429 -4.52529144
143 143 72 107 3 -0.00013446559 -5.15485191
40 40 50 65 4 -0.00761210546 -3.05493641
0 0 0 0 3 -0.706613958 6.687675
97 98 129 132 2 -0.000763085322 -4.93629551
91 95 105 112 2 -0.000139590891 -2.87879705
63 64 109 120 2 -9.84644867e-05 -6.0309124
140 140 64 99 2 -0.000295489182 -4.54824162
64 66 18 53 2 -0.28989327 0.463941872
123 127 23 58 1 -0.00200883206 -2.30956507
112 115 36 59 1 -0.000602428045 -1.28879607
140 140 113 120 3 -0.0632679537 -1.9913342
132 140 42 48 0 -0.0106163938 -1.56348419
113 117 131 138 3 -0.22093606 -1.44135976
114 114 63 68 2 -0.000521132373 -2.15655589
97 102 110 112 0 -0.00686115632 -3.49849701
49 49 59 94 3 -0.00105033617 -3.0107069
104 104 59 94 4 -0.00445597712 -6.01278687
0 0 0 0 3 -0.0854139552 6.07500029
98 102 41 72 3 -0.0148841841 -2.46106434
41 45 143 152 4 -0.022180751 -4.05099154
87 87 117 120 3 -0.0180303082 -0.649411798
42 44 98 133 4 -0.00360019598 -3.73917198
46 50 80 86 4 -0.0230525173 -0.030828476
116 124 104 106 1 -0.00298180664 -4.3764267
0 0 0 0 2 -0.000741502328 6.76722956
0 0 0 0 2 -0.209023565 7.03818607
113 118 44 51 2 -0.000179046445 -5.05220175
42 43 76 83 1 -0.000421018747 -4.73564816
172 180 52 61 3 -0.00149057806 -0.967699289
140 142 106 108 1 -0.505567193 1.88837886
71 76 88 123 0 -0.0102729797 -1.52853584
90 90 102 109 3 -0.592120826 -4.28458643
0 0 0 0 3 -0.61238873 6.49095726
70 72 87 94 3 -0.00593872461 -2.14631319
160 165 77 85 4 -0.00412701443 -2.63746572
0 0 0 0 2 -0.0263225287 6.40206861
30 36 40 63 2 -0.00368504412 -1.01091766
0 0 0 0 2 -0.00237787003 4.56476927
92 92 41 76 3 -0.000301086984 -3.87519622
178 182 38 73 4 -0.000203712349 -3.86486602
71 71 57 64 3 -0.00452683819 -1.75244713
86 94 36 71 1 -0.000191325176 -4.23704576
128 128 141 176 3 -0.000133152498 -3.51059723
0 0 0 0 1 -0.119325787 7.38140965
71 75 99 134 3 -0.0575980432 -2.37366939
136 141 118 125 0 -0.000113006536 -3.33403802
40 41 78 83 2 -0.00193522708 -1.74246097
202 206 33 68 3 -1.02839255 3.01127791
0 0 0 0 3 -1.19654357 2.58285189
0 0 0 0 2 -0.00637111766 4.2372508
59 65 28 39 1 -0.000152584151 -2.35698628
148 151 98 109 2 -0.0402614437 -5.32105112
0 0 0 0 2 -7.74857472e-06 3.76719546
40 45 75 110 4 -0.00512138847 -2.53506231
56 60 100 131 1 -0.00025557651 -1.39920855
79 84 57 64 2 -0.000211349543 -3.59796858
130 134 63 98 3 -0.00178659405 -5.24604988
36 41 157 161 0 -0.00519621558 -1.70877647
145 108 167 175 3 -0.341311753 -4.67175388
89 89 98 129 2 -0.0012272211 -1.06472838
99 103 112 120 2 -0.0185253005 -2.88883138
69 72 125 160 4 -3.61202074e-05 -4.15345478
100 100 46 53 3 -0.0214246921 -1.13770461
52 52 71 106 3 -0.00486155599 -1.4149152
104 106 35 42 2 -0.0106395613 -3.17764473
117 127 88 99 0 -0.00132056663 -3.27489543
74 75 44 51 2 -0.00145589537 -3.2383368
149 150 163 165 3 -0.131670803 -3.16231203
0 0 0 0 1 -0.295483261 1.7815578
47 47 57 92 3 -0.00242442032 -3.27071691
0 0 0 0 2 -0.402860075 7.44389343
24 25 38 45 2 -0.00023721953 -4.44922018
125 130 65 73 1 -8.85707632e-05 -2.74437642
91 91 72 79 3 -0.120542899 -1.3724525
101 103 148 154 1 -0.00313238683 -3.72588491
64 67 80 87 2 -0.00906754285 -3.46821117
152 152 115 130 3 -0.00284299324 -3.38964868
0 0 0 0 1 -0.267443508 2.5241549
106 106 86 90 3 -0.00244502258 -1.68419862
0 0 0 0 1 -0.14877218 7.09724617
58 61 74 109 3 -0.00234378455 -1.77719378
75 76 121 128 2 -0.0130988434 -1.46205521
35 40 105 109 0 -0.000265942625 -1.88599181
51 57 179 181 1 -0.0172517318 -1.69334459
0 0 0 0 1 -0.030011531 3.51269579
79 83 97 100 3 -0.0145315044 0.6892609
155 159 25 60 3 -0.167930037 -3.89461684
0 0 108 0 3 -0.559037089 1.30151248
56 60 110 125 2 -0.00714475475 -2.84169722
0 0 0 0 4 -0.783702493 7.56721735
50 53 80 87 1 -0.458830953 -0.984994292
93 96 109 116 2 -0.0144074829 -4.45825815
109 111 0 0 2 -1.74085414 2.39556599
121 128 74 109 0 -0.0159039199 -2.66325998
148 151 60 68 2 -0.00210708287 -2.18325949
139 141 159 194 2 -0.0155846719 -1.81159496
28 32 48 63 4 -0.000306470436 -2.70435786
52 57 69 76 0 -0.000375720469 -2.6228199
64 69 82 86 2 -0.00063099002 -1.7116158
87 91 37 72 3 -0.00410151482 -1.27282834
66 66 79 114 3 -0.183859989 -5.04627705
0 0 0 0 3 -0.0654653609 6.41973066
94 95 61 63 2 -0.0077967518 -4.88949442
0 0 0 0 0 -0.274394065 4.75589132
134 140 102 113 1 -0.128397897 -0.436368346
52 52 95 100 2 -0.00544229802 -2.20467663
22 24 31 66 2 -0.0320398211 -4.17299891
73 76 84 87 2 -0.0006373293 -3.93665552
0 0 0 0 1 -0.235832945 2.52119088
90 93 108 143 2 -0.0148343639 -2.11253595
192 192 136 171 4 -0.363205582 -2.45284247
0 0 0 0 2 -0.124555975 2.09271383
56 58 69 76 1 -0.633573413 -0.816099346
0 0 0 0 3 -0.043517869 4.19299746
111 111 56 63 3 -9.73915885e-05 -3.38079429
139 142 52 63 3 -0.00563830137 -1.10259116
104 106 116 124 1 -0.000154252833 -2.79900956
105 109 129 135 1 -1.25169463e-05 -2.70215535
60 62 21 27 1 -0.00012695328 -4.80993319
110 117 56 91 3 -0.00103501137 -4.30099106
0 0 0 0 2 -0.000863897614 5.63557673
181 185 128 163 3 -0.0356380269 0.176131725
35 40 45 60 3 -0.0662725717 -1.61674404
133 135 88 119 3 -0.00401248364 -4.26596022
123 127 26 33 3 -0.0495918915 -1.75708055
0 0 0 0 2 -0.161078587 3.81881547
161 164 50 85 3 -0.00401114067 -3.76625967
0 0 0 0 2 -0.0154184094 4.48396683
197 201 0 0 3 -0.544611156 1.62427497
54 57 67 102 3 -0.00141221972 -5.34294367
189 193 47 56 1 -0.0289746169 -2.92452288
0 0 0 0 2 -0.0129052754 4.31332541
42 46 114 119 3 -0.011882606 -1.82132339
0 0 0 0 2 -0.22101739 4.79743195
79 79 43 48 3 -0.221705943 0.0093228519
85 91 66 75 0 -0.114282764 -4.02526474
54 59 70 101 2 -0.00623760559 -0.210062906
29 33 37 45 0 -0.042091094 -4.95094919
112 116 98 103 3 -0.00297651486 -2.60854006
167 168 150 152 1 -0.0265167002 -2.20004916
0 0 0 0 2 -0.00271110795 2.12755084
41 45 59 82 3 -0.00339948665 -2.9168365
45 47 57 72 1 -0.000145906903 -3.38542652
139 140 75 110 2 -0.0540892109 -3.13129663
80 85 144 153 1 -0.0100677405 -4.88971472
36 43 55 61 0 -0.000561962079 -4.93620396
62 62 75 81 2 -0.00433710869 -1.23915935
87 92 70 73 3 -0.977196574 -2.58469391
93 97 47 55 3 -3.42128114e-05 -4.59539843
37 37 82 93 2 -0.0627579615 -0.62681669
79 85 98 106 3 -0.308178931 0.487274706
154 161 182 189 2 -0.116879024 -4.21438932
62 70 131 166 1 -0.000381444232 -1.75831532
107 114 135 141 0 -0.00636107754 -4.44390821
187 192 49 55 0 -0.000977159478 -4.49369907
115 117 43 50 3 -0.252384305 -2.78027844
105 105 164 171 3 -0.0271327384 -4.22303104
0 0 0 0 2 -0.0360562354 6.69748783
73 78 60 67 1 -0.000250447745 -3.75506043
0 0 0 0 2 -0.0186302774 4.6802516
49 50 0 0 2 -1.03258073 3.00576925
102 105 120 125 1 -6.68755165e-05 -2.99602056
207 209 40 75 0 -0.103860579 -5.02433634
213 215 55 90 1 -1.02952766 -1.49655676
0 0 0 0 3 -0.612366259 7.28002596
93 102 113 148 1 -0.000318737002 -0.579829812
128 136 87 89 0 -0.000439704047 -3.84788966
0 0 0 0 2 -0.0570169948 5.44339275
41 47 101 110 2 -0.0107082482 -1.23519504
78 84 38 42 1 -0.00793270674 -0.0457586348
0 0 50 62 1 -1.19112349 4.09673166
142 146 63 74 1 -0.000809057557 -1.64117098
0 0 0 0 3 -0.0144246565 3.4794538
0 0 0 0 0 -1.46917319 0.810500324
0 0 0 0 2 -0.338537842 6.08032846
44 48 97 132 3 -0.000509431411 -5.43040609
109 109 126 161 2 -0.000262362504 -2.64245796
28 36 99 104 1 -0.0317235701 -2.24754095
71 75 94 129 2 -0.00254334952 -3.7351892
137 142 84 119 4 -0.000226604825 -3.57873845
0 0 0 0 2 -0.0211984571 5.14046335
114 120 148 154 1 -0.0488824546 -4.4599371
95 97 83 85 1 -0.00175382919 -1.54479909
62 68 101 105 1 -0.129650027 -3.31912732
22 25 112 118 2 -0.131892264 -5.77668095
17 23 28 32 1 -0.164209545 -1.00049925
0 0 0 0 2 -0.000503215124 4.12938547
35 36 65 70 2 -0.0907335207 -2.20212078
47 49 67 73 2 -0.00671695406 -1.44194961
77 83 99 107 2 -0.000289055693 -3.84872532
93 98 109 124 0 -0.00303125405 -1.39773893
42 45 53 58 1 -0.00056868 -2.41458774
70 72 84 89 2 -0.542076051 -1.21738362
124 125 145 153 2 -0.00915068388 -1.06953144
81 85 96 131 4 -0.0168845784 -6.49159193
97 98 115 124 2 -0.00106996472 -4.32773066
56 60 117 152 2 -2.27688761e-05 -3.41805434
104 111 85 89 1 -0.00538403215 0.378663659
55 55 19 21 3 -0.00176071818 -3.76772475
0 0 0 0 1 -0.295719147 7.36779499
141 146 62 97 1 -0.00532130385 -3.05783701
0 0 0 0 2 -0.0328646414 2.95676208
162 168 184 191 3 -0.0186032485 -4.3413744
142 149 159 167 0 -0.141244739 -5.52763557
112 115 133 141 3 -4.76833884e-05 -5.36659431
82 126 58 61 4 -0.72399652 -0.957526267
130 133 68 75 2 -0.000281432032 -3.85023451
113 113 32 41 2 -0.0209294204 -1.46128535
108 112 55 90 3 -0.00385086867 -6.24768162
88 94 74 77 0 -0.000797025452 -2.89142156
35 38 53 61 2 -0.0128633203 -0.641341031
28 36 44 79 2 -0.290208876 0.784975588
105 109 125 131 4 -9.96573362e-05 -1.92988539
136 141 44 79 2 -0.000688599306 -4.68321133
57 0 0 0 2 -1.37456214 4.60474539
0 0 0 0 3 -0.0312446598 3.04475546
69 69 101 105 3 -0.000304312882 -3.79874587
47 51 102 137 1 -0.0225350633 -3.85804343
0 0 0 0 2 -0.0391080379 6.47484207
124 127 140 155 4 -0.000232091508 -3.27289128
162 166 47 82 4 -0.000466195837 -4.47164297
107 109 30 35 2 -0.0586946197 -1.29022145
0 0 0 0 3 -0.475307822 3.9055984
118 122 57 62 3 -0.015120347 -1.17013955
49 53 104 127 3 -8.02264112e-05 -5.3032732
104 108 54 89 4 -0.000434132759 -3.02732611
0 0 0 0 1 -0.0704632699 2.99967337
107 111 85 87 0 -0.000984121114 -1.8039825
86 86 98 129 2 -2.28880199e-05 -4.64930916
26 26 34 37 2 -0.193750426 -2.42792392
115 120 74 97 1 -0.21702376 -1.55458164
95 103 111 113 1 -0.0131567558 -4.32691336
184 184 98 105 3 -0.000498862122 -2.94138551
73 73 122 157 2 -0.00728503894 -1.02883625
88 91 53 64 2 -0.000182263408 -2.86594844
120 125 100 103 0 -0.000762465585 -3.00992036
0 0 0 0 3 -0.404369771 4.99543428
81 81 92 96 1 -0.00011944474 -0.685381413
0 0 0 0 2 -9.58410819e-05 5.45948458
66 67 49 56 1 -3.7669859e-05 -3.41707015
94 94 109 144 3 -0.534341574 0.0267719924
114 114 125 132 2 -0.000214088606 -5.12862921
0 0 0 0 1 -0.000412989204 5.97335196
44 48 109 144 3 -0.016102558 -0.31888777
44 48 112 127 3 -0.00272107404 -1.12440777
122 126 97 103 3 -0.000162000477 -3.14310741
84 88 60 71 3 -0.0977935046 -3.55203652
0 0 0 0 4 -0.912623286 7.5726552
95 96 106 141 2 -0.0595376827 -2.53640938
36 42 48 83 1 -0.010469513 -2.79381466
0 0 0 0 2 -0.00887059327 5.33000994
77 82 47 58 2 -0.000504333526 -2.90344119
59 65 116 120 0 -0.00620418275 -4.94387054
91 92 169 176 4 -0.0174727645 -3.31436133
130 135 85 116 1 -0.000378826167 -5.942801
171 175 187 192 2 -0.00159335532 -1.29042339
36 46 50 73 3 -0.994891167 -0.654447436
142 145 54 63 2 -0.000508697703 -6.59754372
32 36 47 82 1 -0.00139031897 -1.87065077
48 52 172 178 4 -6.54453543e-05 -3.48743224
47 51 132 135 2 -0.000172964297 -5.1205039
55 62 112 121 2 -0.000275834609 -2.29709792
104 108 43 50 2 -0.0001517497 -2.23393345
48 0 78 0 2 -1.06519318 2.38354588
88 90 32 67 1 -0.000484649267 -3.29535794
0 0 0 0 4 -0.0190331154 3.12484789
0 0 0 0 2 -0.000330909737 4.59738302
83 85 121 132 2 -0.000383355276 -1.90286446
25 30 93 102 4 -0.00212401478 -2.99238706
99 104 120 155 0 -0.0116855893 -3.32707095
139 149 55 58 0 -0.000238882494 -5.20852089
76 80 164 172 3 -5.38821696e-05 -4.29804754
109 115 172 179 0 -0.0464651324 -2.89219141
101 107 44 50 1 -0.00551787438 -1.83338332
121 127 60 66 2 -9.79877077e-05 -4.44631481
0 0 0 0 1 -0.0204460975 3.38565993
38 44 81 0 1 -0.670433581 0.288178563
109 112 127 134 4 -0.00233493117 -3.21870875
170 175 54 59 0 -0.162405148 -5.64677143
0 0 0 0 3 -0.000598679995 0.160447001
47 47 75 82 3 -0.00217925105 -4.48539686
0 0 0 0 3 -0.79022038 6.92191505
58 59 89 96 3 -0.336180508 -2.8299582
0 0 0 0 3 -0.000986675033 5.24811029
49 54 161 166 1 -0.0121724354 0.495470405
110 113 133 140 3 -0.000343286258 -4.84826803
124 130 47 51 3 -0.00111749291 -2.56836557
122 123 66 70 2 -0.000931856572 -5.10179043
111 117 38 43 1 -0.000416845665 -2.04236126
121 125 137 172 3 -0.00969067588 -4.02794266
0 0 0 0 2 -0.86727643 3.66863132
35 43 55 90 2 -0.000556976069 -2.0715239
89 91 108 131 2 -6.73517861e-05 -5.67703199
95 100 108 113 1 -0.000628250535 -5.64501286
0 0 0 0 4 -0.637714148 7.56863356
0 63 77 0 2 -1.32576156 -0.265842587
137 143 46 49 1 -0.00134477275 -2.10839295
55 56 70 75 2 -0.00727760606 -4.45593309
0 0 0 0 2 -0.0104398839 5.43761969
168 168 39 74 2 -0.000462695374 -3.06810331
42 45 78 85 2 -0.000100014608 -1.82747316
0 0 0 0 2 -0.000615573023 4.80123663
38 39 116 119 2 -0.00257303473 -4.69898129
86 90 41 76 2 -0.00541305542 -2.61099887
127 131 67 69 2 -0.000232329272 -3.65930605
48 52 76 111 4 -6.52060116e-05 -4.87595463
85 93 110 121 0 -0.0288267732 -3.37306499
106 106 48 51 2 -0.000123017948 -4.62334299
130 130 40 71 3 -0.00205610087 -2.42955971
144 146 55 86 1 -0.000215991691 -4.18548965
0 0 0 0 3 -0.437410861 6.58261919
58 64 40 43 1 -0.000379753299 -4.55486298
137 140 51 57 4 -0.000171295644 -4.23086262
74 76 34 57 2 -0.000768431928 -2.33998322
0 0 0 0 2 -0.00443142932 1.9803896
51 57 87 118 1 -0.00160545204 -2.50754309
0 0 0 0 2 -2.96829658e-05 4.97224855
48 48 55 59 3 -0.000876560749 -3.12815976
106 111 48 53 2 -1.26361638e-05 -3.12554884
135 142 89 124 0 -0.000508218131 -3.39240718
63 66 104 139 2 -0.000518501562 -1.02335596
100 102 118 126 2 -0.0916847438 -2.65920448
64 67 44 52 2 -7.05712009e-05 -4.10476542
156 156 63 67 3 -0.000196688721 -2.24524117
62 63 141 176 3 -0.000287276926 -0.863481581
134 138 153 160 3 -0.0137777925 -1.39275217
81 86 30 65 2 -0.000775252644 -4.68320799
67 69 103 218 3 -0.533305407 -3.10812545
120 120 47 50 3 -0.00104389573 -3.16159081
0 0 0 0 2 -0.0256300159 3.82280993
122 123 70 105 2 -0.00873216055 -2.27833605
47 51 55 72 3 -1.20449102 -2.81708145
0 0 0 0 2 -0.0770201758 6.14416647
47 54 68 74 2 -0.000157708477 -2.55893326
136 138 70 75 1 -0.000624441484 -3.42858362
116 116 66 101 4 -0.00138456339 -4.09680462
0 0 0 0 2 -0.157369614 5.11022615
52 55 99 106 4 -0.00828072149 -2.32635641
40 40 103 138 3 -0.00189006736 -3.25011063
52 53 96 101 3 -0.327923 -0.823907495
12 15 20 35 0 -0.38777256 -0.526242375
46 55 60 67 1 -0.00321790692 -3.70610213
68 68 45 51 2 -0.000262608693 -3.4489522
43 48 65 72 1 -0.000214915228 -4.83665705
137 144 48 59 0 -0.000977931544 -4.27186012
0 0 0 0 0 -0.0120577049 5.81482697
35 38 20 24 0 -0.000356651115 -3.93353224
100 105 26 61 1 -0.00311467214 -5.0584445
115 120 134 142 3 -0.0384271517 -0.449816644
129 129 110 116 3 -9.05976121e-05 -3.11387348
108 112 50 85 4 -0.082907699 -0.773963153
121 124 59 94 1 -0.000141612589 -6.16983032
151 151 105 140 3 -6.6518136e-05 -3.99614453
106 110 124 130 1 -0.000256638508 -3.33030105
110 110 48 57 3 -0.00443851808 -3.22378898
0 0 0 0 1 -0.00464513293 3.88993049
77 84 42 49 0 -0.368501753 -4.53011942
68 69 107 138 2 -0.000699708296 -4.70206404
94 97 114 121 1 -0.0118384287 -1.56011748
138 138 70 101 3 -0.282417148 -1.31667364
56 57 71 75 4 -0.168738112 -0.285865277
195 197 84 119 2 -0.00349256792 -3.32765388
66 66 40 45 3 -0.0033172844 -2.64900637
0 0 0 0 1 -0.0606362186 6.3621006
64 70 157 172 2 -0.000682512647 -1.85288
100 108 82 89 0 -6.86638741e-05 -3.230546
142 144 95 130 3 -0.293939412 -0.575570941
113 113 152 159 2 -0.000504074735 -3.11921644
46 52 61 68 0 -0.00175805669 -0.860540152
0 0 0 0 2 -0.00682101632 7.4115634
0 162 92 0 2 -0.697188616 0.924468219
83 0 0 152 1 -0.901767612 2.31126165
0 0 0 0 3 -0.00269279117 3.94537377
138 143 34 69 4 -0.00995300151 -3.37608266
30 34 107 112 0 -0.0145912226 -3.05284595
0 0 0 0 3 -0.0220512711 5.93956184
107 107 58 61 2 -0.969413996 -3.48389173
110 116 138 145 1 -0.236368343 0.366959035
34 35 43 74 3 -0.0458152555 -0.420934975
50 50 64 66 3 -0.00271713058 -2.60065174
103 106 122 129 4 -0.950859904 2.20537615
55 61 153 188 0 -0.00273052347 -3.66490269
0 0 0 0 2 -0.00455337344 6.40998888
0 0 0 0 2 -0.54029125 7.3754282
92 98 109 116 1 -0.000295381265 -4.43472719
103 111 120 151 2 -0.0273466948 -5.10038948
74 78 49 56 4 -0.000351514551 -3.5083952
86 92 44 53 4 -0.0426509157 -4.92430782
88 90 98 101 2 -0.00028191146 -2.97924399
52 57 66 68 3 -0.04434276 -1.71964645
96 104 145 160 1 -4.02925398e-05 -4.67725134
0 0 0 0 1 -0.774715483 7.49521828
100 106 23 58 1 -0.00777415093 0.444635212
0 0 0 59 1 -1.15153658 3.39869475
52 58 152 187 2 -0.017683167 -3.80381393
37 37 51 54 2 -0.000680483063 -2.17854857
106 111 61 68 2 -0.000206102864 -3.35055065
117 120 128 151 2 -0.000312900782 -5.46891165
130 133 40 47 2 -0.126252234 -1.58564281
85 89 95 100 3 -0.233850077 0.223484993
57 62 111 113 1 -0.00135021273 -3.18728852
89 93 124 127 0 -0.0016966816 -1.77164054
43 49 126 157 0 -0.0171570629 -4.82569647
77 82 39 46 3 -0.00100136444 -4.63276148
123 131 68 103 2 -0.000109908629 -4.20449877
139 145 51 57 2 -0.00730766496 -2.20530796
0 0 0 0 0 -0.00386657822 4.71469784
101 105 122 126 2 -0.0685757548 -5.04811239
0 0 64 0 0 -1.99358761 1.48528099
